Accession,Title,Technology,Taxonomy,Data Rows,Samples Count,Series Count,Contact,Release Date
GPL5338,"University of Pennsylvania/Nathanson Lab_HomoSapiens_ChromosomeRegion_Virtual","other","Homo sapiens",5795,21,1,"Carmen Elisa Oquendo","Aug 01, 2007"
GPL5376,"UNMC_Homo sapiens_10K_chipB","spotted oligonucleotide","Homo sapiens",10092,11,1,"Javeed Iqbal","Aug 01, 2007"
GPL5377,"UNMC_Homo Sapiens_10K_chipA","spotted oligonucleotide","Homo sapiens",10092,11,1,"Javeed Iqbal","Aug 01, 2007"
GPL5685,"DKFZ Homo sapiens array-CGH 6k BAC array","spotted DNA/cDNA","Homo sapiens",6150,90,2,"Stefan M Pfister","Aug 01, 2007"
GPL3768,"DKFZ CpG Island Chip","spotted DNA/cDNA","Homo sapiens",33495,22,1,"Stefan M Pfister","Jul 31, 2007"
GPL4044,"CodeLink UniSet Human 20K I Bioarray","spotted oligonucleotide","Homo sapiens",20469,484,8,"Terumi Kohwi-shigematsu","Jul 31, 2007"
GPL4387,"UHNMAC Homo sapiens 19K Hu19Kv8","spotted DNA/cDNA","Homo sapiens",19200,70,1,"Mark J Cameron","Jul 31, 2007"
GPL5677,"HumanHap300-2 v2.0 Genotyping BeadChip","oligonucleotide beads","Homo sapiens",317503,10,3,"GEO admin","Jul 31, 2007"
GPL5121,"DKFZ/Operon Human 11K Oligo Set v2.1","spotted oligonucleotide","Homo sapiens",11071,12,1,"Hendrik Reuter","Jul 29, 2007"
GPL5672,"UPenn Homo sapiens 6K BAC array (1MB interval spacing)","spotted DNA/cDNA","Homo sapiens",5805,42,3,"Mitchell Guttman","Jul 27, 2007"
GPL5645,"CNIO Human Oncochip 2.0","spotted DNA/cDNA","Homo sapiens",27648,89,2,"Barbara Angulo","Jul 25, 2007"
GPL5620,"SHGS","spotted DNA/cDNA","Homo sapiens",41472,44,5,"Stanford Microarray Database (SMD)","Jul 19, 2007"
GPL5624,"SAGE:21:NlaIII:Homo sapiens","SAGE NlaIII","Homo sapiens",0,1,1,"GEO","Jul 19, 2007"
GPL5572,"SMChum8400A cDNA Array","spotted DNA/cDNA","Homo sapiens",8464,8,1,"Alejandro Lomniczi","Jul 17, 2007"
GPL3999,"SHFM","spotted DNA/cDNA","Homo sapiens",41472,54,1,"Dejan Juric","Jul 14, 2007"
GPL5345,"SWEGENE H_v2.1.1 55K","spotted oligonucleotide","Homo sapiens",55488,680,5,"Johan Staaf","Jul 14, 2007"
GPL5131,"AECOM Melnick Nimblegen 12 plex array","in situ oligonucleotide","Homo sapiens",13075,6,1,"Ari Melnick","Jul 07, 2007"
GPL5437,"ConPath Chip 4600","spotted oligonucleotide","Homo sapiens",4634,0,0,"DNA Chip Research Inc.","Jul 06, 2007"
GPL5444,"Operon Human V2; print layout 1","spotted oligonucleotide","Homo sapiens",26880,50,2,"Geoffrey M Cooper","Jul 03, 2007"
GPL5445,"Operon Human V2; print layout 2","spotted oligonucleotide","Homo sapiens",23232,10,1,"Geoffrey M Cooper","Jul 03, 2007"
GPL4074,"NHGRI Homo sapiens 29k cDNA Agilent","spotted DNA/cDNA","Homo sapiens",29568,21,1,"Sean Davis","Jul 01, 2007"
GPL4274,"NHICU Human 19K v1.0","spotted oligonucleotide","Homo sapiens",18664,166,2,"Benjamin Man Piu Tang","Jul 01, 2007"
GPL5150,"UDMP Homo sapiens MitoArray 6k v1","spotted oligonucleotide","Homo sapiens",1824,22,1,"Viktor Stranecky","Jul 01, 2007"
GPL3973,"Homo sapiens CCC-HBL5000-Chip 8.7k array","spotted DNA/cDNA","Homo sapiens",8664,0,0,"Akira Nakagawara","Jun 30, 2007"
GPL3941,"SHEA","spotted DNA/cDNA","Homo sapiens",43104,21,4,"Karine Clement","Jun 28, 2007"
GPL3942,"SHED","spotted DNA/cDNA","Homo sapiens",43104,21,4,"Karine Clement","Jun 28, 2007"
GPL5447,"LC-44","spotted DNA/cDNA","Homo sapiens",37632,65,1,"Kate Rubins","Jun 28, 2007"
GPL5090,"DFCI_HUMAN_2005-04-25_HG17_50mer","in situ oligonucleotide","Homo sapiens",385149,3,1,"Arjun Kumar Manrai","Jun 26, 2007"
GPL4925,"Whole Human Oligo Microarray_let-7b transfection of WERI","in situ oligonucleotide","Homo sapiens",41675,2,1,"Tomas Babak","Jun 23, 2007"
GPL5352,"Van Andel Research Instittue - cDNA Human B chip","spotted DNA/cDNA","Homo sapiens",19872,9,1,"Karl Dykema","Jun 23, 2007"
GPL3736,"IGIB Hs19Kv8","spotted DNA/cDNA","Homo sapiens",19200,12,2,"Anjali Verma","Jun 20, 2007"
GPL4867,"Miltenyi Biotec miRNA microarray (716)","spotted oligonucleotide","Homo sapiens;Mus musculus;Rattus norvegicus",885,6,1,"Frank Huebel","Jun 17, 2007"
GPL5164,"VUMC MACF human 30K oligo v60","spotted oligonucleotide","Homo sapiens",29999,1,1,"Daoud Sie","Jun 16, 2007"
GPL5391,"Adelaide Microarray Facility CompuGen Human 19K Oligo Library","spotted oligonucleotide","Homo sapiens",20000,63,2,"Blair Hopwood","Jun 16, 2007"
GPL4060,"MDL human 3k oligo array","spotted oligonucleotide","Homo sapiens",3072,808,1,"Lars Dyrskjot","Jun 15, 2007"
GPL5215,"INSERM Homo sapiens 14K array Liverpool3","spotted DNA/cDNA","Homo sapiens",13824,287,5,"Jean Philippe SALIER","Jun 15, 2007"
GPL4866,"Affymetrix GeneChip Human Genome U133 Plus 2.0 Array [MBNI v6 Entrez Gene ID CDF]","in situ oligonucleotide","Homo sapiens",17232,89,3,"Karl Dykema","Jun 12, 2007"
GPL5354,"GMRCL Human 15K","spotted DNA/cDNA","Homo sapiens",23232,107,1,"Yun-Shien Lee","Jun 09, 2007"
GPL5366,"ConPath Chip","spotted oligonucleotide","Homo sapiens",4624,4,1,"DNA Chip Research Inc.","Jun 08, 2007"
GPL5356,"Affymetrix GeneChip Human Genome U133A 2.0 Array [CDF: Hs133Av2_Hs_REFSEQ_8]","in situ oligonucleotide","Homo sapiens",17635,62,2,"Monika Ray","Jun 06, 2007"
GPL4747,"YN Human 36K (sets1-8)","spotted DNA/cDNA","Homo sapiens",36864,61,4,"Hidewaki Nakaagwa","Jun 01, 2007"
GPL5060,"HumanRef-8 v2 Expression BeadChip","oligonucleotide beads","Homo sapiens",20589,23,3,"GEO admin","Jun 01, 2007"
GPL4666,"PIQOR (TM) Stem Cell, human AS (688)","spotted DNA/cDNA","Homo sapiens",948,23,2,"Sebastian Knoebel","May 31, 2007"
GPL5162,"GMRCL Human 7K","spotted DNA/cDNA","Homo sapiens",15488,4,1,"Yun-Shien Lee","May 29, 2007"
GPL5234,"AFFY Human Phase3 v1.0 - C01","in situ oligonucleotide","Homo sapiens",3161260,14,1,"Thomas R Gingeras","May 25, 2007"
GPL5235,"AFFY Human Phase3 v1.0 - C02","in situ oligonucleotide","Homo sapiens",4053015,14,1,"Thomas R Gingeras","May 25, 2007"
GPL5236,"AFFY Human Phase3 v1.0 - C03","in situ oligonucleotide","Homo sapiens",3223204,14,1,"Thomas R Gingeras","May 25, 2007"
GPL5237,"AFFY Human Phase3 v1.0 - C04","in situ oligonucleotide","Homo sapiens",2951193,14,1,"Thomas R Gingeras","May 25, 2007"
GPL5238,"AFFY Human Phase3 v1.0 - C05","in situ oligonucleotide","Homo sapiens",3469626,14,1,"Thomas R Gingeras","May 25, 2007"
GPL5239,"AFFY Human Phase3 v1.0 - C06","in situ oligonucleotide","Homo sapiens",3052792,14,1,"Thomas R Gingeras","May 25, 2007"
GPL5240,"AFFY Human Phase3 v1.0 - C07","in situ oligonucleotide","Homo sapiens",3203753,14,1,"Thomas R Gingeras","May 25, 2007"
GPL5241,"AFFY Human Phase3 v1.0 - C08","in situ oligonucleotide","Homo sapiens",2885710,14,1,"Thomas R Gingeras","May 25, 2007"
GPL5242,"AFFY Human Phase3 v1.0 - C09","in situ oligonucleotide","Homo sapiens",3207694,14,1,"Thomas R Gingeras","May 25, 2007"
GPL5243,"AFFY Human Phase3 v1.0 - C10","in situ oligonucleotide","Homo sapiens",2952347,14,1,"Thomas R Gingeras","May 25, 2007"
GPL5244,"AFFY Human Phase3 v1.0 - C11","in situ oligonucleotide","Homo sapiens",2955148,14,1,"Thomas R Gingeras","May 25, 2007"
GPL5245,"AFFY Human Phase3 v1.0 - C12","in situ oligonucleotide","Homo sapiens",2844092,14,1,"Thomas R Gingeras","May 25, 2007"
GPL5246,"AFFY Human Phase3 v1.0 - C13","in situ oligonucleotide","Homo sapiens",4240896,14,1,"Thomas R Gingeras","May 25, 2007"
GPL5247,"AFFY Human Phase3 v1.0 - C14","in situ oligonucleotide","Homo sapiens",3008325,14,1,"Thomas R Gingeras","May 25, 2007"
GPL5248,"AFFY Human Phase3 v1.0 - C15","in situ oligonucleotide","Homo sapiens",3694897,14,1,"Thomas R Gingeras","May 25, 2007"
GPL5249,"AFFY Human Phase3 v1.0 - C16","in situ oligonucleotide","Homo sapiens",4422670,14,1,"Thomas R Gingeras","May 25, 2007"
GPL5250,"AFFY Human Phase3 v1.0 - C17","in situ oligonucleotide","Homo sapiens",4120959,14,1,"Thomas R Gingeras","May 25, 2007"
GPL5251,"AFFY Human Phase3 v1.0 - C18","in situ oligonucleotide","Homo sapiens",3546698,14,1,"Thomas R Gingeras","May 25, 2007"
GPL5252,"AFFY Human Phase3 v1.0 - C19","in situ oligonucleotide","Homo sapiens",3572706,14,1,"Thomas R Gingeras","May 25, 2007"
GPL5253,"AFFY Human Phase3 v1.0 - C20","in situ oligonucleotide","Homo sapiens",3167464,14,1,"Thomas R Gingeras","May 25, 2007"
GPL5254,"AFFY Human Phase3 v1.0 - C21","in situ oligonucleotide","Homo sapiens",3529698,14,1,"Thomas R Gingeras","May 25, 2007"
GPL5255,"AFFY Human Phase3 v1.0 - C22","in situ oligonucleotide","Homo sapiens",2943168,14,1,"Thomas R Gingeras","May 25, 2007"
GPL5256,"AFFY Human Phase3 v1.0 - C23","in situ oligonucleotide","Homo sapiens",3679653,14,1,"Thomas R Gingeras","May 25, 2007"
GPL5257,"AFFY Human Phase3 v1.0 - C24","in situ oligonucleotide","Homo sapiens",3046568,14,1,"Thomas R Gingeras","May 25, 2007"
GPL5258,"AFFY Human Phase3 v1.0 - C25","in situ oligonucleotide","Homo sapiens",2767912,14,1,"Thomas R Gingeras","May 25, 2007"
GPL5259,"AFFY Human Phase3 v1.0 - C26","in situ oligonucleotide","Homo sapiens",2891363,14,1,"Thomas R Gingeras","May 25, 2007"
GPL5260,"AFFY Human Phase3 v1.0 - C27","in situ oligonucleotide","Homo sapiens",3855826,14,1,"Thomas R Gingeras","May 25, 2007"
GPL5261,"AFFY Human Phase3 v1.0 - C28","in situ oligonucleotide","Homo sapiens",2870875,14,1,"Thomas R Gingeras","May 25, 2007"
GPL5262,"AFFY Human Phase3 v1.0 - C29","in situ oligonucleotide","Homo sapiens",2953606,14,1,"Thomas R Gingeras","May 25, 2007"
GPL5263,"AFFY Human Phase3 v1.0 - C30","in situ oligonucleotide","Homo sapiens",3419810,14,1,"Thomas R Gingeras","May 25, 2007"
GPL5264,"AFFY Human Phase3 v1.0 - C31","in situ oligonucleotide","Homo sapiens",3538846,14,1,"Thomas R Gingeras","May 25, 2007"
GPL5265,"AFFY Human Phase3 v1.0 - C32","in situ oligonucleotide","Homo sapiens",2933940,14,1,"Thomas R Gingeras","May 25, 2007"
GPL5266,"AFFY Human Phase3 v1.0 - C33","in situ oligonucleotide","Homo sapiens",2966376,14,1,"Thomas R Gingeras","May 25, 2007"
GPL5267,"AFFY Human Phase3 v1.0 - C34","in situ oligonucleotide","Homo sapiens",4320474,14,1,"Thomas R Gingeras","May 25, 2007"
GPL5268,"AFFY Human Phase3 v1.0 - C35","in situ oligonucleotide","Homo sapiens",3391105,14,1,"Thomas R Gingeras","May 25, 2007"
GPL5269,"AFFY Human Phase3 v1.0 - C36","in situ oligonucleotide","Homo sapiens",2966266,14,1,"Thomas R Gingeras","May 25, 2007"
GPL5270,"AFFY Human Phase3 v1.0 - C37","in situ oligonucleotide","Homo sapiens",2947383,14,1,"Thomas R Gingeras","May 25, 2007"
GPL5271,"AFFY Human Phase3 v1.0 - C38","in situ oligonucleotide","Homo sapiens",3078854,14,1,"Thomas R Gingeras","May 25, 2007"
GPL5272,"AFFY Human Phase3 v1.0 - C39","in situ oligonucleotide","Homo sapiens",3016006,14,1,"Thomas R Gingeras","May 25, 2007"
GPL5273,"AFFY Human Phase3 v1.0 - C40","in situ oligonucleotide","Homo sapiens",2944356,14,1,"Thomas R Gingeras","May 25, 2007"
GPL5274,"AFFY Human Phase3 v1.0 - C41","in situ oligonucleotide","Homo sapiens",3030992,14,1,"Thomas R Gingeras","May 25, 2007"
GPL5275,"AFFY Human Phase3 v1.0 - C42","in situ oligonucleotide","Homo sapiens",3025971,14,1,"Thomas R Gingeras","May 25, 2007"
GPL5276,"AFFY Human Phase3 v1.0 - C43","in situ oligonucleotide","Homo sapiens",2965191,14,1,"Thomas R Gingeras","May 25, 2007"
GPL5277,"AFFY Human Phase3 v1.0 - C44","in situ oligonucleotide","Homo sapiens",2933603,14,1,"Thomas R Gingeras","May 25, 2007"
GPL5278,"AFFY Human Phase3 v1.0 - C45","in situ oligonucleotide","Homo sapiens",3631683,14,1,"Thomas R Gingeras","May 25, 2007"
GPL5279,"AFFY Human Phase3 v1.0 - C46","in situ oligonucleotide","Homo sapiens",2951415,14,1,"Thomas R Gingeras","May 25, 2007"
GPL5280,"AFFY Human Phase3 v1.0 - C47","in situ oligonucleotide","Homo sapiens",2977677,14,1,"Thomas R Gingeras","May 25, 2007"
GPL5281,"AFFY Human Phase3 v1.0 - C48","in situ oligonucleotide","Homo sapiens",3055678,14,1,"Thomas R Gingeras","May 25, 2007"
GPL5282,"AFFY Human Phase3 v1.0 - C49","in situ oligonucleotide","Homo sapiens",3025867,14,1,"Thomas R Gingeras","May 25, 2007"
GPL5283,"AFFY Human Phase3 v1.0 - C50","in situ oligonucleotide","Homo sapiens",2961291,14,1,"Thomas R Gingeras","May 25, 2007"
GPL5284,"AFFY Human Phase3 v1.0 - C51","in situ oligonucleotide","Homo sapiens",3878895,14,1,"Thomas R Gingeras","May 25, 2007"
GPL5285,"AFFY Human Phase3 v1.0 - C52","in situ oligonucleotide","Homo sapiens",3035220,14,1,"Thomas R Gingeras","May 25, 2007"
GPL5286,"AFFY Human Phase3 v1.0 - C53","in situ oligonucleotide","Homo sapiens",3506325,14,1,"Thomas R Gingeras","May 25, 2007"
GPL5287,"AFFY Human Phase3 v1.0 - C54","in situ oligonucleotide","Homo sapiens",2990781,14,1,"Thomas R Gingeras","May 25, 2007"
GPL5288,"AFFY Human Phase3 v1.0 - C55","in situ oligonucleotide","Homo sapiens",2901445,14,1,"Thomas R Gingeras","May 25, 2007"
GPL5289,"AFFY Human Phase3 v1.0 - C56","in situ oligonucleotide","Homo sapiens",3653407,14,1,"Thomas R Gingeras","May 25, 2007"
GPL5290,"AFFY Human Phase3 v1.0 - C57","in situ oligonucleotide","Homo sapiens",3943778,14,1,"Thomas R Gingeras","May 25, 2007"
GPL5291,"AFFY Human Phase3 v1.0 - C58","in situ oligonucleotide","Homo sapiens",2947416,14,1,"Thomas R Gingeras","May 25, 2007"
GPL5292,"AFFY Human Phase3 v1.0 - C59","in situ oligonucleotide","Homo sapiens",2953897,14,1,"Thomas R Gingeras","May 25, 2007"
GPL5293,"AFFY Human Phase3 v1.0 - C60","in situ oligonucleotide","Homo sapiens",2864115,14,1,"Thomas R Gingeras","May 25, 2007"
GPL5294,"AFFY Human Phase3 v1.0 - C61","in situ oligonucleotide","Homo sapiens",3233611,14,1,"Thomas R Gingeras","May 25, 2007"
GPL5295,"AFFY Human Phase3 v1.0 - C62","in situ oligonucleotide","Homo sapiens",4919563,14,1,"Thomas R Gingeras","May 25, 2007"
GPL5296,"AFFY Human Phase3 v1.0 - C63","in situ oligonucleotide","Homo sapiens",3075354,14,1,"Thomas R Gingeras","May 25, 2007"
GPL5297,"AFFY Human Phase3 v1.0 - C64","in situ oligonucleotide","Homo sapiens",2882529,14,1,"Thomas R Gingeras","May 25, 2007"
GPL5298,"AFFY Human Phase3 v1.0 - C65","in situ oligonucleotide","Homo sapiens",1363487,14,1,"Thomas R Gingeras","May 25, 2007"
GPL5299,"AFFY Human Phase3 v1.0 - C66","in situ oligonucleotide","Homo sapiens",3189112,14,1,"Thomas R Gingeras","May 25, 2007"
GPL5300,"AFFY Human Phase3 v1.0 - C67","in situ oligonucleotide","Homo sapiens",1177329,14,1,"Thomas R Gingeras","May 25, 2007"
GPL5301,"AFFY Human Phase3 v1.0 - C68","in situ oligonucleotide","Homo sapiens",2904475,14,1,"Thomas R Gingeras","May 25, 2007"
GPL5302,"AFFY Human Phase3 v1.0 - C69","in situ oligonucleotide","Homo sapiens",2893529,14,1,"Thomas R Gingeras","May 25, 2007"
GPL5303,"AFFY Human Phase3 v1.0 - C70","in situ oligonucleotide","Homo sapiens",2956576,14,1,"Thomas R Gingeras","May 25, 2007"
GPL5304,"AFFY Human Phase3 v1.0 - C71","in situ oligonucleotide","Homo sapiens",3469894,14,1,"Thomas R Gingeras","May 25, 2007"
GPL5305,"AFFY Human Phase3 v1.0 - C72","in situ oligonucleotide","Homo sapiens",3160465,14,1,"Thomas R Gingeras","May 25, 2007"
GPL5306,"AFFY Human Phase3 v1.0 - C73","in situ oligonucleotide","Homo sapiens",3959283,14,1,"Thomas R Gingeras","May 25, 2007"
GPL5307,"AFFY Human Phase3 v1.0 - C74","in situ oligonucleotide","Homo sapiens",3099064,14,1,"Thomas R Gingeras","May 25, 2007"
GPL5308,"AFFY Human Phase3 v1.0 - C75","in situ oligonucleotide","Homo sapiens",3178875,14,1,"Thomas R Gingeras","May 25, 2007"
GPL5309,"AFFY Human Phase3 v1.0 - C76","in situ oligonucleotide","Homo sapiens",3253740,14,1,"Thomas R Gingeras","May 25, 2007"
GPL5310,"AFFY Human Phase3 v1.0 - C77","in situ oligonucleotide","Homo sapiens",2978359,14,1,"Thomas R Gingeras","May 25, 2007"
GPL5311,"AFFY Human Phase3 v1.0 - C78","in situ oligonucleotide","Homo sapiens",2947684,14,1,"Thomas R Gingeras","May 25, 2007"
GPL5312,"AFFY Human Phase3 v1.0 - C79","in situ oligonucleotide","Homo sapiens",3649568,14,1,"Thomas R Gingeras","May 25, 2007"
GPL5313,"AFFY Human Phase3 v1.0 - C80","in situ oligonucleotide","Homo sapiens",2908801,14,1,"Thomas R Gingeras","May 25, 2007"
GPL5314,"AFFY Human Phase3 v1.0 - C81","in situ oligonucleotide","Homo sapiens",3390098,14,1,"Thomas R Gingeras","May 25, 2007"
GPL5315,"AFFY Human Phase3 v1.0 - C82","in situ oligonucleotide","Homo sapiens",3674640,14,1,"Thomas R Gingeras","May 25, 2007"
GPL5316,"AFFY Human Phase3 v1.0 - C83","in situ oligonucleotide","Homo sapiens",3191550,14,1,"Thomas R Gingeras","May 25, 2007"
GPL5317,"AFFY Human Phase3 v1.0 - C84","in situ oligonucleotide","Homo sapiens",2952049,14,1,"Thomas R Gingeras","May 25, 2007"
GPL5318,"AFFY Human Phase3 v1.0 - C85","in situ oligonucleotide","Homo sapiens",3318218,14,1,"Thomas R Gingeras","May 25, 2007"
GPL5319,"AFFY Human Phase3 v1.0 - C86","in situ oligonucleotide","Homo sapiens",3656493,14,1,"Thomas R Gingeras","May 25, 2007"
GPL5320,"AFFY Human Phase3 v1.0 - C87","in situ oligonucleotide","Homo sapiens",3329019,14,1,"Thomas R Gingeras","May 25, 2007"
GPL5321,"AFFY Human Phase3 v1.0 - C88","in situ oligonucleotide","Homo sapiens",3068995,14,1,"Thomas R Gingeras","May 25, 2007"
GPL5322,"AFFY Human Phase3 v1.0 - C89","in situ oligonucleotide","Homo sapiens",3123925,14,1,"Thomas R Gingeras","May 25, 2007"
GPL5323,"AFFY Human Phase3 v1.0 - C90","in situ oligonucleotide","Homo sapiens",3241033,14,1,"Thomas R Gingeras","May 25, 2007"
GPL5324,"AFFY Human Phase3 v1.0 - C91","in situ oligonucleotide","Homo sapiens",2986089,14,1,"Thomas R Gingeras","May 25, 2007"
GPL5186,"SWEGENE H_v3.0.1 35K","spotted oligonucleotide","Homo sapiens",36288,148,3,"Johan Staaf","May 24, 2007"
GPL5217,"LeBeau Human 91k v1.0","in situ oligonucleotide","Homo sapiens",90996,4,1,"Isabelle A Lucas","May 24, 2007"
GPL5216,"Buck Institute_Homo sapiens_25K_verC","spotted DNA/cDNA","Homo sapiens",13450,12,1,"Adeel Safdar","May 23, 2007"
GPL5114,"MPIMG Homo sapiens 36k_arrayCGH8","spotted DNA/cDNA","Homo sapiens",41760,179,13,"Reinhard Ullmann","May 22, 2007"
GPL5175,"[HuEx-1_0-st] Affymetrix Human Exon 1.0 ST Array [transcript (gene) version]","in situ oligonucleotide","Homo sapiens",316919,21436,458,"Affymetrix, Inc.","May 21, 2007"
GPL5188,"[HuEx-1_0-st] Affymetrix Human Exon 1.0 ST Array [probe set (exon) version]","in situ oligonucleotide","Homo sapiens",1432155,9950,217,"Affymetrix, Inc.","May 21, 2007"
GPL5163,"CAG Human 20k array v1.0 with Alien Controls","spotted oligonucleotide","Homo sapiens",20160,10,1,"Virginie Marie Aris","May 19, 2007"
GPL5166,"Genotypic/UHN Human ss-H19K8 cDNA Array","spotted DNA/cDNA","Homo sapiens",19200,9,2,"madavan vasudevan","May 18, 2007"
GPL3762,"AGRS Human 19.2k Array","spotted DNA/cDNA","Homo sapiens",19200,12,1,"Maria Schache","May 14, 2007"
GPL4700,"OSU-CCC MicroRNA Microarray Version 2.0","spotted oligonucleotide","Homo sapiens;Mus musculus",11520,709,3,"Xin Wei Wang","May 14, 2007"
GPL4229,"NGEL miRMAX microRNA Oligo Microarray","spotted oligonucleotide","Caenorhabditis elegans;Drosophila melanogaster;Homo sapiens;Mus musculus;Rattus norvegicus",920,0,0,"Rajesh C Miranda","May 11, 2007"
GPL5139,"Nimblegen Homo sapiens promoter array hg17","spotted oligonucleotide","Homo sapiens",359309,6,1,"Jesper T Troelsen","May 07, 2007"
GPL5148,"Agilent-014329 Prototype Human CpG Island ChIP-on-Chip Microarray 185K","in situ oligonucleotide","Homo sapiens",184672,4,1,"Agilent Technologies","May 07, 2007"
GPL5134,"VIB Crohn 7k version 2","spotted DNA/cDNA","Homo sapiens",6802,84,1,"Rekin's Janky","May 03, 2007"
GPL4216,"Aviva-6khu-promoter","spotted DNA/cDNA","Homo sapiens",6144,3,1,"Jindan Yu","May 01, 2007"
GPL3733,"HMC Human 29k Array","spotted oligonucleotide","Homo sapiens",28931,60,1,"Mads Thomassen","Apr 30, 2007"
GPL5120,"University of Pennsylvania/Nathanson Lab_HomoSapiens_3315 unique BACS_FGA100101","spotted DNA/cDNA","Homo sapiens",3315,0,0,"Carmen Elisa Oquendo","Apr 27, 2007"
GPL5000,"MPIMG Homo sapiens 44K ArrayCGH4","spotted DNA/cDNA","Homo sapiens",44640,288,7,"Fikret Erdogan","Apr 23, 2007"
GPL5111,"University of Pennsylvania/Nathanson Lab_HomoSapiens_4575 unique BACS_FGA042003","spotted DNA/cDNA","Homo sapiens",4575,0,0,"Carmen Elisa Oquendo","Apr 21, 2007"
GPL4879,"Human miRNA 2k custom array","in situ oligonucleotide","Homo sapiens",2203,6,1,"Tomas Babak","Apr 20, 2007"
GPL5105,"FilgenArray miRNA384","spotted oligonucleotide","Homo sapiens;Mus musculus;Rattus norvegicus",378,4,3,"Manabu Harada","Apr 20, 2007"
GPL5106,"mirVANA miRNA Bioarray V2","spotted oligonucleotide","Homo sapiens;Mus musculus;Rattus norvegicus",662,576,14,"Manabu Harada","Apr 20, 2007"
GPL5107,"FilgenArray Human35k","spotted oligonucleotide","Homo sapiens",34592,0,0,"Manabu Harada","Apr 20, 2007"
GPL5108,"University of Pennsylvania/Nathanson Lab_HomoSapiens_5215 unique BACS_FGA011806","spotted DNA/cDNA","Homo sapiens",5215,0,0,"Carmen Elisa Oquendo","Apr 20, 2007"
GPL5109,"University of Pennsylvania/Nathanson Lab_HomoSapiens_5217 unique BACS_FGA061005","spotted DNA/cDNA","Homo sapiens",5217,0,0,"Carmen Elisa Oquendo","Apr 20, 2007"
GPL5110,"University of Pennsylvania/Nathanson Lab_HomoSapiens_4798 unique BACS_FGA72904","spotted DNA/cDNA","Homo sapiens",4798,0,0,"Carmen Elisa Oquendo","Apr 20, 2007"
GPL5102,"Operon Homo sapiens 21K (Hs Operon Vw)","spotted oligonucleotide","Homo sapiens",21348,3,1,"Yuanyuan Xiao","Apr 19, 2007"
GPL5088,"Wistar Human HA0503 Array","spotted DNA/cDNA","Homo sapiens",9600,0,0,"Louise C Showe","Apr 17, 2007"
GPL3879,"miRNA expression in Human Uterine Leiomyomata","spotted oligonucleotide","Homo sapiens",720,51,1,"Tongsheng Wang","Apr 15, 2007"
GPL4790,"NMC Human 35k oligo array v2.1","spotted oligonucleotide","Homo sapiens",36288,43,3,"Ruth Hracky Paulssen","Apr 13, 2007"
GPL5082,"[Hs_PromPR] Affymetrix Human Promoter 1.0R Array","in situ oligonucleotide","Homo sapiens",0,1078,88,"Affymetrix, Inc.","Apr 13, 2007"
GPL5049,"MLRG Human 21K V12.0","spotted oligonucleotide","Homo sapiens",22656,155,1,"Laurent Journot","Apr 10, 2007"
GPL4997,"Human X-cDNA Array","spotted DNA/cDNA","Homo sapiens",4608,49,1,"tao wang","Apr 07, 2007"
GPL5071,"SHGS","spotted DNA/cDNA","Homo sapiens",41472,15,1,"Adam S Adler","Apr 07, 2007"
GPL4880,"Calame/IVT Homo sapiens 15K lymphochip","spotted DNA/cDNA","Homo sapiens",15254,13,1,"Kathryn Calame","Apr 03, 2007"
GPL4400,"Mature Human miRNA Array","spotted oligonucleotide","Homo sapiens",621,14,2,"Meng Ling Choong","Apr 01, 2007"
GPL4724,"PIQORTM Immunology Microarray, human S (679)","spotted DNA/cDNA","Homo sapiens",1082,9,1,"Frank Huebel","Mar 31, 2007"
GPL4725,"PIQORTM Immunology Microarray, human S (626)","spotted DNA/cDNA","Homo sapiens",1078,45,1,"Frank Huebel","Mar 31, 2007"
GPL4051,"IQUSP_human_Intronic44k_v1.0","in situ oligonucleotide","Homo sapiens",44290,88,7,"Helder I. Nakaya","Mar 29, 2007"
GPL4910,"[Hs35b_P01R] Affymetrix Human Tiling 2.0R Set, Array 1","in situ oligonucleotide","Homo sapiens",0,333,36,"Affymetrix, Inc.","Mar 29, 2007"
GPL4911,"[Hs35b_P02R] Affymetrix Human Tiling 2.0R Set, Array 2","in situ oligonucleotide","Homo sapiens",0,407,30,"Affymetrix, Inc.","Mar 29, 2007"
GPL4912,"[Hs35b_P03R] Affymetrix Human Tiling 2.0R Set, Array 3","in situ oligonucleotide","Homo sapiens",0,272,33,"Affymetrix, Inc.","Mar 29, 2007"
GPL4913,"[Hs35b_P04R] Affymetrix Human Tiling 2.0R Set, Array 4","in situ oligonucleotide","Homo sapiens",0,310,33,"Affymetrix, Inc.","Mar 29, 2007"
GPL4914,"[Hs35b_P05R] Affymetrix Human Tiling 2.0R Set, Array 5","in situ oligonucleotide","Homo sapiens",0,677,33,"Affymetrix, Inc.","Mar 29, 2007"
GPL4915,"[Hs35b_P06R] Affymetrix Human Tiling 2.0R Set, Array 6","in situ oligonucleotide","Homo sapiens",0,420,36,"Affymetrix, Inc.","Mar 29, 2007"
GPL4916,"[Hs35b_P07R] Affymetrix Human Tiling 2.0R Set, Array 7","in situ oligonucleotide","Homo sapiens",0,398,31,"Affymetrix, Inc.","Mar 29, 2007"
GPL5044,"Human 10K-Wellcome Trust Sanger Institute","spotted DNA/cDNA","Homo sapiens",9930,0,0,"Jiangting Hu","Mar 28, 2007"
GPL5020,"Filgen Array Human25K","spotted DNA/cDNA","Homo sapiens",25344,3,1,"Atsushi Komatsuda","Mar 24, 2007"
GPL5015,"Human BAC array 2-4Mb NoGap","spotted DNA/cDNA","Homo sapiens",3840,27,1,"Gareth Price","Mar 23, 2007"
GPL4726,"PIQORTM Immunology Microarray, human S (616)","spotted DNA/cDNA","Homo sapiens",1078,12,1,"Frank Huebel","Mar 21, 2007"
GPL4998,"UCSF Cancer Center HumArray1.14","spotted DNA/cDNA","Homo sapiens",2464,32,1,"Antoine Snijders","Mar 16, 2007"
GPL4999,"UCSF Cancer Center HumArray2.0","spotted DNA/cDNA","Homo sapiens",2464,255,6,"Antoine Snijders","Mar 16, 2007"
GPL4939,"Sanger Homo sapiens 4K CGH (CGH_SANGER_4K_1)","spotted DNA/cDNA","Homo sapiens",8736,54,1,"Rekin's Janky","Mar 09, 2007"
GPL4227,"SHEF","spotted DNA/cDNA","Homo sapiens",43104,9,1,"Xin Chen","Mar 07, 2007"
GPL4926,"ACTREC Homo sapiens 23K","spotted oligonucleotide","Homo sapiens",23232,7,1,"Chandan Kumar","Mar 07, 2007"
GPL4896,"UCSF-CCC Homo sapiens 2.5K HumArray2.0 (2464 BAC clones each printed in triplicate)","spotted DNA/cDNA","Homo sapiens",2464,29,2,"Antoine Snijders","Mar 06, 2007"
GPL3501,"UMCU Human 19k array v1","spotted oligonucleotide","Homo sapiens",19200,14,1,"Sonia Pavan","Mar 02, 2007"
GPL3515,"UHN-Toronto 19K single spotted Human EST microarray v7","spotted DNA/cDNA","Homo sapiens",19200,35,3,"Chandan Kumar","Mar 02, 2007"
GPL3516,"Chinnaiyan Lab Human 34K cDNA microarray-Jan2006","spotted DNA/cDNA","Homo sapiens",32448,5,1,"Chandan Kumar","Mar 02, 2007"
GPL4512,"TAGC_H.Sapiens_9K_20041223","spotted DNA/cDNA","Homo sapiens",9216,183,1,"Jean-Fred Fontaine","Mar 01, 2007"
GPL4593,"CNRS_UMR_7637/EA3508_Human_HSA21_v1","spotted oligonucleotide","Homo sapiens",727,40,1,"Emilie Aït Yahya Graison","Mar 01, 2007"
GPL4782,"Operon Human V3.0.2 printed oligonucleotide array","spotted oligonucleotide","Homo sapiens",11318,149,3,"Holly Kloos Dressman","Mar 01, 2007"
GPL4861,"Swegene Human 27K RAP (positions from file)","spotted DNA/cDNA","Homo sapiens",27498,199,2,"Johan Staaf","Mar 01, 2007"
GPL4894,"Penn/CHOP Homo sapiens 4.5K (BAC array for studying Neuroblastoma)","spotted DNA/cDNA","Homo sapiens",4556,716,3,"Jayanti Jagannathan","Feb 28, 2007"
GPL4888,"RPCI Human 19K","spotted DNA/cDNA","Homo sapiens",18111,0,0,"Devin McQuaid","Feb 27, 2007"
GPL4883,"SBTM Microarray Laboratory Operon Human v2.1","spotted oligonucleotide","Homo sapiens",21341,20,1,"Vincent VanBuren","Feb 23, 2007"
GPL3465,"RIKEN Frontier Human 1K Glyco-gene Array ver1","spotted DNA/cDNA","Homo sapiens",1152,6,1,"Hiromu Takematsu","Feb 17, 2007"
GPL4868,"AMC-MAD Homo sapiens 19k ver 1.0","spotted oligonucleotide","Homo sapiens",18659,69,4,"Oscar Leonard Volger","Feb 15, 2007"
GPL4840,"Compugen 19K Oligo Library Spotted Arrays","spotted oligonucleotide","Homo sapiens",18858,20,1,"Chin-Yo Lin","Feb 14, 2007"
GPL4338,"CNIO Homo sapiens Oncochip 2 (27.648)","spotted DNA/cDNA","Homo sapiens",27648,75,6,"Hector Hernandez-Vargas","Feb 09, 2007"
GPL4812,"GMAT (Genome-wide MAppping Technique) [NlaIII: Homo Sapiens] tag list","other","Homo sapiens",1371562,4,2,"Keji Zhao","Feb 06, 2007"
GPL3789,"UCSF HUMAN 1.14","spotted DNA/cDNA","Homo sapiens",2343,35,1,"Jose Angel Martinez Climent","Feb 05, 2007"
GPL3868,"UCSF HUMAN 1.14 v2","spotted DNA/cDNA","Homo sapiens",2445,8,3,"Jose Angel Martinez Climent","Feb 05, 2007"
GPL3869,"UCSF HUMAN 1.14 v3","spotted DNA/cDNA","Homo sapiens",2454,74,3,"Jose Angel Martinez Climent","Feb 05, 2007"
GPL3993,"UCSF HUMAN 1.14 v4","spotted DNA/cDNA","Homo sapiens",2457,4,1,"Jose Angel Martinez Climent","Feb 05, 2007"
GPL4508,"Tsinghua University mammalian 2K microRNA microarray","spotted oligonucleotide","Homo sapiens;Mus musculus;Rattus norvegicus",1932,263,2,"yong guo","Feb 02, 2007"
GPL4803,"CEA - DSV/DRR/SGF : Human 25k oligo v1.0","spotted oligonucleotide","Homo sapiens",26496,216,8,"Cyrille Petat","Feb 02, 2007"
GPL4081,"NCI-60 cell line Reverse Phase Protein Lysate Array_modified","spotted peptide or protein","Homo sapiens",60,176,1,"Uma T Shankavaram","Feb 01, 2007"
GPL4335,"Affymetrix custom made array SFORV2_2","in situ oligonucleotide","Canis lupus familiaris;Homo sapiens;Pan troglodytes;Rattus norvegicus",10098,28,2,"Omar De la Cruz","Feb 01, 2007"
GPL4370,"UMDNJ_Human_BCA1135","spotted oligonucleotide","Homo sapiens",1160,4,1,"Guohong Hu","Feb 01, 2007"
GPL4384,"Lovett_WUSTL_TFarray_v2","spotted oligonucleotide","Gallus gallus;Homo sapiens;Mus musculus",3072,226,4,"Kara Powder","Feb 01, 2007"
GPL4763,"FHCRC Human Prostate PEDB cDNA Array v5","spotted DNA/cDNA","Homo sapiens",15488,20,1,"Denise Mauldin","Feb 01, 2007"
GPL4764,"FHCRC Human Prostate PEDB cDNA Array v6","spotted DNA/cDNA","Homo sapiens",15488,20,1,"Denise Mauldin","Feb 01, 2007"
GPL4765,"FHCRC Human Prostate PEDB cDNA Array v7","spotted DNA/cDNA","Homo sapiens",15488,0,0,"Denise Mauldin","Feb 01, 2007"
GPL4766,"FHCRC Human Prostate PEDB cDNA Array v8","spotted DNA/cDNA","Homo sapiens",15488,48,2,"Denise Mauldin","Feb 01, 2007"
GPL4767,"FHCRC Human Prostate PEDB cDNA Array v9","spotted DNA/cDNA","Homo sapiens",15488,22,2,"Denise Mauldin","Feb 01, 2007"
GPL4768,"FHCRC Human Prostate PEDB cDNA Array v10","spotted DNA/cDNA","Homo sapiens",15488,53,3,"Denise Mauldin","Feb 01, 2007"
GPL4779,"MRC Homo sapiens 6K Hs030602","spotted DNA/cDNA","Homo sapiens",5680,3,1,"Jerry A Styles","Jan 26, 2007"
GPL4781,"GUT Homo sapiens 43K Arrays Batch 03","spotted oligonucleotide","Homo sapiens",43200,6,1,"Blair Henderson","Jan 26, 2007"
GPL4599,"NimbleGen_1500b_Promoter_Array","in situ oligonucleotide","Homo sapiens",359384,50,4,"Victor X Jin","Jan 25, 2007"
GPL4704,"Nimblegen Human 5K promoter array 1","in situ oligonucleotide","Homo sapiens",384877,50,6,"Victor X Jin","Jan 25, 2007"
GPL3385,"Hu/Mu ProtIn oligonucleotide microarray","in situ oligonucleotide","Homo sapiens;Mus musculus",1253,118,2,"Kami Moin","Jan 24, 2007"
GPL3392,"UGI Human 12800 V1.0","spotted DNA/cDNA","Homo sapiens",12800,58,1,"xuping fu","Jan 24, 2007"
GPL4757,"Ion Channel Splice Array","spotted oligonucleotide","Homo sapiens",8688,60,7,"Erin L. Heinzen","Jan 23, 2007"
GPL4671,"Homo sapiens Hu800 Array","spotted DNA/cDNA","Homo sapiens",1600,10,1,"Anu Sharma","Jan 18, 2007"
GPL4672,"Homo sapiens Hu2304 Array","spotted DNA/cDNA","Homo sapiens",4608,8,1,"Anu Sharma","Jan 18, 2007"
GPL4665,"NCMLS Homo sapiens 1.3K TBP ChIP-cloning array","spotted DNA/cDNA","Homo sapiens",1388,28,1,"S Denissov","Jan 17, 2007"
GPL4742,"SpliceExpress Human Spliceome 1.5","in situ oligonucleotide","Homo sapiens",116205,10,1,"Jonathan L Bingham","Jan 17, 2007"
GPL4743,"SpliceExpress Human Spliceome 2","in situ oligonucleotide","Homo sapiens",375096,0,0,"Jonathan L Bingham","Jan 17, 2007"
GPL4752,"MRC Homo sapiens 6K","spotted DNA/cDNA","Homo sapiens",6050,0,0,"Jerry A Styles","Jan 17, 2007"
GPL3294,"Agilent Human 1 cDNA with custom annotation and filtering","spotted DNA/cDNA","Homo sapiens",12429,26,1,"Vincent Detours","Jan 15, 2007"
GPL4600,"DFCI_FISHER_HUMAN_Build35_HG17_388K_v1.0","in situ oligonucleotide","Homo sapiens",388222,12,1,"Jun S Song","Jan 15, 2007"
GPL4727,"Human Promoter -800+300 Set, Slide 1 of 2 G2514A Option 002 Agilent-013185","in situ oligonucleotide","Homo sapiens",44290,16,4,"Agilent Technologies","Jan 12, 2007"
GPL4728,"Human Promoter -800+300 Set, Slide 2 of 2 G2514A Option 002 Agilent-013186","in situ oligonucleotide","Homo sapiens",44290,14,4,"Agilent Technologies","Jan 12, 2007"
GPL4723,"SWEGENE_BAC_32K_Full","spotted DNA/cDNA","Homo sapiens",34992,1274,22,"Johan Staaf","Jan 11, 2007"
GPL3637,"Canvac Human 7kv2 cDNA Array","spotted DNA/cDNA","Homo sapiens",7168,153,3,"Peter A Wilkinson","Jan 09, 2007"
GPL3639,"UHNMAC Human 19K v7","spotted DNA/cDNA","Homo sapiens",19200,182,2,"Peter A Wilkinson","Jan 09, 2007"
GPL4715,"IPMC - microRNA v2","spotted oligonucleotide","Homo sapiens",4608,4,1,"Kevin Lebrigand","Jan 06, 2007"
GPL4716,"IPMC - microRNA v3","spotted oligonucleotide","Homo sapiens",7680,0,0,"Kevin Lebrigand","Jan 06, 2007"
GPL4717,"IPMC - microRNA v4","spotted oligonucleotide","Homo sapiens",10752,125,8,"Kevin Lebrigand","Jan 06, 2007"
GPL4718,"IPMC - microRNA v5LNA","spotted oligonucleotide","Homo sapiens",12288,26,2,"Kevin Lebrigand","Jan 06, 2007"
GPL4719,"RNG-MRC_HU2k_v4","spotted oligonucleotide","Homo sapiens",13824,34,2,"Kevin Lebrigand","Jan 06, 2007"
GPL4685,"[U133AAofAv2] Affymetrix GeneChip HT-HG_U133A Early Access Array","in situ oligonucleotide","Homo sapiens",22944,873,17,"Kenta Shibuya","Jan 05, 2007"
GPL4132,"Nimblegen 14.6M Human tiling array of hg17 at 100bp resolution v1.0 set 01 of 38","in situ oligonucleotide","Homo sapiens",391015,2,2,"Bing Ren","Jan 01, 2007"
GPL4137,"Nimblegen 14.6M Human tiling array of hg17 at 100bp resolution v1.0 set 02 of 38","in situ oligonucleotide","Homo sapiens",391015,2,2,"Bing Ren","Jan 01, 2007"
GPL4138,"Nimblegen 14.6M Human tiling array of hg17 at 100bp resolution v1.0 set 03 of 38","in situ oligonucleotide","Homo sapiens",391015,2,2,"Bing Ren","Jan 01, 2007"
GPL4139,"Nimblegen 14.6M Human tiling array of hg17 at 100bp resolution v1.0 set 04 of 38","in situ oligonucleotide","Homo sapiens",391015,2,2,"Bing Ren","Jan 01, 2007"
GPL4140,"Nimblegen 14.6M Human tiling array of hg17 at 100bp resolution v1.0 set 05 of 38","in situ oligonucleotide","Homo sapiens",391015,2,2,"Bing Ren","Jan 01, 2007"
GPL4141,"Nimblegen 14.6M Human tiling array of hg17 at 100bp resolution v1.0 set 06 of 38","in situ oligonucleotide","Homo sapiens",391015,2,2,"Bing Ren","Jan 01, 2007"
GPL4142,"Nimblegen 14.6M Human tiling array of hg17 at 100bp resolution v1.0 set 07 of 38","in situ oligonucleotide","Homo sapiens",391015,2,2,"Bing Ren","Jan 01, 2007"
GPL4143,"Nimblegen 14.6M Human tiling array of hg17 at 100bp resolution v1.0 set 08 of 38","in situ oligonucleotide","Homo sapiens",391015,2,2,"Bing Ren","Jan 01, 2007"
GPL4144,"Nimblegen 14.6M Human tiling array of hg17 at 100bp resolution v1.0 set 09 of 38","in situ oligonucleotide","Homo sapiens",391015,2,2,"Bing Ren","Jan 01, 2007"
GPL4151,"Nimblegen 14.6M Human tiling array of hg17 at 100bp resolution v1.0 set 10 of 38","in situ oligonucleotide","Homo sapiens",391015,2,2,"Bing Ren","Jan 01, 2007"
GPL4152,"Nimblegen 14.6M Human tiling array of hg17 at 100bp resolution v1.0 set 11 of 38","in situ oligonucleotide","Homo sapiens",391015,2,2,"Bing Ren","Jan 01, 2007"
GPL4153,"Nimblegen 14.6M Human tiling array of hg17 at 100bp resolution v1.0 set 12 of 38","in situ oligonucleotide","Homo sapiens",391015,2,2,"Bing Ren","Jan 01, 2007"
GPL4154,"Nimblegen 14.6M Human tiling array of hg17 at 100bp resolution v1.0 set 13 of 38","in situ oligonucleotide","Homo sapiens",391015,2,2,"Bing Ren","Jan 01, 2007"
GPL4155,"Nimblegen 14.6M Human tiling array of hg17 at 100bp resolution v1.0 set 14 of 38","in situ oligonucleotide","Homo sapiens",391015,2,2,"Bing Ren","Jan 01, 2007"
GPL4156,"Nimblegen 14.6M Human tiling array of hg17 at 100bp resolution v1.0 set 15 of 38","in situ oligonucleotide","Homo sapiens",391015,2,2,"Bing Ren","Jan 01, 2007"
GPL4157,"Nimblegen 14.6M Human tiling array of hg17 at 100bp resolution v1.0 set 16 of 38","in situ oligonucleotide","Homo sapiens",391015,2,2,"Bing Ren","Jan 01, 2007"
GPL4158,"Nimblegen 14.6M Human tiling array of hg17 at 100bp resolution v1.0 set 17 of 38","in situ oligonucleotide","Homo sapiens",391015,2,2,"Bing Ren","Jan 01, 2007"
GPL4159,"Nimblegen 14.6M Human tiling array of hg17 at 100bp resolution v1.0 set 18 of 38","in situ oligonucleotide","Homo sapiens",391015,2,2,"Bing Ren","Jan 01, 2007"
GPL4160,"Nimblegen 14.6M Human tiling array of hg17 at 100bp resolution v1.0 set 19 of 38","in situ oligonucleotide","Homo sapiens",391015,2,2,"Bing Ren","Jan 01, 2007"
GPL4161,"Nimblegen 14.6M Human tiling array of hg17 at 100bp resolution v1.0 set 20 of 38","in situ oligonucleotide","Homo sapiens",391015,2,2,"Bing Ren","Jan 01, 2007"
GPL4162,"Nimblegen 14.6M Human tiling array of hg17 at 100bp resolution v1.0 set 21 of 38","in situ oligonucleotide","Homo sapiens",391015,2,2,"Bing Ren","Jan 01, 2007"
GPL4163,"Nimblegen 14.6M Human tiling array of hg17 at 100bp resolution v1.0 set 22 of 38","in situ oligonucleotide","Homo sapiens",391015,2,2,"Bing Ren","Jan 01, 2007"
GPL4164,"Nimblegen 14.6M Human tiling array of hg17 at 100bp resolution v1.0 set 23 of 38","in situ oligonucleotide","Homo sapiens",391015,2,2,"Bing Ren","Jan 01, 2007"
GPL4165,"Nimblegen 14.6M Human tiling array of hg17 at 100bp resolution v1.0 set 24 of 38","in situ oligonucleotide","Homo sapiens",391015,2,2,"Bing Ren","Jan 01, 2007"
GPL4166,"Nimblegen 14.6M Human tiling array of hg17 at 100bp resolution v1.0 set 25 of 38","in situ oligonucleotide","Homo sapiens",391015,2,2,"Bing Ren","Jan 01, 2007"
GPL4167,"Nimblegen 14.6M Human tiling array of hg17 at 100bp resolution v1.0 set 26 of 38","in situ oligonucleotide","Homo sapiens",391015,2,2,"Bing Ren","Jan 01, 2007"
GPL4168,"Nimblegen 14.6M Human tiling array of hg17 at 100bp resolution v1.0 set 27 of 38","in situ oligonucleotide","Homo sapiens",391015,2,2,"Bing Ren","Jan 01, 2007"
GPL4169,"Nimblegen 14.6M Human tiling array of hg17 at 100bp resolution v1.0 set 28 of 38","in situ oligonucleotide","Homo sapiens",391015,2,2,"Bing Ren","Jan 01, 2007"
GPL4170,"Nimblegen 14.6M Human tiling array of hg17 at 100bp resolution v1.0 set 29 of 38","in situ oligonucleotide","Homo sapiens",391015,2,2,"Bing Ren","Jan 01, 2007"
GPL4171,"Nimblegen 14.6M Human tiling array of hg17 at 100bp resolution v1.0 set 30 of 38","in situ oligonucleotide","Homo sapiens",391015,2,2,"Bing Ren","Jan 01, 2007"
GPL4172,"Nimblegen 14.6M Human tiling array of hg17 at 100bp resolution v1.0 set 31 of 38","in situ oligonucleotide","Homo sapiens",391015,2,2,"Bing Ren","Jan 01, 2007"
GPL4173,"Nimblegen 14.6M Human tiling array of hg17 at 100bp resolution v1.0 set 32 of 38","in situ oligonucleotide","Homo sapiens",391015,2,2,"Bing Ren","Jan 01, 2007"
GPL4174,"Nimblegen 14.6M Human tiling array of hg17 at 100bp resolution v1.0 set 33 of 38","in situ oligonucleotide","Homo sapiens",391015,2,2,"Bing Ren","Jan 01, 2007"
GPL4175,"Nimblegen 14.6M Human tiling array of hg17 at 100bp resolution v1.0 set 34 of 38","in situ oligonucleotide","Homo sapiens",391015,2,2,"Bing Ren","Jan 01, 2007"
GPL4176,"Nimblegen 14.6M Human tiling array of hg17 at 100bp resolution v1.0 set 35 of 38","in situ oligonucleotide","Homo sapiens",391015,2,2,"Bing Ren","Jan 01, 2007"
GPL4177,"Nimblegen 14.6M Human tiling array of hg17 at 100bp resolution v1.0 set 36 of 38","in situ oligonucleotide","Homo sapiens",391015,2,2,"Bing Ren","Jan 01, 2007"
GPL4178,"Nimblegen 14.6M Human tiling array of hg17 at 100bp resolution v1.0 set 37 of 38","in situ oligonucleotide","Homo sapiens",391015,2,2,"Bing Ren","Jan 01, 2007"
GPL4179,"Nimblegen 14.6M Human tiling array of hg17 at 100bp resolution v1.0 set 38 of 38","in situ oligonucleotide","Homo sapiens",391015,2,2,"Bing Ren","Jan 01, 2007"
GPL4180,"Nimblegen Condensed array of hg17 v1.0","in situ oligonucleotide","Homo sapiens",750033,1,1,"Bing Ren","Jan 01, 2007"
GPL4253,"Affymetrix Research Exon Array","in situ oligonucleotide","Homo sapiens",1359271,48,1,"Tyson A Clark","Jan 01, 2007"
GPL4558,"ENCODE NimbleGen hg16 tiling array","in situ oligonucleotide","Homo sapiens",388570,3,1,"Bing Ren","Jan 01, 2007"
GPL4559,"ENCODE NimbleGen hg17 tiling array","in situ oligonucleotide","Homo sapiens",391015,128,6,"Bing Ren","Jan 01, 2007"
GPL3966,"UWCEA_HumanHD1","spotted DNA/cDNA","Homo sapiens",7680,48,1,"Aderem Lab","Dec 31, 2006"
GPL3967,"UWCEA_HumanHD2","spotted DNA/cDNA","Homo sapiens",7680,48,1,"Aderem Lab","Dec 31, 2006"
GPL4626,"TumorTest","spotted DNA/cDNA","Homo sapiens",41760,0,0,"Thomas Engleitner","Dec 31, 2006"
GPL3447,"Atlas Plastic Human 12K Microarray (Cat. #634811)","spotted oligonucleotide","Homo sapiens",11862,0,0,"Susan Esther Boggs","Dec 25, 2006"
GPL3694,"GeneFilter Human Microarray Release I (GF200)","spotted DNA/cDNA","Homo sapiens",5352,54,2,"Takashi Takahashi","Dec 24, 2006"
GPL3696,"GeneFilter Human Microarray Release II (GF201)","spotted DNA/cDNA","Homo sapiens",5352,54,2,"Takashi Takahashi","Dec 24, 2006"
GPL4695,"AntrHuman20kv03","spotted oligonucleotide","Homo sapiens",20160,6,1,"Gys de Jongh","Dec 23, 2006"
GPL3960,"MPIMG Homo sapiens 44K aCGH3_MPIMG_BERLIN","spotted DNA/cDNA","Homo sapiens",44640,2,1,"Reinhard Ullmann","Dec 22, 2006"
GPL4693,"OHU28K-OI-072404-YMD.gal","spotted oligonucleotide","Homo sapiens",27175,49,7,"E. Janet Hager","Dec 21, 2006"
GPL4056,"BCCRC Lam NG_OID3949_389027 oligo array","spotted oligonucleotide","Homo sapiens",389027,5,1,"Kendy Wong","Dec 06, 2006"
GPL4608,"Qiagen Human V3 35K Oligo array (HV3)","spotted oligonucleotide","Homo sapiens",35328,62,5,"abdel elkahloun","Dec 02, 2006"
GPL4611,"Illumina Human 49K Oligo array (HEEBO-7 set)","spotted oligonucleotide","Homo sapiens",49152,290,3,"abdel elkahloun","Dec 02, 2006"
GPL4615,"Chr8 BACs 5.7K DNA array","spotted DNA/cDNA","Homo sapiens",5760,24,1,"abdel elkahloun","Dec 02, 2006"
GPL3613,"National Yang-Ming University Homo sapiens 8K","spotted DNA/cDNA","Homo sapiens",7597,6,1,"Ann-Ping Tsou","Dec 01, 2006"
GPL4489,"Human whole genome tiling array, chip 01 of 14","in situ oligonucleotide","Homo sapiens",3012992,6,1,"Kevin Struhl","Dec 01, 2006"
GPL4490,"Human whole genome tiling array, chip 02 of 14","in situ oligonucleotide","Homo sapiens",3121530,6,1,"Kevin Struhl","Dec 01, 2006"
GPL4491,"Human whole genome tiling array, chip 03 of 14","in situ oligonucleotide","Homo sapiens",2924606,6,1,"Kevin Struhl","Dec 01, 2006"
GPL4492,"Human whole genome tiling array, chip 04 of 14","in situ oligonucleotide","Homo sapiens",2960773,6,1,"Kevin Struhl","Dec 01, 2006"
GPL4493,"Human whole genome tiling array, chip 05 of 14","in situ oligonucleotide","Homo sapiens",3110356,6,1,"Kevin Struhl","Dec 01, 2006"
GPL4494,"Human whole genome tiling array, chip 06 of 14","in situ oligonucleotide","Homo sapiens",2962602,6,1,"Kevin Struhl","Dec 01, 2006"
GPL4495,"Human whole genome tiling array, chip 07 of 14","in situ oligonucleotide","Homo sapiens",3207896,6,1,"Kevin Struhl","Dec 01, 2006"
GPL4496,"Human whole genome tiling array, chip 08 of 14","in situ oligonucleotide","Homo sapiens",3316927,6,1,"Kevin Struhl","Dec 01, 2006"
GPL4497,"Human whole genome tiling array, chip 09 of 14","in situ oligonucleotide","Homo sapiens",2995629,6,1,"Kevin Struhl","Dec 01, 2006"
GPL4498,"Human whole genome tiling array, chip 10 of 14","in situ oligonucleotide","Homo sapiens",2911857,6,1,"Kevin Struhl","Dec 01, 2006"
GPL4499,"Human whole genome tiling array, chip 11 of 14","in situ oligonucleotide","Homo sapiens",3317284,6,1,"Kevin Struhl","Dec 01, 2006"
GPL4500,"Human whole genome tiling array, chip 12 of 14","in situ oligonucleotide","Homo sapiens",3201270,6,1,"Kevin Struhl","Dec 01, 2006"
GPL4502,"Human whole genome tiling array, chip 13 of 14","in situ oligonucleotide","Homo sapiens",3161722,6,1,"Kevin Struhl","Dec 01, 2006"
GPL4503,"Human whole genome tiling array, chip 14 of 14","in situ oligonucleotide","Homo sapiens",1762422,6,1,"Kevin Struhl","Dec 01, 2006"
GPL4577,"Human Ultimate ORF spotted protein array","spotted peptide or protein","Homo sapiens",12288,5,1,"Nazila Salamat-Miller","Nov 30, 2006"
GPL4582,"Capitalbio Human 22K oligo array v1.0","spotted oligonucleotide","Homo sapiens",21329,8,2,"Chen Ai Liang","Nov 29, 2006"
GPL4595,"Bando (Agilent Whole Human Genome Oligo Microarray)","in situ oligonucleotide","Homo sapiens",37170,0,0,"Bando Mika","Nov 28, 2006"
GPL4562,"TAGC Human 1075 Clones","spotted DNA/cDNA","Homo sapiens",1132,3,1,"Pascal FINETTI","Nov 18, 2006"
GPL4560,"Netherlands Cancer Institute human 3.5k BAC array","spotted DNA/cDNA","Homo sapiens",3277,582,11,"Simon A Joosse","Nov 16, 2006"
GPL4557,"Affymetrix GeneChip Human Genome U133 Array Set HG-U133A [CDF: Hs133A_Hs_UG_3]","in situ oligonucleotide","Homo sapiens",12734,1218,1,"Fan Meng","Nov 14, 2006"
GPL4541,"SHGK","spotted DNA/cDNA","Homo sapiens",43008,27,3,"Stanford Microarray Database (SMD)","Nov 10, 2006"
GPL4544,"Agilent-014584 Human Genome 244K CGH Microarray (Alpha Test)","in situ oligonucleotide","Homo sapiens",243504,138,4,"Agilent Technologies","Nov 09, 2006"
GPL4525,"Human 22K long oligo array","spotted oligonucleotide","Homo sapiens",21329,44,3,"yu jian","Nov 08, 2006"
GPL4391,"salivary gland secretion","spotted DNA/cDNA","Homo sapiens;Mus musculus",240,8,1,"Alaka Srivastava","Nov 05, 2006"
GPL3472,"Sanger/Nimblegen Human array painting array_Case 1","in situ oligonucleotide","Homo sapiens",388102,1,1,"Nigel Paul Carter","Nov 01, 2006"
GPL3481,"Sanger/Nimblegen Human array painting array_Cases 2-4","in situ oligonucleotide","Homo sapiens",383589,3,1,"Nigel Paul Carter","Nov 01, 2006"
GPL4486,"Fox Chase Cancer Center Homo sapiens moNIA15k","spotted oligonucleotide","Mus musculus",15552,4,1,"Xiangxi Xu","Oct 31, 2006"
GPL4505,"Celltrans_5808_Osman_3xplt6","spotted DNA/cDNA","Homo sapiens",5456,11,1,"Ian Giddings","Oct 31, 2006"
GPL3904,"CRUKDMF_WGA_v1.0.0","spotted DNA/cDNA","Homo sapiens",30057,91,6,"Ian Giddings","Oct 28, 2006"
GPL4457,"LNCaPsld1_MGII3x.Cmito v1","spotted DNA/cDNA","Homo sapiens",10986,23,1,"Ian Giddings","Oct 28, 2006"
GPL4475,"MPIIB custom human (AMADID 011412)","in situ oligonucleotide","Homo sapiens",8068,36,1,"Marc Jacobsen","Oct 27, 2006"
GPL4482,"3x19plt b 15 7 02","spotted DNA/cDNA","Homo sapiens",21417,6,1,"Ian Giddings","Oct 27, 2006"
GPL4483,"5808-v4-1q","spotted DNA/cDNA","Homo sapiens",5615,1,1,"Ian Giddings","Oct 27, 2006"
GPL4403,"FJL Human/Mouse miRNA Oligonucleotide Array","spotted oligonucleotide","Homo sapiens;Mus musculus",178,15,4,"James Smith","Oct 26, 2006"
GPL4452,"Human 19K Compugen Array spotted in GIS","spotted DNA/cDNA","Homo sapiens",20160,136,2,"Martin Hibberd","Oct 20, 2006"
GPL3783,"MPIMG Homo sapiens 43K aCGH2_MPIMG_BERLIN","spotted DNA/cDNA","Homo sapiens",43200,4,1,"Reinhard Ullmann","Oct 19, 2006"
GPL4454,"Affymetrix GeneChip Human Genome U133 Plus 2.0 Array based on a custom CDF","in situ oligonucleotide","Homo sapiens",23597,9,1,"Ola Larsson","Oct 18, 2006"
GPL4459,"SHFR","spotted DNA/cDNA","Homo sapiens",41472,17,1,"Stanford Microarray Database (SMD)","Oct 18, 2006"
GPL4460,"SHGJ","spotted DNA/cDNA","Homo sapiens",43008,9,1,"Stanford Microarray Database (SMD)","Oct 18, 2006"
GPL4461,"SHEW","spotted DNA/cDNA","Homo sapiens",43200,16,1,"Stanford Microarray Database (SMD)","Oct 18, 2006"
GPL2570,"MBPL Human 30k P4","spotted DNA/cDNA","Homo sapiens",32448,48,5,"ChengWei Chang","Oct 12, 2006"
GPL4411,"Ambion Human_Mouse_Rat mirVANA miRNA Bioarray_1566V1","spotted oligonucleotide","Homo sapiens;Mus musculus;Rattus norvegicus",389,99,3,"Carmen J Marsit","Oct 12, 2006"
GPL4394,"UMRCNRS7637/EA3508_Human_HSA21_v1.0","spotted oligonucleotide","Homo sapiens",729,0,0,"Emilie Aït Yahya Graison","Oct 07, 2006"
GPL4390,"Human Phosphodiesterase Splice Variant Microarray","spotted oligonucleotide","Homo sapiens",900,25,1,"Jonathan L Bingham","Oct 06, 2006"
GPL4083,"SHDS","spotted DNA/cDNA","Homo sapiens",43104,5,1,"Julie B. Sneddon","Oct 05, 2006"
GPL4084,"SHES","spotted DNA/cDNA","Homo sapiens",41472,5,1,"Julie B. Sneddon","Oct 05, 2006"
GPL4255,"NIH-NIEHS/Agilent Human Familial IIP 43K array","in situ oligonucleotide","Homo sapiens",43606,70,1,"Ivana V Yang","Oct 01, 2006"
GPL3595,"CRUK 6.5K Genome-wide array","spotted DNA/cDNA","Homo sapiens",5639,0,0,"Nick Underhill-Day","Sep 30, 2006"
GPL4372,"Rosetta/Merck Human 44k 1.1 microarray","in situ oligonucleotide","Homo sapiens",39302,4579,28,"Amit V Kulkarni","Sep 28, 2006"
GPL3907,"CRUKDMF_Sanger-1Mb_v3.0.0","spotted DNA/cDNA","Homo sapiens",7258,0,0,"Ian Giddings","Sep 26, 2006"
GPL3900,"5808-spot_slide_version4","spotted DNA/cDNA","Homo sapiens",5603,0,0,"Ian Giddings","Sep 22, 2006"
GPL3901,"5808-spot_slide_version5","spotted DNA/cDNA","Homo sapiens",5602,0,0,"Ian Giddings","Sep 22, 2006"
GPL3902,"CRUKDMF_11K-gw_v1.0.0","spotted DNA/cDNA","Homo sapiens",10709,0,0,"Ian Giddings","Sep 22, 2006"
GPL3905,"CRUKDMF_6.5K-gw_v1.1.0","spotted DNA/cDNA","Homo sapiens",12748,0,0,"Ian Giddings","Sep 22, 2006"
GPL3906,"CRUKDMF_6K-gw_v1.0.0","spotted DNA/cDNA","Homo sapiens",15657,27,2,"Ian Giddings","Sep 21, 2006"
GPL4348,"CRUKDMF_22K_v1.0.0","spotted DNA/cDNA","Homo sapiens",19346,241,6,"Ian Giddings","Sep 21, 2006"
GPL3749,"MPIMG Homo sapiens 44K aCGH2_MPIMG_BERLIN","spotted DNA/cDNA","Homo sapiens",44640,32,3,"Reinhard Ullmann","Sep 12, 2006"
GPL4302,"SHEB","spotted DNA/cDNA","Homo sapiens",43104,10,1,"Stanford Microarray Database (SMD)","Sep 11, 2006"
GPL4108,"NCI Operon Human MAQC","spotted oligonucleotide","Homo sapiens",37632,74,1,"Leming Shi","Sep 08, 2006"
GPL4185,"NCI Operon (second printing) Human MAQC","spotted oligonucleotide","Homo sapiens",36288,20,1,"Leming Shi","Sep 08, 2006"
GPL4186,"NMC (Norwegian Microarray Consortium) Operon Human MAQC","spotted oligonucleotide","Homo sapiens",36288,10,1,"Leming Shi","Sep 08, 2006"
GPL4187,"CapitalBio Operon Human MAQC (BIO and BIO1, two- and one-color)","spotted oligonucleotide","Homo sapiens",23232,30,1,"Leming Shi","Sep 08, 2006"
GPL4188,"Operon Human MAQC (OPN)","spotted oligonucleotide","Homo sapiens",37584,10,1,"Leming Shi","Sep 08, 2006"
GPL4198,"Gene Express StaRT-PCR (GEX) Human MAQC","RT-PCR","Homo sapiens",207,12,1,"Leming Shi","Sep 08, 2006"
GPL4219,"TeleChem ArrayIt Human Microarrays for MAQC (H25K and H25K1 , two- and one-color)","spotted oligonucleotide","Homo sapiens",27648,60,1,"Leming Shi","Sep 08, 2006"
GPL4263,"CEA - DSV/DRR/SGF : ANG","spotted DNA/cDNA","Homo sapiens",8960,30,1,"Cyrille Petat","Sep 07, 2006"
GPL4040,"NimbleGen Human Promoter Array","in situ oligonucleotide","Homo sapiens",363992,4,1,"Vinsensius B Vega","Sep 05, 2006"
GPL4204,"GE Healthcare/Amersham Biosciences CodeLink UniSet Human I Bioarray","spotted oligonucleotide","Homo sapiens",10752,128,2,"Hamid Hossain","Sep 05, 2006"
GPL3980,"UC Davis Human ENCODE array","in situ oligonucleotide","Homo sapiens",385149,72,10,"Victor X Jin","Sep 01, 2006"
GPL4228,"UCSF Gladstone Genomics Core Human 21k Oligo array (2003)","spotted oligonucleotide","Homo sapiens",21477,130,1,"Sergio Baranzini","Aug 31, 2006"
GPL3441,"VUMC MACF human 5K BAC v12","spotted DNA/cDNA","Homo sapiens",15552,64,7,"Daoud Sie","Aug 30, 2006"
GPL3442,"VUMC MACF human 5K BAC v16","spotted DNA/cDNA","Homo sapiens",15552,91,3,"Daoud Sie","Aug 30, 2006"
GPL3443,"VUMC MACF human 5K BAC v21","spotted DNA/cDNA","Homo sapiens",17328,96,4,"Daoud Sie","Aug 30, 2006"
GPL3400,"Affymetrix GeneChip Mapping Pre-Release 10K Array (ax13339)","in situ oligonucleotide","Homo sapiens",10043,9,2,"Ottawa Hospital Research Institute","Aug 29, 2006"
GPL4213,"SHFE","spotted DNA/cDNA","Homo sapiens",41472,31,1,"Howard Chang","Aug 25, 2006"
GPL4214,"SHFM","spotted DNA/cDNA","Homo sapiens",41472,17,1,"Howard Chang","Aug 25, 2006"
GPL4191,"CodeLink UniSet Human I Bioarray","spotted oligonucleotide","Homo sapiens",10458,49,3,"Mandal. K. Singh","Aug 23, 2006"
GPL4048,"Genopole Mouse oligo array from MWG version 1","spotted oligonucleotide","Homo sapiens;Mus musculus",19152,56,1,"Isabelle CASSAR-MALEK","Aug 19, 2006"
GPL4097,"TaqMan Human MAQC (TAQ)","RT-PCR","Homo sapiens",1044,16,1,"Leming Shi","Aug 19, 2006"
GPL4098,"Panomics Human MAQC (QGN)","other","Homo sapiens",245,12,1,"Leming Shi","Aug 19, 2006"
GPL3871,"FUGE Hs-OperonV3","spotted oligonucleotide","Homo sapiens",34624,7,1,"Bjorn Grinde","Aug 18, 2006"
GPL4096,"Eppendorf DualChip Human MAQC (EPP)","spotted DNA/cDNA","Homo sapiens",294,60,1,"Leming Shi","Aug 18, 2006"
GPL4104,"Tufts Homo sapiens 21K V2.1.2","spotted oligonucleotide","Homo sapiens",21341,27,1,"Ralph Isberg","Aug 17, 2006"
GPL4112,"Agilent-013863 Human Promoter ChIP-on-Chip Set, Microarray 1 of 10 (G4483A)","in situ oligonucleotide","Homo sapiens",44290,0,0,"Agilent Technologies","Aug 17, 2006"
GPL4113,"Agilent-013864 Human Promoter ChIP-on-Chip Set, Microarray 2 of 10 (G4483A)","in situ oligonucleotide","Homo sapiens",44290,0,0,"Agilent Technologies","Aug 17, 2006"
GPL4114,"Agilent-013865 Human Promoter ChIP-on-Chip Set, Microarray 3 of 10 (G4483A)","in situ oligonucleotide","Homo sapiens",44290,0,0,"Agilent Technologies","Aug 17, 2006"
GPL4115,"Agilent-013866 Human Promoter ChIP-on-Chip Set, Microarray 4 of 10 (G4483A)","in situ oligonucleotide","Homo sapiens",44290,0,0,"Agilent Technologies","Aug 17, 2006"
GPL4116,"Agilent-013867 Human Promoter ChIP-on-Chip Set, Microarray 5 of 10 (G4483A)","in situ oligonucleotide","Homo sapiens",44290,0,0,"Agilent Technologies","Aug 17, 2006"
GPL4117,"Agilent-013868 Human Promoter ChIP-on-Chip Set, Microarray 6 of 10 (G4483A)","in situ oligonucleotide","Homo sapiens",44290,0,0,"Agilent Technologies","Aug 17, 2006"
GPL4118,"Agilent-013869 Human Promoter ChIP-on-Chip Set, Microarray 7 of 10 (G4483A)","in situ oligonucleotide","Homo sapiens",44290,0,0,"Agilent Technologies","Aug 17, 2006"
GPL4119,"Agilent-013870 Human Promoter ChIP-on-Chip Set, Microarray 8 of 10 (G4483A)","in situ oligonucleotide","Homo sapiens",44290,0,0,"Agilent Technologies","Aug 17, 2006"
GPL4120,"Agilent-013871 Human Promoter ChIP-on-Chip Set, Microarray 9 of 10 (G4483A)","in situ oligonucleotide","Homo sapiens",44290,0,0,"Agilent Technologies","Aug 17, 2006"
GPL4121,"Agilent-013872 Human Promoter ChIP-on-Chip Set, Microarray 10 of 10 (G4483A)","in situ oligonucleotide","Homo sapiens",44290,0,0,"Agilent Technologies","Aug 17, 2006"
GPL4122,"Agilent-013879 Human ENCODE ChIP-onChip Set V2, Microarray 1 of 2 (G4485A)","in situ oligonucleotide","Homo sapiens",44290,0,0,"Agilent Technologies","Aug 17, 2006"
GPL4123,"Agilent-013880 Human ENCODE ChIP-onChip Set V2, Microarray 2 of 2 (G4485A)","in situ oligonucleotide","Homo sapiens",44290,0,0,"Agilent Technologies","Aug 17, 2006"
GPL4124,"Agilent-014706 Human Promoter ChIP-on-Chip Set 244K, Microarray 1 of 2 G4489A (Feature Number version)","in situ oligonucleotide","Homo sapiens",243504,130,25,"Agilent Technologies","Aug 17, 2006"
GPL4125,"Agilent-014707 Human Promoter ChIP-on-Chip Set 244K, Microarray 2 of 2 G4489A (Feature Number version)","in situ oligonucleotide","Homo sapiens",243504,130,25,"Agilent Technologies","Aug 17, 2006"
GPL4126,"Agilent-014791 Human CpG Island ChIP-on-Chip Microarray 244K (G4492A) (Feature Number version)","in situ oligonucleotide","Homo sapiens",243504,351,27,"Agilent Technologies","Aug 17, 2006"
GPL4127,"Agilent-014792 Human ENCODE ChIP-on-Chip Microarray 244K (G4495A)","in situ oligonucleotide","Homo sapiens",243504,12,2,"Agilent Technologies","Aug 17, 2006"
GPL4133,"Agilent-014850 Whole Human Genome Microarray 4x44K G4112F (Feature Number version)","in situ oligonucleotide","Homo sapiens",45220,15505,844,"Agilent Technologies","Aug 17, 2006"
GPL4091,"Agilent-014693 Human Genome CGH Microarray 244A (Feature number version)","in situ oligonucleotide","Homo sapiens",243504,2690,113,"Agilent Technologies","Aug 15, 2006"
GPL4093,"Agilent-014698 Human Genome CGH Microarray 105A (G4412A)","in situ oligonucleotide","Homo sapiens",105072,553,21,"Agilent Technologies","Aug 15, 2006"
GPL3930,"Nimblegen human 5K promoter array 2","in situ oligonucleotide","Homo sapiens",364132,56,7,"Victor X Jin","Aug 14, 2006"
GPL4089,"Agilent-013902 Human Proximal Promoter ChIP-on-Chip Set, Microarray 1 of 2 G4481A","in situ oligonucleotide","Homo sapiens",44290,22,5,"Agilent Technologies","Aug 14, 2006"
GPL4090,"Agilent-013903 Human Proximal Promoter ChIP-on-Chip Set, Microarray 2 of 2 G4481A","in situ oligonucleotide","Homo sapiens",44290,22,5,"Agilent Technologies","Aug 14, 2006"
GPL4066,"Eppendorf DualChip MAQC","spotted DNA/cDNA","Homo sapiens",1089,0,0,"Vincent L. Bertholet","Aug 09, 2006"
GPL3985,"IQUSP_Human_intronic_4k_v2.0","spotted DNA/cDNA","Homo sapiens",4608,256,7,"Eduardo M Reis","Aug 06, 2006"
GPL4052,"cDNA microarray Van Andel Institute for Day1 samples","spotted DNA/cDNA","Homo sapiens",19458,36,2,"Zheng Li","Aug 03, 2006"
GPL4050,"cDNA microarray Van Andel Institute","spotted DNA/cDNA","Homo sapiens",19808,0,0,"Zheng Li","Aug 02, 2006"
GPL3887,"CGH-SANGER 5K 2","spotted DNA/cDNA","Homo sapiens",10080,2,1,"Rekin's Janky","Jul 31, 2006"
GPL3888,"CGH-SANGER 3K 2","spotted DNA/cDNA","Homo sapiens",7488,52,2,"Rekin's Janky","Jul 31, 2006"
GPL3889,"CGH-SANGER 3K 3","spotted DNA/cDNA","Homo sapiens",8112,20,1,"Rekin's Janky","Jul 31, 2006"
GPL3893,"CGH-SANGER 3K 5","spotted DNA/cDNA","Homo sapiens",7744,42,2,"Rekin's Janky","Jul 31, 2006"
GPL3894,"CGH-CHROM14 2K 2","spotted DNA/cDNA","Homo sapiens",3328,20,2,"Rekin's Janky","Jul 31, 2006"
GPL4003,"CGH-SANGER 3K 1","spotted DNA/cDNA","Homo sapiens",7488,2,1,"Rekin's Janky","Jul 31, 2006"
GPL3709,"Vysis GenoSensor CGH Array 300","spotted DNA/cDNA","Homo sapiens",287,12,1,"Anat Bar-Shira","Jul 28, 2006"
GPL4035,"NKI-CMF Homo sapiens 35k oligo array with DamID annotations","spotted oligonucleotide","Homo sapiens",37632,240,2,"Daoud Sie","Jul 28, 2006"
GPL2575,"MBPL Human 30k P3","spotted DNA/cDNA","Homo sapiens",32448,16,1,"ChengWei Chang","Jul 26, 2006"
GPL4016,"2005-04-04_Human_Promo_ChIP","in situ oligonucleotide","Homo sapiens",391015,33,1,"Sean Davis","Jul 25, 2006"
GPL4010,"Eichler Segmental Duplication BAC array","spotted DNA/cDNA","Homo sapiens",2043,592,1,"Andrew Sharp","Jul 22, 2006"
GPL4012,"3.7k full genome LUMC BAC array","spotted DNA/cDNA","Homo sapiens",12800,57,3,"Jan Oosting","Jul 21, 2006"
GPL4013,"Hitachisoft AceGene Premium Human","spotted oligonucleotide","Homo sapiens",30336,0,0,"Hitachi Software Engineering Co., Ltd.","Jul 21, 2006"
GPL3480,"UHN Microarray Center Homo sapiens 1.6K","spotted DNA/cDNA","Homo sapiens",1613,4,1,"Eduardo Hernandez","Jul 14, 2006"
GPL3834,"FHCRC Human Prostate PEDB cDNA Array v4","spotted DNA/cDNA","Homo sapiens",15488,31,1,"Denise Mauldin","Jul 14, 2006"
GPL3836,"FHCRC Human Prostate PEDB cDNA Array v3","spotted DNA/cDNA","Homo sapiens",13440,1,1,"Denise Mauldin","Jul 14, 2006"
GPL2621,"CNIO Human Oncochip v2.0","spotted DNA/cDNA","Homo sapiens",26994,30,2,"Miriam Molina-Arcas","Jul 13, 2006"
GPL3883,"Swegene Human 27K RAP UniGene188 array","spotted DNA/cDNA","Homo sapiens",27648,377,4,"Johan Staaf","Jul 12, 2006"
GPL3986,"Wistar Human HA04 Array","spotted DNA/cDNA","Homo sapiens",9600,0,0,"Louise C Showe","Jul 12, 2006"
GPL3987,"Wistar Human HA05 Array","spotted DNA/cDNA","Homo sapiens",9600,0,0,"Louise C Showe","Jul 12, 2006"
GPL3988,"Wistar Human HA0502 Array","spotted DNA/cDNA","Homo sapiens",9600,0,0,"Louise C Showe","Jul 12, 2006"
GPL3989,"Wistar Human HA06 Array","spotted DNA/cDNA","Homo sapiens",9600,0,0,"Louise C Showe","Jul 12, 2006"
GPL3991,"Human 3.0 A1","in situ oligonucleotide","Homo sapiens",23653,2396,13,"Julja Burchard","Jul 12, 2006"
GPL3992,"Functional ID v2.0 Array 1","in situ oligonucleotide","Homo sapiens",23574,140,5,"Julja Burchard","Jul 12, 2006"
GPL3963,"SAMF Human 14k Part1","spotted oligonucleotide","Homo sapiens",13824,8,2,"Mayi Arcellana Panlilio","Jul 06, 2006"
GPL3964,"SAMF Human 14k Part2","spotted oligonucleotide","Homo sapiens",14592,8,2,"Mayi Arcellana Panlilio","Jul 06, 2006"
GPL3872,"Nimblegen Human custom array","in situ oligonucleotide","Homo sapiens",195713,2,1,"Jürgen Borlak","Jul 04, 2006"
GPL3255,"VUMC MACF human 19K oligo v33","spotted oligonucleotide","Homo sapiens",30000,54,1,"Daoud Sie","Jul 01, 2006"
GPL3898,"Institute of Cancer Research 5808-spot slide_version3","spotted DNA/cDNA","Homo sapiens",5603,19,4,"Ian Giddings","Jun 29, 2006"
GPL2567,"Rosetta (Merck) GEL Breast Tumor Profiles","in situ oligonucleotide","Homo sapiens",24479,606,2,"Chang-Kyu Lee","Jun 28, 2006"
GPL3928,"Research Genetics  (Invitrogen) GF200 microarray filter","spotted DNA/cDNA","Homo sapiens",5184,9,1,"Kati Marjaana Juuti-Uusitalo","Jun 28, 2006"
GPL2573,"MBPL human 30k P2","spotted DNA/cDNA","Homo sapiens",32448,44,2,"ChengWei Chang","Jun 27, 2006"
GPL3892,"CGH-CHROM14 2K 1","spotted DNA/cDNA","Homo sapiens",3840,21,2,"Rekin's Janky","Jun 27, 2006"
GPL3896,"Sentrix® Linkage IV Panel BeadChip","oligonucleotide beads","Homo sapiens",5858,48,1,"Jan Oosting","Jun 27, 2006"
GPL3916,"Hopital Lariboisiere Lab-Arraytor human 500-1 cDNA","spotted DNA/cDNA","Homo sapiens",340,34,2,"Didier Payen de la Garanderie","Jun 27, 2006"
GPL3921,"[HT_HG-U133A] Affymetrix HT Human Genome U133A Array","in situ oligonucleotide","Homo sapiens",22277,6943,80,"Affymetrix, Inc.","Jun 26, 2006"
GPL3701,"NKI/VanSteensel_HSAP_390k_2005-08-15_Vogel_human","in situ oligonucleotide","Homo sapiens",390879,2,1,"Bas van Steensel","Jun 25, 2006"
GPL3895,"CCDTM Hs_CCDTM17.5k","spotted DNA/cDNA","Homo sapiens",16834,111,3,"Francesco Maria Marincola","Jun 23, 2006"
GPL3877,"PRHU05-S1-0006 (PC Human Operon v2 21k) ","spotted oligonucleotide","Homo sapiens",23232,238,10,"Shawn Anderson","Jun 16, 2006"
GPL3494,"UHN Human 19K EST array","spotted DNA/cDNA","Homo sapiens",19200,21,5,"Sanjeev Galande","Jun 15, 2006"
GPL3865,"SuperArray GEArray Q Series Human Chemokines & Receptors cat. #HS-005.2","spotted DNA/cDNA","Homo sapiens",112,39,3,"SuperArray Bioscience Corporation","Jun 13, 2006"
GPL3787,"Nimblegen Human 1.5 kb promoter","in situ oligonucleotide","Homo sapiens",359384,15,4,"Sharon Squazzo","Jun 06, 2006"
GPL3791,"Nimblegen Human 5K promoter array 2","in situ oligonucleotide","Homo sapiens",364132,3,1,"Sharon Squazzo","Jun 06, 2006"
GPL3792,"Nimblegen Human ENCODE array","in situ oligonucleotide","Homo sapiens",385149,4,1,"Sharon Squazzo","Jun 06, 2006"
GPL3837,"Novusgene type 4 Hematology/Oncology TMU667 array","spotted oligonucleotide","Homo sapiens",700,6,1,"Junko H Ohyashiki","Jun 06, 2006"
GPL3504,"CAG Human 19k array v1.0","spotted oligonucleotide","Homo sapiens",19141,8,1,"Virginie Marie Aris","Jun 01, 2006"
GPL3784,"PIQOR Immunology Microarray Human Antisense","spotted DNA/cDNA","Homo sapiens",6144,4,1,"Thomas Weichhart","May 26, 2006"
GPL3800,"population genetic approach to host patheogen response","spotted oligonucleotide","Homo sapiens",18432,0,0,"John Joseph Rushton","May 26, 2006"
GPL3778,"SMRT_arrays_human_BAC","spotted DNA/cDNA","Homo sapiens",26169,4,1,"Chung-Hae Lee","May 25, 2006"
GPL3780,"Spectral_Genomics_Human_BAC_array","spotted DNA/cDNA","Homo sapiens",2621,4,1,"Chung-Hae Lee","May 25, 2006"
GPL3811,"Affymetrix GeneChip Early Access Mapping 500K Set Array (250K_Nsp_SNP)","in situ oligonucleotide","Homo sapiens",267305,399,3,"Fan Shen","May 25, 2006"
GPL3812,"Affymetrix GeneChip Mapping 500K Early Access Array (250K_Sty_SNP)","in situ oligonucleotide","Homo sapiens",267343,398,2,"Fan Shen","May 25, 2006"
GPL3796,"LC-33","spotted DNA/cDNA","Homo sapiens",37632,28,1,"Stanford Microarray Database (SMD)","May 23, 2006"
GPL2099,"SHFM","spotted DNA/cDNA","Homo sapiens",41472,4,1,"Andrew Yuan Zhang","May 19, 2006"
GPL2100,"SHDN","spotted DNA/cDNA","Homo sapiens",43104,7,1,"Andrew Yuan Zhang","May 19, 2006"
GPL3732,"UCSF 9Hs Human 23K v.2 Oligo Array","spotted oligonucleotide","Homo sapiens",23040,18,2,"Agnes Paquet","May 17, 2006"
GPL3779,"NCI/ATC Hs-OperonV3","spotted oligonucleotide","Homo sapiens",35024,76,5,"David Petersen","May 17, 2006"
GPL3718,"[Mapping250K_Nsp] Affymetrix Mapping 250K Nsp SNP Array","in situ oligonucleotide","Homo sapiens",262338,11192,193,"Affymetrix, Inc.","May 13, 2006"
GPL3720,"[Mapping250K_Sty] Affymetrix Mapping 250K Sty2 SNP Array","in situ oligonucleotide","Homo sapiens",238378,9570,150,"Affymetrix, Inc.","May 13, 2006"
GPL3730,"NTU_CGM_MCF Human 672 Metachip","spotted DNA/cDNA","Homo sapiens",672,125,1,"Sung-Liang Yu","May 12, 2006"
GPL2624,"SHCD","spotted DNA/cDNA","Homo sapiens",43008,4,1,"Jonathan Pollack","May 08, 2006"
GPL2030,"Spectral Genomics 2600","spotted DNA/cDNA","Homo sapiens",5760,16,1,"Gareth Price","May 04, 2006"
GPL3725,"Affymetrix ENCODE Tiling Array - SENSE - NCBI build 35","in situ oligonucleotide","Homo sapiens",736787,8,2,"Thomas R Gingeras","May 03, 2006"
GPL3706,"Human LymphDx 2.7k GeneChip","in situ oligonucleotide","Homo sapiens",2745,303,1,"Sandeep Dave","Apr 27, 2006"
GPL3698,"NKI-CMF Homo sapiens 19k cDNA array","spotted DNA/cDNA","Homo sapiens",18560,8,1,"Daoud Sie","Apr 26, 2006"
GPL3699,"RAKEv2","spotted oligonucleotide","Arabidopsis thaliana;Homo sapiens;Mus musculus;Rattus norvegicus",4608,3,1,"Don Baldwin","Apr 25, 2006"
GPL3676,"NKI-CMF Homo sapiens 35k oligo array","spotted oligonucleotide","Homo sapiens",37632,488,8,"Daoud Sie","Apr 20, 2006"
GPL3673,"UNM Human Operon 18K version 3 slide 1 array format","spotted oligonucleotide","Homo sapiens",18432,0,0,"John Joseph Rushton","Apr 18, 2006"
GPL3279,"Iyer Lab Human 46K cDNA microarray","spotted DNA/cDNA","Homo sapiens",46467,145,3,"Vishy Iyer","Apr 12, 2006"
GPL1998,"CNIO H. sapiens 13.6k Oncochip 1","spotted DNA/cDNA","Homo sapiens",13056,77,7,"Hector Hernandez-Vargas","Apr 07, 2006"
GPL1999,"CNIO H. sapiens 26.7k Oncochip 2","spotted DNA/cDNA","Homo sapiens",26876,8,1,"Hector Hernandez-Vargas","Apr 07, 2006"
GPL3632,"UCSF_HumArray","spotted DNA/cDNA","Homo sapiens",2445,185,1,"Joan Climent","Apr 07, 2006"
GPL3408,"NKI/CMF Human 18k cDNA spotted microarray","spotted DNA/cDNA","Homo sapiens",19200,114,3,"Marije Booman","Apr 01, 2006"
GPL3606,"OHU16K (old)","spotted oligonucleotide","Homo sapiens",18432,10,1,"Keith S Hoek","Mar 31, 2006"
GPL3278,"NCI/Staudt human 15K v13","spotted DNA/cDNA","Homo sapiens",15842,246,16,"Louis M. Staudt","Mar 30, 2006"
GPL3566,"WRAIR Homo sapiens 9k array","spotted DNA/cDNA","Homo sapiens",9021,93,3,"Rasha Hammamieh","Mar 29, 2006"
GPL3558,"NKI-AVL Homo sapiens 18K cDNA microarray","spotted DNA/cDNA","Homo sapiens",19200,59,1,"Bas Kreike","Mar 21, 2006"
GPL3544,"SHFM","spotted DNA/cDNA","Homo sapiens",41472,9,2,"Stanford Microarray Database (SMD)","Mar 15, 2006"
GPL3508,"ENCODE NimbleGen hg16 tiling array","in situ oligonucleotide","Homo sapiens",382884,8,4,"Mark Bieda","Mar 09, 2006"
GPL3514,"ENCODE NimbleGen hg17_04252005 tiling array","in situ oligonucleotide","Homo sapiens",385149,22,6,"Mark Bieda","Mar 09, 2006"
GPL3522,"SHDW","spotted DNA/cDNA","Homo sapiens",43104,22,2,"Stanford Microarray Database (SMD)","Mar 08, 2006"
GPL3523,"SHEG","spotted DNA/cDNA","Homo sapiens",41568,50,3,"Stanford Microarray Database (SMD)","Mar 08, 2006"
GPL3524,"SHEH","spotted DNA/cDNA","Homo sapiens",41568,2,2,"Stanford Microarray Database (SMD)","Mar 08, 2006"
GPL3525,"SHER","spotted DNA/cDNA","Homo sapiens",41568,14,2,"Stanford Microarray Database (SMD)","Mar 08, 2006"
GPL3526,"SHET","spotted DNA/cDNA","Homo sapiens",41472,44,7,"Stanford Microarray Database (SMD)","Mar 08, 2006"
GPL3527,"SHEV","spotted DNA/cDNA","Homo sapiens",41472,0,0,"Stanford Microarray Database (SMD)","Mar 08, 2006"
GPL3528,"SHDZ","spotted DNA/cDNA","Homo sapiens",43104,29,3,"Stanford Microarray Database (SMD)","Mar 08, 2006"
GPL3423,"Stanford Denko EOS Human 35K Genechip v1.1","in situ oligonucleotide","Homo sapiens",35409,30,1,"Nicholas Denko","Mar 07, 2006"
GPL3507,"SVK","spotted DNA/cDNA","Homo sapiens",9216,1,2,"Stanford Microarray Database (SMD)","Mar 04, 2006"
GPL3497,"NimbleGen hg17 Human 1.5 Kb MinPromoter array","in situ oligonucleotide","Homo sapiens",359384,24,5,"Mark Bieda","Mar 03, 2006"
GPL3016,"Atlas Plastic Human 12k Microarray","spotted oligonucleotide","Homo sapiens",11904,2,1,"Olaf Holz","Mar 02, 2006"
GPL2555,"SHFB","spotted DNA/cDNA","Homo sapiens",41472,16,1,"Howard Chang","Mar 01, 2006"
GPL3282,"11K_VJF-ARRAY","spotted DNA/cDNA","Homo sapiens",23232,177,4,"Sandrine Imbeaud","Mar 01, 2006"
GPL3489,"ENCODE NimbleGen hg17 tiling array","in situ oligonucleotide","Homo sapiens",382713,3,2,"Mark Bieda","Feb 28, 2006"
GPL3395,"WRAIR Homo sapiens 6.7k expression in SHIV-positive Rhesus","spotted DNA/cDNA","Homo sapiens",6764,8,1,"Rasha Hammamieh","Feb 26, 2006"
GPL3417,"SHGA","spotted DNA/cDNA","Homo sapiens",41472,21,3,"Stanford Microarray Database (SMD)","Feb 25, 2006"
GPL3418,"SHGG","spotted DNA/cDNA","Homo sapiens",43008,14,1,"Stanford Microarray Database (SMD)","Feb 25, 2006"
GPL3419,"SHGT","spotted DNA/cDNA","Homo sapiens",41472,1,1,"Stanford Microarray Database (SMD)","Feb 25, 2006"
GPL3428,"SHEE","spotted DNA/cDNA","Homo sapiens",43104,79,3,"Stanford Microarray Database (SMD)","Feb 25, 2006"
GPL3484,"JBB","spotted DNA/cDNA","Homo sapiens",8832,1,2,"Stanford Microarray Database (SMD)","Feb 25, 2006"
GPL3485,"SHAF","spotted DNA/cDNA","Homo sapiens",18432,1,2,"Stanford Microarray Database (SMD)","Feb 25, 2006"
GPL3486,"SHDE","spotted DNA/cDNA","Homo sapiens",43008,10,1,"Stanford Microarray Database (SMD)","Feb 25, 2006"
GPL2616,"BCCRC Lam SMRTr array ","spotted DNA/cDNA","Homo sapiens",53856,596,13,"William Wallace Lockwood","Feb 22, 2006"
GPL3307,"ABI Human Genome Survey Microarray v2.0","spotted oligonucleotide","Homo sapiens",36179,49,5,"Bjorn Grinde","Feb 20, 2006"
GPL3444,"Ambion Human_Mouse_Rat mirVana miRNA Bioarray_1566V1","spotted oligonucleotide","Homo sapiens;Mus musculus;Rattus norvegicus",897,71,7,"Lakshmi V. Madabusi","Feb 18, 2006"
GPL3463,"OMRF Microarray Core Facility Human 22k Print 13","spotted oligonucleotide","Homo sapiens",22464,21,3,"Parima Pathipvanich","Feb 18, 2006"
GPL2735,"BCCRC Lam SMRT array 32k_1.2","spotted DNA/cDNA","Homo sapiens",98208,23,2,"Ashleen Shadeo","Feb 17, 2006"
GPL3457,"Buck Institute Human 8k cDNA microarray","spotted DNA/cDNA","Homo sapiens",8008,15,3,"Douglas Joseph Mahoney","Feb 17, 2006"
GPL3377,"INRS Homo sapiens 6649_01","spotted DNA/cDNA","Homo sapiens",6356,1,1,"Bertrand Rihn","Feb 16, 2006"
GPL3448,"YALE/NIMBLEGEN_HUMAN-CHR22_372K_v1.0","in situ oligonucleotide","Homo sapiens",372352,24,4,"Jan Oliver Korbel","Feb 16, 2006"
GPL3449,"YALE/NIMBLEGEN HUMAN-CHR11-beta-globin-locus 6K v1.0","in situ oligonucleotide","Homo sapiens",5614,2,1,"Jan Oliver Korbel","Feb 16, 2006"
GPL3450,"YALE/NIMBLEGEN HUMAN-CHR11-beta-globin-locus 3K v1.0","in situ oligonucleotide","Homo sapiens",3027,1,1,"Jan Oliver Korbel","Feb 16, 2006"
GPL3455,"KUL Human 4K_2 BAC array Aneuploidy Screening","spotted DNA/cDNA","Homo sapiens",8026,9,1,"Joris R Vermeesch","Feb 15, 2006"
GPL3427,"TIGR 40K Human array","spotted DNA/cDNA","Homo sapiens",41472,196,4,"Valerie Wailin Hu","Feb 08, 2006"
GPL3313,"NMC Human 15K duplicate cDNA microarray","spotted DNA/cDNA","Homo sapiens",30000,20,1,"Tom Even Wheeler","Feb 03, 2006"
GPL3091,"KUL Human 4k BAC array Aneuploidy Screening","spotted DNA/cDNA","Homo sapiens",8228,29,1,"Joris R Vermeesch","Feb 01, 2006"
GPL3238,"miRNA microarray","spotted oligonucleotide","Homo sapiens",768,85,5,"Michael D. Mattie","Feb 01, 2006"
GPL3402,"SHBU","spotted DNA/cDNA","Homo sapiens",43008,14,1,"Stanford Microarray Database (SMD)","Feb 01, 2006"
GPL3405,"SHEM","spotted DNA/cDNA","Homo sapiens",41664,18,1,"Stanford Microarray Database (SMD)","Feb 01, 2006"
GPL1831,"SHFA","spotted DNA/cDNA","Homo sapiens",41472,30,1,"Markus Bredel","Jan 27, 2006"
GPL1833,"SHFK","spotted DNA/cDNA","Homo sapiens",41472,54,1,"Markus Bredel","Jan 27, 2006"
GPL3386,"SHGB","spotted DNA/cDNA","Homo sapiens",41472,19,2,"Stanford Microarray Database (SMD)","Jan 25, 2006"
GPL3017,"SHDS","spotted DNA/cDNA","Homo sapiens",43104,10,1,"Edwin Rodriguez","Jan 24, 2006"
GPL3018,"SHEE","spotted DNA/cDNA","Homo sapiens",43104,30,1,"Edwin Rodriguez","Jan 24, 2006"
GPL3019,"SHES","spotted DNA/cDNA","Homo sapiens",41472,17,1,"Edwin Rodriguez","Jan 24, 2006"
GPL3020,"SHEU","spotted DNA/cDNA","Homo sapiens",41472,12,1,"Edwin Rodriguez","Jan 24, 2006"
GPL3367,"DKFZ/Operon Human Oligo Set v2.1","spotted oligonucleotide","Homo sapiens",21888,190,1,"Olaf Thuerigen","Jan 21, 2006"
GPL3372,"SHFK","spotted DNA/cDNA","Homo sapiens",41472,7,5,"Stanford Microarray Database (SMD)","Jan 21, 2006"
GPL3381,"SHDV","spotted DNA/cDNA","Homo sapiens",43104,2,2,"Stanford Microarray Database (SMD)","Jan 21, 2006"
GPL3382,"SHEN","spotted DNA/cDNA","Homo sapiens",41664,17,3,"Stanford Microarray Database (SMD)","Jan 21, 2006"
GPL3383,"SHEP","spotted DNA/cDNA","Homo sapiens",41568,25,4,"Stanford Microarray Database (SMD)","Jan 21, 2006"
GPL2992,"QIMR Human 4.5k v30","spotted DNA/cDNA","Homo sapiens",9216,30,1,"Glen M Boyle","Jan 20, 2006"
GPL3370,"SHDQ","spotted DNA/cDNA","Homo sapiens",43104,13,1,"Stanford Microarray Database (SMD)","Jan 19, 2006"
GPL2710,"NIEHS Human ToxChip v1.0","spotted DNA/cDNA","Homo sapiens",1936,49,1,"Cynthia Innes","Jan 15, 2006"
GPL2768,"NIEHS Human ToxChip v2.0","spotted DNA/cDNA","Homo sapiens",2116,7,1,"Cynthia Innes","Jan 15, 2006"
GPL3349,"CMF/NKI produced Human 18K cDNA array, spots 1-19200","spotted DNA/cDNA","Homo sapiens",19200,60,2,"Peter Hendriksen","Jan 14, 2006"
GPL2986,"ABI Human Genome Survey Microarray Version 2","spotted oligonucleotide","Homo sapiens",32878,1761,45,"chunlin xiao","Jan 13, 2006"
GPL3348,"SRC Human Compugen 19K","spotted oligonucleotide","Homo sapiens",19317,69,4,"Sean M Grimmond","Jan 13, 2006"
GPL3355,"SHDJ","spotted DNA/cDNA","Homo sapiens",43008,42,5,"Stanford Microarray Database (SMD)","Jan 12, 2006"
GPL3339,"SHBD","spotted DNA/cDNA","Homo sapiens",43776,54,1,"Stanford Microarray Database (SMD)","Jan 11, 2006"
GPL3340,"SHDN","spotted DNA/cDNA","Homo sapiens",43104,9,2,"Stanford Microarray Database (SMD)","Jan 11, 2006"
GPL3341,"SHDP","spotted DNA/cDNA","Homo sapiens",43104,65,5,"Stanford Microarray Database (SMD)","Jan 11, 2006"
GPL3343,"SHDU","spotted DNA/cDNA","Homo sapiens",43104,22,1,"Stanford Microarray Database (SMD)","Jan 11, 2006"
GPL3344,"SHEI","spotted DNA/cDNA","Homo sapiens",41568,37,2,"Stanford Microarray Database (SMD)","Jan 11, 2006"
GPL3345,"SHEK","spotted DNA/cDNA","Homo sapiens",41664,18,3,"Stanford Microarray Database (SMD)","Jan 11, 2006"
GPL3346,"LC-24","spotted DNA/cDNA","Homo sapiens",37632,88,1,"Stanford Microarray Database (SMD)","Jan 11, 2006"
GPL3347,"LC-26","spotted DNA/cDNA","Homo sapiens",37632,28,2,"Stanford Microarray Database (SMD)","Jan 11, 2006"
GPL3334,"SHCO","spotted DNA/cDNA","Homo sapiens",43008,44,5,"Stanford Microarray Database (SMD)","Jan 10, 2006"
GPL3335,"SHES","spotted DNA/cDNA","Homo sapiens",41472,56,8,"Stanford Microarray Database (SMD)","Jan 10, 2006"
GPL3320,"SHCZ","spotted DNA/cDNA","Homo sapiens",43008,33,4,"Stanford Microarray Database (SMD)","Jan 07, 2006"
GPL3321,"SHDF","spotted DNA/cDNA","Homo sapiens",43008,36,1,"Stanford Microarray Database (SMD)","Jan 07, 2006"
GPL3322,"SHDL","spotted DNA/cDNA","Homo sapiens",43104,97,6,"Stanford Microarray Database (SMD)","Jan 07, 2006"
GPL3323,"SHDO","spotted DNA/cDNA","Homo sapiens",43104,7,2,"Stanford Microarray Database (SMD)","Jan 07, 2006"
GPL3324,"SHDR","spotted DNA/cDNA","Homo sapiens",43104,16,1,"Stanford Microarray Database (SMD)","Jan 07, 2006"
GPL3325,"SHDT","spotted DNA/cDNA","Homo sapiens",43104,4,1,"Stanford Microarray Database (SMD)","Jan 07, 2006"
GPL3332,"SHEJ","spotted DNA/cDNA","Homo sapiens",41568,15,3,"Stanford Microarray Database (SMD)","Jan 07, 2006"
GPL3302,"SHCR","spotted DNA/cDNA","Homo sapiens",43008,4,1,"Stanford Microarray Database (SMD)","Jan 06, 2006"
GPL3303,"SHDM","spotted DNA/cDNA","Homo sapiens",43104,2,1,"Stanford Microarray Database (SMD)","Jan 06, 2006"
GPL3306,"SVB","spotted DNA/cDNA","Homo sapiens",9216,4,1,"Stanford Microarray Database (SMD)","Jan 06, 2006"
GPL3310,"SHDI","spotted DNA/cDNA","Homo sapiens",43008,8,2,"Stanford Microarray Database (SMD)","Jan 06, 2006"
GPL3305,"SHCF","spotted DNA/cDNA","Homo sapiens",43008,24,4,"Stanford Microarray Database (SMD)","Jan 05, 2006"
GPL2012,"Chinnaiyan Human 20K Hs3","spotted DNA/cDNA","Homo sapiens",20000,23,2,"Scott Tomlins","Jan 02, 2006"
GPL2013,"Chinnaiyan Human 20K Hs6","spotted DNA/cDNA","Homo sapiens",20000,209,4,"Scott Tomlins","Jan 02, 2006"
GPL2829,"UHN SS-Human 19Kv7","spotted DNA/cDNA","Homo sapiens",19200,136,3,"Michele Bianchini","Dec 31, 2005"
GPL2902,"VUMC MACF human 19K oligo vSAE4","spotted oligonucleotide","Homo sapiens",19200,45,2,"Daoud Sie","Dec 31, 2005"
GPL2920,"DKFZ Homo sapiens 6k-array, version 3/4, upgrade","spotted DNA/cDNA","Homo sapiens",19395,68,1,"Frank Mendrzyk","Dec 31, 2005"
GPL3295,"SHCD_Homo sapiens 43k cDNA array","spotted DNA/cDNA","Homo sapiens",43008,5,2,"Stanford Microarray Database (SMD)","Dec 31, 2005"
GPL3296,"Cohen-31k-b","spotted DNA/cDNA","Homo sapiens",31488,7,2,"Stanford Microarray Database (SMD)","Dec 31, 2005"
GPL2586,"Human oligo splicing array","spotted oligonucleotide","Homo sapiens",9600,6,1,"Ren-Jing Lin","Dec 30, 2005"
GPL3287,"SHBL","spotted DNA/cDNA","Homo sapiens",44928,2,2,"Stanford Microarray Database (SMD)","Dec 30, 2005"
GPL3288,"SHBO","spotted DNA/cDNA","Homo sapiens",43008,7,3,"Stanford Microarray Database (SMD)","Dec 30, 2005"
GPL3289,"SHBW","spotted DNA/cDNA","Homo sapiens",43008,60,5,"Stanford Microarray Database (SMD)","Dec 30, 2005"
GPL3290,"SHCX","spotted DNA/cDNA","Homo sapiens",43008,32,4,"Stanford Microarray Database (SMD)","Dec 30, 2005"
GPL3291,"SHDS","spotted DNA/cDNA","Homo sapiens",43104,40,4,"Stanford Microarray Database (SMD)","Dec 30, 2005"
GPL3293,"LC-27","spotted DNA/cDNA","Homo sapiens",37632,42,1,"Stanford Microarray Database (SMD)","Dec 30, 2005"
GPL3283,"SHBF","spotted DNA/cDNA","Homo sapiens",45312,24,4,"Stanford Microarray Database (SMD)","Dec 29, 2005"
GPL3284,"SHCW","spotted DNA/cDNA","Homo sapiens",43008,62,7,"Stanford Microarray Database (SMD)","Dec 29, 2005"
GPL3285,"SHCT","spotted DNA/cDNA","Homo sapiens",43008,27,5,"Stanford Microarray Database (SMD)","Dec 29, 2005"
GPL3110,"Human TReg Chip","spotted oligonucleotide","Homo sapiens",3200,59,1,"Susanne Pfoertner","Dec 26, 2005"
GPL3266,"SHBC","spotted DNA/cDNA","Homo sapiens",43392,45,8,"Stanford Microarray Database (SMD)","Dec 21, 2005"
GPL3268,"SHDD","spotted DNA/cDNA","Homo sapiens",43008,58,2,"Stanford Microarray Database (SMD)","Dec 21, 2005"
GPL3271,"SHCV","spotted DNA/cDNA","Homo sapiens",43008,42,6,"Stanford Microarray Database (SMD)","Dec 21, 2005"
GPL3272,"SHCN","spotted DNA/cDNA","Homo sapiens",43008,26,3,"Stanford Microarray Database (SMD)","Dec 21, 2005"
GPL3273,"SHBI","spotted DNA/cDNA","Homo sapiens",44544,13,3,"Stanford Microarray Database (SMD)","Dec 21, 2005"
GPL3274,"SHBS","spotted DNA/cDNA","Homo sapiens",43104,1,2,"Stanford Microarray Database (SMD)","Dec 21, 2005"
GPL3275,"SHCM","spotted DNA/cDNA","Homo sapiens",43008,20,3,"Stanford Microarray Database (SMD)","Dec 21, 2005"
GPL2819,"VUMC MACF human 30K oligo v42","spotted oligonucleotide","Homo sapiens",30000,37,3,"Daoud Sie","Dec 19, 2005"
GPL2826,"VUMC MACF human 30K oligo v31","spotted oligonucleotide","Homo sapiens",30000,40,7,"Daoud Sie","Dec 19, 2005"
GPL2827,"VUMC MACF human 30K oligo v44","spotted oligonucleotide","Homo sapiens",30000,51,8,"Daoud Sie","Dec 19, 2005"
GPL2834,"VUMC MACF human 30K oligo v36","spotted oligonucleotide","Homo sapiens",30000,85,3,"Daoud Sie","Dec 19, 2005"
GPL2842,"VUMC MACF human 5K BAC v22","spotted DNA/cDNA","Homo sapiens",17328,104,4,"Daoud Sie","Dec 19, 2005"
GPL2843,"VUMC MACF human 6K BAC v45","spotted DNA/cDNA","Homo sapiens",19200,160,8,"Daoud Sie","Dec 19, 2005"
GPL3054,"VUMC MACF human 19K oligo v5","spotted oligonucleotide","Homo sapiens",19200,24,2,"Daoud Sie","Dec 19, 2005"
GPL3055,"VUMC MACF human 30K oligo v30","spotted oligonucleotide","Homo sapiens",30000,73,3,"Daoud Sie","Dec 19, 2005"
GPL3056,"GIS MEGS Hs 28K COMP v1","spotted oligonucleotide","Homo sapiens",30000,1,1,"Daoud Sie","Dec 19, 2005"
GPL3262,"LC-14","spotted DNA/cDNA","Homo sapiens",18432,31,1,"Stanford Microarray Database (SMD)","Dec 17, 2005"
GPL3254,"SHCK","spotted DNA/cDNA","Homo sapiens",43008,68,10,"Stanford Microarray Database (SMD)","Dec 15, 2005"
GPL3111,"Affymetrix ENCODE Tiling Array - ANTISENSE - NCBI build 35","in situ oligonucleotide","Homo sapiens",736787,76,10,"Thomas R Gingeras","Dec 13, 2005"
GPL3241,"IPMC - microRNA v1","spotted oligonucleotide","Homo sapiens",6144,8,1,"Kevin Lebrigand","Dec 13, 2005"
GPL1741,"Incyte Human UniGEM V2.40","spotted DNA/cDNA","Homo sapiens",9260,2,1,"Kuan-Chun Huang","Dec 11, 2005"
GPL3050,"Human Unigene3.1 cDNA Array 37.5K v1.0","spotted DNA/cDNA","Homo sapiens",37530,303,8,"Ruprecht Kuner","Dec 09, 2005"
GPL2001,"SHCX","spotted DNA/cDNA","Homo sapiens",43008,18,1,"Jonathan Pollack","Dec 06, 2005"
GPL2002,"SHEG","spotted DNA/cDNA","Homo sapiens",41568,16,1,"Jonathan Pollack","Dec 06, 2005"
GPL2758,"NIA Homo sapiens 1.1k v1.0 Neuroarray","spotted DNA/cDNA","Homo sapiens",1152,6,1,"DAVID MURPHY","Dec 02, 2005"
GPL3218,"MRC Human Known Gene Oligo Array Print B","spotted oligonucleotide","Homo sapiens",21120,38,2,"Jerry A Styles","Dec 02, 2005"
GPL1982,"ACRF microarray consortium human 8k array","spotted DNA/cDNA","Homo sapiens",16896,14,2,"Ken Simpson","Dec 01, 2005"
GPL3090,"Sanger Pilot Study V1","oligonucleotide beads","Homo sapiens",1433,382,1,"Emmanouil T Dermitzakis","Dec 01, 2005"
GPL1443,"Massively Parallel Signature Sequencing - MPSS (classic method)","MPSS","Homo sapiens",391669,32,1,"Lynx Lynx","Nov 29, 2005"
GPL3147,"SHAZ","spotted DNA/cDNA","Homo sapiens",44160,42,9,"Stanford Microarray Database (SMD)","Nov 24, 2005"
GPL3155,"SHCI","spotted DNA/cDNA","Homo sapiens",43008,6,1,"Stanford Microarray Database (SMD)","Nov 24, 2005"
GPL3113,"LC-23","spotted DNA/cDNA","Homo sapiens",37632,24,2,"Stanford Microarray Database (SMD)","Nov 23, 2005"
GPL3114,"SHCB","spotted DNA/cDNA","Homo sapiens",43008,20,5,"Stanford Microarray Database (SMD)","Nov 23, 2005"
GPL3120,"LC-21","spotted DNA/cDNA","Homo sapiens",37632,48,1,"Stanford Microarray Database (SMD)","Nov 23, 2005"
GPL3121,"LC-30","spotted DNA/cDNA","Homo sapiens",37632,77,1,"Stanford Microarray Database (SMD)","Nov 23, 2005"
GPL3122,"LC-31","spotted DNA/cDNA","Homo sapiens",37632,22,1,"Stanford Microarray Database (SMD)","Nov 23, 2005"
GPL3092,"LC-19","spotted DNA/cDNA","Homo sapiens",37632,54,1,"Stanford Microarray Database (SMD)","Nov 19, 2005"
GPL3093,"LC-25","spotted DNA/cDNA","Homo sapiens",37632,73,2,"Stanford Microarray Database (SMD)","Nov 19, 2005"
GPL2988,"Sanger (Hurles) - Homo sapiens - 385K feature custom tiling path array - v1.0","in situ oligonucleotide","Homo sapiens",361042,8,1,"Dan Andrews","Nov 17, 2005"
GPL3064,"INSERM Homo sapiens 14K array_Liverpool2","spotted DNA/cDNA","Homo sapiens",13824,189,2,"Jean Philippe SALIER","Nov 16, 2005"
GPL3073,"UHN Human 19K v7 array","spotted DNA/cDNA","Homo sapiens",19200,45,1,"René Stempfer","Nov 16, 2005"
GPL3082,"LC-11","spotted DNA/cDNA","Homo sapiens",18432,64,1,"Stanford Microarray Database (SMD)","Nov 16, 2005"
GPL3083,"LC-12","spotted DNA/cDNA","Homo sapiens",18432,5,1,"Stanford Microarray Database (SMD)","Nov 16, 2005"
GPL3084,"LC-18","spotted DNA/cDNA","Homo sapiens",37632,34,2,"Stanford Microarray Database (SMD)","Nov 16, 2005"
GPL1707,"Array for the Classification of CAD and DCM hearts","spotted DNA/cDNA","Homo sapiens",7744,25,1,"Vidar Beisvag","Nov 15, 2005"
GPL2914,"MRC Human Known Gene Oligo Array","spotted oligonucleotide","Homo sapiens",21120,32,2,"Jerry A Styles","Nov 11, 2005"
GPL2024,"UCSF_HumArray","spotted DNA/cDNA","Homo sapiens",1957,142,2,"Boris Bastian","Nov 05, 2005"
GPL3044,"SHCQ","spotted DNA/cDNA","Homo sapiens",43008,54,4,"Stanford Microarray Database (SMD)","Nov 04, 2005"
GPL3045,"SHBG","spotted DNA/cDNA","Homo sapiens",45696,103,15,"Stanford Microarray Database (SMD)","Nov 04, 2005"
GPL3046,"SHBT","spotted DNA/cDNA","Homo sapiens",43008,49,13,"Stanford Microarray Database (SMD)","Nov 04, 2005"
GPL3047,"SHBY","spotted DNA/cDNA","Homo sapiens",43008,40,7,"Stanford Microarray Database (SMD)","Nov 04, 2005"
GPL3038,"SHAW","spotted DNA/cDNA","Homo sapiens",41088,39,5,"Stanford Microarray Database (SMD)","Nov 03, 2005"
GPL3039,"SHBE","spotted DNA/cDNA","Homo sapiens",44544,61,9,"Stanford Microarray Database (SMD)","Nov 03, 2005"
GPL3040,"SHBK","spotted DNA/cDNA","Homo sapiens",46464,3,2,"Stanford Microarray Database (SMD)","Nov 03, 2005"
GPL3041,"SHBQ","spotted DNA/cDNA","Homo sapiens",43008,42,7,"Stanford Microarray Database (SMD)","Nov 03, 2005"
GPL3042,"SHAU","spotted DNA/cDNA","Homo sapiens",39168,50,7,"Stanford Microarray Database (SMD)","Nov 03, 2005"
GPL3043,"SHCE","spotted DNA/cDNA","Homo sapiens",43008,90,4,"Stanford Microarray Database (SMD)","Nov 03, 2005"
GPL3036,"NIEHS Human Operon Oligo/ToxChip Hybrid V 2.0","mixed spotted oligonucleotide/cDNA","Homo sapiens",17664,4,1,"Pierre Robert Bushel","Nov 02, 2005"
GPL3037,"NIEHS Human Operon Oligo/ToxChip Hybrid V 1.0","mixed spotted oligonucleotide/cDNA","Homo sapiens",20000,4,1,"Pierre Robert Bushel","Nov 02, 2005"
GPL2799,"NMC 7.7k duplicate human cDNA arrays, Ser 020617","spotted DNA/cDNA","Homo sapiens",15488,8,1,"Kristin Nørsett","Nov 01, 2005"
GPL3022,"SHFE3","spotted DNA/cDNA","Homo sapiens",41472,9,1,"Hongjuan Zhao","Nov 01, 2005"
GPL3023,"SHFJ","spotted DNA/cDNA","Homo sapiens",41472,41,1,"Hongjuan Zhao","Nov 01, 2005"
GPL3024,"SHFQ","spotted DNA/cDNA","Homo sapiens",41472,27,1,"Hongjuan Zhao","Nov 01, 2005"
GPL3025,"SHDJ","spotted DNA/cDNA","Homo sapiens",43008,12,1,"Hongjuan Zhao","Nov 01, 2005"
GPL3026,"SHDU","spotted DNA/cDNA","Homo sapiens",43104,13,1,"Hongjuan Zhao","Nov 01, 2005"
GPL3027,"SHEB","spotted DNA/cDNA","Homo sapiens",43104,8,1,"Hongjuan Zhao","Nov 01, 2005"
GPL3028,"SHEO","spotted DNA/cDNA","Homo sapiens",41568,14,1,"Hongjuan Zhao","Nov 01, 2005"
GPL3029,"SHER","spotted DNA/cDNA","Homo sapiens",41568,11,1,"Hongjuan Zhao","Nov 01, 2005"
GPL3030,"SHFB","spotted DNA/cDNA","Homo sapiens",41472,15,1,"Hongjuan Zhao","Nov 01, 2005"
GPL3031,"SHFC2","spotted DNA/cDNA","Homo sapiens",41472,27,1,"Hongjuan Zhao","Nov 01, 2005"
GPL3033,"WRAIR Homo sapiens 10k fatty acid binding proteins in prostate cancer","spotted DNA/cDNA","Homo sapiens",10368,14,1,"Rasha Hammamieh","Oct 29, 2005"
GPL3014,"ResGenHs15K_DIO","spotted DNA/cDNA","Homo sapiens",15552,20,1,"Luis Andres Lopez-Fernandez","Oct 27, 2005"
GPL3007,"SHAB","spotted DNA/cDNA","Homo sapiens",24192,21,3,"Stanford Microarray Database (SMD)","Oct 25, 2005"
GPL3008,"SHW","spotted DNA/cDNA","Homo sapiens",24192,8,1,"Stanford Microarray Database (SMD)","Oct 25, 2005"
GPL3009,"SHAG","spotted DNA/cDNA","Homo sapiens",24192,26,1,"Stanford Microarray Database (SMD)","Oct 25, 2005"
GPL3010,"SHQ","spotted DNA/cDNA","Homo sapiens",24192,13,2,"Stanford Microarray Database (SMD)","Oct 25, 2005"
GPL3011,"SHAN","spotted DNA/cDNA","Homo sapiens",24192,55,3,"Stanford Microarray Database (SMD)","Oct 25, 2005"
GPL3000,"SHY","spotted DNA/cDNA","Homo sapiens",24192,31,2,"Stanford Microarray Database (SMD)","Oct 22, 2005"
GPL3001,"SHBA","spotted DNA/cDNA","Homo sapiens",44160,70,4,"Stanford Microarray Database (SMD)","Oct 22, 2005"
GPL3002,"SHAI","spotted DNA/cDNA","Homo sapiens",24192,61,5,"Stanford Microarray Database (SMD)","Oct 22, 2005"
GPL3003,"SHAQ","spotted DNA/cDNA","Homo sapiens",41088,8,3,"Stanford Microarray Database (SMD)","Oct 22, 2005"
GPL2990,"Cohen-31K1a","spotted DNA/cDNA","Homo sapiens",31488,40,7,"Stanford Microarray Database (SMD)","Oct 20, 2005"
GPL2845,"Applied Biosystems TaqMan Gene Expression Assays (human)","RT-PCR","Homo sapiens",210442,320,10,"Fangqi Hu","Oct 19, 2005"
GPL2979,"LC-20","spotted DNA/cDNA","Homo sapiens",37632,54,1,"Stanford Microarray Database (SMD)","Oct 18, 2005"
GPL2980,"SHAP","spotted DNA/cDNA","Homo sapiens",24192,11,3,"Stanford Microarray Database (SMD)","Oct 18, 2005"
GPL2939,"VDX_Homo_sapiens_Breast_2","in situ oligonucleotide","Homo sapiens",151,180,1,"Tim Jatkoe","Oct 15, 2005"
GPL2947,"SHAS","spotted DNA/cDNA","Homo sapiens",41088,14,7,"Stanford Microarray Database (SMD)","Oct 15, 2005"
GPL2948,"SHAD","spotted DNA/cDNA","Homo sapiens",24192,47,5,"Stanford Microarray Database (SMD)","Oct 15, 2005"
GPL2932,"SHAX","spotted DNA/cDNA","Homo sapiens",39552,23,3,"Stanford Microarray Database (SMD)","Oct 13, 2005"
GPL2933,"SHAL","spotted DNA/cDNA","Homo sapiens",18432,5,1,"Stanford Microarray Database (SMD)","Oct 13, 2005"
GPL2934,"SHAY","spotted DNA/cDNA","Homo sapiens",39552,21,4,"Stanford Microarray Database (SMD)","Oct 13, 2005"
GPL2935,"SHAO","spotted DNA/cDNA","Homo sapiens",24192,30,6,"Stanford Microarray Database (SMD)","Oct 13, 2005"
GPL2936,"SHAE","spotted DNA/cDNA","Homo sapiens",24192,47,6,"Stanford Microarray Database (SMD)","Oct 13, 2005"
GPL2937,"SHBH","spotted DNA/cDNA","Homo sapiens",45312,51,9,"Stanford Microarray Database (SMD)","Oct 13, 2005"
GPL2938,"SHBJ","spotted DNA/cDNA","Homo sapiens",44544,29,11,"Stanford Microarray Database (SMD)","Oct 13, 2005"
GPL1977,"NHGRI 12k cDNA Custom Array","spotted DNA/cDNA","Homo sapiens",12600,181,1,"Sean Davis","Oct 11, 2005"
GPL2911,"Center for Functional Analysis of Human Genome Human Incyte 10K","spotted DNA/cDNA","Homo sapiens",10336,18,1,"Heun-Sik Lee","Oct 07, 2005"
GPL2912,"Center for Functional Analysis of Human Genome Human KUGI 14K (stomach cancer)","spotted DNA/cDNA","Homo sapiens",14080,117,2,"Heun-Sik Lee","Oct 06, 2005"
GPL2913,"Center for Functional Analysis of Human Genome Human KUGI 24K (liver cancer)","spotted DNA/cDNA","Homo sapiens",24288,42,2,"Heun-Sik Lee","Oct 06, 2005"
GPL1718,"Phage Epitope Microarrays","other","Homo sapiens",2210,31,1,"Xiaoju Wang","Oct 04, 2005"
GPL1721,"Focused Phage Epitope Microarray","other","Homo sapiens",180,312,1,"Xiaoju Wang","Oct 04, 2005"
GPL1962,"Human Stress Chip Rev. 1.0","spotted DNA/cDNA","Homo sapiens",1152,8,1,"Janko Dietzsch","Oct 04, 2005"
GPL2714,"Human 22K long oligo array","spotted oligonucleotide","Homo sapiens",21329,10,1,"yong guo","Oct 01, 2005"
GPL1935,"Human Skeletal Muscle Array","spotted DNA/cDNA","Homo sapiens",231,92,2,"Silvia Schmutz","Sep 30, 2005"
GPL2904,"SHP","spotted DNA/cDNA","Homo sapiens",24192,3,1,"Stanford Microarray Database (SMD)","Sep 30, 2005"
GPL2905,"SHAH","spotted DNA/cDNA","Homo sapiens",24192,50,4,"Stanford Microarray Database (SMD)","Sep 30, 2005"
GPL2906,"SHAK","spotted DNA/cDNA","Homo sapiens",24192,35,3,"Stanford Microarray Database (SMD)","Sep 30, 2005"
GPL2891,"GE Healthcare/Amersham Biosciences CodeLink™   UniSet Human 20K I Bioarray","spotted oligonucleotide","Homo sapiens",23572,272,12,"Randall Lockner","Sep 29, 2005"
GPL2893,"GE Healthcare/Amersham Biosciences CodeLink™   UniSet Human I Bioarray","spotted oligonucleotide","Homo sapiens",10752,22,2,"Randall Lockner","Sep 29, 2005"
GPL2895,"GE Healthcare/Amersham Biosciences CodeLink Human Whole Genome Bioarray","spotted oligonucleotide","Homo sapiens",56448,1589,69,"Randall Lockner","Sep 29, 2005"
GPL2869,"UC Human 22K v2.2 Operon 70-mer oligo array","spotted oligonucleotide","Homo sapiens",32256,4,1,"Rajkumar T","Sep 24, 2005"
GPL2873,"Agilent-012750 Human Genome CGH Microarray 44A (Feature number version)","in situ oligonucleotide","Homo sapiens",44290,237,15,"Agilent Technologies","Sep 24, 2005"
GPL2879,"Agilent-013282 Human Genome CGH Microarray 44B (Feature number version)","in situ oligonucleotide","Homo sapiens",44290,658,37,"Agilent Technologies","Sep 24, 2005"
GPL2865,"HA27","spotted DNA/cDNA","Homo sapiens",26496,24,2,"Stanford Microarray Database (SMD)","Sep 23, 2005"
GPL2866,"Cohen-20K1a","spotted DNA/cDNA","Homo sapiens",19584,4,2,"Stanford Microarray Database (SMD)","Sep 23, 2005"
GPL2867,"SHAV","spotted DNA/cDNA","Homo sapiens",39168,2,3,"Stanford Microarray Database (SMD)","Sep 23, 2005"
GPL2868,"SHAM","spotted DNA/cDNA","Homo sapiens",24192,32,8,"Stanford Microarray Database (SMD)","Sep 23, 2005"
GPL1883,"Infection and inflammation array","spotted DNA/cDNA","Homo sapiens",4608,32,1,"Nina Reiniger","Sep 20, 2005"
GPL2854,"LC-39","spotted DNA/cDNA","Homo sapiens",37632,16,1,"Stanford Microarray Database (SMD)","Sep 17, 2005"
GPL2775,"Human 32k tiling BAC array","spotted DNA/cDNA","Homo sapiens",33696,639,2,"Joris Andre Veltman","Sep 16, 2005"
GPL2097,"Muscle-related 4K cDNA array","spotted DNA/cDNA","Homo sapiens",15552,42,1,"Ellen Sterrenburg","Sep 15, 2005"
GPL2822,"UI Human EST 37K cDNA array","spotted DNA/cDNA","Homo sapiens",37632,43,1,"Bartley Joseph Brown","Sep 10, 2005"
GPL2830,"SVI","spotted DNA/cDNA","Homo sapiens",9216,59,1,"Stanford Microarray Database (SMD)","Sep 10, 2005"
GPL2831,"SHR","spotted DNA/cDNA","Homo sapiens",24192,40,6,"Stanford Microarray Database (SMD)","Sep 10, 2005"
GPL2832,"SHU","spotted DNA/cDNA","Homo sapiens",24192,33,8,"Stanford Microarray Database (SMD)","Sep 10, 2005"
GPL2824,"LC-13","spotted DNA/cDNA","Homo sapiens",18432,76,2,"Stanford Microarray Database (SMD)","Sep 09, 2005"
GPL2790,"SHCP","spotted DNA/cDNA","Homo sapiens",43008,62,5,"Stanford Microarray Database (SMD)","Aug 27, 2005"
GPL2793,"LC-9","spotted DNA/cDNA","Homo sapiens",18432,35,1,"Stanford Microarray Database (SMD)","Aug 27, 2005"
GPL2776,"SVL_SVM_SVN_SVO","spotted DNA/cDNA","Homo sapiens",9216,53,8,"Stanford Microarray Database (SMD)","Aug 25, 2005"
GPL2777,"SVJ","spotted DNA/cDNA","Homo sapiens",9216,2,5,"Stanford Microarray Database (SMD)","Aug 25, 2005"
GPL2778,"SHAC","spotted DNA/cDNA","Homo sapiens",24192,14,9,"Stanford Microarray Database (SMD)","Aug 25, 2005"
GPL2779,"SHDB","spotted DNA/cDNA","Homo sapiens",43008,15,3,"Stanford Microarray Database (SMD)","Aug 25, 2005"
GPL2695,"SHBB","spotted DNA/cDNA","Homo sapiens",44160,50,8,"Stanford Microarray Database (SMD)","Aug 23, 2005"
GPL2696,"SHCG","spotted DNA/cDNA","Homo sapiens",43008,60,5,"Stanford Microarray Database (SMD)","Aug 23, 2005"
GPL1414,"Human_1_20K_Chip","spotted DNA/cDNA","Homo sapiens",19944,0,0,"Francesco Gorreta","Aug 22, 2005"
GPL2746,"human 10K E ","spotted DNA/cDNA","Homo sapiens",11552,39,2,"Eugenia Migliavacca","Aug 20, 2005"
GPL2747,"human 10K D","spotted DNA/cDNA","Homo sapiens",11552,7,1,"Eugenia Migliavacca","Aug 20, 2005"
GPL2767,"Oncochip v.2","spotted DNA/cDNA","Homo sapiens",27648,16,1,"Moises Burset Albareda","Aug 20, 2005"
GPL2761,"Human 58K oligonucleotide chip","spotted oligonucleotide","Homo sapiens",58268,28,1,"Mads Thomassen","Aug 19, 2005"
GPL2750,"SAGE:11:NlaIII:Homo sapiens","SAGE NlaIII","Homo sapiens",0,3,1,"GEO","Aug 12, 2005"
GPL1739,"Amersham Biosciences CodeLink Uniset Human I Bioarray","spotted DNA/cDNA","Homo sapiens",10458,26,1,"Thomas Richards","Aug 08, 2005"
GPL2724,"Sanger Pilot Study V1","oligonucleotide beads","Homo sapiens",1433,0,0,"Illumina Inc.","Aug 08, 2005"
GPL2725,"Sentrix® HumanRef-8RD BeadChip ","oligonucleotide beads","Homo sapiens",24136,37,4,"Illumina Inc.","Aug 08, 2005"
GPL2721,"RIKILT Human Oligo Array","spotted oligonucleotide","Homo sapiens",10296,22,1,"Jaap Keijer","Aug 07, 2005"
GPL2022,"CR UK DMF Human 6.5K","spotted DNA/cDNA","Homo sapiens",13056,4,1,"Ahmed Ashour Ahmed","Aug 05, 2005"
GPL1392,"ABC Human 8K","spotted DNA/cDNA","Homo sapiens",7597,6,1,"Yi-Ming Arthur Chen","Aug 02, 2005"
GPL1432,"6k-array, version 3/4.","spotted DNA/cDNA","Homo sapiens",19311,94,1,"Frank Mendrzyk","Jul 31, 2005"
GPL2128,"Human 2.6K cDNA array","spotted DNA/cDNA","Homo sapiens",8400,13,1,"Syed S Ahmed","Jul 30, 2005"
GPL2700,"Sentrix HumanRef-8 Expression BeadChip","oligonucleotide beads","Homo sapiens",24354,1586,38,"Illumina Inc.","Jul 30, 2005"
GPL2705,"SHBV","spotted DNA/cDNA","Homo sapiens",43008,59,7,"Stanford Microarray Database (SMD)","Jul 30, 2005"
GPL2706,"SHCG (2)","spotted DNA/cDNA","Homo sapiens",43008,7,1,"Stanford Microarray Database (SMD)","Jul 30, 2005"
GPL2677,"Human Array 1.0","spotted DNA/cDNA","Homo sapiens",5376,16,2,"Gerolamo Lanfranchi","Jul 28, 2005"
GPL2669,"SHAA","spotted DNA/cDNA","Homo sapiens",24192,7,4,"Stanford Microarray Database (SMD)","Jul 23, 2005"
GPL2670,"SHAT","spotted DNA/cDNA","Homo sapiens",41088,33,9,"Stanford Microarray Database (SMD)","Jul 23, 2005"
GPL2671,"SHAJ","spotted DNA/cDNA","Homo sapiens",24192,13,5,"Stanford Microarray Database (SMD)","Jul 23, 2005"
GPL1449,"GE Codelink Human Uniset I, II, and 20K","spotted oligonucleotide","Homo sapiens",19881,92,2,"Dimitri Krainc","Jul 22, 2005"
GPL2648,"SHX","spotted DNA/cDNA","Homo sapiens",24192,51,7,"Stanford Microarray Database (SMD)","Jul 21, 2005"
GPL2649,"SHT","spotted DNA/cDNA","Homo sapiens",24192,33,7,"Stanford Microarray Database (SMD)","Jul 21, 2005"
GPL2641,"[Mapping10K_Xba142] Affymetrix Human Mapping 10K 2.0 Array","in situ oligonucleotide","Homo sapiens",10208,8218,24,"Affymetrix, Inc.","Jul 18, 2005"
GPL2597,"Incyte Human UniGEMV Ver2.0","spotted DNA/cDNA","Homo sapiens",9128,1,1,"Motoko Naitoh","Jul 16, 2005"
GPL2631,"Cohen-HJ3","spotted DNA/cDNA","Homo sapiens",40320,9,3,"Stanford Microarray Database (SMD)","Jul 16, 2005"
GPL2614,"LC-36","spotted DNA/cDNA","Homo sapiens",37632,28,1,"Stanford Microarray Database (SMD)","Jul 09, 2005"
GPL2595,"CRUKDMF_15K_v1.1.0","spotted DNA/cDNA","Homo sapiens",14127,112,2,"Ian Giddings","Jul 07, 2005"
GPL2596,"CRUKDMF_22Kminus6K_v1.1.0","spotted DNA/cDNA","Homo sapiens",14641,14,2,"Ian Giddings","Jul 07, 2005"
GPL2591,"Codelink Uniset 1","spotted oligonucleotide","Homo sapiens",10458,0,0,"Aaron M. Domina","Jul 06, 2005"
GPL2592,"Codelink Uniset 2","spotted oligonucleotide","Homo sapiens",10500,0,0,"Aaron M. Domina","Jul 06, 2005"
GPL2016,"Diagnostic miniarray of childhood acute lymphoblastic leukemia (ALL)","spotted DNA/cDNA","Homo sapiens",208,17,1,"Gerolamo Lanfranchi","Jul 05, 2005"
GPL2023,"MAS7.5","spotted oligonucleotide","Homo sapiens",1920,11,1,"Eric A. Miska","Jul 05, 2005"
GPL2048,"PeterMac 8k cDNA chip","spotted DNA/cDNA","Homo sapiens",7383,124,1,"Amit Aggarwal","Jul 05, 2005"
GPL2094,"Stanford 44k","spotted DNA/cDNA","Homo sapiens",42988,90,1,"Amit Aggarwal","Jul 05, 2005"
GPL2590,"Human cytochrome P450 splice variant array","in situ oligonucleotide","Homo sapiens",723,0,0,"Jonathan L Bingham","Jul 05, 2005"
GPL2017,"microRNA microarray MAS7","spotted oligonucleotide","Homo sapiens",1440,16,1,"Eric A. Miska","Jul 04, 2005"
GPL2040,"UHN Human CpG 12K Array (HCGI12K)","spotted DNA/cDNA","Homo sapiens",13056,423,15,"Michael Weber","Jul 03, 2005"
GPL2014,"Affymetrix GeneChip Human Mapping 50K Hind - prerelease","in situ oligonucleotide","Homo sapiens",63378,64,1,"William R. Sellers","Jul 02, 2005"
GPL2015,"Affymetrix GeneChip Human Mapping 50K Xba - prerelease","in situ oligonucleotide","Homo sapiens",63379,64,1,"William R. Sellers","Jul 02, 2005"
GPL2565,"Home-made salmonella inducing cDNA array","spotted DNA/cDNA","Homo sapiens",672,54,1,"Hui Zeng","Jul 02, 2005"
GPL1479,"JAKE","spotted DNA/cDNA","Homo sapiens",10368,80,1,"Ekaterini Blaveri","Jul 01, 2005"
GPL1727,"Human 3.8k cDNA","spotted DNA/cDNA","Homo sapiens",3872,118,1,"Renato David Puga","Jul 01, 2005"
GPL2583,"Human cDNA array","spotted DNA/cDNA","Homo sapiens",30000,0,0,"Vidar Fykse","Jul 01, 2005"
GPL1790,"Agilent-TQ Cardiovascular Human Oligonucleotide Array","spotted oligonucleotide","Homo sapiens",20433,51,1,"Jennifer King","Jun 30, 2005"
GPL2052,"Human tiling array using Nimblegen platform, set 1 of 38","in situ oligonucleotide","Homo sapiens",389119,1,1,"Chunxu Qu","Jun 29, 2005"
GPL2053,"Human tiling array using Nimblegen platform, set 2 of 38","in situ oligonucleotide","Homo sapiens",382520,1,1,"Chunxu Qu","Jun 29, 2005"
GPL2054,"Human tiling array using Nimblegen platform, set 3 of 38","in situ oligonucleotide","Homo sapiens",389199,1,1,"Chunxu Qu","Jun 29, 2005"
GPL2055,"Human tiling array using Nimblegen platform, set 4 of 38","in situ oligonucleotide","Homo sapiens",389119,1,1,"Chunxu Qu","Jun 29, 2005"
GPL2056,"Human tiling array using Nimblegen platform, set 5 of 38","in situ oligonucleotide","Homo sapiens",389119,1,1,"Chunxu Qu","Jun 29, 2005"
GPL2057,"Human tiling array using Nimblegen platform, set 6 of 38","in situ oligonucleotide","Homo sapiens",389119,1,1,"Chunxu Qu","Jun 29, 2005"
GPL2058,"Human tiling array using Nimblegen platform, set 07 of 38","in situ oligonucleotide","Homo sapiens",382520,1,1,"Chunxu Qu","Jun 29, 2005"
GPL2059,"Human tiling array using Nimblegen platform, set 8 of 38","in situ oligonucleotide","Homo sapiens",382520,1,1,"Chunxu Qu","Jun 29, 2005"
GPL2060,"Human tiling array using Nimblegen platform, set 9 of 38","in situ oligonucleotide","Homo sapiens",389119,1,1,"Chunxu Qu","Jun 29, 2005"
GPL2061,"Human tiling array using Nimblegen platform, set 10 of 38","in situ oligonucleotide","Homo sapiens",389119,1,1,"Chunxu Qu","Jun 29, 2005"
GPL2062,"Human tiling array using Nimblegen platform, set 11 of 38","in situ oligonucleotide","Homo sapiens",382520,1,1,"Chunxu Qu","Jun 29, 2005"
GPL2063,"Human tiling array using Nimblegen platform, set 12 of 38","in situ oligonucleotide","Homo sapiens",389199,1,1,"Chunxu Qu","Jun 29, 2005"
GPL2064,"Human tiling array using Nimblegen platform, set 13 of 38","in situ oligonucleotide","Homo sapiens",389119,1,1,"Chunxu Qu","Jun 29, 2005"
GPL2065,"Human tiling array using Nimblegen platform, set 14 of 38","in situ oligonucleotide","Homo sapiens",382520,1,1,"Chunxu Qu","Jun 29, 2005"
GPL2066,"Human tiling array using Nimblegen platform, set 15 of 38","in situ oligonucleotide","Homo sapiens",389199,1,1,"Chunxu Qu","Jun 29, 2005"
GPL2067,"Human tiling array using Nimblegen platform, set 16 of 38","in situ oligonucleotide","Homo sapiens",389199,1,1,"Chunxu Qu","Jun 29, 2005"
GPL2068,"Human tiling array using Nimblegen platform, set 17 of 38","in situ oligonucleotide","Homo sapiens",389199,1,1,"Chunxu Qu","Jun 29, 2005"
GPL2069,"Human tiling array using Nimblegen platform, set 18 of 38","in situ oligonucleotide","Homo sapiens",389199,1,1,"Chunxu Qu","Jun 29, 2005"
GPL2070,"Human tiling array using Nimblegen platform, set 19 of 38","in situ oligonucleotide","Homo sapiens",389199,1,1,"Chunxu Qu","Jun 29, 2005"
GPL2071,"Human tiling array using Nimblegen platform, set 20 of 38","in situ oligonucleotide","Homo sapiens",389199,1,1,"Chunxu Qu","Jun 29, 2005"
GPL2072,"Human tiling array using Nimblegen platform, set 21 of 38","in situ oligonucleotide","Homo sapiens",389199,1,1,"Chunxu Qu","Jun 29, 2005"
GPL2073,"Human tiling array using Nimblegen platform, set 22 of 38","in situ oligonucleotide","Homo sapiens",389199,1,1,"Chunxu Qu","Jun 29, 2005"
GPL2074,"Human tiling array using Nimblegen platform, set 23 of 38","in situ oligonucleotide","Homo sapiens",389199,1,1,"Chunxu Qu","Jun 29, 2005"
GPL2075,"Human tiling array using Nimblegen platform, set 24 of 38","in situ oligonucleotide","Homo sapiens",389199,1,1,"Chunxu Qu","Jun 29, 2005"
GPL2076,"Human tiling array using Nimblegen platform, set 25 of 38","in situ oligonucleotide","Homo sapiens",389199,1,1,"Chunxu Qu","Jun 29, 2005"
GPL2077,"Human tiling array using Nimblegen platform, set 26 of 38","in situ oligonucleotide","Homo sapiens",389199,1,1,"Chunxu Qu","Jun 29, 2005"
GPL2078,"Human tiling array using Nimblegen platform, set 27 of 38","in situ oligonucleotide","Homo sapiens",389199,1,1,"Chunxu Qu","Jun 29, 2005"
GPL2079,"Human tiling array using Nimblegen platform, set 28 of 38","in situ oligonucleotide","Homo sapiens",389199,1,1,"Chunxu Qu","Jun 29, 2005"
GPL2080,"Human tiling array using Nimblegen platform, set 29 of 38","in situ oligonucleotide","Homo sapiens",389199,1,1,"Chunxu Qu","Jun 29, 2005"
GPL2081,"Human tiling array using Nimblegen platform, set 30 of 38","in situ oligonucleotide","Homo sapiens",389199,1,1,"Chunxu Qu","Jun 29, 2005"
GPL2082,"Human tiling array using Nimblegen platform, set 31 of 38","in situ oligonucleotide","Homo sapiens",389199,1,1,"Chunxu Qu","Jun 29, 2005"
GPL2083,"Human tiling array using Nimblegen platform, set 32 of 38","in situ oligonucleotide","Homo sapiens",389199,1,1,"Chunxu Qu","Jun 29, 2005"
GPL2084,"Human tiling array using Nimblegen platform, set 33 of 38","in situ oligonucleotide","Homo sapiens",389199,1,1,"Chunxu Qu","Jun 29, 2005"
GPL2085,"Human tiling array using Nimblegen platform, set 34 of 38","in situ oligonucleotide","Homo sapiens",389199,1,1,"Chunxu Qu","Jun 29, 2005"
GPL2086,"Human tiling array using Nimblegen platform, set 35 of 38","in situ oligonucleotide","Homo sapiens",389199,1,1,"Chunxu Qu","Jun 29, 2005"
GPL2087,"Human tiling array using Nimblegen platform, set 36 of 38","in situ oligonucleotide","Homo sapiens",389183,1,1,"Chunxu Qu","Jun 29, 2005"
GPL2088,"Human tiling array using Nimblegen platform, set 37 of 38","in situ oligonucleotide","Homo sapiens",389199,1,1,"Chunxu Qu","Jun 29, 2005"
GPL2089,"Human tiling array using Nimblegen platform, set 38 of 38","in situ oligonucleotide","Homo sapiens",389098,1,1,"Chunxu Qu","Jun 29, 2005"
GPL2090,"Human promoter regions using Nimblegen platform","in situ oligonucleotide","Homo sapiens",390215,8,1,"Chunxu Qu","Jun 29, 2005"
GPL2560,"Tiling arrays of novel promoters designed for RenLab by Nimblegen (HG16)","in situ oligonucleotide","Homo sapiens",381251,1,1,"Chunxu Qu","Jun 23, 2005"
GPL2123,"microRNAs microarray","spotted oligonucleotide","Homo sapiens",323,5,1,"Omer Barad","Jun 19, 2005"
GPL2138,"Affymetrix ENCODE Tiling Array - SENSE","in situ oligonucleotide","Homo sapiens",737680,15,1,"Thomas R Gingeras","Jun 16, 2005"
GPL2533,"Nimblegen ENCODE tiling array (HG17) with 50mer probe at 38bp interval for RenLab","in situ oligonucleotide","Homo sapiens",390611,30,7,"Chunxu Qu","Jun 15, 2005"
GPL2531,"Novusgene type 3 Hematology/Oncology TMU 667 array","spotted oligonucleotide","Homo sapiens",2100,30,3,"Junko H Ohyashiki","Jun 14, 2005"
GPL1282,"SHBX","spotted DNA/cDNA","Homo sapiens",43008,48,12,"Stanford Microarray Database (SMD)","Jun 08, 2005"
GPL1283,"SHBR","spotted DNA/cDNA","Homo sapiens",43008,78,5,"Stanford Microarray Database (SMD)","Jun 08, 2005"
GPL1709,"SHFD","spotted DNA/cDNA","Homo sapiens",41472,25,2,"Stanford Microarray Database (SMD)","Jun 08, 2005"
GPL1710,"SHFC","spotted DNA/cDNA","Homo sapiens",41472,7,1,"Stanford Microarray Database (SMD)","Jun 08, 2005"
GPL1711,"SHFB","spotted DNA/cDNA","Homo sapiens",41472,21,2,"Stanford Microarray Database (SMD)","Jun 08, 2005"
GPL2136,"Micro-CRIBI Human Oligo Array (Operon V2.0)","spotted oligonucleotide","Homo sapiens",46752,39,4,"Gerolamo Lanfranchi","Jun 06, 2005"
GPL1843,"SHDF","spotted DNA/cDNA","Homo sapiens",43200,28,2,"Matthew Bainbridge","Jun 04, 2005"
GPL2507,"Sentrix Human-6 Expression BeadChip","oligonucleotide beads","Homo sapiens",47293,1420,55,"Illumina Inc.","Jun 03, 2005"
GPL1923,"Cardiac Allograft Rejection Detection Microarray, 24K designA","spotted oligonucleotide","Homo sapiens",24093,59,1,"Expression Diagnostics","Jun 01, 2005"
GPL1926,"Cardiac Allograft Rejection Detection Microarray, 16K design","spotted oligonucleotide","Homo sapiens",16062,99,1,"Expression Diagnostics","Jun 01, 2005"
GPL1927,"Cardiac Allograft Rejection Detection Microarray, 24K designB","spotted oligonucleotide","Homo sapiens",24093,127,1,"Expression Diagnostics","Jun 01, 2005"
GPL2130,"CMF/NKI produced Human 18K cDNA array","spotted DNA/cDNA","Homo sapiens",18431,44,1,"Elza C de Bruin","Jun 01, 2005"
GPL1715,"SHEM","spotted DNA/cDNA","Homo sapiens",41664,54,1,"Markus Bredel","May 27, 2005"
GPL2131,"Nimblegen ENCODE Array","in situ oligonucleotide","Homo sapiens",382884,68,23,"Joel Rozowsky","May 27, 2005"
GPL2132,"Maskless Photolithographic 50mer ENCODE Array (FWD)","in situ oligonucleotide","Homo sapiens",192039,3,1,"Joel Rozowsky","May 27, 2005"
GPL2133,"Maskless Photolithographic 36mer ENCODE Array (FWD)","in situ oligonucleotide","Homo sapiens",382453,2,1,"Joel Rozowsky","May 27, 2005"
GPL2011,"Human Array 2.0","spotted DNA/cDNA","Homo sapiens",9984,122,6,"Gerolamo Lanfranchi","May 26, 2005"
GPL1260,"GLI1 and GLI2 target genes","spotted DNA/cDNA","Homo sapiens",11520,32,1,"Veronika Sander","May 25, 2005"
GPL2116,"SHBD","spotted DNA/cDNA","Homo sapiens",43776,54,1,"Xin Chen","May 25, 2005"
GPL2117,"SHBF","spotted DNA/cDNA","Homo sapiens",45312,18,1,"Xin Chen","May 25, 2005"
GPL2118,"SHBG","spotted DNA/cDNA","Homo sapiens",45696,39,1,"Xin Chen","May 25, 2005"
GPL2119,"SHBR","spotted DNA/cDNA","Homo sapiens",43008,3,1,"Xin Chen","May 25, 2005"
GPL2120,"SHBQ","spotted DNA/cDNA","Homo sapiens",43008,6,1,"Xin Chen","May 25, 2005"
GPL2121,"SHBT","spotted DNA/cDNA","Homo sapiens",43008,6,1,"Xin Chen","May 25, 2005"
GPL2043,"BCCRC Lam SMRT array 32k","spotted DNA/cDNA","Homo sapiens",104544,80,6,"Jon Davies","May 24, 2005"
GPL2047,"BCCRC Lam SMRT array 32k_1.1","spotted DNA/cDNA","Homo sapiens",98208,2,1,"Jon Davies","May 24, 2005"
GPL2105,"Human 36mer ENCODE region oligonucleotide tiling array (Yale design #1)","in situ oligonucleotide","Homo sapiens",388139,21,1,"Olof Emanuelsson","May 24, 2005"
GPL2106,"Human 36mer ENCODE region oligonucleotide tiling array (Yale design #2)","in situ oligonucleotide","Homo sapiens",388139,0,0,"Olof Emanuelsson","May 24, 2005"
GPL2107,"Human 36mer ENCODE region oligonucleotide tiling array (Yale design #3)","in situ oligonucleotide","Homo sapiens",375121,0,0,"Olof Emanuelsson","May 24, 2005"
GPL1753,"FHCRC Human 18K Array","spotted DNA/cDNA","Homo sapiens",17568,22,1,"Pavel Sova","May 17, 2005"
GPL2042,"Human cDNA array - v01","spotted DNA/cDNA","Homo sapiens",13872,16,1,"Yipeng Wang","May 17, 2005"
GPL2041,"CardioChip heart failure","spotted DNA/cDNA","Homo sapiens",10368,49,1,"Masako Tsubakihara","May 14, 2005"
GPL1874,"CCC-NB200-Chip-version1","spotted DNA/cDNA","Homo sapiens",448,50,1,"Akira Nakagawara","May 12, 2005"
GPL1875,"CCC-NB5000-Chip-version1","spotted DNA/cDNA","Homo sapiens",5340,136,2,"Akira Nakagawara","May 12, 2005"
GPL1987,"Bead-based microRNA profiling platform version 2","oligonucleotide beads","Homo sapiens",288,79,1,"Jun Lu","May 11, 2005"
GPL1930,"Homo sapiens 4.8K 02-01 amplified cDNA","spotted DNA/cDNA","Homo sapiens",4800,1103,13,"Renato David Puga","May 09, 2005"
GPL2029,"Rosetta/Merck Human 25k v2.2.1 microarray","in situ oligonucleotide","Homo sapiens",24481,161,3,"Amit V Kulkarni","May 09, 2005"
GPL1736,"Caco-2 in-house array","spotted DNA/cDNA","Homo sapiens",2052,18,1,"Linette Pellis","May 08, 2005"
GPL1986,"Bead-based microRNA profiling platform version 1","oligonucleotide beads","Homo sapiens",282,255,1,"Jun Lu","May 06, 2005"
GPL1981,"GLYCOv1 glycogene array","in situ oligonucleotide","Homo sapiens;Mus musculus",1814,65,3,"Jennifer A Hammond","May 03, 2005"
GPL2008,"13k cDNA chip NCCS","spotted DNA/cDNA","Homo sapiens",13495,44,1,"Amit Aggarwal","May 03, 2005"
GPL2009,"18k cDNA chip NCCS","spotted DNA/cDNA","Homo sapiens",17527,14,1,"Amit Aggarwal","May 03, 2005"
GPL2006,"Human 19K oligo array","spotted oligonucleotide","Homo sapiens",19200,73,5,"Raquel Malumbres","Apr 30, 2005"
GPL2004,"[Mapping50K_Hind240] Affymetrix Human Mapping 50K Hind240 SNP Array","in situ oligonucleotide","Homo sapiens",57299,4330,56,"Affymetrix, Inc.","Apr 28, 2005"
GPL2005,"[Mapping50K_Xba240] Affymetrix Human Mapping 50K Xba240 SNP Array","in situ oligonucleotide","Homo sapiens",59015,4969,75,"Affymetrix, Inc.","Apr 28, 2005"
GPL1855,"Affymetrix GeneChip Mapping 10K Early Access Array","in situ oligonucleotide","Homo sapiens",8686,54,1,"Karen Koed","Apr 21, 2005"
GPL1969,"LICR/UCSD RenLab Hu6K array","spotted DNA/cDNA","Homo sapiens",8064,18,1,"Chunxu Qu","Apr 21, 2005"
GPL1424,"AECOM-H3-H11","spotted DNA/cDNA","Homo sapiens",9568,46,2,"Veronique Bourdon","Apr 13, 2005"
GPL1954,"Operon Human V2","spotted oligonucleotide","Homo sapiens",23232,6,1,"rafael irizarry","Apr 13, 2005"
GPL1958,"CAG-32k_48pen","spotted DNA/cDNA","Homo sapiens",32448,2,1,"rafael irizarry","Apr 13, 2005"
GPL1953,"Human 20K cDNA array","spotted DNA/cDNA","Homo sapiens",20000,4,2,"Rafael Irizarry","Apr 12, 2005"
GPL1947,"RNG-MRC_HU25k_STRASBOURG","spotted DNA/cDNA","Homo sapiens",26880,120,2,"Kevin Lebrigand","Apr 09, 2005"
GPL1946,"RNG-MRC_HU25k_EVRY","spotted DNA/cDNA","Homo sapiens",26496,120,3,"Kevin Lebrigand","Apr 08, 2005"
GPL1909,"Proteomic analysis of pervanadate-induced tyrosine-phosphorylated proteins in hepatocellular carcinoma WRL 68 cells","MS","Homo sapiens",2110,1,1,"Zhengjun Chen","Apr 07, 2005"
GPL1928,"CodeLink Human 20K ver4.1","spotted DNA/cDNA","Homo sapiens",20470,39,4,"Keiko Hiyama","Apr 01, 2005"
GPL1899,"Human-mouse microRNA array v8.0","spotted oligonucleotide","Homo sapiens;Mus musculus",238,40,1,"Scott M Hammond","Mar 31, 2005"
GPL1936,"CEA_SGF:AHC","spotted DNA/cDNA","Homo sapiens",10752,8,1,"Cyrille Petat","Mar 31, 2005"
GPL1084,"Peter Mac 10.5k Human cDNA microarray","spotted DNA/cDNA","Homo sapiens",10944,0,0,"Ryan Laar","Mar 30, 2005"
GPL1919,"NovusGene type1 inflammatory response microarray","spotted oligonucleotide","Homo sapiens",1601,9,1,"Junko H Ohyashiki","Mar 22, 2005"
GPL1920,"NovusGene type2 cancer array","spotted oligonucleotide","Homo sapiens",1601,9,1,"Junko H Ohyashiki","Mar 22, 2005"
GPL1910,"FHCRC Human Oligo Array v2.1","spotted oligonucleotide","Homo sapiens",21713,0,0,"Ryan Basom","Mar 18, 2005"
GPL1915,"FHCRC Human BAC v1.0","spotted DNA/cDNA","Homo sapiens",9574,0,0,"Ryan Basom","Mar 18, 2005"
GPL1526,"Human 6k Chip","spotted DNA/cDNA","Homo sapiens",6348,3,1,"Alan Lap-Yin Pang","Mar 15, 2005"
GPL1897,"Custom-made oligonucleotide array for activated human monocytes","spotted oligonucleotide","Homo sapiens",249,2,1,"Dan Longrois","Mar 11, 2005"
GPL1885,"Human 7.5K cDNA chip (eGenomix)","spotted DNA/cDNA","Homo sapiens",7411,15,2,"Yuan-Chii Gladys Lee","Feb 26, 2005"
GPL1390,"Agilent Human 1A Oligo UNC custom Microarrays","in situ oligonucleotide","Homo sapiens",22575,597,25,"Charles M. Perou","Feb 23, 2005"
GPL1872,"OMRF Microarray Core Facility Human Print 9/30/03","spotted oligonucleotide","Homo sapiens",22464,18,1,"Stewart Alan Shields","Feb 23, 2005"
GPL1823,"SHBW","spotted DNA/cDNA","Homo sapiens",43008,35,1,"Jonathan Pollack","Feb 21, 2005"
GPL1824,"SHCN","spotted DNA/cDNA","Homo sapiens",43008,39,1,"Jonathan Pollack","Feb 21, 2005"
GPL1825,"SHBA","spotted DNA/cDNA","Homo sapiens",44160,30,1,"Jonathan Pollack","Feb 21, 2005"
GPL1826,"SHDP","spotted DNA/cDNA","Homo sapiens",43104,11,1,"Jonathan Pollack","Feb 21, 2005"
GPL1827,"SHCE","spotted DNA/cDNA","Homo sapiens",43008,8,2,"Jonathan Pollack","Feb 21, 2005"
GPL1863,"FHCRC Human 18K v1.0","spotted DNA/cDNA","Homo sapiens",17574,20,1,"Ryan Basom","Feb 17, 2005"
GPL1448,"SHDK","spotted DNA/cDNA","Homo sapiens",43104,35,4,"Stanford Microarray Database (SMD)","Feb 09, 2005"
GPL1749,"Rosetta (Merck) Human 25k v2.2.1","spotted oligonucleotide","Homo sapiens",23880,14,1,"Lee Lim","Jan 31, 2005"
GPL1789,"Affymetrix ENCODE Tiling Array - ANTISENSE - NCBIv34","in situ oligonucleotide","Homo sapiens",737680,79,18,"Thomas R Gingeras","Jan 31, 2005"
GPL1818,"GenePlorer™ TwinChip™ Human-8K","spotted DNA/cDNA","Homo sapiens",8170,23,3,"Se Nyun Kim","Jan 27, 2005"
GPL1714,"Multi-species cDNA array","spotted DNA/cDNA","Homo sapiens;Macaca mulatta;Pan troglodytes;Pongo pygmaeus",4608,96,2,"Yoav Gilad","Jan 25, 2005"
GPL1814,"Agilent, custom 8k features","spotted oligonucleotide","Homo sapiens",8091,98,1,"Daniel J Chin","Jan 25, 2005"
GPL1794,"Incyte Human Gene Album Arrays 1-6","spotted DNA/cDNA","Homo sapiens",57172,10,1,"Wei Ding","Jan 15, 2005"
GPL1525,"Iyer Lab_Human promoter microarray","spotted DNA/cDNA","Homo sapiens",12857,10,2,"Jonghwan Kim","Jan 01, 2005"
GPL1745,"NCI/LMT Hs_FCRF_ResGen","spotted DNA/cDNA","Homo sapiens",9792,0,0,"Lisa M Gangi","Dec 14, 2004"
GPL1729,"INSERM Homo sapiens 14K array_Liverpool","spotted DNA/cDNA","Homo sapiens",13824,42,1,"Jean Philippe SALIER","Dec 10, 2004"
GPL1733,"Agilent AMADID012717","in situ oligonucleotide","Homo sapiens",1900,24,1,"Svetlana Shchegrova","Dec 10, 2004"
GPL1734,"Agilent AMADID012718","in situ oligonucleotide","Homo sapiens",1900,24,1,"Svetlana Shchegrova","Dec 10, 2004"
GPL1735,"Agilent AMADID012719","in situ oligonucleotide","Homo sapiens",1900,23,1,"Svetlana Shchegrova","Dec 10, 2004"
GPL1740,"HUMAN UNIGENE SetI Part 1","spotted DNA/cDNA","Homo sapiens",16128,8,1,"Ute Ungethuem","Dec 10, 2004"
GPL961,"AECOM_H9_cDNA","spotted DNA/cDNA","Homo sapiens",9568,12,1,"Jiri ZAVADIL","Dec 03, 2004"
GPL1386,"HHV8/KSHVvo1","spotted oligonucleotide","Homo sapiens;Human gammaherpesvirus 8",1536,60,1,"Michael Lu","Dec 01, 2004"
GPL1704,"Agilent_AS_Experiment","in situ oligonucleotide","Homo sapiens",6541,19,1,"Christopher Lee","Nov 22, 2004"
GPL1708,"Agilent-012391 Whole Human Genome Oligo Microarray G4112A (Feature Number version)","in situ oligonucleotide","Homo sapiens",44290,3338,138,"Agilent Technologies","Nov 17, 2004"
GPL1420,"GLYCOv2 glycogene array","spotted oligonucleotide","Homo sapiens;Mus musculus",4682,6,1,"Steven Head","Nov 15, 2004"
GPL1464,"RAKE1","spotted oligonucleotide","Arabidopsis thaliana;Homo sapiens;Mus musculus;Rattus norvegicus",1536,39,1,"Don Baldwin","Nov 01, 2004"
GPL1539,"Human 36mer genome tiling array HS_11648","in situ oligonucleotide","Homo sapiens",389434,1,1,"Paul Bertone","Oct 29, 2004"
GPL1540,"Human 36mer genome tiling array HS_11650","in situ oligonucleotide","Homo sapiens",389429,1,1,"Paul Bertone","Oct 29, 2004"
GPL1541,"Human 36mer genome tiling array HS_11662","in situ oligonucleotide","Homo sapiens",389434,1,1,"Paul Bertone","Oct 29, 2004"
GPL1542,"Human 36mer genome tiling array HS_11690","in situ oligonucleotide","Homo sapiens",389432,1,1,"Paul Bertone","Oct 29, 2004"
GPL1543,"Human 36mer genome tiling array HS_11691","in situ oligonucleotide","Homo sapiens",389434,1,1,"Paul Bertone","Oct 29, 2004"
GPL1544,"Human 36mer genome tiling array HS_11692","in situ oligonucleotide","Homo sapiens",389433,1,1,"Paul Bertone","Oct 29, 2004"
GPL1545,"Human 36mer genome tiling array HS_11693","in situ oligonucleotide","Homo sapiens",389434,1,1,"Paul Bertone","Oct 29, 2004"
GPL1546,"Human 36mer genome tiling array HS_11703","in situ oligonucleotide","Homo sapiens",389432,1,1,"Paul Bertone","Oct 29, 2004"
GPL1547,"Human 36mer genome tiling array HS_12610","in situ oligonucleotide","Homo sapiens",389636,1,1,"Paul Bertone","Oct 29, 2004"
GPL1548,"Human 36mer genome tiling array HS_12783","in situ oligonucleotide","Homo sapiens",389525,1,1,"Paul Bertone","Oct 29, 2004"
GPL1549,"Human 36mer genome tiling array HS_12794","in situ oligonucleotide","Homo sapiens",389668,1,1,"Paul Bertone","Oct 29, 2004"
GPL1550,"Human 36mer genome tiling array HS_12801","in situ oligonucleotide","Homo sapiens",389665,1,1,"Paul Bertone","Oct 29, 2004"
GPL1551,"Human 36mer genome tiling array HS_12802","in situ oligonucleotide","Homo sapiens",389668,1,1,"Paul Bertone","Oct 29, 2004"
GPL1552,"Human 36mer genome tiling array HS_12803","in situ oligonucleotide","Homo sapiens",389668,1,1,"Paul Bertone","Oct 29, 2004"
GPL1553,"Human 36mer genome tiling array HS_12807","in situ oligonucleotide","Homo sapiens",389434,1,1,"Paul Bertone","Oct 29, 2004"
GPL1554,"Human 36mer genome tiling array HS_12808","in situ oligonucleotide","Homo sapiens",389434,1,1,"Paul Bertone","Oct 29, 2004"
GPL1555,"Human 36mer genome tiling array HS_12813","in situ oligonucleotide","Homo sapiens",281636,1,1,"Paul Bertone","Oct 29, 2004"
GPL1556,"Human 36mer genome tiling array HS_12825","in situ oligonucleotide","Homo sapiens",389434,1,1,"Paul Bertone","Oct 29, 2004"
GPL1557,"Human 36mer genome tiling array HS_12846","in situ oligonucleotide","Homo sapiens",389433,1,1,"Paul Bertone","Oct 29, 2004"
GPL1558,"Human 36mer genome tiling array HS_12859","in situ oligonucleotide","Homo sapiens",389427,1,1,"Paul Bertone","Oct 29, 2004"
GPL1559,"Human 36mer genome tiling array HS_12863","in situ oligonucleotide","Homo sapiens",389434,1,1,"Paul Bertone","Oct 29, 2004"
GPL1560,"Human 36mer genome tiling array HS_12866","in situ oligonucleotide","Homo sapiens",389425,1,1,"Paul Bertone","Oct 29, 2004"
GPL1561,"Human 36mer genome tiling array HS_12867","in situ oligonucleotide","Homo sapiens",389434,1,1,"Paul Bertone","Oct 29, 2004"
GPL1562,"Human 36mer genome tiling array HS_12869","in situ oligonucleotide","Homo sapiens",389434,1,1,"Paul Bertone","Oct 29, 2004"
GPL1563,"Human 36mer genome tiling array HS_13051","in situ oligonucleotide","Homo sapiens",389668,1,1,"Paul Bertone","Oct 29, 2004"
GPL1564,"Human 36mer genome tiling array HS_13107","in situ oligonucleotide","Homo sapiens",389431,1,1,"Paul Bertone","Oct 29, 2004"
GPL1565,"Human 36mer genome tiling array HS_13111","in situ oligonucleotide","Homo sapiens",389433,1,1,"Paul Bertone","Oct 29, 2004"
GPL1566,"Human 36mer genome tiling array HS_13242","in situ oligonucleotide","Homo sapiens",389427,1,1,"Paul Bertone","Oct 29, 2004"
GPL1567,"Human 36mer genome tiling array HS_13243","in situ oligonucleotide","Homo sapiens",389425,1,1,"Paul Bertone","Oct 29, 2004"
GPL1568,"Human 36mer genome tiling array HS_13254","in situ oligonucleotide","Homo sapiens",389434,1,1,"Paul Bertone","Oct 29, 2004"
GPL1569,"Human 36mer genome tiling array HS_13289","in situ oligonucleotide","Homo sapiens",389434,1,1,"Paul Bertone","Oct 29, 2004"
GPL1570,"Human 36mer genome tiling array HS_14259","in situ oligonucleotide","Homo sapiens",389434,1,1,"Paul Bertone","Oct 29, 2004"
GPL1571,"Human 36mer genome tiling array HS_14261","in situ oligonucleotide","Homo sapiens",389434,1,1,"Paul Bertone","Oct 29, 2004"
GPL1572,"Human 36mer genome tiling array HS_14262","in situ oligonucleotide","Homo sapiens",389434,1,1,"Paul Bertone","Oct 29, 2004"
GPL1573,"Human 36mer genome tiling array HS_14263","in situ oligonucleotide","Homo sapiens",389434,1,1,"Paul Bertone","Oct 29, 2004"
GPL1574,"Human 36mer genome tiling array HS_14267","in situ oligonucleotide","Homo sapiens",389432,1,1,"Paul Bertone","Oct 29, 2004"
GPL1575,"Human 36mer genome tiling array HS_14269","in situ oligonucleotide","Homo sapiens",389434,1,1,"Paul Bertone","Oct 29, 2004"
GPL1576,"Human 36mer genome tiling array HS_14270","in situ oligonucleotide","Homo sapiens",389433,1,1,"Paul Bertone","Oct 29, 2004"
GPL1577,"Human 36mer genome tiling array HS_14271","in situ oligonucleotide","Homo sapiens",389434,1,1,"Paul Bertone","Oct 29, 2004"
GPL1578,"Human 36mer genome tiling array HS_14272","in situ oligonucleotide","Homo sapiens",389434,1,1,"Paul Bertone","Oct 29, 2004"
GPL1579,"Human 36mer genome tiling array HS_14273","in situ oligonucleotide","Homo sapiens",389434,1,1,"Paul Bertone","Oct 29, 2004"
GPL1580,"Human 36mer genome tiling array HS_14274","in situ oligonucleotide","Homo sapiens",389434,1,1,"Paul Bertone","Oct 29, 2004"
GPL1581,"Human 36mer genome tiling array HS_14276","in situ oligonucleotide","Homo sapiens",389434,1,1,"Paul Bertone","Oct 29, 2004"
GPL1582,"Human 36mer genome tiling array HS_14277","in situ oligonucleotide","Homo sapiens",389427,1,1,"Paul Bertone","Oct 29, 2004"
GPL1583,"Human 36mer genome tiling array HS_14278","in situ oligonucleotide","Homo sapiens",389434,1,1,"Paul Bertone","Oct 29, 2004"
GPL1584,"Human 36mer genome tiling array HS_14280","in situ oligonucleotide","Homo sapiens",389432,1,1,"Paul Bertone","Oct 29, 2004"
GPL1585,"Human 36mer genome tiling array HS_14284","in situ oligonucleotide","Homo sapiens",389636,1,1,"Paul Bertone","Oct 29, 2004"
GPL1586,"Human 36mer genome tiling array HS_14285","in situ oligonucleotide","Homo sapiens",389636,1,1,"Paul Bertone","Oct 29, 2004"
GPL1587,"Human 36mer genome tiling array HS_14287","in situ oligonucleotide","Homo sapiens",389434,1,1,"Paul Bertone","Oct 29, 2004"
GPL1588,"Human 36mer genome tiling array HS_14288","in situ oligonucleotide","Homo sapiens",389425,1,1,"Paul Bertone","Oct 29, 2004"
GPL1589,"Human 36mer genome tiling array HS_14289","in situ oligonucleotide","Homo sapiens",389432,1,1,"Paul Bertone","Oct 29, 2004"
GPL1590,"Human 36mer genome tiling array HS_14292","in situ oligonucleotide","Homo sapiens",389525,1,1,"Paul Bertone","Oct 29, 2004"
GPL1591,"Human 36mer genome tiling array HS_14293","in situ oligonucleotide","Homo sapiens",389634,1,1,"Paul Bertone","Oct 29, 2004"
GPL1592,"Human 36mer genome tiling array HS_14294","in situ oligonucleotide","Homo sapiens",389494,1,1,"Paul Bertone","Oct 29, 2004"
GPL1593,"Human 36mer genome tiling array HS_14297","in situ oligonucleotide","Homo sapiens",389434,1,1,"Paul Bertone","Oct 29, 2004"
GPL1594,"Human 36mer genome tiling array HS_14307","in situ oligonucleotide","Homo sapiens",389668,1,1,"Paul Bertone","Oct 29, 2004"
GPL1595,"Human 36mer genome tiling array HS_14308","in situ oligonucleotide","Homo sapiens",389430,1,1,"Paul Bertone","Oct 29, 2004"
GPL1596,"Human 36mer genome tiling array HS_14309","in situ oligonucleotide","Homo sapiens",389637,1,1,"Paul Bertone","Oct 29, 2004"
GPL1597,"Human 36mer genome tiling array HS_14310","in situ oligonucleotide","Homo sapiens",389434,1,1,"Paul Bertone","Oct 29, 2004"
GPL1598,"Human 36mer genome tiling array HS_14311","in situ oligonucleotide","Homo sapiens",389433,1,1,"Paul Bertone","Oct 29, 2004"
GPL1599,"Human 36mer genome tiling array HS_14313","in situ oligonucleotide","Homo sapiens",389432,1,1,"Paul Bertone","Oct 29, 2004"
GPL1600,"Human 36mer genome tiling array HS_14316","in situ oligonucleotide","Homo sapiens",389434,1,1,"Paul Bertone","Oct 29, 2004"
GPL1601,"Human 36mer genome tiling array HS_14317","in situ oligonucleotide","Homo sapiens",389432,1,1,"Paul Bertone","Oct 29, 2004"
GPL1602,"Human 36mer genome tiling array HS_14318","in situ oligonucleotide","Homo sapiens",389425,1,1,"Paul Bertone","Oct 29, 2004"
GPL1603,"Human 36mer genome tiling array HS_14326","in situ oligonucleotide","Homo sapiens",389428,1,1,"Paul Bertone","Oct 29, 2004"
GPL1604,"Human 36mer genome tiling array HS_16306","in situ oligonucleotide","Homo sapiens",389432,1,1,"Paul Bertone","Oct 29, 2004"
GPL1605,"Human 36mer genome tiling array HS_17911","in situ oligonucleotide","Homo sapiens",281636,1,1,"Paul Bertone","Oct 29, 2004"
GPL1606,"Human 36mer genome tiling array HS_17913","in situ oligonucleotide","Homo sapiens",389638,1,1,"Paul Bertone","Oct 29, 2004"
GPL1607,"Human 36mer genome tiling array HS_17915","in situ oligonucleotide","Homo sapiens",389432,1,1,"Paul Bertone","Oct 29, 2004"
GPL1608,"Human 36mer genome tiling array HS_17916","in situ oligonucleotide","Homo sapiens",389434,1,1,"Paul Bertone","Oct 29, 2004"
GPL1609,"Human 36mer genome tiling array HS_17918","in situ oligonucleotide","Homo sapiens",389434,1,1,"Paul Bertone","Oct 29, 2004"
GPL1610,"Human 36mer genome tiling array HS_17996","in situ oligonucleotide","Homo sapiens",389434,1,1,"Paul Bertone","Oct 29, 2004"
GPL1611,"Human 36mer genome tiling array HS_18373","in situ oligonucleotide","Homo sapiens",389434,1,1,"Paul Bertone","Oct 29, 2004"
GPL1612,"Human 36mer genome tiling array HS_18517","in situ oligonucleotide","Homo sapiens",389434,1,1,"Paul Bertone","Oct 29, 2004"
GPL1613,"Human 36mer genome tiling array HS_18601","in situ oligonucleotide","Homo sapiens",389434,1,1,"Paul Bertone","Oct 29, 2004"
GPL1614,"Human 36mer genome tiling array HS_18605","in situ oligonucleotide","Homo sapiens",389432,1,1,"Paul Bertone","Oct 29, 2004"
GPL1615,"Human 36mer genome tiling array HS_19824","in situ oligonucleotide","Homo sapiens",389432,1,1,"Paul Bertone","Oct 29, 2004"
GPL1616,"Human 36mer genome tiling array HS_20266","in situ oligonucleotide","Homo sapiens",389434,1,1,"Paul Bertone","Oct 29, 2004"
GPL1617,"Human 36mer genome tiling array HS_20275","in situ oligonucleotide","Homo sapiens",389433,1,1,"Paul Bertone","Oct 29, 2004"
GPL1618,"Human 36mer genome tiling array HS_20282","in situ oligonucleotide","Homo sapiens",389665,1,1,"Paul Bertone","Oct 29, 2004"
GPL1619,"Human 36mer genome tiling array HS_20289","in situ oligonucleotide","Homo sapiens",389432,1,1,"Paul Bertone","Oct 29, 2004"
GPL1620,"Human 36mer genome tiling array HS_20338","in situ oligonucleotide","Homo sapiens",389636,1,1,"Paul Bertone","Oct 29, 2004"
GPL1621,"Human 36mer genome tiling array HS_20344","in situ oligonucleotide","Homo sapiens",389428,1,1,"Paul Bertone","Oct 29, 2004"
GPL1622,"Human 36mer genome tiling array HS_24610","in situ oligonucleotide","Homo sapiens",389433,1,1,"Paul Bertone","Oct 29, 2004"
GPL1623,"Human 36mer genome tiling array HS_24906","in situ oligonucleotide","Homo sapiens",389668,1,1,"Paul Bertone","Oct 29, 2004"
GPL1625,"Human 36mer genome tiling array HS_24938","in situ oligonucleotide","Homo sapiens",389432,1,1,"Paul Bertone","Oct 29, 2004"
GPL1626,"Human 36mer genome tiling array HS_24940","in situ oligonucleotide","Homo sapiens",389428,1,1,"Paul Bertone","Oct 29, 2004"
GPL1627,"Human 36mer genome tiling array HS_24942","in situ oligonucleotide","Homo sapiens",389434,1,1,"Paul Bertone","Oct 29, 2004"
GPL1628,"Human 36mer genome tiling array HS_24943","in situ oligonucleotide","Homo sapiens",389637,1,1,"Paul Bertone","Oct 29, 2004"
GPL1629,"Human 36mer genome tiling array HS_24946","in situ oligonucleotide","Homo sapiens",389431,1,1,"Paul Bertone","Oct 29, 2004"
GPL1630,"Human 36mer genome tiling array HS_24949","in situ oligonucleotide","Homo sapiens",389434,1,1,"Paul Bertone","Oct 29, 2004"
GPL1631,"Human 36mer genome tiling array HS_25061","in situ oligonucleotide","Homo sapiens",389668,1,1,"Paul Bertone","Oct 29, 2004"
GPL1632,"Human 36mer genome tiling array HS_25070","in situ oligonucleotide","Homo sapiens",389434,1,1,"Paul Bertone","Oct 29, 2004"
GPL1633,"Human 36mer genome tiling array HS_25075","in situ oligonucleotide","Homo sapiens",389638,1,1,"Paul Bertone","Oct 29, 2004"
GPL1634,"Human 36mer genome tiling array HS_25089","in situ oligonucleotide","Homo sapiens",389434,1,1,"Paul Bertone","Oct 29, 2004"
GPL1635,"Human 36mer genome tiling array HS_25093","in situ oligonucleotide","Homo sapiens",389432,1,1,"Paul Bertone","Oct 29, 2004"
GPL1636,"Human 36mer genome tiling array HS_25094","in situ oligonucleotide","Homo sapiens",389433,1,1,"Paul Bertone","Oct 29, 2004"
GPL1637,"Human 36mer genome tiling array HS_25100","in situ oligonucleotide","Homo sapiens",389668,1,1,"Paul Bertone","Oct 29, 2004"
GPL1638,"Human 36mer genome tiling array HS_29030","in situ oligonucleotide","Homo sapiens",389434,1,1,"Paul Bertone","Oct 29, 2004"
GPL1639,"Human 36mer genome tiling array HS_29033","in situ oligonucleotide","Homo sapiens",389638,1,1,"Paul Bertone","Oct 29, 2004"
GPL1640,"Human 36mer genome tiling array HS_29035","in situ oligonucleotide","Homo sapiens",389434,1,1,"Paul Bertone","Oct 29, 2004"
GPL1641,"Human 36mer genome tiling array HS_29074","in situ oligonucleotide","Homo sapiens",389434,1,1,"Paul Bertone","Oct 29, 2004"
GPL1642,"Human 36mer genome tiling array HS_29095","in situ oligonucleotide","Homo sapiens",389638,1,1,"Paul Bertone","Oct 29, 2004"
GPL1643,"Human 36mer genome tiling array HS_29112","in situ oligonucleotide","Homo sapiens",389434,1,1,"Paul Bertone","Oct 29, 2004"
GPL1644,"Human 36mer genome tiling array HS_29118","in situ oligonucleotide","Homo sapiens",389434,1,1,"Paul Bertone","Oct 29, 2004"
GPL1645,"Human 36mer genome tiling array HS_30071","in situ oligonucleotide","Homo sapiens",388996,1,1,"Paul Bertone","Oct 29, 2004"
GPL1646,"Human 36mer genome tiling array HS_30074","in situ oligonucleotide","Homo sapiens",388996,1,1,"Paul Bertone","Oct 29, 2004"
GPL1647,"Human 36mer genome tiling array HS_30091","in situ oligonucleotide","Homo sapiens",388996,1,1,"Paul Bertone","Oct 29, 2004"
GPL1648,"Human 36mer genome tiling array HS_30140","in situ oligonucleotide","Homo sapiens",388996,1,1,"Paul Bertone","Oct 29, 2004"
GPL1649,"Human 36mer genome tiling array HS_30146","in situ oligonucleotide","Homo sapiens",388996,1,1,"Paul Bertone","Oct 29, 2004"
GPL1650,"Human 36mer genome tiling array HS_30152","in situ oligonucleotide","Homo sapiens",388996,1,1,"Paul Bertone","Oct 29, 2004"
GPL1651,"Human 36mer genome tiling array HS_30162","in situ oligonucleotide","Homo sapiens",388996,1,1,"Paul Bertone","Oct 29, 2004"
GPL1652,"Human 36mer genome tiling array HS_30212","in situ oligonucleotide","Homo sapiens",388996,1,1,"Paul Bertone","Oct 29, 2004"
GPL1653,"Human 36mer genome tiling array HS_30213","in situ oligonucleotide","Homo sapiens",388996,1,1,"Paul Bertone","Oct 29, 2004"
GPL1654,"Human 36mer genome tiling array HS_30220","in situ oligonucleotide","Homo sapiens",388996,1,1,"Paul Bertone","Oct 29, 2004"
GPL1655,"Human 36mer genome tiling array HS_30221","in situ oligonucleotide","Homo sapiens",389200,1,1,"Paul Bertone","Oct 29, 2004"
GPL1656,"Human 36mer genome tiling array HS_30222","in situ oligonucleotide","Homo sapiens",388996,1,1,"Paul Bertone","Oct 29, 2004"
GPL1657,"Human 36mer genome tiling array HS_30228","in situ oligonucleotide","Homo sapiens",388996,1,1,"Paul Bertone","Oct 29, 2004"
GPL1658,"Human 36mer genome tiling array HS_30229","in situ oligonucleotide","Homo sapiens",388996,1,1,"Paul Bertone","Oct 29, 2004"
GPL1659,"Human 36mer genome tiling array HS_30231","in situ oligonucleotide","Homo sapiens",389200,1,1,"Paul Bertone","Oct 29, 2004"
GPL1660,"Human 36mer genome tiling array HS_30237","in situ oligonucleotide","Homo sapiens",388996,1,1,"Paul Bertone","Oct 29, 2004"
GPL1661,"Human 36mer genome tiling array HS_52178","in situ oligonucleotide","Homo sapiens",389434,1,1,"Paul Bertone","Oct 29, 2004"
GPL1662,"Human 36mer genome tiling array HS_52352","in situ oligonucleotide","Homo sapiens",389434,1,1,"Paul Bertone","Oct 29, 2004"
GPL1663,"Human 36mer genome tiling array HS_52353","in situ oligonucleotide","Homo sapiens",389434,1,1,"Paul Bertone","Oct 29, 2004"
GPL1664,"Human 36mer genome tiling array HS_52358","in situ oligonucleotide","Homo sapiens",389428,1,1,"Paul Bertone","Oct 29, 2004"
GPL1665,"Human 36mer genome tiling array HS_52361","in situ oligonucleotide","Homo sapiens",389434,1,1,"Paul Bertone","Oct 29, 2004"
GPL1666,"Human 36mer genome tiling array HS_52375","in situ oligonucleotide","Homo sapiens",389434,1,1,"Paul Bertone","Oct 29, 2004"
GPL1667,"Human 36mer genome tiling array HS_52377","in situ oligonucleotide","Homo sapiens",389434,1,1,"Paul Bertone","Oct 29, 2004"
GPL1668,"Human 36mer genome tiling array HS_52395","in situ oligonucleotide","Homo sapiens",389434,1,1,"Paul Bertone","Oct 29, 2004"
GPL1669,"Human 36mer genome tiling array HS_52437","in situ oligonucleotide","Homo sapiens",389431,1,1,"Paul Bertone","Oct 29, 2004"
GPL1670,"Human 36mer genome tiling array HS_52439","in situ oligonucleotide","Homo sapiens",389434,1,1,"Paul Bertone","Oct 29, 2004"
GPL1671,"Human 36mer genome tiling array HS_52441","in situ oligonucleotide","Homo sapiens",389434,1,1,"Paul Bertone","Oct 29, 2004"
GPL1672,"Human 36mer genome tiling array HS_52472","in situ oligonucleotide","Homo sapiens",389434,1,1,"Paul Bertone","Oct 29, 2004"
GPL1673,"Human 36mer genome tiling array HS_52473","in situ oligonucleotide","Homo sapiens",389429,1,1,"Paul Bertone","Oct 29, 2004"
GPL1530,"RIKEN human 21K array","spotted DNA/cDNA","Homo sapiens",21168,52,2,"Keiko Hiyama","Oct 28, 2004"
GPL1528,"NCI/ATC Hs-OperonV2","spotted oligonucleotide","Homo sapiens",22242,1045,16,"David Petersen","Oct 27, 2004"
GPL1506,"CGH array LUMC, 1 Mb clone set","spotted DNA/cDNA","Homo sapiens",3615,98,2,"Joana Cardoso","Oct 23, 2004"
GPL1521,"cDNA microarray quad 5000","spotted DNA/cDNA","Homo sapiens",23040,48,2,"Chimene Moreilhon","Oct 23, 2004"
GPL1197,"Agilent Human 1A Oligo V2+UNC_custom array","in situ oligonucleotide","Homo sapiens",26549,3,3,"Charles M. Perou","Oct 15, 2004"
GPL1488,"ResGen GF200 for RPE","spotted DNA/cDNA","Homo sapiens",5352,20,1,"James T Handa","Oct 13, 2004"
GPL1485,"SAGE:17:NlaIII:Homo sapiens","SAGE NlaIII","Homo sapiens",347210,177,17,"GEO","Oct 07, 2004"
GPL1475,"RNG-MRC_HU2k_v3","spotted DNA/cDNA","Homo sapiens",13824,0,0,"Kevin Lebrigand","Oct 05, 2004"
GPL1198,"Protein Design Labs Hu03 Custom Affymetrix GeneChip Array","in situ oligonucleotide","Homo sapiens",59381,213,2,"Jordan Hiller","Oct 01, 2004"
GPL1456,"RNG-MRC_HU25k_NICE","spotted oligonucleotide","Homo sapiens",27648,315,27,"Kevin Lebrigand","Sep 23, 2004"
GPL1459,"RNG-MRC_HU2k_v1","spotted DNA/cDNA","Homo sapiens",18432,0,0,"Kevin Lebrigand","Sep 23, 2004"
GPL1460,"RNG-MRC_HU2k_v2","spotted DNA/cDNA","Homo sapiens",9216,0,0,"Kevin Lebrigand","Sep 23, 2004"
GPL1454,"RenLab ENCODE PCR tiling array","spotted DNA/cDNA","Homo sapiens",25392,279,12,"Chunxu Qu","Sep 21, 2004"
GPL1453,"Mergen H05","spotted oligonucleotide","Homo sapiens",12800,0,0,"Dan Luo","Sep 17, 2004"
GPL1426,"ABI Human Genome Survey Microarray Version 1","spotted oligonucleotide","Homo sapiens",33202,146,13,"chunlin xiao","Sep 14, 2004"
GPL1391,"Mammalian microRNA array v4.0","spotted oligonucleotide","Homo sapiens;Mus musculus",124,35,1,"Scott M Hammond","Sep 02, 2004"
GPL1423,"Meltzer Array UMB 2","spotted DNA/cDNA","Homo sapiens",8192,24,1,"James Kaper","Sep 01, 2004"
GPL1417,"Barbry oligo 25000 nat","spotted oligonucleotide","Homo sapiens",27648,5,1,"Chimene Moreilhon","Aug 26, 2004"
GPL1412,"PBRC_GCF 18K HUM OLIGO","spotted oligonucleotide","Homo sapiens",21120,6,1,"Robert A. Koza","Aug 24, 2004"
GPL1411,"UTSW Human 22k Oligo spotted array","spotted oligonucleotide","Homo sapiens",23232,5,1,"Patricia J Ayoubi","Aug 19, 2004"
GPL1405,"CCF Cancer cDNA Array","spotted DNA/cDNA","Homo sapiens",9984,0,0,"Wenliang Li","Aug 14, 2004"
GPL1384,"DKFZ Operon 27k long oligonucleotide array","spotted oligonucleotide","Homo sapiens",27648,32,2,"Joerg Schlingemann","Aug 04, 2004"
GPL1351,"Human MicroRNA Array V7.0","spotted oligonucleotide","Homo sapiens",156,16,1,"Scott M Hammond","Jul 30, 2004"
GPL1387,"GeneMap Human CancerArray","spotted DNA/cDNA","Homo sapiens",2304,4,1,"Andrew Snyder","Jul 30, 2004"
GPL1352,"[U133_X3P] Affymetrix Human X3P Array","in situ oligonucleotide","Homo sapiens",61359,843,31,"Affymetrix, Inc.","Jul 20, 2004"
GPL1313,"Amersham BioSciences CodeLinkTM Uniset Human 20K I Bioarray","spotted DNA/cDNA","Homo sapiens",20470,38,2,"Ofer Mandelboim","Jul 04, 2004"
GPL1309,"microarray core facility of Nantes - West genopole","spotted oligonucleotide","Homo sapiens",19200,8,1,"Nolwenn Le Meur","Jul 02, 2004"
GPL1290,"NCI cDNA array","spotted DNA/cDNA","Homo sapiens",9706,64,1,"Jennifer Fostel","Jun 30, 2004"
GPL1301,"NHGRI Custom cDNA Microarray","spotted DNA/cDNA","Homo sapiens",15616,28,4,"Jeff Kiefer","Jun 24, 2004"
GPL1291,"Hitachisoft AceGene Human Oligo Chip 30K 1 Chip Version","spotted oligonucleotide","Homo sapiens",30336,1093,17,"Hitachi Software Engineering Co., Ltd.","Jun 18, 2004"
GPL1293,"Hitachisoft AceGene Human Oligo Chip 30K Subset A","spotted oligonucleotide","Homo sapiens",10368,111,3,"Hitachi Software Engineering Co., Ltd.","Jun 18, 2004"
GPL1294,"Hitachisoft AceGene Human Oligo Chip 30K Subset B","spotted oligonucleotide","Homo sapiens",10368,7,1,"Hitachi Software Engineering Co., Ltd.","Jun 18, 2004"
GPL1295,"Hitachisoft AceGene Human Oligo Chip 30K Subset C","spotted oligonucleotide","Homo sapiens",10368,7,1,"Hitachi Software Engineering Co., Ltd.","Jun 18, 2004"
GPL1217,"Print214_NHGRI","spotted DNA/cDNA","Homo sapiens",6485,4,1,"Sally Amundson","Jun 17, 2004"
GPL1223,"Arcturus 22k human oligonucleotide microarray","spotted oligonucleotide","Homo sapiens",22575,120,2,"Xiao-Jun Ma","Jun 07, 2004"
GPL567,"UHN Microarray Centre - Single Spot Human 19K4","spotted DNA/cDNA","Homo sapiens",19200,16,5,"Felix M. Mesak","Jun 04, 2004"
GPL1266,"[Mapping10K_Xba131] Affymetrix Human Mapping 10K SNP Array","in situ oligonucleotide","Homo sapiens",11564,372,14,"Affymetrix, Inc.","May 28, 2004"
GPL1262,"NCI/ATC Hs-UniGEM2","spotted DNA/cDNA","Homo sapiens",9984,152,5,"David Petersen","May 27, 2004"
GPL737,"Agilent Human 1A Oligo UNC_custom array","in situ oligonucleotide","Homo sapiens",22575,6,1,"Charles M. Perou","May 24, 2004"
GPL1241,"Barbry cDNA","spotted DNA/cDNA","Homo sapiens",4183,12,1,"Chimene Moreilhon","May 21, 2004"
GPL1227,"RG1-208P5","spotted DNA/cDNA","Homo sapiens",21632,7,1,"Don Ganem","May 18, 2004"
GPL1228,"RG1-208P6","spotted DNA/cDNA","Homo sapiens",21632,7,1,"Don Ganem","May 18, 2004"
GPL1105,"A111","spotted oligonucleotide","Homo sapiens",1568,1,1,"Gregory Fisk","May 16, 2004"
GPL1225,"HUMAN_21K_OligoArray_2","spotted oligonucleotide","Homo sapiens",23040,36,1,"Phillip Bowman","May 14, 2004"
GPL1213,"Human Transporter OligoChip","spotted oligonucleotide","Homo sapiens",3024,32,1,"Pascale Anderle","May 08, 2004"
GPL1211,"NIA MGC, Mammalian Genome Collection","spotted DNA/cDNA","Homo sapiens",9600,244,12,"Supriyo De","May 03, 2004"
GPL550,"UNC compugen oligo array for toxgenomics study","spotted oligonucleotide","Homo sapiens",20163,83,2,"Charles M. Perou","Apr 18, 2004"
GPL1106,"CEA_SGF:ALE","spotted DNA/cDNA","Homo sapiens",10496,72,2,"Cyrille Petat","Apr 16, 2004"
GPL317,"SHCO","spotted DNA/cDNA","Homo sapiens",43008,26,1,"Jonathan Pollack","Apr 15, 2004"
GPL318,"SHCZ","spotted DNA/cDNA","Homo sapiens",43008,44,1,"Jonathan Pollack","Apr 15, 2004"
GPL319,"SHDJ","spotted DNA/cDNA","Homo sapiens",43008,49,1,"Jonathan Pollack","Apr 15, 2004"
GPL1101,"SuperArray GEArray Q Series Human Glucocorticoid Signaling Gene Array","spotted DNA/cDNA","Homo sapiens",112,0,0,"SuperArray Bioscience Corporation","Apr 09, 2004"
GPL1107,"SuperArray GEArray S Series Human Apoptosis & Cell Cycle Gene Array","spotted DNA/cDNA","Homo sapiens",288,6,1,"SuperArray Bioscience Corporation","Apr 09, 2004"
GPL1108,"SuperArray Nylon-on-Glass GEArray: Human Apoptosis & Cell Cycle Gene Array","spotted DNA/cDNA","Homo sapiens",288,0,0,"SuperArray Bioscience Corporation","Apr 09, 2004"
GPL1109,"SuperArray GEArray Q series Human Apoptosis Gene Array","spotted DNA/cDNA","Homo sapiens",112,42,1,"SuperArray Bioscience Corporation","Apr 09, 2004"
GPL1111,"SuperArray GEArray Q Series Human DNA Damage Signaling Pathways Gene Array","spotted DNA/cDNA","Homo sapiens",112,0,0,"SuperArray Bioscience Corporation","Apr 09, 2004"
GPL1113,"SuperArray GEArray Q series Human Stress & Toxicity PathwayFinder Gene Array","spotted DNA/cDNA","Homo sapiens",112,0,0,"SuperArray Bioscience Corporation","Apr 09, 2004"
GPL1115,"SuperArray GEArray Q Series Human Stress Response to Cellular Damage Gene Array","spotted DNA/cDNA","Homo sapiens",112,0,0,"SuperArray Bioscience Corporation","Apr 09, 2004"
GPL1116,"SuperArray GEArray Q series Human p53 Signaling Pathway Gene Array","spotted DNA/cDNA","Homo sapiens",112,0,0,"SuperArray Bioscience Corporation","Apr 09, 2004"
GPL1119,"SuperArray GEArray Q Series Human Androgen Signaling and Prostate Cancer Gene Array","spotted DNA/cDNA","Homo sapiens",112,0,0,"SuperArray Bioscience Corporation","Apr 09, 2004"
GPL1120,"SuperArray GEArray Q Series Human Angiogenesis Gene Array","spotted DNA/cDNA","Homo sapiens",112,11,2,"SuperArray Bioscience Corporation","Apr 09, 2004"
GPL1123,"SuperArray GEArray Q Series Human Breast Cancer and Estrogen Receptor Signaling Gene Array","spotted DNA/cDNA","Homo sapiens",112,0,0,"SuperArray Bioscience Corporation","Apr 09, 2004"
GPL1124,"SuperArray GEArray Q Series Human Cancer Drug Resistance & Metabolism Gene Array","spotted DNA/cDNA","Homo sapiens",112,0,0,"SuperArray Bioscience Corporation","Apr 09, 2004"
GPL1126,"SuperArray GEArray Q series Human Cancer PathwayFinder Gene Array","spotted DNA/cDNA","Homo sapiens",112,13,2,"SuperArray Bioscience Corporation","Apr 09, 2004"
GPL1128,"SuperArray GEArray Q Series Human Genome Stability/DNA Repair Gene Array","spotted DNA/cDNA","Homo sapiens",112,0,0,"SuperArray Bioscience Corporation","Apr 09, 2004"
GPL1130,"SuperArray GEArray Q Series Human Growth Factor Gene Array","spotted DNA/cDNA","Homo sapiens",112,12,1,"SuperArray Bioscience Corporation","Apr 09, 2004"
GPL1131,"SuperArray GEArray Q Series Human Signal Transduction in Cancer Gene Array","spotted DNA/cDNA","Homo sapiens",112,0,0,"SuperArray Bioscience Corporation","Apr 09, 2004"
GPL1133,"SuperArray GEArray Q Series Human Tumor Metastasis Gene Array","spotted DNA/cDNA","Homo sapiens",112,8,1,"SuperArray Bioscience Corporation","Apr 09, 2004"
GPL1135,"SuperArray GEArray Q Series Human Cell Cycle Gene Array","spotted DNA/cDNA","Homo sapiens",112,0,0,"SuperArray Bioscience Corporation","Apr 09, 2004"
GPL1137,"SuperArray GEArray S Series Human Dendritic & Antigen Presenting Cell Gene Array","spotted DNA/cDNA","Homo sapiens",192,0,0,"SuperArray Bioscience Corporation","Apr 09, 2004"
GPL1138,"SuperArray Nylon-on-Glass GEArray: Human Dendritic & Antigen Presenting Cell Gene Array","spotted DNA/cDNA","Homo sapiens",192,0,0,"SuperArray Bioscience Corporation","Apr 09, 2004"
GPL1140,"SuperArray GEArray Q Series Human Endothelial Cell Biology Gene Array","spotted DNA/cDNA","Homo sapiens",112,15,2,"SuperArray Bioscience Corporation","Apr 09, 2004"
GPL1142,"SuperArray GEArray Q series Human Osteogenesis Gene Array","spotted DNA/cDNA","Homo sapiens",112,6,1,"SuperArray Bioscience Corporation","Apr 09, 2004"
GPL1145,"SuperArray GEArray S Series Human Stem Cell Gene Array","spotted DNA/cDNA","Homo sapiens",288,0,0,"SuperArray Bioscience Corporation","Apr 09, 2004"
GPL1146,"SuperArray GEArray Q Series Human TGFb BMP Signaling Pathway Gene Array","spotted DNA/cDNA","Homo sapiens",112,0,0,"SuperArray Bioscience Corporation","Apr 09, 2004"
GPL1148,"SuperArray GEArray Q Series Human Wnt Signaling Pathway Gene Array","spotted DNA/cDNA","Homo sapiens",112,0,0,"SuperArray Bioscience Corporation","Apr 09, 2004"
GPL1150,"SuperArray GEArray Q Series Human Asthma Gene Array","spotted DNA/cDNA","Homo sapiens",112,0,0,"SuperArray Bioscience Corporation","Apr 09, 2004"
GPL1152,"SuperArray GEArray S Series Human Autoimmune and Inflammatory Response Gene Array","spotted DNA/cDNA","Homo sapiens",384,24,1,"SuperArray Bioscience Corporation","Apr 09, 2004"
GPL1154,"SuperArray GEArray Q series Human Ca2+ /NF-AT Signaling Pathway Gene Array","spotted DNA/cDNA","Homo sapiens",112,4,1,"SuperArray Bioscience Corporation","Apr 09, 2004"
GPL1156,"SuperArray GEArray Q Series Human Cardiovascular Disease Gene Array I: Biomarkers","spotted DNA/cDNA","Homo sapiens",112,0,0,"SuperArray Bioscience Corporation","Apr 09, 2004"
GPL1158,"SuperArray GEArray Q Series Human Cardiovascular Disease Gene Array II: Atherosclerosis","spotted DNA/cDNA","Homo sapiens",112,0,0,"SuperArray Bioscience Corporation","Apr 09, 2004"
GPL1160,"SuperArray GEArray Q series Human Common Cytokine Gene Array","spotted DNA/cDNA","Homo sapiens",112,0,0,"SuperArray Bioscience Corporation","Apr 09, 2004"
GPL1162,"SuperArray GEArray Q Series Human Extracellular Matrix & Adhesion Molecules Gene Array","spotted DNA/cDNA","Homo sapiens",112,10,1,"SuperArray Bioscience Corporation","Apr 09, 2004"
GPL1164,"SuperArray GEArray Q Series Human Inflammatory Cytokines & Receptors Gene Array","spotted DNA/cDNA","Homo sapiens",112,0,0,"SuperArray Bioscience Corporation","Apr 09, 2004"
GPL1166,"SuperArray GEArray Q Series Human Insulin Signaling Pathway Gene Array","spotted DNA/cDNA","Homo sapiens",112,0,0,"SuperArray Bioscience Corporation","Apr 09, 2004"
GPL1168,"SuperArray GEArray Q series Human Interleukins and Receptors Gene Array","spotted DNA/cDNA","Homo sapiens",112,0,0,"SuperArray Bioscience Corporation","Apr 09, 2004"
GPL1171,"SuperArray GEArray Q Series Human NFkB Signaling Pathway Gene Array","spotted DNA/cDNA","Homo sapiens",112,0,0,"SuperArray Bioscience Corporation","Apr 09, 2004"
GPL1172,"SuperArray GEArray Q Series Human Nitric Oxide Gene Array","spotted DNA/cDNA","Homo sapiens",112,44,1,"SuperArray Bioscience Corporation","Apr 09, 2004"
GPL1175,"SuperArray GEArray Q Series Human Th1-Th2-Th3 Gene Array","spotted DNA/cDNA","Homo sapiens",112,0,0,"SuperArray Bioscience Corporation","Apr 09, 2004"
GPL1176,"SuperArray Nylon-on-Glass GEArray: Human Autoimmune and Inflammatory Response Gene Array","spotted DNA/cDNA","Homo sapiens",384,0,0,"SuperArray Bioscience Corporation","Apr 09, 2004"
GPL1177,"SuperArray GEArray Q Series Human Drug Targets for Inflammation & Immunomodulation Gene Array","spotted DNA/cDNA","Homo sapiens",112,0,0,"SuperArray Bioscience Corporation","Apr 09, 2004"
GPL1178,"SuperArray GEArray Q Series Human Neuroscience-1 Ion Channel & Transporter Gene Array","spotted DNA/cDNA","Homo sapiens",112,0,0,"SuperArray Bioscience Corporation","Apr 09, 2004"
GPL1180,"SuperArray GEArray Q Series Human Neurotrophin and Receptors Gene Array","spotted DNA/cDNA","Homo sapiens",112,3,1,"SuperArray Bioscience Corporation","Apr 09, 2004"
GPL1182,"SuperArray GEArray Q series Human Drug Metabolism Gene Array","spotted DNA/cDNA","Homo sapiens",112,0,0,"SuperArray Bioscience Corporation","Apr 09, 2004"
GPL1184,"SuperArray GEArray Q Series Human G Protein-Coupled Receptor Gene Array I","spotted DNA/cDNA","Homo sapiens",112,0,0,"SuperArray Bioscience Corporation","Apr 09, 2004"
GPL1185,"SuperArray GEArray Q Series Human G Protein-Coupled Receptor Gene Array II","spotted DNA/cDNA","Homo sapiens",112,0,0,"SuperArray Bioscience Corporation","Apr 09, 2004"
GPL1186,"SuperArray GEArray Q series Human G Protein-coupled Receptors Signaling PathwayFinder Gene Array","spotted DNA/cDNA","Homo sapiens",112,0,0,"SuperArray Bioscience Corporation","Apr 09, 2004"
GPL1188,"SuperArray GEArray Q Series Human G-Proteins & Signaling Molecules Gene Array","spotted DNA/cDNA","Homo sapiens",112,0,0,"SuperArray Bioscience Corporation","Apr 09, 2004"
GPL1189,"SuperArray GEArray Q Series Human Hypoxia Signaling Pathway Gene Array","spotted DNA/cDNA","Homo sapiens",112,0,0,"SuperArray Bioscience Corporation","Apr 09, 2004"
GPL1191,"SuperArray GEArray Q Series Human PI3K-AKT Signaling Pathway Gene Array","spotted DNA/cDNA","Homo sapiens",112,0,0,"SuperArray Bioscience Corporation","Apr 09, 2004"
GPL1192,"SuperArray GEArray Q Series Human Signal Transduction PathwayFinder Gene Array","spotted DNA/cDNA","Homo sapiens",112,0,0,"SuperArray Bioscience Corporation","Apr 09, 2004"
GPL1194,"SuperArray GEArray Q series Human cAMP/Ca2+ PathwayFinder Gene Array","spotted DNA/cDNA","Homo sapiens",112,4,1,"SuperArray Bioscience Corporation","Apr 09, 2004"
GPL1087,"OMRF Microarray Core Facility Human Print 3","spotted oligonucleotide","Homo sapiens",22176,26,1,"Stewart Alan Shields","Apr 06, 2004"
GPL1090,"Human KUGI14K","spotted DNA/cDNA","Homo sapiens",14080,6,1,"Inchul Lee","Apr 06, 2004"
GPL1098,"SuperArray GEArray Q series Human Chemokines and Receptors Gene Array cat. #HS-005","spotted DNA/cDNA","Homo sapiens",112,2,1,"SuperArray Bioscience Corporation","Apr 06, 2004"
GPL787,"in-house cDNA microarray 1","spotted DNA/cDNA","Homo sapiens",4608,1,1,"Motoyuki Otsuka","Apr 03, 2004"
GPL503,"Agilent Human 1 cDNA Microarray","spotted DNA/cDNA","Homo sapiens",15402,78,1,"Charles M. Perou","Mar 24, 2004"
GPL1064,"Superarray - GEArray Q Series Human PathwayFinder Gene Array","spotted DNA/cDNA","Homo sapiens",101,0,0,"Yue Wang","Mar 24, 2004"
GPL864,"Human Promotor Array, v11","spotted DNA/cDNA","Homo sapiens",17328,36,2,"Yipeng Wang","Mar 23, 2004"
GPL1074,"GNF1H","in situ oligonucleotide","Homo sapiens",22639,158,1,"John R Walker","Mar 19, 2004"
GPL996,"CR-UK DMF Human 6.5k genome-wide array","spotted DNA/cDNA","Homo sapiens",13056,76,2,"Ahmed Ashour Ahmed","Mar 16, 2004"
GPL970,"Incyte Human UniGEM V 2.0 (GEM-5112)","spotted DNA/cDNA","Homo sapiens",9182,52,2,"Luting Xu","Mar 05, 2004"
GPL1052,"NIAID - Hsaa","spotted oligonucleotide","Homo sapiens",14400,20,1,"Michael Wilson","Mar 03, 2004"
GPL1053,"NIAID - Hsab","spotted oligonucleotide","Homo sapiens",14400,124,3,"Michael Wilson","Mar 03, 2004"
GPL1054,"NIAID - Hsbb","spotted oligonucleotide","Homo sapiens",22332,111,4,"Michael Wilson","Mar 03, 2004"
GPL1055,"NIAID - Hsbc","spotted oligonucleotide","Homo sapiens",19200,0,0,"Michael Wilson","Mar 03, 2004"
GPL1008,"Human pancreas-specific microarray","spotted DNA/cDNA","Homo sapiens",217,0,0,"Brigitte Vandewalle","Mar 02, 2004"
GPL1048,"Chromosomal alteration study using high resolution BAC array","spotted DNA/cDNA","Homo sapiens",354,19,1,"Nehad Mohamed","Feb 29, 2004"
GPL997,"IRIBHM","spotted DNA/cDNA","Homo sapiens",23232,0,0,"Jérôme Becker","Feb 27, 2004"
GPL980,"15 K cDNA","spotted DNA/cDNA","Homo sapiens;Mus musculus",17280,2,1,"John G Maresh","Feb 26, 2004"
GPL1003,"Human BAC to study Chromosome 21 abnormalities","spotted DNA/cDNA","Homo sapiens",354,14,1,"Herbert Auer","Feb 26, 2004"
GPL1005,"Human BAC to study Chromosome 21 abnormalities","spotted DNA/cDNA","Homo sapiens",236,4,1,"Nehad Mohamed","Feb 26, 2004"
GPL989,"OHU16K","spotted oligonucleotide","Homo sapiens",17664,0,0,"E. Janet Hager","Feb 25, 2004"
GPL990,"OHU21K","spotted oligonucleotide","Homo sapiens",23040,11,1,"E. Janet Hager","Feb 25, 2004"
GPL993,"HU4.6K","spotted DNA/cDNA","Homo sapiens",9216,0,0,"E. Janet Hager","Feb 25, 2004"
GPL981,"HUMAN_21K_OligoArray_1","spotted oligonucleotide","Homo sapiens",23232,22,1,"Phillip Bowman","Feb 18, 2004"
GPL976,"UCSF 4Hs Human v.2 Oligo Array","spotted oligonucleotide","Homo sapiens",22176,5,1,"Michael E. Salazar","Feb 13, 2004"
GPL978,"UCSF 6Hs Human v.2 Oligo Array","spotted oligonucleotide","Homo sapiens",23184,22,1,"Michael E. Salazar","Feb 13, 2004"
GPL781,"Muscle _Related_cDNA_Array","spotted DNA/cDNA","Homo sapiens",15552,26,4,"Ellen Sterrenburg","Feb 12, 2004"
GPL783,"Human oligo array part I LGTC","spotted oligonucleotide","Homo sapiens",10800,10,1,"Ellen Sterrenburg","Feb 12, 2004"
GPL784,"Human oligo array part II LGTC","spotted oligonucleotide","Homo sapiens",10800,10,1,"Ellen Sterrenburg","Feb 12, 2004"
GPL771,"Rosetta (Merck) Human 50k array","spotted oligonucleotide","Homo sapiens",38692,42,1,"Mao Mao","Feb 01, 2004"
GPL962,"CHUGAI 41K","spotted DNA/cDNA","Homo sapiens",40368,322,3,"Yuichi Ishikawa","Jan 26, 2004"
GPL931,"RMRG array","spotted DNA/cDNA","Homo sapiens",2112,18,1,"Cristin Print","Jan 17, 2004"
GPL875,"Agilent Human 1 cDNA Microarray (G4100A) [layout A]","spotted DNA/cDNA","Homo sapiens",18564,20,3,"Agilent Technologies","Jan 02, 2004"
GPL876,"Agilent Human 1 cDNA Microarray (G4100A) [layout B]","spotted DNA/cDNA","Homo sapiens",18564,74,6,"Agilent Technologies","Jan 02, 2004"
GPL885,"Agilent-011521 Human 1A Microarray G4110A  (Feature Number version)","in situ oligonucleotide","Homo sapiens",22575,254,35,"Agilent Technologies","Jan 02, 2004"
GPL886,"Agilent-011871 Human 1B Microarray G4111A (Feature Number version)","in situ oligonucleotide","Homo sapiens",22575,0,0,"Agilent Technologies","Jan 02, 2004"
GPL887,"Agilent-012097 Human 1A Microarray (V2) G4110B (Feature Number version)","in situ oligonucleotide","Homo sapiens",22575,2172,98,"Agilent Technologies","Jan 02, 2004"
GPL564,"Rosetta (Merck) Blood donor experiment","spotted oligonucleotide","Homo sapiens",23916,236,2,"Mao Mao","Dec 31, 2003"
GPL543,"Rosetta (Merck) Splicing Experiment, Chip 1 of 5","spotted oligonucleotide","Homo sapiens",23107,54,1,"John Castle","Dec 19, 2003"
GPL544,"Rosetta (Merck) Splicing Experiment, Chip 2 of 5","spotted oligonucleotide","Homo sapiens",23107,50,1,"John Castle","Dec 19, 2003"
GPL545,"Rosetta (Merck) Splicing Experiment, Chip 3 of 5","spotted oligonucleotide","Homo sapiens",23107,54,1,"John Castle","Dec 19, 2003"
GPL546,"Rosetta (Merck) Splicing Experiment, Chip 4 of 5","spotted oligonucleotide","Homo sapiens",23107,52,1,"John Castle","Dec 19, 2003"
GPL547,"Rosetta (Merck) Splicing Experiment, Chip 5 of 5","spotted oligonucleotide","Homo sapiens",12961,54,1,"John Castle","Dec 19, 2003"
GPL584,"Rosetta (Merck) Genome Tiling Experiment PatternID 254","spotted oligonucleotide","Homo sapiens",20131,7,1,"Stephen W Edwards","Dec 17, 2003"
GPL585,"Rosetta (Merck) Genome Tiling Experiment PatternID 255","spotted oligonucleotide","Homo sapiens",21757,8,1,"Stephen W Edwards","Dec 17, 2003"
GPL586,"Rosetta (Merck) Genome Tiling Experiment PatternID 256","spotted oligonucleotide","Homo sapiens",21635,8,1,"Stephen W Edwards","Dec 17, 2003"
GPL587,"Rosetta (Merck) Genome Tiling Experiment PatternID 257","spotted oligonucleotide","Homo sapiens",21635,8,1,"Stephen W Edwards","Dec 17, 2003"
GPL588,"Rosetta (Merck) Genome Tiling Experiment PatternID 258","spotted oligonucleotide","Homo sapiens",21513,8,1,"Stephen W Edwards","Dec 17, 2003"
GPL589,"Rosetta (Merck) Genome Tiling Experiment PatternID 259","spotted oligonucleotide","Homo sapiens",20487,8,1,"Stephen W Edwards","Dec 17, 2003"
GPL590,"Rosetta (Merck) Genome Tiling Experiment PatternID 260","spotted oligonucleotide","Homo sapiens",21635,8,1,"Stephen W Edwards","Dec 17, 2003"
GPL591,"Rosetta (Merck) Genome Tiling Experiment PatternID 261","spotted oligonucleotide","Homo sapiens",22123,8,1,"Stephen W Edwards","Dec 17, 2003"
GPL592,"Rosetta (Merck) Genome Tiling Experiment PatternID 262","spotted oligonucleotide","Homo sapiens",19709,8,1,"Stephen W Edwards","Dec 17, 2003"
GPL593,"Rosetta (Merck) Genome Tiling Experiment PatternID 263","spotted oligonucleotide","Homo sapiens",19709,8,1,"Stephen W Edwards","Dec 17, 2003"
GPL594,"Rosetta (Merck) Genome Tiling Experiment PatternID 264","spotted oligonucleotide","Homo sapiens",19606,8,1,"Stephen W Edwards","Dec 17, 2003"
GPL595,"Rosetta (Merck) Genome Tiling Experiment PatternID 265","spotted oligonucleotide","Homo sapiens",20131,8,1,"Stephen W Edwards","Dec 17, 2003"
GPL596,"Rosetta (Merck) Genome Tiling Experiment PatternID 266","spotted oligonucleotide","Homo sapiens",22223,8,1,"Stephen W Edwards","Dec 17, 2003"
GPL597,"Rosetta (Merck) Genome Tiling Experiment PatternID 267","spotted oligonucleotide","Homo sapiens",21757,8,1,"Stephen W Edwards","Dec 17, 2003"
GPL598,"Rosetta (Merck) Genome Tiling Experiment PatternID 268","spotted oligonucleotide","Homo sapiens",21635,8,1,"Stephen W Edwards","Dec 17, 2003"
GPL599,"Rosetta (Merck) Genome Tiling Experiment PatternID 269","spotted oligonucleotide","Homo sapiens",21480,8,1,"Stephen W Edwards","Dec 17, 2003"
GPL600,"Rosetta (Merck) Genome Tiling Experiment PatternID 270","spotted oligonucleotide","Homo sapiens",21513,8,1,"Stephen W Edwards","Dec 17, 2003"
GPL601,"Rosetta (Merck) Genome Tiling Experiment PatternID 271","spotted oligonucleotide","Homo sapiens",20487,8,1,"Stephen W Edwards","Dec 17, 2003"
GPL602,"Rosetta (Merck) Genome Tiling Experiment PatternID 272","spotted oligonucleotide","Homo sapiens",21635,8,1,"Stephen W Edwards","Dec 17, 2003"
GPL603,"Rosetta (Merck) Genome Tiling Experiment PatternID 273","spotted oligonucleotide","Homo sapiens",19606,8,1,"Stephen W Edwards","Dec 17, 2003"
GPL604,"Rosetta (Merck) Genome Tiling Experiment PatternID 274","spotted oligonucleotide","Homo sapiens",22123,8,1,"Stephen W Edwards","Dec 17, 2003"
GPL605,"Rosetta (Merck) Genome Tiling Experiment PatternID 275","spotted oligonucleotide","Homo sapiens",21580,8,1,"Stephen W Edwards","Dec 17, 2003"
GPL606,"Rosetta (Merck) Genome Tiling Experiment PatternID 276","spotted oligonucleotide","Homo sapiens",20131,8,1,"Stephen W Edwards","Dec 17, 2003"
GPL607,"Rosetta (Merck) Genome Tiling Experiment PatternID 277","spotted oligonucleotide","Homo sapiens",19709,8,1,"Stephen W Edwards","Dec 17, 2003"
GPL608,"Rosetta (Merck) Genome Tiling Experiment PatternID 278","spotted oligonucleotide","Homo sapiens",22223,8,1,"Stephen W Edwards","Dec 17, 2003"
GPL609,"Rosetta (Merck) Genome Tiling Experiment PatternID 279","spotted oligonucleotide","Homo sapiens",19606,8,1,"Stephen W Edwards","Dec 17, 2003"
GPL610,"Rosetta (Merck) Genome Tiling Experiment PatternID 280","spotted oligonucleotide","Homo sapiens",21757,8,1,"Stephen W Edwards","Dec 17, 2003"
GPL611,"Rosetta (Merck) Genome Tiling Experiment PatternID 281","spotted oligonucleotide","Homo sapiens",20131,8,1,"Stephen W Edwards","Dec 17, 2003"
GPL612,"Rosetta (Merck) Genome Tiling Experiment PatternID 282","spotted oligonucleotide","Homo sapiens",21757,8,1,"Stephen W Edwards","Dec 17, 2003"
GPL613,"Rosetta (Merck) Genome Tiling Experiment PatternID 283","spotted oligonucleotide","Homo sapiens",21635,8,1,"Stephen W Edwards","Dec 17, 2003"
GPL614,"Rosetta (Merck) Genome Tiling Experiment PatternID 284","spotted oligonucleotide","Homo sapiens",21513,8,1,"Stephen W Edwards","Dec 17, 2003"
GPL615,"Rosetta (Merck) Genome Tiling Experiment PatternID 310","spotted oligonucleotide","Homo sapiens",20485,8,1,"Stephen W Edwards","Dec 17, 2003"
GPL616,"Rosetta (Merck) Genome Tiling Experiment PatternID 311","spotted oligonucleotide","Homo sapiens",21635,8,1,"Stephen W Edwards","Dec 17, 2003"
GPL617,"Rosetta (Merck) Genome Tiling Experiment PatternID 312","spotted oligonucleotide","Homo sapiens",22123,8,1,"Stephen W Edwards","Dec 17, 2003"
GPL618,"Rosetta (Merck) Genome Tiling Experiment PatternID 313","spotted oligonucleotide","Homo sapiens",19709,8,1,"Stephen W Edwards","Dec 17, 2003"
GPL619,"Rosetta (Merck) Genome Tiling Experiment PatternID 314","spotted oligonucleotide","Homo sapiens",22223,8,1,"Stephen W Edwards","Dec 17, 2003"
GPL620,"Rosetta (Merck) Genome Tiling Experiment PatternID 315","spotted oligonucleotide","Homo sapiens",19606,8,1,"Stephen W Edwards","Dec 17, 2003"
GPL621,"Rosetta (Merck) Genome Tiling Experiment PatternID 316","spotted oligonucleotide","Homo sapiens",20131,8,1,"Stephen W Edwards","Dec 17, 2003"
GPL622,"Rosetta (Merck) Genome Tiling Experiment PatternID 317","spotted oligonucleotide","Homo sapiens",21757,8,1,"Stephen W Edwards","Dec 17, 2003"
GPL623,"Rosetta (Merck) Genome Tiling Experiment PatternID 318","spotted oligonucleotide","Homo sapiens",21480,8,1,"Stephen W Edwards","Dec 17, 2003"
GPL624,"Rosetta (Merck) Genome Tiling Experiment PatternID 319","spotted oligonucleotide","Homo sapiens",21635,8,1,"Stephen W Edwards","Dec 17, 2003"
GPL625,"Rosetta (Merck) Genome Tiling Experiment PatternID 320","spotted oligonucleotide","Homo sapiens",21513,8,1,"Stephen W Edwards","Dec 17, 2003"
GPL626,"Rosetta (Merck) Genome Tiling Experiment PatternID 321","spotted oligonucleotide","Homo sapiens",20487,8,1,"Stephen W Edwards","Dec 17, 2003"
GPL627,"Rosetta (Merck) Genome Tiling Experiment PatternID 322","spotted oligonucleotide","Homo sapiens",21480,8,1,"Stephen W Edwards","Dec 17, 2003"
GPL628,"Rosetta (Merck) Genome Tiling Experiment PatternID 323","spotted oligonucleotide","Homo sapiens",21635,8,1,"Stephen W Edwards","Dec 17, 2003"
GPL629,"Rosetta (Merck) Genome Tiling Experiment PatternID 324","spotted oligonucleotide","Homo sapiens",22123,8,1,"Stephen W Edwards","Dec 17, 2003"
GPL630,"Rosetta (Merck) Genome Tiling Experiment PatternID 325","spotted oligonucleotide","Homo sapiens",19709,8,1,"Stephen W Edwards","Dec 17, 2003"
GPL631,"Rosetta (Merck) Genome Tiling Experiment PatternID 326","spotted oligonucleotide","Homo sapiens",22223,8,1,"Stephen W Edwards","Dec 17, 2003"
GPL632,"Rosetta (Merck) Genome Tiling Experiment PatternID 327","spotted oligonucleotide","Homo sapiens",21480,8,1,"Stephen W Edwards","Dec 17, 2003"
GPL633,"Rosetta (Merck) Genome Tiling Experiment PatternID 328","spotted oligonucleotide","Homo sapiens",22223,8,1,"Stephen W Edwards","Dec 17, 2003"
GPL634,"Rosetta (Merck) Genome Tiling Experiment PatternID 331","spotted oligonucleotide","Homo sapiens",19606,8,1,"Stephen W Edwards","Dec 17, 2003"
GPL635,"Rosetta (Merck) Genome Tiling Experiment PatternID 332","spotted oligonucleotide","Homo sapiens",20131,6,1,"Stephen W Edwards","Dec 17, 2003"
GPL636,"Rosetta (Merck) Genome Tiling Experiment PatternID 333","spotted oligonucleotide","Homo sapiens",21757,8,1,"Stephen W Edwards","Dec 17, 2003"
GPL637,"Rosetta (Merck) Genome Tiling Experiment PatternID 334","spotted oligonucleotide","Homo sapiens",21513,8,1,"Stephen W Edwards","Dec 17, 2003"
GPL638,"Rosetta (Merck) Genome Tiling Experiment PatternID 335","spotted oligonucleotide","Homo sapiens",22123,8,1,"Stephen W Edwards","Dec 17, 2003"
GPL639,"Rosetta (Merck) Genome Tiling Experiment PatternID 336","spotted oligonucleotide","Homo sapiens",20487,8,1,"Stephen W Edwards","Dec 17, 2003"
GPL640,"Rosetta (Merck) Genome Tiling Experiment PatternID 337","spotted oligonucleotide","Homo sapiens",21635,8,1,"Stephen W Edwards","Dec 17, 2003"
GPL641,"Rosetta (Merck) Genome Tiling Experiment PatternID 801","spotted oligonucleotide","Homo sapiens",22120,3,1,"Stephen W Edwards","Dec 17, 2003"
GPL642,"Rosetta (Merck) Genome Tiling Experiment PatternID 802","spotted oligonucleotide","Homo sapiens",21170,3,1,"Stephen W Edwards","Dec 17, 2003"
GPL643,"Rosetta (Merck) Genome Tiling Experiment PatternID 803","spotted oligonucleotide","Homo sapiens",22120,3,1,"Stephen W Edwards","Dec 17, 2003"
GPL644,"Rosetta (Merck) Genome Tiling Experiment PatternID 804","spotted oligonucleotide","Homo sapiens",22120,3,1,"Stephen W Edwards","Dec 17, 2003"
GPL645,"Rosetta (Merck) Genome Tiling Experiment PatternID 805","spotted oligonucleotide","Homo sapiens",22120,3,1,"Stephen W Edwards","Dec 17, 2003"
GPL646,"Rosetta (Merck) Genome Tiling Experiment PatternID 806","spotted oligonucleotide","Homo sapiens",22120,3,1,"Stephen W Edwards","Dec 17, 2003"
GPL647,"Rosetta (Merck) Genome Tiling Experiment PatternID 807","spotted oligonucleotide","Homo sapiens",22120,3,1,"Stephen W Edwards","Dec 17, 2003"
GPL648,"Rosetta (Merck) Genome Tiling Experiment PatternID 808","spotted oligonucleotide","Homo sapiens",22120,3,1,"Stephen W Edwards","Dec 17, 2003"
GPL649,"Rosetta (Merck) Genome Tiling Experiment PatternID 809","spotted oligonucleotide","Homo sapiens",22120,3,1,"Stephen W Edwards","Dec 17, 2003"
GPL650,"Rosetta (Merck) Genome Tiling Experiment PatternID 810","spotted oligonucleotide","Homo sapiens",22120,3,1,"Stephen W Edwards","Dec 17, 2003"
GPL651,"Rosetta (Merck) Genome Tiling Experiment PatternID 811","spotted oligonucleotide","Homo sapiens",22120,3,1,"Stephen W Edwards","Dec 17, 2003"
GPL652,"Rosetta (Merck) Genome Tiling Experiment PatternID 812","spotted oligonucleotide","Homo sapiens",22120,3,1,"Stephen W Edwards","Dec 17, 2003"
GPL653,"Rosetta (Merck) Genome Tiling Experiment PatternID 813","spotted oligonucleotide","Homo sapiens",22120,3,1,"Stephen W Edwards","Dec 17, 2003"
GPL654,"Rosetta (Merck) Genome Tiling Experiment PatternID 814","spotted oligonucleotide","Homo sapiens",22120,3,1,"Stephen W Edwards","Dec 17, 2003"
GPL655,"Rosetta (Merck) Genome Tiling Experiment PatternID 815","spotted oligonucleotide","Homo sapiens",22120,3,1,"Stephen W Edwards","Dec 17, 2003"
GPL656,"Rosetta (Merck) Genome Tiling Experiment PatternID 816","spotted oligonucleotide","Homo sapiens",22120,3,1,"Stephen W Edwards","Dec 17, 2003"
GPL657,"Rosetta (Merck) Genome Tiling Experiment PatternID 817","spotted oligonucleotide","Homo sapiens",22120,3,1,"Stephen W Edwards","Dec 17, 2003"
GPL658,"Rosetta (Merck) Genome Tiling Experiment PatternID 818","spotted oligonucleotide","Homo sapiens",22120,3,1,"Stephen W Edwards","Dec 17, 2003"
GPL659,"Rosetta (Merck) Genome Tiling Experiment PatternID 819","spotted oligonucleotide","Homo sapiens",22120,3,1,"Stephen W Edwards","Dec 17, 2003"
GPL660,"Rosetta (Merck) Genome Tiling Experiment PatternID 820","spotted oligonucleotide","Homo sapiens",22120,3,1,"Stephen W Edwards","Dec 17, 2003"
GPL661,"Rosetta (Merck) Genome Tiling Experiment PatternID 821","spotted oligonucleotide","Homo sapiens",22120,3,1,"Stephen W Edwards","Dec 17, 2003"
GPL662,"Rosetta (Merck) Genome Tiling Experiment PatternID 822","spotted oligonucleotide","Homo sapiens",21914,3,1,"Stephen W Edwards","Dec 17, 2003"
GPL663,"Rosetta (Merck) Genome Tiling Experiment PatternID 823","spotted oligonucleotide","Homo sapiens",22120,3,1,"Stephen W Edwards","Dec 17, 2003"
GPL664,"Rosetta (Merck) Genome Tiling Experiment PatternID 824","spotted oligonucleotide","Homo sapiens",22044,3,1,"Stephen W Edwards","Dec 17, 2003"
GPL665,"Rosetta (Merck) Genome Tiling Experiment PatternID 825","spotted oligonucleotide","Homo sapiens",22120,3,1,"Stephen W Edwards","Dec 17, 2003"
GPL666,"Rosetta (Merck) Genome Tiling Experiment PatternID 826","spotted oligonucleotide","Homo sapiens",22120,3,1,"Stephen W Edwards","Dec 17, 2003"
GPL667,"Rosetta (Merck) Genome Tiling Experiment PatternID 827","spotted oligonucleotide","Homo sapiens",22120,3,1,"Stephen W Edwards","Dec 17, 2003"
GPL668,"Rosetta (Merck) Genome Tiling Experiment PatternID 828","spotted oligonucleotide","Homo sapiens",22120,3,1,"Stephen W Edwards","Dec 17, 2003"
GPL669,"Rosetta (Merck) Genome Tiling Experiment PatternID 829","spotted oligonucleotide","Homo sapiens",22120,3,1,"Stephen W Edwards","Dec 17, 2003"
GPL670,"Rosetta (Merck) Genome Tiling Experiment PatternID 830","spotted oligonucleotide","Homo sapiens",22120,3,1,"Stephen W Edwards","Dec 17, 2003"
GPL671,"Rosetta (Merck) Genome Tiling Experiment PatternID 831","spotted oligonucleotide","Homo sapiens",22120,3,1,"Stephen W Edwards","Dec 17, 2003"
GPL672,"Rosetta (Merck) Genome Tiling Experiment PatternID 832","spotted oligonucleotide","Homo sapiens",22120,3,1,"Stephen W Edwards","Dec 17, 2003"
GPL673,"Rosetta (Merck) Genome Tiling Experiment PatternID 833","spotted oligonucleotide","Homo sapiens",22120,3,1,"Stephen W Edwards","Dec 17, 2003"
GPL674,"Rosetta (Merck) Genome Tiling Experiment PatternID 834","spotted oligonucleotide","Homo sapiens",22120,3,1,"Stephen W Edwards","Dec 17, 2003"
GPL675,"Rosetta (Merck) Genome Tiling Experiment PatternID 835","spotted oligonucleotide","Homo sapiens",22120,3,1,"Stephen W Edwards","Dec 17, 2003"
GPL676,"Rosetta (Merck) Genome Tiling Experiment PatternID 836","spotted oligonucleotide","Homo sapiens",22120,3,1,"Stephen W Edwards","Dec 17, 2003"
GPL677,"Rosetta (Merck) Genome Tiling Experiment PatternID 837","spotted oligonucleotide","Homo sapiens",22120,3,1,"Stephen W Edwards","Dec 17, 2003"
GPL678,"Rosetta (Merck) Genome Tiling Experiment PatternID 838","spotted oligonucleotide","Homo sapiens",22120,3,1,"Stephen W Edwards","Dec 17, 2003"
GPL679,"Rosetta (Merck) Genome Tiling Experiment PatternID 839","spotted oligonucleotide","Homo sapiens",22120,3,1,"Stephen W Edwards","Dec 17, 2003"
GPL680,"Rosetta (Merck) Genome Tiling Experiment PatternID 840","spotted oligonucleotide","Homo sapiens",22120,3,1,"Stephen W Edwards","Dec 17, 2003"
GPL681,"Rosetta (Merck) Genome Tiling Experiment PatternID 841","spotted oligonucleotide","Homo sapiens",22120,3,1,"Stephen W Edwards","Dec 17, 2003"
GPL682,"Rosetta (Merck) Genome Tiling Experiment PatternID 842","spotted oligonucleotide","Homo sapiens",22120,3,1,"Stephen W Edwards","Dec 17, 2003"
GPL683,"Rosetta (Merck) Genome Tiling Experiment PatternID 843","spotted oligonucleotide","Homo sapiens",22120,3,1,"Stephen W Edwards","Dec 17, 2003"
GPL684,"Rosetta (Merck) Genome Tiling Experiment PatternID 844","spotted oligonucleotide","Homo sapiens",22120,3,1,"Stephen W Edwards","Dec 17, 2003"
GPL685,"Rosetta (Merck) Genome Tiling Experiment PatternID 845","spotted oligonucleotide","Homo sapiens",22120,3,1,"Stephen W Edwards","Dec 17, 2003"
GPL686,"Rosetta (Merck) Genome Tiling Experiment PatternID 846","spotted oligonucleotide","Homo sapiens",22120,3,1,"Stephen W Edwards","Dec 17, 2003"
GPL687,"Rosetta (Merck) Genome Tiling Experiment PatternID 847","spotted oligonucleotide","Homo sapiens",22120,3,1,"Stephen W Edwards","Dec 17, 2003"
GPL688,"Rosetta (Merck) Genome Tiling Experiment PatternID 848","spotted oligonucleotide","Homo sapiens",22120,3,1,"Stephen W Edwards","Dec 17, 2003"
GPL689,"Rosetta (Merck) Genome Tiling Experiment PatternID 849","spotted oligonucleotide","Homo sapiens",22120,3,1,"Stephen W Edwards","Dec 17, 2003"
GPL690,"Rosetta (Merck) Genome Tiling Experiment PatternID 850","spotted oligonucleotide","Homo sapiens",22120,3,1,"Stephen W Edwards","Dec 17, 2003"
GPL691,"Rosetta (Merck) Genome Tiling Experiment PatternID 851","spotted oligonucleotide","Homo sapiens",22120,3,1,"Stephen W Edwards","Dec 17, 2003"
GPL692,"Rosetta (Merck) Genome Tiling Experiment PatternID 852","spotted oligonucleotide","Homo sapiens",22120,3,1,"Stephen W Edwards","Dec 17, 2003"
GPL693,"Rosetta (Merck) Genome Tiling Experiment PatternID 853","spotted oligonucleotide","Homo sapiens",22120,3,1,"Stephen W Edwards","Dec 17, 2003"
GPL694,"Rosetta (Merck) Genome Tiling Experiment PatternID 854","spotted oligonucleotide","Homo sapiens",22120,3,1,"Stephen W Edwards","Dec 17, 2003"
GPL695,"Rosetta (Merck) Genome Tiling Experiment PatternID 855","spotted oligonucleotide","Homo sapiens",22120,3,1,"Stephen W Edwards","Dec 17, 2003"
GPL696,"Rosetta (Merck) Genome Tiling Experiment PatternID 856","spotted oligonucleotide","Homo sapiens",22120,3,1,"Stephen W Edwards","Dec 17, 2003"
GPL697,"Rosetta (Merck) Genome Tiling Experiment PatternID 857","spotted oligonucleotide","Homo sapiens",22120,3,1,"Stephen W Edwards","Dec 17, 2003"
GPL698,"Rosetta (Merck) Genome Tiling Experiment PatternID 858","spotted oligonucleotide","Homo sapiens",22120,3,1,"Stephen W Edwards","Dec 17, 2003"
GPL699,"Rosetta (Merck) Genome Tiling Experiment PatternID 859","spotted oligonucleotide","Homo sapiens",22120,3,1,"Stephen W Edwards","Dec 17, 2003"
GPL700,"Rosetta (Merck) Genome Tiling Experiment PatternID 860","spotted oligonucleotide","Homo sapiens",22120,3,1,"Stephen W Edwards","Dec 17, 2003"
GPL701,"Rosetta (Merck) Genome Tiling Experiment PatternID 861","spotted oligonucleotide","Homo sapiens",22120,3,1,"Stephen W Edwards","Dec 17, 2003"
GPL702,"Rosetta (Merck) Genome Tiling Experiment PatternID 862","spotted oligonucleotide","Homo sapiens",22120,3,1,"Stephen W Edwards","Dec 17, 2003"
GPL703,"Rosetta (Merck) Genome Tiling Experiment PatternID 863","spotted oligonucleotide","Homo sapiens",22120,3,1,"Stephen W Edwards","Dec 17, 2003"
GPL704,"Rosetta (Merck) Genome Tiling Experiment PatternID 864","spotted oligonucleotide","Homo sapiens",22120,3,1,"Stephen W Edwards","Dec 17, 2003"
GPL705,"Rosetta (Merck) Genome Tiling Experiment PatternID 865","spotted oligonucleotide","Homo sapiens",22120,3,1,"Stephen W Edwards","Dec 17, 2003"
GPL706,"Rosetta (Merck) Genome Tiling Experiment PatternID 866","spotted oligonucleotide","Homo sapiens",22120,3,1,"Stephen W Edwards","Dec 17, 2003"
GPL707,"Rosetta (Merck) Genome Tiling Experiment PatternID 867","spotted oligonucleotide","Homo sapiens",22120,3,1,"Stephen W Edwards","Dec 17, 2003"
GPL708,"Rosetta (Merck) Genome Tiling Experiment PatternID 868","spotted oligonucleotide","Homo sapiens",22120,3,1,"Stephen W Edwards","Dec 17, 2003"
GPL709,"Rosetta (Merck) Genome Tiling Experiment PatternID 869","spotted oligonucleotide","Homo sapiens",22120,3,1,"Stephen W Edwards","Dec 17, 2003"
GPL710,"Rosetta (Merck) Genome Tiling Experiment PatternID 870","spotted oligonucleotide","Homo sapiens",22120,3,1,"Stephen W Edwards","Dec 17, 2003"
GPL711,"Rosetta (Merck) Genome Tiling Experiment PatternID 871","spotted oligonucleotide","Homo sapiens",22120,3,1,"Stephen W Edwards","Dec 17, 2003"
GPL712,"Rosetta (Merck) Genome Tiling Experiment PatternID 872","spotted oligonucleotide","Homo sapiens",22120,3,1,"Stephen W Edwards","Dec 17, 2003"
GPL713,"Rosetta (Merck) Genome Tiling Experiment PatternID 873","spotted oligonucleotide","Homo sapiens",22120,3,1,"Stephen W Edwards","Dec 17, 2003"
GPL714,"Rosetta (Merck) Genome Tiling Experiment PatternID 874","spotted oligonucleotide","Homo sapiens",21478,3,1,"Stephen W Edwards","Dec 17, 2003"
GPL715,"Rosetta (Merck) Genome Tiling Experiment PatternID 875","spotted oligonucleotide","Homo sapiens",22120,3,1,"Stephen W Edwards","Dec 17, 2003"
GPL716,"Rosetta (Merck) Genome Tiling Experiment PatternID 876","spotted oligonucleotide","Homo sapiens",22120,3,1,"Stephen W Edwards","Dec 17, 2003"
GPL717,"Rosetta (Merck) Genome Tiling Experiment PatternID 877","spotted oligonucleotide","Homo sapiens",22120,3,1,"Stephen W Edwards","Dec 17, 2003"
GPL718,"Rosetta (Merck) Genome Tiling Experiment PatternID 878","spotted oligonucleotide","Homo sapiens",22120,3,1,"Stephen W Edwards","Dec 17, 2003"
GPL719,"Rosetta (Merck) Genome Tiling Experiment PatternID 879","spotted oligonucleotide","Homo sapiens",22120,3,1,"Stephen W Edwards","Dec 17, 2003"
GPL720,"Rosetta (Merck) Genome Tiling Experiment PatternID 880","spotted oligonucleotide","Homo sapiens",22120,3,1,"Stephen W Edwards","Dec 17, 2003"
GPL721,"Rosetta (Merck) Genome Tiling Experiment PatternID 881","spotted oligonucleotide","Homo sapiens",22120,3,1,"Stephen W Edwards","Dec 17, 2003"
GPL722,"Rosetta (Merck) Genome Tiling Experiment PatternID 882","spotted oligonucleotide","Homo sapiens",22120,3,1,"Stephen W Edwards","Dec 17, 2003"
GPL723,"Rosetta (Merck) Genome Tiling Experiment PatternID 883","spotted oligonucleotide","Homo sapiens",22120,3,1,"Stephen W Edwards","Dec 17, 2003"
GPL724,"Rosetta (Merck) Genome Tiling Experiment PatternID 884","spotted oligonucleotide","Homo sapiens",22120,3,1,"Stephen W Edwards","Dec 17, 2003"
GPL725,"Rosetta (Merck) Genome Tiling Experiment PatternID 885","spotted oligonucleotide","Homo sapiens",22120,3,1,"Stephen W Edwards","Dec 17, 2003"
GPL726,"Rosetta (Merck) Genome Tiling Experiment PatternID 886","spotted oligonucleotide","Homo sapiens",22120,3,1,"Stephen W Edwards","Dec 17, 2003"
GPL727,"Rosetta (Merck) Genome Tiling Experiment PatternID 887","spotted oligonucleotide","Homo sapiens",22120,3,1,"Stephen W Edwards","Dec 17, 2003"
GPL728,"Rosetta (Merck) Genome Tiling Experiment PatternID 888","spotted oligonucleotide","Homo sapiens",22120,3,1,"Stephen W Edwards","Dec 17, 2003"
GPL729,"Rosetta (Merck) Genome Tiling Experiment PatternID 889","spotted oligonucleotide","Homo sapiens",21632,3,1,"Stephen W Edwards","Dec 17, 2003"
GPL730,"Rosetta (Merck) Genome Tiling Experiment PatternID 890","spotted oligonucleotide","Homo sapiens",21070,3,1,"Stephen W Edwards","Dec 17, 2003"
GPL731,"Rosetta (Merck) Genome Tiling Experiment PatternID 891","spotted oligonucleotide","Homo sapiens",22120,3,1,"Stephen W Edwards","Dec 17, 2003"
GPL732,"Rosetta (Merck) Genome Tiling Experiment PatternID 892","spotted oligonucleotide","Homo sapiens",22120,3,1,"Stephen W Edwards","Dec 17, 2003"
GPL733,"Rosetta (Merck) Genome Tiling Experiment PatternID 893","spotted oligonucleotide","Homo sapiens",22120,3,1,"Stephen W Edwards","Dec 17, 2003"
GPL734,"Rosetta (Merck) Genome Tiling Experiment PatternID 894","spotted oligonucleotide","Homo sapiens",21806,3,1,"Stephen W Edwards","Dec 17, 2003"
GPL735,"Rosetta (Merck) Genome Tiling Experiment PatternID 895","spotted oligonucleotide","Homo sapiens",22120,3,1,"Stephen W Edwards","Dec 17, 2003"
GPL736,"Rosetta (Merck) Genome Tiling Experiment PatternID 896","spotted oligonucleotide","Homo sapiens",22120,3,1,"Stephen W Edwards","Dec 17, 2003"
GPL740,"GenomeWideEVG_MRK2200","spotted oligonucleotide","Homo sapiens",13604,30,1,"Stephen W Edwards","Dec 17, 2003"
GPL741,"GenomeWideEVG_MRK2201","spotted oligonucleotide","Homo sapiens",13749,30,1,"Stephen W Edwards","Dec 17, 2003"
GPL742,"GenomeWideEVG_MRK2202","spotted oligonucleotide","Homo sapiens",13644,30,1,"Stephen W Edwards","Dec 17, 2003"
GPL743,"GenomeWideEVG_MRK2203","spotted oligonucleotide","Homo sapiens",8949,30,1,"Stephen W Edwards","Dec 17, 2003"
GPL744,"GenomeWideEVG_MRK2204","spotted oligonucleotide","Homo sapiens",13712,30,1,"Stephen W Edwards","Dec 17, 2003"
GPL745,"GenomeWideEVG_MRK2205","spotted oligonucleotide","Homo sapiens",13734,30,1,"Stephen W Edwards","Dec 17, 2003"
GPL746,"GenomeWideEVG_MRK2206","spotted oligonucleotide","Homo sapiens",13829,30,1,"Stephen W Edwards","Dec 17, 2003"
GPL747,"GenomeWideEVG_MRK2207","spotted oligonucleotide","Homo sapiens",11162,30,1,"Stephen W Edwards","Dec 17, 2003"
GPL748,"GenomeWideEVG_MRK2208","spotted oligonucleotide","Homo sapiens",8814,30,1,"Stephen W Edwards","Dec 17, 2003"
GPL749,"GenomeWideEVG_MRK2209","spotted oligonucleotide","Homo sapiens",8783,27,1,"Stephen W Edwards","Dec 17, 2003"
GPL750,"GenomeWideEVG_MRK2210","spotted oligonucleotide","Homo sapiens",8746,30,1,"Stephen W Edwards","Dec 17, 2003"
GPL751,"GenomeWideEVG_MRK2211","spotted oligonucleotide","Homo sapiens",8927,30,1,"Stephen W Edwards","Dec 17, 2003"
GPL752,"GenomeWideEVG_MRK2212","spotted oligonucleotide","Homo sapiens",9097,30,1,"Stephen W Edwards","Dec 17, 2003"
GPL753,"GenomeWideEVG_MRK2213","spotted oligonucleotide","Homo sapiens",8649,28,1,"Stephen W Edwards","Dec 17, 2003"
GPL754,"GenomeWideEVG_MRK2214","spotted oligonucleotide","Homo sapiens",8743,30,1,"Stephen W Edwards","Dec 17, 2003"
GPL755,"GenomeWideEVG_MRK2215","spotted oligonucleotide","Homo sapiens",8799,30,1,"Stephen W Edwards","Dec 17, 2003"
GPL756,"GenomeWideEVG_MRK2216","spotted oligonucleotide","Homo sapiens",8995,30,1,"Stephen W Edwards","Dec 17, 2003"
GPL757,"GenomeWideEVG_MRK2217","spotted oligonucleotide","Homo sapiens",8945,30,1,"Stephen W Edwards","Dec 17, 2003"
GPL758,"GenomeWideEVG_MRK2218","spotted oligonucleotide","Homo sapiens",3795,30,1,"Stephen W Edwards","Dec 17, 2003"
GPL759,"GenomeWideEVG_MRK2219","spotted oligonucleotide","Homo sapiens",8768,30,1,"Stephen W Edwards","Dec 17, 2003"
GPL490,"GeneTrack® Human cDNA chip 7.5k","spotted DNA/cDNA","Homo sapiens",7399,132,1,"Jin-Soo Kim","Dec 12, 2003"
GPL350,"UHN Microarray Centre - Human 19K 3 (Part A)","spotted DNA/cDNA","Homo sapiens",19200,47,6,"Felix M. Mesak","Dec 07, 2003"
GPL351,"UHN Microarray Centre - Human 19K 3 (Part B)","spotted DNA/cDNA","Homo sapiens",19200,47,6,"Felix M. Mesak","Dec 07, 2003"
GPL353,"UHN Microarray Centre – Human 19K 2ii (Part A)","spotted DNA/cDNA","Homo sapiens",19200,3,2,"Felix M. Mesak","Dec 07, 2003"
GPL354,"UHN Microarray Centre – Human 19K 2ii (Part B)","spotted DNA/cDNA","Homo sapiens",19200,3,2,"Felix M. Mesak","Dec 07, 2003"
GPL349,"NMC 7.7k duplicate human cDNA arrays, 020617","spotted DNA/cDNA","Homo sapiens",15488,0,0,"Kristin Nørsett","Dec 06, 2003"
GPL506,"Sanger human ver 1","spotted DNA/cDNA","Homo sapiens",9928,221,9,"Kristine Hardy","Dec 01, 2003"
GPL367,"Rheumatoid Arthritis platform","spotted DNA/cDNA","Homo sapiens",13537,21,2,"El Houdaigui Fatiha","Nov 30, 2003"
GPL555,"angiogenesis","spotted DNA/cDNA","Homo sapiens",20800,18,5,"Anna Tsykin","Nov 25, 2003"
GPL371,"Incyte Gene Album Arrays 1-6 - public clones","spotted DNA/cDNA","Homo sapiens",37331,15,1,"Terrill K. McClanahan","Nov 13, 2003"
GPL570,"[HG-U133_Plus_2] Affymetrix Human Genome U133 Plus 2.0 Array","in situ oligonucleotide","Homo sapiens",54675,176153,5699,"Affymetrix, Inc.","Nov 07, 2003"
GPL571,"[HG-U133A_2] Affymetrix Human Genome U133A 2.0 Array","in situ oligonucleotide","Homo sapiens",22277,24467,641,"Affymetrix, Inc.","Nov 07, 2003"
GPL561,"Abeta-activated Microglia Part 1","spotted DNA/cDNA","Homo sapiens",28800,71,1,"Scott Curtis Lohr","Oct 29, 2003"
GPL562,"Abeta-activated Microglia Part 2","spotted DNA/cDNA","Homo sapiens",28800,72,1,"Scott Curtis Lohr","Oct 29, 2003"
GPL549,"Atlas Human Cardiovascular Array (Cat. #7734-1)","spotted DNA/cDNA","Homo sapiens",597,17,2,"BD Biosciences Clontech","Oct 18, 2003"
GPL538,"Research Genetics (Invitrogen) - GF211 Microarray Filter","spotted DNA/cDNA","Homo sapiens",4132,249,13,"ResGen/Invitrogen Corporation","Oct 10, 2003"
GPL520,"MWG Human 10k Array A","spotted oligonucleotide","Homo sapiens",10368,50,3,"MWG Biotech","Oct 07, 2003"
GPL521,"MWG Human 10k Array B","spotted oligonucleotide","Homo sapiens",10368,0,0,"MWG Biotech","Oct 07, 2003"
GPL522,"MWG Human 10k Array C","spotted oligonucleotide","Homo sapiens",10368,0,0,"MWG Biotech","Oct 07, 2003"
GPL523,"MWG Human Cancer Array","spotted oligonucleotide","Homo sapiens",1920,0,0,"MWG Biotech","Oct 07, 2003"
GPL524,"MWG Chromosome 21 Array","spotted oligonucleotide","Homo sapiens",540,0,0,"MWG Biotech","Oct 07, 2003"
GPL511,"Hitachi AceGene subset A","spotted oligonucleotide","Homo sapiens",10800,2,2,"Motoyuki Otsuka","Sep 29, 2003"
GPL486,"Incyte Human UniGEM V 1.0 (GEM-5100, UniGene build 75)","spotted DNA/cDNA","Homo sapiens",7267,1,1,"Lilia Maglova-Crowe","Sep 20, 2003"
GPL487,"Incyte Human UniGEM V 2.0 (GEM-5112)","spotted DNA/cDNA","Homo sapiens",9374,2,1,"Lilia Maglova-Crowe","Sep 20, 2003"
GPL355,"Human 10K cDNA Array","spotted DNA/cDNA","Homo sapiens",10692,33,1,"Khew-Voon Chin","Sep 01, 2003"
GPL262,"Res Gen Human","spotted DNA/cDNA","Homo sapiens",4132,28,4,"Susan Keay","Aug 24, 2003"
GPL373,"GeneTrack® Human cDNA chip HSVC303","spotted DNA/cDNA","Homo sapiens",7399,1,1,"Park Jinwoo","Aug 05, 2003"
GPL364,"AECOM 5H series","spotted DNA/cDNA","Homo sapiens",8064,0,0,"Weijia Zhang","Jul 22, 2003"
GPL365,"AECOM H1 series","spotted DNA/cDNA","Homo sapiens",8976,0,0,"Weijia Zhang","Jul 22, 2003"
GPL284,"Human UniGene Set RZPD 1","spotted DNA/cDNA","Homo sapiens",34560,74,5,"Nancy Mah","Jul 08, 2003"
GPL335,"Incyte Human UniGEM V .14","spotted DNA/cDNA","Homo sapiens",7166,1,1,"Khurram S Rehman","Jun 28, 2003"
GPL345,"H10K(Incyte Human Unigene 1)","spotted DNA/cDNA","Homo sapiens",11856,0,0,"Deanna Cole Naeve","Jun 25, 2003"
GPL271,"LC-17","spotted DNA/cDNA","Homo sapiens",28032,66,1,"Xin Chen","Jun 17, 2003"
GPL272,"LC-20","spotted DNA/cDNA","Homo sapiens",37632,1,1,"Xin Chen","Jun 17, 2003"
GPL334,"Human 10K - Wellcome Trust Sanger Institute","spotted DNA/cDNA","Homo sapiens",9984,72,3,"Andrea Pellagatti","Jun 06, 2003"
GPL316,"Human 18K set (8.13.2001)","spotted DNA/cDNA","Homo sapiens",17754,0,0,"Andrei Mikheev","May 21, 2003"
GPL322,"H1 (Incyte Human Unigene 1)","spotted DNA/cDNA","Homo sapiens",11552,0,0,"Deanna Cole Naeve","May 15, 2003"
GPL312,"GF200 (ResGen)","spotted DNA/cDNA","Homo sapiens",5544,15,2,"Jo Ann S. Rinaudo","May 06, 2003"
GPL310,"Genes significantly modified in Gestational Diabetes","spotted DNA/cDNA","Homo sapiens",435,1,1,"Sylvie Hauguel-de Mouzon","Apr 30, 2003"
GPL292,"MWG Human 30k Array A","spotted oligonucleotide","Homo sapiens",10368,8,1,"Silvio Bicciato","Apr 24, 2003"
GPL257,"NCI_UniGEM2_HCC","spotted DNA/cDNA","Homo sapiens",9984,103,2,"Xin Wei Wang","Apr 02, 2003"
GPL230,"UP_5Ka","spotted DNA/cDNA","Homo sapiens",11520,70,1,"Michael Patrick Morley","Mar 31, 2003"
GPL273,"UCSF 3OPHs version 1 human long oligo array","spotted oligonucleotide","Homo sapiens",14001,14,1,"David J Erle","Mar 18, 2003"
GPL274,"UCSF 4Hs version 2 human long oligo array","spotted oligonucleotide","Homo sapiens",21341,4,1,"David J Erle","Mar 18, 2003"
GPL268,"ACF_SGF_CEA","spotted DNA/cDNA","Homo sapiens",4800,4,1,"Jerome Lamartine","Mar 11, 2003"
GPL222,"HCI human","spotted DNA/cDNA","Homo sapiens",4608,6,1,"K C Malcolm","Mar 07, 2003"
GPL263,"ACG_SGF_CEA","spotted DNA/cDNA","Homo sapiens",2496,5,1,"Jerome Lamartine","Mar 07, 2003"
GPL261,"ADR_SGF_CEA","spotted DNA/cDNA","Homo sapiens",5760,5,1,"Jerome Lamartine","Mar 06, 2003"
GPL258,"ACX_SGF_CEA","spotted DNA/cDNA","Homo sapiens",2496,9,2,"Jerome Lamartine","Mar 05, 2003"
GPL259,"ADQ_SGF_CEA","spotted DNA/cDNA","Homo sapiens",2400,7,3,"Jerome Lamartine","Mar 05, 2003"
GPL217,"Endothelial Cell Chip","spotted DNA/cDNA","Homo sapiens",1248,66,1,"Jennifer King","Feb 18, 2003"
GPL247,"ISREC-HU10Kb","spotted DNA/cDNA","Homo sapiens",10368,2,1,"Richard Iggo","Feb 12, 2003"
GPL246,"Affymetrix GeneChip Custom-Made Muscle Chip","spotted oligonucleotide","Homo sapiens",4653,63,4,"Eric P Hoffman","Feb 10, 2003"
GPL191,"Sigma Genosys Panorama Human Apoptosis Gene Array","spotted DNA/cDNA","Homo sapiens",216,0,0,"Sigma-Genosys","Dec 20, 2002"
GPL192,"Sigma Genosys Panorama Human Cytokine Gene Array","spotted DNA/cDNA","Homo sapiens",398,0,0,"Sigma-Genosys","Dec 20, 2002"
GPL193,"Sigma Genosys Panorama Human Cytokine Gene Array Version 2","spotted DNA/cDNA","Homo sapiens",862,74,3,"Sigma-Genosys","Nov 10, 2002"
GPL120,"Ab Microarray 380 (Cat. #K1847-1)","antibody","Homo sapiens",768,4,1,"BD Biosciences Clontech","Oct 01, 2002"
GPL121,"Atlas Glass Human 1.0 Array (Cat. #7900-1)","spotted oligonucleotide","Homo sapiens",1090,19,3,"BD Biosciences Clontech","Oct 01, 2002"
GPL122,"Atlas Glass Human 3.8 I Microarray (Cat. #7903-1 & 7904-1)","spotted oligonucleotide","Homo sapiens",3757,0,0,"BD Biosciences Clontech","Oct 01, 2002"
GPL123,"Atlas Glass Human 3.8 II Microarray (Cat. #7910-1)","spotted oligonucleotide","Homo sapiens",3757,0,0,"BD Biosciences Clontech","Oct 01, 2002"
GPL127,"Atlas Human 1.2 Array (Cat. #7850-1)","spotted DNA/cDNA","Homo sapiens",1185,187,7,"BD Biosciences Clontech","Oct 01, 2002"
GPL128,"Atlas Human 1.2 Array II (Cat. #7852-1)","spotted DNA/cDNA","Homo sapiens",1185,19,3,"BD Biosciences Clontech","Oct 01, 2002"
GPL129,"Atlas Human 1.2 Array III (Cat. #7855-1)","spotted DNA/cDNA","Homo sapiens",1185,3,1,"BD Biosciences Clontech","Oct 01, 2002"
GPL130,"Atlas Human Apoptosis Array (Cat. #7743-1)","spotted DNA/cDNA","Homo sapiens",214,6,1,"BD Biosciences Clontech","Oct 01, 2002"
GPL131,"Atlas Human Cancer 1.2 Array (Cat. #7851-1)","spotted DNA/cDNA","Homo sapiens",1185,117,5,"BD Biosciences Clontech","Oct 01, 2002"
GPL132,"Atlas Human Cancer cDNA Expression Array (Cat. #7742-1)","spotted DNA/cDNA","Homo sapiens",597,0,0,"BD Biosciences Clontech","Oct 01, 2002"
GPL134,"Atlas Human Cell Cycle Array (Cat. #7748-1)","spotted DNA/cDNA","Homo sapiens",120,0,0,"BD Biosciences Clontech","Oct 01, 2002"
GPL135,"Atlas Human Cell Interaction Array (Cat. #7746-1)","spotted DNA/cDNA","Homo sapiens",274,0,0,"BD Biosciences Clontech","Oct 01, 2002"
GPL136,"Atlas Human Cytokine and Receptor Array (Cat. #7744-1)","spotted DNA/cDNA","Homo sapiens",277,0,0,"BD Biosciences Clontech","Oct 01, 2002"
GPL137,"Atlas Human Hematology and Immunology Array (Cat. #7737-1)","spotted DNA/cDNA","Homo sapiens",415,0,0,"BD Biosciences Clontech","Oct 01, 2002"
GPL138,"Atlas Human Neurobiology Array (Cat. #7736-1)","spotted DNA/cDNA","Homo sapiens",597,0,0,"BD Biosciences Clontech","Oct 01, 2002"
GPL139,"Atlas Human Oncogene and Tumor Suppressor Array (Cat. #7745-1)","spotted DNA/cDNA","Homo sapiens",199,56,1,"BD Biosciences Clontech","Oct 01, 2002"
GPL140,"Atlas Human Stress Array (Cat. #7747-1)","spotted DNA/cDNA","Homo sapiens",243,21,4,"BD Biosciences Clontech","Oct 01, 2002"
GPL141,"Atlas Human Toxicology 1.2 Array (Cat. #7859-1)","spotted DNA/cDNA","Homo sapiens",1185,0,0,"BD Biosciences Clontech","Oct 01, 2002"
GPL142,"Atlas Human Toxicology Array II (Cat. #7733-1)","spotted DNA/cDNA","Homo sapiens",597,0,0,"BD Biosciences Clontech","Oct 01, 2002"
GPL143,"Atlas Human cDNA Expression Array (Cat. #7740-1)","spotted DNA/cDNA","Homo sapiens",597,61,2,"BD Biosciences Clontech","Oct 01, 2002"
GPL150,"Atlas Plastic Human 8K Microarray (Cat. #7905-1)","spotted oligonucleotide","Homo sapiens",8354,0,0,"BD Biosciences Clontech","Oct 01, 2002"
GPL159,"Atlas Select Human Oncogene Array (Cat. #7831-1)","spotted DNA/cDNA","Homo sapiens",587,0,0,"BD Biosciences Clontech","Oct 01, 2002"
GPL160,"Atlas Select Human Tumor Array (Cat. #7830-1)","spotted DNA/cDNA","Homo sapiens",478,0,0,"BD Biosciences Clontech","Oct 01, 2002"
GPL201,"[HG-Focus] Affymetrix Human HG-Focus Target Array","in situ oligonucleotide","Homo sapiens",8793,3860,80,"Affymetrix, Inc.","Jul 18, 2002"
GPL167,"10k_Print3","spotted DNA/cDNA","Homo sapiens",9984,65,2,"Stanford Microarray Database (SMD)","Jun 27, 2002"
GPL168,"10k_print1","spotted DNA/cDNA","Homo sapiens",10176,3,3,"Stanford Microarray Database (SMD)","Jun 27, 2002"
GPL169,"10k_print2","spotted DNA/cDNA","Homo sapiens",9984,24,6,"Stanford Microarray Database (SMD)","Jun 27, 2002"
GPL170,"5K","spotted DNA/cDNA","Homo sapiens",5760,26,1,"Stanford Microarray Database (SMD)","Jun 27, 2002"
GPL171,"AB-11","antibody","Homo sapiens",1152,12,3,"Stanford Microarray Database (SMD)","Jun 27, 2002"
GPL172,"AB-14","antibody","Homo sapiens",1440,12,3,"Stanford Microarray Database (SMD)","Jun 27, 2002"
GPL173,"AB-8","antibody","Homo sapiens",2304,6,2,"Stanford Microarray Database (SMD)","Jun 27, 2002"
GPL174,"LC-4b","spotted DNA/cDNA","Homo sapiens",9216,31,1,"Stanford Microarray Database (SMD)","Jun 27, 2002"
GPL175,"LC-7b","spotted DNA/cDNA","Homo sapiens",9216,59,2,"Stanford Microarray Database (SMD)","Jun 27, 2002"
GPL176,"LC-8","spotted DNA/cDNA","Homo sapiens",18432,73,3,"Stanford Microarray Database (SMD)","Jun 27, 2002"
GPL177,"SHAD2","spotted DNA/cDNA","Homo sapiens",24192,2,1,"Stanford Microarray Database (SMD)","Jun 27, 2002"
GPL178,"SHZ","spotted DNA/cDNA","Homo sapiens",24192,76,5,"Stanford Microarray Database (SMD)","Jun 27, 2002"
GPL179,"SVA","spotted DNA/cDNA","Homo sapiens",6720,12,3,"Stanford Microarray Database (SMD)","Jun 27, 2002"
GPL180,"SVC","spotted DNA/cDNA","Homo sapiens",9216,100,8,"Stanford Microarray Database (SMD)","Jun 27, 2002"
GPL181,"SHS","spotted DNA/cDNA","Homo sapiens",24192,17,2,"Stanford Microarray Database (SMD)","Jun 27, 2002"
GPL182,"SHV","spotted DNA/cDNA","Homo sapiens",24192,37,6,"Stanford Microarray Database (SMD)","Jun 27, 2002"
GPL183,"SHAI2","spotted DNA/cDNA","Homo sapiens",24192,11,1,"Stanford Microarray Database (SMD)","Jun 27, 2002"
GPL161,"UCSD BIOGEM Core Human Array","spotted DNA/cDNA","Homo sapiens",9242,5,1,"Richard Rouse","May 09, 2002"
GPL104,"NIA Neuroarray","spotted DNA/cDNA","Homo sapiens",1152,6,1,"Supriyo De","Apr 03, 2002"
GPL112,"NIA Signal Transduction Array","spotted DNA/cDNA","Homo sapiens",1152,0,0,"Supriyo De","Apr 03, 2002"
GPL74,"[HC_G110] Affymetrix Human Cancer Array","in situ oligonucleotide","Homo sapiens",2059,23,1,"Affymetrix, Inc.","Mar 11, 2002"
GPL80,"[Hu6800] Affymetrix Human Full Length HuGeneFL Array","in situ oligonucleotide","Homo sapiens",7129,1490,57,"Affymetrix, Inc.","Mar 11, 2002"
GPL91,"[HG_U95A] Affymetrix Human Genome U95A Array","in situ oligonucleotide","Homo sapiens",12626,1095,59,"Affymetrix, Inc.","Mar 11, 2002"
GPL92,"[HG_U95B] Affymetrix Human Genome U95B Array","in situ oligonucleotide","Homo sapiens",12620,513,15,"Affymetrix, Inc.","Mar 11, 2002"
GPL93,"[HG_U95C] Affymetrix Human Genome U95C Array","in situ oligonucleotide","Homo sapiens",12646,505,15,"Affymetrix, Inc.","Mar 11, 2002"
GPL94,"[HG_U95D] Affymetrix Human Genome U95D Array","in situ oligonucleotide","Homo sapiens",12644,194,8,"Affymetrix, Inc.","Mar 11, 2002"
GPL95,"[HG_U95E] Affymetrix Human Genome U95E Array","in situ oligonucleotide","Homo sapiens",12639,193,8,"Affymetrix, Inc.","Mar 11, 2002"
GPL96,"[HG-U133A] Affymetrix Human Genome U133A Array","in situ oligonucleotide","Homo sapiens",22283,42464,1126,"Affymetrix, Inc.","Mar 11, 2002"
GPL97,"[HG-U133B] Affymetrix Human Genome U133B Array","in situ oligonucleotide","Homo sapiens",22645,7917,165,"Affymetrix, Inc.","Mar 11, 2002"
GPL98,"[Hu35KsubA] Affymetrix Human 35K SubA Array","in situ oligonucleotide","Homo sapiens",8934,318,13,"Affymetrix, Inc.","Mar 11, 2002"
GPL99,"[Hu35KsubB] Affymetrix Human 35K SubB Array","in situ oligonucleotide","Homo sapiens",8924,10,11,"Affymetrix, Inc.","Mar 11, 2002"
GPL100,"[Hu35KsubC] Affymetrix Human 35K SubC Array","in situ oligonucleotide","Homo sapiens",8928,10,11,"Affymetrix, Inc.","Mar 11, 2002"
GPL101,"[Hu35KsubD] Affymetrix Human 35K SubD Array","in situ oligonucleotide","Homo sapiens",8928,10,11,"Affymetrix, Inc.","Mar 11, 2002"
GPL28,"HumArray 1.14","spotted DNA/cDNA","Homo sapiens",2463,61,2,"Donna G Albertson","Feb 12, 2002"
GPL44,"FHCRC Human 18K Array","spotted DNA/cDNA","Homo sapiens",17588,39,6,"Lynn Graf","Feb 09, 2002"
GPL9,"Human Unigene I, part 1","spotted DNA/cDNA","Homo sapiens",36864,218,2,"Wolfgang Huber","May 31, 2001"
GPL10,"Human Unigene I, part 2","spotted DNA/cDNA","Homo sapiens",36864,218,2,"Wolfgang Huber","May 31, 2001"
GPL7,"NHGRI_Human_8K","spotted DNA/cDNA","Homo sapiens",8192,38,1,"Michael Bittner","Jan 24, 2001"
GPL6,"SAGE:10:Sau3A:Homo sapiens","SAGE Sau3A","Homo sapiens",210026,15,5,"GEO","Jan 04, 2001"
GPL4,"SAGE:10:NlaIII:Homo sapiens","SAGE NlaIII","Homo sapiens",265577,580,58,"GEO","Sep 28, 2000"
