MM.Entrez,EffectSize
16012,3.799140367444994
14807,3.059087916719993
12402,1.8001305732999846
68713,2.5727857600600004
16819,2.4421867860099873
15227,2.4315251730899954
17394,2.09267724358999
320202,2.51970980506999
76905,2.7010393935549946
545902,2.8946456914849934
233875,2.6188564181149907
56184,2.7233986962549954
98314,2.5852143967199916
21676,2.6715563282749937
67331,2.5929252059349928
226359,2.707302516224993
77462,2.9249455477499877
12654,2.4170735675249917
668303,3.258369330224987
21645,2.3746883340349916
54199,2.0659534788499947
17537,2.145425951944988
14293,1.8143762536249959
12765,1.5617892008649967
228966,1.7140371189049937
213435,2.3404125219349936
18796,2.4341003019449934
50501,4.419976137804996
67080,2.4352430940249903
18208,2.151983859439998
18029,1.3895515507349891
109660,2.9434613779449954
13106,2.3435068511199884
14068,3.0564990905149916
328778,2.366004495189996
224023,1.861482796789991
11470,2.2046169518099896
77976,2.430534611529991
329659,2.3591796161899907
18121,1.7488600224749966
74915,2.6924171170649904
65963,-1.9397388815800038
384185,2.8410462021549927
80886,1.0193208797999933
270150,2.5326308953549947
12771,-2.1893209990200093
69861,1.7508511544299923
17287,-2.7329760796950096
56189,1.985435845529997
13714,1.7807481373599945
332578,1.8936326192449906
11853,1.788466567849989
13446,2.321848056324991
12587,2.2545071489749917
106522,-2.4916058944200037
13370,1.944838296429987
21422,1.9027212638799904
219170,2.110839490074997
70551,-1.6841268244300016
226896,1.824049980134995
53870,1.885493953159994
14168,1.42894635425999
14345,-2.3159757000350027
170835,-1.749334504035005
11625,1.8996157502049948
76645,1.4639614185949874
14179,2.2164785265749902
52024,1.9324341679299932
243510,2.3771159690299877
241452,2.0106388807999975
73192,2.0181867676349885
58206,1.4618711863249931
18991,1.4752698264599875
21906,1.1426273342999913
16178,1.9807293686049947
20491,-0.833832011585006
237397,2.26225038389998
140500,1.0700776104499852
381319,-2.4031585247300074
76267,1.6323885179799902
52892,3.300828476864992
76073,1.1176220720549885
69836,2.717294227799993
269642,-1.8922155182800058
74782,1.7254071700199907
22066,2.1044327149499917
238673,2.469425336909989
110794,-1.5086729509150043
225631,1.7103224239699895
383766,2.32416480990499
11910,-2.0446135298050025
244550,1.2310166439099959
319229,1.1270883674499803
11687,-2.1371777127150065
14756,2.394574947139991
66333,2.5571136444849962
117589,0.9222099475449905
14915,1.9912900217099878
16592,1.0385924972449914
11629,-1.441069277120011
74286,2.097648882224994
211383,2.622112609384996
245468,1.4670369653899904
385377,1.4670369653899904
16154,-0.9179548322800137
26757,1.640497283949994
13537,-0.853574295550013
78892,2.049716292049996
67198,2.352503776369994
11492,0.9665491270399933
57756,1.5182349719049935
227659,1.0104564469999904
14863,-1.9939140756650051
74090,1.5163995734749935
16660,1.8537825956799923
11569,1.1602364093699933
378460,1.418815680739991
100039801,1.6467845610049978
671564,2.394682115039993
102580,1.3657478988549974
67862,-1.2213970897000106
13008,-1.1777568413900088
68552,-0.8273017152000097
233020,1.7002979821799862
230784,0.9634162727349835
75723,1.965068064494992
12260,2.2633979852349935
68453,1.42332246207999
14105,-1.7472855906250064
13644,1.8397192277099919
227288,1.3779079698099945
20199,1.0587310468999913
231633,1.8685448574550003
16973,1.2187412982999888
435626,2.2698869354499953
13340,1.3557575553099932
12643,1.7046373159699968
71728,1.5793994173099897
15186,1.0755638315949927
260301,1.602009614339992
17132,-1.676479851605004
237943,1.6684683106699918
18636,0.8067992598749871
244199,1.4170103322499887
114304,1.5267081184149873
20201,1.265974800799981
13649,1.5908838520849926
56619,1.2783889701349906
76573,1.2426463775699936
78929,1.5126066886149934
18946,2.3027710403999926
73247,1.6691409744749954
54483,1.0192901209449943
11643,1.8746122585049951
65106,-1.196821823420004
16643,-1.1696137313950086
232969,1.5901572014299905
104215,-0.8161224698200016
227697,-0.9612473538800073
108116,0.6224836698849856
20379,2.0123098392949936
208727,1.4285316459949966
319757,-1.280490323440004
94282,1.2886464375249895
14255,-1.122890722165006
14430,1.5752166274749904
233571,-1.5301214454300043
140795,-2.281505319955004
241128,1.110028347024997
77701,0.7293243000499885
75788,1.2942313005949924
66042,1.7069490117649835
381022,1.410701110054994
16865,1.2473392297949921
12354,1.234240955749982
268970,1.3320275602599958
223920,1.5725223073299937
30806,0.8010110027999868
108100,1.2647550327899921
244853,-1.6776578790150039
55950,-0.8508207242700063
67603,-0.7833932313300043
56501,2.1221924885849948
382639,1.6700679215399914
76498,-0.9604070274050027
237761,1.7689538290099938
216227,-1.6043809664150022
246779,1.1930488915249962
320916,1.3006500448099931
271564,0.9898236224249901
229517,-1.8407984166350104
13244,-0.6426544290200074
70834,-1.0787533327650056
407831,-2.0310404293900106
67602,-1.0933314554750053
12400,-0.937199101900017
214359,-1.393026539135013
217893,1.3450319436599933
13483,1.5989913811699914
22029,0.6352619375699948
11542,-1.7049307931050075
320554,-1.698435217970009
12912,1.2828431750799947
381199,1.3191742558949935
17260,1.6984663644299882
14404,1.9337984877349976
12075,1.9029460293649931
14744,-0.9203150818100134
56747,1.9688137917299953
13400,2.070395556394992
14183,1.422592733229994
13116,1.8354748726349879
14071,2.10835835232999
66075,1.1403018079849883
67963,-0.6453525078000126
332221,1.3561993348949883
66085,-0.798111390850007
100019,2.071859834919996
20562,1.0515853921499865
11603,-1.1422953711700048
21961,1.1245443091449925
56374,-0.7067458447500155
20745,1.8241701551549943
75956,1.4936173375249906
101565,-1.3737685465700018
68346,-1.3777497107650092
232533,1.4916679647899942
170744,2.388312984899989
20530,1.2600762554749947
13844,1.6309039466399877
66680,0.7229688539999923
11979,1.2188908741249973
208890,1.2924046897199943
106633,1.560660110264993
56795,1.7021922291099951
210029,-1.765104508550004
640524,1.6596593326199969
69048,-0.9910946056100052
78469,1.6883260071749886
68240,-0.9006670316500038
22771,1.345196751394993
109006,-1.051963904095011
14312,-0.9725324075000152
17937,-1.5008463425600045
14402,1.460970575009994
12518,0.8284655844849897
67893,-1.6743466271900038
74748,-1.4791463528300053
20907,-1.1301837984700036
69640,1.17757895279499
14884,0.7674556356899913
21664,-1.985468808225007
13730,-1.4200505711350067
67037,0.864001228199994
18092,1.868242372869993
14087,-1.9633898489300057
16189,-1.4189774774400092
16156,-1.3010214925150034
93746,2.209774719449989
68423,0.7557730307899941
546648,1.4517278808999894
239528,0.9376243395349952
59040,-0.8120162655699996
71986,1.2376042561499974
106565,0.9791024779999926
217517,-1.449678331150002
64898,0.8136390973549945
71706,-0.7372410872800064
71810,-0.7262583108850116
271209,1.707604662209993
233066,1.2308500964149909
22062,1.2203826960349904
67272,1.234074758869987
69583,-1.1171868789250103
74778,1.0157366052499892
70231,1.2991022733849853
12450,-0.8349976163550039
20661,1.7384771675449944
21926,-0.7310988300300041
56205,-0.7000482805000097
20269,1.3206933558849978
59048,-1.1613805491750098
67800,1.0600526571349933
71336,-0.5787938828600101
68316,1.0962469465249907
76854,-0.8841114366600005
12985,2.320712975834996
245886,-1.0482697637250045
12042,-0.8428994973600119
17454,0.8050657500699927
110012,1.6731533280749957
84094,-1.3539359456450066
14190,-1.3925356966150089
12180,1.4099557890699952
30931,-0.630755807930008
19700,1.573428603849993
20202,0.7649301502999801
76646,2.108900152189994
15902,-1.686509307965002
75751,0.6187999161149893
69398,1.4094433165999902
12494,-0.9032638357150127
108068,1.3406577049299973
21934,1.1147090258549985
24100,1.231103543324994
18230,1.5172546711899937
17150,1.711524228284996
71912,1.4142933191849902
235582,1.0489358688849966
13199,1.8391508677049941
140494,-0.8703532170600012
69742,0.7501037018649921
12767,-1.1816097661850122
216157,-0.6417148195500104
15945,-1.3055407725650054
219072,-0.6783117005350068
58860,-1.599014631985006
103554,1.1539625164099956
108123,-1.4038645796950044
15403,-1.7516824162750035
20493,-2.020256100380001
22213,1.3987215130199893
66315,1.0298214028199961
72113,-1.1741425441150062
21968,1.2156874673299853
212516,2.0977712704299964
231855,0.6103241476999823
72185,-1.4674461555500002
76252,-1.04119328265
17248,1.026079737659991
110911,0.5888442384399895
22196,-0.6847001494500145
16975,1.5248920424399994
18718,1.0156629060699949
67680,-0.5946428988000019
215201,-0.7523070195550101
12702,0.843893738419986
105859,1.9260837922999947
15007,-0.9292886067250095
50935,-0.7719733154450115
50793,-0.6393992078450115
217207,1.1770090359799923
74675,1.2953347991649933
66087,-0.7407983707600092
18631,-0.6582567635900034
15114,1.8624984071199897
433926,1.3161766877799908
226861,1.7231472639349903
14284,0.8512503216949909
70533,-1.227012272285008
17268,-1.1127321555600078
269951,-0.6133926184700051
232989,0.8291068335849943
14538,1.1254621502099909
170472,1.2916828715199973
241075,1.011977273659996
65099,0.7787419596999818
72555,1.1926499819599936
17772,1.7343995683049949
231842,-0.7340869901800104
108014,-0.7385794704900093
78586,1.1747395919549941
320816,-0.7831355505400097
17123,1.490817219739986
74116,0.8418136174399908
71665,-0.6667291749200004
321000,-1.3489929052950052
12370,-1.385800038465005
67698,-0.999404594760005
19356,-1.234021876065004
108121,-0.642684608700014
69274,1.3446506368249889
229906,-1.0606831142850055
76510,1.0176818174499846
69806,-0.6058810211600072
228491,-1.3442309258800025
70350,1.5552938164299928
245446,1.9486530065299954
26427,1.1768176475799956
170947,1.1754368534799928
19293,1.802864324684994
66980,0.8741447443949877
387347,-1.2514357168600014
81535,-0.6621160353000146
21982,-1.1883059574450048
16828,-0.74739556030001
29856,0.7167913888349879
11898,-0.6228902529450036
17760,1.2643715450699933
108767,-1.0048040874250113
99045,-0.6047311585350119
50497,-0.6489780279500099
15936,-1.5495454960900057
66573,-1.2025883577750016
11447,1.3442183927349958
664994,1.823165471064999
69064,1.5894578194849913
20913,1.5177753209299993
242202,1.3051592417149909
66164,-0.7618490291400093
66610,0.834031278599987
226823,-0.7841802764250048
244059,0.8319342056649912
67181,0.7263568599999939
101214,-0.7219496386500026
212518,1.9222522649499858
15284,1.2920703104599989
225215,-1.2099959841900043
238875,-1.4543391897500042
72170,-0.7982135319500063
17763,1.3834401767199935
230582,0.616615510469992
27028,0.8464090219099845
53868,-1.5932287736900044
26410,-1.1985448176600038
56224,-0.6713192882800003
22648,1.4249290298199924
229900,0.9404373433899895
110616,1.0140945168899922
494468,-1.604739323880004
26569,0.9867317121899877
63856,-0.7816964620550007
71908,-1.2023872975550045
241197,-1.7933752508000067
57916,-0.7074500889700097
243339,1.5396013432649927
72465,-1.4894982972200053
11481,-1.0475354803700014
67510,-1.7145145882450077
69601,0.6499328344849964
228960,-1.4871611366300064
110095,0.77117134259999
215476,0.894632789839994
68263,-0.555963533650008
72661,-0.728561184300009
240411,1.7144742070799914
27426,0.7915063502350002
73368,1.457800131889992
110135,1.3158429447199946
14562,1.0976935991599959
94064,-0.7244695674300026
229681,-0.7747751556600102
76527,-1.1066572672100028
338467,-0.9148139773100077
18217,2.0647727068699977
225651,-1.2604579647550032
66403,-1.4704250651350028
14130,-1.2326179964700081
242603,1.5198804205999972
71949,-0.6003776158000065
140792,-1.2471345418400022
14673,-1.498937547260005
54375,1.1373331493999856
230514,-0.7690335249750024
18675,1.9691869177199974
192292,-0.7428369303450069
93672,1.0788158772749936
231507,-0.709370929000011
66396,-0.8656905598850155
50758,-1.159057037720002
328232,0.9942679711599958
59030,-0.8939920153250078
100504491,1.4216534413549882
11622,-0.994786560560005
76983,0.6844685144049922
69440,-1.5295577663000017
104836,0.6865283622399883
16963,-1.3193656796100046
319430,0.8344450030049888
66978,0.9973720888399971
78251,-1.3428819445150033
102103,0.8748492426999857
12567,0.498775616099989
13638,2.1025034013499955
13681,-0.5729887844500006
21824,-1.722640270305007
16191,0.9142164812599978
17765,-1.2720865837350095
22141,2.386392074439992
330890,-0.7839479120550061
233056,2.028690270604997
277973,1.5493129832149957
378435,0.5096117536499829
68499,-0.6199546200000068
319555,1.354353109114994
213402,1.2165597427399932
230777,1.8900249352499987
72826,-1.392305977000004
20292,1.0962228351399959
15040,-0.8149586884000115
18429,2.055284528864994
214593,1.222916195984995
17149,-0.6507670938950074
56488,-0.5952223842800084
66260,1.9215993339149957
72136,-1.070827992945003
26371,-0.8996318206650082
226122,0.8367365840549859
22218,-0.5084581729000117
66197,-1.0413465857100022
229096,-0.797252674135013
72900,-0.524041078500014
14289,1.0606842782149908
20361,-1.0678356804600018
75624,-1.2435528868700025
217588,-1.6433657393450058
21917,-0.6751302117400133
53626,1.5590569539899946
103768,1.0212200886799891
17274,0.7752419443849945
71751,1.1849329829999933
140780,1.0376901010849942
19277,-0.8342624759400117
16162,1.7023244690999944
54135,-1.588188509245005
69606,-0.7260922975250121
12977,0.9771618269899918
105014,-1.6901597434450029
17134,0.6965991494999937
58810,-0.6536255838000091
54383,-0.5611609735000123
101602,-0.8297030445900067
268783,-0.7927877432500061
17002,1.9765752817299953
224093,-1.4642272945350037
66917,-0.5647206643200118
13079,1.2318250254999938
16362,-0.6902293344000121
12479,-0.6854969896450118
207615,-1.6285016747400034
18822,1.3107234010199953
24012,-0.7718846712000182
20541,1.4211043632549947
56453,-0.6955179614500064
11699,1.500798383679994
56529,-0.5886483392000113
110855,1.3466358345799945
19662,-1.8253677606650034
12915,-1.256486642645008
668501,-0.6573441873200059
66694,-0.6243815042200112
75302,1.0965737938249962
12369,-1.0513956749750042
64657,0.5689141158000002
209086,-0.6742487326000095
13682,-0.6676338538500062
15476,1.1155936745399915
319653,-0.9150693350100063
21685,-0.6494612704650073
26466,-0.555080151400011
56772,-0.6295456384000051
14938,-0.8617584081000125
81907,1.485154686064993
234797,0.6303708502099958
70285,-1.1192876424850073
53625,-0.7923416732400064
11538,-0.6167929055450099
18148,-0.6488954177500155
68742,-0.6556153132500064
14114,1.444485014314993
382083,1.279097590764998
70363,1.1281217786099993
20498,-0.7282213418150043
16854,-0.8571295082000177
13487,1.1235935747649983
16582,-1.180959919795006
13639,1.3318985122949911
140493,1.1451333755799915
94245,-0.5951862708850086
244713,-1.250617078385
117167,1.733928524604992
74732,-0.6179461344000039
109594,-1.218623163355001
236266,1.3334851314449931
58805,0.8254757218949909
19255,-0.6917322387100135
17826,-0.42368653670001066
216578,-1.730537696070007
66046,-0.5524420373500032
20198,-0.5781807448500125
235086,1.2250301297249955
13051,-1.0654351206300063
100561,-0.6216979328500081
17527,0.4522369939049842
22260,0.4599597479499913
243083,1.161233226099995
56809,-0.54998559150002
223435,1.9272044719399837
13732,-0.5991044110500052
12834,1.4796073647899952
330260,0.6721495450749959
53886,1.1391931579749928
17246,-0.5780669380550112
218030,1.5173328112249926
19260,-0.633715175530007
93728,1.9670935680749961
66548,1.3932880357699924
67043,-0.6170164565850111
211151,-0.544070332670012
110606,-0.544070332670012
68724,-0.6075556416900163
20403,-0.5932683031650114
66578,-1.5782730838700036
19726,1.5344487684499963
433864,0.6174944864599876
56338,-0.7976651503000127
76577,-1.189076554330006
381352,-1.2730829566000041
14675,1.160842283769993
76332,0.969224772199988
71840,1.1742872968699878
74255,-0.6472719374000171
80879,0.8654614019899913
70784,-0.5833328477100075
71839,1.0221269083549904
67604,-1.0228857029500071
12475,1.3495539012549953
67019,-1.233838402910009
16182,-0.7461231657600091
56369,-0.49124232539499957
58181,1.1901280768599998
237823,1.22955520584999
107607,-0.6857771638900143
72775,-0.5058963927200093
268857,0.783347803644995
16504,-1.0976216441150068
67477,-1.996600235550006
68969,-0.5299374367550165
67111,-0.9224304990250101
276920,1.0579330004499967
16728,1.6058951905599912
67784,-0.711883181070009
16000,0.6091100874999906
13401,1.0962321905299923
226144,-0.7961462794250078
66975,-1.2556020158000072
67892,-0.7319254696250113
360013,1.4853834070899978
380686,-1.216510536065008
223775,-1.5068749503100047
14635,0.7583618469549922
20630,-0.6240685476300012
107477,0.8061851484049871
66480,-0.7631750104000172
15439,0.7418767975999874
52588,-0.5257553160150064
73124,-1.3568538012400007
20227,0.6229232296999854
11438,1.272991978149994
246317,1.4044437379699994
30843,-0.5988545644500061
66209,-1.3297311149500075
69834,-0.461444973700015
22157,1.2607334717599965
66733,1.1269934188399993
102545,-0.6440726915700115
272636,1.1606480499899954
117197,-1.135388959640009
217169,0.9036268926899869
106877,0.9988872324099942
21944,1.4935272253799923
17173,-2.063328477525
19143,1.1833181273299935
19276,1.0507158997499975
117148,1.3904190353099946
19057,-0.9097052491100062
18588,0.729726754474993
15242,-0.6954874143200094
72780,1.4651810772699938
15278,-0.7679560773350032
110175,-0.8092436729400045
17202,2.112224734764994
108687,-1.2059449959450061
16917,0.9842355284999886
118449,-0.9826861448600059
66421,-1.7295954639600062
239827,1.390215150449995
106143,-0.7002522470900079
24030,-0.5697688930650049
12010,-0.6354906944000174
15211,-0.45928922705001085
21975,0.5839446233199901
66641,-1.045895079865006
66482,-0.6552451149350063
14854,-1.3846005863950044
58182,1.0488410567699935
56541,-0.909320479010006
72098,-1.1313505110600008
208628,0.849979976569994
67533,1.1040607755699927
66532,1.1040607755699927
56434,-0.9375639186450044
19299,-0.7300458381350108
66665,-1.1057259471200016
68774,-1.0115500446300034
50754,0.7531062735099923
217151,-0.663786096400008
70120,-1.0137199119500044
13528,0.7751949633399935
50887,1.1509566056549936
237211,-0.7415473909750103
21939,-1.1151852012300036
320376,0.9319216514599873
12266,0.6319954460449875
208211,-0.935817554920007
212439,1.0792747030449945
15446,-1.696781985365007
55960,-0.822567452500004
14733,-1.7588436240450074
215723,1.3138720541949955
27081,-1.3043687444350054
110157,-0.7154213859000169
20360,1.5844987186899893
12874,1.2719028509549881
16803,1.8349642422949963
15258,1.005144166974997
212285,1.0737744275699974
268451,0.6899707785699931
104263,-0.5893749690000156
56079,1.2659472046599909
55927,-0.5275819352899997
67941,-0.5624409697000132
21353,1.1357869445199897
81004,1.0088540535199932
19262,-0.43327526314001474
13368,-1.2544618335050028
75689,1.0913349248199955
13358,0.8482999540799963
208164,1.0959515049849964
17828,-1.2211718212100076
269473,0.9622711434249904
66536,-0.7670879367400101
664883,1.5179540791599875
75785,-0.928944398200013
52815,-1.1303316191650037
52028,1.4347376717149958
68910,-0.7467279072350053
66743,-0.5515527838000072
74249,2.049215704479993
68667,-1.0452873648300032
67778,-0.6300337700399989
69544,-1.0713887999150025
67245,-0.6711563719000111
21843,0.44389031414998925
276905,0.6524402422599938
14186,-1.5502974303250028
78416,-0.7355230147900098
70335,1.1318685739999914
26572,-0.9668129140800135
12227,-0.6465874746600058
66074,-0.5866795351300009
19052,-0.5183969033900091
68472,-1.9122140602500037
69332,1.0501627253599928
56176,-0.6824723227350109
16370,1.1982671870999955
66441,-1.0615684123700033
54615,0.798960736214994
57896,-0.7361188979800151
12193,-0.598547200900013
218268,1.2051638218899945
67683,-0.820812794840009
67870,-1.7537961231600008
13544,0.9914526490999886
66510,-0.45651386348001033
17476,-0.6624092259000118
56792,0.7105966943949902
16528,1.0470014305199973
319535,-1.0350747262500057
231440,0.9959171269999931
58800,-0.5885119839700064
240396,-0.8890632474000029
12506,-0.6043211132500108
69608,-0.8292004535150044
74464,1.4756391657499934
209212,-0.8895983093000028
68736,-1.1373975410650043
67044,-0.4084549037000116
14539,1.1327524527099877
12237,-0.7202088572750114
22764,-1.823919205690001
433619,1.416494471389996
21763,-1.6108955025850067
14400,1.7976457363549967
117149,0.8453767193399884
19074,1.6566357405149965
30949,-0.9530463376950076
67996,-0.6780026399550181
17863,-1.2570162266950051
210503,-1.165241398515004
76205,-1.0340174127900053
13527,1.660479297309997
74126,-0.7802499843000206
109161,-1.3287672285800056
56334,-0.563006175400016
66409,-0.5360339872500166
108098,-0.9109929037850089
20969,-1.3481337360700039
240595,1.3580534516649965
13427,-0.6395010425950023
213956,0.5594062450999822
73112,-0.6344243043000102
71963,-1.3814280548000104
68039,-0.5083702289300103
71720,-1.1849935192550012
269198,1.2089308408549915
22325,-1.4386507529300014
15212,-0.6489100181900103
19259,1.2285171497999965
12258,1.2031447928349888
13196,0.5596194056399941
57357,-0.6616858596400084
109229,-0.6501077856400084
110639,-2.0188250844350026
56774,1.351429340189998
83814,-1.328474459540006
99929,-0.9978991006650046
18576,-0.8155826800050132
14252,0.8727749750999934
66495,-0.4462668303500088
226970,-1.1780251215800037
229841,1.2000296658399963
70316,-0.516748079450009
69444,1.227195847669992
106369,1.3295863782499957
14073,1.9953045529049955
13449,-0.5571658455000161
214158,-1.7930717014700033
16542,1.1177151140499983
170742,-1.060109006785007
69185,-1.2120026619450046
19242,-2.695322117200003
228413,1.1673746554799926
67089,-0.990670986145008
74455,-1.2064021676450025
71148,0.9943665488699951
74081,-1.0517797595950071
72183,-0.7282802600600089
22354,-0.5633543307350131
18518,-0.9067891868700046
13992,1.4938766707649966
70375,1.2006727418299947
109246,-0.7258905918400016
101023,-0.6175053841000118
66212,-0.47730894180001826
237336,-0.5157775390000037
268301,-1.3507523484299995
319944,-0.9868417749800065
58220,1.7518057415549966
101612,0.9692714030749894
66231,-0.5296645331150156
64010,-1.055060825390008
209707,-1.3912364330549991
68725,-1.2315108783700035
223970,1.0302064512549958
27965,-1.156646022155007
231871,-0.7106233074300068
22194,-0.8857458427200076
243621,-0.7685955485000076
16348,0.6120290156499895
98388,0.6913009867199946
68053,-1.194010888725007
17450,1.1712628670199967
66654,0.6588185014599959
19079,0.9345913384299926
71151,-0.9517901274800069
18020,-0.7438823279550064
76117,-0.7848408893500043
13595,-0.4447811001500135
67755,-0.7406121774250103
327957,-1.0437277511450018
109019,-1.1764808151150072
67836,-1.3865663212500063
224624,-0.638408255645011
268449,-0.589451303700006
20401,1.2649092189049922
11790,1.4092841315599962
66983,-1.1368553798650094
72055,1.1949771745499937
280411,1.1440992451049965
19328,-0.8517084910750086
67674,-0.5593114915450119
67201,-0.662123141115007
13516,1.234196046019996
72383,1.5100215002549948
56863,0.9612295177399961
21374,-0.9903144866550067
57319,-0.6013319343000045
67072,-1.3256410907350054
17692,-0.5996521299450119
117171,-0.543009196540007
68948,-0.8988817824000037
66131,-0.837677933055005
12223,1.674789874629996
56314,0.7158904403799937
215693,-1.1499379953400046
69833,-0.4863893848500034
234463,-0.6998203782900116
21371,-0.6093240744000106
70099,-0.4741726316000072
71881,-1.5191030409200055
72543,-0.4792542461000089
17754,1.0249063347349914
66308,0.6360950298149959
68323,-1.1908442493400013
246746,0.6735268753599897
26395,-1.1806306836900102
66329,-0.7889192041800062
240023,0.5022403097999959
57814,-1.0625168639100053
212307,0.7417030148399881
74002,-1.170058684775006
320091,1.5424560386699975
100504285,1.3239237530599963
19223,1.0117889442949952
13209,0.6518822852599886
16835,-0.8514301453800028
66537,-0.43026555490001783
76192,-1.2083117201450033
229055,-1.3026506729450036
66624,1.5351916356049902
73078,-0.7014297915600078
21929,-1.7298697465200084
15560,1.4542871320549953
20348,-1.0953212901750065
75469,1.319545340489995
74044,-1.5321069453100087
83485,-0.42236251400000313
226438,0.9071076520249948
68957,-1.1348500887650044
12034,-0.551773182485011
225010,-0.9243167004750035
75216,1.233283299014997
20930,-0.558941937235014
232790,0.9883433454049966
19411,-0.5338016436550088
84653,0.8827412919049911
77767,1.2146129441999882
242785,-0.6950528413550066
67935,1.3700042856599963
100039795,1.0305433389149954
11928,-0.5037371011550071
67384,-1.0934067394600024
19893,-1.131198370790007
69131,0.8696444561449859
69151,-1.038838641450008
97159,-0.524736545250013
231600,-0.4333307127900117
194388,0.826625659019995
233332,-1.0882696680350037
12747,-0.8279524705950081
140629,-1.0325481581400062
18632,-0.7491025426950042
12368,-0.6605586471750033
170654,1.046699805599994
66143,-0.9923967750350062
212933,1.4410432232699946
66253,1.0773742102399932
74513,1.8912253497249951
70397,-1.071696127755012
71461,1.487447365714992
12163,0.714972861344993
17305,-0.5517440110500047
110168,-0.9936655420300067
67295,0.6773218695099832
66371,1.1207152446649946
218121,-0.6406457025350054
269336,-0.7455117680150085
18704,0.950678249219993
268564,0.9220194904999905
70355,1.477904992089993
11352,-1.2547817583000045
239420,-0.9338951802600084
52808,0.6669943359799895
624910,1.257632910144995
20439,-0.741978969460007
103583,-0.5289153906300079
22214,1.4021925394849966
20423,0.6238730558699959
15183,-1.2334439925750091
68365,-0.554486114415008
28077,-0.4612301261400109
56771,-2.0189054203900074
225358,0.6648131300499918
77929,-1.5899656287350075
19271,0.698329173679987
68576,-0.453996699535006
278180,1.0120580515349968
12750,-0.6160739823850037
72999,-0.7944052541450084
238988,0.6998529606249981
228368,-0.4291807406000121
140919,1.7240580333149937
17084,-0.5499603963000013
17301,-1.387880857435003
72147,0.8562713056499902
67681,-0.7029729189750125
17293,0.7081430003999944
20132,0.7740715664349955
24060,-1.4887088861750044
66356,0.7594895471249892
12328,-1.0051735830850044
67738,-0.5154757782750004
217664,-0.7775049186750067
237500,1.199313021254989
52635,-0.7833935351050068
76959,-0.46353354520001133
75266,1.242862716814996
12868,-0.3975860000000129
13669,-1.3468345633950065
18015,0.9499322459599906
108143,-0.5170139717000009
66556,-0.5871286509000058
22239,0.9215782095849958
66451,-1.1519208021300047
68212,-0.5187596997100083
76892,-1.2337145358700061
66111,-0.5046023985000083
70840,0.9505951871899962
57330,0.6920717222499899
216345,-0.6440269460550105
67881,-0.5031082816700021
93747,-1.5165458525400037
100126824,-1.0933358583000103
72962,-1.0933358583000103
241201,1.195483161059994
73490,1.1460362307099912
20867,0.651370732799986
19349,0.5953735560749909
18570,-0.6297529230000016
13178,-1.3977345913150039
17192,0.3879657613999914
14526,0.4325969896599964
58239,-0.6931866899050032
213439,-1.2289474650000054
68036,-0.5253633487300124
16341,-0.7313602985000092
641340,-1.1958140734600073
28028,-0.7439203122800064
628870,1.0883371279649974
20437,-1.1212811363100075
338320,-0.6130782821350103
58804,0.5996886719999868
224481,-0.5737501581950095
14794,-0.7650471816450093
68311,0.9740934096049942
69550,-0.582105302620004
104771,-0.4001022295000176
232946,1.481629447279988
21821,-1.3952650776200022
353242,-0.45782542260001335
20729,-0.6040427632100069
14009,1.3593158489649948
59095,-4.130223020285006
53332,-0.46696269764000675
226791,0.7855260474699954
20191,1.2858375426899986
224794,-0.8256682770250041
18639,-1.1870186790700066
84544,-0.6333962982750094
66890,-0.5078475999000105
12508,-0.6709817006700138
668166,-0.8276134675200089
212123,-0.8088887990650031
63873,1.034929976804987
56196,-0.9260813537750048
71041,-1.3407828104100057
77805,0.8411828977549938
319740,-0.6344479838100074
70771,1.0391581109599963
74383,0.9860040998949913
170829,0.9574650132499931
52840,-0.4777580671900079
234219,1.544330771584995
14461,0.628514469734994
14710,-0.5171834024500033
74360,-1.1626843062600036
319262,0.6978708724999851
22652,-1.1582412423550026
56273,-1.0970801081450077
68201,1.2907203621199983
67381,-0.9640071040000073
83924,-0.9960735253450057
19650,-1.7554834265250054
78938,-0.5799468012199993
23806,0.8176016325499891
11793,-0.5039590534350129
68178,-0.7738741403100029
26926,-0.4809072121850111
18612,0.8666200356199898
67769,-1.5234722419100049
15565,1.3813192501449971
245308,2.0692115264649966
56808,1.446498910714988
80915,-0.9785911989450078
104806,0.6655606703549912
66932,0.9421668353149926
53323,0.5553100896999847
63955,-0.8122722603400034
14017,-0.6541533907550061
73836,-0.5800909707150037
16869,1.1282628388049956
54342,-0.8754102074500079
224674,-1.4158008906550048
81489,-0.41209887210000673
14735,1.1336620693799966
56336,-0.6298791868850042
67978,-0.8143035630850015
17961,-0.7732760389500077
233107,-1.105236731584998
14696,-1.1280795242850008
18242,-1.2114704252150093
83435,-1.085575593560013
18674,-0.6139605261500094
211389,-0.5500810484500054
213760,1.0275136336899964
16545,0.8671520481099919
16563,0.7242844821099954
56249,-0.5394117052050067
11974,-0.44998121900000854
76800,-0.9267700523150078
239743,-0.6099007955500131
17777,-0.836646305195003
52174,-0.49816982158000833
69533,1.3143826224899913
13661,1.0851489767499958
20524,-0.5007700450500057
27402,-1.184508159020007
107986,-0.82147490129001
67099,-1.155637583780008
216021,1.2758341141299963
212670,0.7421698006349944
14359,-0.44874473594500763
67057,-0.6670857691400212
66913,-1.5654344050100049
105988,-1.3800553314200021
11556,1.2779681683749975
228545,-1.2222753106900042
12865,1.4226081826249963
56786,-0.43216215943001046
28169,-0.45114592960000977
83493,-0.5449531578850069
83675,-1.7003458778700025
56209,-0.6651151224450063
76816,0.726194044189989
77733,1.2238457975999903
21885,0.8989467735949948
69707,0.988227212889992
26384,-0.5998523828650129
56046,-0.6061777720600023
66204,-1.198127797060005
22785,-0.6998351773500087
66493,-0.5187137816000131
107435,-1.4173197690650055
19895,-1.2083392712600123
170735,1.2442941461949966
68151,-1.153499704030006
227195,-1.0349798610850112
217201,-0.8241307411000065
77634,-0.8457133596950079
330959,-0.6641459238200085
20843,-0.4882141336850072
19283,0.9214156333699957
57261,0.9862269097999796
14991,-0.8746611252900074
75568,1.6415833044649961
59013,-0.6302695120500115
237611,0.793629059714994
19668,1.1931899084499977
22095,1.3604972895099965
16326,1.3044774602149918
57435,1.178036826304992
18559,-1.0162251388900065
99890,-1.3120424524000098
84682,1.1657017293199932
14763,0.9888536512099972
13709,-0.6254748701400068
18117,-1.227126460095005
227656,-0.5541484430000114
26465,0.5735918940449984
12638,1.1750209813449928
20997,-2.9330867694650027
16871,0.9762178976349949
26894,-0.43530660841000746
22017,-1.0013177997900025
21815,-0.5744877693100037
17165,-0.5671623480650094
68477,1.4448133286399916
216821,-0.4948402364549995
68839,-0.5196551381800045
19355,-1.2564347118000123
74427,-0.732889779850006
239931,0.9565728687649964
69459,0.7954664628999861
228785,1.1787568799699972
380863,-1.0328186632300027
79560,-0.5126229252050116
56748,-0.6409705875200036
21413,0.6151253131249952
71648,1.518582301169988
66910,1.1020702409649932
330189,0.7766692355349889
78394,-0.3875373462550069
58186,0.9805382588849874
27632,-1.269774596890012
77106,-0.5507403310800072
216810,1.2271016381449957
75454,-0.46182407562000805
56857,-0.9128682371700068
66965,-0.49617303302001226
52592,-0.6260412279150049
57264,0.693228649189999
14667,-0.7885536978250016
76366,-0.9766227539900081
28135,-0.44780222589500696
238323,1.8071716675999951
14605,-0.6449738541000016
16847,1.4582865176599924
12889,0.8430072470899952
71772,-0.7678693108650076
68970,0.9817249825499879
56735,2.3699783088399924
16434,-0.4877177241400137
545474,0.7019269273099926
28010,0.4885084464499938
74144,1.3245166269299973
12905,-1.3825954889000105
68636,1.180413449994993
23873,-0.6285688319000036
64074,1.2243685225749972
71382,-1.0652646236150032
216151,-1.127923664820008
240215,0.8156710183749905
50916,0.9872237179349916
104175,-0.6370309850300071
72556,-1.2951790717100025
16995,0.6653676675699938
106021,-0.6312053199900065
66309,-0.5378747617100093
140499,-0.43358001855000694
70567,-0.6423076845350035
11488,0.9638930553049931
76952,0.760089061354992
56473,-0.9011583622500021
12464,-0.4289667336500109
12525,-1.0961013214600097
280635,1.019172104904999
50759,-0.7508247155850025
108897,1.8451355169199966
330938,1.2860947056149916
73067,-0.5120598964850096
20463,-0.5841173262000066
240263,-0.9810851434150019
13204,-1.6852370321100079
234072,1.3720869949399956
245381,1.696600276679995
74718,-1.4908771371600036
102626,-0.5086938360150111
277978,-1.1502494087400001
67446,-1.1688697561200092
17534,1.3244388640899962
67211,-0.5487854453050094
14732,1.5069495089049925
75616,-0.5248643033050069
58212,1.4943721978099944
170791,-0.40770721485000294
71673,-0.4266151070000106
433022,-0.5758511455750055
383619,-0.9282907618000058
74191,1.137107711264992
19038,-1.637301719640008
19663,-1.2121475307100038
54153,-1.232948361535005
56077,-1.26548675075
23830,-0.8269411708750098
13496,0.5757939703349919
20272,2.276216646064994
105837,-1.240869519530004
226517,-0.42921141454500766
69723,-0.5263116456400034
58178,1.2018793634649914
235132,-0.8365164507450036
19225,0.5442007885099951
22209,-0.4637007893300087
230809,0.938486239154992
67830,-0.49426686913002094
102323,-0.7060600617450117
15975,1.127086378879997
20393,-0.7663997247050123
380601,-0.88880610759501
14537,-0.7642210498400068
12412,0.7368602372099966
15401,1.7878908354049932
19172,-0.45209024235001394
107769,-0.47329341009000636
22704,-0.7553683955100077
14803,1.1609935610749966
234395,0.7752823073349937
66616,0.6294572974149908
68520,-1.2388106475100047
11614,0.7251797318499955
57170,-0.8858621232850039
17354,0.7307892899599935
64297,-0.9480511151850095
66736,-0.8989476578050031
68032,-0.425343559450015
65969,-0.9347244081300023
68203,0.5406344522599937
56358,-1.1369097431300021
76938,-0.633299999520009
27049,-0.7942983858000101
21892,1.2063189969699923
74614,0.8061151284999895
16783,-0.5085903477000127
319481,-0.9247340502500023
23997,-0.42488467621000936
12226,-0.8042408657000184
73251,-0.5004315127900085
13385,-1.262427350530003
52231,0.41272133014999746
68140,-0.7797675026350053
241296,-0.5094631292700083
19073,-0.5211924530000154
22245,-0.4347462005000029
14950,-0.4763758967500049
214150,1.8847972240399953
24084,1.8847972240399953
110637,1.4304120740599977
18519,-1.188710258700004
74213,-0.5190551529699956
380714,0.8239888116899907
66854,-0.5649021529650167
20390,1.2801727036049932
242235,1.2805463453949915
80751,-1.1795279643500098
235281,1.3569770457499821
16569,1.167512346349998
100043597,1.1410628812449986
70941,0.7594682278499971
99031,1.7167040288199966
67710,-0.4408749162500065
216797,1.0646662113699956
11909,-0.549920236225006
270110,-0.5711731230700074
11502,-0.7857002295650091
56248,-0.561753727515006
18514,0.8433760883999888
56426,-0.6269228050500129
67490,-1.5471080004100015
104009,0.4557151737499865
193813,-0.5835476587850099
223915,0.9526654119499884
22163,0.43675227238499126
13434,-1.024235356255005
387616,1.1622555399299914
20964,1.385793773404993
67397,-0.5683637427000097
66302,-0.6219403981250018
320795,-0.42986170285001357
72461,-0.34686012546000633
108705,-0.4442290449500046
12212,-0.9881448870200042
67804,-0.5549738541600036
60525,-0.6846686459600111
67489,-1.095832302545011
240058,0.548931915994995
216705,-0.7835668383300121
69906,0.807355022754991
13169,-0.5714180430600067
232370,1.3176440390699913
68877,-0.40354906690000547
241489,0.9201914518499965
75812,-0.7626626435550028
243312,1.2704830290699953
12064,1.992278137699997
64209,-0.4967890540200113
68501,-0.5177852718900047
66934,-1.0806816940400061
27393,-0.5852565413750082
381974,1.8483717950799914
67878,-0.5911984953200076
20639,-0.5124807010900074
66999,-0.4066597612500118
52670,1.6285527611499968
74315,-0.36266905702501084
20713,-1.272547274940008
76295,-1.5883577929650112
52705,-1.0767189930600072
67657,-0.5735522241400073
56734,1.155313827534994
78610,-0.5181346008000194
353346,-1.3815058027100084
22226,1.1487243831099967
224116,0.6999624779999891
94062,-0.5508539894900064
70604,0.7526284226899858
110382,0.7135420219199959
231148,1.0684236599899926
74424,1.2988846318899974
75697,1.3603826685399976
21752,1.4955234893949987
23991,-0.44012412430000936
14201,1.1240443443399908
66350,0.9060077613649895
675812,-1.0302458027700037
74463,0.9942387912149933
245596,1.247096823439998
232333,1.206672261209988
328845,1.3779912809599937
74392,-1.784400117895001
17086,-3.1849865628500096
72133,0.7667768611099888
71793,0.5831319291449937
70997,-0.6891429051200095
58248,-0.5858973988450078
209448,1.4469177961199966
106052,-0.6538668032600086
13804,0.8403729511799956
72759,-0.8120402411000045
102334,-1.6625501805700074
68539,-0.4562582181700172
18795,-1.263072355625006
14235,1.4237420326749932
71361,0.9262178426949941
266692,-0.8195196587950093
16641,-1.276630506575004
319939,-0.7634529518050064
18582,-0.6617737990950072
246707,0.6398924330999876
14998,-0.6281390452950095
72727,-0.595584870460006
223739,1.0165810235649921
14056,-1.2432253914850087
19934,-0.6130441606000137
230996,1.1763478357249895
16653,-1.0042806986800077
80286,-0.6862220812300066
68738,-0.5042372148000052
320508,1.3629798756899953
56305,-1.147763063750003
21958,-0.9241632121050074
73694,0.5175662379549966
58217,0.7435250059199952
320024,-1.0514569114200052
56216,0.8517712819649921
381073,0.9510645122399981
27053,1.2611911377649836
319899,0.6521021516149919
15384,-0.49471742731501145
66892,-0.9124471462950048
77045,-1.2504226658150062
93679,0.4691245118799898
381201,0.3914772819649883
105689,0.46099039030999656
211578,1.176958342444994
67732,-1.3004650029900073
17118,0.4725808811199954
19334,0.42406063096998814
218210,-0.560677964530008
12499,-0.5961666130800065
22390,1.3610178232649979
13830,1.4078565507649952
83946,-0.8132516969650059
232827,0.7650644457249962
28018,-1.0493703553800042
76380,1.0785714524099959
93836,-0.5200233923800113
66686,1.2187149459749964
12443,-1.280779336735005
52829,0.7653222208199977
13666,-1.0275465225100033
263876,-0.4116728099050153
22631,0.7564172119799881
15410,1.4325243969349963
14758,-0.7980261336500041
11537,-1.5872047549400023
18451,-0.8248538073250087
66511,-0.5145832503000065
19341,-0.9917214223150062
56068,0.7897417652399934
105439,-1.4460667574350028
99899,-1.3817663816150034
67045,-1.3522173320050115
54402,-1.2797078308450045
69256,-1.5396135868000034
73690,-0.5508754968500078
55992,-0.49501938330000783
100038417,1.1831812477049972
20419,-0.9621911500400024
117146,0.5037076881999898
233877,-1.0963784699400083
68090,-0.6940573652900053
75796,-1.544023925815007
104318,-0.5738630607000061
225182,-1.061240704895006
11489,0.8882162391499957
55980,-1.0356715749450043
52700,-0.43656841365001675
12812,-0.7491913883900105
12725,0.5506062328499901
16412,0.7985643422449886
215446,1.5130112850549962
23983,-0.5228258153000116
16600,-0.6718578743750054
67105,-1.2900474845100076
75516,-0.7946706358550095
327826,-0.6810901633050106
64051,-0.8375803585550048
319259,1.265432695144996
100756,-0.6362683336900048
74448,0.9339184791199964
71889,0.7058592494999871
116940,-0.6008101689750038
72324,-1.0884064626050032
328788,1.6393811344649905
14365,0.8299247585699909
101985,-0.974612852755004
56506,0.6913792876799896
14236,-1.1332371655100069
66528,-1.199294376450002
53422,1.0188919448099938
105239,-1.1989808542800109
104479,-1.3483383391500068
68366,-1.710176489295005
26426,-0.5419086658750061
234728,-0.7818888204750047
56036,-0.4359430986500108
627049,-1.3790933274550055
21859,-2.4735172688750087
107375,-1.2597461766000064
56280,-1.1295865606250084
107589,0.930885373664994
110172,0.39556454339999547
16668,-2.1321324062150033
20523,-0.4449047863150053
16679,0.8566725089399974
13640,1.1516407539499944
50928,-0.8434852369000057
100604,0.6190066772699927
212989,0.9994122313349951
72754,-1.588885061715004
109929,-0.5163197061150111
16516,1.0674873061999932
78749,-0.5546660978250166
14579,-0.9288372336250026
245827,1.3776376902199967
20688,-1.0569826272
66126,-0.38304174235000943
269693,1.1058201550999955
71138,0.8413592628149953
268977,0.7043821384949904
68027,0.8422569281449919
17986,0.5793179276949982
20410,-0.6667337965250035
108062,1.0508730907749886
18949,-0.7130212660450077
55951,-0.571218621845011
68939,-1.870355159470002
66056,-0.452732790030014
16663,-0.9135902257800055
232334,-1.0946998668850068
66048,-0.5112342672050101
56693,-0.4571515959150094
272538,0.8127329451349912
66307,-1.5503115775100067
17344,-1.24183009202501
20658,-0.580398748840004
72554,0.7288060156299929
60364,-0.8479694796500041
13010,-0.5342208199500096
73738,-1.201644656690008
26444,-0.3843997224000031
70312,-0.5317322003000164
66125,-0.4434641735000131
170822,-0.45697287597500846
381921,0.6040751624399938
108015,1.2072044656349918
69982,-0.9521695716200034
16155,-0.5421140400950097
14687,1.1842425098449922
246221,0.618255174964986
66938,0.7619271041899829
18457,-0.40295373705500914
20897,1.1170102307099983
51875,-0.7682675780600006
14254,-1.2197079828000064
234549,0.3877772174449916
12876,-1.6698863488700022
13001,-0.4110554189000144
18759,-0.5390905681500096
70454,-1.117130763040005
20239,-0.519457006970006
13039,-0.9676685318450113
17685,-0.520260678360005
70625,-0.8287542234450047
21832,-1.146370317775005
11816,-0.5429381110000087
71795,0.7682394674899928
11727,-0.8601629227950065
17242,1.1398471633499963
12033,-1.1201369559900058
56698,-0.6768746742700102
69527,-0.9057669292100075
11302,0.8478301283099974
11739,-0.43246442460001333
654498,1.152953874844997
22255,0.6203924684349982
235574,0.47437198812499304
27058,-0.543587251830008
19177,-0.4652743200650118
232821,-1.0160336051300045
11513,-0.4985717373000096
108150,0.5047929597499934
229675,-0.9249421531250075
259279,-0.5942280720750066
14241,1.3554975147799948
67979,-0.797923025685007
22019,-1.4195033681600062
78893,0.8013859217699881
22385,-0.9900361017300048
23999,-0.4833715281050104
237091,0.9129434230599958
20932,-0.3938685606500112
19289,0.6292220910749915
216767,-0.3866510910850067
17250,-1.361805788385003
12339,-0.8887462733050073
74192,-0.7165229721400106
67903,0.519941658274993
403178,0.5841612624699932
217410,-1.631273202035013
56788,0.9372606608399936
94229,0.7696170916999967
67487,-0.40000678068501117
16192,-0.6922310274600143
76668,1.083227405274993
20280,-0.37693609670000683
14489,0.7269924042399918
22042,1.146747428954992
71276,1.2859531333349992
12580,0.8790568357899939
432442,0.9240799550499901
69241,-0.863938045775007
212679,-0.9835883340900038
27275,0.3721935498699871
101867,-0.7986739249850094
218138,-1.1466539423750088
353258,-0.4978744424250081
381629,-0.524608961085006
13592,0.9441907100799987
20359,1.0237728783999938
22680,-0.42438977169000225
12325,-0.6082187430800055
17423,-0.6082187430800055
208154,-0.727395046740007
107951,-0.4932108132000117
12337,0.735151532524994
77836,1.0265821040599956
14027,-1.1278529530000032
67228,0.5224997325749952
66506,-0.677028424770012
15531,1.1790297033599941
72043,-1.5127076594050033
268512,-1.0679681638000043
54170,-0.857644933940013
105446,-1.2020935148450098
230119,-0.62971329035501
74097,-0.4284106169600186
170748,-0.8051898872450027
54394,-0.5126256694000073
53612,-0.4144989238000054
269614,-0.6448626227400052
239133,0.7570735679799996
78752,-1.47411361553001
73844,1.0297508604699965
16185,-0.6129707891450078
59058,1.0145909937899953
71904,-0.5564535140800082
18128,1.3978932684799927
67789,-0.8152121381800042
52575,-0.8320269443200026
28113,-0.7539462624300102
59049,0.6439183684299943
12894,-0.6980309222500107
11746,-1.1823555106250083
381404,1.0245301356849952
239157,1.303827661959991
74511,0.7177282089549966
57911,1.6295401596249928
56070,-0.9983754949050017
30051,-0.9499765328850058
12169,0.5497881952249895
76500,0.7395398913999918
70823,-1.2591557261300057
26992,-0.4330588546000076
66724,0.9638147601049916
71069,1.0550304399349955
216961,1.1569749313199966
12615,-0.7332337755300111
67074,1.322918339674998
219135,-0.5188577341850085
66362,-1.0610180871200052
56324,1.017938656144997
216150,-0.3841228692500156
66313,0.4822338725999984
60597,-0.9092539072600028
72140,0.49245269894998955
64294,-0.6978107007150074
27784,-0.5088022782950077
72552,-1.2041511233100053
71682,-0.6699724342350071
14411,-1.7168818893250033
76485,-0.5524594615900114
56017,-0.5627113132650123
16650,0.8912707504799808
53325,0.4802407158499893
16912,-0.4843431956000188
73998,-1.8901191273700064
13722,-0.4438444554500105
12793,-0.42991048900001694
67886,-0.6332590468950023
640543,1.0494854516499958
238024,0.8523677385399955
67694,0.6424194310649938
103268,-1.1396850145150035
73852,0.5872056246999895
223838,1.2487414979599984
14705,-0.860952831595009
545622,0.9118480514199971
241636,1.4080152610549952
26939,-1.1050102829750106
109054,-0.8993487296850073
71991,-1.123649940980008
74646,0.7620472590299929
12387,-0.7429008935800105
24013,1.2039545336499962
66849,0.7458100669199936
71929,-0.4803310063500117
21976,0.7457294221249882
18113,-0.913711816220002
64103,0.5270261709899953
74185,-0.6170566010600096
73834,-0.38782102890001013
67025,-0.4718076923000183
100434,0.7561869210049856
20845,-0.793893756260001
56745,0.9662655319649893
320714,-1.2005381687400076
76688,-0.3409355952450124
327978,1.0726980967999946
102462,-0.5055983971500151
234138,-0.6770976654500114
66044,-0.4571289787250077
12519,0.6303251656549946
211488,-1.3230561648950019
66065,0.6807207341499932
69674,-0.5482571303150081
192231,-0.49318078913000196
54526,-2.110528757280008
13626,-0.4747001681500027
110006,-0.46278235834000725
19384,-0.40662297015001236
243385,-0.9088126542300046
68052,-0.48166460380001475
69089,-0.4739653754500104
74498,-1.6318603635950044
12626,-0.7627033366400049
17448,-0.4051543301000091
20430,-1.625265398025003
13040,-0.640860791150013
223604,1.4769955710699882
211468,1.0649314933149956
53856,-1.261482249015006
76487,-1.105528101190003
18120,-0.5767887165300145
109225,-1.0686167855050073
12857,-0.39476957370000854
67579,1.4940282048749953
338337,-1.4419800164450054
30795,-0.45495413305000554
19656,-0.4470598875950067
18573,-0.7483805570200115
56185,0.6540997860399975
67417,-1.2779508159750046
260305,1.4590713234999946
14103,-1.144657365720004
27362,-1.1411946156750021
108075,0.6628646894399912
106840,-0.9549187442900058
72480,-1.2964299410850062
237107,0.9896530926549945
54601,1.6913657554049921
26611,-1.2941631520800057
78016,-1.0780667108250017
211577,1.3742705297049964
68550,-0.8930810307850043
13131,0.6959662710049912
20130,-0.39864534795500717
108114,1.0434187983099985
73166,0.6161179418499945
68505,0.6161179418499945
66540,-0.5087379663000053
121022,-0.5225816721950132
11890,0.8733891823149937
229707,-0.4506543639000089
245532,1.005513073599996
19211,0.3666522549499902
74901,0.5412135072699957
80857,1.3885939724149967
226646,-0.49846415910001696
15002,-0.536106038700014
71340,0.8351848190999878
28185,-0.6517120874100097
14419,0.694816924219996
232536,-0.759822845840004
226409,-1.2591265494700048
67115,-0.4877597232000124
67838,-0.37514919896500665
237360,-0.5109244918000027
240869,0.7970008755149935
52589,1.1893230422799932
268566,-1.1906106975300048
12663,-0.8070662262850048
74747,-0.5816215158500135
66868,-0.7041920304800087
80911,1.155344894314993
20196,0.48379242269999345
17973,-0.9088764203950026
23988,-0.5108418833150079
214547,-1.014682860465003
216131,-0.9607651107750064
20400,-0.7452374133750084
11517,0.6393995369949987
216169,-0.4930788832200026
16949,1.0473519243849907
57260,1.648357354294998
15441,-0.4104466758500056
56382,-1.4900842147400075
242585,0.928826232234992
64661,-1.5780299016000012
67951,-0.6366299125200054
67109,-0.4362691589750103
94066,-0.432687025175003
66515,-0.427437828750012
27398,-0.427437828750012
16431,-0.9466471283750026
218544,1.030487312934997
68177,-0.5187298303200105
20460,0.9474748007199905
22027,-0.38594599670001983
104943,0.903669781299997
83486,-0.538777100500015
67414,-0.746041062295002
103468,-0.4918839541800093
68966,-0.4621279671000149
67463,0.4381679015499884
243362,0.6717760248249958
20908,-1.1689085782000053
78906,0.5936510406499913
18483,0.5936510406499913
68558,-0.6655241315250056
58911,-0.5799011515750117
245638,-1.086168433600001
76357,-1.0007773761900065
72821,1.3796207659499955
19645,0.6138536469799778
69702,-0.6864521482100034
65973,1.2528562624799893
26396,0.46053200554998597
17919,-1.0842488380000024
228598,1.5667403766749946
212442,-1.241544433750005
235604,1.0965665222599936
140741,0.6426395896849932
20182,-0.41091252285000834
229776,-0.9994361540350054
76302,-0.5668469676400107
66446,-0.5904091815050094
22437,1.1610513424999986
66921,0.6476930136949886
56876,-0.5152048337650061
26431,0.4906048669499885
84035,-1.162297923620006
243819,0.4708678044199903
68255,0.4708678044199903
98496,-1.0482815283500058
52538,-0.4289270391000173
71897,-0.7258470888600081
20927,1.173588870364994
271457,-0.48845013378001134
20203,-2.257765574805006
245945,0.7392392855099974
387524,-0.7423890867900091
69697,0.7782930590649944
223881,0.8039251437499901
210766,0.3849690363950007
69129,0.7902076597949899
67860,0.7198626126899965
216831,0.9483745503049978
277854,0.9569774970549902
12507,-0.44171342850000705
215751,-0.8683950422350035
94093,-0.48536296637000564
71817,-0.35621990940001425
55935,-1.1826760658850075
76161,0.6132428858099956
21887,0.4142848167999933
216820,-0.5892883452950066
22408,0.835099738674991
56422,-0.5723603640700112
214469,-0.5778720915200068
71989,-0.8656404077850111
50490,0.9196505358749967
216805,-0.5025830181600117
15368,0.5856570138499944
53871,1.4326091053199956
67528,-1.4294158884050034
14083,0.9033823973899979
67239,-0.6050210640350038
66857,-0.6588708131000125
19346,0.38392185279999147
218397,-1.0981363190150057
232714,0.8734016416599957
100502861,0.9456941114699946
228026,-1.1160209858500085
67725,-0.41111367568501045
23879,-0.4385965035000101
58996,0.5472098264849947
225028,-0.8671706832150052
69573,-0.9246441055300059
15135,0.9235378999449946
14268,-1.0806583020450127
68731,-0.6450889954150085
106564,-0.5705421837500104
18022,0.37491215709999537
21384,1.1765316746599948
18392,1.208462735444995
14265,-1.4638207424650087
67225,0.44239542549499156
110524,-1.2683202182450115
75841,-0.5055972339650143
69656,1.2723335582749957
380753,0.8429731508599865
71756,0.8405424012049965
14409,0.5580565990499888
67471,0.7323771711499942
102141,-1.4188451327350053
629499,1.3082826668599963
73086,-1.3481665666850056
72605,0.9808324240849968
78473,-0.3875160771000097
59090,0.4647488866499945
67207,-1.2049427764100011
216799,0.8504066612549934
170718,-0.4791592332000185
71521,0.8861361385399968
64381,-1.0723897982300032
16905,0.46281027904499794
209357,-1.3703192283850063
57441,-1.5460707243200034
269608,-1.2017819839150086
332110,1.3953784503849977
14923,-0.436489858435003
14784,0.5483573426449873
218503,1.0313973205649907
17918,-1.116465734715006
100087,-1.0206481729250054
271036,1.005542079089996
11593,-0.6330021190300048
212392,-0.9710272628350047
23922,-0.5147116404650056
66399,-1.1007407378700034
69091,-1.2876442742600016
623503,-1.0451334922400033
13476,-0.7786061100750024
69672,-0.7148762447100143
72199,-1.0037156753050018
73945,-0.6697698291200087
14768,-0.30848569757001343
17119,0.6476337149999853
16451,-0.4036909090000105
56409,-0.373166184050012
18712,0.48059083227999366
15481,-0.4294513523000134
50791,0.7138251000699967
381409,0.690133911939995
70294,0.5051053597599982
107652,-1.0448065241000046
234686,-0.45907601484000615
384783,0.46511790520998986
78618,-0.7152836583900104
69207,0.5745132657999932
17308,-0.5065267987000066
69478,-0.39104251011500324
12575,-0.42782941389000584
227731,-1.025667212585006
14601,1.0130442686649923
385658,-0.4881950395300052
69349,1.0730531341749967
381801,1.23236338495499
74026,0.4175992471999823
67848,0.5696843214349929
19082,-0.4254260663200107
224762,1.174722038234996
18778,0.6968597372699907
21812,-0.4847615151750029
12729,-0.49526666752000903
54712,-0.9758352806700028
14583,-0.8244084513300081
103710,0.6648489990299904
56047,-1.3695088117300025
78891,-0.5830353125700096
218975,-0.6354234191800092
74355,-0.5558784016000136
72121,-0.3882090019600142
17931,0.5196172543999822
21428,-1.4806458786300025
214685,-1.0156378597700062
74996,-1.1702165354499998
68481,-0.7771360043000097
239122,-0.908375195680005
229898,0.5876570294649905
94176,0.7017273407049949
76179,0.6872366146399953
114663,-1.2680655677350101
75547,0.5098807114999868
209334,1.2594858069899972
19146,1.0597609196949955
73338,-0.7577082444050021
237928,1.1906231213549932
666938,0.6259017980849935
69923,-0.901523278030008
14388,0.7952033862199954
209462,0.7188702171499948
19364,-1.307061152005005
100226,-1.0989340404000014
18550,0.3714128511999881
67767,-0.577352061690009
19201,0.611288478829989
75991,-1.0181536334200052
18597,-0.9255239100400088
68119,-1.2183052597900108
15259,-0.42581100327000776
338348,0.4003541308249936
18590,0.5189834248599983
78895,-1.0185367892400032
67300,0.2867755245499932
105638,-0.9456785181350114
72828,0.4711732183999846
68135,-0.5092590781000101
27276,-1.2694868605150038
100317,-0.38025937802001053
68275,-0.43195875445001697
26927,1.0033197708999957
20723,-0.8507991333000078
52857,-0.47823723485000613
224650,-0.49206611127500466
83383,1.046681954509995
104444,0.6616016039299932
14761,-1.0816510659650085
94219,1.1122617415999922
114713,-0.8167072198450036
224344,-0.5016726273750027
12461,-0.467610570750022
20517,0.7828150190449943
69634,-0.9986066022550055
24128,-0.6833882244550136
26379,-0.48600803542502113
50498,-0.5707383494200098
216892,-0.7378281624650072
53379,-0.41351755145000624
433693,-0.472663845925009
546071,-0.9724282749800057
52715,-0.9630815431150035
244668,-0.7102159785650084
101700,-1.031388104030004
66799,-0.7004942403300092
19106,-0.5622566470000159
219189,1.3444087672799903
107869,0.7317523510849986
11784,1.5336064309699946
223696,-0.36813490573501007
73754,-1.067117853730002
234836,0.7903125027199938
227835,-0.3873335578100079
226591,-1.2153679889350073
71846,-0.8819688011300055
102502,1.0260796733299902
214106,1.068180322404995
104718,-1.0904600867800056
13852,0.5745747976549893
103724,-0.6872016554500089
56198,-0.8897005337600064
74330,1.0337710833249858
19732,-0.5384858143600084
170760,-1.297611489045007
98752,-0.6268632958500184
71777,-1.2182654898700047
27103,-1.3932285538200109
71927,-0.3741488510400064
233824,-1.3899402468500082
67966,-1.5890767909300072
22695,-1.1965252001150066
73699,-0.8179406058150009
94180,-0.634970977130008
80732,0.3875897912999928
328019,1.0267222306599892
14697,-0.8826661469200028
70984,-1.1284108894300067
68011,-0.44950496820001185
24001,-1.0186710153050011
73666,-1.0617135108950038
18082,-1.5303477674800066
69582,-0.6077542331300076
80794,-0.7217506295200016
70911,1.1016660645999985
71833,0.8665360233549961
56690,-0.4593129193900083
232984,-0.8362950389450079
67936,-0.5945517072450048
214523,1.1764282543499958
11911,-0.33695446120001193
116914,-1.1327902837100057
218973,0.7421915384199975
230904,0.5514949064699888
67119,0.6694523397549954
63985,-0.3729020512500103
21682,-1.5928223066300076
19197,-0.7762399944300062
72584,-0.8813685989850031
77422,-0.7696308926050053
12421,-1.3257958310200006
242521,-0.4273510004650074
70373,-0.9885793285550086
60599,-0.6183871466550137
16846,0.6011391769799985
225659,1.0483944798299882
74563,0.7680918429099943
22114,0.8172993910299953
171567,-1.009258313175005
79566,-0.3383008783700081
18438,-0.5187437635900043
227522,-0.902787487785008
69019,-0.3787552854499996
654459,0.9182678730399987
76969,-1.1985844655550029
268656,-1.5133668677550096
18817,-1.4691815031650055
224109,-0.518554438550014
215449,-0.3943526129500068
69816,-0.4227495962000063
109079,-0.9322069568000035
65019,-0.40995525860001436
74182,0.6317073941999887
70425,-0.4904153972850107
19252,1.1878204813399975
103978,1.054446942849994
14218,1.0852664235899976
77040,-1.3727303740700085
57915,-0.4781454350400036
213233,-0.9012203998350028
231413,-0.6299935211500038
13608,1.5285291925549993
14780,1.2923640137849954
66248,-0.5313647583600094
66912,-0.3830030881350055
70310,0.5909138141399879
232491,-0.8306068566000055
216991,-0.8843187689400009
15370,-0.7773649495100035
209588,1.13107014209
68607,-1.1042689686750036
243983,-0.9904538346050087
69260,-0.8170596972450044
140858,-0.570955599735008
17283,0.7728797089499793
110895,0.9368880773099968
13885,-0.3903254203000017
211329,1.204083034399991
226652,-0.39144433572000104
18572,-0.9022273382950097
19188,-0.3854567807500118
57810,-1.1220027866800057
22247,-0.5727391894900098
52123,-0.4758602695450058
16478,0.41076656039999015
52855,0.7698711955449937
269513,1.1363385241499984
67946,-0.9810832450750135
407790,-2.9315460635700052
68764,0.9864952813899901
66593,-0.5602645213500042
13866,1.2067213538499972
12015,-0.42080467839501345
78246,-0.5939504321400015
104885,0.907753264829994
212090,-0.4157395789150069
69912,-1.799173761785009
235415,0.4896881361999874
229317,-0.9387520585500022
20016,-0.4997815273900059
231051,-0.5697060606350135
104130,-0.29186433310001014
67453,-0.396017031535008
105349,0.8802319161949956
67203,-0.5255121394550031
75452,0.6386579120049962
73689,-0.42461691600500906
13386,1.4180257421599958
22121,-0.45322983630000735
15944,-0.4226564822200185
69792,-1.0887725621350084
66108,-0.3725489845300114
70882,-0.8241123987250045
67877,-0.47555569313500534
69259,-1.518046262510004
66464,-0.7050482957200117
223227,0.6303327735849944
113868,-0.38273561660001043
13629,-0.4540649168000144
214424,0.6636365649399947
18423,1.303289067369997
53319,-0.5178411161000085
14299,0.5074314563299964
14586,0.6614373546799959
320502,0.7295085294899897
22417,-0.8539096899149996
83398,1.3890381954699942
76071,-0.35265441567500666
331623,0.5050752965499941
74754,0.4268817301999892
76563,-1.159606760725004
76041,-0.8587317557950014
71745,1.0882457809499915
13435,-0.532212249060005
21778,-1.1596113034000046
13872,-1.136681475625009
73102,-0.6915308291400075
244672,-0.7449710049050058
19981,-0.34422100580001214
216856,-1.2976136238300082
66435,0.8120432753349931
109820,1.2543281297299957
19013,0.6865257786599894
50771,0.8070390343549994
12151,-0.7142205460550093
224640,-0.3462799204500069
66887,-0.5074285519600075
20869,0.5260705438699915
14431,0.5385724157799903
76787,0.5115191100199841
29858,-0.5798314339550128
70640,1.3662710045549957
17425,-1.3465672724900077
56794,-1.0387275108950051
71721,1.2855687392949964
18577,-1.1616204674250081
170935,-1.2437262554050057
66201,-0.7043199758350092
217232,1.0782733990999933
619301,0.7923411562699876
13429,-1.1926066840600118
14272,-0.42795944456000967
13615,1.1289722886849956
56456,-0.4129659244250128
20855,0.8982213139099944
381379,0.6208159859149935
19226,1.4567442770099963
233977,-1.5280678958650062
234129,0.9663951454899977
52245,-0.8683637385450043
77371,-1.1350202337600077
217342,0.5799824499999868
13560,0.9080158431499985
74369,1.4693981116149928
52906,0.37820359818999627
228875,-0.3709879602600088
17449,-0.36587139030001126
232337,-0.3952912218000044
16330,-0.43645434195001087
319804,1.4273939119299945
230376,0.9837056280249934
67623,0.33721228299998884
74504,-0.42302001800000966
102278,0.9533552268299958
17152,1.0055649303499972
20638,-0.4001234094750128
17966,0.8776317014849928
21933,-1.1569892180800059
692132,1.1561429956099976
93683,-1.1618162003400068
72852,-1.0212452471900013
239739,-0.6656212722250086
224824,-0.4075489708100086
13353,-1.2725424058600092
76425,-0.32589723950001215
232934,1.134955807014995
56043,0.8779927569399932
19167,-0.39123483755001587
11782,-0.9608152752900043
65945,-1.3238844617950036
107338,0.8956606318199967
16906,0.6618835014799913
68268,-0.6360419986400112
67136,-0.8168592049700081
19357,-0.5136205335350024
233833,-1.5658686293750064
26404,0.9161376778699934
211660,-1.3712129945350027
66060,0.9055004838549934
19153,0.9636496991499941
227929,-0.40419702364999743
58194,0.5414989102499881
386750,0.9900971182449938
67204,-0.33863162439002004
14239,0.8977187565299949
56188,0.5982375040999948
12675,-0.498922214715007
110074,-0.41503974200500515
72149,-0.6710620027750025
77569,-1.408589983755002
207920,0.8911769752999898
14154,-0.3481095413500128
230779,0.8640370571449925
330657,0.4020090238499865
66206,-1.4469433929450055
545824,1.2889232041849974
74434,0.8462731447499916
240752,0.8304464562349931
56615,-0.5896872215100046
15108,0.33738380889999675
11564,-1.3910668999150033
104416,-0.6273395362900054
109108,-0.7949192751750056
15896,-0.4044598782000097
19119,1.2801529689949929
56372,-0.3616442823400092
231549,-1.3240738417600086
64540,-0.7952681748200034
94178,-0.459885844265008
50767,-0.459885844265008
76809,-0.4415355818450095
240028,0.581197187259991
18763,0.40265470941498904
110784,-1.161210415750003
68533,-0.7844497679300053
59045,-0.47439590854500935
23845,1.1177584530899982
70451,-0.8166828971850055
226849,-0.42670139760001113
26428,0.4276969294299944
208144,0.7760849507049885
244871,0.72241014808999
27999,-0.3670077378400034
260409,-0.607629438165004
22654,2.0419690381149946
20937,1.050613394144996
18507,0.8697675721749984
72108,-1.0441141511850054
72306,-0.5609206659900021
12487,-0.4178740886100041
66431,-0.5972685984450106
19099,0.9661372240599979
233836,-0.7359955251350039
57895,-0.5920470670250069
53951,-0.3586247518900052
245026,-0.9847519584300093
66526,-0.7698510558350051
237038,1.2575234170699963
67186,-0.2859235581499959
72338,-0.2859235581499959
12140,1.3875014518349986
69178,-0.39335622090000655
52666,-1.1692381163350016
243372,-0.864500210620001
240047,1.0789834960499958
244721,1.0102072333149952
241633,0.4069697450799872
19265,-0.4665404025000086
73173,0.7400304742499957
11440,1.0083445663599955
20585,-0.49851685271001145
107071,-0.606838835170004
14945,-1.5817428638900104
71707,-1.5551397290050026
66964,-1.5490048101000093
67933,-0.8499786749450031
67005,-0.40842542832000817
20910,-1.2063507047650015
216049,-1.020358002485005
66054,-0.6094280942150068
242377,1.1044909438549961
114332,1.2890068094799956
218518,1.3307332525399946
244667,0.6558249833899943
74197,-1.171209708505005
70233,-0.791791999525012
20679,0.9102736475699968
21390,-0.46682350858000987
15939,-1.208247665490008
69577,-0.5944012321800036
108797,-1.1994651353700014
71367,1.030938614054997
71699,-1.3033637303200099
16410,0.7259106941099933
213311,1.505488867434995
100465,1.0089036306299946
20344,0.49895399715998945
232784,-0.474369441015007
101471,-1.0705690149100109
53602,-0.4245644878600139
71982,-0.47598537183000644
18555,-0.6964402194800066
50500,1.0491338226049955
213673,-0.4322469141000127
319817,0.5243798671349982
320135,1.2950864631049956
195040,-0.8867259026200047
77087,-0.6974287295850061
13548,0.42874238827499056
103466,-1.4367978953650073
68277,-1.2458519661800072
66881,-1.1252429326600053
18100,-0.4296724486300043
71732,-0.5600165844900058
56187,-1.3832750237400022
109700,2.0303736579449936
15204,1.1687606525999854
67512,-0.4373610120150051
108071,1.0202310055249928
59031,0.4684862220399868
12503,-1.2850554838000052
13489,1.0755231387199964
12824,-2.185455443305004
268663,0.6985056596199932
22433,-0.3033733346000087
229228,-0.5490364617900081
654824,-0.6489747627400106
240641,-0.9720082958000029
75613,-1.0554697935500021
71330,-0.4964591411200132
69113,-0.6140356847100037
14527,1.3730877597099953
67952,-0.4922177541500101
14674,-0.42962191523500515
72615,-1.175725275540004
66923,0.5364004403349938
21809,-0.4840595656700053
16780,-1.1929142811350033
70791,-0.6057549408100122
15064,-0.8645966918200045
19826,-1.8008407390850056
74419,1.6068318271699962
21745,-0.7021380000450126
21387,1.005528348599995
18969,1.1817882549549967
13003,0.6272542343299907
57258,0.8024665159649915
19377,-0.8477807656700076
56440,-0.48070221440000616
68662,0.709095516759997
16413,-0.458278095490007
70573,-1.025044468300008
12971,0.9459709078949947
16994,-0.6114077814000165
69188,0.49458886144999425
19181,-0.35434848240002204
269952,-0.6789298585800045
56386,-0.3171926243000076
17766,-0.5840290681150035
69826,0.7496977695249978
77799,-0.8485114002950045
17470,-1.6101942787900017
216363,-0.44058737400001036
67106,-0.3710804992600085
246133,0.5316234262699959
230673,0.2901835607199903
81897,0.4422226473999977
242406,0.7352491105249905
75623,-0.9568761321400023
320405,-0.9173127568700017
17474,0.4594921985999907
217262,-0.9370160833950054
11798,-0.5258769079850101
19035,-0.3809618704000055
237052,1.4328507349849962
15558,-0.975388124630002
72514,0.9612247541449843
74117,-0.5022720334500139
193742,-0.5571126962350057
27015,-0.741622011850005
14425,-0.8400477656600049
74766,-1.048317061995002
14618,0.7331427125249892
76441,-1.3591530319050031
432486,-0.9734536173150046
245857,-1.0731573610300051
96935,-1.0193496103000017
80892,1.3783466562349949
20974,1.2578091362149948
217578,-0.6864519957450055
231430,-1.4600325688450075
72388,-0.7053237899200044
320256,0.6939173529449878
20445,1.2191222713999998
212892,0.8721323270199948
319508,1.2421563734399963
30930,-0.6156475620000101
12492,-1.193904100815006
77254,-0.38613602880000997
29809,-0.37750825562000756
22330,0.8252716611949973
11770,-1.0194989078500036
103737,-0.940012318095004
17776,0.5038462438899902
12416,-0.6756295637000012
14281,-1.2760521323200056
99650,-0.3152462981000088
12142,-0.9255514317800033
72745,0.9067614033599947
74841,-0.5533588182150044
64291,0.902030673104993
20916,-0.45037709073001153
57028,-0.5666651463700036
53604,-0.8785425829900024
76479,-1.086554105470002
233071,0.5504261928549967
69745,-0.43052424316500293
21343,-0.5479224236400029
19414,-0.6037116331000156
214345,-0.46477051607000597
19696,-0.6748063995150115
94220,-0.8411542108550156
276770,-0.3157842647500093
170719,-0.5012168263800074
114601,-0.4061660293100129
103967,0.9149795495299955
13433,0.7570840600849946
70093,-0.9627718510050078
19336,0.3733490478799908
16706,0.9587939848699936
20597,0.3577116459499976
330222,0.7941927987149917
16210,-0.5646288133650037
14043,0.7575505015099919
15574,-0.7437898512000052
103765,-0.7629303440600035
69257,-0.6887800791600096
442829,0.5348140846699909
100972,-0.9047353971150063
228961,-0.5676128193200096
654801,-0.9648390783300043
16512,0.4936485625149949
24051,-1.0045925653550025
623131,1.3133754030499993
23789,-0.6247113371100053
17347,-0.386495365700009
71946,0.9058170527899865
19109,-0.6015740820250004
210027,1.2643422469949988
21938,-1.2016768316050026
13057,-0.48980472280001663
227674,-0.5638582301900037
56210,-0.925629011845003
66866,-1.1328741023900033
216136,-1.2032248016400038
271944,0.8612045240899953
74385,-0.5652623096800085
69612,-0.6634344485800057
23881,0.6429251849499842
24068,-0.3138804467000078
329628,1.0518510069499971
78903,-1.3300737026500071
330998,1.1095406702799968
56410,1.022581853224997
74106,0.9745100336999863
67302,0.7429905154699927
216344,0.4306334385349917
57765,-0.4139316362900054
66841,-0.746529600380005
20606,1.170144291284998
13559,-0.7071934676350047
66559,-0.718430867195007
21898,0.635574528349995
12796,0.7194490181149868
252876,0.6516487379149929
100043899,-0.643504205680006
111173,0.7498947640599924
70797,-1.0447410952350067
69655,-0.6472083920750054
17035,-1.4718807736400024
55938,0.6683662051649959
75620,1.198600382139988
56399,-0.5036189626249996
22371,0.5794285357499884
14939,-0.9680548643100035
57750,-0.7761931428450053
66787,-0.6297991598150032
55943,-0.5025935192200031
66335,-1.3400975432400033
52469,-0.33174463305000934
239659,1.2996240479599943
330460,1.1646490594749976
245126,1.2961553406249977
81904,1.4505130669499966
229603,0.7882245793699916
11754,0.8762452619999941
67070,-0.3663190215150056
214951,-1.3016379848900064
70358,0.9678883477949967
666468,1.0249860180849963
230587,0.7069917645699935
18452,-1.2723086568650008
52163,-0.6902225971400062
99167,0.6040524494149944
73902,1.2993609940149966
217166,-0.7694633943950029
15395,-0.8815661081500075
80880,-1.0373864604550045
214897,-0.41136809143000974
330790,0.8856158377299939
75763,-1.078914988515006
19876,1.4698242453249954
71978,-0.7104668230750057
21453,0.5825164031999925
102791,-1.1648085705800062
70574,-0.5163175538550107
103850,-0.5590114464500067
83679,-0.43528096777000513
72825,0.6205096375549903
15254,-0.4191646126000048
26394,-0.3693969575500038
12777,-0.7205816734500026
71883,-0.4477443381800086
60533,-0.9980504500900063
99889,0.65552952263499
229521,0.558663675019992
20598,-0.9256253381150055
70047,-0.48375249200000425
20382,0.5338810787399932
67647,1.0388854038699957
244962,-0.8135277871150066
211651,1.153905489859997
246738,1.1543531234249933
98221,-0.3523781976000109
232798,0.7823170254999896
11433,-0.5034824752000038
67843,-0.5011602633700063
15894,-0.5929767777550019
52609,1.1094510089999963
17932,1.0742352111499955
218335,-0.4738656284600129
20014,-0.37143533890000846
66867,-0.587544730190011
75097,0.8383079856749944
20957,-0.7887304438550014
545817,-0.737477031575005
214987,-0.3833894861000129
19261,-0.444052654675005
279499,0.6934314545649971
18715,-1.2575784425450074
330914,1.0512080141799967
232089,-0.460992483560009
27395,-0.37985118052000644
58208,-1.3675465890050003
59032,-0.5785108872550033
20872,-0.46504490106001484
381062,-1.01224106841501
68107,0.9192083736149943
16562,-0.6987188262250053
72310,-0.4072760647000102
213491,-0.5535709952350114
13205,-0.35383422515001506
338403,1.3408537497100008
218442,-0.4319549207300062
57377,-0.3995776798000126
23954,-1.0156683173950025
64337,-0.9237923723800021
68098,-0.4570648145850136
18190,0.9011101910699963
246710,-0.6963323892750068
27360,-0.605998092440009
78408,-0.5596412773900052
72729,-0.39661444480002217
13605,-0.5771964596750041
193670,-0.46521534613501103
213019,-0.4191540082000085
19674,0.7149770215149944
279653,1.094074884314995
16774,1.0278205485199896
380785,0.7606926332849966
12922,1.4126572194849984
73658,-0.3800962953500058
231050,-1.006287390080006
109575,0.7424549312549917
66361,-1.0402117041750065
209737,0.7711965790799953
83945,-0.5077963905800118
67273,-0.4092953083750057
66889,-0.5714137705400066
18399,0.8744719030249959
67899,-0.5999197946450057
56177,-1.008760973670002
23885,-0.5358060643200062
56327,-0.691825213500004
17434,-0.2868969289600063
245537,0.46333412584999145
237890,1.5361824710649952
68591,0.5786404042799873
67328,1.0255534145349934
208104,-1.1842041869750064
110279,0.4423607155699898
17955,-0.3253554685200033
21681,-0.46236624576000906
269954,0.6309997876499853
19331,-0.35828310349500825
20516,-1.0378744511150035
21419,0.6866154389399943
234776,-0.617094450180006
53331,-0.31910253885001083
76524,-0.8946886499000017
170484,1.1298300170599926
20452,-0.49643825795001284
12757,-0.3701082641500051
76898,1.4763838349099947
109065,-1.0683182886500049
277939,0.6020059927249983
76804,-1.128942865910009
16163,0.7984533947749952
15116,1.230929206734996
20613,-1.0488412647800018
52432,-0.3350093102400056
226016,-0.3904515299200195
16517,-0.7739024007350022
27418,-1.1343029445850057
17068,-0.4266497981000139
230721,0.7460953969999853
208994,1.6475071788649962
16491,0.6624550652049965
19652,-0.5580542974500116
668173,-0.8812901570350036
68028,-0.5470051027000089
72344,0.8481996497549975
68837,-0.3735007142800022
66078,-0.3377242468850099
22335,-0.2753838930000043
11479,-1.3591373076150042
105670,-1.2868315549300107
70503,1.2216990470049964
11797,-0.4827066173400105
241877,-0.7055420231900031
102294,-1.4773817629250026
75758,-0.31781330918501105
76306,0.7201296641399968
73598,0.9816882544399959
53598,-0.2991581153000151
68728,-1.194135499085009
231225,-0.7175193353200022
19730,-0.4385196243500076
20788,-0.6956783464450034
18189,1.4676400463999943
16647,-0.44363358153000654
12647,1.1642069366199959
54445,-0.5282126692000144
76007,-0.9799232236150086
232164,-1.0179256172450089
268902,0.8959121446949951
18012,-0.6632416316800018
77116,-1.1138618500300046
69981,-0.4018547186600081
320487,-1.2593433481150065
241915,-0.7150000430750083
17350,-0.476306719200009
246277,-1.4243172183950081
52504,-0.6903376676600068
52335,-1.030468233910006
50781,-0.8841945823500033
320878,0.7328152699349912
71735,-0.579816633390009
77559,0.637387383229993
77220,-0.7938872378250053
242681,1.0181629425399965
56367,0.6495557671649959
12348,1.2962249477449976
14270,0.5970090601999889
11651,-0.4255369875000099
74919,0.5033587427649948
237222,-1.1154800106950074
232670,0.5581214798499801
21915,-0.46016190229500076
15257,0.7814434099999943
229801,0.763449738709995
54338,0.6163605288199978
51789,-0.47087529540001327
74914,1.501248359709995
382018,-0.9821535532950021
67590,-0.9543634938850039
17345,1.047898171054996
21367,0.885327435539998
71932,0.38033524499998705
70510,-0.3168879612000097
21853,-1.0152692534350045
67591,0.6122591820999976
78935,-0.9258835921350057
77781,-0.6378133477550074
72194,0.6817297211849933
24116,-1.2864018985500039
24014,0.5791886432249864
27756,-0.32628602714000543
21376,-0.36550374335001123
235135,1.3373379879799954
218885,-1.3590393559750007
78825,-0.8293827084150056
73671,1.2178920717499975
74377,1.147860727679995
11933,-0.390799958000013
230700,-0.5285294741800044
66241,-0.508477185495007
68080,-0.9756888057850075
667663,0.9755414801099973
211949,0.6233154081099963
66922,-0.4084129558000029
21418,0.9988337788449946
72129,-1.0261766687400007
69101,-0.8356321081200067
13813,0.6026401547099844
22177,-0.5213033315000111
235315,0.7995094189799898
12355,1.307384892989993
244421,0.6612581551999899
57339,1.0125225306099965
15900,-0.5259838797000196
194590,-0.7622027775500038
16549,0.6717137476999842
338375,-0.7558642045750013
320604,-0.9842770718900025
212111,0.30813450485499416
64008,0.9770663126249932
68350,-0.8416761579050114
72323,-0.9688814000200061
208258,0.8981891874099937
67760,-0.9333532634450101
320162,-0.4183815963500077
14600,1.4370512665149966
67166,-0.5400031927350035
59009,1.1204846647049953
69576,1.2008711902249916
73254,0.6348486932599933
56354,-0.41284868829500887
57373,-0.41169632266500855
22294,0.36191866330999467
74203,-0.9950908055500056
353328,0.666250536714998
252967,-0.8143272148400031
109232,-0.9957678171250031
67883,-0.724726517580006
59035,0.6537034160799955
63958,0.54561043276499
16825,-0.3665854007550102
70686,0.5294035522199909
77595,1.3748303599699945
84113,-0.8268589457050073
56278,-0.8264631761850119
223648,-1.1468066806850077
18393,-0.7554343101100063
231098,0.7177337578599969
56471,0.9516397593949923
268936,0.9151808324349933
14057,0.3208720717299869
14718,-0.976067704495005
50773,-0.331747274850013
109331,0.44003963599999274
75029,-0.7987049845800067
22334,-0.46995552630001036
224697,-0.9911303472850044
72630,-0.32576077250001134
320655,-1.0451377878800043
234594,0.45925724578498617
380755,0.9013080047799962
57905,-0.39118722905001846
19309,1.1513056021799937
210417,1.3519577068699977
22057,0.5237341829899913
52377,-0.6011317022600107
68262,-0.3537379445300086
78937,-0.8954290686500022
73075,0.641368822019996
70155,0.5675875528899947
67097,-0.38534351040001624
78771,0.4769111019799972
68632,0.5244619915749933
64213,0.37864693045499465
12945,1.1507090929049966
171234,1.150589818029999
27397,-0.8840891441000105
66113,0.9247341784349956
66220,0.6078991214949898
320184,-0.6332239272700093
12540,-0.44316111750000786
12774,-1.2961196172850054
69590,-0.9248865715950076
12143,-1.2734691785450103
329954,1.0779268430249909
30056,-0.6993382783200133
67149,1.0206964621199965
22282,-0.31944959170000686
77627,-1.0139427699400039
497652,-0.4223530934950066
20479,-0.5688800124550095
19210,-0.3415753146800071
16553,-0.8623782063450056
58802,-0.9866777456600087
56403,-1.0513492604200065
18045,-1.367365844125004
227545,0.5349993503249948
170731,0.4924858272399959
231861,0.6351379783099933
216846,-0.6254220694800035
103677,-0.42606197118500333
665033,1.4103550394199966
22709,-1.0200610656700064
68152,0.5818768839449895
11363,-1.2986217425750004
211484,0.808968333104997
381399,1.2008843012049977
228136,0.41734234399499215
60315,-0.5215175692600038
18160,1.3920561419399968
13052,0.8015304267899968
233919,1.0053725115299965
69487,0.9151323106249922
24066,1.3768536209899978
24086,-1.0176970581250009
109333,0.574973248980001
16153,0.4131425946499929
17252,-0.3955575048400046
71452,-0.5371327897450104
18378,1.0126019330099947
54709,-0.39909157210000146
239647,0.3004568017999958
16493,0.9580152933399964
50768,-0.8379488866500027
68750,-0.5282952660900122
276846,-0.4362994785250045
66258,-0.4512734049500047
235626,-0.6112112713100046
80289,-0.41277071286000666
19302,-0.5376080862900112
50996,-0.5902316524500062
22117,0.9057572023049945
11305,-1.1152863678800058
230936,-1.1949941390500065
14396,1.7890478575499937
241950,-0.779777315775001
13557,-0.9795209953250046
79264,-0.6764484091050056
20384,-0.40030360303000734
67511,-0.3652486154000094
211286,-0.30775643496001237
76942,0.5369528950699909
12651,-0.42050923104500626
239114,1.4815724432149926
15228,-1.0241087055300047
65961,-0.3769817184000068
12159,0.9461205218249944
57317,-0.44456828785000546
15891,1.007185185484997
74320,-0.7185288134200016
327951,-0.7625763557750025
77219,-0.880684690550007
76469,1.3157417155849904
20103,-0.339555937500009
229593,-0.38216289488500443
327762,-0.9506460364549998
74386,-0.6290869841000095
20533,0.7274899527999832
67268,-0.32741173390001066
70925,-1.0197733691800064
16952,0.46495462595000525
228005,-0.8546934017450081
14548,-0.3616198549500158
75458,-0.5914284728100068
22174,-0.969373234135003
57274,1.1212711754399969
69181,-0.9049096418500033
215494,-0.9796064453700049
56520,-0.5112413167450045
66824,-0.3705998282000067
14175,0.6834914617999979
21814,-0.8636547935750016
66213,-0.5269438005800069
233893,-0.3124904147350094
69121,1.1806413551999966
67437,-0.35346569724501187
109154,-0.7035602546050024
214742,-0.6383759031150067
15903,-0.7154083377050107
406220,0.7834839999949952
65246,1.0082852909099982
22031,-0.432684965170008
13849,-0.5349714030000179
56437,-0.9724680343549998
234593,-0.7140480269000018
70495,-1.2038241034850063
338363,0.6891414166499938
212108,-0.7127369261400021
56032,-1.3678094727500083
269514,-1.714833720075002
70605,-0.731086199150007
224143,-0.7397342814150054
22384,-0.5132521861500088
116872,-0.9090119350900037
12934,-0.436770330115003
20739,0.788145471049992
66656,0.3673224014999885
19206,0.835997748209997
66684,1.2125552953049903
51869,-0.6740794291100052
66366,0.4562702650999846
320534,0.7855530794299863
19352,-0.6343005869550105
269295,0.7115580970799957
12659,0.6359651097699928
16404,-1.040615947785004
215243,-0.5073571077800185
99151,0.4866022062999926
231655,0.45859869389999197
64340,-1.2361532561000041
15937,1.0591598027599956
76863,-0.43924733953001294
56031,-0.8349799319950053
13445,-0.3992907948500175
72080,1.3271198682799898
320634,-0.669879611740007
13036,-0.4577731381500083
69071,-0.8445185335950054
224833,-0.7745636302200039
66174,-0.8490326406950075
17768,0.6273440080349957
226182,-0.9109977843100046
14028,1.2843956875149942
15567,0.38836534023499425
434203,0.35937195338998684
19024,-0.9616031655550046
331532,1.0949048049899974
225895,0.9006925791149971
66190,0.633930415619993
94275,-1.2364822161750078
28075,-0.6104514330950019
225912,-0.4419159476500063
209268,1.150346987874996
18618,0.5430526189649925
230883,0.9024862319249927
11350,-0.45254159242500336
50995,-0.4933105721250097
21927,-0.7966725396850105
67059,-0.36018670459000823
171531,1.110010952999997
11927,-0.3450150470000093
171209,1.030475728909991
330171,-0.7172945229550072
14701,0.42185858561999456
22774,0.9458358273199967
70717,-0.3027226911000085
11487,0.3423952878499943
56048,-0.8410501523300065
107513,-0.2978361463100132
22786,0.8076773762899974
66661,-0.3463150799300099
67197,-0.47730735005500513
330812,-0.7115357868700043
54610,1.322500472669995
233060,0.8908777137649984
14177,1.217014186899993
170442,0.9014945357199964
66455,-1.0801094304100047
54721,-0.9404634659850108
66895,-0.68365806007
236193,-0.7651041114050026
17751,0.745513890759991
234542,0.8193031134499948
12350,-3.866575199870004
232987,-0.29099179220001403
21803,-0.29099179220001403
14661,-0.35361604170000405
26557,1.0803308489699948
13858,0.5504961142899925
30935,-1.3434476548000047
13619,0.8197409516099956
99100,-0.9739465168850066
66687,-0.495112890000005
68944,-0.4310254260700095
18099,0.3161877923649907
13056,-1.1392419494100077
15107,0.488464902709989
229499,-0.47700508851000034
66169,-0.3302836787500194
69032,0.5814850678199948
102093,-1.0204015775100057
12428,0.8211653131599874
12988,-0.48539996476501024
23917,-0.4825084150600105
67288,0.4774567936799965
208092,-0.7347762646450047
338349,0.7543575056899865
18389,0.6059458228649932
228769,0.592990051229993
21946,0.440916322409997
67454,-1.3704795967000072
27385,0.8245953609349943
234677,1.5058668479399966
53618,-0.5607191687650035
12367,0.7004249088999916
13555,-0.5464879861450047
252838,-1.003335715000003
56457,-0.30210084209501
58202,-0.36700476859999753
227526,1.255702421439997
77480,1.3538294068699939
72020,-0.7917358237700061
67375,-0.9372370149650049
58807,0.7780274036199986
83409,-0.28969992130000755
20055,-0.3605661833000191
171463,0.7437579959899958
27356,-1.2661074599099988
24018,0.5199179547399932
225348,-1.052564625520004
103841,0.6966236024549914
67905,-0.37583884995001604
20815,-1.1619972804150045
16976,-0.9931417560950013
68303,0.7659123059099935
211986,-0.37921921496000266
99512,-0.9875686332700067
217143,0.8481235763299981
57782,-1.180704659170006
14025,-0.520353723340012
69736,-0.867112980385004
17688,-0.5592772225950071
66193,0.3700271558999866
11306,0.7640236903349953
545192,-0.620056901190003
94043,-0.8954542532700085
329559,-1.298076596080004
13016,-0.350003894100011
20675,2.0879162518499976
270669,0.8317097815049888
100073351,0.8317097815049888
20170,-0.4966395004700104
26380,1.0507427879549853
16184,-0.8650560621500061
14030,-0.3657768740500078
20848,0.4468371730999845
20481,0.8537790656499977
52468,0.5903933633149894
67392,-0.33641957378501
18489,0.8776962233449974
237353,0.7572915862599978
71924,-0.8807921797350029
66379,-0.3421820263000104
11545,-0.6336524662550076
112406,-0.2958047723500101
16427,0.7894784606449958
333050,0.7124903793399948
22232,-1.2354012378150054
381418,0.7067361346149967
69376,-0.7162633844000039
110323,-0.30772639585000405
208718,0.30554807682498897
80979,0.8861369406899979
71213,0.6200563976799964
13077,1.2031614620849962
30959,1.177879196789986
338364,-0.811817500600005
252966,-0.9091481167600053
27205,-0.8853135509700047
19170,-0.3358871311000069
17713,-0.2696203782999991
259277,-0.43772696400000477
107515,1.2070687594499963
24070,-0.36639652451000515
74769,-1.0768316840600063
99982,-0.38323799666000724
20357,0.9741082448299969
22632,-0.3440717495900074
56444,-0.2741728347000052
22697,-0.44208434535500807
20821,0.34288537992999046
79555,0.37421874764999963
67759,-0.30234564552500487
27050,0.34248767009499126
56362,1.0392007029099988
20674,0.8451204696299994
68031,0.5972002833699923
320429,0.5891194755149947
53374,-0.7687495235250079
100532,-0.5971988563500119
73162,0.7594890307899913
19708,-0.43581979021000805
121021,-1.0959561029400016
106200,-0.4247307588900089
12343,-0.5097789182600074
212862,-1.1149054407000039
59050,-0.38201508335000867
66498,-0.36172059095000897
16467,0.8652861965949978
13074,1.0363859194999883
26886,0.9747194637999916
280408,0.3752298728499852
19951,-0.3535560444000172
73683,-0.42671183248501343
18080,-0.8656288582800036
11717,0.9870775345649916
69993,-1.0955186539100046
230967,-0.7844629948000019
319634,0.5306473304249995
27060,0.33701614628999366
110521,0.5507288719649939
16798,1.1171903442249898
18005,0.7644479151049941
65115,0.6081852100949963
13616,0.6993578661999948
234733,-0.6470025809000104
68339,0.5345550487249913
81845,-0.30511544860001294
449521,-0.8079998278850047
54197,-0.315353750020007
71421,-0.8125115823250031
100038725,1.0747293781599971
56550,-0.39311683385000684
20544,-0.4376120139200097
76987,-0.7178461211800045
66967,-0.919593249835005
58244,-1.0631340205600077
19058,-0.33088696081001245
60321,-0.4694049671800098
170736,0.5260125653399932
75581,-0.8286217589900025
235497,-0.680017368305009
11845,-0.5349575683650087
68375,-0.31355865460500354
22217,-0.37698373702000687
171543,-0.5374602061250098
12953,-0.388818148965008
238276,-0.687741579780003
319476,-0.6206476177050009
13007,-0.30535374380000846
14602,0.7525875932599946
18541,0.4815063074299939
50797,-0.36954651912000713
73024,-0.3596635799750043
22171,-0.5671995963800054
70612,-0.3573539680150084
110391,-0.6575684501900092
396184,1.0000772498749972
117150,-0.36490527666501293
269854,0.39375637391499385
66471,0.876145317544994
15464,0.842879209984992
246694,-0.46085995409500313
55985,0.9973085541649951
75718,1.302109517554996
22192,0.4737792076999945
665563,-0.6251077210000071
11486,-0.3753945781550083
16408,0.3395275805499871
56317,-0.35188480161501623
11848,0.36123097109999414
108837,0.4107413357749916
14395,1.239225553334995
67091,-0.3002999926500163
24074,0.9751844977599955
268996,-0.42916923182001554
27277,-0.7509408251950083
225115,0.6855784902199948
66853,0.383378150149996
64050,-1.0967012358600048
57259,0.4211052182899877
74123,0.39049186419999415
58249,-0.3403824091950014
216795,-0.6419793621650021
11773,0.2835276426499824
13713,-0.5435570074100031
14573,0.7261226092299955
66605,0.8484410914949967
272428,0.7765906048699946
20397,-0.43897043228501254
240354,-0.7300172539150083
22352,-0.4480252070000095
57267,0.4548436296299929
18789,0.6278932933149921
74600,-0.40294910147501106
106766,0.9006047727499933
77914,1.344399373579999
219022,-0.6904132598800086
53624,0.9266826520499922
18195,-0.3950179581550053
59021,-1.0740618286500077
66970,0.6425171373499907
74318,-0.5983033320600111
104001,-1.3925012192000086
14790,-0.3141038912500118
228778,1.054601244719998
68427,-1.0244364746200052
216987,-0.4716485483000188
108946,-0.844028991480009
27878,-1.0568781655550046
319942,0.6081663395249919
13033,0.31323673294998855
80837,0.4564808691299884
229600,-0.3582027377000223
229937,0.4905905813849909
71715,-2.2176729560600075
80744,1.1881991875699889
208691,0.5469353597699929
19365,-0.6546539794400061
67008,-0.7089214646650106
214895,0.3080809973849945
330863,0.8077910790599985
67742,-0.5638856440450102
75731,-0.40054867270500694
64704,-0.2940427027500121
85031,0.9325252230749941
26559,0.8949344425499941
12669,1.0000839139549949
621239,2.326959663109994
66995,-0.6910213341100082
68718,-0.3821286788500071
70351,-0.4251479064400048
269209,0.8103484651099908
78826,-0.4030986492600128
56222,0.5667801662599965
66566,-1.5052121323200058
66914,-0.47708901455001573
14470,-0.4215743511000145
66695,1.2710328612899957
103836,-0.657459781765005
66397,-0.4429415172950062
105193,-0.6042994928750041
233081,0.6045488482899923
233080,0.6045488482899923
667742,1.036444244084994
14007,-0.3285023872000057
11539,0.882580887414997
67219,0.8030177121399928
271842,0.8253068577699971
76572,0.7083367747699945
216188,0.7796988301999965
75311,0.9368485537849942
102193,-0.3105075930700103
433294,-0.8651546581350047
231103,1.457953111469993
18201,-0.4541190607400072
235283,-0.847497335640008
225187,-0.7659086841050038
18753,-0.6150972293050128
231326,-0.8714409457400079
69802,-1.0488723395850075
66570,0.7153885405749949
58237,-1.1473963096400013
14086,-0.9258532066800034
23939,-0.28897089063001147
106957,-0.5412708970699995
72542,-0.48738838890001013
12571,1.1173771038649973
15519,0.3002382445499876
66902,-1.0219154806550081
622935,0.946271027879984
53420,0.8603389869549893
57869,-0.9864282116700034
19183,-0.8558040920950036
215418,-0.40127959158500737
320208,0.6939178805799937
22248,-0.34945617400000906
319845,-0.5698129219650063
75647,0.945592662524998
109113,-0.3572180643900005
319583,-0.814061280640006
243374,-0.3985489269500082
67890,-0.45490276464000523
26416,0.2769376916499784
72831,-0.3665256846000151
14739,-0.7316643782500076
75320,0.4199334781299875
66310,-0.4633479888750074
244579,0.5924996260449964
67997,0.7869562631949911
218203,-0.8952495004800074
109263,-1.0102546587050023
15980,-0.3638433572850097
52150,-0.8427866611950039
319604,-0.39240686447501005
227449,-0.6358856817900076
12032,1.017851631009997
56708,-1.0310790300350057
26896,-0.41816316467500947
56535,-1.3017135977900027
74549,-0.7035550802350077
246196,-1.2260612321500073
24053,-0.7274893562750036
66443,-0.45626076883001154
72429,-0.9928739957800041
11829,0.8339696842949955
239706,-0.9551359142150062
18503,0.5036225185499941
70827,0.8803542407699876
22063,0.9944709078799931
76438,-0.5288399596100053
11990,-1.114709392705005
15216,-0.637060334485005
71830,-0.7442903954600033
217869,0.4436767948999769
71901,-0.6088052056300084
380664,-0.9750970004400044
69215,-1.398327114910006
67456,-1.0231425581100062
634731,0.5625440087799962
19219,-0.9734608598350043
218440,0.7658035678949942
268465,-0.8496793944600061
13447,0.7547148478249941
225049,-0.3089230607500095
100040766,1.1629551001499943
225027,-0.40830491500000754
74610,0.33329748879498844
70439,0.6563707644399948
78910,1.432896505669993
21813,-0.4132473708000113
93759,-0.3880098573900046
11364,-0.40242179465001016
232157,-0.3382486052550071
15162,-0.40183592819999703
228536,-0.934659745900003
18654,0.8018054067199962
67863,-0.3200153638500076
71742,-0.8172377710950016
226442,-0.4427367404650102
109093,-1.272541628870008
12642,-0.8231146815300017
21769,-0.3036068927500022
83704,0.5401568328599957
56395,-1.248990849795006
20664,0.8213200476099916
11811,1.528001255209999
19059,0.8331470774449952
66859,0.752450401914996
12614,-0.7699473351100021
12649,0.8642361393899947
234353,-0.7211126129000069
98710,-0.9299683521350088
99377,0.5151821647949921
20496,-0.8211240080150084
170762,-0.5739203512000071
213464,-0.49131420382000623
56370,-1.286068259425
14164,0.8283709806599955
216527,-0.4463910962000188
12481,-0.39595149490000203
235661,-1.0379428327000033
68776,-0.4472601042000024
100710,-0.9219489038800059
232156,0.5855080070949974
75099,-1.2456077922450044
66432,-0.4891966062200064
12908,0.8943132021749953
383348,0.6206630063899956
70083,-0.8202814408950028
319468,-0.7088761748500065
67171,-0.3818598784550087
73884,0.72017628468
68416,-0.7631754037900098
11877,0.8395419496199956
234404,0.6818395670049888
69146,-0.33501578647000585
329178,0.6279675923649952
100732,-0.873599257700004
22286,0.6222981065899953
12290,-0.6756501697650026
74167,-0.2634792395000076
106794,-0.3155436209200122
71767,0.4167491336999909
66406,-0.407486144890008
13121,-0.9051279883000038
69847,1.0334520293999931
16510,-0.6911238767550034
72193,-1.2174427415050033
108832,-0.8896141587600042
11891,0.5383773419599986
56258,0.43765058845499283
100129,0.9245266338399953
75209,0.9453842592199955
76547,-0.6458616343150076
210719,1.2383342267099944
57316,0.7398834293049932
71609,-0.30944441924000543
94214,1.4773036729049966
228140,0.9811863300449941
18983,-0.8172208199250051
12366,-0.2687153422000108
269615,0.9134574893599927
19358,0.996143520819988
73668,-0.6498586713100041
53791,0.8334130836699956
17089,1.0567928244949947
72508,-0.28852965420000665
16201,-1.2542231888900064
108671,-0.37980159555000625
27390,0.7801549465849948
54216,-0.8803448111200036
100503361,1.0196742846099953
75050,-0.6957079636400048
20689,1.0919165333999983
18685,-0.8686913858400107
240255,-1.0398153085400033
75778,0.3248993261399944
320664,0.8072330859599939
69942,-1.3192007174750033
75782,-0.7928434724600026
16398,0.46810887088999387
74325,-0.5595269661850057
13859,-0.4669927210700049
16885,0.33987703013999315
381101,0.8053996955799967
17922,-0.723116729575005
208748,1.113323305239998
102607,-1.011593925160005
194309,-0.7324350408300044
74351,0.9010547372449924
67768,-1.199648380030006
27386,0.8208997889399963
52637,-0.3487922986900074
77034,-0.33940670065000766
69920,-0.31019392265001144
244608,1.2039989673999951
68226,-0.8719060790850044
228913,-0.4447671765050085
330671,-0.481748294310004
26363,-0.7428644433050069
321019,-0.7989133798000099
382236,0.517331497844995
30841,-0.40735102307501236
21856,-0.35751697565500606
20286,-1.0970228770050046
18164,0.8297675770949953
67177,-0.4200995163900103
67270,-0.6205416927750074
211255,-0.6475286218800047
116701,0.5924352489249927
215061,0.8659058927049954
233801,0.7370251224149951
170676,0.8670884776949954
110958,0.704003054779994
66165,-0.3678147415250077
232585,0.7110661509549949
226866,1.4463434056799969
21940,0.5021565288899961
319554,-0.831228755380006
12321,-1.0379317343500052
56629,0.8821110230499993
14704,0.7496034292899934
66885,0.6129202191199958
21854,-0.31181930439500327
208613,0.7123515428549934
245847,-0.30840504127000834
235041,0.7357504698049953
595136,-0.3026622768000067
21333,0.7282999881099972
22761,0.5031419951999858
19025,-0.40196638095001624
66102,-0.6348340258400054
56041,-0.43485330984501047
23956,0.7734100640249926
13614,0.4382963515899996
241639,0.7792985501349965
56299,-0.551763305620014
103844,0.8654989648349964
83428,0.8744855020349971
12552,1.5574141753299946
14432,0.8494590096399977
16197,-0.3740000512500039
72713,-1.2969949938750025
50722,0.5978328198599945
18391,-0.29676903214500605
15208,-1.1370185587050052
26451,-0.3793240126000086
100169,-1.1112173492350061
18526,-0.6193044198800046
26970,0.7134341851599917
333605,1.1639177111299985
64705,0.7620381723099925
106947,-0.5146404481300095
77573,-0.7645886400700102
56613,-0.598208179955007
319618,-0.47468822480000306
269878,-1.080311511930005
213827,-0.44977811931500966
72042,-0.5307563126000137
75668,-0.8222499279000006
12261,-0.4431736019600123
170441,-0.6931682852250018
544791,1.087987653724996
225372,-0.5299708491600068
26420,-0.8374250322200067
56462,-0.31041957200000425
107975,-0.4878692662950064
67880,-0.5472346351750055
68270,0.6871844043849888
20192,0.7159566946699965
13437,-0.3474113357000057
56640,0.5523326630649956
71955,-0.34412623374999995
268294,-0.6548434014700133
71702,-0.666024177205002
19171,-0.2706892734500155
13167,-0.28530442760001584
26373,-1.026335787910007
18038,0.2700465451699898
21949,0.40324927044999725
56397,-0.3028397340600115
233905,-0.9901533972000056
76793,-0.9790973371900025
142687,0.9588095893649977
20643,-0.420166239930003
20024,-0.2714868740000167
240660,-0.9690952872500072
230099,-1.3285590037350055
212398,-0.3659278544750073
107999,0.28059901519998576
170740,-1.0460051300100055
24108,0.808602480329994
15557,1.4618802470249959
68260,-0.7899306234899983
51944,0.9067982397499925
268973,-1.1563860936700063
235402,-0.5006422385000038
217353,0.8505229675499901
229949,-1.467003988670002
68493,-0.6260964000850064
71890,-0.3040680810500138
380967,-0.8228301334249997
243043,0.8119651324599948
60409,-0.3413428499000144
216558,-0.4184769442250129
268880,-1.1368953801050106
55984,-0.862916164510005
56078,1.1154874859299961
72930,-0.6299096084050024
20539,0.78368006250499
102075,1.3286704227549953
17876,0.6882972405449896
213550,-0.4433779426300086
23894,-0.9311137260900031
72749,0.4137358097749946
80901,-0.43391240367000883
14678,0.3968610826499983
21385,-0.5438849181350021
76915,0.6226085449249972
217480,0.7744103610249944
74488,-0.5147183744900046
30791,-0.5615125922900042
215999,0.8542941452649915
245000,-0.44302275018501547
208084,0.370814964829993
269955,-0.9991925521000073
232836,-0.6788904757850069
77056,-0.29774341815002003
224008,-1.2522396181550075
237504,0.9546060131999967
20931,-0.908913438300007
26565,-0.46725125676000445
23825,-0.43895652073000946
71918,-0.6123100388450062
80907,-0.32868723917000864
245368,0.6760824145049988
68964,-0.3605147792600061
94091,-0.4907815694600117
216963,-1.0417623354949992
54189,-0.9290458785500091
22259,-0.643582587055004
545486,0.5979547720899951
210973,-0.31499265567000734
11308,-0.4827120827500062
68794,0.7965782808299955
17001,0.9838573792649861
72416,-0.3802137302600137
109075,-0.3335294813100056
15399,-0.5724120107100048
72475,0.488401182949989
234577,0.4550003605899917
231642,-0.47031198020000886
100041096,-0.7115761101600029
234384,-0.9712746349400057
69660,-0.4981205294700066
69047,1.0091197780149956
66155,-0.2637645927000083
102442,0.29446677636499174
217026,-1.1834829232900077
94185,-0.9365237468250021
18263,-0.36784053655001436
497097,0.8422341557299942
16666,0.7584739367099953
70804,-1.2698637219500037
17136,-0.7359227065500091
22601,0.35357669930499647
53609,-0.3936769660550077
12832,0.7614423967949961
244548,-0.4745572237350082
67016,-0.8495490944400066
110750,-0.9242891028500066
399510,0.7079527803299985
230848,0.3635537317399944
170571,0.9708680304749935
213391,-0.5928959143250072
12613,0.6899762357299934
218035,-0.47319445977500507
12123,1.1759558272949944
76457,-0.2904372330700138
65113,-0.2867288993000141
19075,-0.8520555492800073
212198,-0.7030397609200012
230751,-1.096002062510001
108012,-0.5134907750200064
58205,-0.6562727659650021
14961,-0.5852213175000216
50496,-0.35052185672500435
240444,-0.6100712522400022
100910,-1.010632989225007
170707,-0.581095538505009
60411,0.6991329039149949
17063,0.521361726784991
244745,-1.2215047110400121
223989,0.6041774122199941
330483,0.7128897439549924
72459,0.431422436639993
68497,-0.300319748705018
106025,-0.3458949675500129
207278,-0.6449087360450072
15466,0.9277354863899974
71302,-0.8235279835050076
105428,-1.3011496133100033
70385,0.9590772926699946
19647,-1.0932022080350086
216148,0.663602906265
72392,-0.5529336378600078
67220,-0.3367043930500131
233490,-0.3168956708000028
66413,-0.30962051088500786
226610,1.3693076947449971
14712,-0.45210763619000893
20231,0.8066410950249958
23968,0.9544916129499961
16500,-0.9152933084000043
67958,-0.9347016949600047
17752,0.6127200369199919
14373,-0.8834378438650061
11682,0.6876715637499959
11835,0.9834403226649915
16430,0.7290719132349963
19744,-0.6604258090750026
19207,-0.27897805755001315
67155,-1.1403908348350065
320150,0.7094191005749959
67608,0.5167224763349934
66448,-0.2798429522500179
23859,0.7130862867949954
242509,0.8156932337599931
217116,0.7045094488499952
228564,-0.6283381237600052
320865,0.6742695157249972
224055,0.6448746706149908
66622,-0.40581315924500316
101540,-0.45875699871500686
70930,-0.9866705184950062
445007,-0.3418201263700045
234959,-1.058292503855002
208618,0.7311898625249973
57265,1.0248940870399958
12752,0.3100872003499955
14885,-1.0806876813400095
213469,0.6585257888549974
11920,0.4822407787799907
21869,0.4180784057999971
51798,-0.3400219351600047
230895,-1.0645065071050093
72469,-0.7150778409050025
93730,-0.7314659773400072
71326,-0.3127013794000195
80877,-0.35826838923500937
21991,-0.32139139115001036
108853,-0.6543087067750033
230770,-0.8948672652050069
12721,-0.4511002245000082
102570,0.6060705045399954
13070,-0.701614288150008
381560,-0.6573138470100073
235323,-0.3636876006400094
56312,-0.4592811170600051
268822,0.24129661399999414
269063,1.1318543774299927
70020,0.5691172061499881
72972,-0.42317870714501193
227933,0.9163618120599963
238799,0.31226896419998873
71887,-0.9075237873150037
75420,0.32642188917998993
22598,0.8488457779999963
19264,-0.3128751399000116
16426,0.6671169765499965
14693,-0.3736024066000123
101739,-0.48476617519500564
66925,-0.3147816625500077
242653,-0.7230604516750043
71103,-0.778597920980002
93790,0.3502489601549925
270166,-1.075310692940005
217356,0.4469496048999897
67369,-1.003568141330006
209488,-0.8192915537900065
102632,-0.897582520985007
56494,-0.31083881601500707
56695,-0.4023463932950069
70382,-0.3289277543000111
171168,-0.6822961534850043
227333,-0.47264675287000735
57439,0.5334010635649893
72504,0.5960180621049953
76459,-0.6928699350200054
20536,-1.180434438110003
50799,-0.6821898771950048
13384,0.5830635134549889
11966,-0.8032647447950056
101476,-0.2572544985200107
108097,0.38635112091499124
109323,0.6823805541149959
192663,0.4380126629699923
73822,-0.28466702134501
14390,-0.9126476544800068
21787,-0.43625483124000297
74577,-0.5966552645150065
52552,-0.42657724660000795
20840,0.7891361587599963
64138,-0.2585288186000021
260298,0.7574814167449908
269016,1.223899274009995
15572,-0.7016486023850055
70650,-1.0879199812300078
66222,-0.42513317305002296
75625,-0.8647412483200032
19714,-0.44962321725501475
12310,1.0174420484999955
107656,0.6955650015449937
15460,-0.7789837838050042
75062,-0.37763643779501344
13382,-0.6109815748950069
12236,0.6200899336299988
13075,0.8879954424049963
320727,-1.2495940522800044
19659,0.6720848182149983
666794,0.8498865744599975
78670,-0.9564150346700089
171469,0.8177582577249911
56325,-0.31874298580000726
244216,0.33624164424999137
66196,-0.8124466206500047
28088,-0.34197940718500774
93742,-0.7210024469450049
233405,-0.9949457485449997
15111,1.2184483187899953
75172,0.8440908439699979
229663,0.2729260697499907
18176,0.2729260697499907
68634,-0.30666440582500343
67153,0.40300091163499197
69757,0.5597287545499938
353499,0.5597287545499938
77134,-0.3513227601000146
100043314,-0.742841950135003
69156,0.31243494003000194
269774,0.44601686124498663
26413,-0.2875043860900064
14613,-0.6614965421850023
68117,-0.7158549715400042
218699,0.5909775522649969
75571,0.8922426810499973
230787,-0.44564155607500666
217558,0.636834467594996
21886,0.5120564327999908
68655,0.7798778981599965
81840,0.8623857622699944
216011,-0.8057802503600078
53317,-0.378196973450013
18975,-1.0205716274900016
14062,-0.4194537929450073
94249,0.3514294627049921
14317,1.2643458212349965
242050,0.7085140293349967
28253,-0.7266883848450028
54161,1.0602685290799947
76933,-0.4715696510000065
64899,-0.6975489011350051
57342,0.7708119798099915
76781,-0.927523705840005
77300,-0.39104947597500583
114886,-1.3952566168750034
170720,0.6166046861849956
320398,-1.304675143365003
217379,0.5747344564249968
11758,-0.26756014720001176
231670,-1.250152187225006
12572,-0.8168087164950046
214669,-0.6886375588250031
243743,0.8089857103149942
230393,-0.50557212181001
17156,-0.472102483935009
72238,-1.3430422108800082
73828,-0.424555749865001
66161,-0.4836222797250116
67467,-0.4854328324600079
208666,1.220287709044996
56787,1.0525611012599967
214642,0.629910738869996
74653,-0.8405903174300056
30800,1.1818465910749945
15978,-0.7051633342400079
74342,0.941373144229992
109135,0.7444035168199941
14247,-0.29263026845000084
12301,-0.3661303943450118
71753,1.0000751773099954
18198,0.7121113200249933
78244,0.4603743274299923
15901,-0.6813320081150049
70465,-0.5250619692100056
230801,-0.32254357310000437
26754,-0.26667561935000883
23797,0.32717467630499186
66569,0.9683806180949976
269338,-0.8106724259650075
60613,0.5542659329499973
19116,-0.9787527096550059
223754,-0.3039998708600109
66557,1.0256505532049935
21416,0.6424746053599941
101488,1.0197904523499965
14423,0.6968163140899932
330723,0.6941453348349973
329252,0.9364365713149958
20254,1.055172009334997
67897,0.42969981183499684
67053,0.7657234970299935
15126,-0.651532658420003
59054,-0.2831213152500087
229588,0.6454152527299923
12775,-0.4643806560000101
12524,-0.6377547406650086
66583,0.8287087629249887
207742,-0.4473899410450066
77053,-0.66820515631
15207,0.4511414285449993
57752,-0.47244956790500314
241447,0.5851760602599949
268448,-0.9920993745250053
21823,0.5937472562499835
59015,-0.5441225042550073
14765,0.9181824001599965
71436,0.48795488338499693
14415,-0.5051917325400073
109095,0.7194352816099929
12764,0.7452024639999948
78283,0.6203690952999956
70349,-0.5241039637000053
233895,-0.34043571895000646
64818,-0.6164163751150031
353156,-1.0800935975300048
12398,0.4900697722249916
213948,1.9224288678149994
433759,-0.3555917315000041
67223,-1.1528530719100036
74108,-1.4129453873150082
232339,0.7757016635649947
15166,0.32431939349998906
11814,0.6485830464749913
22088,-0.4747865751400058
69638,0.6121160761899906
67287,-0.26735202175000694
104759,-0.36202276843000725
12807,-0.5945971630950062
27400,1.221537643554997
17877,0.5317709241999937
232925,-0.8532321181650042
66660,-0.43917879727001186
231946,0.6852716924499971
271639,0.9521947119199972
26891,-0.33409328779500846
68526,0.8066285536349938
237911,0.7639008322649978
77128,0.82828198360499
59288,-0.4669432796850046
12363,0.2765904094999936
12504,0.31918728694998855
14788,0.31918728694998855
53419,-0.675411062200002
110308,0.9365770676499947
215332,-0.758967976430001
53324,0.9075988254799969
20318,-0.27702060670001494
20278,0.9215339056299956
53608,-1.0597959611350039
18035,-0.2810426167500051
21781,-1.0451851316750034
26919,-0.7222499934700073
212503,-0.7415581936150115
66128,-0.30441144492500705
56335,-0.3304601606150097
18028,0.9328419559649959
11812,-0.9264349242400023
234378,-0.9186329866600049
14462,-0.4456087757150087
13360,-1.0010956007450025
57914,-0.33453938275001605
20440,-0.41589894662000226
108089,-0.5239491124600111
59014,-0.7964528154200066
50790,-0.4149445368000091
11546,-1.1760307150850045
26564,1.0513816236249962
14261,1.1901396126499963
114585,-0.6890585341300057
94332,0.622628830954989
268759,-0.5876787995350026
54409,-0.27921545576501217
28084,-0.27921545576501217
381122,-0.6157495609850026
21372,0.4689831922499952
16770,0.5360424322599915
67035,0.9346315643399974
50505,-0.8159579161950159
99683,-0.6070806227400087
14148,-0.3866275783500015
240960,-0.844151508380004
13088,0.46333091390999215
60594,0.9257385291149927
13846,-0.8091611284450035
17364,1.1012782034749922
71435,-0.9109062997250081
77727,0.824638911764997
107448,0.6617765591599962
16364,-1.1872397030700057
11553,0.8424646374449987
230484,-0.6401688018100087
17355,0.3077369331799886
67358,0.8223257759949933
109342,-0.720833121505005
140703,-0.6690848103300109
12522,-0.34739382545001263
78830,-1.3636583079900095
106489,-0.4471699975500041
18552,0.6579681358549947
380718,-0.590468697240004
69401,-0.8307202388300019
23943,-0.47153512503000883
664968,-0.7757589230750046
71956,-0.7685249303200079
406218,-0.49349879031000166
98396,-0.8595805915849981
17702,0.8280772509599972
29865,0.8661230655999876
93884,1.3970135837699975
233724,-0.5720450733550022
67088,-0.8559531068750053
69747,-0.36435311872500087
12394,0.43050366928499173
69010,0.30004188879999205
77577,-1.1390276535700083
227867,0.31480425569998616
67062,-0.614874127595006
56445,-0.7216006141500069
107585,1.1503357241399952
59029,-0.6058419586450068
226413,0.837667793929997
69106,-0.4683480943700067
320817,0.44984511097998947
29875,0.4566420552499917
330502,-0.596021371585004
14969,-0.5134665974000185
109901,-0.556108284170004
66445,-0.2908349528500107
214579,0.7937354739999964
14588,0.5803382946999864
70118,-0.8061463604150036
56455,-0.5830989814100036
72693,0.6667302995999971
30926,-0.3314115046000108
23934,0.7963920175399988
72723,-0.7151727153650054
23837,-0.3570447516850095
13124,0.7898233310149965
233765,1.1385313996599953
16438,-0.49967426841500107
244209,0.7865280718799923
331524,-0.3514346185450101
26381,1.0533509209099954
15277,-0.5729282543650029
24057,0.7892250675399914
629378,1.1934230662749945
209354,-1.00186948306001
56470,-0.32616037475000326
242557,-0.6390819727100068
14672,-0.567871236145006
208967,0.8609237545099928
13014,-0.26716179194000844
66291,-0.3699495780250057
229320,0.8088875341549975
66294,-0.5920863802250071
20977,0.3998654477999928
17087,-0.5396242068350059
213272,2.4266918928499956
195236,-0.5101799427350016
207839,-0.3045547832500066
320492,1.1983173895349948
213819,0.31643334591498906
14357,0.3890839356499889
78751,0.3863374178299921
19660,1.0205687606449958
14479,0.4361456940999915
330230,1.0146311804249928
232664,0.7365304927999943
171486,0.35330531341499416
50876,1.3157973144349935
17701,0.6516635001299971
102209,-0.39003323158000747
246177,-0.39520082925000466
72446,0.3542208980049839
69716,-0.6701178315000096
102693,-1.1749375506050042
14555,0.9781795785249958
404242,0.9219366650949938
14911,-0.4066559921200117
100040608,-0.8504241329800033
17878,0.7384576574349961
67130,-0.35694241455000686
23877,-0.5715078019750113
11609,0.9709215958449962
78928,0.41751786863499163
50795,-0.6557195891500025
12704,0.9789333570299927
100929,-0.7154770540600071
226757,0.5651324718999859
71853,-0.3556625638000064
16987,-0.6910851695350027
80913,0.34746502242998645
17691,-0.6587396144650048
69534,-0.7614952544350002
626596,-0.9493182658500028
69737,0.6307118714549924
267019,0.986522702509995
80707,0.581716583579988
19009,-1.1111204924700067
209012,-0.7642193044950036
20441,-0.6205366172600071
68911,-0.3021149467000104
70238,-0.43108694186000474
105782,-0.3350043295500029
12921,0.5519833869249879
18479,-0.8794051371250013
71726,-0.7468809635250038
69663,-1.080427965255006
74147,-0.5644087628950034
67212,-0.2914107332250033
140482,-0.39439545985500324
216445,-0.3931427397500009
170574,0.9488352066349952
74890,0.8672275371199971
73420,0.42886171440499243
16981,0.3207770463999928
18030,0.4402756544399917
50779,0.6198941159499922
76408,0.6656285561849948
245880,-1.0258392155650036
16646,0.4904305414799932
72281,0.6273781376749943
66931,-0.4330857195400073
70750,-0.4023076637100065
76088,-1.2798363425100083
211347,0.8468685641349998
72148,-0.27259065255000436
108673,-0.9093098611450081
195018,-0.9346885004050023
268903,0.35540165669999624
67469,0.37341738966499527
68050,-0.273652765120012
15229,1.2220693709499955
19253,-0.3150962320000197
269397,-0.6277816026300056
106583,0.9044863173999964
68149,0.38968105089499616
66899,0.33605438321999515
68701,0.8321940770399943
73178,0.2671610283349892
108078,-0.565726347940005
71529,0.9913591148249972
74178,0.24597117374999478
75495,-0.8367724020550051
84704,0.7894009740199968
214601,-0.5221628063850128
108664,-0.7498690960300065
230735,-0.9258136585650032
217203,-0.512608936290003
71007,0.34661999549999045
15414,0.6434542017049965
20343,-0.41180385015001164
22682,-0.3148413548900102
50765,-0.7439879681250039
22025,0.5226512001499932
93871,-0.6641809989400054
57773,-0.4324181910500098
68889,-0.5005982155300073
68801,-0.5860211661000037
56361,-1.1400766072300037
12839,0.6271177552149965
14590,-0.44130032040500744
623781,-0.6359994182650022
11639,1.6386132233499935
94067,-0.3121303975000025
71913,0.48661125897499247
241159,0.5558003204299968
19108,0.5290950283449938
116891,-0.23651714165000826
13388,-0.7208493485900043
107581,-0.563174870420009
242805,0.6864702679399937
66357,-0.3879960602850101
12505,0.42812672813999164
21753,-0.4502167860350088
12554,0.5874469443199954
58861,-0.9213681263350013
75871,-0.9397106940500093
18747,0.6208580316249979
67184,-0.2515063282000103
76893,-0.860325699440005
75597,0.4561664501299889
242408,2.7453314860349955
243272,-0.5815342581900076
18049,0.3661566567499914
212508,-1.1464064325150085
50850,-0.26299858482000893
100273,0.39894846616498825
17200,-1.1469098146000052
70561,-0.5315532880200067
79235,1.4180100415699988
22258,0.4318629223949877
380836,0.5457126909749919
226562,-0.9434273614700057
382239,0.626682175549997
110385,-0.42189738465000914
20183,0.44814315534998883
20971,-0.8761282273550091
23912,-0.4208139430100033
70369,-0.8902444019300084
15979,-0.2732819305500076
100637,-0.696662654915003
16392,0.42110550178999695
97484,-0.25048155076001244
68023,-0.25048155076001244
76824,-0.2354745845150017
14619,0.9856544690899929
98376,-1.1072013760800044
213783,0.7034866193349987
217738,-0.5961623559750073
18091,1.096787608544993
217944,0.7285362376949944
26934,0.4261429037499944
80283,0.23597910689998436
14456,-0.8334295672200032
53621,-0.38482492189500306
54683,-0.3682464327000101
14633,0.46831213772999636
319638,-0.3892426413900054
56404,0.37102717499999116
76737,-0.25197624253001116
21974,-0.4155337495650109
72180,-0.45935971702500566
68273,-0.4322140465650097
69940,-0.2927818636800108
16784,0.28007656508499146
16716,0.6443576273299949
68428,0.5448437732849918
66585,-0.505964910160003
66968,0.9913344537349964
320825,-0.6793074545900009
71902,-0.47770962456001165
74134,0.3626831430199964
242687,0.36862181949998885
93681,-0.6229279863200068
213499,-0.37734687048500515
105298,-0.7426731474850041
330064,-0.9153714309150054
22634,-0.43696278117500853
231252,0.4760724815649944
67690,0.31842673746999495
68364,-0.8250215983350033
60344,0.7405887886649962
216760,-0.42749925681500933
16579,0.6412621832799932
243078,0.41475056419999756
380924,0.6174429380149964
100608,0.5583202912699878
207181,1.198446460464996
19823,-0.3051319107450077
21969,0.38692064150998995
65970,0.4793055735199947
17288,0.8446124211949946
71198,0.8437060817399935
12190,-0.8318778954600017
66385,-0.4179067547500015
22720,0.3998947475749919
11843,-0.3280405678550071
56452,-0.5693309022650048
14611,0.39932855494998876
12776,1.076316225394995
54325,-0.2585195076000204
75422,-0.4438136262600052
69714,-1.0382355038800073
70979,0.7454283090799976
216292,-0.35903149301000603
18701,-0.6312307278950051
66865,-0.5324804729850019
230405,0.7207087377649981
225745,-0.25665107595500913
22770,-0.8159504942700071
77622,0.7534402461399932
110173,-0.3968364206650081
13665,-0.27596077262000485
214133,-0.46160742732500903
68979,-0.6615705513650116
66271,-0.7943666832550074
18970,-0.9320156539250082
52530,-0.2954080478500014
29866,0.9012668567199964
22628,-0.6898422056050011
14227,-0.26315064862000703
72433,0.6687450013049965
380709,0.5705194060899959
12569,-0.6202331938200087
319565,-0.8792371091600044
22154,-0.31962945470000115
75480,0.22977109299998766
654818,0.8342327742349953
67078,-0.2915861869000107
12859,-0.26529291785000275
71567,-0.9169723460750019
72562,0.75168066889999
208194,-0.8972350612800071
16172,-1.0545395595100029
78914,-0.5619192796450054
14802,0.6791352078549977
18595,0.33048346994999633
57246,0.5981704076699965
70611,-0.6460249955000084
99738,0.8191417221499977
22630,-0.28093423915001203
107723,-0.3089305786250094
110695,-0.3188095351000051
19173,-0.2887762946000123
15571,0.797599630029997
67856,-0.8319482170050083
76375,-0.655929105645007
80987,-0.859488546120005
16948,0.9352356808299964
78809,0.6984165763249965
22032,-0.31242887320001245
227612,-0.34540447375001193
11867,-0.32156300895001166
224840,-1.075175757605007
14544,0.34226989759998716
14581,-0.6202134594700048
214552,0.43290062197998935
66508,-0.2960065153000073
20466,-1.2921864683850046
20668,-0.28731954960001005
11984,0.24092542839998465
227707,-0.2568885228250135
26415,0.5615005336249927
65112,-0.909929306420004
69694,-0.9591776663300009
53861,0.3305881400749886
18793,-0.41103629394500807
71325,1.0213242185899962
192232,0.34358564554499615
26423,0.4697568783899886
213788,-0.6442756063250008
20540,0.32580630205499794
71111,-0.8647259690800015
227753,0.2615370278999869
19338,-0.34569740288500483
26554,0.3117457746349883
170460,-0.6853332433250054
26968,2.465005917709995
13808,0.2782765162999894
66658,-0.6583911791750028
16171,0.8676015932499963
68603,-0.32403846697500605
15381,-0.31619638695001484
21762,-0.3071298205000019
245610,0.6289163555049977
23850,0.8037285943549972
268782,0.774648591284997
229474,1.0070203971649931
21345,0.48533961449999197
329504,-0.5140315701550051
15434,1.3806609934599976
320404,-0.775558382335003
54473,-0.3096346766950102
243874,0.987464052674996
66834,-0.2556313647000099
328417,-0.4256382586800038
20646,-0.7928150690650027
244178,-0.25348347099000135
11859,0.6000388060899979
75678,-0.9158186431100033
77035,0.5566454144399966
19743,0.8383575216999883
269037,0.48054991239499145
232201,-0.3571828866000146
67676,-0.2512349703000094
269328,0.6234505818099976
17349,-1.0409368353500024
114874,-0.7701183941900043
22200,0.9623800712849944
333883,0.7589165577149934
225055,-0.6363326882150107
231887,-0.45048320655000396
66811,1.0317648494249978
105083,-0.37397499914500365
13436,-0.9803021740050095
225849,0.6796708134599836
23794,0.6282593749499927
619331,-0.728331310785002
78920,-0.2972701032300069
70430,-0.6757220584050048
71156,0.7033877032249962
245403,0.5701925855999939
67422,0.38336442849499175
20503,1.3347620955599941
52858,-0.3308356257000149
11604,-0.7711420143100067
14783,-0.7068920749950021
77578,0.5787988349449966
17129,-0.35169623638001113
77771,0.9071359615249923
17240,0.9748297118049942
241062,-0.831112846160007
20935,-0.515122213680014
77777,1.0008913441399958
70470,0.5129277191449919
77619,-0.444627163880007
12833,-1.676049597780004
54418,0.6399851478849925
26910,0.7969391472699954
270190,0.8829774951149942
18605,-0.8847479556150049
72536,-0.25810804732500436
56515,0.41571227411499123
66580,-0.8317857312850059
22700,0.7183296704949953
74267,0.9836619806099929
382118,-1.1952119137100015
218832,-1.0163267428000058
74551,-0.34080434279000116
227102,-0.5168155683550069
23964,0.6436121072899992
67338,0.6171853429099894
17196,-0.36859225000001494
58193,-0.7048334837900061
23888,1.0857650369349963
70726,-0.6131507686450046
66940,-0.409393279300021
67865,-0.29975296830001064
20928,0.9213627177399948
19011,-0.7070058528900027
223664,-0.700708422540008
56743,-0.6659841736100036
75669,-0.5304808476500051
17319,-0.27354964195000697
71584,0.7829364901999831
326623,-0.5823595130200032
14391,-0.41105526497500655
69535,-0.6648471967900038
26950,0.9106709738999959
17005,-0.7826580391200038
75593,-0.30285030457000595
228359,0.2523131288999938
105372,-0.6487615623650029
108161,-0.6214679587100016
64113,-0.5940487506600025
215335,0.6046421341549877
72895,-0.32190622072501185
27416,-0.736745452570009
75409,1.1329607864599978
319448,-0.6682364187850025
68559,-0.2616200690500161
329777,-0.7752295414700026
57875,-1.1169049410200058
217708,0.643977275489986
68342,-0.2586948436500087
74414,-0.46820413880001155
224619,-0.32115754600001445
229731,-0.5841164574600093
72058,-0.7470241422899999
12902,0.317339629749986
11409,-0.8635805638850043
20147,0.7707235517499864
70059,0.37939247257999753
210274,1.8334300015149978
100038882,0.5462944327999892
23937,-0.9842115889900036
225467,0.8038006496649972
66049,-0.4247204198300132
78521,0.28418067439999106
20287,0.7836359697749948
66706,-1.078100954140007
13043,-1.0736235356950106
20444,0.5562821997449916
100198,-0.5134279743550101
74469,0.36269597779999074
70297,-0.5733209278750033
239510,0.3586901024999918
228361,-0.3691917277450063
270035,0.5721979755049906
67238,-0.22508350770000618
67484,0.6776595813449973
18542,-1.8379981077900052
22626,0.9312968181799999
218865,-0.519968741290004
72293,0.3207677908199891
13017,-0.6856273912050037
227619,-0.3140217346400025
207304,-1.1638422873050018
71711,-0.406006034890007
68487,0.2514095598499946
20909,-0.2906354021500128
14269,-0.39714254646500535
192167,0.8472714835149966
338521,1.1802237032549971
209318,-0.30637021295001254
68735,-0.31651469801500376
53858,-0.8411758912300078
72662,-0.3716393206100097
208846,0.5349305027599947
407821,-0.8873585869200058
192119,0.31755903795499485
19158,-0.3367214279400095
229504,-0.7507658347200072
211896,1.0524188278849964
109880,0.4141937364799908
84585,0.5154894496999898
333789,0.4228713015599901
225997,0.6008426312749973
14211,0.3626703647849947
212032,0.5993795917299893
16709,-0.48240578549000634
217827,-0.8891392870850057
279028,0.8226322644699966
69549,-0.47309930941500333
19896,-0.34124129580001394
235633,-0.3105888567800186
72502,-0.7778168412100079
53627,0.5765234361299969
666311,1.2574918637649954
76089,-0.7942749191600038
18413,0.7543058342049962
78405,0.5913710868799882
53814,0.5849009695049943
14729,0.35139181807999087
71093,0.7713450551649981
16913,-0.297211652050013
14128,-0.481052892010009
228880,0.35083000102999407
53310,-0.607713858655007
217125,0.38873184204998523
15958,0.47205601218999504
192652,0.22990452779999693
108153,0.7671290459749964
22627,-0.36198884390000785
17907,0.7226829572599955
56296,1.2105980372149947
227099,-1.0183045469900036
67495,0.3223803427249914
257632,-0.6675522866750034
59038,1.072394025359987
232813,0.7539018421299959
20621,-0.39341749743000776
70078,-0.5508916235300036
69116,0.3512667763999975
68592,0.42178453937999194
69051,-0.3211707796400116
50918,0.5206021626399924
235505,-1.1423286763950058
16425,0.7012857832199959
19060,-0.7849014704950052
67944,1.1225425739099935
66071,-0.3442601931450131
13507,0.7073023491649963
11937,-0.9012137141200043
94227,0.7738513080349967
329002,-0.6719794140800088
19347,0.24544973749998533
106389,0.3273094887499912
22061,0.26717915729998687
76608,-0.810445587345006
67036,-0.38369698039500477
12520,-0.24900304605001722
140483,-0.6783854874700053
24088,0.42053185894999245
52712,-0.3357277340650118
216724,-0.873095503610001
12061,0.8731375807999959
66491,-0.24314119355000763
75083,-0.24314119355000763
83767,0.5619810438849893
14800,0.6401618376449956
13860,-0.7795082430000049
16880,-0.731647727825
243382,-0.4803937754600094
13495,-1.035210769210006
66812,-0.45227154119
66467,0.3277320850999885
74440,0.3519068722999865
75671,0.6010281844199978
224902,-0.36802989495000027
17722,0.6779431856049882
13198,0.486669477325
226178,-0.2746162238500123
407819,-0.2601721597100042
56791,0.25174726379998447
12491,0.7545971027049863
56525,-0.6027289155000046
70080,-0.5110835361550023
99237,-0.4457753835250031
69596,0.50943908104999025
230612,-0.6889518241600037
101533,0.7502675076999958
54125,-0.31107979817000775
381410,-0.383523798100013
66586,-0.5090423851050065
14347,-1.0646743637850067
230824,0.7691552029299933
217431,1.0050808761599939
18087,0.36451455431499014
77704,-1.1212012797050077
380912,-0.6553699494950092
621080,0.9149888094999996
56357,-0.48784112485000364
67749,-0.8914761182700026
56381,-1.0368971960900062
415115,-0.31250862665501167
231912,-0.7826990147400084
12740,1.470781605494996
330554,0.3844836320099958
544971,-0.4089430875800071
668940,0.706696265494994
230761,-0.6558007408450095
73389,-0.30682451583500914
226525,0.6159930591299974
68563,-0.3231810724000095
69976,-0.31340255846000975
68631,-0.6643178147250053
26876,0.6133530264349973
12982,-0.3851658068000088
66827,-0.2974463702000065
210992,0.371586306119994
24017,-0.4334897676450069
268445,0.2847583792849946
13383,0.6511009125999916
20020,0.522264870649984
12748,-0.38564179164000834
224079,0.5920664673349956
103236,-0.26339627260000675
380660,-0.4609966978400015
26446,-0.2741886081500109
223864,-0.599594921445
94212,1.204393339309998
226255,0.9902984307599949
110379,-0.26934038502000845
66199,-0.30892659681500945
216781,0.706445511464997
19286,-0.380472878540008
12816,1.2416853321699963
66344,0.7071117001549965
69065,-0.5646373630600037
140579,-0.690288177675006
227715,-0.24967270840002342
14050,-0.2812931283400051
70620,-0.3542125854900089
277328,0.6697020226499948
67872,-0.22030362450002094
66758,0.6193636240399965
76178,-0.47847799064500585
67869,-0.2556417050000075
67379,-0.20323870760001306
78369,0.8569149355799963
80708,-1.5085977165150037
59004,-1.085753453000005
20216,0.6870020116599935
271424,0.6504909345799956
72168,0.7287659453999966
68991,-0.2983513640500153
226407,-0.9182573250500052
18400,-0.6276622864250019
20190,-0.6450819808850046
231637,0.6310925150549958
230101,-0.439228762845012
16206,-0.7636324164500046
20262,1.0561808036549958
64945,-0.6051778271650035
74164,0.42783743077999414
67118,0.27922865104999595
15376,0.7100237123799977
75475,-0.7191206397650012
20564,-1.0235133884800014
12631,-0.3865053514000163
21936,-0.31087112930001126
105663,-1.1262660312700037
56096,0.9064260605299963
19769,-0.22834623670001086
19385,-0.23462992504500235
114889,0.7304697308249946
246229,-0.6840388100250054
68215,-0.29972345260000033
56643,1.3894748687199954
11747,-0.3462205793500157
23790,-0.3101208874500134
20604,0.35712323445999683
67711,-0.25561307760000496
70829,0.2967661054699944
12391,-0.9036918828400031
20650,0.6221758533499955
20303,-0.7346958795700065
225152,0.9292000464899961
12512,-0.43128413752000405
208990,0.3913735133499969
72772,0.36036546584499174
18024,-0.4053553244150052
217463,-0.8751119812200061
66926,0.6434249733049953
22781,0.34807264484499
67163,-0.9217407114650076
140491,0.9596531323049957
63993,0.796143834029996
68498,0.7814483986949963
74569,0.47059299380499375
27226,-0.393629288450013
58866,-0.5670787115350029
13836,-0.7513604579250024
109129,-0.24917698501000451
277463,-0.5217214858900041
11857,-0.33442849000000585
319710,-0.5397335210900058
16841,-0.6305185491800018
353130,0.8837740541299954
66634,1.0121000296199947
216549,-0.25261322791501684
55946,0.47665819687498967
67292,-1.1029272025250059
229658,0.7075614053499919
240754,-0.4578948620600052
73301,1.0459557952849958
11520,-0.4800801052350039
382793,-1.0556299665900024
666173,-0.6262714986400066
74080,-0.447504387705008
52864,-0.9689870762650061
12043,0.2609997033899951
11471,0.7441338230749963
20750,-1.755640647310004
110197,0.8630644497499942
77318,0.6913669906849962
56282,-0.36695330709500595
66311,-0.6569071559400017
13684,-0.836829526275003
24045,-0.32672477240001285
629761,0.707692463289995
246691,0.8624769177199987
15289,-0.2399073352500114
56368,-0.24442495938000341
26987,-0.24277636065001929
17217,-0.3236248468850036
68259,-0.4287880678350078
108115,-0.9126754362500078
319655,0.6849976586499964
12401,0.644207721079995
66590,-0.4256508818250051
59027,-1.0460616360700072
106073,-0.2762686894150086
73711,-0.31632751362501743
19049,0.9358705321099938
56055,-0.9409715967550074
19062,-0.41735981764500707
65105,-0.2612153166000102
13491,0.8957735126499982
329384,-0.8467419434450099
69367,-0.2354997307000133
13202,-0.29817001239000973
12023,1.175746169354995
76467,-0.8635292020400049
117606,1.001575621934995
432839,0.49918987203999743
18383,-1.2995606532200021
353188,0.8420210471449918
116870,-0.6465333002350091
54632,-0.2795829679800015
241727,0.5678269075199984
19664,0.369499877049992
22592,-0.6273511991200111
246787,0.6840113590899977
30877,-0.4287307335650077
13716,-0.2540853385400137
100043861,-0.6729450265100043
16832,-0.4766370392200088
13392,0.8144578641399955
71684,-0.24140855140000816
22364,-0.33578786910000247
26386,0.754686401334995
78688,0.754686401334995
218490,-0.20359181470001353
219140,-0.673715770970011
20890,0.5612003173249964
18442,-0.7959553399550048
74011,-0.6303503295650028
71592,-0.6806873098450046
353169,-0.3169036508150098
16669,-2.4262023802200066
72330,0.7370980604149993
20525,-0.48295928122500165
76916,-0.6506544097600018
140475,0.7365531363799951
12161,0.8395095377299979
18516,-1.0805291953450098
27056,-0.38780709054500484
53311,0.47503782728499777
192970,0.4358818783999894
74131,-0.3762011378850083
68294,-0.4155988775750057
75894,0.30069617895499423
209195,0.8138352798949979
101142,-0.971148357005001
23925,0.6821665593299979
14706,0.5111342556599912
79464,0.2884817415399894
69299,0.7412881477199971
171281,0.8319912323699965
64450,-0.5112800123400048
74479,-0.2785673556300079
207854,1.463296649454989
58859,-0.884520382015002
209837,0.39538657059998705
215705,-0.29366682745001604
252875,-1.0967390478150083
217057,-0.4651543486350054
66358,-0.3126617256850075
12684,0.8984182899899968
226180,0.4475165767399947
19720,-0.29730238425001865
497106,-0.6137474870000048
78977,1.2347138402549964
83397,-0.5715936797250123
78286,0.7136844228849899
69961,-0.2562120611000136
14266,-0.7120771305750022
20418,-0.6911775397700026
18295,0.6746272734699943
320472,-0.8527332210700029
217340,-0.716343469815004
114664,-0.35223439269001133
140570,-0.431435660190008
15487,0.9436803106199987
54380,0.34949187178999175
53599,-0.2716959751000161
14725,0.7710160115699987
75552,0.4875758339499896
66679,0.3180641329449987
74895,0.2903582410749923
76551,-0.8764539229250046
192657,0.6557848624799973
67466,-0.977330722885001
107702,-0.3081603428600097
66682,-0.2923724512500012
71934,0.6707524012199961
237465,-1.1519590306750027
26445,-0.3644140351050096
329324,0.7502933113199961
68616,0.7759036768449947
56323,-0.7427165846300046
21945,-0.6157691252250066
231931,-0.37068799080001114
68865,-0.7670018473750053
67775,-0.43384165083501003
27387,-0.49040544520001284
67255,-0.7248069365150069
226265,1.2504674289299968
77980,-0.3735748367000049
17060,-0.36345414685000677
232679,0.40662045000499525
75387,0.4322219390249913
57783,-0.2740925643000107
12558,-1.1872982053650007
81905,0.6764588774699947
12273,0.8822135657049954
67455,0.5529397691549907
227683,-0.6553834186450063
56430,0.42260929402499414
18610,1.0493175298449948
64177,-0.9596354801000029
83554,-0.7955294578700025
106757,0.34624278601499014
57276,0.5276526874199954
19303,0.8824316943649935
225825,-0.3373193784500099
14629,-0.7728438424650061
70209,0.30527687791499325
76421,0.6887316838699986
75712,-0.3402736824550052
70012,-0.543181079460004
22235,-0.30427145125001154
69163,-0.7365013691199991
218100,-0.2952525994050106
69727,0.8348057480799955
240427,-0.8572353784600049
320707,0.4812390993099962
21943,0.6797718001049962
70977,0.43048131919999566
242860,-0.6858890869500023
12182,0.4676335879499893
75426,0.6367097314899954
74127,0.796396051404999
21930,0.893478645159997
140486,-0.7500585296750044
54200,0.7230447804099986
353282,-0.5739409372800033
26877,1.176820937829997
232807,-0.2595690537150137
14625,0.5497529940349946
67994,-0.6279811090850087
625286,0.7045923641349958
14339,-0.6288621104550058
239167,0.6516491628549934
15260,-0.8104659152300071
100503041,0.9058141154999957
68021,-0.2661818802100111
71941,-1.1243004913700076
18996,2.134096542769994
16588,-0.27345345298500767
20851,-0.33232030470000673
96875,-0.47195074192000375
231803,-0.26473083875001535
209760,0.4929992967949981
242425,-0.48675227115000386
100102,-0.5281269496750012
15139,0.7898757418649938
70405,-0.5122676871300027
77613,-0.6041801903600046
12696,-0.5646489081800059
234663,0.5742574883149949
277353,0.9185461967849964
223527,-0.3011836283050009
14664,0.6918233986049884
225644,1.0951337589249972
15478,0.6167605968549963
54196,-0.26235350355000797
14563,0.8786531468699961
71787,-0.2814592431050098
114584,-0.30226908830001875
71703,-0.5048534840500043
107094,0.8979928501299961
19156,-0.3582629176500127
214663,-0.697909158465003
74254,-1.0486071909300048
70122,0.554703490634985
57745,-0.6516704497500054
213773,-0.9548176714900034
20224,-0.26214032650000973
26442,-0.19652488255000478
208151,0.7367951171499976
68836,-0.26769561715000556
11464,0.7992384499549945
380712,0.5550767562999921
384281,-0.39415985785000096
18046,-0.27363385795000106
246696,-0.28363155299001264
77519,-0.7492622268300044
12703,-0.3410738530750077
238130,0.9242519762599972
73412,0.930161227379994
22329,0.5175489994099962
70088,-0.3264039483850141
18007,0.6124292227699968
70575,-0.8189894712400045
117229,0.5201833050449967
54351,-0.2846975615500096
67180,-0.3972989353350087
269400,-0.3567329992450059
51801,-0.3605453375400085
20311,-0.5015109965450022
13011,-0.5260361380450034
67839,0.7594278812849948
99296,-0.889521068600005
13660,0.2085474774999838
237891,0.7425896345299954
74051,0.6329365843899999
211770,-0.5517494562750045
13170,-0.3545539010050103
240476,-0.9325162898350063
78248,0.49251291209999604
24102,0.955678558464994
224630,-0.5130533940450093
11870,0.5789927574049969
56705,-0.444818990890008
13009,0.7655602817049996
51796,-0.37021288086501514
57816,-0.25098630475001116
67724,-0.936201474410006
52665,1.0264116003549955
83603,-0.7326848846900038
17436,-1.2249586623250042
26944,-0.654450408740002
19245,0.2961051975999851
66249,-0.3018720607950005
269233,0.8283742224049941
12021,0.5836104111499933
229004,-0.46057485191000236
21349,0.30122876414999666
246154,-0.8310228426250053
15561,1.1073553585899987
216350,0.9246126313799987
245595,0.6652944736299968
18293,0.3658409473999864
16911,-0.25318786092001133
68431,0.29366561605499086
18101,0.7568482070699947
28126,-0.4763112290450042
230075,-0.2348215098550046
15248,-0.5994199213600009
12362,-0.3051862806650085
27364,-0.8285722961100044
353283,0.6910825621949988
194655,-0.6187375251850029
22666,-0.31299406379000505
67561,0.3171449813349927
52040,-0.6600783797750074
18933,0.8395674096049959
74006,-0.268519874165003
68537,-0.25748351294000393
16598,-0.3740225862000095
57912,-0.22971501614500767
223921,-0.7376299100299999
13411,1.0214707350449954
74196,-0.7383614734050035
66994,-0.33290320394500483
73314,1.3241943066499955
66998,-0.24852509189001104
21770,-0.6315382067950042
18220,0.2656898528999925
18611,-0.32109622241000935
245841,-0.46906382545000636
230103,0.38797417747499274
223272,0.9707995586599951
381511,-0.6100068747600051
19661,-0.23322005620000752
68682,-0.2840016184500094
66711,-0.20906389161500805
223669,-0.5215315294200034
19822,0.43659304968998747
12068,-0.4784449694300079
12890,-0.7624876159050062
109754,-0.5247505896850129
142681,-0.5559164097200036
56356,-0.271687460375003
104360,0.9021593175349949
66997,-0.2501726109950084
269704,-0.2700928401500171
67526,0.3595173701499892
53413,0.7365334295049943
70546,-0.2587726312000038
78689,-0.294948934280006
72472,0.5956445206199898
246228,0.8172762905700002
332397,0.7774645275849945
56642,0.8157979303599943
26936,-0.32189121905001095
269378,-0.7258802833500031
105727,-0.3982846756900109
57444,0.22867314349998935
210762,0.7718475293549969
67687,0.9055726795949939
30932,-0.2895480007800053
19280,-0.39639730283000674
14240,0.6521873553599988
12840,0.9583970702499967
27406,-0.2527357805500099
68778,-0.25675850935001066
54140,-0.8045526102250014
226075,0.6646951735149922
83561,0.6165193210599949
56486,0.2449312756999884
70484,0.424341424174993
66059,-0.2894339561500079
67050,-0.6394103608750079
13685,0.279200906999991
63872,-0.5731328412050125
21672,0.3064215877999814
26558,0.2770739292549962
66354,-0.24365031694001438
64099,-0.5036872684800109
208647,-0.6526903620800031
54156,-0.5315992506650029
14049,-0.5105007888400088
238377,-0.8606802962500018
69572,-0.6203512557750113
21857,-0.6598502636000037
67017,0.677880090360004
81630,-0.9501654350800033
54637,-0.54059235444500775
16548,-0.28925197883500964
224024,-0.9219193563300028
14958,0.8470171832849953
18441,-0.5070415245450093
208449,0.27185968825999396
29818,0.3282555751399965
12903,0.9760498143899947
15492,0.633796188814995
52521,-0.26806064340001434
226139,0.6094942800399927
329093,0.9656501383649934
74155,-0.5871751952650106
100336,0.48237331622498836
217218,-0.673000334720002
74559,0.297465560849993
319513,0.2833872580799941
20671,0.7535986146699942
67465,-0.43153128767001014
72391,0.700109398629996
237782,-0.5756161195050069
78232,-0.3280681667700094
22143,-0.33835939080000976
56089,-0.3868007099900055
224997,0.6330002052399966
235441,-0.28613474396000704
67873,-0.22963337847500753
74322,-0.290422711630006
11828,-0.3148155215600079
170772,-0.5256420009000031
18710,-0.7336635172250059
15404,0.602111307854992
109552,-0.26384366360000655
14131,-0.3443790371300093
69379,0.6952276149649954
71755,-0.8359328990150088
235623,-0.29999685879000815
71843,-0.890371583085007
50529,-0.25219535408000304
114641,-0.43302343993000836
26414,0.9742815047149964
93843,0.5819221176499969
75860,0.953351068609996
23993,0.8136918583749955
11924,0.5333833697699975
22249,-0.7308406570650021
74244,0.33016393849999304
434204,0.45920599947999463
18214,-1.1029539354550044
68753,0.7417651495749955
98365,-0.5215503034850073
109593,0.8798228460599966
320782,0.840923282799996
21335,-0.5213467553450029
72265,-0.4768711442700102
18578,-0.39441423313000534
243634,0.5949847560399975
67712,0.3386351258999838
320522,-0.510424911510011
12300,0.981404105659994
56292,-0.2424567492900067
21399,0.5444840289399977
71865,0.6022832191749847
320343,0.6811776786449952
231004,0.5755181511499972
225339,-0.3734620608400121
12662,-0.8762239019350027
387314,0.6528506700949901
15424,1.032488394149997
16801,-0.42601124170000304
14173,0.5968204197099949
13877,-0.34682728610001057
98363,-0.5301334466350047
66863,-0.568528865475006
74412,-0.25412080057001063
109294,1.670185536934997
70317,-0.7661442560800058
68219,-0.374189376100011
399548,0.6523599154099968
330470,0.989815579479997
19089,-0.2947600798500165
227334,0.47822474241999036
12835,-1.0677076071550036
244859,0.6269904096849981
72085,-0.38068062178500295
12396,-0.6149666649650039
17433,0.7165030648349955
73132,-0.6907919344400031
104681,0.25085764499998575
100683,-0.5826137738900048
387348,-0.6307621169750033
434008,0.7348465954899934
632971,1.0543549132449934
244373,-0.6254840448500039
320435,-0.2056070832800092
268709,0.6833468160499958
52822,-0.7265446187300064
59016,-0.25509180646001006
240843,0.8289578093449941
13841,0.6004302498099969
547431,0.500868722534995
67457,-0.31478734855001456
28015,-0.36662140488999917
75210,0.9377348686649878
77015,0.7387558474749962
73373,-0.8201080873600084
319625,-0.6061426050400058
20743,-0.373908536385005
53975,-0.5073388529800047
268686,0.4595758959549956
74326,-0.3034131203150121
69276,-0.2646922736000068
68393,0.851266712664994
22287,0.5338018544099921
74334,0.5342526358499953
59069,-0.4252753036000101
60527,-0.7317266450950051
68904,-0.6082765263300036
66989,0.36442389620999194
22137,0.6840910610999953
12918,0.724606832204997
14451,0.9349658528249947
50762,-0.25899297224000684
66398,-0.3900995590500056
14297,-0.3575731216650144
57312,-0.28126604423000856
22608,-0.23196308110000885
394252,0.6943685007299951
226541,0.37364505789999036
19348,-1.0928347065900095
17524,0.4981887089999866
234723,0.2854555889499917
17897,0.5637989258749947
210146,-1.018936485835006
66864,1.025259127699997
140484,-0.2939152111150083
83602,0.3078497724299982
227696,-0.33695336560001543
230738,-0.5873712496550096
381411,-0.6916564543650061
64660,-0.25937068110001604
72549,-0.8602835415950079
432478,-0.4294759838350042
109934,0.5821351739249945
218460,-0.8523080682900046
108147,-0.5407649630750129
16621,0.8464555474449966
78455,-0.5781989377250083
17700,0.656413977459998
109349,0.6838858886049968
84092,0.8507914713649978
70061,0.585567019984996
69807,-0.6336838915150089
403187,-0.38042187136500694
320394,-0.7517868552550082
104086,-0.3121207807300026
16468,0.39537057848998636
223473,0.6311046272499978
30925,-0.36180541212500117
266690,-0.9195060185000052
16429,-0.6808541334150071
319695,0.5779368423399971
56371,0.5419874039999915
19267,-1.1030679658100073
72119,1.2984553880499963
74189,-0.7132954303300036
11448,0.5816737049799956
18557,-0.7882008136600014
235611,0.6893046197049943
216874,-0.3177396755500066
17164,-0.208475274240012
68995,-0.2691310108300087
243834,-0.766021121850005
107272,-0.4295625303350006
67382,-0.5423723408200036
71790,-0.7388358401800019
12055,-0.9777920789100101
58867,-0.5433362216850011
72899,0.8871746967049949
54219,0.2918274128499938
98403,-0.7843972641250057
18553,-0.6489663066250038
212390,0.7543124195699917
67876,-0.7385466662150026
66208,-0.4060154381750074
56348,-0.6333926164750032
51812,-0.3007521463800096
60532,-0.22955918441001977
216543,-0.3353855693250045
12292,0.6173372096099943
66712,0.3533160842599967
16506,0.3337778269999898
27280,-0.7597973194000076
16768,0.5836018973449968
109032,-0.4214436143000171
70315,-0.6663717886650016
235043,0.46350488983999405
52013,-0.9000097973500081
252973,1.207028445089998
214058,0.7591936836499942
20901,-0.5573218968400102
66609,-0.3664983131350059
19069,-0.3477554700300107
78889,-0.46914833158000757
245828,-0.3221416230100047
72308,-0.6129950185500013
280645,-0.5409736326850036
17228,-0.7462745640900099
114893,0.4817516567499798
69094,-0.33010572806001015
70445,-1.115611279770003
623230,0.815835850674997
22750,0.6021415905599956
80981,0.6596557031549901
13653,-0.5482052204850003
230259,-0.9046962491900032
269881,0.9066077185799912
68106,-0.4735896900650083
68142,0.4468402016499926
66797,0.6724064650949955
12029,-0.6185555090750041
76927,0.5421652303399878
72041,-0.35212251785501003
52513,-0.47915081804501014
277898,-0.5254276622550038
19821,-0.6962363907600073
238057,0.4874474191899978
15132,-0.7926878410400038
320736,0.7963947602899997
103806,-0.3661353070600075
277360,-0.26377675506001097
21744,0.715609322114994
12974,-0.30214361005001145
75645,0.8850370392199949
52477,-0.3221193567400107
23950,0.5024787085999876
70178,-0.35962726645000576
17237,-0.40735331516501105
16497,1.0212035721649935
14816,0.6013508037899964
71884,-0.713514096845004
70026,0.4295556074999869
67855,0.5306625768849909
30960,-0.2258598347000067
71096,-1.091721259260006
72656,-0.5778870043900106
109791,0.5634679650349916
13120,0.9516910617999947
382620,-0.87687313393001
654821,0.8489698657399964
18111,0.6882943217099955
80509,-0.21544812175000239
18642,-0.42707082539000485
106878,-0.2577495482500165
72978,-0.4072895767350042
208643,0.43217951063998683
18081,-0.25877146130001094
72399,0.23760368915998598
268934,0.8111548675499956
68307,0.8825947938599965
13076,-0.40820358480500474
171282,-0.5875202757500047
140887,0.35966207899499825
226418,0.7110660310849912
76740,-0.4795557129500132
12051,-0.2844869461500181
14180,-0.809350714425003
14308,0.4691979475450001
26399,-0.7797977480700089
12282,0.6338157638099959
16008,0.6975225466199975
75104,-0.4669382248700016
215387,0.6050484563749938
67815,-0.7760646367900064
67803,-0.3573995946000146
63959,-0.6606692553300073
16907,-0.22893052570001338
30055,-0.22893052570001338
67792,0.7663770947799975
14751,-0.386831987400015
99152,0.2639741265999813
230709,-0.5595239298650103
58809,-0.5574115169300056
20677,0.3449311229399896
24059,-0.6616129015650021
319984,-0.6198358455550017
12424,-2.0564757295550082
235386,0.8657055445599986
214575,0.4722741558149952
110119,-0.6142609421800032
18972,-1.0701475637950013
68813,-0.725402595235006
18567,-0.3010706931150047
269589,-0.2952878355450075
52683,-0.2753829289850067
110326,0.6387323086249963
237082,-0.5301313480350025
20168,0.2900544735949957
19045,-0.3420944231000096
22236,0.33604530681999023
394433,0.33604530681999023
394436,0.33604530681999023
69790,-0.3244928357950041
69587,-0.8276696516150057
73914,-0.8944908790150006
20354,-0.3564124784650051
232910,-0.2122192545299999
15893,0.6984928443399947
11449,0.5184147910199979
20641,-0.2761191380850061
54405,-0.27563101760001274
106582,-0.25466741609001176
246728,0.43301962307499053
65255,-0.48168315578500387
74114,-1.094314625000008
12648,0.6564172256149963
108073,0.7863514639149942
83962,-0.2450879252350049
22619,-0.6973410746150037
57753,0.2907461082799916
64290,0.4689148045149967
15510,-0.27304798378501083
17215,-0.39686201778500774
19881,-0.3437973683450011
76964,-0.2938584074000108
85030,-0.2945256371100111
665775,-0.6971520034350038
12054,0.549403821089987
27368,0.549403821089987
11834,-1.1801884785300025
269523,0.302681983699987
17116,0.5406755634449971
16502,0.7571627343349929
15405,0.7250063902399955
72993,-0.709119978915008
76701,0.619561786959995
66659,-0.26287751845000784
98366,0.3941243853999836
66632,-0.6120504559550035
107566,0.2616349428999847
12175,-0.2092384420500082
18212,0.2681157821499838
66855,-0.2347969116000126
66166,-0.7116981598000023
103573,-0.23244710070000707
14680,-0.5484251250400023
17718,-0.28044624655001016
17720,-0.28044624655001016
22751,-0.5122002513900075
15898,-0.7673862558150066
224224,-0.6436632550000012
54354,-0.254602193500002
116871,0.4154682161999883
15500,0.6717216428849966
20166,0.4301309023499922
212139,0.3987797262899839
50931,-0.350369551170008
225870,-0.42208750153000363
329908,-0.7591659479900059
17083,-0.29517105332500826
11549,0.7016778960649961
68867,-0.7592346498950038
170706,-0.3409765101650102
269682,-0.41110997448000575
102339,-0.49201130434500584
67857,-0.2265750172100045
14723,0.3460205891899957
67955,-0.2569381362500085
235469,0.3802368036999946
622408,0.31846871119998177
20284,0.7274697454299943
107650,0.43736765172999625
66473,0.5763100646199932
14407,0.6442796118499956
13418,-0.344154204490005
16543,-0.3149954400900077
71907,0.541277207609995
56531,0.9196677590599984
114301,0.8464016186599967
21847,-0.4851556302250106
70380,0.399273615774991
75786,-0.38375526509500624
224129,-1.0407983504550034
18509,0.5602857972499988
223626,-0.5408893304300051
234664,-0.7075535724400073
74485,-0.5192495550100045
93723,0.5245476544649987
66416,-0.22340817080001152
319530,0.4720707658249985
13505,1.0623584459849953
73750,-0.48853341106000503
66408,-0.6564302815200058
21935,0.5897017262149955
11514,0.7220838316649973
72175,2.215789670349994
114642,0.33081049679998387
71819,-0.7365768591350088
232232,-0.5502436028250037
56504,-0.52914344872001
22629,-0.32604821770001635
382427,-0.48592741612000356
229524,-0.36439799422500485
26440,-0.2527683635500111
70508,-0.9407284150100068
72567,-0.3172615231500018
71037,0.9940807886199963
18663,0.40808057710999535
107684,-0.7340950677950016
18857,0.9574344590249959
380916,-0.7839770438600029
78787,0.5374942369949842
69387,-0.6783006259950062
245195,-0.38632706650001225
56856,0.9478641427499959
13135,-0.22103310770000917
17175,0.6522395595349959
214498,0.28636984619998884
80904,-0.6661707358450064
14874,-0.26345485705000904
20592,1.1308133762199977
69562,-0.5037498162150085
72162,-0.44501202539500984
382117,-0.5366570368750017
629147,0.36946592553999746
71063,0.5623504655249905
20345,-0.22333119175000427
56421,0.5148522611999891
237636,0.534953046829997
232970,-0.37445656356000967
56790,-0.40448974628000656
65098,0.6282995030999885
232196,-0.4392804912550101
622675,-0.7325921645050038
67229,-0.24297344925500575
93690,-0.5403315205700023
210554,0.7800853250349973
360216,-0.5182666456750074
12365,-0.7470483410900064
11875,0.5802006620849971
12951,0.5078511872499987
19305,-0.9213554940850059
21652,-0.24846256091001173
18094,0.7594673794699944
74140,-0.19774197953000794
23897,-0.21052591135001286
223254,-1.0035751790300047
73456,0.43353157621499205
15415,0.643619799214997
104303,-0.2260832443100078
67308,-0.822408948830005
225497,2.1731838151649936
68463,-0.23718345060000345
14199,0.4136287428699923
17082,-0.3289361833600051
71704,-0.30824249304000695
20504,0.4823880994699987
107047,-0.2918707201399995
54139,-0.41746410360001107
21788,1.0852153526999953
27223,-0.44467832193001033
230866,-0.8559738140750008
18377,0.5916312156199974
233752,0.6163488644849981
21983,-0.6703303218100025
140742,-0.29653782750001234
12959,0.5242649207599914
29806,-0.23757297868500338
71743,-0.25485455003501123
78801,0.7109071267599965
15356,-0.21272997795501247
73845,0.8758034048849943
117198,-0.36735511502000406
213452,-0.432597971375003
15982,-0.30325639678500593
66714,-0.7928712963600049
56758,-0.22180638925001084
212986,-0.4748413443700086
20666,0.9899884547349944
228807,-0.3093202724150128
13819,0.34760452339998693
57431,-0.26989894490000843
54392,0.822731586344994
69456,-0.7478252544200075
13611,-0.41697897679500784
64214,-0.37978149370001013
93896,0.778820776509995
545975,1.0146624801049948
235379,0.490724575294994
632126,0.7727898436199983
66707,1.0437132996299963
54611,1.0623922436099926
12467,-0.7298183250900045
219132,-0.3148491756350076
26961,-0.2578014393000121
212980,0.27864216364998207
56376,-0.679626615850002
270672,-0.7426438820850061
243937,0.9171955388349984
13409,0.7248587599899952
71240,0.7203805956649987
70359,-0.5739402932300113
20472,0.9417521756849974
320678,-0.5406476724700076
16876,0.7258149701749934
234839,0.2050083191999832
68510,0.31461075612499556
12476,-0.479160752800011
68040,-0.4459282991250051
384309,0.2610559639499961
328801,-0.2317815916400079
72927,-0.6743725671000025
69602,0.6965887470499936
106585,0.5361443668449937
17928,0.2997083883199956
239319,0.2726923944399964
14081,0.4901409593999926
268933,-0.4927869380200036
71999,-0.40398798430501337
56533,0.9181106262249954
50926,-0.2391162347000133
240174,-0.6540222689900057
12630,0.9562630493199955
68723,0.9966407116149987
75805,-0.4705169602650061
59002,-0.3031756133600094
18194,-0.47327751242500593
14852,-0.2361201345500099
330216,-0.5229024894750047
12418,-0.36555744799000855
69077,0.22523818905998994
23863,-0.5714841300400044
20602,-0.9661330150800094
231386,-0.2878434686000073
56016,-0.5975058295900002
236899,-0.6956516576000054
223918,0.32459848864999064
66948,-1.164013836500005
22068,-0.5414088035400058
74388,0.3002304214599931
78619,0.6598645932199942
80719,-0.29687372110000254
71854,-0.5587899243350041
18186,-0.6597657567200068
20834,0.6591298137849986
15499,-0.4912358221950086
15416,-0.4665743974200036
13655,0.8749103035199983
17444,0.48041103571498667
14593,0.40392440453498857
76932,0.42349241688499095
14115,-1.1740446360650045
140580,0.5021187339649966
243084,0.7340784731099976
228482,0.7925951985099946
100042480,0.5703892524399903
22689,-0.6207804632350058
245944,0.28003703279499703
228788,0.7574854428499957
109731,-0.6865853981700036
53424,-0.20677373415000666
320080,-0.6008794280700007
70549,0.611472694649998
18987,0.36209327134998937
22083,-0.7356579403700012
18231,-0.7784378208950034
14367,0.695303907229996
100503879,0.9009039389199955
56468,-0.948209945740004
72094,0.6508249096199981
192174,-0.5737014511350038
70552,-0.8134098223500121
20583,0.5694085605799954
69957,-0.323969804730007
213121,0.4700267893449883
108156,-0.9358565659050138
381204,0.7600835992299952
16776,0.5624656900799954
23994,-0.2193248426000114
13801,0.615028838294998
69082,0.30006049259999124
327987,-0.6162428496600079
109346,-0.46837778922500384
114606,-0.6203645519700034
19386,-0.5820132098900075
57775,0.4521953279849944
330050,-0.5098562410500049
58799,-0.7680821584650008
387510,0.931321927324996
78266,-0.36577384048000816
72049,0.6194452146000025
70807,0.2280095763499954
209497,-0.28556676525001023
68515,0.6503298765049985
16402,-0.4125211561450062
67646,-0.46679672176500153
99334,-0.5106968626300068
70527,-0.2746472148250074
338372,-0.9345511276650056
12388,0.616754355084991
68943,0.30850282324998446
67588,-0.7062852612600041
73435,0.4880484018199951
231805,0.33826176399999675
14420,0.46952838865499436
56463,-0.7587763340000047
102857,-1.3713311206900043
227717,0.7160526369949958
622434,0.4180050161799973
235606,-0.23875647084000384
231841,-0.6596076156850046
69473,0.7678581341399964
50927,-0.42297012126001476
67279,-0.8454336958700113
75600,-0.8953868003200034
16476,0.3044236931549964
107358,-0.4356537209050124
67276,-0.6909428305300027
233979,-0.5052140057700041
15505,0.30539107483498995
633285,-0.8318136302750032
52323,-0.6168058992100063
94246,-0.7339603554650083
66599,-0.22891192245000447
14406,0.6875608486349973
54723,-0.5845923881650101
75686,-0.5191926871000021
52357,-0.8308138070350068
11692,-0.6082537745850036
71131,-0.5395730098850056
14630,-0.28922403170001587
14417,0.5129169936699962
17304,-0.3574081148700081
69665,0.4845111557049977
229562,1.111223667959993
73259,0.8375205434399984
17126,-0.7637437751600071
110033,-0.4562853771600066
67433,-0.6307653491550065
11686,-0.48753095643500366
245866,-0.9184135355900072
320528,-0.5112342391600047
14670,-0.23757550457001209
54633,0.20100153418998623
73813,0.6647863771249982
99311,-0.24415476565001804
19879,0.8263010080449984
216877,0.2915706886499905
30928,-0.43919431377500295
70237,-0.6000165735400054
12814,-0.7357090058200022
19175,-0.258033391150013
236732,-0.2635770163199993
72179,0.37945271052999097
271697,-0.4555538643250019
12359,0.34634961249998675
75710,-0.2884180860800054
59001,-0.22677308541500807
170749,0.4258011068500007
268395,-0.2471490739450033
13423,0.27566087664999017
93960,-0.7660011010050036
78911,0.833430539529997
14775,0.2248639675999904
17883,0.6101193693249969
19230,0.2976695486949854
104156,0.26762411469998426
17300,0.6586958453799951
16420,0.6590466539899955
17993,-0.2459533239500047
56215,0.3192265505499865
12995,-0.2558495335150113
75019,-0.6475692535200048
68709,0.48240057804499514
140474,0.5582963045499953
14734,-0.6698964023100045
94226,-0.4588670449700114
195522,0.6075900267449885
27411,0.763901578079988
319518,-0.9886401125150028
16164,0.5473974950249962
56538,1.0381596105949953
110877,0.5950332816299979
234857,0.4512777935699974
56088,-0.25789672792000573
69824,-0.437304155490005
67785,-0.7128318169200059
208634,0.8741039434249966
216233,0.7216739982649942
12385,-0.29701009231000697
74735,0.43103059637499896
28114,-0.21045531538001505
27377,-0.7091928755900021
235542,0.6182312669649965
52065,0.2770008274749909
381356,-0.2388658024550061
271887,0.6216832001899881
66191,-0.19790101135001414
229574,0.7812187952299974
101240,-0.3413063556650071
12399,0.48611554633498955
79196,-0.3251388167150058
225326,-0.33620781164500446
212190,0.6219889986399929
64451,-0.4313079084750049
66617,1.3001703034399892
75767,0.45015529991499736
17342,0.471479572109998
227541,-0.2686347589050051
103098,0.579317869615001
52639,0.6250099196649863
21749,-0.3201895311900067
16337,-0.5370801975400061
70796,-0.5895157862600033
241113,0.5118499710599975
76899,-0.5519448080750005
67011,-0.44293079651500467
22222,-0.4968160260550052
16978,-0.2562099522500123
18037,-0.7269295510250089
20371,-0.5129621703050038
208795,-0.831997348685003
99681,-0.9001851675150019
20353,-0.33001558080001914
74150,0.47032976269999605
18475,-0.7226965094400057
75415,-0.6099129655500057
234911,0.6827827975049972
17064,0.2838170862249889
237877,0.5675393726199953
107392,-0.5871981315350032
68033,0.2111587289349952
30934,-0.7716870910050089
232944,-0.3419066892850111
68137,0.27754877422499113
54427,0.5052748001849974
320473,-0.6819305549850077
106861,0.5007624512099937
98685,-0.6782266228300067
105787,-0.3623524424000104
71967,0.5041066653299988
12295,0.8996777989199947
217039,-0.17770411596000102
12850,0.42610654573499396
27998,-0.22439982265000147
217980,0.2430156476049845
22268,0.2105266373899961
80910,0.5797655952199952
320595,0.3447235338999999
382014,-0.43196581269500633
242700,0.5770432425499932
107895,-0.4164855741800024
12913,-0.930755879340011
66525,-0.5100376538100067
77521,-0.7506295251200052
242274,0.5669401077699954
13726,-0.35457132216000886
243853,0.4156938461449915
18744,-0.30032270818000484
69097,0.6638479365099959
272359,-0.7656579716700032
13667,-0.22819966399501368
18707,-0.3202766501300083
101490,0.4888959380799909
66822,-0.2785360298700086
103534,0.5498978857999997
94244,0.6574089281999962
228765,-0.7229316518050029
17254,0.21935040709999676
16009,-0.6576708169900027
239852,0.7969523958899969
110310,-0.5488889511550026
12967,-0.6664727722400068
216850,0.2817122040949869
99470,-0.5123888431400005
66753,-0.7135636764650055
106344,-0.22975210214501196
28105,-0.4924364302400024
11535,-0.5449030972949993
230145,-0.3804627650750039
234023,-0.25253570390001734
14387,-0.3642271766100009
71900,-0.4783752650950053
52033,-0.7056106285650032
545260,0.8730287294950001
216873,-0.38683110850001157
16175,-0.4973915456950033
270118,-0.6767832239150069
22419,-0.4062702024450058
69683,0.357811477519995
13019,0.45389891147999295
83771,0.4209468180199867
17125,0.8113293339999945
20725,0.3949175957000026
72008,-0.228788766500017
503610,-0.2489535541500114
16878,1.3212447424549962
235435,0.4905319933999994
74998,-0.628514744625007
236904,-0.55121296106000806
210544,-0.41803068574500646
73804,0.6036780199649936
622404,-0.2672893033500081
66420,-0.24169275055000838
68705,-0.3751145218600067
24055,-0.4442072433950077
227743,0.3712652262749936
60611,0.7110289966249947
26450,-0.5272757944550062
233016,0.46156242659999336
330177,0.45164852755999263
56233,-0.38895998491500805
18845,0.6689690085449964
78334,-0.25880774423000474
382423,-0.2139649718500074
14569,-0.19164125715000324
21804,0.24262097816499306
20391,0.9031562662599901
56491,-0.2867541402100109
20535,0.2076548886499907
12829,0.6557698024099974
12404,1.1451694988949948
67834,-0.34193811386000306
16765,-0.5249671284200019
239126,0.6580744031149974
27361,-0.3176421654000201
15967,0.6419534158749989
105522,-0.3441480422050063
93677,0.8599823302249989
223770,-0.8213637608850082
11605,-0.36097983530001976
75953,0.4250223297349973
16889,0.28055370402499236
19016,-0.41389212842000767
79455,0.6518968793649957
114716,0.6319894435599958
18706,-0.602121720005008
67504,0.8151174157749956
269643,0.6248688264349949
14170,0.8318630577849957
20469,-0.3023497324000015
380713,0.6337085773999958
242474,-0.5528457247250049
230863,0.4266153311099945
234356,0.3872503496199933
319885,-0.2791140082800112
320840,0.45458947125499716
330286,0.7379588810599964
70097,0.6395970223699967
215436,-0.5413261092100012
21761,-0.19437954600001284
76843,0.8542694805249957
69617,0.2571153524499934
111174,1.0939197368649953
53617,0.9651525740750002
57757,-0.6256017506950062
14755,0.3440044124999897
27054,-0.2662211649900055
546729,0.7285136014249978
29863,0.8432960695899974
18788,-0.7731878269700037
232560,0.2982914267449903
68172,0.5902954165099965
13835,0.36967546884999436
83431,-0.27746803342500925
433700,-0.6254985900750105
101568,-0.19642843470000493
66877,-0.5998256306050034
230822,-0.4464449463150082
194352,1.0311491947199953
17299,0.4671029496599939
66825,0.7806092795849966
21810,0.33954998804998837
276919,-0.8922361335900098
20290,0.5924016566599963
73398,0.6942370879999977
20692,-1.3630322752600055
239102,1.2064252045099932
353502,-0.22004914974501055
242151,-0.48285869724999975
68916,0.24956452094499504
71797,-0.8497845400750026
319701,0.5909117952299985
18034,0.30270598469499355
58198,0.8256565852699964
67141,-0.9580230912200047
67902,-0.7497207192300026
68243,0.7303686758799959
68121,-0.39226355101500765
329470,-0.5421846973050055
72507,0.8575030618599948
75974,-0.2910832705750135
65247,0.51779290879999
171170,-0.5926741100350048
15507,-1.4923134244850065
30947,0.23104944457998933
217866,-0.736675762325004
12570,0.8671010491599995
71306,0.7316424005449926
77877,-0.6099447170850079
28000,-0.4431800691000083
74100,0.395359043739993
68942,-0.8377153880750035
217737,-0.16706704350001012
26385,-0.2833826870000138
17131,-0.5904812840500098
71805,-0.40847826994000513
69309,-0.831101979620005
217843,0.3706336425799934
17285,0.4801137843899972
75316,-0.31021580042500396
57370,0.24990917697999038
56480,-0.8221828452550053
230648,-0.3413107934250128
20521,-0.5894453668100033
241035,0.5977786214049949
20983,0.7808348162449983
18073,-0.6457408639950053
72065,0.509547327394996
623661,0.5816059834099931
30940,0.3914108753999912
64011,0.28409546619999304
26965,0.27129967863999394
71718,0.27919184432999433
75823,1.2144738070249965
245867,-0.22963581881001005
14533,-0.2238620655500121
13837,0.8971672807499966
107321,-0.24596641228000848
20465,0.31392213985999806
225742,0.5970457898499966
70144,0.4021560408899951
16525,-0.6368571628200033
229211,-0.46983641962000533
67160,-0.25581865270000925
56844,-0.21172896000000563
77590,-0.35068755835500376
19374,1.4761218578749942
231207,0.5528765465999941
80294,-0.520229720100005
67739,0.2743767080999824
69035,-0.6036220973300033
18125,0.49189026900998734
53412,-1.2629952407650005
17749,-0.2757027642000054
277343,1.513004575474989
102595,0.1971792220999955
53312,0.2304602172049961
18515,-0.2730058591000031
22379,-0.6844613551400043
72400,0.6993111813849939
270198,0.2319979997999866
67937,0.5037124714449988
244666,-0.6481399360200042
17169,0.35647723922999575
70086,0.5716920161599921
11443,0.6287452302799963
50883,-0.5289223662450038
19142,-0.7519798267400031
72960,-0.45704805810000426
245020,1.0572419118199976
239463,0.5350183124499912
30046,-0.44807514598000786
21848,-0.3646169307050098
20662,0.769987925679998
217371,0.5510841278249967
66198,0.7337159324100004
266645,0.6170773485649921
70945,0.3064587891999917
13000,0.32040889630499514
75234,-0.25202691085000595
26362,-0.710315881900005
67824,-0.5409168918950034
74206,-0.4307242679050054
53313,0.19571960949999045
269224,-0.6016964942100032
23980,-0.2298245422500198
21871,0.23461375596499146
192170,-0.3395377241400066
24000,0.592620805824998
114604,0.8799809619249968
105348,-0.23854571472501185
214253,0.8557085150349941
18805,-0.572289969060007
434784,0.8400539715049966
57443,-0.37609644575000534
66388,-0.5412985353600019
12000,0.8175040381099947
14238,0.6211953013849993
19193,-0.47601253583000425
74176,0.7089773804799964
107239,-0.5623258002800053
101772,-0.7310632972400049
66336,0.6351316990949964
19360,-0.8057089491100049
194744,0.47114225298499646
103968,0.45984951298999555
71591,-0.843254733020002
432628,-0.2816609990000192
12830,0.7701436990799984
16673,0.934546374434996
59008,-0.25346898085001257
27401,-0.5232181978900039
18792,0.9691198535549956
227325,-0.5799278628000053
225523,-0.564969918715005
110109,-0.48707006069500736
14381,0.32262045334998923
66646,0.30813342787498854
56284,-0.5361957787850065
67988,0.363698530229998
18824,-0.22441813671000155
66412,-0.7098133257700052
11973,-0.2200166716000087
67095,-1.0836295918200074
74004,0.5661094671699982
14657,-0.7637393124750016
108645,-0.2515205206000122
106618,-0.48545741627000183
12322,-0.5232862380150092
110902,0.35086683459999257
232947,-0.5761180366750045
23969,0.2514782815999883
75578,0.6294210399399933
21959,0.8548510462699945
66052,0.20450483044998968
320244,-0.4448287468350003
67811,0.25087316751998934
106894,-0.206592915245011
66053,-0.2479613759400099
72699,-0.27431705470000267
229007,-0.27431705470000267
17711,-0.32288155550000397
99010,-0.6067390851400027
71287,-0.5324121834100013
235627,0.2467728625199932
52440,0.37056238369997807
16573,0.6282436284399928
66817,0.9200880239099964
72107,-0.6704931860850047
73833,-0.2780819832750119
52830,-0.24267465240001762
80752,-0.5272011416650031
75725,-0.2858583082300079
74365,-0.728450486605003
574428,0.22145554946999724
66090,0.21514103359999304
272027,-0.618956870200007
240514,0.6937088187649958
56193,-0.25947241440001
271849,0.7166303563499898
108960,0.30218924759999766
74190,0.6972589213149947
545554,0.9398924215599962
117586,0.38936848425499626
244867,-0.6977639333600072
67040,-0.31329628635000617
53896,1.0347071422299945
103733,-0.7787262990150126
234076,-0.5617063922150018
403395,-0.5037901644150033
103135,-0.9466931466350088
100705,0.742804956864993
229709,-0.6814177690450061
13030,0.3848985696999794
654460,0.39188472117999806
12958,-0.7026076930750045
22092,0.7211758595649962
57751,0.21599894423998833
20416,-0.2556372891850156
330361,-0.5074329703000018
69159,-0.31113997612500466
15001,-0.3516861981500128
230766,0.5975339414299947
217214,-0.5481816366650047
210044,0.5598044778799949
20975,-0.6973861112750042
22625,0.5805725209049957
239099,-0.3870612138400027
70129,0.6419644903299937
71409,0.8227639602649948
217366,-0.2636275626500044
240638,1.058408674424995
233904,-0.6093408246500083
19268,-0.7818278558450062
387609,-0.5610554834650028
387346,0.6237185579699953
215378,0.788310158549999
18008,0.7063579046399946
12576,-0.19645703035000928
320127,0.7701774892449968
21767,-0.26825057659000784
20528,0.25469634763999327
69786,-0.23610694125000897
223722,1.5894740760049881
278507,-0.6656044588199981
94190,0.5424888457749972
68917,-0.2525888002000034
18036,-0.2504085081700058
12122,-0.21778545056500676
68981,-0.2768440104100076
22640,-0.2652921582850105
75396,1.0122722464549962
319922,0.9346904344149989
53970,0.8569487596199954
109314,0.4684529803599977
70747,0.27913467480499854
12808,0.6735708564549938
211666,-0.2612812705850125
71710,0.3443913594899959
12262,0.4342105218999972
16872,0.5917134834899942
93887,0.6989597947099937
23890,-0.6579443630450035
14370,0.511099704304999
67263,0.22200757814998529
20873,0.43853698114499906
381175,0.5990504510899957
234267,0.5063684047199986
381591,-0.6070734146550061
67283,-0.2265126769550072
50706,0.3766372567849974
26403,-0.30485827063500714
72961,-0.7162030436800055
213417,-0.4582524046950036
327799,-0.586719740590004
69191,0.6318450713899955
101122,0.2147107951799967
170753,0.46151893713999526
319239,-0.5137488356700031
56703,-0.22260980421500776
225283,-0.4159326359750075
245684,0.9018462609349953
235184,-0.30495632141000506
106393,-0.6440451604100024
67971,-0.5865814468750017
69823,0.7532621537049957
14026,-0.40363164830001175
107029,-0.34162788106500486
218441,-0.6521738739150091
69743,-0.581439328665005
50875,-0.33484716761500977
14809,0.8456495802499981
69263,-0.6347982622700039
78697,-0.4115114529250068
20731,0.574819224024993
72902,0.9416971014199964
52856,0.18986310718998922
215113,-0.33184182665501183
12564,0.7633176863949958
21833,-0.4802606200750015
404545,0.48627288789499623
225160,-0.44406373879000416
16594,-0.35554480706000824
72425,-0.6380575820600072
69469,0.6913341445949963
270757,-0.2735156594000081
103988,-0.48838566824000385
67498,0.831502154424995
56429,0.2025275207099968
319748,-0.22699819957000678
99412,-0.4910660873450112
269823,-0.6567702986400006
71701,-0.5218567392700075
117599,-0.38535183742000534
235134,-0.7346218253600076
67048,-0.4095498909950104
73103,-0.7754405092150067
12497,-0.4320013667800042
12183,0.27567626159998326
22378,0.2737296008999941
234258,-0.5794378769550055
246049,0.5752424399949958
23802,-0.2138229316550042
76856,-0.47445971664500197
15488,-0.4233900585700052
100061,-0.33325912560001747
19270,0.5992196110049957
244551,0.3742929426499906
110751,0.28821538304999095
235320,0.30037440309999575
320191,0.26275677802499153
18797,-0.6018529016050076
30878,-0.47216106495000165
55932,-0.289309941520008
14000,0.37089933352999616
243755,-0.8155918007900009
114615,0.29622952152499593
56532,-0.29200628923500815
21802,0.319227321729997
13190,-0.634495849280003
16538,0.6933920246599956
19039,0.26707694689998895
78634,0.5811772950049949
74309,0.4727085066299974
271305,0.4752256502099943
110611,0.30753158977498884
212070,0.6855704700999943
235442,0.17710410129999055
57355,-0.17551614900000345
12622,0.7822181969949966
13396,1.028322117234994
232414,0.7637914563899955
235459,-0.21910471640000395
56183,0.5242547295949969
16886,-0.6512184544300013
57811,1.1714236429549958
216974,0.5943161129749974
627626,0.3651824688949912
59093,-0.8321132732050058
171210,0.719219197749994
66704,-0.5390691482550061
68597,0.3912129568699907
81898,-0.608137496970004
66957,0.7680574543549961
15206,-0.42509151172000603
216119,0.6620730836749926
66521,0.33592540619498745
109052,0.41318021307999775
66167,-0.21585365304001058
110304,0.4902778947349957
631784,0.8771597498899939
76630,-0.24036083256000929
22021,0.8976945266199952
18213,0.4798050856549967
17690,0.44686395154499614
24071,-0.24480017905001183
15398,0.49674063506499566
50874,0.3250140989549859
17967,-0.4724128561250027
232341,0.35056149323999186
20846,-0.6288937113200044
15235,0.3918663386949959
58207,0.4991309288999961
17705,-0.18586970850003937
17710,-0.18586970850003937
74776,-0.2409034546100095
109275,-0.2152982131350072
237221,-0.5325143489200039
15566,0.5003582239399975
67013,-0.45609580815000683
20532,0.7893878517149968
20112,0.38961250042499707
16826,0.6868234141899978
56752,-0.39700471455500974
239364,0.5745115451449951
51792,0.31329507438999116
16499,0.3938324610099957
69232,0.21144144102498785
20807,-0.2944000925150094
15563,0.5149357674999986
80290,-0.3242097657550058
19684,0.28464149478499046
225995,-0.2994440140350054
72354,-0.3239833054000094
24004,0.5512739104649933
56223,-0.3733244601950041
235130,-0.4203105555050022
50880,-0.44015378879500666
26433,-0.25655237379500484
330450,0.8803305782849988
229363,-0.5646765592800058
75706,-0.46511159022000514
218581,-0.6540990422500057
74637,-0.5141974880700042
14886,-0.24237784590001432
19434,0.6706470836399956
16401,-0.2939487405500092
78943,0.4297119797299942
212528,-0.21375665470000627
73724,-0.30995802638000747
80284,-0.2440755218350077
77862,-0.21475540545001337
15467,0.41543632074499115
243816,0.29803175074999544
70110,-0.22187871323000863
76894,-0.5848911239950096
108657,-0.204364501900006
104884,-0.41536634588000965
20019,-0.7461967737600039
12502,-0.2525186722500212
12309,0.7861895761349955
66089,-0.47210180056000883
53902,-0.5957194143850053
11733,0.8086269980799905
66664,-0.36818617909000295
93687,-0.21656516278000737
57740,0.5921445608249969
75368,0.5227487639049944
233073,-0.17581173095001645
105171,-0.43518087455500254
26457,0.5492489029999845
14645,0.2530221206299892
14726,0.7688243214299972
18798,-0.538480431425004
75717,-0.5559141852550065
228998,-0.25760848828000427
22165,-0.30962868923501574
59025,0.32969522989999156
16428,-0.20963461995000898
14700,0.2695524928649924
98558,0.5260783354799936
16498,0.6786428457299953
19697,-0.2857001742500138
22327,0.4680487974699865
241303,-0.27957892570000986
71371,0.2770090950449884
60505,0.5836836322899952
17769,-0.42020223109000376
16785,-0.19704306130001825
107569,0.46123992939998715
14731,0.38165411410499583
20963,-0.32702636160001575
12795,-0.48944353185000455
14534,0.26114354108999294
20818,0.5173455311599975
233878,0.3180298835149946
14608,0.7552290897549985
19298,0.3081606609099996
19894,0.8735257005999935
215051,-0.709081685885006
106529,-0.24363944157000716
69956,-0.33368249398500716
12299,-0.35262146131500405
209047,0.6295000966999975
67701,0.4843039078999958
223693,-0.239710797270007
242819,-0.6231959397300004
22317,0.3200312143649917
12728,0.5527550208399958
15983,0.5446532170499978
16334,0.42527544388499283
100503884,0.4766411674349973
78088,0.5153754057649955
20852,-0.38205984656501
73940,0.6279552435249984
76355,-0.5622414558500042
212391,0.32515498090499406
71241,-0.38848306878500294
71778,-0.3105347778450058
18260,0.37390163883999605
214111,0.5590294102449986
64292,-0.1757072024000106
105853,-0.5720882846600022
13521,-0.5107637555950051
211612,0.7773748213849885
65100,0.6282799097299954
235682,-0.7484472780650018
14167,0.25113283749999615
319651,-0.6235802993700048
67515,0.39284300804498606
15273,-0.5484339900900048
71091,0.4035520683999909
15354,-0.7840973623000069
74218,0.4905776603199934
108995,-0.260345915850019
12723,0.6352395428199964
210094,0.4619200916199979
19128,0.30023364404499553
11501,0.3552445226999943
29805,-0.2243874237350134
625638,1.1302987547399952
11650,0.5036462182149979
230815,0.5145425230249945
70300,-0.6757137450800057
280662,-0.7602246054200008
381760,0.3565409980799945
68816,-0.48848532882500617
57321,-0.6646231398750064
14695,0.4494326535299962
67065,-0.515562549820002
18416,0.632678994944996
58246,-0.5963825593850043
20591,0.2425495839499927
12652,0.39641353573499805
78100,-0.37934592734000105
11482,-0.2686725024950043
19064,-0.399740879415003
140810,-0.6947480351000026
243864,0.5924448409299967
20698,-0.6942243081500044
22270,-0.49987275064000247
13840,0.6431001757699977
11568,-1.2608924362250047
93737,-0.28398495442500415
15547,-0.24891366814501303
70993,-0.5145968722000034
20499,-0.37872868125501213
22185,-0.5144304882700048
16204,-0.4603206118750025
67451,-0.5788305089350039
68299,0.5713852122749965
67460,-0.25055647775500667
75533,0.565838408829995
57295,0.4603651869699963
78600,0.37920862279999046
12316,-0.37613365913500196
73246,0.5817115881349948
59020,0.6630553418299927
13082,0.588192836749998
74868,-0.39613591704500717
76626,-0.33331376179001104
23836,0.8517657895999982
13115,0.5368351859799949
170767,-0.6317302803450042
105844,0.5544465247549928
64378,0.6811749913299963
14226,-0.4056146383250052
225392,-0.39182533537001163
546840,-0.5355128646350011
50849,0.403078696799982
13855,-0.4868372911000085
231712,-0.18404598080000945
245572,1.1391096616299947
233871,-0.32200020300000176
246103,0.32811780184998796
78779,-0.524935603630003
208665,0.554536316894997
21780,-0.27213555835500536
100855,-0.29515644121000584
66771,0.23228508127999792
54725,-0.4078135688500053
18739,-0.2531271723500126
15525,-0.3214803496250038
622320,0.3991551708049954
67402,0.5359554660499999
240756,0.20339467210999018
24105,-0.19990659320001214
218639,-0.27484275789000545
12879,1.1295863665299954
19775,-0.31210107151500566
76722,0.6770565208149959
50930,0.255940828254996
19752,0.7583387739399976
230577,-0.5792791497600103
100037258,-0.4737271892300079
54563,-0.27321746165000427
384997,0.7377554588599957
242702,-0.5265924648100029
11831,0.7776803387199971
22224,0.2656277709499921
16323,0.4755408137249959
22661,-0.21625391651500792
226548,-0.6071741250650033
75528,-0.4988950866600028
320590,0.6006484730449939
108900,-0.3902629246400018
68842,-0.38101887142000646
72720,-0.3698225035750049
14916,0.6131007754349969
20981,0.6174516319349967
17171,0.8226225991149949
21401,-0.8787176978400035
215085,0.4849493083499974
215789,-0.5356296235100029
58176,0.5238578261299982
50493,-0.22435121363000832
75605,0.26534740924999056
18124,0.27396003601999563
69597,-0.2719575350600074
110893,0.47863994039999014
241846,-0.5916333097850055
329650,0.4634107107699954
20973,-0.1781049196000133
14264,-1.182257363460005
230257,0.3336266162999877
13176,0.46676631774999633
17022,-0.9635684304750014
80280,-0.23921475436000605
75178,0.7017071270649948
110948,0.5585348150849887
23795,-0.574856222490002
108058,-0.3057021818900054
29869,-0.5717494751200078
13180,0.41144534984499526
54524,0.37673753230499063
110829,0.2280943902499839
74276,0.4385921127099932
27045,-0.2944563392600035
20174,0.23144186814998768
19056,-0.20349014274501265
57257,-0.5953932229900092
76130,0.28727057660999655
57320,-0.23661840905001164
224617,0.6783991267499947
20683,-0.8463250940300089
76108,-0.23085751855001035
326622,0.30486280413499145
66552,-0.29529903748500885
93873,0.7324207748599956
15431,0.5215835094699961
227638,1.7186390552799962
105833,0.7348100253849976
14282,-0.45428188835000416
11886,-0.5166891437250047
83408,-0.2957169079000117
216792,-0.5667945599550048
74770,0.5552044112299988
77987,-0.3078212954150077
12447,0.6990762604249934
17991,-0.19013311410001066
83993,-0.4489381900200029
103149,-0.5471688282450078
252870,-0.27388429116001056
20044,-0.18490195320002556
21981,0.26147614849999457
18439,-0.5531643235200034
268930,-0.24626062208000654
68460,0.4064233822699945
237625,-0.6997843105700055
227357,0.3864917377699957
11370,-0.18293472695000723
230935,-0.31633185577000766
66251,-0.7354756612850037
19718,-0.22923526236500535
23921,-0.695191226240004
387355,1.8302821514899947
67248,-0.20235290570000508
75305,0.5527659425849931
69718,-0.8251727596150067
11801,1.9543901539249946
16796,-0.6001531676950025
100515,0.5857281293849934
18609,0.5993120313949958
232223,-0.39515468476500626
241118,0.6845067404849967
18505,0.8243926900949985
16407,-0.5202883424000024
22701,-0.5386991312250053
17827,-0.2269406552100115
74585,-0.17500144030000797
231506,-0.46607966488500985
20615,-0.19425317559001165
18286,-0.5417311998350094
54122,-0.5269101824800044
227738,0.24500453199998873
14389,0.5114270679149979
19018,-0.28607581020001405
56364,-0.8635581594749997
100504156,0.4396006181949965
432572,0.4686400716999781
52793,0.5599280029599942
80297,-0.5780714249400054
67972,-0.6208246699300037
21454,-0.3234237349700084
16010,0.4280799459049929
18109,0.9066591936999968
72844,-0.559239017480003
243897,-0.38417505918499995
70248,0.2308012287949932
241547,-0.7026305510950053
74288,0.8865602428299981
238328,0.4925159653899982
72599,0.7977829278699993
242553,0.6232636029999954
13990,-0.575214520090003
15371,1.011974008309997
66810,-0.4890929344400057
12444,0.2613661191699901
241066,-0.34211580207000214
170716,-0.44235005494501234
11495,0.32538901859999525
56424,-0.23250150275000792
55991,-0.17077133380000653
20425,0.6490658695049949
67015,-0.5873303507250034
12069,-0.6327933520000033
69219,0.21128041784000118
233406,-0.5096556773800023
67236,0.684600606284997
94352,0.5221766730299953
22339,-1.0234873306650076
107868,-0.5329839656050046
50785,0.4382969345699941
76137,0.3882288576449904
214944,-0.6212049119499996
382030,-0.1948834885550088
21786,0.5851563696199937
227631,0.723554989369994
217012,0.5960248008699969
83703,-0.6812848791250055
245007,0.6067905578499939
110380,0.4251334251299981
241274,-0.2309764212250034
20255,0.7774525525649985
218476,0.4866569144599975
64339,-0.7431917069350078
74205,0.5349236992749953
22123,-0.24736280590002302
76897,1.7045582723449941
332131,0.5265475506849988
78245,0.6324647538949955
381924,0.7663857981899973
66181,-0.2634936186550103
77721,-0.4790647434100057
218739,0.3967319079649969
140709,-0.5090581782400045
72322,0.29749717094499495
76614,-0.2636444862450098
18241,0.5869391793949976
66628,0.5155955541599964
546726,0.6481837665449972
227394,0.45255954699999545
16539,0.6213212243949964
217365,0.2395615808999949
378430,0.43142915416499683
244238,0.3561537920199953
214952,-0.25304089683501374
260315,-0.6222641112050038
22094,0.5469703980399978
14904,-0.3053160242500095
52004,-0.1949558216500069
226594,-0.2753333929000217
98878,-0.3297500358300054
71939,0.34587428824999833
26447,-0.2711762011400154
18751,-0.2972463261500149
17191,-0.18300294300001774
11787,-0.6933294475100116
215160,-0.5971889905600074
12405,-0.43343935064000494
226971,-0.4906973306700051
320712,-0.6568982061150028
242418,-0.5905286131300054
101497,-0.3495962044200027
56710,0.7874151224249952
16211,0.2990415243849949
207425,0.4357607503099974
98238,-0.3587630193000093
20355,1.0093486559999985
12769,-0.25120530754501225
72355,-0.19447092171000335
30957,-0.2505109655500082
70357,0.21989280545999534
110834,0.5370520626799946
230163,0.5090961814899964
435965,0.6813280340899954
18420,0.417594937349997
80898,-0.4941574500400021
17748,0.4152129849849935
19248,0.26382597701498867
381626,0.42149057454999195
494448,-0.3154371740150115
94041,0.7498189853449966
13012,0.670680755239994
239833,0.7489746542899982
12550,0.3589358346499951
210789,-0.4735809823800041
20733,0.5022818845999915
52535,-0.5369145022600046
216867,0.6686698208999902
211914,0.5428200945299979
18432,0.22000932629999248
15364,-0.5270687139500057
17868,0.6270842606499949
22234,-0.21216754452500375
18742,-0.5422611831300062
17222,-0.25545613403000367
14174,0.9899295738099978
75659,0.4657100427749965
226841,0.8390523207449947
118454,0.5139941037549942
17384,1.8227020641549965
73137,-0.9037123675350003
12944,0.6048648363349973
67773,-0.16937116319999923
15931,-0.36869942280500734
18209,-0.5352577911300038
12168,0.42474011370999243
16855,0.26407549101499406
319822,-0.5116819394550074
30853,-0.165700239550004
18637,-0.2663205200900034
213765,0.5854765784799976
233726,-0.4784795958850019
76884,-0.2889837400200097
71520,-0.24078380380001185
66274,-0.49330866868500456
16800,-0.2637640947000115
140904,0.42643325739997806
69769,-0.22940812088501517
320683,-0.4713764484450058
64136,-0.7504946788350066
231999,-0.5658531750900044
64602,0.4050287795249963
319446,-0.4676361481850071
170483,0.3933807477199953
241627,-0.4853038058950032
18598,0.6588045917399974
21423,0.45224446432499477
228812,-0.5174326123749982
330627,0.5044391420949985
57908,-0.3805757173600064
72290,-0.4624793834150047
67178,-0.42013890910500784
19735,-0.27054617520001933
68795,-0.532378856915007
67452,-0.6342886298650052
224814,-0.3307592839500062
228859,-0.36308499080000356
78523,-0.2640045747400137
11652,-0.1537027786500076
319776,-0.5460739745750063
227733,-0.8818872523900056
14587,0.5423507762349944
241391,0.7618738872049953
12224,0.5602066921499951
329244,0.7897586718699992
11515,0.3988735608949918
140477,0.7037966573499976
13643,0.6488803738599986
68598,-0.20984588605000631
19694,-0.5516991181250037
74649,0.4641291745049969
66353,-0.35726562187000255
66745,0.4280390865849961
231832,-0.4213093378050088
16681,0.6393860861499938
320181,0.7560835479149963
228432,0.7563418705099996
110821,-0.46429825315500395
110417,-0.5890677457100066
72949,-0.8320706152300081
208198,-0.765386659940007
58229,0.43775728968499417
80859,0.4691263965799921
18107,-0.1721989773700141
74343,0.19153336674999544
11674,-0.27515176200000546
52064,-0.36668397833000643
13195,0.4742738814649936
69934,-0.5278500045300092
209225,-0.3513559111250011
67707,-0.21706948920001423
239790,0.3486547107899973
16564,0.5662643421699967
76022,-0.8282757047950078
67770,-0.6221824730200014
230596,-0.2280566073750112
73191,0.6302863134399956
74175,0.5277096114149975
211006,-0.37065146870500154
52710,-0.3903947798400056
19376,-0.7918068630800037
329641,-0.5448560576150019
69955,0.26044507492499136
75985,-0.4451901133250038
22591,-0.3921796092200047
210293,0.34566798491998973
105355,0.9942149182499946
104831,0.34408058086499516
68059,-0.17982893479000772
268297,-0.3116603788000134
72726,-0.22095518949001303
15463,-0.5416527150600059
16205,-0.2695294509500119
14118,-0.5441943450550037
217306,-0.5316394636100039
12561,0.4009990900199969
28035,-0.4776064481149991
77794,0.6118660784749981
11648,0.4696940673799963
234736,-0.2738106837700105
320661,0.3945950484099914
194952,0.546501070074993
67693,-0.15425107580001196
21955,0.3116040645699858
70762,0.26004942516499163
208117,-0.49806094789500666
226026,0.5367099914699942
71564,-0.8372503552700072
15357,-0.5405232475150035
208213,0.7937877968099971
75735,0.5940760465049952
70843,0.5390205188749944
66106,0.5704394462299978
93736,0.48109683148999327
19090,-0.4987321651000025
216343,0.331215127089997
242022,0.48978546660499056
245522,-0.6528346186650094
19274,0.57421257814
435528,-0.3950647911900025
68079,-0.25527427127000024
27376,0.5754050003899946
269061,0.2404422993549975
66901,0.4428941915899993
70456,0.36130762659998084
70615,0.4519707058849951
233011,-0.506263509670001
76594,0.45598818931499085
66496,-0.2506725131000067
20728,-0.3834633736700077
16985,-0.33840577560001783
215280,-0.20752309675000724
76747,-0.1929519868500087
329934,-0.5220714946800049
19703,-0.4776551133450049
67370,-0.5204046444000019
170813,0.4334546670549937
237403,0.5650440608499983
381738,-0.5293909179400051
75619,-1.0305847286350027
239447,0.5258364411799996
109828,-0.5217904911250031
319876,-0.31881662697500435
71522,0.5499865268499953
192187,0.5338483661100026
223255,-0.20319913450001081
21849,0.24758955136499594
80861,-0.39039030584501067
16873,0.424170572219996
17390,0.559971821089996
58170,0.4284646989199965
50723,-0.2932814743850063
22427,0.5196096459699939
105511,0.6392947093799992
11906,0.791865158529995
18619,-0.6405376041200035
233046,0.5043162259399905
56086,-0.19664620240000374
18738,-0.24032308895001542
93692,0.46213372784998974
13123,0.43357666094499825
242362,-0.43359169979500223
21956,0.5739813496399977
15412,-0.4404784248850051
80720,0.4201171057049953
228846,0.7686779720449941
22221,0.4113493554849974
78757,0.2858889648749905
56484,0.45594131297499274
104174,-0.6913560510200103
218165,0.8103032717099965
107526,-0.2422340615000067
108699,-0.3327338066900043
107305,-0.6635209028400055
101206,-0.22945006470500928
14450,-0.7965108018500047
12527,-0.25753475900001455
57837,-0.29566130457500606
18823,0.23593120894998876
67500,-0.546493354470007
30941,-0.48754320062000733
68606,-0.24077788448500925
14525,0.49845674228499703
72349,0.2240598306499848
11832,0.6788242744249944
12334,-0.1936182307000056
70103,0.23495712193499152
19892,0.7276193392649977
320040,0.6807253165849945
69870,-0.20876033214500822
67071,0.43812007885999327
21844,0.38397493999999543
77864,0.6071217555399944
27221,-0.7711569243350018
57266,-0.6293923305150031
239845,0.5048262104149961
16195,-0.4851245959750079
235416,0.3757261488949899
103742,-0.19254896735001203
107527,0.6193524113249973
17762,0.852600852929994
320213,-0.4016595998050052
217337,-0.30853002648500727
70645,0.7310745345499923
266632,-0.6774941379550032
338371,-0.29145215410001235
75744,0.34084207310999304
11922,0.5584826139399977
230649,-0.3889342436950054
230793,0.39522662984499135
207393,0.6375866855149948
74359,0.6549441934249973
56696,-0.204003359100005
233280,0.5468691992499952
230603,0.7524401654849946
215814,-0.2124008092850076
192185,-0.20709603808001376
233489,0.22334882924999278
18095,0.698327791754997
18574,0.22636377359999216
20271,0.6439778479699942
237988,0.5679563219499979
215654,0.47738617870999445
93695,-0.8329653019850016
12166,-0.6302891465200036
67706,-0.20705780038000654
69496,0.4490871828249965
26549,0.43608498924999894
18041,-0.5599100538150026
70435,0.23699864689999117
27419,-0.4077845580150079
66168,0.2853085223499896
19762,0.6383738798799947
53897,0.6849081670249975
110253,0.33073894069998566
29862,-0.5933931124750043
14787,0.5376262491249992
16324,0.8000355470249993
225876,0.4568577208449893
16980,0.9200180816349981
192169,-0.25466238566501076
57080,0.3359421532149902
14029,0.3629630319599837
231123,-0.23520945968501472
231238,-0.4429495191250048
436240,0.5409171200549978
71974,-0.30846124614500514
18011,-0.3032335266000068
11540,-0.4701301836900047
67112,-0.5052624619100055
54673,0.21273263019998367
114229,0.5557692258499971
12895,-0.5191516663050031
66256,-0.22476824121500805
67145,-0.2338322383500131
242506,-0.6525752906150037
76650,-0.2108707558000127
66884,-0.28494537822501087
78658,-0.33579959930500536
64918,0.6680171646399975
66836,-0.1621595652000174
545370,-0.5485928427700011
244198,0.3831677472999977
74129,-0.5886194519050023
328162,-0.2294836241400109
328424,0.772990983019997
207565,-0.20809932075001925
19687,-0.2662276521150133
329581,0.5088112100349962
69537,-0.20878895437501477
14228,0.2711450451599866
11799,0.38365744757998677
74202,0.5611623272349995
74596,0.4184261128149962
69008,-0.23496806225001343
72114,0.6578472347949944
15285,0.44813793856499773
56075,-0.2582014280200058
20669,0.48767164231499116
225207,-0.4543118008500038
67341,0.6433676379949969
74450,-0.21413778950000584
269344,-0.3632295101750085
68897,-0.5434333781700023
11769,-0.200060941800011
227615,-0.20853233752001188
69226,0.8418993124549963
331026,-0.18285482322001023
68209,-0.16161950390001323
22065,0.37739722408999876
12780,0.834374415844997
219150,0.19044226353999072
18803,0.20352214819999048
16443,-0.30109502870001315
78309,0.5258087675499947
228829,-0.3568945713950118
53381,-0.405199154485004
67671,-0.15763237240001793
18601,-0.607924215900002
26407,-0.28516177616001315
68465,-0.19585603880000768
216551,0.2439835117349869
232146,0.497296224479995
17686,-0.27269736732000815
227937,0.41294317002999925
78753,0.489830111514999
23805,0.4301699598499926
241520,0.41952200190999545
241134,0.5498980392149959
17101,0.49644470173999355
80748,-0.19791197920001835
12500,-0.2191161030500144
56530,-0.25307021017000686
223723,-0.41802965112000745
107932,0.28055929214999686
80749,0.45269636022999116
94044,-0.21576100039500723
408193,0.39786656843999957
74187,-0.3265835904400056
403171,0.7783481587949987
104080,0.515492442034998
19646,-0.18835178250000695
93734,0.8301218391049976
232286,0.2514479061899966
72654,-0.15152908315000424
209630,-0.6308487076750104
71583,-0.536309300925002
218215,-0.3766206084750072
69926,0.3991794833899913
238247,-0.31735320648000886
320100,-0.5959566686600057
18426,0.7417902025899963
13006,-0.3704884960100099
21953,-0.29160954534000894
110213,-0.1573726869500085
14344,0.5732815517649934
619310,0.6270266632949966
60534,-0.44681102201500433
12623,0.5151682469049979
55987,-0.6476268514950023
383563,-0.37761936445500677
330192,-0.2066331835500108
76014,-0.2557508821700125
244631,0.7617001166049935
215031,0.7173826579499991
213541,0.19611398199499241
18938,-0.22564456845000613
635253,-0.5278198692800036
208768,-0.38946856783501005
71960,0.5907582369649953
68588,0.37158400136499825
192157,-0.29321267318000466
26972,0.6392149482849963
12111,0.8041399174749948
23887,0.4405329733749923
241850,0.6045756128299944
74374,-0.49560544552000074
171508,-0.4271048986700041
54367,-0.4975564316150054
56350,-0.29778078358000304
21334,0.6885544617249968
56378,-0.15645530005000552
215001,-0.5104141350550013
219144,-0.5354843267000051
71176,1.805175166024998
320705,-0.4205641508400042
11303,-0.470048477775002
11670,0.2726608054499948
195733,0.786910343004998
75284,-0.2227634587700038
12257,-0.18060969750001554
18971,0.27022019409999487
240590,-0.4266131992550042
21355,-0.2490263227500069
68770,-0.17314845381500454
22344,-0.23468525445001376
73893,-0.49539604572500284
19229,-0.23291007770001038
12408,0.25361322344997994
106298,0.21005859147498818
68276,-0.7255528071150081
72585,0.416829222609997
76477,-0.9863302379150056
19373,0.375349898759997
56150,-0.3986476957000109
22782,-0.5506619084750088
71770,0.5055436234999986
218629,-0.464730207010005
381293,0.7489749802749959
228866,1.2255340277649953
171283,0.4108930288949959
11772,-0.49616578573000947
76709,-0.258702648500023
22153,0.3115434149249925
100042450,0.40856796576499654
18216,0.4194463253449965
108017,0.5228775432149946
210711,0.20546623629998706
19141,-0.25205720760000716
12766,-0.24120110667500327
104923,-0.248022676690006
385674,-0.4935241263600014
268288,-0.3627772539250058
20970,-0.5309765363800061
14686,-0.5132207476900019
14825,0.8735197841099969
18935,0.7618612539849967
80912,-0.3388422367800068
12677,-0.9020036061850023
231713,-0.8292909437850078
319832,-0.4984927743100034
71685,0.5111805278549966
21838,-0.3202258635000206
21951,0.595664238164999
20732,0.4691448738249955
11430,-0.16434871746500868
80796,0.640599941144997
215641,0.7026816445299953
11941,0.6715023281999963
66549,-0.17349922970000797
333329,0.518546675234985
20383,-0.17074235785001335
23986,-0.17454577289501394
51885,-0.2528088972900031
16649,-0.17909152937500394
74468,0.5390008421199979
16974,0.2726129938299895
16779,0.5655846737699948
55988,-0.17727836887001125
94181,-0.2155523970900184
116748,-0.20711318906000287
73503,0.4137348593649981
211945,0.5448783989749959
66011,0.5883037276549947
20211,0.45253648721499795
233067,0.5271733300149943
242297,0.5072495451349965
73582,-0.5694868155900057
16161,-0.45058145883000655
23853,-0.27466518230001213
94063,-0.3107886623650078
17221,-0.5562110373150033
111175,-0.6648507040850058
170779,0.4894044875299919
320717,-0.22783976675001938
70835,0.4909847969949963
104082,0.5293485618899982
434402,0.19944787240999062
100504518,0.4763365920549969
98733,0.5144319308649958
67430,0.5730177016399987
240119,0.5120181269299957
20510,0.25393048894999737
319924,-0.7759483477000053
14559,0.723486709049995
93688,0.4073799528199942
52348,0.2986578031649927
66637,-0.2954285972700035
18802,-0.22512005005001257
19891,0.45536110965499343
217473,0.5277972407099947
114674,-0.9607893100550111
114128,0.6031966119899961
18003,-0.3214469160350024
216971,-0.547771631610007
83770,0.6444324854999954
14571,0.7725501862649935
71998,-0.41087474486000275
67158,-0.5434132395550062
13641,0.3031406867499955
78754,0.36577026123999756
74201,0.3165475481899884
67117,0.2450125365599849
15512,-0.5359632530400056
67900,-0.4170916616100042
13405,0.40099347305999666
75002,0.5872640938349973
75909,-0.17838738610000426
71607,-0.18533720035000734
67534,-0.48425706717000416
381990,-0.2392568656250038
328401,0.5049919218749963
433809,-0.38727787522000323
16440,-0.26239863520000917
380780,0.3770005122049884
210172,-0.5226800003350016
12040,-0.41834838356500725
228410,-0.4879526718500058
67967,-0.2091834460300106
272589,0.3432704562949951
432467,0.3973009857949936
98970,0.4708916647949968
13107,-0.49482889881500336
53867,0.5982986182249967
67306,0.6310680457499975
56736,0.28547524314998896
214968,0.36870123426999335
112403,-0.25826109793501395
17256,-0.17071170490500975
50524,1.9526805815449944
72151,0.1655467644899904
74211,-0.39451483588000347
331401,-0.4257816917700037
629114,0.5853156449949948
72948,-0.3216884106700033
68134,-0.3355944461550111
19739,0.46509302128499375
100088,-0.5551136200250077
140740,-0.18369453509000522
21380,-0.37169578350500565
171166,-0.437268993210008
71519,-0.29084167320001164
223726,0.5198207531099968
54648,0.719790103424998
14061,-0.5833952470000021
235431,0.46428593316498734
211652,0.32388721905999596
56527,-0.6055163841100066
27883,-0.23219597881500675
11736,-0.5721564908000047
17533,0.7005484973649976
246316,0.38543843605499806
75530,0.4865994276499972
26397,0.19932550974998797
217212,0.6265008440149948
75465,0.43881050461499616
19886,-0.6722997676400033
69072,-0.19159252565000529
12517,-0.25279988755001703
14397,0.8305830869849942
72046,-0.564121783894997
234374,0.22223292591499622
59028,0.4097356615649934
216848,-0.25418345400000497
320864,-0.590479119100003
56784,-0.35867222142500665
22156,-0.41833710516000355
237436,-0.4586600657550046
319765,0.5717795782949961
382543,0.48707544433999406
72462,0.7005107408299933
20509,-0.637725633720005
100727,0.4851272421649995
226751,-0.5823942918900036
14745,0.4330721406899971
80288,-0.3271523868150039
233900,-0.35441134748000636
21834,0.47339509290999837
18600,0.2772779158399903
102060,0.18131451254999398
246727,0.5569531945699904
110920,-0.48977763112500483
67235,-0.452664592080005
107732,-0.19006159924501098
56199,0.28074302891499414
12964,0.5973649108699979
225642,0.4386811283799954
70652,0.5040919631200005
215512,0.3836403355499911
12925,-0.2213723024500105
94175,0.4724506756749953
78923,0.6560783401249979
56716,-0.2049903614800055
74438,-0.5774850975300048
215008,-0.5032209688800044
212880,-0.34575879200000337
54366,-0.4736869179650034
28030,-0.28987141125501026
100678,-0.21427458027000412
14160,-0.7581468329450027
66897,-0.43802975767500474
19222,-0.47831079590500813
102436,-0.4782395969250066
264895,0.19312334076998638
229357,0.3702614496299961
18762,-0.6435703326750053
66720,0.6981773804949922
75406,-0.20577565950001286
64685,-0.21273076872000551
235106,0.5511077975149976
66945,-0.23561280475000146
57275,-0.5677202621350039
329972,0.36472814153499744
234875,-0.2025851895000077
26408,-0.40779224649000945
17427,0.3267294663799927
171382,-0.4858317483100043
207932,-0.44237218163000236
234847,-0.18490637875000182
432508,0.3316829164949997
435818,0.5178496481899977
380702,0.5436367391749939
20605,0.3618952717649977
59022,-0.18137254160000538
218341,0.4086519478999975
75690,-0.5270411401750037
66626,-0.5698256415300031
236915,-0.6958447145850029
67976,-0.30233397821500496
71137,0.6052850460499939
107351,-0.755726993430005
11423,0.4699708652749939
108737,0.28864622325499933
629747,0.41410776421499707
19765,0.2308471904999969
68953,-0.14220353423001164
226154,-0.5000275439000026
216565,0.4022839272799965
233199,0.471695909754998
72029,-0.4092407891850014
105847,-0.3284244009250106
70530,0.5610122249599967
329977,-0.3979355787900021
50789,-0.44086822834500694
66576,-0.14222617770002266
214240,0.6927921982699958
11975,0.23407486374999387
12804,0.548317972699996
474156,-0.22174474377500886
214063,-0.7214317615250021
29817,0.5334571553899954
66153,-0.4262959696000044
98417,-0.18135192765000419
13347,0.5720828348249922
22041,-0.22254147055001638
73910,0.22271992751499514
17764,-0.4780114894050014
72774,-0.2125375395500093
319415,0.8570904954799952
320145,-0.534486703380006
64295,-0.2180302669500076
18791,0.7432674460999946
217303,-0.6791617366350042
11504,-0.27845312052500226
19186,-0.1637711520000149
14960,-0.25464494930000825
19878,0.3161809004799947
18536,-0.46926729934500866
12523,-0.18837945075000917
51960,0.7642578407899965
67922,0.23354584664998868
66663,-0.19521103782000893
20623,-0.352609018100015
76411,-0.5633460488800046
13179,-0.8577289049950005
56513,-0.4334912083700049
320609,0.40382209569999183
66172,-0.1902870757950108
69155,-0.44160969519500615
238384,-0.38514008881000406
71660,0.5250385147450007
21389,0.24563206975999385
71761,0.6946223497299977
170458,0.6087195490649959
194126,0.41178873055999565
70571,-0.49442699170500237
18256,0.43429087981999936
100163,-0.5650744481200043
208898,0.37593780518999687
19047,-0.21033407830001316
67911,0.29011171234999367
80888,-0.5418139024350044
17535,-0.5178586860300056
74053,0.5463860685449973
56637,0.24712811383998456
215772,0.48259518196999895
19122,0.46784831854999887
74075,0.5326256255399975
232227,0.25204907393998965
192212,0.49877005073499703
624866,-0.34575957230000354
15373,0.43643751862999647
16423,-0.15314198750001395
170768,-0.18767429360501175
50997,0.5615423423499957
75339,-0.23990245047000514
75560,-0.29084826358501026
22152,0.7620716774149967
20265,0.6469480396199954
12041,-0.5743654638200066
71994,-0.22260234727001027
27217,0.6126275260299958
60510,0.35317860655499533
243813,-0.26270712586500444
64385,0.8435995991249965
18752,-0.369832588710004
15904,0.6149835884649937
233204,-0.30957573026000773
54486,0.4722054797750004
67285,0.46424649210499425
94065,-0.1968961905500013
12994,0.6347362955799944
12628,-0.524165466440004
66690,-0.4478165375600023
319901,-0.4361857829650031
73473,-0.3509382849950047
11744,0.23951043432498764
235169,-0.4488506479700085
13842,0.4408395639549969
52668,0.3160542115999867
668257,0.41079161468999725
11856,0.33495644973999283
67332,0.1538543712599889
70186,-0.20563012783001433
217140,-0.20216051497500764
109284,0.26538149058499094
26940,-0.2892742556500121
66425,-0.16963654255001082
628813,0.5138775092349954
16777,0.7301923971899953
16593,0.2975273159499965
11810,-0.1981370962000053
654795,0.21537713471499131
110542,-0.5035484605200056
54652,-0.3844568936500048
72090,0.37646108145499646
66514,0.4693992998749974
269717,-0.21709915337500796
93696,-0.2727001631150099
77591,-0.38756328428000586
22642,-0.7866208053250014
71733,-0.48251016261500546
319909,0.8533292248849973
626359,0.3021099510599976
20399,-0.3149215332550064
234595,0.27057069200999084
320997,0.5185374191699972
17286,0.48200697854999675
11988,0.7418617365699971
69125,-0.2617784788200055
15429,0.6791935916799967
20980,0.6316133307299974
80976,-0.33705211485500186
244179,-0.3920139650900034
67973,0.3054296615849923
11998,0.4451391291249993
16658,-0.45508732502500315
271127,0.49691917250999484
381582,-0.3970546216800077
66151,0.19056831145499054
434377,0.43667785706499496
19228,-1.0538987864600022
18641,-0.6191274378100067
76560,0.3618497788449959
19194,0.5658414853399973
15526,-0.20817632979500544
245671,0.4867254309949951
13853,0.5446345038599953
237010,0.3164286683099973
218756,0.23538901559498804
14536,0.667753889614997
320116,0.5086019251949949
243616,-0.4199283930050024
268935,0.40727809862499154
16561,-0.4454364043550054
99375,0.44524951459998263
15165,0.7446517701999955
100043332,0.7290722779599967
93840,-0.423361708725011
78239,0.4753031356949995
69090,-0.5305760564000055
625249,-0.18984130560000878
319758,-0.5667392441050074
320271,-0.4802583048050031
16565,-0.310959763850013
83553,0.651215821264997
68038,-0.3440592731650005
244486,-0.5611719809300029
242891,0.4388417960549962
12632,-0.475189624430004
14066,0.5711673553649965
218543,0.27682178184999273
210510,-0.6487588231050037
17025,0.4074172427799905
230125,0.38205880504998824
83456,1.6632329336899967
66596,-0.20249235768501173
223978,0.2613929122899936
231672,-0.543483406225004
15569,0.624272862119998
75692,-0.24845165285500315
12229,-0.19990041469000985
319880,-0.2741176448550018
13032,-0.20917582494000442
67553,-0.4824181001300034
19337,-0.45487055493000383
381695,-0.4392864746200056
66966,-0.23019121431000755
433940,-0.44116188725500294
104079,0.49444821288999297
66840,0.3360874836999974
269019,0.49955714182499644
11576,-0.18675631358000544
17912,-0.5869776000000018
67432,0.6437427385899963
17395,0.4350479127399973
14977,-0.1925989053500068
14084,-0.2738819206700054
433091,0.48694829513999593
110880,-0.5386888942650101
56018,-0.5138274128850044
751865,0.29017567471998973
231646,0.6929839433049967
18596,-0.49883307853000236
67420,-0.455602164480001
12514,-0.2647523528900102
66494,-0.20615901105000844
381884,0.44348075149999566
17939,-0.2215633475700045
75345,-0.777319403335003
232086,0.4821488759649961
71020,-0.3084906640200029
228770,0.4695714256749972
19182,-0.18082166660000887
232210,-0.2406756018550098
67580,0.5904679412799965
218103,-0.6254527203250024
71988,0.44092992306999435
67023,-0.18843545885001767
66911,-0.2156403557700024
243548,0.4471355753899968
15360,0.523636663904997
20274,0.42579839643499584
11987,0.24393041085499156
67031,-0.6172004342250119
14853,-0.5083942877400056
320277,-0.41281809240500156
15109,0.49202210252999556
72522,0.25668090473499205
14343,0.446558963494998
53978,0.4586198803049957
227634,-0.26069519955500553
77772,-0.4898283761650015
17127,-0.51039292583001306
171171,0.5459216475299957
20512,0.5678477030799955
11694,-0.4403033283100033
381510,0.3249437256599963
77629,-0.4657701020200009
15214,-0.4903216970450046
11778,-0.23607722980001355
108013,-0.32683705090001425
14104,0.42982909772999633
27409,0.4416996375049953
12326,-0.6119137259750032
230027,0.49250692685999553
11450,0.9307416383199971
208583,0.337451821734998
17882,-0.9237258544750042
17536,-0.3986154047600019
68792,-0.41295994160000404
71972,0.6240518636199965
56373,0.33662845146499265
56057,0.6033003244599979
67666,-0.2564301009350052
73703,0.5000468273649936
241226,0.6161482834099941
59091,0.6069667980799958
333182,0.3052650122999907
15486,-0.48102409251000555
26909,-0.49634128975000635
208372,0.565602449934997
217333,-0.45887184364000344
13803,0.20423818831999263
64082,-0.34709156835500554
18551,-0.5657010806500065
11761,0.40115356243999756
629873,-0.5351334371700043
18131,0.3324800966299959
76376,-0.26722719795000405
12966,0.5218875237349954
21346,-0.1843354259000165
329506,0.40057674316499625
69352,0.4984112069299971
56050,0.32125775068499607
77305,-0.20788424420001128
406217,0.7087497353349979
67337,-0.20783577454000834
54218,-0.20369608577500742
73830,-0.13084743810001598
66725,-0.23753608838500995
230379,-0.5257770316850037
94187,0.5601823988949928
27413,0.7150004083749963
224065,-0.7536001283050022
234309,-0.4437546508650083
244650,-0.6559552052000024
320311,0.402608104914997
12335,0.22083330166499415
11610,0.32346660525499527
77446,-0.3345545040350042
227326,0.48452750166499703
56433,-0.21570126623501018
433899,-0.2664326100500034
233649,0.4390087234699953
24111,0.3892973856299977
57340,0.43998704791999765
56878,-0.21425643726000487
18770,0.7946255560199926
80291,-0.274461334850006
226641,-0.5064271087500094
55936,-0.21918427445000965
71807,0.22454719278498736
20588,-0.3308926039500033
240084,-0.48876143262000404
319504,-0.5658608207750029
386655,-0.3950526608750051
74570,-0.48883793944500553
52679,0.46319480527499035
218772,-0.4488762017150041
56289,-0.18992920263000812
109978,-0.2846458894200108
102124,-0.656691052440002
328833,0.21003964378998496
16672,1.567299690589997
76281,-0.17334213885000516
15976,0.20536538624998535
72269,-0.5768502234800015
319767,0.5179643914149965
19692,0.5594823226549983
14827,0.16112184423998954
546519,0.47157581923999725
54188,-0.17467626236000555
56407,-0.22024870640001204
66676,-0.32301533101000324
13829,0.34830212744999045
11796,0.1560274308099956
52202,-0.586291997775005
29812,-0.16304886245000993
57749,0.3980578846099969
78709,0.7003970892399964
18779,0.546663686005
56726,0.21288081637999134
67120,-0.44103008534000043
270162,0.6019221213699955
214505,-0.14324699640000382
19419,-0.2037591373450116
259300,0.2625704691799964
66223,0.4916189872299954
226977,-0.6988025821050075
71983,-0.5500070664050059
18481,-0.5910212971850051
21819,0.2504679335749973
104112,-0.1802688281000151
20306,0.3797173276999968
225638,0.3800576367099988
98758,-0.21048322785000906
22658,0.7041692609149974
68988,-0.23491455580000853
170833,0.39416890460999454
12265,0.3714872294049929
76138,-0.24209099640000709
330369,0.4515698226649887
22318,-0.27406431135000986
20387,-0.3267897965750022
213980,-0.6686372772700109
20200,0.23779705909999116
16416,0.2669441141999762
232889,0.674125908039998
207781,-0.500551447100003
381373,0.49313157423499776
170721,0.5189287506849949
58994,-0.27450452283000404
66988,-0.2897037098400075
230025,0.44681318366499223
233781,-0.23759662802001102
15413,0.44018115166499916
228993,-0.372206181795006
68737,-0.3535452429000019
13482,-0.536218400250009
381038,-0.3132550386300057
68291,-0.5625385702550068
69890,-0.5998906389700025
67213,-0.20055832320000988
69310,1.793725532304994
20266,0.4811262422799967
16769,0.7299775989049966
13404,0.49352246271499656
72125,-0.5535421995650047
67267,0.20945330584498478
227231,0.441054454359997
73344,0.3553085619899963
66905,-0.20969170684501037
19055,-0.2334664092050076
12794,0.2573085751799944
74616,0.4188840208949962
17916,-0.2525009994950089
12346,0.4127719655349926
332396,0.800043244619995
72500,-0.28185966238500804
108800,0.5949220639299968
381677,-0.3371642905100023
78373,-0.39787216520500346
72668,0.40212406859499783
99712,-0.19450489236999857
230576,0.2823833851399944
269831,0.5144936800999949
24075,-0.17961651330001516
234396,0.4864128931549976
101095,0.3950368616899915
11732,0.41305188912999213
58175,-0.33600470485000855
18634,-0.3354747453150031
76157,-0.3354747453150031
16419,0.17229205324999164
245650,0.4079113633349958
433256,-0.25349684103000847
105245,-0.4664005356950103
79233,-0.6573247090100063
216725,-0.6170345152650025
268980,0.32528482150999594
51810,0.21485021751498934
225131,-0.20600469086500972
53890,-0.2793195074650132
68652,0.18257722360998763
214931,0.4223707187899959
234421,0.4569378854949946
71837,0.3672808952999982
54324,-0.43091596219500516
15562,-0.32776729338000266
71862,-0.23150978938000222
233912,-0.2673752742950066
20737,-0.22365367760001398
28193,0.20407356234499296
26401,-0.1953638780500082
53972,-0.8447523661150056
11304,0.48612068052499646
75777,0.5418655363999925
66148,-0.18723053045000704
246709,0.29440842547499724
26562,-0.3898897962000074
17385,-0.4848995486550045
60363,0.4073098491249949
18044,-0.6457210778150042
16993,0.185386294454986
13038,-0.6531936510850045
22044,0.6329673246349969
70544,-0.23076766702500784
230899,0.24185912588999248
110115,0.4243353186449963
18193,-0.2538385534799996
77938,-0.22014462300001192
16992,-0.2415246351800011
208169,0.7299577650799951
242126,-0.5666854268400074
547253,-0.24615523900001257
59289,0.4044193285049964
18676,-0.40596481792000905
16822,0.27794985402999917
51902,-0.37859885109500535
105278,-0.3172407621900071
56469,-0.34145531606001356
110446,-0.15507026897500964
22346,0.18045088121499475
100383,0.30293789789998904
71389,-0.5878190213150036
277203,-0.3633941019400009
14058,0.2576042027349903
67909,-0.4027046172250026
69009,-0.20634376453000947
268534,0.37997971601999714
76184,-0.451353955435005
110196,-0.21372966846500674
71746,-0.6820120817050013
22190,-0.2755853994000095
70603,-0.381002330800011
60406,-0.4553445190350054
66717,0.4803800572049952
56496,-0.5972367012800088
208366,-0.3295241202200039
218630,0.46968028572499776
320873,0.35716761659999774
12291,0.4478755228299969
14738,0.27597206767999616
20527,0.17666464629999012
67826,-0.17716935854500626
22269,0.4226370345049979
434232,0.5596452394549942
210925,0.18545421206999002
228869,-0.16737088200001438
12511,-0.19123236740001204
240322,0.2690284612699947
229706,0.6169155810649949
76846,-0.14338618400000946
94216,0.27821620798499724
229725,-0.17361473890000312
233189,-0.49307534935500463
21828,0.4756345988149979
20614,0.2960786622999816
270097,0.6430241215899968
235631,-0.372669602505006
20392,-0.31824101362500645
58521,0.16456961279999582
223827,-0.21681002439000707
230908,-0.19114161540001362
60504,-0.23871182839000582
101613,-0.49077968082501044
69217,0.6497515315399953
18755,-0.3853826330000043
17975,-0.17821845715000784
74102,0.5063307782199935
11468,-0.34877019654000474
56379,-0.6460710144750079
106931,0.5019553836549928
23945,-0.6273107192150071
67371,0.17530406795498976
67868,-0.5243653949400011
66355,-0.2543012510550069
246313,0.4967700721099937
15184,0.14058523294999326
81906,-0.5684631504350062
56208,0.31063809054998615
242939,0.432902664159994
56720,0.5353464370299945
235636,0.5113769616899972
17775,0.17461941269999315
18750,0.20617661816499222
18624,0.3000477782999855
72590,-0.319875964700004
69368,-0.2822418296000233
230597,-0.4129626331600029
78323,-0.3205094245000053
99543,0.3313313585649915
116939,0.6059607970049998
110826,-0.1277010345000118
320078,-0.38686193779999956
677296,0.3917502355049973
74137,-0.31457246739000855
53893,0.1928328921499851
70591,-0.31413810201000336
81877,-0.7990843708200019
211712,0.5770274827299966
140723,0.4375158076599983
58233,0.3566386573499791
22420,0.6832180575799969
228876,0.4267858454199964
231830,0.5607785377549961
68251,-0.15199848210000866
620235,0.44243466762999706
18510,0.5220019651999959
118445,-0.6042727013600011
210757,0.2992764462649973
68556,-0.18173882352000703
237806,0.5971732116199981
23938,-0.19879463032000544
67912,-0.24769115010000053
20296,0.29259216023999635
23893,0.7450205800699954
18227,0.6063927294599942
27057,0.16980109739999882
106347,-0.556327220745005
229700,-0.38384370625500264
13034,0.3357404932000012
50878,0.7588382864099987
12307,0.5008463890899941
50760,-0.38355597628000737
17927,0.4325236552399976
26378,-0.3568994974150055
77647,-0.1884422353950086
57253,0.8054846382349976
58869,-0.31947682578000425
13478,-0.18011951386000646
56309,-0.5467320695050057
231329,-0.3810786963150008
237934,0.5710257056599968
14156,-0.23471870042001086
56742,0.4839280261749952
77782,0.4380903494299968
67039,-0.1937707528350021
217707,-0.18470083623500777
16909,0.1928700508999821
67525,0.4899164200649935
69706,0.4191058998299937
269152,0.5154618381449962
210126,-0.562235831390006
56221,0.6354513921399954
338417,0.38350849766999495
67133,0.5400755887849931
13481,-0.15112409404001603
66645,-0.6503593770000018
192159,-0.28032167335002
20962,0.4307681192649966
66538,0.14166174336999404
19152,0.4221304266999928
21351,0.13150936709998184
227399,-0.6514806005100056
72477,-0.3867732066650049
73991,-0.3411108801300031
66748,0.5658378621999942
19247,-0.14316618455001695
12039,-0.1561156940700119
116905,-0.3122269852650046
246257,-0.3122269852650046
66121,-0.1856506422500086
68859,0.46198148970499897
16159,0.716909891234998
71984,0.38598870700499077
75338,-0.3464258605300028
14412,0.6160679532449969
70127,0.4650192338249983
406221,-0.5917816322300014
69539,-0.6586251836600061
170765,0.35083835140999753
239038,0.6876331433949945
230082,-0.39184065965500725
218763,0.5731651194299943
15425,0.4809333178999964
15353,-0.16535302410001051
237716,0.6233683699399926
66279,-0.5008583872350023
230162,0.24361161803499165
319930,0.43442206723499455
69556,-0.18873158185000527
77744,0.6915857494699953
100040591,-0.4586432267700049
70160,-0.16648206560000922
213988,0.39957267498499593
235339,-0.5457732766600074
56195,-0.5046591703550058
628100,0.34837912964998985
83669,-0.36974984226000007
12192,-0.17226914145001615
54399,-0.20749551389500986
277010,0.3490901601549963
15213,0.44266879545999505
11480,-0.5074258615150038
333424,0.4280437792749967
17188,0.567359367894996
58523,-0.26196637409001333
56349,-0.43758119588000266
30936,-0.2937634306900021
11876,0.3999179912849984
66262,-0.4782190902000094
53376,0.41518263086999596
27399,-0.15497047027000477
66401,-0.5381472831800034
207818,-0.20775176519000738
101809,0.48258735262999775
66177,0.13334913349998523
22670,0.15427799194998215
193003,0.39104793632999435
66072,-0.17979684533001006
12057,0.599851679149995
17909,0.3143776604199964
71835,0.4051546608749943
408198,0.44399648794999713
30059,-0.16959677915500748
26903,0.4486362694549939
100177,-0.4647828903450062
54710,0.424090640584998
12768,0.5558199573099971
68611,-0.24797012801500706
216393,-0.7914382897750016
76615,-0.43238307653000296
77018,-0.5940856135150039
69554,0.22095696804498655
54670,0.48625828839999574
94089,0.2928628701899907
109151,0.4944484607799975
30946,0.26618802575999734
71916,-0.4642695634500047
81703,-0.39272453943000674
68332,-0.20093867959000455
72325,-0.19240012713000532
209200,0.2751277503099949
229665,0.3332549067899908
59310,0.4378359368949978
228911,-0.5792471498900045
77011,0.6925391474599953
19729,-0.23724511765000678
269356,-0.5317356618700044
104721,-0.1791239121950099
56427,-0.25993236832000743
98404,-0.31162056903500357
54426,-0.43887629568000364
71951,0.6104302655899962
69024,0.3615540254999843
23807,-0.16566939400000713
70998,-0.5447096324750129
230909,0.5406681682299954
12577,-0.5201415237250036
66701,0.2633421498999926
16664,-0.5091184701200024
12846,0.1434219969499928
70673,0.5985457544949973
21411,-0.2126903836100098
13072,0.4821341667599972
64144,-0.2761506027750089
100647,0.6275727585899986
21987,0.29300419916499587
66861,-0.15450409667500864
118446,0.3466983143399962
214444,0.2768408633449919
620779,0.33010021094499464
97884,-0.2547969774700043
11541,-0.26536413225000643
14840,0.4452504009999956
76857,-0.39488227613500193
231134,0.3999977020399954
225998,0.40623001372999834
70362,0.5133512545999972
109689,0.16891089154999328
23849,-0.16673703885001778
52331,-0.5245861412900048
382111,-1.3911224050600097
214162,-0.4155267170800059
108912,0.40815135720999596
107733,-0.17864448506001018
72674,-0.16499918520001522
268721,-0.21330422893000822
66973,-0.18547814680000485
270084,0.4365501395299951
233799,0.6192529301949952
209558,0.3608972170649958
16574,-0.44172542300500606
108052,0.22882183540999002
545085,0.4717305500849944
17085,-0.6339108092000041
228983,-0.23126852918000473
76187,0.33988988610999327
98682,0.2235684657499899
26441,0.15876307566499115
17888,0.38706078699999846
207683,0.5532839011999986
192160,-0.19258888650001182
23900,-0.19115139630000932
71774,0.4366685773249941
107747,0.35516327458999797
218314,0.2722394509299946
64934,-0.36495107115500414
216080,0.5166294161249976
268741,-0.3469763501000145
237073,-0.44827741138500343
21427,-0.33734198659500425
68799,-0.5366076422350039
20844,-0.3354952497500072
60530,0.38711882404499676
53601,-0.3858897119100022
12361,-0.3323426246700052
209011,-0.2127134104500037
268345,0.4169104835799975
237940,-0.24108976350001932
233328,0.2809061602999918
56190,0.40026334317999357
52055,0.3012037060499946
240442,0.45922997147999745
76574,0.5566454833299992
75456,0.4784872149599959
67046,0.6056120295699956
100502876,0.572760453589992
327814,-0.4131184527500009
14262,0.3605707974949972
20204,0.439227383029996
55944,-0.17434508815001237
277743,0.46154732556499845
19192,0.3892969656199927
18769,-0.18169996615000983
52686,-0.40310200449000355
104271,-0.6156530057700023
107817,0.25494047903999295
71313,0.46666241998999247
21677,-0.42903565544500566
20513,-0.3833525127400037
68525,0.5597262023499989
101994,-0.44237104632500834
71354,0.5478607645699958
16923,-0.19992766934500672
272381,0.6860340187899974
67619,-0.5634960297400049
12653,0.3296282789599969
170439,-0.2917404183950021
243923,-0.5418724104700026
14457,0.2739060751149971
18114,0.2048672539999874
380629,-0.18868334274501564
16336,-0.6846717961600071
16524,-0.2717499463650026
22320,-0.15298272035000693
83965,0.6994106290249977
71458,0.17907390523499522
77853,-0.33959998203000374
26429,0.4925512471149949
20518,0.41961542126999607
18566,0.4903088643199922
67771,-0.17237988940000903
26462,0.362951324299992
211482,0.45789137734999663
317755,0.7044420342699964
75604,0.2868718791299827
66320,-0.15530515480000062
330817,-0.148066108520009
16772,0.3340483835449972
74571,1.2056640660599918
104601,0.5862780045299978
72947,-0.5044798082150086
71764,0.6376172544499958
83964,0.5116588019449964
73826,-0.18168819075000542
231044,-0.2584650855999997
14348,0.4237606309899933
67305,0.31536737773499635
76448,0.22881131660499232
56722,0.18100966304998956
217364,-0.25990767464000797
664799,0.35296780042499654
17203,-0.42770021245500356
191578,0.33676462447999356
83558,0.3989288175699963
101502,-0.2185989085400042
56749,-0.18229508652500748
404194,-0.37293525802000094
53872,-0.45228946999500863
104625,-0.1657804733000141
14178,0.39905155278999604
14628,-0.13840241814000365
171395,0.5471760366399954
67222,-0.43619273025500416
67821,0.4837810790049968
18105,-0.24938648321500878
12960,0.3681393514249951
12028,-0.1534186547000047
66163,-0.15074905165001162
67753,0.4256228284149941
74008,0.3442272140999991
194974,0.4607601258899945
73569,0.5883718729799963
100210,-0.4538670425000042
70950,0.3502242640849982
13998,0.5884905087049921
22380,-0.4402134657150052
235599,0.3802406617649976
99571,-0.3393760282500011
67345,-0.16701034985000618
108654,0.4059098117999964
327954,0.6251375277049989
14714,0.36273072247999716
67812,-0.472111411350002
71279,0.5665031733199974
73261,-0.28171216930500975
29857,0.3634422552649941
241989,0.3132226419899915
235610,-0.1230693903000013
73122,0.49707896091499393
26400,-0.38125803824000126
16924,0.6841937817749937
52615,-0.17309607486000722
11434,0.40475572104499236
414084,-0.4690153684800009
231532,0.6162665357499968
503847,0.38314113074499634
108682,-0.2842315876700039
16199,-0.49676046300000465
94186,-0.241354526500003
11931,-0.17983822404500494
69136,0.23054999281499278
329064,0.4270012621099948
231997,-0.3750734230250057
216274,0.3472462305999944
19946,0.20450107828499142
17184,0.2032747581899912
235504,0.24815705609998595
26918,-0.4539646556700032
22772,-1.1210195051250027
69190,-0.45894272255500823
170461,0.43602727716499734
94218,0.1668760940999796
18171,-0.353110990015002
231279,-0.3885117577949977
320484,0.21580611573998887
211978,-0.4982676272050046
233276,0.4747702761249952
11656,0.11755446989999285
28064,-0.14416594791000392
75986,0.46040233580999335
77626,0.21552818878499114
12842,-0.9189077571600022
17859,-0.33757300891000286
380705,0.3767137335549977
212326,-0.3279545710600065
216869,0.14784074599499064
244585,-0.3100551450400042
76405,0.5002312683399972
622117,-0.3302716050200045
68642,-0.21591206408001096
30944,-0.412870663470005
74132,-0.13848590025000895
71667,0.18553431328498782
241514,-0.35245346801500466
18583,-0.2626646677650051
66091,-0.12101991970001436
72747,-0.3761370341050032
16433,0.46601824627999644
67529,0.19460504764998277
76947,0.29260938246498913
68565,-0.17914159430501186
12556,0.3965497825149953
12789,0.3098019736699946
12592,-0.4776299958949983
232816,0.12060477599998976
16068,-0.16737777173500668
75212,-0.16737777173500668
433702,-0.43955111404500435
20520,-0.38080385387000426
231605,0.5056092933199938
224111,0.365057087634999
73728,0.3795295085599868
317750,0.4674416129749961
69568,-0.26599911920500396
72736,-0.3186341036750102
13206,-0.682980417095004
268490,0.17770663739998405
66073,-0.1884841712050047
226101,-0.3506915535500026
100009600,0.22232810770499256
17896,-0.1831033356500118
15426,-0.435056385380002
75599,0.2377002868249889
83702,0.6088100286449971
13492,0.3028491784849989
13047,0.25748876609998916
211499,-0.3218617184700072
228576,0.7302027366199946
14531,0.4684506028799982
50770,0.2022282451149966
70296,-0.381645235915002
17261,0.14377567574999262
228731,0.6537715587499973
211586,0.286789733099992
16979,0.43126160499999733
78004,-0.40122720743000295
66400,-0.1863423761500087
654812,0.44973368245499756
57230,-0.42124681220000415
226115,0.5446202840399965
219105,0.13242558439998575
217325,-0.23351553157500593
76132,0.3988019656099966
320696,0.773177861124994
69384,0.4065065945899953
227606,-0.22714481438000123
433638,-0.17559211348001114
69162,-0.390382178605007
671535,-0.16493959725001517
233335,0.2726158064549935
104110,0.5716211962699953
381107,0.5939553480599984
16450,-0.514063331730001
217154,-0.4047794579400037
26356,-0.13586309460001722
66447,0.46854913869498915
105653,-0.43235128122000255
71782,0.5542231535449957
266620,0.3419971278249925
14545,0.3877001081199962
26895,-0.384415098435011
22030,-0.1528342055000067
17977,0.22144897896499316
50788,-0.22060801926500506
11431,0.3406970259499875
66433,0.1524065767499838
15387,-0.15725267715001046
71864,0.5751889041549951
15516,-0.18850458800001846
215627,-0.41532393313000693
225362,0.27865761628999586
232717,0.23408278704999397
17681,0.6681152210699977
434484,-0.19479251769001138
12393,0.451100678044996
231290,-0.4265493778250038
16661,-0.4219658882450035
109685,-0.3365443598700013
71750,-0.15609497906500813
14221,0.5948899162349957
74734,0.31518585648499453
17898,-0.8369811065999997
13723,-0.17197680167500806
66977,0.6430405125399945
66140,-0.5335078970200042
73274,0.22941082314998873
106068,0.24412667894999274
387353,0.4012551728149969
64296,-0.213587209890008
12845,-0.38721115609500334
23923,0.5346419645749974
18102,0.18332018129998495
30948,0.15837266539999284
67667,0.2124349869849933
140546,-0.3815846026250034
16764,0.3572786568999895
230098,0.33540974177999505
93686,0.6630890579099953
16651,-0.598833558390008
329207,0.6727495610349958
68968,0.3333821466249933
381338,-0.4459580749100014
546336,0.3782722564199945
73010,0.6401852608049969
26908,0.5219731869849951
75512,0.34974458612999726
66935,0.42542583439998793
29808,0.3600202084599964
54169,-0.3675255315800028
21807,-0.1663541044000194
68015,-0.3866852508800056
230917,-0.3755275465850074
50724,-0.14923978455000864
15932,0.2511814019999896
329152,0.31377642383999627
16202,-0.14899416865001314
20264,0.6077980338199933
238564,0.436219345894997
69187,0.16178727874999232
77097,-0.22709106107000254
75746,-0.35818767106000493
629754,0.4791219579249977
14570,-0.37644449535000435
12465,-0.15070386055000107
244864,0.3397379354049903
11554,0.41925496811998997
109674,0.17259791330499574
110082,0.41624103618999797
114712,-0.5759430016850033
67845,0.274299860499994
116732,-0.3560982186300028
268417,-0.20680075600500913
269109,0.47591628342499437
241769,-0.366583307635004
18786,-0.359519972760002
626834,0.35243391489499487
110075,0.5331027747499961
56274,0.3494238532749865
13871,0.19421268038999173
228994,-0.13596703160000878
16897,0.3206641213399979
241322,-0.3276576748450042
210808,-0.35978811069000427
434756,0.3929355133399981
76308,-0.11830172235001513
239435,0.5579047496199983
83396,-0.40451951238500605
14607,-0.456320659660002
65967,-0.2680087431700109
20377,0.8553135786349975
24136,-0.23486006248000546
15194,-0.19400846855000786
75553,-0.13544257297501083
20319,0.3988520542149949
70802,-0.5096286641850023
19699,0.261495908279997
192197,0.29603793799498845
623046,0.5000703121249974
75173,0.6422265650449965
78656,-0.6487538395950017
233908,-0.32762543256001386
22110,0.21416902039998753
217369,0.513363904809994
16523,-0.47277886584000317
338346,0.5542384076199967
20358,0.4233399101399966
228775,-0.5125775066850071
330962,0.35484575442999455
21432,0.4125630943849967
75617,0.4656030089099952
71670,0.39022528232999676
240873,0.2974823203849972
13831,-0.2749158031800043
238011,0.3406718525949959
16667,-0.4070977246000025
76654,0.3639120062999974
245688,-0.174823095830007
11806,0.23302019164999788
13363,0.32661027895499783
52014,-0.16346178163500902
239273,-0.27293417905000705
22775,-0.32096777612500293
237313,0.46468330926999846
12751,-0.4252304406850085
69543,0.4113598759849979
98910,-0.4560366973300054
17995,-0.1513218020000071
66242,-0.1690048429000104
66377,-0.15402616990000695
68509,0.4886454672249969
78767,0.40606616515999727
21452,0.18553875479998716
66365,-0.33609256779500374
56214,-0.19186839450000903
20480,0.15904311657999415
26912,0.4975257525399943
69195,0.3723898482499952
56174,-0.5260193213000068
74741,0.4819520855299939
56449,0.1490167978999981
77264,-0.4964526370000044
58875,0.13331809061999422
108079,0.37212921292499335
26425,-0.16189726890001133
16792,0.14782803694999203
224045,-0.22399803596000645
68524,0.19509411721498893
15168,0.6264052323149931
272411,0.37950040955999587
105501,0.2518175781999936
67993,0.29481245338999784
14609,0.23702341298999752
23871,0.21733834129999074
23965,0.4372722971499967
230235,0.5182636638099956
19401,-0.1633551750000084
69161,-0.1562619940500074
621976,-0.46861200507000245
14187,0.271353471539995
171388,0.4485301970249962
18174,-0.2971809038100055
382034,-0.412554922145004
68420,0.1740071168299906
210297,0.4312782593699942
228608,0.19798322319998896
66878,0.23546441999997647
272465,-0.486188242345003
83429,-0.25607237629500457
105722,0.32570475975999535
74352,-0.255600973810008
71078,-0.405047557365005
12288,0.42867458390999635
22589,-0.42805352087000603
14912,0.5194731629549976
70701,-0.4505777932000061
30045,-0.21639268103000475
105504,-0.1576974515000078
208624,0.32725674049499265
195333,-0.416245358455003
13680,0.39865228486499316
117591,-0.4226734358850033
170743,-0.3181124420100012
54152,-0.18771479013000736
56727,0.35450273427999246
70881,0.4371094799199966
74480,-0.30920076480000525
100763,-0.341608886745008
211936,-0.3766946885299989
67726,-0.12613031255000884
67675,-0.14052012415000803
20926,0.1594087357499845
218232,-0.359959403570004
231380,-0.4346132163800007
245527,0.5558146148349974
320981,0.4675638786499974
71130,0.32938984693999096
72823,0.29520396288999695
224671,0.30369988722999075
59092,0.2523829718799906
84112,0.4524111554649979
20823,0.12260868669999425
29864,0.21657072809998112
227197,-0.15804749159501164
109889,0.3918214569099945
12176,-0.25777552547000937
15451,-0.30851617502499984
60365,0.15958285909498926
226518,0.7050716836699968
15985,-0.2943541008000139
15442,-0.1584979196500118
18301,-0.15583801615001391
66070,0.13088083739999057
231668,-0.6767479991700025
71566,0.4267712923549949
230872,-0.5997909452150045
14309,0.3333727623799958
18602,0.27482641626499493
15465,-0.41302936793500145
66691,0.23782196560999225
216456,-0.37894065702500246
68977,-0.21939072099000612
50492,-0.4615479464900041
16196,0.4146877058349956
13356,-0.21592879877500692
12578,-0.35736667465500505
74477,-0.19384361241000647
229003,-0.27015262500001214
66522,-0.39842774965500016
11532,0.36650892069999674
232879,0.2249805695349938
17532,-0.3258351026700117
280287,-0.3484075729100029
20316,-0.13547769595001036
14828,-0.1268285972500074
68475,-0.186663255945005
338367,0.3725060650399872
16449,0.38456359667499473
68440,0.21397983194499304
213211,-0.23852120942500576
23963,0.5137561516399929
74120,-0.15209007406001618
55961,0.5211316412749989
14711,-0.42741049933000586
622665,0.2984058709799937
50917,0.2236828032499858
233549,0.46492743150499605
73739,-0.39899847478500305
16447,-0.2682090058750033
16848,-0.28373939163000905
239393,-0.2924587242650052
75497,-0.3752714215600026
14567,0.20665707199999517
58522,-0.30894951194000475
20405,-0.16671920332000134
73467,0.30318617848499585
243961,0.3096631723449894
170759,-0.16948883452000807
19272,0.49132647459499745
386611,-0.3868658239200049
19157,-0.13981118395001424
72843,-0.39615130654000463
381337,0.18750552451498947
74043,-0.21541310305000394
67041,0.1549789337799936
12181,0.18487967884998646
12144,-0.5216637694400053
72171,0.5394518084649906
15458,0.4960659374349956
242667,0.3352482798399965
18784,0.5239595032999969
170725,-0.4153748429900035
53356,-0.1577135796000082
234725,0.5795804129499986
16833,-0.43212253825000113
68678,0.49875873416499505
12590,0.4362944160849995
68666,0.2645944365749928
12287,0.5049758311049968
14378,0.3640448255849966
545136,0.5457823507449984
11964,0.17332803438998745
18799,-0.6793539078950035
67151,0.2363799771899897
211798,0.4046004423749969
57743,-0.3357786022050089
22365,-0.3812180773700078
18032,-0.4552786742400041
140559,-0.40850226963000935
16693,0.3436278298499973
14464,0.3068001027499889
234699,-0.18539264393001176
269800,0.3609753430499971
243537,-0.2549900573450046
208171,-0.25691887643000744
76561,-0.2979023550500033
14067,0.1817033706499842
110147,-0.17829143810000758
67938,-0.1546394023500106
66614,0.16468172313498997
70008,0.5517143053549933
16165,0.4728163103099976
234729,-0.5504301908400073
19227,0.4538301196149943
12978,0.1804557026999838
225579,-0.3137265837150025
17884,0.6558488970349936
66673,0.7311509427599963
12818,0.5357867186399936
99586,0.3354625499899937
20185,0.27602559614499
237759,-0.39937787249000145
320027,-0.3725099959300011
23984,0.41092126307499655
214779,-0.40393980796500406
100900,0.2199584003999746
15433,0.46480509126499614
13013,0.38210280244499684
207921,-0.4553345956650041
231571,-0.20443637072000342
667118,-0.1531789853000145
70579,-0.1531789853000145
22134,-0.13509503250000776
94221,-0.15555423785500544
71169,0.38716844831999353
170787,-0.18283561841500884
94280,0.15183560654998196
384763,-0.42308312671500303
18223,0.6470030455999947
242109,0.4121585267399981
320679,0.3819882497049991
238271,-0.6596088596650063
77683,-0.2592667811500089
19208,0.6780793644549972
209361,-0.21921014211000767
74711,-0.3509219447800014
225908,-0.5953167224300029
68975,-0.4011950735800047
67298,-0.33831007532500657
58185,0.25239999159999016
17183,-0.44237928509500435
494504,0.4317431709099959
216965,-0.156742610200018
330836,-0.3660076419900049
78444,-0.3729989205800015
16006,0.26083056842499497
211961,0.39496405347999364
13864,-0.1754743667700076
75477,0.5395278560799954
18534,0.455749197709995
56191,0.3375490221699966
68184,-0.2797815339349965
18390,0.1981610054999905
58200,-0.535273965540005
108011,-0.39587392766500473
109168,0.2688478950499933
97031,-0.8395341606700049
66330,0.24022363793998736
15233,-0.7178214196400043
76742,0.19849011189998933
66500,-0.27023511731500705
218236,-0.4157809028400079
381979,-0.5371882490850037
104069,0.3919590921199956
22678,0.3963181618949978
71816,0.3534330138799895
75691,0.480980833904999
56709,0.26566558977999044
329693,0.1495348976499873
110957,0.5389342369899963
72017,-0.42743562982500904
239337,-0.47850211951000166
23936,0.18425230001499138
71164,0.38149844242999764
79044,-0.1418186767500096
12892,-0.5047981142700024
21379,-0.14486111846500727
76788,-0.21506585593501093
14107,1.256402073204998
50787,-0.34735489647500417
71538,0.2595907330999889
81879,0.629627450119997
108105,-0.23455615770500593
67917,-0.3900707330400017
332359,0.3016890840049955
11671,-0.5037324027450065
381741,0.4033621292349969
20587,-0.21914731363000683
108755,-0.18172319717000818
109270,0.14669874164498964
18150,-0.31053632930500186
320506,-0.4328005422350065
216964,-0.15569390850500753
18126,0.21773355704999275
231147,-0.3410275983300073
56294,-0.40379272607500294
317653,-0.31468655291000447
12709,-0.290979761315004
80718,-0.19901857778001109
18626,-0.2756492921150109
108124,0.1862025852999878
12286,0.3431409871299982
18826,0.2011348252999916
13857,0.1832188767099936
26357,-0.21593841100000866
20230,-0.26052467340001506
27403,0.13657417424998464
93890,0.5583365275849963
75770,-0.4497866804950057
13207,-0.15350991985001272
240518,0.3719258602849962
100038347,-0.23271805672000312
83766,-0.6451227180450019
74251,0.2328607901099975
13430,-0.17940040120001477
545156,-0.16051972325000996
76967,-0.27709066243000446
11421,0.29326111840999225
52132,-0.2965850818150084
19184,0.16923972541498777
74781,0.20880482678999002
14719,-0.1956967921050108
100503185,-0.3423138218900048
72431,-0.3351181756000017
54635,0.4208639311899951
268567,0.13522558154998876
18648,-0.17515784030001136
142688,-0.16080319003500954
70325,-0.5448229038000036
386649,-0.14143366335000174
20338,-0.35783055751500736
241794,-0.515759549025002
66875,0.33914953480999444
20464,0.37643849536499596
67164,-0.6967524646750034
217119,-0.18704131337500662
109821,0.6495702556299974
75400,-0.3851840294000022
54214,-0.18049650488001312
270120,0.8056545190349942
11522,-0.4701480146200083
69270,-0.410945466610003
67628,0.11876005154998559
67138,0.3250845578899959
102371,-0.42310389883500266
231932,-0.1534920816300076
12005,-0.20164589681500722
58250,-0.45815126951500584
67429,-0.3302814261350031
214254,-0.26508034421500426
12866,0.19547128449999107
75642,0.3229259816849952
29810,-0.29446077019500816
170789,0.2536498206499882
226419,0.46416168247999146
229759,0.6005604694949955
229323,-0.17244394900500915
12173,-0.5028428872000008
11636,0.3299289347449914
56365,-0.40782548732500157
234582,-0.25386948824500344
320790,-0.23864477380000793
27218,0.18994656512999697
105351,-0.31336934290500107
230657,0.44497878650999567
66716,-0.28627220684500454
243371,-0.22111017644000697
17687,-0.2292496763550096
213236,-0.22005364211500478
71375,0.10523460459996414
21990,0.10523460459996414
208715,-0.13582064053001552
104015,-0.15351424471001174
243653,0.2725941425949987
13026,0.15359190971999048
66098,-0.24015904250000553
75430,0.26571050533499996
101869,-0.16901587776001215
73090,0.6516416491899943
244484,0.28300627257999844
237958,-0.3109307830750039
21942,0.2873630949699866
71405,0.39778710249999705
56030,-0.2369680339850131
66374,-0.3053527174450039
12873,0.4224447876049924
330820,0.48325107155999625
105243,0.3581740486649938
13663,-0.7318507252600055
15218,0.5014509324949961
57279,-0.3156831054150091
14126,0.5228714877999963
22754,-0.2824421732350064
433904,-0.30940589652000394
227632,0.48562899959999495
333639,-0.295111163270001
66170,-0.1413141407900067
27410,-0.14146128006500724
96957,-0.33432931961000545
56451,-0.1391289251600103
70461,-0.3467199103350094
76687,-0.17930760014501068
66790,0.1835911676299924
233315,-0.4496873410050046
54130,-0.16593901420000812
70891,-0.25566862376500366
108660,-0.11092605570001446
14366,-0.3917535897600075
16475,0.3398334396099969
77037,0.3299910085599982
234788,0.41799336069999793
30839,0.1522241409499916
56228,0.15860104372999295
27279,-0.3090953292800096
78390,0.4763920482699948
170729,0.4087307788899972
52036,-0.27799242514500566
330474,-0.29250933621500863
20451,0.6417855951749947
208908,-0.31701557646000555
12815,-0.4783715471300036
12209,-0.5148665039350031
20028,0.42517057479999565
20257,-0.35226181686499825
94184,0.25256036728998676
73174,-0.20153688660000668
229512,0.13820332021999526
58240,-0.4921919974950031
76072,0.4450167606249966
233890,0.6586205387199904
67991,0.19534457430999552
56087,0.4373515057699975
27967,-0.2569627289000085
338359,-0.29924525121500345
15239,-0.17546651645001177
53418,0.33107626139999535
381546,0.33107626139999535
98432,-0.2831876347400035
67832,-0.2137934970600064
16559,0.26734996348498896
212127,0.3957672616349974
12483,0.1617851354099873
550619,-0.2934454864700027
77057,0.4400095124449974
17925,0.16802984169998858
320365,0.22169766432999705
52551,-0.1341406533000047
93889,0.3151270361849967
14793,-0.4259491564100042
15552,0.4966710412549964
18985,-0.19753351120002272
78926,-0.1617065324500171
269941,-0.14145581699501442
69137,-0.3159156037550046
16997,0.30479251701999743
629059,0.3936640579949984
20186,0.40871069214999256
106707,0.36951587916999173
55925,0.5569435863499956
66411,-0.1732705003650068
664805,-0.355531384410003
13549,0.1657260985799951
14113,0.1657260985799951
380669,0.3895906074649971
26875,0.21899415505499853
319998,0.2334078813649949
74405,0.2962717453199941
442801,0.2544445679199949
67888,0.5617021970399962
208076,-0.31025805425000286
353190,-0.31516638456500523
22412,-0.3647231421950057
108907,0.32370977104998566
319601,-0.24979431808000463
27371,-0.1930504363650094
73296,-0.3701617662500025
244058,-0.23132817647000703
72401,0.47891392980999115
319478,0.5276533964499954
104859,0.3256417828949978
194401,-0.38737416328000673
319579,0.3577841700399964
320095,-0.2792189022000029
382066,-0.3316151654200059
54561,-0.6665831300100029
75695,0.373814848464999
668212,0.47806006725999506
240916,-0.6373167933000032
270096,-0.1395085174250088
17235,0.390492384019995
231382,0.42083579902999446
230857,0.35146066023999456
93760,-0.26239486041500193
214597,-0.130702738050001
233065,-0.2343528621600104
76378,0.6210388927999966
56551,0.13569761984998685
80743,-0.17686728974500454
329421,0.25055266693999023
320720,-0.4294348373800103
625098,-0.3534593007850013
57385,0.4073608144149943
233902,0.18603968125999337
242662,-0.3622884674000071
66179,-0.2055093050400103
15118,0.33017328726499784
77975,-0.12441844760000542
18088,0.34380565681999187
381113,0.37167235254499786
12986,0.13229880609998368
230971,0.2279852641799982
66067,-0.22473907505500357
20853,-0.37468529426500474
329154,-0.18249965222001308
94109,0.27569824407499866
224727,0.17049549654999474
207227,0.2633008102349974
78258,-0.4556595764700031
237711,0.3537017708449999
229699,0.6363249223849978
100043254,0.3782382740299952
235472,0.18323796774999046
330355,-0.2815930479950035
56505,-0.1965090756150083
74490,0.4084272516399956
97387,-0.24192019060000547
14356,-0.1529138641500083
170745,-0.48984106908000413
103711,0.2638110768999855
333433,-0.3629054074650053
66816,0.4694078185099979
19072,-0.17941438786000585
74112,-0.14220158283001005
238161,0.39104033353999545
19218,-0.29036385876000237
67440,-0.20028539880000995
67092,0.5660109022849946
232288,0.3745294259299943
53415,-0.3621456105000087
330941,0.3695935253049969
230753,-0.17948984620001873
243168,0.3365793568749966
57254,-0.2632381841600022
19340,-0.36881193355500397
73172,-0.1334678214300027
232237,0.4700941918799959
228071,-0.49735919865000344
76080,0.16213304596999656
18181,-0.14942425217000554
641376,0.6839697778699918
170790,-0.3532931054350028
26878,0.3184714954599954
332934,-0.32953587295500153
214301,0.47850595720499767
504186,-0.4234200003850024
194231,0.5453084502249976
446101,0.3505568783999964
71766,-0.15887871110001228
70729,0.2203710771499896
66394,-0.14621788699000682
108653,0.4417019367649959
268481,0.2910934896999873
23942,-0.1845291606550088
387356,0.2872459754149972
207352,0.18648792138499282
74104,-0.330649742420003
51799,0.2813009783599938
208638,-0.11302242760000958
19383,0.22236510632498607
18146,-0.680861068030004
15587,-0.42868447464000514
74241,-0.22659867054500893
19244,0.11954521789998473
387349,0.31299495254999865
70239,-0.24704011773000722
239857,0.453704724299997
18643,0.22261867774999367
14773,-0.14828702073500644
16391,-0.17420305385000034
50934,0.22905083125999592
13417,0.20220882854999367
69317,0.4878815294449943
66171,-0.18459558744000581
108829,-0.13962286666500923
99003,0.34216385186499476
56460,-0.23741530440001668
63828,0.44500038004499665
11737,-0.18106656090001216
54381,-0.257980660085007
320974,0.5218338684649968
71780,0.1969567282399911
107770,0.32791750090498795
72634,0.5153092238649961
68310,-0.1713072409850076
54644,0.19664933589999123
216742,-0.16728355243001047
239839,0.33209009391499666
380698,-0.4964926065450035
69528,0.5950790166699944
80883,0.14406365363999685
50530,-0.45303344608000184
27061,-0.13141951840000843
16859,-0.20011825899000613
66156,-0.11978022030000446
246104,-0.2909572705750034
216825,-0.3675507662800044
232441,-0.26110832033500353
329015,-0.3364102464600043
24132,-0.20763074741000764
353344,-0.31986141794000345
68925,-0.2886754149450006
30945,-0.12242604598500151
73710,-0.15983004864501282
23886,-0.32378639558000355
11698,-0.31519602230500343
66757,-0.4763943854450039
13142,0.417068410874994
13078,0.3760574361249951
216749,0.2456925784649977
75667,0.15206994630999793
209131,0.21966376613999117
98828,0.1551581950399914
18861,-0.3524163313000015
382406,-0.3976671383500019
13717,-0.32046464211500236
18247,-0.12648466750002285
239405,0.34453435802499444
67866,0.43121635398999647
13602,-0.543258253995007
18628,0.4419418409849962
67493,-0.29297935772501216
278795,-0.33591849899000303
327655,-0.30012021179000836
72569,-0.4610563363950062
219114,0.2860613854099987
12581,-0.14460976335001696
236920,-0.42184692314500616
14829,0.6158290568749973
12837,0.3018211489949931
73835,0.2808406567699966
12566,-0.41281619176000284
12568,-0.3960770635700106
69519,-0.24289378767000525
23948,-0.30188690730000545
56620,0.32680359248998947
68183,-0.13464856018001115
67073,0.26244408060999014
319622,0.2611523275049956
116810,0.564481629574995
50877,-0.30561567583500526
268807,0.321738908729996
12234,0.3037042988749947
15161,0.2169745023049927
268749,-0.16944618705000636
50913,0.5824337489449949
232566,0.3097436621449905
20663,-0.20810456019500911
228852,-0.5344531332950035
13543,-0.23950308433500656
385354,0.524285375374995
15417,0.39778886407999536
71145,-0.29740958489500535
67609,-0.16130484228500208
225994,-0.6719527093750042
108030,-0.3237361981750033
56277,-0.4828451472950044
216238,-0.4149868885950063
12155,0.5546570435399967
320355,0.36943440601999633
70082,-0.3988734960900038
67026,-0.2991188470250066
268591,0.5312236492349962
14621,0.2730001174899974
67717,0.36034981123999454
68094,0.3845196952999954
74030,0.42040125392499617
69983,-0.512803300890007
108096,0.33052461666999644
22791,0.20666885200999463
93838,-0.36831115192500397
66233,-0.1999679048300127
54616,-0.1477551899650109
14069,0.5212635115249955
236643,0.3311471265399981
16470,0.2636549322149886
12555,-0.3161237617050028
19400,0.1451873864999893
12848,0.32130773616998276
263803,0.5111295237199949
435653,-0.24061908062000104
66615,0.3035557419399897
216766,0.12339953357499311
11945,-0.3014222871250025
72701,-0.5177318710400067
72102,0.2799816160249957
19165,0.12927615882999
55979,0.1452354060049892
72088,0.38261515175499383
109136,-0.2002045963700123
75677,0.5108281912899963
654470,0.20506301024999551
13419,0.28290039603499917
16190,0.20086632489499578
50786,0.42168294181999766
240057,0.3475578194249964
21937,-0.15429076033001188
212706,-0.18762002224500485
78933,0.46901937579999586
382089,0.36113059700999717
114654,0.35651139467499604
433099,0.35651139467499604
18119,0.2851957415599973
270076,0.28638374643499365
72318,-0.16148536420001136
16328,-0.4312079676900069
12545,-0.3171070695200058
56744,-0.12911399810000823
17761,0.43910627980499495
433178,0.5309451273399994
68612,0.23850226459998858
68527,-0.4210006288400021
268420,0.17660046079998892
76808,0.4833964012299954
13424,-0.16461743400001083
14824,-0.20858974877500813
231986,0.297145716659994
232087,-0.12476021225000444
72068,-0.14101696347001003
16773,-0.2908897722300008
15170,-0.22104658180001202
108067,-0.3337814651750053
243328,0.26702169136999654
72607,-0.3987916702450027
386612,0.13944420543499447
68628,-0.3128669869900049
17930,0.6403192911349977
75398,0.28366997049499076
12012,0.35777532639499565
103889,0.32921626898999534
53330,-0.21122651109500445
73095,-0.27099530334000566
212514,-0.15852183082000515
13656,0.3321077266149963
269695,-0.3669786427100039
238076,-0.6982263341900028
22418,-0.41443667441000276
54326,-0.2862737534150033
18504,0.36089944852999434
74194,-0.4506148951850024
216019,0.19598171664499597
75656,0.27808954599999947
11552,0.39972020387999496
67702,0.1801343972199927
14184,0.303925420239997
18973,0.4020558416949953
17441,0.30517388755999164
76238,-0.14848286473000627
12153,0.3045123684299824
70769,0.18684776800499314
19416,0.7957329587549937
320438,0.3053602535899911
70568,0.26288045825999884
57778,-0.562390719910006
22228,0.19050826689999134
108069,0.3222549463599962
22253,0.408127749739994
15468,-0.14923953976500925
227800,0.7632167217849908
216516,0.4259541740999939
16367,-0.31512997307000257
232236,-0.15311310912000486
270201,-0.20823644972001
213990,-0.15352899757000849
26405,0.357488583464999
67102,0.16269348040999176
16495,0.1901326836549977
226169,0.30133492188999256
71223,-0.290351442850004
269003,-0.1985601197000051
12238,-0.16108174118000917
20624,-0.248720418135008
29859,0.5112770840449912
19777,-0.5500533160700058
72244,-0.3486927333700027
67747,0.4262980684249955
68352,0.32881429280499486
18096,-0.26386950210500393
104910,-0.20672255800499784
330660,0.1644804771899917
11972,0.17453400709999123
69237,-0.30735103516500395
12091,-0.17459878323500355
72692,-0.19047987071500572
69080,0.1342985298199899
12828,0.41296554585999523
14172,-0.35961872168000664
54645,0.17656098347498883
100039672,0.5111590376449953
93671,0.47629611102999414
66667,0.47041611267499484
320139,-0.46963438185000594
628779,0.4381207762299968
239552,0.23378151674999437
240614,0.4468685718149974
16568,0.2195272843649949
76246,0.4449376464899961
12488,-0.16376757830001054
69878,-0.13913692383501797
215456,-0.5733251775150059
20972,0.29966318799999314
17207,0.18616107992499664
15221,0.44946430184499775
50764,0.29958271822999727
171286,-0.34966834599000407
27494,-0.24805422669500388
68082,0.3182488503949923
241770,0.636947513519996
67006,-0.18700927271500323
68857,0.31071307839499696
56447,0.11899061049999027
237775,-0.37972132262500313
97440,-0.26124269761500685
11991,-0.19577254415501244
224613,-0.348970736540009
18768,0.20596114243499386
12352,0.2941141495699964
12460,-0.13864403335000652
64435,-0.24811680001500136
207212,-0.32572365257000113
56275,0.2098053964999913
228858,-0.19247346937999943
98488,-0.37701424153000396
237339,-0.3954003710450138
230868,0.5422464122999959
14560,0.28841840419499754
14012,0.429182443224998
12738,0.27685727287499695
193452,-0.3922217210250052
18408,-0.31025388673000087
16956,-0.341412477310004
235040,-0.12029318720000504
11519,0.5295369973349917
271844,0.3907570506099969
67444,-0.13699779490000452
65079,0.3041530194049966
225600,-0.27065045623000383
269999,-0.13527605245000807
56464,0.4135048368099863
108989,-0.21653385704500394
192236,-0.39480430285000256
66705,0.2736364105549933
68236,0.37103087929499656
12831,-0.31977854841500175
68729,0.29556607145499303
66343,-0.17977056783500434
71950,0.3113477080999907
13132,0.4211493346399968
13177,0.1332932275999923
68292,0.1770772143899908
12049,0.40144160965999776
20817,0.13483605389998488
66278,-0.20041506577000412
56812,0.28457770269998406
22436,-0.32424539275500575
101706,-0.18369177140001014
14171,0.2603830321949978
237758,-0.3642844031300023
76858,0.32527977490999893
17122,-0.16314527045501137
78038,-0.3429971226550039
218877,0.2358247419899966
257633,-0.2253538244500053
353326,0.36502375288999556
18016,0.19150395496499328
66597,0.4598362158599967
93691,0.1282870009499959
22423,0.36990531020499384
269593,-0.4350370372900061
53333,-0.16266800298001094
13983,0.19152413810998858
14654,-0.3423091098500035
240131,0.6983773930149937
192654,-0.38984182187500505
104099,0.3173895472599968
66689,0.1796130715649884
52846,0.2600369604349968
16319,0.18176455078998366
210135,0.29526529377999466
319520,0.3711557642749961
75273,-0.35186177255000217
231863,-0.2880221026000034
104382,0.3892095208099948
13172,0.3354762660099966
67458,-0.3034745561000056
269702,0.34432197047499447
11668,0.17331336079998394
59083,0.34438605216499596
665119,-0.3163859613050026
223332,0.41664177247499534
381359,-0.5199738551500039
11688,0.3154619316699967
114640,-0.483355720920005
70361,-0.20204958962500186
66830,0.18959883167498948
57781,0.27949968566999495
16409,0.2034793623999871
68828,0.3890743512999961
54720,0.21303098290499634
19164,-0.1498270928000096
224903,-0.2090349212500069
269132,0.41716142902999476
665574,0.2846307619149968
104346,-0.3927160639250067
414801,-0.13907204830000985
15461,-0.18606211779500548
435286,-0.3016266745150027
18640,-0.2967780053650051
210582,-0.2546733690850047
219228,0.6839561486599939
27261,-0.14626644245000087
18187,-0.21831082579500194
15568,0.3261529815699866
75705,0.1250437342499886
18477,0.1299705380499887
20612,0.25362650575999535
54215,0.5003568520449937
22018,0.5120964349899966
497071,-0.44598870712500416
270086,-0.19310496880001438
207214,-0.13959871293501003
16418,-0.15007175720000987
16648,-0.16471357262000552
381476,0.4831189993349936
239017,0.4912877812799952
106759,-0.2848954633350038
17187,0.10197344679998821
269639,-0.3133406243600092
319636,0.2332262937899916
277250,-0.3760608665350036
14453,-0.33996699077500514
110350,-0.3440824513850034
17113,0.14120049799999101
18245,-0.09039000040001355
239408,-0.233091228805002
12036,-0.3498981494850071
73744,-0.22611732138001095
241589,0.1855502555999884
75608,0.28717049529999095
67443,-0.1043600104000113
245424,-0.25317809176500417
108672,0.4414787513599947
19215,0.25481498942499403
22070,-0.09029070830001729
16874,0.2607078789999804
234796,-0.259374178870007
69639,-0.12332719276001036
12952,0.2800750025549972
75753,0.33371915168999156
434437,0.5302800414099975
24056,-0.1723287348150091
104111,0.38199989778499344
237847,-0.21506689838000081
66257,-0.312492851055004
18141,0.12755996683999005
15366,0.1909864289099943
24058,0.1327282650299928
18766,0.4196824945849982
70450,-0.1341579671500135
17195,0.24362149538999667
11989,0.4546981626199975
74157,-0.12240421765000598
408190,-0.2961722680800172
20288,-0.4413739454250054
622473,0.2928125451299972
56428,-0.09907540545000693
12020,0.4821034762249976
227644,0.16668339628999362
73808,0.28275820145499564
19378,0.3278142359249969
26943,0.1337235925999778
11830,0.4513365793449955
433667,-0.4899953909600061
239985,0.18643506522998976
11548,-0.2586165370000142
229644,1.1747552804599977
67772,0.14801610839998958
11435,0.5057425351349947
264064,0.19207916597498986
227377,-0.30804222893500155
22416,0.30708543779999564
19731,-0.3554519823200062
100504446,0.4020094646449972
14060,0.1836047017899971
338354,-0.23847885955001136
19353,-0.1014407986000112
74340,-0.1700306643950089
14836,0.4308463477049962
104776,-0.21049207903000688
668158,-0.373391413125006
227289,0.2880041040249939
23829,0.4447804975399978
12683,-0.4185204251900032
11981,0.29693603219999254
233424,0.39415657644499635
242523,0.40406505494499356
66286,-0.14973080058000043
108652,-0.13282158185500137
12332,0.13117203239998076
17999,-0.2013765757550079
12048,0.17678241579998577
70556,-0.31723102471500386
22319,-0.2733798529800042
98303,0.2838755878149968
18741,0.34032136255499834
384061,0.39445930480499847
244219,-0.17104272975500834
235406,0.23131702559999123
19733,-0.2593413196800034
109222,0.4785429874999987
19363,0.3432938947549973
239555,-0.23563660926000374
217682,0.3028106776299966
271005,0.588434144184995
319207,0.24924664434999233
20742,0.11246185279998144
67874,0.31388810891999785
170738,0.42713997717999685
54160,0.18983855463998633
72345,-0.2823795644100038
68743,0.3957898957649961
259302,0.3295059702699925
15438,-0.3387166329300042
17695,0.3656430185399979
21386,0.42987320380499705
12891,0.3360838487549991
66847,-0.1261321039900043
17341,0.2102131485899985
73032,-0.3427435244200012
16782,0.317275000279996
320452,-0.2604277171299998
71803,0.3535765602899952
72685,0.5345164326899945
16601,0.2664321119449955
72614,-0.26150465960000213
20389,-0.24518942664500454
170828,0.4538137325149947
74087,0.37622570666499877
54198,0.1623110100999856
75470,0.29531105756499665
67470,0.3422800884599977
74107,0.27708277652499547
142682,-0.34503361705000213
93721,0.2686433493049951
18127,-0.261781077325006
12737,0.7854151601749964
101544,0.41995041012499223
16332,-0.18618597287000682
105000,-0.241170174555005
239789,0.33487737213999713
231915,-0.16529596851500905
378937,-0.2556208943449998
81003,0.5799145220349944
11936,-0.3955332362200066
67733,-0.22430012250500297
108101,-0.14675915812001605
16852,-0.1372572784500079
67509,-0.34573346097000357
59033,-0.34436996347500415
382038,0.23141970895499053
233532,-0.3016650742200042
93842,0.21893871519998243
68147,-0.1945175734850082
107182,0.17265406762999014
114141,0.3155888699149978
72084,-0.14940246473000407
12035,0.27166777096499795
72373,0.3763381436999982
50776,-0.16262348787000036
242384,0.327830082074998
116848,-0.3404433115650001
235028,-0.10920912920000703
13081,-0.2409932034400013
215384,0.27461233332999635
74760,0.4542408679499932
434341,-0.18794999414500246
93888,0.4052819990749965
234407,-0.13705013679500944
19711,-0.25674374558500324
12154,0.49395002919999653
214580,-0.17125578842001232
12482,-0.16300859600000628
71752,0.1828974253099922
11749,-0.18769691805001543
75612,-0.1725683316950004
71738,-0.3924357693200018
50518,0.3407539962349988
231630,-0.3731318145600033
192285,0.15756766649998788
227154,0.2044994244499918
72515,-0.15789499186500855
105352,-0.27510153766000034
56489,-0.1384783940100105
330010,-0.2976619216500147
66284,0.150170419579998
58909,0.24609971072499937
209692,-0.40508865810500483
76260,-0.5409189408700015
22773,-0.27931518509500597
18554,-0.1766270965350092
241694,-0.4546366204550063
219257,1.4584790346249954
52696,-0.10825983650000914
100043057,0.2899656631999976
52502,0.1285714432999825
73453,-0.36277716757000356
73360,-0.5679644103200041
19204,-0.17333579375000685
268379,0.33231436301999784
110596,0.5450458928899962
330921,0.41324052963499724
380684,-0.3994388758550036
67067,-0.10007816120001323
56773,-0.6206181881000048
27055,-0.5158974790200048
16519,-0.39963921790000123
240168,-0.1665675133450062
382137,0.2287590028849893
11750,-0.11828573544000598
78052,0.38981932480499504
69339,0.3283005285649976
17386,0.333273284189997
73942,0.46774112749499785
234329,0.3509257562499988
207792,-0.37565388437500147
59290,0.2864816402399937
23966,0.14462111489998186
72103,0.24517357603999201
242960,-0.4909232754300037
66454,0.2506835770899958
18830,0.1739209041049925
21923,0.4746318086449972
12217,0.33838454536999585
238021,0.40634567181499737
108937,0.19229262025499771
230579,0.3245557738199958
209584,0.49715616647499594
57746,0.30773634607499867
101943,-0.19392128510000362
19290,0.2228216086999879
66894,-0.16366798980001462
26889,0.23557263439498932
219249,-0.2003495995600053
64176,0.24830169808499702
70208,-0.39125937765500485
74413,0.4978931173249963
12544,0.3641876148449983
67269,0.3570606654449904
320495,0.1752758372799903
110058,0.5860201169749977
67530,-0.15569044785001118
67399,0.12177615794998076
52685,-0.22707283728001215
53881,-0.14393776903999989
78785,-0.3081339658000042
378462,-0.26685140880000624
78081,0.2956091948999946
68490,0.11666565319999656
12340,-0.10901913880001501
338352,0.39716571580999727
26893,-0.11085799940001273
74337,0.3259897904749991
17758,-0.20054823896500373
65107,-0.14128398431001266
75425,-0.1877906654300041
66642,-0.11134860230000321
66218,-0.105556463300017
16532,0.2891331955349976
12608,-0.22491415903500922
70481,-0.32480006150500396
12565,0.33959115690499786
20505,0.522843866659997
13607,-0.3763858871000041
71619,0.4306632339749963
67727,0.19431135970999147
11861,0.2558918616099959
15551,0.3778229675049971
209003,-0.14853812767000107
68075,0.35925495544499775
18986,-0.1908924536900063
68349,-0.11898569545001081
23967,0.31030535247999724
74198,-0.15412410932001563
16522,0.2630336135899931
434215,-0.29046391624500867
94315,0.19084868618999629
20293,0.24772927251499688
12991,0.4090777709099971
74393,-0.283323671005002
19124,-0.2504819537450036
269610,0.31847076634999816
68267,-0.24679318144500328
234967,-0.27038070181000506
368202,-0.27952451078000173
108903,-0.26386116801500403
78372,-0.22907381745001487
12962,-0.28912306000000054
70967,-0.4912604580200024
68833,-0.2682422756350018
231214,-0.38649942833500406
621628,-0.271069049390003
93886,0.4044057905599958
76233,-0.11732087220001475
226856,-0.17787986557500624
217449,-0.17671093594001341
18226,-0.12816090899500132
11444,-0.2758145888450043
22715,0.16431613341499762
212168,0.324341060810001
208439,0.288606501189995
74277,0.17816683656499066
77522,-0.23268380151000212
68680,-0.33578240412000326
244431,0.28166343930499815
74281,0.21069508229499645
208158,0.13906700879998546
226243,0.2952265290749958
97287,-0.14515992813501022
72748,0.28125077647499364
67980,-0.1861073389950061
70918,0.473682912064997
72611,-0.11366301652500432
19014,0.11123634254998471
74204,-0.2780940074200089
83995,-0.6073582373450024
227327,0.3367586352299945
20841,-0.32260843139500306
66595,-0.2864091101950046
71760,-0.5552034561150045
57784,-0.12837415710001032
218194,0.3406579688849982
100216474,0.31795128620999424
94215,-0.32508938478000804
229445,0.28348770331999074
16533,0.3714277149349985
14013,0.4506634081149983
243499,0.33220579412499784
545276,0.5164799735199983
228019,-0.42775305504500505
20678,0.43596964945499916
65971,0.3061858830299933
20356,0.3528407834049947
74023,0.3208555639049968
269053,0.33183748686999515
74772,-0.15851235380000794
67154,0.1076666398499917
20924,0.1760654400999897
338355,0.15372466887499492
71878,0.6374806419999968
83796,-0.15702611592000437
17190,-0.10851577956501046
70240,0.19933912939499088
11852,0.35492437927499676
30050,0.3358014994050009
13637,0.4243107595649951
242691,-0.22576335203000397
66337,-0.31749536327500216
69876,0.13567093045999457
20409,-0.09861215180001537
245474,0.2588387573999924
791260,0.4263358607949961
30954,-0.1935303951100078
11428,0.25933689580499486
14319,-0.08540775180002314
12386,0.3383168312049971
64384,-0.14749491869001652
21957,-0.2502119648250032
110651,0.1757560943699943
72056,0.3865540899849931
18782,-0.25334364304500845
12843,0.5512036262299977
12562,-0.2674604168000041
223691,-0.11816532535001123
78250,0.4140158109149956
12017,0.09684361709998512
76407,0.16678563693499449
268932,0.41857089558999805
52708,-0.19270721298500604
272382,-0.19060248760001386
17155,0.21085240406499128
67042,0.12452645029999587
68279,-0.20933811068501207
26456,-0.48873330074500165
66765,0.3265823208749934
20193,0.17337974664999223
27027,-0.13059165230001213
14376,0.1277761025999844
226123,0.41753578298499505
209176,0.21689338130499358
18700,0.20454898766499063
268510,0.2502651337049926
20847,-0.1816516568250055
13171,0.35350601898999656
210573,0.301570394499997
242316,0.3645712550699973
381085,0.14739534064999127
78070,0.33826326917499294
58916,0.5492063706349963
228756,-0.21202989633000247
101883,0.1290179707999961
54634,0.3793202307899972
74764,0.11041825681999384
68918,-0.2287525684650018
18386,0.3097853513349955
17159,-0.16020988140001258
214922,0.458543812879995
67655,-0.21137731371000434
77038,-0.13285961960001735
81896,0.27279442182499736
12841,0.30722320218499855
192650,0.31641541833499653
11883,-0.19087750086500144
69642,-0.3105604825600028
11550,0.3692936058999958
18781,-0.26610152144000176
66898,0.3999887881299955
100609,-0.38088518201500676
68223,0.46063479167499466
110094,-0.18161465389500897
98732,-0.3161767058800091
230752,-0.11071851100500751
230737,-0.4606437147950042
192166,-0.2920612037350052
624224,0.9190415585699956
228421,0.7903761868199917
380993,0.3104181387149918
50702,-0.3152141275650031
24010,-0.18963876250001022
80281,0.29691874990999745
68668,0.4726628951299938
68691,-0.24306924930500706
26951,0.8376961684449915
106512,-0.14123453830001864
67841,-0.1628308776500127
18772,-0.5983169070300045
17829,-0.3394350389350036
244813,0.2528192206949962
72535,-0.23664493211000615
238205,-0.24849924542500457
53817,-0.15546495650001546
320924,0.38647692711499726
232875,-0.3253419183650008
231798,-0.14625237397500257
13839,0.1979546118999913
66269,0.4859069190599925
21766,-0.10855965735001938
17984,-0.27391460757500496
56707,-0.37502557622500277
17969,0.12951671391998865
69499,-0.3108385338950077
19725,0.3552483081949953
13706,0.27692192682499517
21928,-0.17644382147500615
12308,-0.27689899575000076
71146,0.2157337889799953
228801,0.19867538269998697
19766,-0.2116247379850087
14055,-0.12902909250000683
67459,-0.31975537182000213
27421,0.356025120124996
14811,0.29652939781499654
77630,0.38708299181499584
17864,0.34742079215999544
71281,-0.25223609143000436
71200,0.34404620244999684
54598,0.3372339722699955
20681,0.32399688053499887
74025,0.46175667045999447
23908,-0.3331539168450073
71544,-0.5026368838200037
27392,0.338537461499989
70859,-0.28219975971000233
232430,0.10561763897998944
80517,-0.10977625937000823
58991,-0.21480371546500532
66272,-0.14723737867000786
229389,-0.37274755535000326
320119,0.249480797849996
12496,0.41176977489499667
101320,0.28462080243999743
74253,-0.24345287571500007
211739,0.24878430887499814
233064,-0.0840563554000262
195208,-0.3333764090550053
245386,-0.2492673245299999
12062,0.30355157584999626
66314,0.11560328756999105
231834,-0.15727498909000026
70788,-0.47750663120000336
93761,0.28168840835499864
224912,0.25168072996499635
20619,0.23882114159998302
69297,0.4116913941599929
68338,-0.27707043377000495
75772,-0.37387459076500296
59036,0.17104285768499627
67230,-0.12642070182000253
67661,-0.46010296675500495
237310,-0.4695287271100046
230959,-0.34139228180500325
57780,0.2281950133849957
18705,0.46850233803999863
74018,0.27075858297999833
227157,0.27075858297999833
58864,0.26849441873499913
11658,-0.1958556291750071
77582,0.1383629211199917
54003,0.24644364140999508
13134,0.4183061359749969
14681,0.2924220942899973
319991,0.4972154000449942
229279,-0.12455256940000758
68545,-0.30695544519500384
245902,0.3124804783499968
353155,-0.2627509918650026
19387,0.14934572915499444
223828,0.19364711077998908
210376,-0.22597396027499883
69865,0.3987586038749975
16411,-0.21500668195001005
20273,0.2309428729699885
16590,0.3060497422799964
330122,0.2800405151149956
21420,0.2626135835849963
16371,0.2894358920749953
69038,-0.11809403165000809
79362,-0.358970489765003
17391,0.4204693746749957
234371,-0.14966072100000183
71966,0.1306371163649871
14063,-0.26080618684000445
12733,0.4603498080499975
212167,-0.3906486355800052
320558,-0.2796733938750062
68646,0.23953584044998522
11642,0.31635045056499767
433323,-0.3524612287250024
243846,0.2641810523499881
12836,0.2746027993249891
242607,0.25347163392499716
20300,0.2013514716499909
269529,0.3072397566299969
230972,-0.549626290485004
14634,-0.2987581797400054
109904,-0.29201938312000486
448850,-0.29716762500000105
269788,-0.10646167400001616
76775,0.2446026917299955
66489,-0.08925186780002647
22271,0.2702532395149859
73158,-0.1381892692700113
29870,0.3391440471049987
18992,0.2801795317699942
14166,0.3118393588749937
18163,-0.2889953420050011
27225,-0.12582258784999922
70767,-0.18216500461500829
207151,-0.3796376128300021
231464,-0.1774677326000127
75863,-0.3595228309800049
213084,-0.40527346139500153
19877,0.16471640447999203
12425,0.35624359518999604
12606,-0.3501906107800039
70790,0.11082872304499425
68192,0.17149805783499605
12861,-0.09552283750002033
72313,-0.17742880041500797
68473,0.46113164326499767
73284,0.3360906293099921
20874,-0.36764961699500276
69234,0.15065383596999382
69076,-0.1233614621250041
269252,-0.35919552459500714
17257,-0.20426845621000922
211556,-0.33922310473500383
68396,0.25569645291999166
72739,0.10513134787998801
105559,0.1256241142799901
68421,0.14701959350999338
17933,-0.26273789781000323
192897,-0.24498157087500338
19281,0.321338858714995
18023,-0.32483573729500836
69574,0.5263444619599955
20194,-0.12169118565001291
77531,0.39949737510499705
237868,0.3758095511699917
382867,-0.23890128565500346
260302,-0.15525101655001272
66211,-0.21071545776000367
69908,0.32317807080499605
20534,0.11619122613998911
242608,0.40067670735999616
18508,0.3949277508699973
20408,-0.32767091601500553
16703,0.3282343252849982
75939,-0.26492213658000185
192198,-0.25127611030000585
80884,-0.10870570873000851
329260,-0.4238878802300041
72144,-0.14115760228000696
328110,-0.20945358886000776
67199,0.18532338573998608
224419,0.22231997390499414
320718,-0.29115865574000477
67103,0.41950211020499584
20768,0.244460112639997
230590,-0.26610808401500163
21429,-0.17436453910001148
381668,-0.15206471613000794
114255,-0.4035199997550061
229214,-0.22690045658000457
27029,-0.15066653125001928
218793,-0.24167698449500286
14584,0.3969226219999964
13144,-0.2820402988750077
192775,-0.23396438933500363
17886,0.18474646899999314
14198,0.3200008877699938
76866,-0.368308771660002
219158,0.10923812656499976
94230,-0.2663878341750099
380614,-0.35712379739000166
14426,-0.33921127464500334
30057,0.13269791574998813
13728,-0.3336003277450059
98386,-0.11022744795001138
70894,-0.4273947190250027
233537,-0.3424075762200034
21952,-0.2961048208150041
67790,0.4943542427199983
19279,0.4388473776849957
12477,-0.2826153679000045
15209,0.25292881298999603
14233,0.31995040140499764
73748,-0.2847654020150019
74156,-0.402820074315001
16842,-0.135184572200016
56220,-0.2044071916650072
64817,-0.2686632450950057
387513,-0.2511258583700018
74246,0.1896643277699921
19212,-0.21923154172500459
11490,-0.11894400683000761
227059,-0.3487359862900039
83453,-0.2888077952050043
57748,-0.2552917105950048
74153,0.08711156229998807
12583,-0.3245922851650036
230757,0.4581825888249975
69922,0.18670691404998863
30952,0.409597024559996
224907,-0.16928844582001368
30840,0.24074075911999682
22359,-0.2443221679350036
13610,-0.2519512069200047
52023,0.22937149108999577
27215,-0.1988041016800075
14685,-0.4157043189800036
545893,-0.3072304156700021
69662,0.1431920267949991
59026,-0.1726977706300019
226245,0.5160832389049954
216033,-0.2403492234350031
269254,-0.16248431065000624
11863,0.14574369024999534
236539,0.18998809835498598
22693,-0.30135086677000267
68126,0.20963058327499517
546144,0.3016601906449985
12611,-0.2107520886900085
22594,-0.13856481305000656
213696,0.26950866183499667
216285,0.27200547309999745
68479,-0.14495241651001045
64707,-0.18009698985000533
18285,0.372568124579995
66352,-0.24426060101500724
19063,-0.2757493863050078
69885,0.444729567304996
26417,-0.10396248145000797
269855,0.3892988465449969
27993,-0.11770034985000599
21417,-0.3682602417250038
56431,-0.18692963953500374
72640,0.3792694233499958
226519,-0.2524233223200012
14566,-0.2640752751100033
13542,-0.1508549542550064
231162,-0.40715182145500695
18159,-0.3386725916550031
71175,0.20143579701999492
212999,-0.35454813927500606
66568,0.4158977280449916
13175,0.37322363505999423
17339,0.18119441569499672
16508,-0.32665917897500396
30937,-0.14387408704000482
12162,-0.32746588411000666
54132,-0.1300588852000164
20322,0.13335367819998822
224742,0.1295607210999865
69632,0.23831466330499396
232539,-0.27326236797500947
12289,0.25300440711999705
15400,-0.25916616557500394
252837,0.458565048374993
66440,0.12517509835999263
243612,-0.26104360955000416
380683,-0.2965471034200018
233802,-0.1314613033900116
331004,-0.38956553503000446
17970,-0.24751232019000913
24115,-0.28605324497500373
239618,0.251281712899996
74091,0.39521314335499547
545798,-0.24524623834500492
53761,-0.23136936627500937
77042,0.379594345219997
17095,-0.10493416325000382
20276,-0.24660733614500696
269120,0.3443773871499971
73647,-0.24025349496000326
20111,-0.1474830150000077
58227,-0.2910959404450031
84036,0.34691450612999386
30933,0.20904814382999604
214812,-0.22745995551000497
14582,-0.13385598216000894
19220,-0.3657200568300021
76273,0.40641088874999687
53421,-0.10312778225000763
93881,-0.28684449847500426
66795,-0.2770136212900045
59005,0.12779882884998983
70356,-0.10846533835001004
69635,0.17878733786499712
14360,0.1470351793249911
19339,-0.151982961315003
18647,-0.31594626418000704
67776,0.2205410924299933
17079,-0.2659064380550049
11601,0.2767943172549976
13448,-0.134342604225008
235293,-0.1439061659750065
16554,0.30762859135999676
270906,0.4067877641999962
20388,0.158255281224994
18143,0.3101699344449971
21907,0.34211056179999755
19159,-0.196374914395002
243659,0.2575652995299982
23970,0.09476826869999044
22409,-0.2775602509850055
20297,-0.22695270320500338
22034,-0.23179885078000684
226982,0.3191454552199975
17879,0.3267434704949981
73873,-0.29670372846000603
14677,-0.3928963651250035
21340,-0.27098939987000836
17153,0.27765174058999564
217127,-0.18367830080500624
78581,-0.18097809842000778
100041581,0.3281045377649967
72190,0.24644088521999752
59043,-0.3696858960500169
69168,-0.2720522255850062
75540,-0.3206045104100026
67367,-0.146446963785011
17904,-0.31677346511000426
216459,-0.31677346511000426
17393,0.32581944138499797
108043,-0.220504297425002
12563,0.27772518546999514
208836,0.26125155583999327
64085,0.23611214807499703
52020,-0.3740399159650023
98741,0.5286164671499947
114570,-0.4238790081700037
231293,0.30545923186999424
99326,0.3672370965949936
72946,-0.13273253067000645
65254,0.20460455401498656
76886,0.25995788684499743
215632,-0.19035743447000453
16188,0.12341993681999242
66442,-0.1643486807150012
67630,-0.2689058868650056
66930,-0.2899781895450011
286942,0.16372448292999486
16169,0.19297501941499284
72112,0.33953337179999776
12296,0.3468100972249948
170952,-0.34150021045500356
76131,0.2636869790999947
217265,0.31342778961499684
240041,0.17960647815499264
240087,0.12419009177498808
76263,0.14704965261499403
13875,-0.14164042322500592
56412,-0.10632531043500215
14940,0.32220029533499606
11429,0.11467790690998925
332937,0.38873144345999355
74174,0.2284223706149997
74105,0.11839887408499195
18777,-0.2269779715450051
330406,0.24815762199499458
235628,0.2471773083299995
271813,0.381625931169995
74716,0.3095228772149987
75276,0.35054380614999747
242773,0.24180200047999678
71773,0.342724775194994
244958,-0.3005503147050037
382571,0.2202514932799966
18415,-0.16485924914501027
241073,0.25276283557999646
17180,0.3470136155949981
329416,0.32505426530499637
239436,0.26607036701999665
14468,-0.3383408425250076
27428,-0.24709917798500314
81601,-0.08987614605001326
19727,0.18043175774998943
50933,-0.3012385908300006
69726,-0.2983296097350028
58887,-0.2627381858350075
100040972,-0.24868693828500543
234094,0.23396696731499667
73847,-0.17079657625000522
50796,0.16865578832999262
76799,0.08296901654998656
70422,0.3287671868149946
278097,0.17719497554999286
65221,0.2205055585349962
66047,-0.11468191719001553
75801,-0.410103170315002
59006,-0.20826738981000226
73693,0.3954643031849958
22778,-0.2588377017400134
238725,0.32063398137499766
20776,0.16116403052999217
71275,-0.37055419910500653
13809,0.2136897513799969
52187,0.3296598883799975
56839,-0.2751561962000011
23989,-0.20089227064501003
56503,-0.1913116908700081
56691,-0.30086088459000315
71827,0.261896853039997
387285,0.3812519472999969
19693,0.2263803909299984
11637,-0.11527557865001192
19250,0.36674937113498984
108735,-0.12566089940000502
230861,0.16936231913499178
17096,0.12892872488999352
12724,0.2829680892049957
71914,0.14648763115499008
16870,0.24752612146499864
19017,0.3478502585049936
72137,-0.3371088881050035
73106,-0.29313038426500126
102680,0.09479161269998215
68196,-0.1039146497600072
18548,0.27318685656499664
76303,-0.30021701989000693
20778,-0.19085518299000803
76813,-0.1909031128650085
243274,-0.29342574830000423
225898,0.11621356064999411
213119,0.23833006523999867
72155,0.37329051136999736
19679,0.19397045668499224
329003,-0.24009745470499944
12579,0.28827614703999593
244349,0.1309686931199927
19042,0.13722714468999708
210529,0.460994506749997
72160,-0.23289125934500188
68875,0.3258689925399949
19288,0.38225883352499945
66592,0.11630384132999261
20482,0.09528470435998848
74154,-0.3322553936750028
244701,0.30664691675999656
338369,-0.273352536175004
74354,-0.2372203121300025
15288,0.35509853988498996
319953,-0.1898645782950057
16363,-0.130738319320006
18167,0.28314967552999715
244141,0.21154771202999179
51897,-0.10580654107001664
66175,-0.22151340621000148
15930,0.2917325949249956
329941,0.4141312753949977
74521,0.43244741110499474
12532,0.35233261901499713
208426,0.2478754364200002
224022,-0.21332625190500387
15375,0.35161664818499583
11534,0.21176077554498995
28040,-0.15117049004000283
72351,0.129013976299996
67241,0.10929762845499624
12870,0.2844389583399982
667772,0.3033923858699943
69046,0.0959393788999936
11475,0.16152295079999313
76719,0.29508234778999487
51813,-0.19868016768500407
75124,0.2657325670249975
64654,0.16685631329998607
26568,-0.22984083088500196
67264,-0.0933889977500133
81018,-0.13352351860001832
12803,-0.19141187061500542
227620,-0.15030910810500764
54120,-0.24643156978500347
12495,0.24737870562999387
79263,-0.17176691819000478
19263,-0.30329790558000447
277154,0.2883706601149947
71355,0.20872682480499627
69860,-0.0845603806000117
68519,-0.3381474235850028
52633,-0.16738688761500153
109115,0.21559815753499123
17160,-0.2176829466350032
241263,0.3217303480999938
240672,-0.483081193520003
12274,0.3212857675299974
54525,-0.29243263315000245
104445,0.4052331932199955
103172,-0.09095661190001536
244954,0.3657312350549957
16372,0.2815994820699963
217837,-0.15190354619500646
68328,0.1983753317699959
210198,-0.23547111806500265
67678,-0.1358482545200097
12862,-0.17318396783500578
20447,0.3331625397649933
233876,-0.26964161639500617
67216,-0.27860961441500365
219148,0.18774543484999695
13865,-0.3157392753450017
74522,-0.277565145315009
224796,-0.28599796526500487
78240,0.3003935015949981
73720,0.3247427844399944
54614,0.25341226942999473
30955,-0.42519332781500996
56492,-0.3632361398000028
72565,0.7851070698499951
110816,0.11775567588499136
11783,-0.4612498164550045
19243,-0.11027750722000285
665113,0.14160671111499656
20649,0.20430648822499187
101100,-0.09584682350001472
71687,0.2083514351749991
270192,0.2836959091299973
102747,-0.15562681486500507
107328,0.20170861927499484
171211,-0.32278628458000114
73340,-0.2920997816650024
210108,-0.2953097515100036
100503572,-0.19547532298500148
223825,0.4655642635399966
19734,0.2620514831449978
15502,0.41224937768499714
215748,-0.25150351319000475
23972,0.26016207060999275
66154,0.11200867101999634
71373,0.2879745599199932
270058,0.16872633255498393
28146,-0.09109838100000722
18221,0.1135202742349879
17318,0.21104870419499688
18188,0.17739096649498798
319848,-0.2260477317050067
228003,-0.20008371312500417
245049,-0.24411571649000496
74143,-0.1455343931650095
76960,0.1893076582499953
21357,-0.09011153060000865
67333,-0.28903983717500825
56746,-0.2792341090450057
243911,0.27120082906499654
64095,0.27905770003999386
66848,0.2707684340499936
83984,-0.31141431950500476
84004,-0.16167436285001102
15444,0.2155749239149909
99526,-0.26367307149000485
71888,0.38287159040499885
243906,-0.2937993593800048
211922,-0.14365851802500806
217705,0.2169125095349962
103213,-0.2038691525550025
20429,0.4276513804699964
215114,0.279607747044996
72023,-0.14393866763000496
94346,-0.10129229530000927
67871,-0.16682241290000288
71233,-0.2897466426050026
28199,-0.0877136294500076
66373,0.14996430619499357
14782,0.1151866166999902
56321,0.11751905688499775
66237,-0.22226271856500457
83674,0.36830838221499684
14813,0.26564951894999655
320799,-0.1333104687550124
13805,0.2823329638299992
19185,0.11971543279998897
78912,-0.18393786159000935
14176,0.24492043869999547
67921,0.22102904909998422
211228,0.17509599700999434
229672,0.3383498858249947
103537,-0.19802970249000929
69863,-0.2846274886200062
665270,-0.343351907615002
52850,0.21456117402499686
74142,-0.12907792200001467
17172,0.135381303589992
13850,0.23375533738999454
21463,0.23359746595499775
16814,0.31231130188999323
69281,0.2840678900699989
227525,0.13543891724998502
230661,-0.18384954283000265
67544,-0.2585046693650055
67474,0.11514530604999074
353211,0.27968113268999595
18412,0.21104921676500155
233208,-0.10729788880001401
226278,-0.22863208834000215
14620,0.4078176966149947
102414,-0.14304165229001242
66972,0.3583588288849979
380842,-0.27653252380000515
22242,0.3546673158849969
22276,0.1527221187699883
99349,-0.1297901729100106
70235,0.13367096548499546
16181,0.3816459647949957
208518,-0.2549954002350008
80285,-0.1352232731950096
381903,0.1663554420249973
20616,0.28113919625999584
383787,0.32086542111000016
19015,-0.21263483706500885
225518,0.31289016643999856
66244,-0.10908436466500859
14810,-0.24966608093500398
381280,-0.2479449007300074
68972,0.13089612569999787
226778,0.2588466924499979
94223,-0.32054568883000734
53334,-0.12045268847000923
11496,-0.2004506268850017
231769,0.25769272884499284
381290,-0.2673124341350057
70584,-0.1263574968500052
71602,-0.3184002905000103
100042150,0.21612632138999954
55993,-0.22759656222500357
18458,0.10789126949999073
107065,-0.23384915392500272
383103,-0.24668188574500238
20568,0.13801004309998177
66245,-0.11256103318500443
21336,-0.29610307433000216
64075,-0.5859241887650057
75404,0.3289804974899968
217217,-0.25047383223000086
238463,0.26111010880999697
66277,0.4100327876899983
14371,-0.3398069000100046
246190,0.22294275094999882
213649,0.26674546924999465
18974,-0.23625140445500215
71997,-0.11655523011000746
171530,0.24707662414999554
70683,-0.2051365930200051
54150,0.256790416029995
434130,-0.3542626297750031
68198,-0.11630881195000775
213068,0.34964021018499647
11767,-0.1269143046500112
16763,0.22534578036499697
27204,0.24106980615999518
207495,0.11798634409999487
226251,-0.18604945322500832
68810,-0.31768193908500164
20378,0.3190097969449961
328370,-0.20868384055500133
20888,-0.25105308687500383
269582,-0.2872492737650023
233040,-0.2243446597200096
214459,0.3336170486449985
14651,-0.3414083345300045
18506,-0.24142016639000374
69363,-0.2462395821750114
16490,0.2547041701499957
56218,-0.30347559451999917
15483,-0.09554810216001108
71729,0.25498865724499176
75423,0.09566356271499377
22324,-0.12297793175000926
22084,0.3990212916849929
67003,-0.07749849260000552
53378,0.1291400807499894
75580,-0.1089183831550109
107373,-0.13016391992500864
22225,0.12753234324998353
54391,0.16457250674999102
68566,0.20808115460499543
18211,-0.3707654574900041
77296,0.19057340376999665
114249,0.21192272614499696
57754,0.27418269701499565
67139,0.24113171828000013
21947,-0.22221963144500245
104418,-0.10331621570000316
71300,0.3263158337599954
12293,0.20207992192999624
93897,-0.35744958243500236
67842,-0.2158600707750109
94111,0.34806244177999623
215090,-0.2834577141900043
17873,0.12349366919998772
14311,0.2451834130099959
433470,0.36575514619998994
59011,0.41573913261499484
11676,-0.13262757543500747
11720,0.3270653596949975
109658,0.1548874747199971
15396,0.16712572665000058
620709,0.2008872886499944
142980,0.2954258364849971
12539,-0.10090475965001922
69171,-0.075535107300011
17306,-0.22004636128500543
16174,0.21017928829999377
107586,-0.1307107348900125
18816,-0.3367732829350025
22780,-0.34213554874500396
233805,0.26866903340499837
246048,0.33828700133999545
106821,-0.10537492424500705
209645,-0.18087906245500163
57256,0.27695438008999584
13166,0.2077291339499987
77827,0.4949097482049911
20500,-0.2508441767800047
57014,0.2530667416199974
70974,0.1251807665649931
17151,0.1089260154999927
107767,0.14908547393499028
71532,0.21810158135498803
13139,-0.1655944399500111
76582,-0.09724230245001309
68644,0.1420337213599936
83434,-0.3082423828600076
18711,-0.256976633460007
19133,0.2833609677749953
67689,0.1331125184249924
76829,0.2858912989799971
110805,0.3462068264899969
21425,-0.13920507404000482
85308,-0.10762030211000706
19935,-0.09425417130001179
16531,-0.24674994476000478
75965,-0.27086786237500693
27008,-0.12798585971000698
225865,-0.1890530320950039
13838,0.3293249281899966
319934,0.3266779118549925
231821,-0.09301468125001655
114566,0.24893943553000009
243979,-0.18809872254000215
64659,-0.11224384201501003
20249,-0.11576904635000496
217316,-0.23149953221500663
76478,-0.08159485432000757
211673,0.11495579280998491
75627,-0.2940820072950059
12607,0.1491705663549947
380921,0.1981256470499959
193116,-0.13655172849500907
110198,0.10345677961499433
213582,0.16862627804999342
75914,0.19599608225999265
15490,-0.24193804001000352
77579,0.393520158809995
24069,0.20833063724999512
71712,-0.24325025936000255
16453,-0.2599680127400097
211007,-0.10333594390000655
17179,-0.10202132279501086
231125,0.25616754903499395
74376,0.13751714913999358
79456,0.25691971857999807
21973,-0.21229502874000428
27059,0.4481572716049973
192156,-0.25147455244500794
243725,-0.18113993238500647
64658,0.09114244331498966
71801,-0.15635477600500458
20917,-0.30490606141500365
12452,-0.2308446588550055
12797,-0.40061350857000466
16518,-0.3025952982600053
21872,-0.21618762044500306
209416,-0.12021642339500893
28019,-0.07510858029500689
72309,0.09114008249999372
74435,0.24905267985499746
13522,0.2113059744349961
27414,-0.14375392450500346
74270,-0.09691855209000799
74145,-0.10068217415001968
60595,0.09449875329499235
320011,-0.12103027828500856
116904,0.2809249639749951
30044,-0.18425117778000466
21877,-0.11175053519500633
240505,0.39991374414999736
213054,0.17077959299499046
83691,0.2805520340849994
207165,-0.1292329752500052
231003,-0.14623631405501136
231002,-0.14623631405501136
14776,0.13270205507499266
338365,-0.2619932485550036
15402,-0.15988506093000154
217082,0.22232447907999564
50721,0.12581539965999688
74589,0.20558917026999612
74694,-0.3498130678400031
223513,0.354279579204996
118451,-0.3185796991450047
20744,-0.24754477474000414
22635,-0.2783691903800012
22201,0.1246740203499872
59126,0.37563756970499185
76920,-0.26588575768500267
16400,0.2415763528049979
330401,-0.2935408765050047
76795,-0.10533193751000525
386454,0.32272066439499625
239932,0.19530011452999663
70207,-0.29858073055999945
237754,0.22777094365999417
15369,-0.10093184391501175
16882,0.2605680460349902
70799,-0.14356530903000664
67889,0.09510468514499593
17220,-0.10430401511000298
68980,0.08980529929999292
93837,0.3447229802099976
12235,0.12371757241999859
21909,0.17979302293499577
319642,0.19384031063499485
214105,0.2197421359349967
11807,0.13006410889999565
27222,0.36619193166999686
231503,0.2584181448949958
18591,0.1593650555999897
231903,-0.2661650409600025
269113,0.09851647869499125
12778,0.5109613197449958
67948,0.3594797414649955
403205,-0.19479529925000616
224480,0.2113702185449977
260299,0.3416748807649963
50701,-0.10969994710001885
21339,-0.23522005271000346
74013,-0.15744714763500767
16509,-0.2375364490000038
13494,0.14328985462499055
71834,-0.11544565247000893
435684,0.19447213907498995
378700,0.38488009349499475
66916,-0.08391061740001504
330908,-0.22076244168000247
16558,-0.19671317247000708
70699,0.10801989617998942
11781,-0.3055345043350046
20670,-0.2118238358850033
22353,0.3093326853799976
17112,-0.2594199976950069
434423,-0.3167645803450041
114875,0.1763710004349952
14814,0.24117421502999647
20277,-0.17684302535500374
17069,-0.1489958468500152
78887,-0.2750852543200084
246293,-0.20964545744500906
56315,0.2985242046049974
67605,-0.28986040959000636
69288,-0.23672286507500662
20607,-0.17027435440000271
269623,0.1645325861549889
107522,-0.30348482469500304
64580,-0.2487338165900037
69202,-0.09379126670002158
19719,-0.10753024199501304
319263,0.15687462889499493
76167,0.17649607886499297
225896,-0.0913229079000164
14191,0.17796794085499457
69917,-0.11840715005501146
76568,-0.10119720546000899
11944,-0.20347258477000318
217946,-0.18767619861000284
12954,-0.16044537883000576
233826,0.27820274587499494
71683,-0.0888900390500087
228796,-0.24787296058000763
99371,-0.2832570720850054
338370,0.3090745008949951
66144,-0.07344443120001287
226654,-0.24205102462001093
320940,-0.11885262525001039
67750,-0.1944803254650016
109264,0.26888203415999534
50884,0.11797684400999486
93834,0.10258488749999195
219134,0.26740077098499615
19763,-0.24381012538500624
234740,-0.1784777224350047
16526,0.3557302347999971
14137,-0.22059802308500487
73225,0.17262780485499007
13002,-0.13217317990000588
93685,-0.24330596192500176
68312,-0.28536882520500395
52626,-0.10275490298500678
78177,-0.16524681693500254
240186,0.217233511174995
27984,-0.20219288018500325
83813,0.3039596102449966
76444,0.4368668127099964
114652,0.2580792636999947
213522,0.24764407839499736
12667,0.3042594478249976
66505,-0.14314763783000828
110208,-0.12014578960001288
73674,-0.19255809144500802
72789,0.3419951444099967
26945,0.25993194396999586
69692,-0.0931020594750045
109697,-0.2794422883800056
14897,-0.26482224233501306
328234,0.42042425623499735
97761,0.1642809112649939
215303,0.1635336967649943
240888,0.23164725285499754
110935,0.14838679719999615
66437,0.0828718358999847
19085,-0.21108496285500422
18071,0.24432673371499458
18549,0.39575146876999323
17245,-0.27307117427500405
71597,-0.25993379049000254
216198,0.260707530849988
213234,0.27299496968999426
11789,0.20597148421499245
72039,0.2345605247199929
268878,-0.21344650827500233
100017,-0.08800301234000862
11432,0.20980000186499392
70417,0.2880813352799967
114873,0.3134299276100001
14866,0.21282817276998145
66611,0.17614661677999432
17075,-0.29397603833000474
17960,0.20811579390999801
114714,-0.1279006629000019
317717,-0.24353352812500262
230157,0.18828025195499887
286940,-0.2560277158550077
232023,0.16282522529998822
17451,0.16145087430499583
226041,0.24083653654999448
71393,-0.3475411161600075
71116,-0.09710220628500288
215351,-0.2527241270450027
56458,-0.1608120714000112
214572,-0.09665099533000188
18670,0.19082768818498863
52882,0.22462683554499963
320007,0.1476122256249912
72054,-0.12989010810001034
104027,-0.23031256322000715
12304,-0.20210311423500382
223917,-0.16695135210001055
98053,0.09338541264999733
54446,0.2301016507499991
13380,0.2443765591699978
14561,0.26823607506999725
76025,-0.2412378321750026
54006,-0.12102977582500607
15191,0.06987541704999245
16173,-0.2085321062400043
14427,-0.4448588502150024
218977,0.29740570864499594
241324,0.3258973287649969
208869,-0.09277189945000508
67629,0.24998818208499696
77006,-0.10844780741000726
66152,0.08408342689999238
67538,0.234923056389996
20586,-0.13593637510001422
240261,0.2631555279549964
330721,0.23122714176499581
231602,0.32560710124499526
57376,-0.09121910408500788
13796,-0.21475329884000427
18129,-0.13356747390000656
14843,0.264816954534997
66084,-0.09712200694501227
18569,0.1433105807999855
235330,0.2637914006849953
71909,-0.11418948979501309
20811,-0.21669134169000248
319352,-0.1618730626800069
109077,-0.27131371946000193
216134,-0.12060102903500791
19258,-0.21213173417500641
27078,0.2880604193299954
234199,-0.234562918595004
170758,0.15176882183499352
12306,0.12154689389997486
14369,-0.2216959587400038
68092,-0.24929415606500438
381318,0.2230420002199942
14472,0.2908213420649979
192199,-0.37710834149000494
68066,0.12828188044999145
74442,-0.1733248422200031
239667,-0.2889370575900072
232413,-0.17662743327500507
238505,0.1354023198499945
100039781,-0.25600852672500185
69454,0.21806729938499725
330485,-0.20963039041000364
27528,0.1650613175649953
73472,0.26828231542499736
56461,-0.17416073807000476
170756,0.3661464793099958
66292,0.11627034354998678
69470,0.07315029254999494
20637,0.0802331939999874
270004,0.24250521532999336
229543,-0.1732945995850077
11607,0.22637058107999541
72722,-0.09613854354500617
268752,0.21052508007499426
18166,0.21131395960999733
59047,0.08856875919999041
16147,0.27966591718499734
18667,-0.26718289746500234
224836,-0.3527383313400012
105785,0.35579813400999605
30962,-0.3449321010700017
270624,-0.255745780965003
68891,-0.34354910088000956
74015,-0.11475374420000328
13984,0.22007567523499638
21897,0.08348190199499328
240332,0.38400209659499707
11689,-0.14157489597000783
234130,0.2523885525499949
268291,0.2608599613449982
11925,0.3388550460849977
230718,0.17850268743499687
102866,0.24087936653999797
22146,-0.071019246250005
106952,-0.11989441533000722
231858,0.2578375753949951
330428,-0.17178109992000268
12549,-0.2926659743400055
13194,0.0800103529499907
192653,-0.22131569861000333
432779,-0.16253073871500456
12660,-0.1858661360300049
69719,0.23756504208499418
66359,-0.07656357685001325
666048,0.1531827516699975
74256,-0.11310642230500889
320995,0.3031246347649974
19325,-0.07571013710001218
50798,-0.10668032816000661
14760,-0.14303107855000707
58188,0.21752466022999428
224661,-0.22875808602000403
71891,-0.08384035488501063
56420,0.08293885497498366
17921,0.21841567223499858
18708,0.15191663468499605
14106,0.23618057662499625
217734,0.3153341455349965
12053,-0.09374914740001294
209478,0.12625267636999737
68441,-0.12746376977000473
19359,-0.24939376485500286
320951,-0.08259369560000884
67622,0.302021959519994
54650,-0.21232573368000462
66375,-0.10227189600001374
230796,-0.27222118008500473
114715,-0.19964071321500398
27052,-0.23648187746000904
330217,0.24815680334499435
17716,0.12288508339998394
17717,0.12288508339998394
19736,0.24652442086999748
56807,0.34802914338999535
11657,-0.24643956787500532
208146,0.1136794508349972
140492,0.08444632085999881
433586,0.14863190411499616
14862,-0.2219447772350085
327959,0.16439095046998986
544763,0.11957590274998786
57434,-0.31492306967500294
74111,0.12674366010998916
81702,-0.12658788768500706
21785,0.19135586479499667
78890,-0.24193534101500713
13589,-0.08150777960500655
69700,0.3234909355699944
12125,0.22920519699499486
207596,0.24384187561999804
13654,0.2785627372349939
239652,0.15841630360999792
17480,-0.2943942485050064
78919,0.18564445247999606
60322,-0.18573164592000513
56175,-0.2576878370750024
16515,0.199882752794998
19134,-0.2854824831450049
209232,0.259906225914996
208228,-0.12716880131500474
57247,0.07199518760499046
18854,-0.1374795044300008
12468,0.09464351604998456
57278,-0.23889919836000306
332427,0.21284508026499616
20299,-0.18230172067000394
16576,-0.3016793454400033
245666,-0.24396355018500682
30927,-0.2728687358250039
233410,0.08952632634999702
170638,-0.16641887216000395
227292,0.07042955984998223
317652,-0.17285765803500208
104443,0.2920280401749942
75292,-0.10865013625000586
16179,0.08480841863998734
67703,0.19581821115999354
71791,-0.34264094953500157
71713,-0.23600814028000183
239759,-0.09458117701000468
20538,-0.35037367778499995
74068,-0.3046057936750062
56753,0.34220200595999906
18104,0.272094013779995
26913,-0.11259164572000291
99439,0.0977204025599967
56459,0.13496907107499112
20167,0.1605640987199939
236781,-0.555608537125007
69149,0.17865904511499675
73825,-0.11864878901500653
73341,-0.09419981260001187
13162,0.20276816221499772
21881,-0.06429608645000506
329910,-0.2552069636750023
20021,0.14690017804999123
12788,0.12623575629499761
241308,0.1716063501949936
75502,0.12362339355999685
17957,0.282493720444994
53322,0.1804780374249919
215210,0.12357195791999587
78797,0.07386493429999064
17158,-0.07601131053000287
20515,-0.08877958440000988
18142,-0.21711141356500407
20497,0.12991429485499761
228061,-0.10156152640000826
93732,0.27048308040499824
81799,0.24741149050499178
67378,-0.3041616897450048
18025,0.303789089999996
93876,0.26351811830499683
70225,-0.10762088591001273
11757,0.10039715035999208
66612,-0.09858592765001006
72236,0.3617850693099971
69671,0.194405801929999
18424,0.27874076630499545
107746,-0.12221012134001086
15388,0.14663199269999883
71492,-0.2561901132350046
22273,-0.07987838378000944
12478,-0.11927818385001032
223843,-0.2040034121900054
60345,-0.22297164349000287
75964,-0.2882911959800083
208177,-0.2372676543450032
226564,-0.24323537928000327
22758,-0.1787822200150062
381413,0.26268986949499595
70661,-0.0847524471450054
246700,0.17935269259499798
13122,0.2570966197649964
17750,-0.21947361550000544
80385,0.13604246251999186
72805,0.21913661941499551
20222,-0.08402676300001843
13193,0.30610617441499643
11425,-0.22753495902500331
72117,-0.12202134792000585
74252,-0.07986348643000696
67187,-0.24758340151000446
109245,0.17634629908999688
70314,-0.12484553678499921
223753,-0.07175962125001334
75459,-0.26083226250500413
71448,0.12811125609998975
68047,-0.07706393355000607
52915,0.1142773473849914
269784,-0.28669797474000625
213262,0.4091238486749962
72297,0.41686690159499484
15378,0.2997091210399976
72667,-0.21057330753500647
436059,-0.20836710289500404
18720,-0.07840531005000884
226250,0.17566277992499923
26459,0.23544492659999516
76293,0.20926288623499545
21679,-0.15669861432500376
110265,0.10904865252998697
75122,0.3981329016399968
67210,0.09520775284999239
70727,-0.23519886617500774
67096,0.2303559215799984
209018,0.14481683746499208
104709,-0.09037251336000729
19367,0.08021306385498761
74467,-0.12842243287000432
73327,0.2354491334949964
77552,0.19171385969999788
29815,-0.13793445158500717
14405,0.28541831008499674
70536,-0.254668958305003
226777,-0.16987090910000724
12825,-0.22421501433000124
64930,-0.16984048926501139
213208,-0.28831558014000525
15874,0.2733410226499986
101685,0.10248293182499246
17380,0.35419356810999725
72792,0.24472467723999625
67709,-0.20219988585500426
74052,0.2181288898549969
223752,-0.0799244750700101
14125,-0.18425857147500224
103161,0.16047991482499668
97064,0.2541332199399955
22035,-0.18453803689500603
30805,0.23125650390499342
12805,0.1873961339749961
12022,-0.18308965462000337
83925,-0.18240223560999969
13138,-0.17790436831000722
72973,0.26712823065999824
56523,-0.1715372189650024
54208,-0.09191277017000488
270066,0.16232116189998536
50911,-0.1097901883000123
67652,-0.27505013534000433
403174,0.16356443548499477
225929,-0.17524943730500464
69306,-0.1722211682150041
76784,0.07215647659998403
103406,-0.37908931128000134
56873,0.2873113980549986
217695,-0.240067502960005
64383,-0.08062686714000655
238266,0.2631266285799976
14155,-0.10082761056500544
53611,0.10380036277999327
208266,-0.1057866907650098
277414,-0.11277064090001687
68035,-0.11350984410000997
109620,-0.26707889508500315
207728,-0.10923357070001494
53416,-0.310537141210002
217835,-0.18365984025500381
433766,0.2774690548099983
17954,0.22731697480499502
11881,0.3301009051599957
20947,0.09274959913999226
18430,0.1293187207000006
76484,-0.23768756098499866
84111,0.18019831658999896
15234,-0.23072358548500382
192786,-0.12466424948001276
54484,0.07325403499998373
243535,0.1836373229699948
75820,-0.17190542526000474
66949,-0.10696219240001348
14428,0.16654207197499638
233187,0.1779630224749953
171212,0.07008912249998822
635169,-0.19586429379000325
268890,0.22154233234999854
231086,0.07979567909998941
19824,0.218236288599984
22410,0.17136429443499646
381157,-0.16365280171500318
16541,-0.0929715841500105
19888,0.28370193351499573
78317,0.0852227897999871
21426,-0.21862312622000335
77889,0.09564245851999331
71206,0.41220936249999696
20922,0.10220199414998632
232174,0.21274560377999663
66821,-0.13249030397000183
228836,0.07625478654998297
19300,-0.1144117449050075
21818,-0.12520571142001025
64424,-0.12959512879000812
70394,0.0871780424049895
268527,-0.17293466316000483
217310,-0.10312242572000407
107766,-0.12552480350001538
12821,0.2134811439999984
18807,0.07373895585998902
17979,0.09554477514998538
233863,0.16200488273499225
240725,-0.23777418370500047
11704,-0.27882927290500215
59041,-0.09653733554500832
19132,-0.24617593454500186
11847,0.27811867291999537
329679,0.2916531989799944
208440,0.2855009362749943
236900,-0.1776053226150056
225020,0.0783653496949892
21858,-0.11469629405000603
228787,0.16064143788999674
27966,-0.16377090920000636
74032,-0.17558426225000723
208936,0.18481597794499693
228790,0.09625229979999794
227693,-0.10378578540001726
245450,0.2717582117199955
11878,0.24115359240999945
53614,-0.16865552493500413
381142,-0.24565282185000115
20352,-0.17170294606500303
414872,-0.15668191993500802
268958,0.13334043719999222
50523,-0.07766403502000685
74763,-0.09807455195000969
100121,0.16026620760999144
110886,-0.2170215233300019
70428,0.13480461859499293
54384,0.3463800850099963
72123,0.12350449744998748
239283,0.2563587830249965
24117,-0.3335468555700034
639634,0.26334702494499673
76123,0.12538270979999222
225192,0.23344859895499237
170826,-0.24877716537000438
12389,-0.3841980608100055
15159,0.08427148889997582
329872,0.3169676159899977
107829,-0.12050473006001106
76429,0.10201283913499637
78894,-0.18835542371500402
20526,0.3157238580349966
17135,0.08165825395498594
20740,-0.14522419460000968
68041,0.07651341746998597
71990,-0.1313824161000099
101202,-0.2186841007600009
225363,-0.18616593774000645
12121,0.2808696946149958
252974,0.17556937929000016
60507,0.255112482769996
74186,0.1782410444599969
20850,-0.12066449616500918
53883,0.1539054517449956
353187,0.23564638274499483
330119,-0.24102116921500194
26372,-0.15608746643500027
22173,-0.12826835349000731
66809,0.3075911393849964
212998,0.259723784449998
239530,0.272608777049995
67387,0.16492479741999233
68379,0.08983363840000003
353047,-0.11518438392500308
66606,0.12347792975999372
22367,0.13243563140499504
22272,0.10075366514998585
237178,0.15812285080999855
209776,0.13379595195999627
171285,0.2037361882999953
68468,0.08740592834999639
14679,-0.07518396630001156
66092,0.09343012099999193
11818,-0.26240678566500497
27274,-0.16636663821500308
13636,-0.25490906784000344
26409,-0.07123791139500568
26411,-0.1113213508500106
12931,0.362511460154999
230903,0.2464469358849959
383491,0.20243791572499914
214531,0.29903061482999593
21985,-0.08209687920000697
232680,0.21951891289999548
52897,0.18816873372499687
22295,0.17135901053999625
101359,0.15783377285499745
68955,0.23832485516999613
231760,0.30615291543999446
217826,-0.15381207711500622
76936,-0.07209303365001674
18472,0.06583826359998923
15437,-0.2551925957850041
207592,0.15683507050999257
237256,-0.17269278730000703
75570,-0.08023511516000603
320563,0.16949679642999804
77832,-0.20662919014500503
19092,0.18900686896999597
78796,-0.22892176819000554
76763,-0.32134808165500583
67665,-0.08067748137500885
15117,-0.19086682895500484
66338,-0.17836501077500477
70396,-0.059489660050017434
18173,-0.11066228455501381
108723,0.1177279568499916
18754,0.20659598718499161
21684,0.49063844999999784
20415,-0.2606646902800023
67981,0.17504561300499777
107503,0.10533421927998532
211134,0.13346985389998878
109979,-0.21417392191000495
17463,-0.108576899040008
116847,-0.20013823380500328
14182,-0.16157640605000356
74094,-0.18469653858500124
72341,0.1866161627399956
260408,0.20482064940999622
231151,-0.2503678871300057
320158,0.21772678431499726
14302,0.25069542133999834
72432,0.24737991586999675
12785,-0.07942968040000942
229534,-0.11927182160001415
68048,-0.0821866078900122
212073,-0.24509767229000534
68097,0.07558586324498862
54651,-0.15645408198000643
74039,0.0995895913499858
78925,-0.16808099070000182
56380,0.1367441431399925
14399,-0.1928289754400052
224585,-0.15931507393500155
12810,0.31842463283499667
18646,-0.07034739383501076
110796,-0.11385264758000524
219094,-0.22322120777000443
50753,0.11356575886499698
56297,0.19165087363499822
404710,0.2440219981249978
226090,0.11942275382999057
233870,-0.09335216563001048
74136,0.15019447134999186
27762,0.2504003526699954
75607,-0.20354003317000124
20832,-0.08933311120001264
234814,-0.19001282585000645
75329,0.24128248228999682
238333,0.18602488480999613
69551,0.27766647411999656
16514,0.3380865197699965
19771,-0.185666322005003
12801,0.30307751096499747
73332,0.17581297285999664
12904,0.14996122416999746
69541,0.22036648195999886
242409,-0.22187235119500137
13426,0.17130299149499795
241556,-0.15216411701000698
58223,0.1567551946499952
12349,0.17981825319998102
108072,0.24862853016999598
381269,-0.2831967502700019
13591,-0.13914858624500148
14208,-0.1357506838600102
18587,0.1894102897599934
226098,0.2290569821549986
22644,-0.10993108320001
239188,0.17081123016999378
227723,-0.12518038589500158
80287,0.06801759269999152
13650,-0.1684518819900056
15586,-0.0694714496350084
18436,-0.12253313740000316
12294,-0.12530327962000376
271981,0.34812829617499297
51886,0.2430932689949934
27273,0.14338597090499583
11484,-0.35632102872500404
108099,-0.08971481626500655
108154,0.18842461478499306
224014,0.2405369143799927
11596,-0.18953613979500306
104871,0.1666966625749957
17880,0.2633702593949976
18530,0.15857570516499608
26887,0.16826829217999695
65960,-0.1150651164850025
233918,-0.2771882475950025
72982,0.2455085083449955
55994,-0.17728899556000233
16815,0.2209396855949901
24052,0.14096855355999693
67864,0.13860300884998544
18014,-0.15004040868000512
244049,0.119069127739996
240675,0.2542455054899966
212114,0.25535640527998993
11764,-0.07644882135000586
53380,0.10046350764499401
21884,0.23653980119499618
73680,-0.2147343062000049
16656,-0.34755177776500457
238386,0.20198046306999595
108160,-0.06880872255000448
240880,0.14922197335499376
74717,0.2227289367899976
12353,-0.1975092700350034
217847,0.20448694691999414
67196,-0.17387544079000472
22116,-0.19517431049500367
57755,0.40673714343999334
269470,-0.10936123801001241
14362,0.1960657150799947
14815,-0.08752352970000743
245860,0.10871749219999494
106504,0.08209046549498744
107753,-0.2910672659650029
89867,-0.17551263468500622
23985,-0.20258826433500055
18716,-0.2182369818350054
97998,0.24340092029499605
246747,-0.22539247146000196
241688,-0.23878297496000167
72007,0.19947915004499261
319945,-0.13166546226501197
217666,0.1629339827349945
58203,-0.08664519122500103
252903,-0.076489536450012
271970,0.18179598232499927
11833,-0.1719399365900065
12585,0.12757345159997868
16424,-0.24620926286500744
66629,0.0739209732199928
636808,0.19387763169499816
69547,0.281524524799996
240068,-0.19419479005000628
192120,0.1680165230399977
58226,-0.18649254941500448
68185,0.09598497591499378
268859,0.16071387346999444
76507,-0.1728091624000041
108954,0.23012723321999573
28036,-0.13853960953500444
68564,-0.08419343392000478
18693,0.2657268940349926
224805,-0.20975587118000405
68755,0.12199991191499127
110842,-0.07584638214000528
72587,-0.10901298772501455
26370,-0.08824972015000832
13797,0.31340114802999697
108655,0.1082818185499832
320500,0.07101197554997718
12038,0.22860765359499435
18387,-0.28689327098000383
223267,-0.15500891407500728
19335,0.19940084291999627
56636,-0.1743719805650037
213539,0.2303964755049961
319742,-0.2615989311600062
242083,-0.11203412006000768
545428,-0.1261215168200014
381489,-0.154771409420003
216161,0.16379057132999364
20747,0.08698202099999186
13856,0.2490079110999961
75736,-0.09207435314000101
333654,-0.18860883662000383
54131,-0.10259159745002044
72413,-0.1496370618000049
98845,0.25994335115999423
15977,0.1422334133249965
12014,-0.12664644378500967
81006,0.17813675807499685
19094,0.11424181058498917
29876,0.08302969249998782
218294,0.09639265390499574
238803,-0.20328010823000664
54194,0.08929267470998781
12311,0.15225320234499717
73353,-0.20249491021500132
11803,0.3053965704599957
217692,0.10981691626999535
17846,0.11126141281499535
19249,-0.23179523167500093
192986,-0.12708922513000864
14688,-0.06755414022500439
98999,-0.10445825770000461
230584,-0.06404043706000273
23874,-0.10245986086000691
237553,0.19789929830999897
227095,-0.08761839345000588
209032,0.3058547485099954
215890,-0.21545654144500315
17714,0.1321233348549926
109785,0.10698600764499488
67781,-0.15135601154500478
74493,-0.3530865630500042
108151,0.1842170455949952
14159,0.09225594965498551
209550,-0.16361770780500118
78593,0.2771663196399965
104799,0.08481997491499804
12593,-0.1936404024850038
20652,-0.22032704320000462
381813,0.20923783441999877
103136,0.23160132173499193
23959,-0.13061806627000472
636931,0.28712134980999604
56363,0.2153579257449949
100689,-0.1377736402100025
56508,-0.1849674269750059
228543,0.3494454300799985
75137,0.21417808084999201
18821,-0.1982017465600041
11980,0.10918185058499308
11776,-0.11805595756500864
69536,0.15772606612499462
217031,-0.18361471017500808
227720,0.19441802054999568
66603,0.1548452689299964
77974,-0.0741287819000096
99035,-0.2180416753150034
11768,0.3575620047749979
11826,0.12406828869999131
30938,0.09592193384999703
16439,0.07751614744999102
330301,0.20426150032999502
21912,0.3260688446599964
83762,0.08318982419998733
67134,0.07827085739998552
71981,-0.2462196168350017
11735,-0.21416523414000466
67592,0.44920048360999854
16535,0.22096708399499487
20620,0.24036197146999516
23808,0.07464221505999546
229277,0.17774061894999704
19087,0.19610204067999604
99662,-0.1390248753800032
54368,-0.06909329430001421
380711,-0.1518600679600084
269275,0.15551435799999735
68947,0.20621485989999755
15199,0.1789898182999945
328035,-0.18416187008000406
12715,-0.1731399115800043
72040,0.20070331726499813
18717,0.2185347977149945
19043,0.0643433107499849
207521,-0.23383747387000842
373864,0.32115317665999843
15408,0.24092656958999692
13642,0.21108661630499492
23919,0.22192990263499857
116838,-0.14349133246000267
276952,0.2833845720999957
71973,0.09415315174998717
78076,0.19550856491499724
94092,-0.28694426968000286
211232,-0.17903124214000377
56072,-0.25639354222000144
20215,-0.20241791406000242
243931,0.18460316967499768
208820,-0.2211425659700037
20259,0.2457027482999954
22341,-0.2954985418050047
225266,-0.19858006828000718
102058,0.15620841270499586
12927,-0.1692047984000027
12351,-0.0717338451000078
207952,-0.07753742910001549
18545,0.1455048396349934
19046,-0.07481328900001216
20442,0.09038323299999185
216835,0.14173457907499598
269181,-0.1365110465750039
20347,-0.260467709785007
102566,0.1802241260099997
76789,0.13350638437998974
80902,0.22878129595499663
106326,0.10088108710499277
69731,0.07895793094998993
381110,0.14208775941999452
54607,-0.22182253912500283
21835,0.16884240657999738
26563,-0.17966133302000165
14823,-0.1317870814150015
19120,-0.29355875773500717
12344,-0.25718821704500305
217593,0.2755673413699915
227682,-0.07053464310001445
214084,-0.17354942897500614
71449,-0.19737392649999919
83382,-0.07589303320001228
171167,0.15272978876499277
11536,-0.15301252965000378
68404,-0.19663159533000218
18491,-0.23128904185000465
244882,0.2436217131049978
666528,0.1980320960149995
211948,-0.1920147357750066
22184,0.15955592784499384
94222,0.20542000946499606
12961,-0.2323620905750028
231296,-0.14034498773500204
68187,0.39650984766499464
11516,0.19023261315499873
22113,0.2954437500649969
381305,-0.05441821923500534
55963,0.13805870118999053
15379,0.16381982864499367
53382,0.20140436963999786
22690,-0.24640223968000896
434325,0.2890376917749933
11846,0.1430197394999979
225289,0.24512139085999163
64406,0.1974789233349976
103655,-0.16633854304500328
22293,0.16554687331999718
68854,0.17101699520999603
19246,-0.0594306474100037
320183,-0.30350264561500406
17528,-0.17477863048000586
27041,-0.06826205925001005
17292,0.1827532019599971
67249,-0.2251486546600061
55942,-0.08411861143500587
228550,-0.18259659433000408
64436,-0.07135774442500598
227648,-0.07135774442500598
69740,0.07437937704499298
69675,0.14467393077999624
229584,-0.19540095929000856
241764,0.18952946167999585
215855,-0.197291692360003
19130,-0.19281291355000407
20238,-0.14517780079500398
11977,-0.11600480164000793
23947,0.18138118431999617
327747,-0.22139061178000352
67299,0.18222802237499813
56717,-0.14778280491000384
217302,-0.2333465366300027
55983,0.17411450789998284
72278,0.06961194429498896
224105,-0.08479460834500507
236690,-0.13949068944500187
140571,-0.18083303442000265
14460,0.07000348029999337
54613,-0.08675124447500515
65114,-0.19063788276000615
22351,0.08331277603499387
78118,-0.24056849427500104
22130,0.425153436339996
14077,0.2047098116799959
231470,-0.15158223539000382
380928,0.21575318506499475
12856,0.13820877320499836
54519,-0.11278176001501272
319713,0.14417492600999626
77044,0.14888141415499412
15559,0.18690893325499802
72881,-0.08215726746000662
11905,0.27494831018499255
53414,-0.05750358817500256
12705,-0.20656904018500377
100048658,-0.17516067789500145
13197,0.1414035836299874
243910,-0.07971685940001016
13711,-0.18246961095500325
74302,0.10666990749998462
276891,0.2027286838949971
56264,0.17991054440499266
97827,-0.18341079893500467
76051,-0.13542257134500701
213575,-0.22906026025000603
54364,-0.18242778519000247
18994,-0.1636899079500016
240121,0.2173149164699959
207785,0.1896977345099975
231872,-0.06138432239999503
241494,0.12654941762999794
217648,-0.2067337307950039
19691,-0.09321358194000595
107368,-0.2517872965700043
13807,-0.25261024609500815
16977,-0.25261024609500815
216560,-0.12903554536500383
216859,0.09635532924999346
216858,0.09635532924999346
70892,0.185834642169997
382913,0.11940966035999834
17708,0.05282965274997764
17709,0.05282965274997764
30054,-0.22008406194000196
109648,-0.0872178519000073
241230,-0.1301138706650038
17258,0.11926716213999455
104725,-0.0764468477650091
66959,0.16857961438499824
50528,0.16768142757499716
213109,-0.11496097648501014
268482,0.14895551200499435
244562,-0.16833034733500352
12589,-0.2434890499800053
69017,0.1348732970149995
140721,-0.19884542524000448
71768,0.09277402563999759
17387,0.18657874597499813
105866,-0.15448649644500367
574417,-0.22879366618500718
13731,0.1743338799799954
74486,0.12068140824000029
74978,0.2123051772849962
83961,0.09567895613999333
225608,-0.2532405135000042
117109,-0.07726832845001042
233210,-0.17130308776500502
13490,0.15141694313999654
328795,-0.08011332607000732
229782,-0.15818811993000814
228839,-0.11809756067501098
330267,-0.15393562463500388
11745,-0.18591517931000467
71562,-0.08961378338000969
67391,0.07855945929998498
16521,0.129203496884994
232973,-0.1824451431450056
319734,-0.16432743961500407
16891,0.1521256051399975
320938,-0.08696126530000825
26361,-0.11060092040500269
73809,0.17227356409999572
192287,-0.1882604325400008
232035,0.16056400658499292
20751,-0.06951034397000377
16560,0.13357290985999448
218613,-0.09733658168000403
77411,0.19144374042999868
242735,-0.15152304103000436
225341,0.15760797996499143
192950,-0.2859479654150121
71474,0.13373950033499593
245038,-0.19936910145000386
71514,0.06488154426999415
56045,-0.08926360810001555
13506,-0.23977890303500304
17992,0.07946318844998501
246788,0.17274183829499679
12591,0.1718211366399962
230734,0.10341544140499614
19395,0.05633155074998797
217011,-0.1429971910400054
208677,-0.17900052923500454
52662,0.1644104052399955
27404,0.20437359133499822
382062,0.057304023999984466
57442,0.22590578723999766
384214,0.30178529052999536
217344,0.13201100521499498
244682,0.18074030068999702
227700,-0.049053219450005514
67634,0.12166449745999719
228355,-0.08191397470001327
75564,-0.17920812153500432
16890,-0.16250465094000344
110532,-0.1422166322750007
13346,0.08183802296999865
319719,0.12581134033499453
67150,0.09327024051499677
66124,-0.15472217679000444
11567,-0.12195179916000232
14042,-0.21019415537500485
270049,-0.2380722394950041
17901,-0.2510839303500063
68895,0.2334937703749982
213081,0.1896764913349971
101187,-0.12975611017500732
432763,-0.11062530521000546
13390,-0.174626672800005
217219,-0.22146082839000192
99382,-0.09579418372500825
224829,-0.16622686114000418
56490,-0.06935829265500892
15394,0.24196597024499678
75572,0.15669794492499456
234515,-0.09262271886001017
240055,0.10320131079999406
22026,0.08383375363999157
80986,0.1547273484549927
320752,0.32346588483499694
54630,-0.1288644739850069
243958,0.06905536601998996
73230,-0.16180400936500172
106042,0.14392300152999216
76640,-0.14218821882000832
75734,0.10313419099999344
14163,-0.13444080361000132
68703,-0.16862711760000426
71599,0.17730510202499516
22193,-0.11545337760001573
76453,0.24056726452999744
74775,0.06826417269999574
14127,0.09071173484998596
11666,-0.2114413846750045
50780,-0.061407977700012495
14394,-0.1404680604000017
56741,-0.11805248638500165
71877,-0.22464852653500422
70427,-0.17968226123500752
70572,-0.14034142130001204
94279,-0.06696864011000336
14283,-0.16285619611500612
69228,-0.0989846065800064
27219,0.42897516010999626
68205,-0.07512458348501205
241196,0.20858923380999705
238555,-0.1744743990700055
232976,0.22542165201999076
77593,-0.11353078392500215
320234,-0.1354169721550047
269389,0.22671748123499835
226025,0.16118991227999757
232493,0.20014518753499644
270091,0.17469940307498888
58243,-0.3246387617500055
74682,0.19246117925499728
226781,0.15008005115999623
14804,0.20946602720499685
245536,-0.1275491833700091
231070,0.18177100465499496
19221,0.18420125980499602
69754,-0.0999828414000099
241490,0.07333653204999013
68385,0.170895808889993
20495,-0.13354706028000862
381112,-0.1609657243500049
68133,-0.07126704324999977
56418,-0.08115771388000503
238257,0.18420498457499512
20256,-0.22301488749000598
68874,-0.15906408228000313
70433,0.19554811987999887
15275,0.08411765919998793
100737,-0.17898110356000796
231876,-0.2119435805000025
20218,-0.0781839773450077
66082,-0.10237220953500614
21899,0.09445861927999388
68214,0.1340259904599952
633979,0.18111630058999584
266744,0.23158537433499538
69028,-0.09885080369500976
76294,-0.13078406858000413
72787,0.16678118046998858
83815,-0.07499567539001006
70383,-0.1428847006949976
21855,0.05615399614998928
21673,-0.19246261615000648
217194,-0.23901207862500318
237400,-0.23821319398000274
23872,-0.0613785542600116
230828,0.18504521392499784
56389,-0.060918177100008464
320267,0.1877762794099942
240697,0.16019598118999356
20563,0.22869118834999647
78816,-0.10124984384000868
20655,-0.046943757900008265
67763,-0.06986515190001441
67291,0.1257386490499961
219149,0.13918836636499332
209378,-0.17294118587500584
12970,-0.23022216957000996
210162,0.15269381769999324
67896,0.30063050814999404
69784,0.19544616762999834
93735,-0.18910244607500548
224705,-0.07222223650001425
72795,-0.05328561070001747
16452,0.052222357449988266
16150,-0.06381187929001442
56212,-0.07845834210001179
192188,-0.15431158100000353
107449,0.15272875491499738
170771,0.17166597305499653
240913,-0.15012876523500385
102614,0.1525399552749951
619605,0.06698842249998904
21960,-0.13120585360000447
54401,-0.05402764110501046
72075,-0.0503307713000094
20979,0.189526687454995
23920,-0.088743594300011
110891,0.13508191978999573
237781,-0.1841408277800065
236727,0.14045834677499602
106407,0.16655952885999525
21689,0.15446391070499876
67393,-0.11148841650000918
13512,0.14282371647499836
20813,-0.06589890090001127
70408,0.1812825512749976
101861,-0.11276022178000655
102032,-0.06077045115501001
140781,-0.14337067347999977
237860,-0.10259850929500836
29807,-0.13949236609000248
77110,0.055740940654986915
238330,-0.07586611260000886
20474,-0.12961298506500718
76580,-0.07407095105000572
380918,0.12680243999499385
75510,-0.2327643826800041
338366,-0.0695311359500117
12259,0.18665306481999755
277468,0.24766468761499771
78908,-0.2335788253850044
223499,0.12069505784499324
19291,0.06626012656498936
67290,0.12030209066499165
11858,-0.22914436147500172
320869,-0.14166151472500577
66230,-0.07140860068500743
242248,0.10248609349998183
270685,0.10989451882499068
18984,0.08459934514999468
331046,0.1585985097849978
212377,-0.09110610660001761
66929,-0.0742669784400114
22289,-0.13393221674500744
227746,-0.17704011268000475
69305,-0.0980158918950007
234366,0.08935846344499865
244416,0.09808346459998774
225872,-0.17581064430000204
15251,0.15136532419999638
21338,0.19954753185999508
238217,-0.3647738534550058
70785,0.08433827909999358
20462,-0.14881796571500328
18607,-0.052883953760009206
66734,-0.1318584426800049
74443,0.17869252191499818
100978,-0.1474417845950029
74237,-0.18464091887500356
12616,0.16338007581999658
11932,0.2410984023149938
269633,-0.1537320767050021
320460,-0.219383537985002
225030,0.19528004929499598
77809,0.11549224741999176
17388,0.1951792905999996
20682,0.11225781905999543
56543,0.1361336845699892
20163,-0.053848524000015274
208982,0.18728901183499902
20660,0.09379948304998997
76499,0.22754584171999603
20657,-0.19871046072000276
378425,0.18483136708499615
18417,0.10202700454999825
211446,-0.15609859962000439
21808,-0.17506034916000246
242466,-0.13730195369000242
216860,0.06277874142499407
102423,-0.15758463439500137
319370,-0.050054827850003036
18858,0.10532695176499107
12411,0.1370348141699953
68054,0.20365271266499585
69710,-0.09221636985000892
216853,0.05132397212499029
68614,-0.07788577168500765
29820,-0.2206485042350046
67128,-0.1476679345200056
320747,-0.25852836253000433
19885,-0.25852836253000433
21350,-0.12441478336500467
56398,0.08691031689999207
56485,0.19805114369999943
140806,0.16277879224999658
52713,-0.06315252522501247
101543,-0.1953293248450061
11669,-0.060574430650012445
69312,-0.14797705902500358
320587,0.22562599708499542
13710,0.178486227534997
238880,-0.22681506413500196
18002,-0.05876921440001226
57890,0.1089368401499975
66326,0.15652601722499604
71345,0.16544050628499507
16177,-0.153025125255005
22377,-0.05729695785001354
104582,-0.17026679736500272
11518,-0.05688790650001785
66427,0.0947869135999948
16969,-0.09402591568500718
192651,-0.17643309929000228
217331,-0.06179423748500845
13110,0.17415760954999993
22045,0.10851543212999504
241528,-0.24673434043000375
83410,-0.05223910502001239
19712,0.09976328534498968
69627,-0.1544016825400023
244885,-0.12814023414000353
11684,-0.0691635458000075
328789,0.17974336522499534
11775,0.16531209858999496
17201,0.35695156509999393
20860,0.14060987859999496
272551,0.1917963080549958
380773,-0.059886927425012004
233079,0.1090241701550001
668929,-0.1780242445500022
12557,0.09515865161999759
76832,-0.159762504875002
266781,-0.054311615850012984
329547,0.2545917790649952
448987,0.14231064031499763
237926,0.15368893633999647
668433,0.15063053356999578
101401,0.11426345445999697
216028,-0.09366747784000262
17168,0.06221489973999539
328365,0.1009497593449904
227120,-0.23115855033000177
239336,0.18696964665999527
76265,-0.06055221780001219
68796,0.06907852308999018
234724,0.12287348147499699
230674,0.07311399051999423
22688,0.21420815368999158
15550,-0.2943388741550068
16492,-0.11585774823000605
12228,0.0898681899499909
13163,0.061613744199984666
72195,0.2505733563949959
26938,-0.19480826198500267
78834,-0.11364541240500259
114774,0.2224477136949936
74338,0.16298814875999668
77697,-0.14016426812000127
269536,0.06106194224499184
73388,0.12935714466499704
54422,0.14610050152999854
55934,0.06162077354999873
52250,-0.13301727920500062
330319,-0.11585814357000235
269604,-0.13906602800001622
12672,-0.1255173035800059
59125,-0.051992667350008404
22668,0.07631715656498628
67217,0.12039779038499754
68671,0.06022913639999139
11820,0.14538052335999474
668110,0.08366555395499553
98711,0.23860377017999657
83379,0.16998067845999287
15160,0.25651993324999545
77286,0.2841655436799959
80750,-0.10878832062499999
18488,0.16179594072499626
22421,0.14892989981999705
70601,0.08979021073499105
228357,0.21191409524499738
66229,-0.10471686927000601
56699,-0.06556736194501234
381823,-0.1943623494100022
217351,0.1059740311249957
14123,0.1400771758649917
13645,0.06922088339999632
320632,-0.08230307678000415
74843,-0.1237387985250109
78795,-0.14198530767500372
14011,-0.14487055089000567
66648,0.10790317126499271
18746,0.05377679079998643
237422,-0.09443058016500405
52466,0.11766099160498822
20370,0.17414177401999664
13848,0.051563022599985686
69772,-0.2331413899850059
26359,0.09234331167999743
66818,-0.08189607606000582
17189,-0.27907342685000547
107146,-0.2810333831250045
12955,-0.10309050305000866
631304,-0.14307205660500255
347722,-0.18466867155500477
381549,0.11979092371499611
77963,-0.1603989688150076
100340,0.24406595608999737
13593,0.18893858741999603
270163,0.16600543272999424
22229,0.08342571119998432
13389,0.18544926285999175
108112,-0.11327309672500796
215819,0.16398242144999742
69453,0.15357053081999927
68014,-0.11663885493000237
212898,0.15605530862999384
16950,0.11226093880999244
103743,-0.16263460516500494
71183,-0.17790081011000503
242122,0.16372412130499558
69962,-0.1155846186650038
27260,0.1316801293549954
57437,0.08684914259998244
22428,0.04633050909996683
665525,-0.1296489671200023
73316,-0.22171905163000494
12426,0.160435937834996
320118,0.11235259244499218
231727,-0.13985893472500388
75563,0.12026834828999444
269116,-0.12027506614000583
14121,-0.12107069084000344
327956,0.11719211630499737
18132,0.13616349603499778
56095,0.10084983974999329
353148,-0.12108475507000538
18291,-0.131557107080003
11624,-0.1679964734900019
224440,-0.06694372615500654
101314,0.054578192499986855
14812,0.15964092968499255
382010,0.16673987637499632
17773,0.2418666085199952
71254,0.15442880381499702
73379,0.13434714264499537
67068,0.048905967249986304
70616,-0.07891322259001043
14079,0.1984663532599953
110862,0.12837581734999493
242838,-0.15532500872500332
107260,0.09116153623499201
18414,-0.15102270820000108
140498,-0.11845081736500251
232878,0.12169982408999935
56207,-0.05059615447000709
76454,0.10245311279998148
14799,0.12276572239499473
18997,0.1906873055649978
68344,0.16525211272499796
70884,0.20391691020999803
21388,-0.11861957885500374
330953,0.20060541947499466
208943,-0.18907255410500445
67027,-0.11594221148500683
14547,-0.05970982416000936
214425,-0.18228988120000134
14463,0.1332634387699967
18108,-0.11749450942500506
235587,-0.18272916759000424
208098,0.16772197143999712
242443,0.18997634664999818
67573,0.16305079168999548
16581,-0.15406725369500496
27354,0.1245351031949955
20775,-0.1439154781350016
193034,-0.16681867173000198
67122,0.2184178908649974
22349,0.1407538118349958
67554,-0.14245539584500122
78913,0.14234122456999376
14598,-0.18448108652500395
241624,0.15760604724499494
101513,0.052307718799990965
71690,-0.18045063059500244
214766,-0.10675241331500196
76251,0.08542353956999094
244310,0.14081138540999483
19707,-0.095078005475008
56406,-0.09565458826000217
72568,-0.12343623053000563
23821,-0.17879751367500685
225164,0.1070753025399993
105445,0.1457088484049991
268706,-0.11123706097000507
74626,-0.10659632354000603
666060,0.12312962288499696
269870,-0.1423072498050031
94242,-0.18092827306000014
13421,0.1190552953299937
69020,-0.07920093538501405
54373,0.1460659657399943
78134,0.15557750541499438
242620,-0.16941479008000604
66952,-0.141438081105
69253,-0.141438081105
23857,0.142741029384994
80890,0.1939141877149977
22439,0.1850205193299974
67819,0.04801129774998891
18013,-0.14540116692000637
207958,0.08645422089999233
66282,-0.11293900536500345
210004,-0.09445941172000705
74375,-0.08637999370000493
22051,-0.07763150769501159
71911,0.06215741238999506
68797,-0.22235328115000375
269713,0.14750230847999468
70497,0.05192709654998673
12823,0.15850304887999833
214384,0.13879419892999945
407800,0.15167916623499744
66971,-0.16067590016001
16597,-0.1163755660000052
52184,0.1768269885799958
381457,0.14216055464999755
12317,0.05505267194999064
17865,0.09825045749499495
83395,0.11880914955499566
17128,-0.056564616355004205
18040,0.32005078337499615
26879,-0.12783539850000647
14245,-0.11115004401500794
16599,0.05970566364998575
103775,-0.15207018659000537
230726,0.16109221428999376
241516,0.14693627136499554
231130,-0.07775226245000866
14314,-0.13652289856500222
209446,0.051227838669991144
16904,-0.09405740178500643
224092,0.06103781617999182
64293,0.15640323426999592
11416,0.1483400996049955
21825,0.06325102327998877
109910,-0.06898124431000241
19362,-0.16875116783000088
11571,0.1395912147999936
98956,-0.11135103490500864
67795,-0.22454533227000173
77891,0.07969439109998788
213945,0.17395704200999562
71310,0.13288412460999588
30942,-0.13580626296000275
214568,-0.1955104883850023
50782,0.06340358355499909
208777,-0.11564808464000409
54377,0.1529379024049966
232854,0.11059223273999397
229541,0.06252143194999071
54447,0.13683575240499746
21678,0.136472922744995
20787,-0.17135512045500256
20017,-0.13086589318000463
57315,0.06410168103998792
20609,-0.05085399960001169
53375,0.06458458434999237
217653,-0.17036503232500166
15430,0.1768673233749971
12822,-0.1356663664750002
104245,0.09484217641999759
23924,0.05368793832499463
53869,-0.07096739059501367
223697,0.054150535449975834
69481,0.12815516845999486
195727,0.1329293983399964
12957,0.10293176458999564
74691,0.22456771398999287
22788,-0.18207258570000295
67568,-0.13275610076500222
208188,-0.1195966782250033
227618,0.1804132474049971
50766,0.1633957474849952
14257,-0.11586805516000442
71765,-0.07084504635000144
114741,-0.14350938459999973
239691,-0.15303808490000748
242894,-0.10394106158000493
67914,-0.15440861295000463
67615,0.07119466269998576
231093,-0.1316474012150044
54376,0.09876764911999825
67020,0.19660397700499566
17182,0.15383804344999907
104252,0.04775416515499664
21407,-0.17701895374500243
67719,-0.13413175181000447
76707,0.08565016295999328
66468,0.14234423118999384
246782,0.06698557923999005
241612,-0.3699313553300074
235439,-0.0394143424600113
214804,0.20628497890999764
13664,-0.058721000210008256
213053,-0.14665520975001023
244911,0.14278390542999553
12867,-0.057765570050015924
217882,-0.06519358340000991
16477,-0.14399709928000615
13867,-0.13792020826500417
211064,0.10550743956999753
22779,0.15009757603999319
19354,-0.08356917020000765
58180,-0.14517324625000594
72027,-0.05821180135000681
80985,0.05518785669998394
234311,0.15486127559999652
21337,0.10481867079999496
50914,-0.08826602557000385
330409,-0.15697302090500642
432516,-0.14100471513500779
207911,-0.15640890468500235
105513,-0.052282997400009634
328949,0.12430810527499814
67844,-0.07007033785000871
17855,0.041271022294992576
13688,-0.058862165750015905
67473,0.13095980648499728
12753,-0.17901533798500502
338362,0.19591189400499598
30785,0.08050273371999506
14165,0.08558418199999718
319613,0.1241206593999955
243867,-0.10297347862500317
56626,-0.06089273800001038
74257,0.0516602774999928
12145,0.05853803954998682
229615,-0.15276427673500148
13498,-0.15008819075500845
104394,0.1520052261449969
11441,-0.1684710605700035
208659,0.10098873783999718
13617,-0.16612960646000552
71943,-0.09447555939501306
67085,0.10574696154499419
58231,0.06062005689999239
239570,-0.03764398220001297
432677,-0.13882666599500348
83490,0.0817216106699945
195359,-0.11229435855500292
98258,-0.04397505447001038
65103,0.06797136644999036
329727,0.13250442797499673
269585,0.12275863636999151
20501,0.09468814545499615
64706,-0.16779576628500337
21366,0.055394456804988224
71263,-0.13662536099500233
19698,-0.06500385388000574
207259,-0.15577887801500134
22195,-0.04188381950001485
22223,0.15184768312499886
320806,0.06604035857999158
19713,0.10920354414499611
18072,-0.24735096579500349
66871,-0.1296933237700033
17684,0.06429846080999368
20443,0.13809356079999446
268882,0.1298876687599959
19123,0.1664788024749937
54126,-0.05615016443500309
194219,-0.12981025088500564
14580,0.1345465723049939
12006,-0.13200764699500223
71769,0.16714932754499667
237542,0.16714932754499667
231128,-0.08876379200000883
17294,0.06420130719999584
15469,-0.04878749600000809
11838,-0.15566202427500464
100494,-0.05886737698500433
21894,-0.08273222760000465
11855,0.12250608538999508
74762,-0.14586292710500803
107934,-0.14098723600500485
13041,-0.06383671982001182
105675,-0.06318400543500591
18563,0.21056814309999083
16998,0.089915797299990885
108934,-0.05583829711500776
24087,-0.10380726627500181
215445,0.09284963618499464
16005,-0.14576267548500432
74022,-0.05590479948500793
76877,-0.12549418950000124
18021,0.08617510478999169
232345,0.10782946724999842
17330,-0.09434859329500433
15112,0.14432037459999947
66789,0.1778767975499962
64009,-0.11823156731000672
19344,0.14078613128999784
103694,-0.09724097853000302
107250,0.19981170658499803
12331,-0.04796174070000703
71869,0.1466858946799956
16834,-0.04539211715001734
18584,-0.13966085021499985
19091,0.15384266395999546
19224,-0.0869682961350069
76497,-0.040913647800019604
93835,-0.1480746207700041
18175,0.0831146068249966
268281,0.11776275443499706
29816,-0.10085998777500382
18218,-0.17394861744000245
57390,0.1983277802950001
13874,0.1371073533849967
22323,-0.04518629910000804
11864,-0.16336627789000335
66627,-0.048878931770008904
74591,0.18154115817999594
16168,-0.11132438106000375
213527,0.20530693451499715
15163,0.07012596594998577
232975,0.07896212323499086
19701,0.12037710288499781
98660,-0.13420983142000287
69029,-0.037307844000011414
18484,0.11323644157999668
269994,-0.1066713695850039
16399,0.07539926664999008
12231,0.07972361964999308
78772,-0.12948383426500154
20537,0.13610720341499594
77055,0.08130819399999822
327958,-0.10115549456000172
74737,-0.1043398720900024
50769,0.14997412465499682
66423,-0.1840061682950047
235033,-0.09698059070500342
216154,0.03555172659999073
12263,-0.1269524261650039
14962,-0.1269524261650039
14702,-0.04524354060000135
20514,0.04887663963999955
21391,-0.06019152311500342
68730,-0.0475295337500139
66904,0.16029468375999745
78733,-0.10180622043500342
14169,0.18329424937499272
67200,0.05078673819498736
100213,0.12692260955999846
14682,-0.048200820490008844
276829,-0.16530666865000487
233651,0.10291178846999793
66264,0.05236027290999168
244694,-0.1303972919500005
11655,0.11910887292498806
11841,-0.05639918685001
79043,-0.045222910200021005
27278,-0.16400228038000542
66395,0.053035095499994966
23796,0.10024684339499768
229011,-0.07358152213001112
67968,0.10352769404999496
50912,-0.0849182889450093
19126,0.12877639098999616
18976,0.16298133268499715
74362,0.15438570973499655
20522,-0.12437314490500384
56644,-0.07005371270000893
12534,0.1414765101099995
214305,0.16453883772499722
50932,-0.07338692494000654
320415,0.05314618809998528
434778,0.14421373933499515
381678,0.11922718409999433
233246,0.12183069042999595
329738,0.07547963219999954
102098,0.05676880764998771
210148,-0.11702453982500494
75590,0.15930389256499655
68153,-0.0534327956600098
13350,0.1280361323049899
330188,0.1304127261699981
13870,-0.09474084768500468
18571,-0.05917297862001014
72931,-0.03741651280000724
245622,0.27749742395499544
74499,-0.13886237938000345
107686,-0.043802611950015446
69511,-0.0882461349100021
19883,-0.15063858852000678
59046,0.18673809160499566
84095,-0.09534614547001041
66674,-0.12254919229000727
13046,0.06555491559999638
381246,-0.1765462509600031
320685,0.1348124142849958
67231,0.05716566470498741
20899,-0.1301079205100013
217335,-0.1303639055500021
19084,-0.04874993215001311
243914,0.10946223562999169
320226,-0.11411241262500216
332309,0.09736544350999576
64656,0.03710927259998975
252868,0.1609845102999965
26561,-0.1537410431300037
77485,0.11999879084499598
331461,-0.17165699397500056
18185,0.08693047759499661
23992,-0.12528724587000806
29861,0.09180553709999906
78832,-0.10375031488500408
117158,0.12750431917999805
215095,-0.1865842973250036
16180,0.12090063348999536
67809,-0.12528816459500547
73062,-0.07014975183500916
12819,0.16882462785499897
66066,0.04727736079998479
14225,0.04127403179998268
70370,-0.14824128927500135
66069,-0.05773380485001045
170728,0.08431791920999032
67849,-0.06173846458000476
68159,-0.13896864003000342
67618,0.09144671761499445
17926,-0.0948030691400028
72074,-0.11297341207500278
70885,-0.07099431459501027
223666,0.04886565402999388
223665,0.04886565402999388
53623,-0.2613347163850044
72649,-0.10482426443500437
270151,0.07554917919498827
236285,-0.10749849744000173
70031,-0.11918274425000597
12799,-0.04085627895001487
16194,-0.05622373180001361
171095,-0.1829799803300043
22413,0.15594131385499832
78806,0.11529188376499677
117160,-0.13413418174500347
19671,0.04959835902499243
66813,-0.1605438661000047
14632,0.13555726135499935
14767,0.10150717915999552
108943,-0.16757565823500542
11529,0.08628834615499548
18671,-0.10584862519500504
237560,-0.14756582945500707
68845,-0.03833203370001037
217718,-0.07821876759000901
72404,0.13506321256998977
242125,0.18641231041999617
16403,0.0695731633999852
240832,-0.05252379079501068
224860,0.04390780184998633
231580,0.08239146106999229
15205,-0.09165468162000323
12445,0.04124887484998396
50772,-0.0635005412650056
20741,0.1348498729149954
544817,-0.12523778305000643
232801,0.13322840552999704
78541,0.04950575897999343
76757,0.1065944476599956
71693,0.0888188648799959
110962,0.05615341601999191
18027,0.12306435184999653
66142,0.05840253849998511
69900,-0.11670974637500464
328381,0.11674492146999516
18537,0.045742507849993785
17199,0.19499573850499718
20404,-0.16227260619500328
75901,-0.10455204819500796
71968,-0.04270853500000982
239096,0.13569830644499792
212632,-0.11592956285500389
20617,-0.05004540210001451
66962,-0.10477208876500121
232371,0.1418571279799945
16536,-0.12068117250000254
78783,-0.044112288360011576
18815,0.13943811614499824
107371,0.051846085894991845
68760,0.07166242014998936
22671,-0.1367838876900045
17210,-0.057624801300008244
76917,0.13931894431000025
319586,0.09664447725999459
101118,0.11126986492999524
66077,-0.04303529035000864
226922,0.1848499253149969
56226,0.1568368917199967
11815,0.17996727335499596
107971,-0.1883576020150035
22368,-0.046712926145012545
100504689,-0.1253766100650031
16775,0.14425470329499834
233744,0.11742722361499691
218624,0.10172952553999792
75388,-0.09693054672500168
11992,-0.07320732260001428
50907,-0.051038584900013007
239318,-0.12463527069500246
224020,-0.06742042185001118
77041,-0.15070802392500937
67448,0.13711892418499616
328572,-0.08676912629500055
14622,-0.11494913400500284
69480,0.10321799965999645
19155,0.04991665395999334
215690,-0.14274685063000536
78321,0.06519039154499318
242505,0.17379418026499582
53357,-0.08010857902000446
12928,0.04181173766498958
170788,-0.0755188514100027
76483,-0.05391238666500442
21841,0.13741617548499452
66643,-0.13581820696500113
56711,-0.11249084692000366
14421,0.05338706174998897
78388,0.11208472280499393
16665,-0.17101598216500324
71207,0.05241602864998818
208431,0.18937419628999663
56522,0.09989095969499795
14871,-0.11597137667500501
69083,0.09609195255499792
71472,0.05349260720999638
55981,0.1433546498249978
74580,0.1394421870499949
140476,0.14071264674999817
23832,-0.1544890949100033
66273,0.09254093371999073
26971,-0.09714706557000508
16513,-0.0929225869700061
18787,-0.12943493833500375
68567,0.17334943350499765
170823,-0.06213940946500962
23882,0.043625234309990546
22360,0.13087986448999622
72254,0.07415452320999183
232943,-0.12615372393500568
14623,-0.08292820540000534
54667,0.1694711382899956
19933,-0.15835489501500355
321007,-0.12927355279000352
67418,-0.042842603045007976
67645,-0.11663871782000701
64242,-0.11165621630500411
243025,-0.13135329006000607
13845,-0.060636809100012456
14699,-0.10899116876500425
69542,0.06162683973499705
22762,0.1025516277149956
216739,0.1990922066849965
228094,0.13234679845499553
68961,0.037239251799990214
81909,0.08577409119999224
20148,0.044229818249997166
55982,0.12185362928499366
209027,-0.1180253112000047
24046,-0.10079339311000624
98193,0.03232295354998804
211480,-0.14550417526000237
68166,0.1437196941999952
21683,0.2168275417999963
12336,0.03553926049998957
435811,-0.06721233092500123
233271,0.08949523142499727
12211,-0.10717830248000926
59308,-0.1463748337200026
403175,0.12624740981999594
100504183,-0.09916804497000165
242851,0.06202096737499607
66296,-0.0971138576900028
23928,-0.10401859925000334
269437,0.21246135294999613
56384,0.05297698957999408
11774,-0.04655708817000459
15110,-0.10612130386500507
97820,-0.054674972350012396
14151,0.04048494849998008
56612,-0.04226174785000758
107476,-0.08699904375500722
229715,0.10109341010499584
19179,-0.04048658425000795
99011,0.11390939561499103
18968,-0.13603318456500268
209512,-0.08632707627500436
18019,-0.0756781070050021
18053,0.05164015619999418
100201,-0.0842180418300078
56805,-0.083547328695011025
20129,-0.16730870506500262
230678,0.14744064854999728
328329,0.09962491161999232
16589,0.04089139944999154
16186,-0.06446865790000977
96979,0.0731212996749937
72898,-0.09184785227500303
54353,0.046761811399996134
12267,0.13597969821000166
11921,0.07558721781499855
104816,-0.13210777385000583
381983,-0.09229852275000239
73130,0.06045419077499403
235533,-0.10504773988500471
224088,0.11832796794499156
19417,-0.0808222516800039
78306,0.10351347999499616
14748,0.05615015379999111
76768,0.12559468650499817
14161,0.13023018502999673
97212,0.13357892161999452
229714,-0.09567499119500233
71985,0.042442582099990744
235344,-0.08853610458500594
18521,0.03337566994999541
257635,0.06537939126498671
78651,-0.05416175735001083
239554,-0.10698589187000529
107995,-0.1256076901200034
320538,-0.06674189293501165
11705,0.15733990344499738
192192,-0.053090265055013575
71709,0.09700627320999633
26422,-0.1056024556500037
69538,0.11483442875999561
171504,-0.07349734576000877
73046,0.05070374329998195
76965,0.10308362946999639
13511,-0.07789425849500553
20849,-0.049396306005002444
20754,0.10104469452499565
140557,-0.1476723791950043
12469,-0.042510598950006084
329251,0.10368374258499635
56631,-0.08312966469000482
83436,-0.05052693688000254
66290,0.039622731999992666
23971,-0.09944075965500865
213603,-0.17515645875500496
229302,0.13248113037499376
64143,0.05075897833999221
72145,0.09588617690499612
237831,-0.1111601463350036
13035,-0.11245095356500823
385668,0.2525596877299936
70873,-0.12364037081500179
54419,-0.10800254058500425
14080,-0.10514657980000397
57776,0.12753415117499678
20449,-0.04439630772000669
26424,-0.09277071272000148
74492,-0.09084796490500402
80914,-0.05339513877500934
266614,0.10203569087499442
18033,-0.047309371830000835
66882,-0.030696367920016954
53603,-0.12806296196000266
109218,0.11603905201999831
11771,-0.05373856205501326
17133,0.09191209922499644
207182,-0.1446582769950031
11993,0.05451348364998587
671232,0.097919201549995
268780,0.13582853631999603
192176,0.07523442699998739
76365,-0.11087115603000441
18760,-0.13096002482000202
108760,-0.0877944023450028
237362,0.08004536840999998
224938,-0.05381728237501271
26382,-0.05993473953501294
54352,0.06696628379499803
107528,-0.04435768928000394
77532,-0.10590094080000956
224813,0.09810921823499541
20321,0.10159238159499662
110593,0.10378861234999892
11827,0.05361877174999741
433938,0.17203640867499548
11907,0.06690998927999647
104248,-0.07792248659000212
73182,-0.04567620632500358
215653,-0.0462287750000101
19214,0.12166183474499936
353310,0.062112757499997784
12741,0.1477060133149939
234086,-0.12043184263500084
244448,0.10167839564499603
210009,0.09532039076999776
76282,-0.0666348383700095
192195,-0.11936531344500612
75826,0.04234877633498968
83922,-0.10598993823500269
217716,-0.1316384528900043
381798,0.09866642253999647
170752,-0.13473574378500341
14806,-0.09254045783000553
66407,0.031790734474995475
320111,-0.0931519595450041
243574,-0.11288051668500465
433292,-0.12823810363999932
72141,-0.13513650469000327
547176,0.184535808939998
105835,0.05116395869998769
66255,0.11617650450499362
217138,0.12259017640499748
71046,0.10663298985999514
17913,0.053483351389992606
22793,0.04805654439998719
16680,0.11919283949999882
108155,-0.05664371155500625
241525,-0.13669417284000351
622645,0.12878862596999596
74840,-0.04475071360000982
57138,-0.062476747365005636
12319,-0.10149364760500568
107227,-0.05490066628500756
76612,-0.0600280083900131
19088,0.031229709899985636
77125,-0.12056085532000438
109205,-0.14297045775500283
70466,0.1251790805399966
380728,0.06985533371998898
54609,0.08333950776999632
18431,0.09059342302499696
381534,-0.10119339001500238
56316,-0.07637553418500431
71971,-0.10636115169500204
216871,-0.07014062504000451
238896,-0.0667638830300028
327766,-0.08760142576500307
22210,0.05211573149998472
56697,0.05744236895499455
68938,-0.03994598307501285
51786,-0.07753712185500738
269959,-0.07966605896000267
73139,0.07566144104499628
263764,0.15373049351499724
545389,-0.082882721855003
233987,-0.11510879654000217
18771,-0.1206300751050069
100113398,-0.08912087550500392
16875,-0.11351698507000396
72672,-0.07502975755000385
67895,0.03521582014999147
103284,0.042699161364994964
20878,0.07862561890499631
192662,0.04445285439998159
209239,0.10826509557499531
20351,-0.04409590765001248
94191,-0.09646571605000442
76183,0.11555142882499503
76895,0.04199571531499302
22145,0.03272734444999159
218271,-0.0422693526750102
216881,0.09910319187999628
17755,-0.09363989656000538
94090,-0.07024450350000144
75416,-0.06384655497500713
27374,0.05737510789498934
74243,0.06762026340999228
16494,-0.10615521615500434
17428,-0.04761499100001032
78808,-0.07051213580000404
11837,-0.02889191920001366
56310,0.0426140152199892
12847,-0.05468885772500798
320051,-0.057968021630002475
70864,0.07610296954999729
320844,-0.12962849442000168
212937,0.15634517981499751
66497,-0.06495497710500509
67143,0.04664771610499141
12167,-0.08906411326500274
20665,0.09324474835998675
217198,0.1316044197399986
53892,-0.05258601190000434
65972,-0.04613986260001113
619289,0.11823572836499707
216439,-0.03605029467000875
66079,-0.04117001981000712
76779,-0.05095182207500848
226470,0.052665194509997626
23876,0.08862125501499696
66671,0.09381130883999145
212541,0.10278163636999338
71481,0.1107643367699982
72307,-0.046084162765006376
194237,-0.09183770412000491
16183,-0.030976718550009608
18203,-0.030976718550009608
27359,-0.05030588815000492
16421,0.040926834799991596
69399,0.09515099786499537
74229,0.09182699778499348
240816,0.09548298829999524
22422,-0.08319291552500374
77031,0.0418355675999873
331487,-0.10169442249500715
100986,0.05223098325999498
207607,0.1165186487249974
93966,-0.05220279430000474
109272,0.12414889545499452
114230,0.11767554951999637
70024,0.14073233088999526
320360,-0.13578110867500248
67516,0.0630861347149958
74121,0.11564566494499573
20402,-0.05908995853500887
214704,0.10097557477999519
14612,0.08851959262499598
382113,0.15966042646499767
228607,0.042996731609990846
57432,0.05537406952999557
242721,-0.036033297600008396
14676,-0.10724392223000656
76223,-0.09910996326500499
14715,0.11963891607499644
71228,0.07430910117499678
67867,0.03348461452499407
74020,-0.12010571038000517
76299,0.07236453891499384
66722,-0.11066505083500289
240665,-0.07527467493500417
386463,0.11832433880999726
217864,0.051148669799987445
75739,0.09661954093999903
224090,0.13666778737999596
109145,-0.03353293474500596
13048,0.07823115027499838
72267,0.05406840584999362
55947,-0.08638584240500435
67252,-0.07753329296000455
21888,-0.10970026121500354
18993,0.12925153974499537
75507,-0.09445491378000348
228677,-0.1090691454300039
18222,0.0825637330399962
73466,0.09331189388499705
15529,-0.1316599767100035
666279,0.1597475243049966
20346,0.12232474995999532
20492,-0.08001214445500704
67224,0.061903854439993466
54124,0.08586939361999502
14088,0.1285770364649954
19654,-0.0505463058300073
67468,0.03751728414998645
67569,0.07323220250499718
240690,-0.0645457847000026
11555,0.062213789834998146
14859,0.08575408777999538
140489,-0.11028119648500345
68337,0.06862542820498874
16151,0.07116470768499283
71365,0.08223227086499385
112418,0.08679070144999645
73047,-0.08632849078000504
218038,0.13053113234999536
16193,-0.08056092595000308
98415,0.04331992424499198
108686,0.09188584086499496
381686,0.07050661474999531
69721,-0.11920089861000438
67578,0.07569480913999804
70928,-0.08432846457000132
382051,-0.06421464644500485
22376,-0.03466011100000799
68802,0.0888650725599982
665180,0.08145134621499572
72124,-0.051204525495004205
228777,0.0649565169949895
231583,-0.09301898959500576
56846,0.079885610659999
114602,0.09277847664499372
216505,-0.04296131605001108
320713,-0.11556958591000566
16331,0.05275233089999354
78339,0.032912749749987924
16396,-0.041244320540004153
54369,-0.040169910310007495
19345,-0.040619519350004296
26949,0.10833957923999726
225724,-0.07243643614000472
56706,0.07962942701999065
13497,-0.06266665194000431
243967,0.058339053969994836
66601,0.09340094754499395
72482,-0.03555270426500989
56044,0.031789625949999234
546611,-0.11862635389000298
26942,-0.08428320281000268
71099,-0.073156277935011
69804,-0.034027481060004305
12671,0.10773559289499968
55990,0.12016868490499677
237987,-0.10999376509000136
12305,0.0780587976349949
69748,-0.03828960280000615
74268,-0.032305032285012913
93961,-0.07527800913000338
327942,-0.08502290291500225
56298,0.07289960438999454
56012,0.07778636831499774
268739,-0.10997149970500475
22590,-0.0306287469500095
207209,0.1085686317249972
213171,0.09297377856499534
16322,-0.08358157545499978
30052,0.06348830804999572
20589,0.05715947515999975
83560,0.07858715949999429
67758,-0.06959996079000463
73919,0.11655385512999672
53605,-0.02764054424500806
240776,0.11443021758999494
12374,-0.09088804698000663
67929,-0.12828773061500254
27062,-0.09989515760500378
12933,-0.11009485558000609
227624,0.04231165097499279
22169,0.0805292262949946
108811,0.07702117967999689
18679,-0.0554580575050041
107173,0.03113128300499568
171580,-0.04689608390000366
83433,0.05830574168499325
211550,-0.05935383219500778
218989,-0.12932300604000524
20773,0.059982965459989046
217378,0.1447407835999961
245877,-0.035614429100011336
54123,0.0801502681499926
27973,0.03092162174998947
74019,-0.09054743087500272
21925,0.13110152984999512
223774,0.13271472650999527
67161,0.09394599952499583
56847,0.05766338496999612
68846,0.10247307274999784
107568,-0.09125602051000303
22059,-0.10331396993500697
54608,0.08724236917999484
217149,0.029884687549987632
246198,0.029884687549987632
68169,-0.0899794639800029
18736,0.0664214826099987
13618,0.11729160592999754
246086,-0.11412052448000143
76652,0.0807267414849977
399558,0.06287888658499519
140630,0.07525963948499381
20340,-0.05809888525000595
16572,0.05455565759999814
24063,0.07347959248999736
100045792,0.07310314101999582
212772,0.037240908679994966
14778,0.12638788848999827
67729,0.08130572080999965
15432,0.07023851147999638
13876,0.11587713250999832
233887,-0.04170776156000677
171180,0.07013761053499667
12817,-0.0646328583200022
22415,0.08462593090999704
19672,-0.039045567080007615
12686,-0.09888572231500303
12798,0.030123642499990666
21412,0.09197505149499818
11836,-0.03922684515001329
14263,-0.03519569195000827
71059,0.04146098489998806
71101,-0.10361462935500043
14008,0.08216651964499899
26419,0.10736525006999909
15530,0.1288148957449904
67049,-0.039559846825008904
207704,0.0701237421849914
53417,-0.08868498915500034
20473,0.0761602540749946
217304,-0.05411215310000905
20618,0.10409805333499644
19023,-0.08118342047500304
14085,-0.06030544835000651
11477,0.09940636832499461
114142,0.05724046765499313
17279,0.08753873373999754
105732,-0.142140207350006
231452,-0.034473885035017915
16432,-0.02387262070001661
19273,0.0737796799399959
67728,-0.04314661265500597
20656,-0.032197087300001925
11632,-0.036682692900017244
228662,0.07742693035499482
19127,0.08580519134999776
22337,0.07061243036999709
382253,0.08882675046499955
74035,0.067782501599992
107221,0.10913514936499702
14275,0.08853448788999785
217109,0.06378919428999374
67123,-0.03826629180000651
14595,-0.027533385490007944
12560,0.15341578558999203
14865,-0.07869870490500297
18633,-0.02636741952501076
110648,0.08843988613999532
56229,-0.09559465734000172
68058,0.037549388754994695
226999,-0.0828965265350039
20336,0.07524554994999377
15929,-0.026917622450016054
103199,0.029625569849992317
100043757,-0.07885346982500696
106628,0.05716452349999557
57741,0.03743876049498951
67075,0.045869134014992596
13058,0.050606210844996724
67434,0.11301825568499702
14089,0.07423977057499798
18302,0.0956655207399919
68585,0.039137679759992494
109254,0.07638737411999719
118453,0.08385702383499583
71838,0.030527097244997137
14313,0.07805040769499705
319475,0.06128179322498539
627191,-0.07330854383500407
17281,-0.03551203469500486
75288,0.08157667268999624
15245,-0.09130425250000496
433931,0.06678401795499589
381605,0.05695865602499417
14616,-0.06365020113000375
71861,-0.06486797076500306
21400,0.080495552929996
56838,-0.1032561655549995
70052,0.08237292545499741
330463,0.07281125788999265
381339,-0.05778775416000581
66805,-0.0898955925000049
59056,0.07093052981999648
56632,-0.035341531500012735
77766,-0.08096853299000717
77090,-0.08827849221500284
71829,0.0907974727849985
11842,0.029390282849991678
16971,0.06123865557499464
13191,0.03479546394999389
64452,-0.07418598384000497
68971,0.0950706868199962
15925,-0.09025157837000197
66513,-0.03373506896000045
11307,-0.04331184345001304
17929,-0.06275533960500468
67121,-0.07416611140499896
224139,-0.038067706200017426
235527,-0.09238201137500157
17920,0.12202534120999786
18979,0.03783912141999668
16527,-0.05160906136000154
22401,0.07193205148999748
18575,0.08354759667999634
226976,0.03491870373499495
20476,0.10211897409999615
94213,-0.07236148170000778
14375,-0.03448701994000736
68202,-0.0345488030000034
29873,-0.0800631569100041
56739,-0.04363217569000799
239606,0.04175910521999615
229595,0.07764301028499432
15203,-0.06227589539500045
17988,-0.026612346800009234
230126,0.10855864801499404
108148,-0.029208245900004925
241568,-0.08297547145500328
84505,-0.07328874603000735
69354,0.07640664394999686
67684,-0.03644114230000994
17906,-0.10946914756500448
80334,0.07553143076499502
22283,-0.07815370440500446
71804,0.041012031249993086
22275,0.05960558089998358
320299,0.11718046783499236
93757,0.04934574167999273
69837,-0.08653853536000877
67610,-0.03682864286500909
58172,0.03125246239999058
11889,0.09514801870999712
93872,0.0810744099299967
75221,0.028016060244986818
18806,0.0858846543249916
14610,0.0856519242799969
100072,-0.0687072181550028
105450,0.07460227589999535
78653,-0.031744616600024145
104383,0.10040545589499317
67416,-0.030536781025008786
208884,-0.03215561188000926
21406,0.047564252259992834
14615,-0.06040506175000315
244281,0.06936182213499675
52276,-0.07561812922000577
18546,-0.08507657887500741
56013,-0.09462209346000083
67182,-0.039200860150016226
65116,0.03125509767499146
68146,-0.04881758271500658
78833,0.025295259749988475
73324,-0.08479065515000306
381538,0.08114632772499686
14065,-0.09320437385000258
77951,-0.06665455606000581
14149,-0.02969530439500545
192190,0.09842273790999512
13599,0.08116155616499432
16002,0.08090484661499797
75828,-0.07394453928500333
268396,-0.07611254481500396
14658,-0.11251789233000054
23996,-0.025182017250005018
75729,-0.07809511888000564
228942,0.11947527226999721
71893,-0.07116439600500879
215854,-0.057942550295005724
56085,0.041427552159991166
227960,0.05855619745999441
231474,-0.08757050870000382
223658,0.10278224261999558
14256,0.027818834499992562
66880,0.06847055101999455
277432,0.06539274500999914
12877,-0.07217497323000499
74245,-0.07288020145500251
75196,-0.06293959518500403
70060,-0.06863388140000426
78798,0.05141998520499058
215194,-0.0355867933500118
231866,-0.10884205881000364
26932,-0.06842006004000378
12448,0.06331060417499534
75869,-0.03416498865001216
14709,0.1030900756549955
24064,0.08664507755499606
26570,-0.09838701820500395
75219,-0.06745757461500368
81500,-0.030242430525008857
170734,0.07688600192499484
21410,0.05857477882499751
52463,-0.05695725341500424
108841,0.06105397603499263
22166,-0.028871266750009283
73916,-0.043901447190009435
18613,0.031116352839999806
224656,0.039463674964986595
20450,0.06589875041999615
76850,0.04652301467499509
16351,-0.07615921491500366
210801,-0.060195454640000534
233033,-0.03795014894000737
330096,0.0730836898999967
18004,-0.07686303741500211
66147,-0.02581905970500742
13612,0.05916496943999672
66449,0.021342164949992082
52076,0.0836982848999952
13590,-0.05832072251500264
74552,-0.029123175100002285
433485,0.09124882995499828
17181,-0.05930307515500299
270893,-0.09808955840000344
22637,-0.02901974180000977
226747,-0.032623779180007695
56760,-0.026489127200010287
68653,-0.03595486934500691
211401,0.0672757271399993
192140,0.07608492505999465
15485,-0.06631109438000227
263406,0.03909935549998522
329502,0.0613890687850005
66235,-0.027623184800006584
73713,0.08462773371999832
68295,-0.031503661315012366
210622,-0.0506487435050067
227210,0.05243303905499186
243912,0.07592771715499591
69752,-0.03343532171501096
209815,-0.04106796252000855
12914,0.0242323814499823
241327,0.0993985074949979
319660,0.09791425407499688
58988,0.055049231704989765
23831,0.11512307799999544
72479,0.0356110469499864
97487,0.04245048294499565
53895,-0.03048849258001418
54646,0.06998400636999769
271786,0.06138142239499578
75291,-0.08354786003000747
106639,-0.04443782123500384
170750,0.026593846649994646
14459,-0.06736792368000533
22348,0.04490280151999748
75622,-0.08154847649000363
387515,0.06464630941999783
170644,-0.024114286490007686
170780,-0.078623685140001065
71147,-0.06097600021500771
319200,0.04443848253499594
13508,0.06239993861999604
70713,-0.06197941670500473
14660,0.03594368121999203
94061,-0.04254612435000471
14805,0.07843755015999676
21687,0.0705657222549978
73068,-0.03711931645001343
218811,-0.03711931645001343
382864,-0.036464487850005334
226744,0.032230639364991376
434903,-0.131104028295002
14051,-0.0744793531500001
14772,-0.0679612584800049
71954,0.052792763179992264
80292,0.07146336283499721
70675,0.03532789791998692
14287,0.032786103834999025
16678,-0.049016824265003756
12380,-0.038833501910004564
17475,0.04238204491999831
78558,0.06572807175999618
240753,0.06110099535499591
232313,-0.04949024656501244
236930,0.0288053445399985
72167,-0.041721388990000996
435285,0.07105416007499077
214899,0.04370557721999546
110595,-0.06798380134500404
74096,0.032210033749988654
70999,-0.03031308112000719
68992,-0.06512025218000517
20248,-0.05978210584500321
67052,-0.05111333701000831
226162,-0.034819293605006685
241431,0.08994170058499407
13394,0.0713510514999971
20339,-0.1238281382450026
72778,0.06657352436999764
22129,0.024785225679989864
60441,0.06409475334499781
78506,0.06136571895499632
100039139,0.11183470598499667
19332,-0.07137931444500634
319196,0.0854695765499982
319455,-0.0569752864000046
215707,-0.025229784950017375
210673,0.07145149647999727
16198,0.07911492514999896
14248,-0.03240811140001121
15201,0.09650884125499459
208650,-0.07409373087000493
72201,-0.0879387952400057
66120,0.055969079939997
218952,0.063587183009997
72053,0.03414572330498977
436022,-0.04333273159000495
170625,-0.034267541545006
21846,0.0617767825399973
77945,-0.04097547438500371
18606,0.08991986236999683
75317,-0.06191142345500378
382077,-0.06150275425500418
12156,-0.060044119960005915
57436,-0.023172227500008802
242341,0.05344085951499533
12909,-0.018374407245016044
50905,0.07344590599499945
21826,0.045546527564997774
108000,0.06700362604999732
14708,-0.05335987921500873
11500,-0.08245707208000663
226539,-0.07421352894000499
108911,0.03887723651499009
72230,-0.0799445762600044
14368,0.04487154089499601
231327,0.0809549765799975
76491,-0.052007287975004424
106763,-0.066108992350002
269060,0.09604950373499843
68926,0.03250296626999294
239250,-0.062239863480004765
109778,0.03595240412499745
14936,-0.036652517130010054
22160,-0.06716698956500178
56443,0.02716934845499175
245469,-0.07439559656000672
58222,0.022151818224994457
65111,0.022979440749992364
70598,-0.09541587868000523
101437,-0.03185336894000379
22757,0.025891185504990588
54711,0.04056809202999112
12773,-0.06304722740500335
108909,0.024103626269992517
109857,-0.07050865667000394
244556,0.04340287059998715
22024,0.07345359354999692
13603,0.052057151079997865
67480,-0.05531443120500423
56737,-0.05610111607500734
11777,0.03234660030999059
74133,0.04329745903499704
23801,0.06050109194499598
73649,-0.09387034211000334
67731,0.036077383259996765
52717,-0.0223472756550116
18783,0.04107347023498775
67586,0.03143102283999433
234852,-0.0194537470900098
22004,0.040911154384993154
230558,0.04732771592499363
106338,-0.04596551493000689
70054,0.04719611315999783
13609,0.028197184499989092
15445,0.10527182932499635
20529,0.07506691538999544
100504234,0.05403201688999726
53404,0.05900259056999779
11298,0.051663014529991
71836,-0.06419962107000377
381259,-0.07359979617500478
218820,-0.06713149556500486
212531,0.026753221449983045
213326,0.07196068186499716
16816,0.06413995343999712
12854,0.057234928639993576
53607,0.03514766385999302
219038,0.053324154124995804
16867,0.0785396981449944
26556,0.05684550640999664
631797,-0.04827324316500592
171207,0.02733259869999749
53619,-0.05187784958500963
240899,-0.061008727825001774
27979,0.02753238192999241
20667,-0.04364181788500199
11602,-0.056387035480003345
11491,-0.05979720067000294
11923,0.09100701224499508
110078,0.029121424269991536
319594,-0.04836555664500786
193796,0.025901285759990955
210741,-0.06834482753000426
244879,0.06261783625499451
70779,-0.03774417133000174
219181,-0.05432253870000636
18232,-0.08183327340000268
11600,0.02956825576499078
107587,0.05941245502499548
69780,0.034799538674990416
67959,-0.02768512888500929
21405,-0.06431058605000484
56351,-0.01884916285001026
16578,-0.05396473409000535
242570,-0.03897881474000364
19773,-0.060870256220003416
630146,-0.04621385807000511
75079,-0.0555237361450045
17311,-0.05137255506500349
93891,-0.07955057969000245
63953,-0.058346514725004184
213248,-0.05949603490000399
14652,0.06071218247499477
227290,-0.022595140325011087
434246,0.06510786335999708
18948,-0.05258958724501195
21954,-0.052231206045004974
27373,0.021679196129992917
27096,-0.02526464975001197
217124,0.02091152264999252
380840,-0.052106942360006236
52430,0.051470029639995474
225443,0.09930316529999672
226551,0.0583177845399927
22038,-0.05741135969000055
252972,-0.024949505850010212
22215,0.0617356855299942
17392,0.09108976984499684
66844,-0.06222811667500139
69592,0.04246164137999431
66985,-0.02238060612000936
72184,-0.058590950975006884
50778,-0.0698697712050027
80908,-0.055152738120003875
19820,0.06481116108499485
18749,0.018861295749987406
329795,-0.048847370735002116
66141,-0.026181835700002765
241919,0.08227088086499768
241289,-0.07146204661000333
67492,0.04165488575999898
16414,-0.024512781650008364
83671,0.049063240844994915
101631,0.04886178313499734
14919,-0.07007634062000445
57277,-0.0737981581799998
20334,0.04917203341499654
15926,0.059377290014992035
15377,-0.052349238795004194
24127,-0.06710308859000413
69698,0.05670047225999486
54371,-0.07721222431500419
230676,0.01922373464498861
75750,0.07683429591999902
234854,-0.033314115840006764
18703,-0.07514486408500298
319322,-0.023247323350007676
22431,0.03054765951999583
21414,0.02477518559999048
223780,-0.05952801691999987
100504663,-0.020619323760006303
242259,-0.05097590750500558
19943,0.0180864841999977
17872,-0.037997834050010226
74451,-0.015129316250014568
16790,0.07392262690499596
67596,0.02122088483498885
76826,0.06432572289499294
140765,0.04180131067499282
11844,-0.02114450730001316
22388,-0.018211710500013467
226304,0.05194755039499377
244757,0.06060540386999813
224897,-0.039012360570000126
328092,0.05637912764499475
20686,0.04154703500499224
74159,-0.03942721023000573
20317,-0.057705792590003746
56322,-0.06215111706500309
21356,-0.01965892865001173
383075,0.04261271975499614
209456,0.06349391154499795
244144,0.052806438889994034
237615,-0.033702808140002816
65102,-0.020778822965008104
12419,-0.06926691342000169
12896,-0.019193865420007228
21789,-0.04788719042500311
72205,-0.026207400235007228
232314,-0.03717548636000778
320910,0.03815424635999687
107765,0.0682369765199975
78267,0.06846599847499668
72560,0.06020039677499733
71323,0.054407113974996424
20471,-0.09582205542000155
606496,0.017947097699993364
78330,0.01676607824998655
12364,0.044151219674993136
20494,0.07408146610999866
17869,-0.042033685700006096
98932,0.01864123769999182
66492,-0.017900009200012335
626870,-0.04488780199500253
233115,0.05412540057999138
20687,-0.06796861112500441
213753,-0.03581531615500655
497113,0.055390796799996256
71132,0.0476891897499927
78803,-0.05898997531000383
70426,0.057869991954997424
109332,-0.051747893230003505
16675,0.10007237021999416
69371,0.037183666125000236
18130,0.053345116929996106
71586,-0.03659757175500822
353025,0.05915704090499663
69938,-0.06244532837500394
68626,-0.024316085095009043
240239,-0.05447910825500335
13601,0.02097528619998812
12462,-0.024919504970005946
73094,0.054162267174995726
242093,0.053873205094995935
236511,-0.049853631255004416
14158,-0.037833320295005635
114565,-0.042546642780004085
50915,-0.048936238520002284
30939,-0.021619168600011562
13854,0.015407880499990867
207375,-0.04638676691500354
72033,0.07510438319499535
16551,-0.051307589840002166
51938,0.08873826606499513
77739,-0.05114444678500396
214901,0.06189526994499506
75766,0.05788857213499554
380969,0.050355944969994404
20810,-0.028296392650007718
108086,0.020717630514996088
319670,-0.06513448213000128
216197,-0.06844134057500373
239556,0.03895022893999389
68818,-0.016554224850009902
18476,-0.025332301305008187
214189,0.05679690939999871
12298,-0.052758626075003257
54141,-0.04296635479000521
19649,0.04637177559499506
14234,-0.057021310325000574
66259,0.047730187619996034
78255,0.019739896189991057
378431,-0.03922804439000416
13982,-0.048907634825003043
224807,0.03057418515499144
50817,0.05444514152999691
20866,-0.01617134630000905
234344,-0.020600615390005572
60367,0.05551834182999471
214855,0.01635651664999571
18440,0.03744246815499741
66696,0.04540530843999768
240633,0.061304368169998735
237930,0.04649347865499642
22099,-0.0168064948050084
17936,0.017160143344993273
21393,0.08652832083999762
17381,0.06651538968499793
24099,0.0434011226899953
76571,-0.06463228679000643
14237,0.046812571309994944
54411,-0.01899056180000791
68815,-0.02061771794000755
20350,-0.040945770620004485
73660,0.04311659944999713
70472,0.0506193941599955
241576,-0.024523788350016673
245670,-0.048282772600006574
75646,-0.060173130895003535
12790,0.05299206325499828
22288,-0.06245854253501104
68693,0.02728578293499595
12345,0.015571524599991449
76980,-0.03643305349000192
74055,-0.05640724484500481
20877,0.09074602587499614
228012,0.013697203394990254
110809,-0.018170316260011532
328967,-0.05263387060500069
74148,0.019193105789989673
66801,-0.017106138105008384
67537,-0.04860892266500416
54167,0.01953165828999026
227331,0.025306737369989563
17523,0.05209927363999789
319965,-0.019987369450014114
213389,-0.03888973056000555
23957,-0.07105495430500275
227485,-0.04816013207500314
19366,0.03314253932999289
57329,-0.046309158970004205
68401,-0.017520252450003326
70423,-0.04365859744500877
70354,-0.05177413956500576
70560,0.05292990521999652
242100,-0.06807866565500476
18627,0.04692210042499756
237253,0.03147132716499623
114143,0.01669823774999024
12640,-0.04492743397500387
29871,0.049043856249993745
76890,0.026878119099993825
382985,0.03883173848500121
22355,0.03956987990500016
320292,-0.02090177248500602
12700,0.0640693629699971
17219,-0.019738280050013657
245683,-0.04468618230500354
328779,-0.05966100674000341
319197,-0.02780225577000106
574402,-0.04860224296000215
73677,0.028479050489996993
213498,-0.04100239114999926
67974,-0.0428596439900053
54390,0.01824035167998872
227801,0.046798066644989866
52563,-0.05635261782000356
320709,0.04457558444999776
13361,-0.03706195615500363
76900,-0.015684549115009716
259301,0.03982702285999595
240064,0.03363449792999562
67445,-0.060695739440006946
76217,-0.0515933115650018
74470,-0.041704268000005484
70810,0.08632004574499774
12466,0.04697803748499485
73723,-0.016594947700014018
54636,0.02387111839999001
434156,-0.033206722745004136
244202,0.04499538135500014
16671,-0.03227724849000424
408068,0.025286887489992083
67010,-0.02023455843500699
209586,-0.012282098200008917
240667,-0.040017801830005695
52428,0.03918384616499804
328258,-0.030518404590002657
193736,-0.03466753031000458
51795,-0.041417212280002946
56436,-0.01637735938001228
18010,-0.012360856850012425
20779,-0.046979614845001016
74648,0.03672409598999682
21827,0.0405454597399979
66383,0.01894737459999085
69060,-0.036761054795004355
210356,-0.04338891906500253
212712,0.04696518063999777
99138,-0.015111793350012448
26946,0.03426956570999895
75141,0.025615067859988905
63954,-0.062098113090002904
12501,-0.013656297500014958
14232,0.01380944279999241
66530,-0.012417840050009232
67296,-0.027085700550007807
381810,0.04361516878999705
67846,0.03555609595999609
12516,-0.014064701400002377
226049,0.04397385553999644
17698,-0.01853292610000956
217733,0.06498177322999599
217951,-0.04487867387000399
240025,0.05225402061999418
230696,-0.03738656043500743
100502841,-0.04108828702500844
214791,0.03269246816999605
244891,-0.02255738707000532
66183,-0.036583685925004605
231691,-0.059620591675002554
29813,0.03330873413999491
381853,-0.03026538224500097
20475,0.034111686149994824
407786,0.07657405835499631
623279,0.07467669037999514
99480,0.014828940299988602
14020,-0.02833045576500215
83672,-0.02155258391501036
225432,-0.03657624817000471
26406,0.013243063919993858
22350,0.01668949869999281
57314,-0.02072876575000393
73681,-0.03690626228000493
77706,-0.03322846996500406
22284,0.033469368754992956
216001,0.011352744849981278
101113,0.044440201714993854
69540,-0.03610521648000731
72082,0.05540748535499418
214230,-0.06677790555500618
56417,-0.013166926900009202
13486,0.017060512114991155
19144,0.04061532543999746
226412,0.01773666856999334
237459,-0.026315171315008712
103963,-0.012112767750005915
56874,-0.03435996176000433
235050,-0.03824836767000317
75660,0.013858749589997998
108083,-0.018037461760007645
19326,-0.012511652450010402
272347,-0.026903373970009525
140917,-0.042759064910004696
216156,-0.01806540359500719
239796,-0.03645386575500442
12455,-0.0402707852400086
117147,0.03760793712999799
53321,0.029896687609994643
22673,0.03920742003999944
20181,0.0350206713249932
216613,-0.050712966500002565
29819,-0.03575310660500808
107701,-0.021647557440010345
22342,-0.028314766955005677
73447,0.015592100675002385
236852,0.03249419025499645
17120,-0.018624729275007468
72258,0.05407162880499605
98256,-0.014819466440005868
110749,0.01619594371999078
72003,-0.03810909652000305
11634,0.0456175192349928
76943,-0.04165096276500435
16373,0.03978597874499723
226040,0.02896910854499657
76338,-0.015323629320004528
93739,-0.013704410100022102
72393,-0.03184999978000036
235584,-0.022342135105006378
21750,-0.01669895281000855
11551,-0.025598924990004157
19051,0.03662773338499914
243963,0.024552874475000763
66618,-0.01240076605001228
16529,-0.03688872212500627
69724,-0.01143510580500795
332175,0.04833981044999103
11938,0.03336653579499593
77407,0.011665055349990183
77065,0.03656815267499347
26458,-0.018957485525004536
20648,0.017918296549991553
23892,0.06347204176499543
67226,0.012660242519997311
433813,0.04030191868999289
66096,-0.011111214900006772
102774,0.03559921027999291
192113,-0.02696644487500066
242642,0.02952114343499579
74568,0.03650236117999395
72077,-0.03796726883000323
20911,0.012630548299982891
243300,-0.0345240619150049
21941,0.02411593882499652
74316,0.013400743004993387
94253,0.021266520649989573
235567,0.024292890769993747
105855,0.017439206649994432
17346,-0.012320153765008612
20724,-0.07254041833500269
116873,0.03651802761999701
52690,-0.013496862380005581
52837,-0.032172435860005955
14528,0.03429230474998768
74239,0.01731176250999411
23827,0.0337223070249939
70166,0.031431843069996024
239766,0.03294563440999765
238455,-0.030687252485002148
68758,-0.013005748390005678
238055,0.03657953047999829
71722,-0.019139693250012968
66283,-0.027933889380003407
22691,-0.03366275239500105
68188,-0.014205205955015288
16011,0.025172049544997854
22685,0.03564278370999574
320165,0.01232612076499251
80905,0.0310181379099963
382562,-0.03582396129000376
12330,0.012197666674985896
72181,-0.03434873458000709
72832,0.05839258919999635
22414,0.025570245634998656
384009,-0.012592941670009239
102920,-0.02901348560000372
15422,0.03434784668499624
234825,0.010323601199983656
230837,0.030183807604998947
107815,-0.021395477555003595
94088,-0.05225889065000633
116731,0.026835089029995096
109242,0.02365448374499568
74012,0.024298507119996593
18511,0.0336223474349957
12283,0.010045197049990406
71723,-0.01991374222000708
27660,-0.04249206495500424
381580,-0.024085755520005137
215015,-0.021406786080005347
78284,0.03025575681499726
28240,-0.03251141714499983
53857,0.016095135089992496
17847,0.02684703554499457
217038,-0.008427426450005271
74528,-0.02766417235000418
67801,-0.026903843110002157
239027,0.030677082519995125
66109,0.009953850349990745
109305,-0.016466624580005806
228850,0.015270496754990148
54137,-0.017630666590005006
214112,0.018874687639996335
244698,-0.03282687920000438
20511,0.026322726364996107
12395,-0.028036140890004724
66422,0.010451011499986507
244071,-0.03727566907000579
17874,-0.011833836490001914
19651,-0.01909252975501019
234700,0.02753431968999731
21816,0.02259143979999445
68233,0.026514976219994768
66870,-0.010409423500009396
24113,0.023096197444992583
545481,0.04295274611499611
17193,-0.02524300822500347
72454,-0.013221658655007573
278279,0.04269335724500056
233733,-0.029375117565002995
329278,-0.019595542660004295
72371,0.02552698152999877
110084,0.017720026229993913
17978,0.012198440964990453
12916,0.01780850304499726
110835,-0.02702931343500481
69654,0.011858605499986297
12449,-0.023033998700004332
18205,0.033572894964998046
67547,-0.030879367345004738
234155,0.02191899977499645
114644,0.030431255579995042
257630,0.0235596966699978
30951,-0.027995247875003848
70044,0.03568549999499293
24044,-0.00959476961000938
140488,0.01668819531000043
100952,0.025970943109994593
66058,0.05213489589499609
18810,-0.014235154950014817
72621,-0.026486534235006687
20448,0.021852395554994075
231801,-0.01708059783500726
382074,-0.029039779135003663
20680,0.031272256789998565
19361,0.027872030374996193
76872,0.03206699593499529
81000,0.01802463360499562
11419,0.033735816384997896
12458,-0.01617136259999974
242285,-0.02752704860500188
72022,-0.015905126530012303
17885,-0.022468235005002057
23854,0.015654838199996135
224405,0.03268038624499825
244329,-0.02422342058000293
21784,-0.01855566869000347
109637,-0.02747277036500506
12490,0.02042832859499555
20672,-0.026443751975001373
320808,-0.029311878900005972
19139,-0.009845628750001723
11640,0.03058387567999521
56375,-0.017431561195002665
433375,0.00930115809998
19213,0.033443271239997685
68879,-0.013612917090011223
20719,0.008415842599989176
23834,0.020364621219998824
11628,-0.026058936795001042
260297,0.021373662674990968
14447,-0.024496164225003447
22326,-0.022872559320003205
225861,0.01799222976999104
69186,0.01151675299999333
329274,0.025727846499997042
94179,-0.02023908682000286
218506,-0.022558082825008263
246179,0.014135173449990823
78308,0.00818596537499161
70478,-0.027699427030004387
18261,-0.02865112480000498
102644,0.03611349030499422
245695,0.029603573339995304
20018,-0.008542283900007774
320106,-0.04741484343500435
70432,-0.012446345205011866
73242,-0.021718294785011416
217715,-0.00818648200002059
66715,-0.026998261230001486
235380,0.019406364879997362
22256,-0.011793277500018462
230789,0.012694395049988927
14473,0.022806911299993793
170459,0.01763235660999385
110083,0.021951930364997096
68070,-0.024430004200005406
50868,-0.011737134500007684
27407,0.007110146769989001
330695,0.013458056069995727
66860,-0.04725257845500597
384071,-0.01978431386500379
213989,-0.01978431386500379
231724,0.019057357139994124
54393,-0.023890916240002724
30924,-0.020085358450006474
268905,0.019089089229994194
17161,0.016497116754993435
30923,0.0157143318649986
381644,-0.011429247575009072
68044,-0.02681438995500507
71781,-0.018407617650002983
27220,0.02089684426499483
12617,0.018976930194995134
12802,0.011001830549988156
328643,0.021548232924995858
15372,-0.022627487010002056
69564,0.019108077214997188
15421,-0.03642631670500318
74410,-0.010331462850013295
240283,0.01816941906499725
12454,-0.010082308565005249
13004,0.01594171175999648
109181,-0.021402645315007796
17719,0.013571970899990404
320635,0.01859873270499879
170711,-0.02016307870999956
20184,0.02134184641499104
19216,0.02343935122499996
17968,0.020946138009995785
79401,0.018261610844996667
382056,0.009737548829992448
381485,-0.022741977700002636
69693,0.023322665644996743
230979,0.022563921999998016
72572,0.02168060813499828
76156,0.0183011597899978
216440,-0.00892792040000856
22138,0.02711452203999798
544696,-0.018360535945004308
56622,0.03481123958499488
239037,-0.014045567025004146
21948,-0.01163766418500245
13631,0.019632653449999538
67620,-0.01721089827500588
279766,0.009036883194996292
12826,0.008214233219995926
64933,0.012278494439995846
20842,-0.010784035530003067
67486,0.01419025790499262
68915,0.01986432996499321
13371,0.012606625689994821
16511,0.01253801799999854
381077,-0.020244250675001574
14842,0.020142110079996556
69666,0.010549026324992994
100039596,0.015138843629995069
69852,0.02498570044499715
72750,-0.007979950670003788
77583,0.008509812299987374
13869,0.02259553375999701
19737,0.02128957197999659
19724,0.011970679809993001
244923,0.009610139434995002
12827,-0.03177563109000303
270160,-0.01587248121000595
12531,0.010047389099986148
67898,-0.005418693900011817
112407,0.019226910729993385
12929,-0.015155125865010888
60531,0.01605686614999513
241275,-0.02230847691500326
268860,0.02110543739499615
80860,-0.01985222037000689
108138,0.009657276104992896
545279,0.011712232264998068
14617,-0.025257698955004848
431706,0.00881957216499174
93893,-0.022016291570003066
76686,0.01674743531499523
333315,-0.01801339806000346
14048,0.009562578649999764
66202,0.013675858509997418
15423,0.017782744869997646
21754,-0.006643812935006821
243764,-0.02636304300500303
11792,-0.006803928400007209
242864,-0.011909158335003944
27681,0.004761688799989727
269180,0.0171757477799952
237979,-0.01137980899000457
67621,-0.00938390129001121
12279,0.02054164357999566
56405,0.007759877914991442
18813,-0.010128292790005489
74306,-0.015516209725003893
12215,0.010172050499988927
66653,-0.013801116110002454
74761,-0.015124893765006142
54485,0.01021186287999587
15171,-0.0213237407250082
319266,0.01763323748999923
207215,-0.018179125445002775
21408,0.01857159428999733
100504164,0.016815821609994064
11819,-0.015289453145004295
13395,-0.022510873300003453
93762,0.006732448034989957
240726,-0.011550552430005467
227699,-0.012237572525005902
97165,-0.005866579150005435
239546,-0.010832791180001244
74287,0.004278065849987911
195646,-0.017970906685006227
19655,0.00677306635999031
13628,0.009093763554997025
15220,-0.016726137470001845
68327,0.005461066414985893
387512,0.013122643684996493
71919,0.005393114944986621
21415,-0.02331269729000285
320557,-0.01825757945500417
11472,-0.01456627502000174
320633,0.017778627304993577
319974,-0.011937449290008395
66541,-0.007654193270004939
73181,0.014218197294994184
232941,0.013941208989997733
503558,0.022822418744996575
72434,-0.011562310830002254
98170,-0.010872093175003261
242484,-0.009698348945005542
18767,-0.015612016810004903
66254,-0.005630901060008853
67983,-0.011571663990003422
93689,-0.013741131510004223
66594,-0.0055825491000103256
232187,-0.011054424125005902
66306,0.004524384329984699
233038,-0.012367313115004386
83997,-0.0061752317600092255
74370,-0.005847525035008516
14119,0.010694207504997166
66105,-0.005740030950011743
19330,-0.00770333719000682
73936,0.009811701449997212
12338,-0.023670527779999784
59007,-0.013411534615000775
15185,0.006365330489992438
12661,-0.019322807065002667
26398,0.009538915279992288
67606,-0.010638437620001717
238831,-0.009720708905008202
83430,0.01163310318499633
70387,-0.007378499695006369
209590,0.014375253634995477
211187,-0.01554989248500771
224826,0.008130153999993617
15223,0.012630997059994264
20467,-0.0031903641000141647
230316,0.009345119869993646
252864,-0.011462370945005684
245533,0.010871440034994961
72026,-0.005357361400008642
54343,-0.009493363060007809
330662,0.018722635404997412
15200,0.0107365237899959
215274,-0.01414889963500121
75773,-0.016590570430008
110351,0.016503701209995114
110312,0.012875839979996417
21817,0.009045163079994367
23856,0.006606882254994062
12453,0.004762119499982731
330149,0.014514753904996791
22178,-0.018961606920004925
56194,-0.007727427955006583
219026,0.006623538439997745
67374,0.009788538269994262
12521,-0.003959426800008714
56200,-0.005684715685008612
22787,0.01139563487499684
16918,0.006389712659995439
73016,0.010199953649996374
170677,-0.018007659485004268
11804,0.0038305562149911765
218454,0.009753736109996858
67425,-0.008478537870002967
66766,-0.005250060650007882
70789,-0.007432867985003533
73469,0.0037008132199911614
68929,-0.003998720320012694
70893,-0.00897563843500393
69085,-0.004714021200012297
246102,0.009636051624996256
18764,-0.01009546695500152
15182,-0.00414644439000611
353165,0.008051179014997523
75482,0.00819777019999357
140859,-0.004783683845005271
74446,0.007160280374994166
105440,0.0037823715049913886
320560,-0.003519811900012826
214137,0.009715310384997622
193043,0.008787843909995097
18998,0.007335358259997982
218461,0.013574952864995549
22278,0.00819343895499447
12493,-0.004383842900022472
237213,-0.007103233210003168
229542,0.00823060617499305
320982,0.0037717489999877785
213011,-0.008298835855006459
233529,0.0021862339000016107
53885,0.01280391393499647
26377,-0.002992235625008277
14924,-0.0065582639600050285
21375,0.01438218524999435
20833,-0.003623292250010124
229780,-0.00783583149500977
19882,0.002920132049997637
18018,-0.0036602080000154302
192656,-0.00578266889500334
22784,-0.007269102915000936
12124,0.0057625011849986585
74335,0.007416668909998592
237387,0.00579655904499532
22241,-0.0027075221000121275
320858,0.007635997859999577
57344,0.004055171724991702
331535,0.007483684994997741
12371,-0.0028269374950120607
140481,-0.0032430774300094
59042,0.0022105774099934195
54624,0.003157784449989265
208606,0.002489045929991107
54403,-0.009560617420006245
97086,-0.00801686197500695
17972,-0.0028360486000060803
545291,-0.004776681265004523
67556,-0.0039408381400045656
78781,-0.002077028000019965
106572,0.008315851534995033
23792,-0.0055400045050024715
216643,0.005573230924999173
66083,-0.002798068165009937
14585,-0.0053568461600028705
238331,0.0015459588999817697
238252,0.0058467414949969765
16552,0.003428930459996149
72275,-0.0064955558450066064
208922,-0.0056838187400032325
217069,0.0021035853999862297
56069,0.010633668594993928
117600,-0.00760620427000358
243771,0.0066133037749951384
17314,0.0024064288899907638
67920,0.002747284019994467
71785,0.004673979004995665
619665,-0.005711638810003361
108961,-0.004708756050002982
26432,0.006600625094995927
67030,0.0019914377349881107
194597,-0.0031735545950044575
12813,0.004975793504996773
18761,0.0016835635049901043
225875,0.0082401554299949
67087,0.005145477519993058
16570,0.0035661282549845907
11765,-0.0018848146300083357
329877,0.003133100724996396
12160,0.00372941820499495
104010,0.004971689314998251
67472,0.0020028885799927565
545030,0.002126193299980983
66340,0.0012448528499771072
233789,-0.0013658415300152882
140577,0.0037789903449962914
360213,0.003832548859993956
230654,0.0034368089849925454
22022,-0.0012793816500096256
239083,0.0031847580299944056
19329,0.0034396628099964133
66266,9.506578399900434e-4
215474,0.0031917386799964476
101185,-0.0019897402200097503
234683,0.001740704709994212
209224,0.0017124560299901503
22343,-0.002474920640004541
67356,-0.0031129498200046513
103425,-0.00103332435000425
67439,0.001193925689989328
381314,-0.001433485525004663
59044,7.730210499907741e-4
56534,0.0015139448099965591
213012,-0.0016311824400112584
268469,7.661714649884743e-4
50794,-9.127672950146604e-4
68145,0.0018501952899949714
109900,8.144765549893407e-4
14792,5.122714399945494e-4
17329,-9.781045550054657e-4
194908,-0.0011720110650070836
94112,4.687554049880305e-4
18740,-0.0011206504000047524
623474,-0.001028827615003891
20502,9.978232449991964e-4
16534,2.7642094499569225e-4
21873,5.332141099927412e-4
52443,-1.7896845000109352e-4
72357,-2.3132388500357592e-4
544963,3.545775799942419e-4
170737,-1.2934952001053546e-4
63859,3.021702249839109e-4
434439,-3.7544221000240796e-4
353170,-2.146172350006026e-4
170799,3.6801686000043077e-4
13712,2.953026399978853e-4
20197,1.778512799930354e-4
