MM.Entrez,EffectSize
14807,3.8694986647899983
545902,3.9036102145150027
12402,2.0436621391999985
67331,3.4479710764949996
233875,3.3125124157650045
320202,2.9640411117199985
15227,2.7863203997099992
18208,3.219588508220003
56184,3.2164157299150036
17537,2.6988629646950013
226359,3.280949839099999
76267,3.016378482595
69861,2.84177894733
21676,2.9844577980750024
219170,3.4115291861000046
21645,2.7739100633300007
213435,2.973178654910006
69742,1.8007058183350022
54199,2.345584887780001
98314,2.7052114824799967
18796,3.0051446667849993
67080,3.1014842772900053
11470,2.954608304345
668303,3.536859581189997
77462,3.099738475765
109660,3.664835824475009
237761,3.4983477770350015
93889,3.006122915895004
18029,1.6753956248350015
140500,1.6267058417499918
270150,3.290324974735003
232969,2.8058438579299976
110135,2.9092275251500066
224023,2.209562579190006
74915,3.3466997451350027
328778,2.7405801333450057
14068,3.52049334414
243083,2.720079582655
332578,2.5152760406049994
226896,2.4272527911400017
332221,2.4978497381099967
13106,2.6016998987799997
56189,2.494291255950004
76073,1.5468599844549953
13714,2.19276685991
11625,2.467599031555003
80886,1.174411936900004
21968,2.2698535070300014
77976,2.686437025615003
225631,2.287773398119999
243510,3.015613326825
24100,2.232525388195003
14262,2.510866308915002
73192,2.5672054217100015
11853,2.1214642337999994
246293,2.4955580027499966
13370,2.2758467186199987
53870,2.2304907663600044
27204,2.6797784508600024
52892,4.1856335218200025
75788,2.0055334280000032
66333,3.3485820853650017
329659,2.4797049882400035
237943,2.410613745519999
69826,2.23820330698
14168,1.6865681619100048
12587,2.57891396381
72383,3.3028763266000025
13446,2.6306610162950017
71728,2.235643096245001
22066,2.5797833685799993
18417,1.779366538280002
13340,1.8711696788250016
384185,2.891107900205001
14270,1.7738244011000042
19336,1.067730655740002
242603,2.702922559115004
237397,2.635495439899996
69640,1.840706927654999
66712,1.4485839582900004
68453,1.8942879765050007
15565,3.010372934085003
26757,2.036371849314996
75723,2.5953801464699993
239528,1.4639488895350077
76645,1.6287648322450021
140741,1.6110586982400008
18991,1.6798059976799973
244550,1.446138228760006
66435,2.147345579214999
68423,1.157597366420001
18121,1.6819171762249994
320429,1.7684131849100027
114304,2.014904546015
57756,1.8588392011300012
69836,3.0977740807350003
640524,2.4600485057450054
239827,2.597651756520005
66733,2.078768347575004
241201,2.4549525674300012
320051,1.5198525771350013
260301,2.0566893850850017
69398,2.1847758752399997
14756,2.7681947892549994
11979,1.7848128746850058
381199,1.8737112023750013
18747,2.0849110746000052
13644,2.3046399396999995
68316,1.6512817808450038
102502,2.5181434135649994
13649,2.020330507625
66042,2.2778073627349933
170472,2.0072632831900066
14915,2.249412607874996
241128,1.4674292830250053
382639,2.251159345255002
21422,1.8839640464649987
14884,1.0947442270450018
20379,2.600094867400001
56795,2.3945392866349993
56501,2.832982934215
268970,1.75922823409
12518,1.1695060024399986
13116,2.5268828944050004
12180,2.0617834788000042
244199,1.7411616120500018
24012,-1.2824305156000069
22163,0.9112575841049999
74675,1.9372864527399996
12912,1.7203763725250028
76573,1.528298721965001
74286,2.300046175894999
16973,1.4418771853999957
17260,2.2575742082799994
106565,1.3585464708500066
102580,1.5723762772100054
383766,2.4311772728500047
624910,2.324288736000004
11492,1.0656943285400011
238673,2.553464104710004
245446,2.8883947895000013
12834,2.4195958300850036
17202,3.5420334087500045
20530,1.6727269818350052
18014,1.748051789525002
73884,1.990391694680004
170735,2.3708390159700015
13639,2.141304370420003
106369,2.315734023490001
73368,2.198120631364998
73247,1.9786535844550013
78929,1.7888846956900002
16869,2.109168653020003
234836,1.7669675046600002
17763,2.040730034580001
223227,1.4356949286150007
75751,0.8484427610750007
226438,1.5963375342949995
17123,2.1159553086499976
320609,1.89191523597
19079,1.6113145444699999
74127,2.6037301419250074
74383,1.7919619547950028
13199,2.5043996933900026
16819,1.3413135979599993
19276,1.6856115929100035
12643,1.8952998940350039
320916,1.590953460520005
22114,1.79567662998
217893,1.6614249105350005
233081,1.5681868924049978
233080,1.5681868924049978
329581,2.193522273015004
12354,1.4648448357999957
224116,1.3321302581599976
67272,1.605186799899995
12075,2.3495433893450004
71986,1.5898271972650058
12282,2.1375233970700025
170744,2.9824863077899986
12580,1.744958228770006
66220,1.466284368340002
72133,1.45078203013
12260,2.437451159020002
228785,2.132579747360004
245468,1.4634152052699978
385377,1.4634152052699978
66548,2.11266386366
232934,2.4785452468899987
14784,1.1334551300650002
72373,2.441770711790003
30806,0.9333093773500014
214523,2.486793595375002
18198,1.9375686921350033
226861,2.28631318251
671564,2.4921431359150024
14430,1.793619320510004
18587,2.007387578465
55992,-0.9267454885499973
269198,1.9291719784850017
101612,1.555867516274997
20745,2.18890881136
229841,1.907434189700001
53791,2.1068589177000003
242891,1.9534598217
16660,1.8678823215149984
73166,1.2070946006000014
68505,1.2070946006000014
231633,1.9403270290700014
217708,1.8429086150849994
69533,2.210697948510002
13844,1.918591508635
14562,1.4749229279600087
20913,1.9995161511500044
243535,1.7556669655650001
235086,1.7499514435950037
17287,-2.1737731749600036
20184,2.118116537219997
226122,1.1514241619149992
11643,1.9769111792850023
67533,1.633188886740001
66532,1.633188886740001
14179,1.895786948845
13400,2.370547123190004
12865,2.373529145965005
16156,-1.5418053757449997
74463,1.74903424626
20867,1.0546095592199993
12061,2.4537602032850026
53321,1.7172171593000014
55938,1.4255023700249998
15894,-1.2711399838799977
76646,2.5513778480250036
20287,2.158666309810001
13483,1.7804155342799977
67181,0.9353601200000057
14201,1.9461793069549973
52855,1.5270735484550038
16433,2.2281960520350017
13115,1.9306277009599988
12977,1.3219826733100053
268564,1.4405188860049973
100039795,1.5959406579200035
78134,2.1640524251350026
18946,2.346747453155001
63873,1.6537722641649975
21961,1.2626673820250023
107477,1.1364597686449986
68632,1.1439099034100018
13804,1.438625364955005
22287,1.5839430393300011
14239,1.7933247119550013
69332,1.5326874748800048
233020,1.640614993379998
18190,1.885605592260002
66910,1.7957395654350021
233066,1.416570161550001
57435,1.8888082197699987
22029,0.6833290348700007
14404,2.0942939075100044
57814,-1.5887959020900002
11438,1.7530918928000023
140493,1.5313659914000013
232333,2.010046731774997
12728,1.89587541511
223970,1.5055537859250077
231148,1.7752637505349966
332110,2.5661366757550033
232533,1.631544878969999
16560,1.4736539801750004
22062,1.3755577771449978
666794,2.0361035701950003
13088,1.132259284309999
21940,1.1532948275100043
103768,1.3146908119450007
71756,1.5238594045300005
58804,0.9109261429500002
26559,1.9851400044350003
207920,1.7067955958150005
66075,1.2100393358849981
67228,0.8924896907300006
56358,1.8170905740500043
16706,1.8860575121699998
67198,2.0562141149400017
13870,1.4257656751150023
237823,1.624442783160002
17293,1.0451872822000041
17192,0.5779034007500012
20290,1.8495786493700024
67119,1.2229539698850012
14184,1.5947269948350016
77701,0.7211561960500035
69274,1.5703834296400005
14073,2.774272061935002
19223,1.4458582124050015
216767,-0.6395558739899947
72469,-1.631898972349998
213956,0.7655596521999914
225895,1.8513256056550018
544817,1.9048001447049998
18509,1.5945314873350034
77296,1.3313613603600034
67903,0.854680032720001
13079,1.5256490381150005
71840,1.5046076025999984
74090,1.3108263429250009
100504285,1.8605772430600025
57754,1.913343838379999
22771,1.3986488059700006
212518,2.241861059219998
22117,1.8200567967500048
415115,-0.7848728601250015
19334,0.6654649129650032
268451,0.9055386444800027
66308,0.8786902698400016
230779,1.5689730547349994
66980,0.992905236395
246779,1.165816654400003
106344,-0.6744988942950005
70503,2.341654411370002
17083,-0.8158446262000014
22260,0.5696875004500086
382083,1.5700047754900046
78394,-0.5687859026749962
74276,1.4051895787700017
56640,1.1793486569750007
78469,1.6962691367250002
109674,0.7402559679250036
68501,-0.7790226843149961
15258,1.283930041695001
100504491,1.6391407979200006
78933,2.282398847895001
56488,-0.6950643586049985
231440,1.288677809010002
320997,1.888937616235002
18822,1.5505837289250017
11556,1.8109363041200015
223604,2.369697748860002
60597,1.439014091215002
17475,-1.0962576725749997
67881,-0.6885600568349997
67703,1.4977890323450005
244721,1.7747262735650002
21744,1.8731843742449996
74717,1.911662908910003
14293,0.9206388693999994
71382,-1.5126394455599987
14071,2.0134295633750003
17701,1.4362546659450013
226823,-0.8516838109699956
18612,1.1849177644400015
65099,0.8184287648999966
13368,-1.5523474673149984
21934,1.1341767085250067
22648,1.5469912429849977
74782,1.2795918712499965
170947,1.2527065124949992
626359,1.064046405580001
21926,-0.72707040424
18413,1.7453235998800007
13857,0.7960142389100024
231134,1.5451527658400006
27028,0.9101782178649991
74919,0.9100567640200055
83379,1.854879111799998
67892,-0.8619522675000013
19700,1.5679692542300012
17760,1.3368668310850023
330890,-0.867425749455002
218756,0.8192447576949959
211612,2.2856686309950014
71912,1.4068109357150025
20410,-0.9756220260199999
117148,1.6400382786600014
56434,-1.1163240368199956
269473,1.1602177229049957
218030,1.7451618211100062
68240,-0.8440257364899981
242785,-0.8853153939449978
67201,-0.8301525553449949
12567,0.5416505360000006
11898,0.6474412978600039
13528,0.915641661660004
75828,1.623411049785001
320522,-1.241306703190003
16528,1.2644326710250047
17772,1.755465843345001
100040972,1.4237028955049995
66537,-0.5388446649500072
70604,1.0457568392599956
77733,1.609021785300003
56324,1.4918690304850042
664994,1.8630861026600067
70375,1.4489290071100038
14402,1.3358103121200013
241489,1.2572614071400032
108897,2.4576001930950016
104721,-0.6522076005049957
12388,1.5740062733899949
66849,1.0902813814000023
110695,-0.6759494234849921
28169,-0.584120823650002
319262,0.8908813489999989
84682,1.5206859812200033
15560,1.7801326459099993
72514,1.5792759307349957
245827,1.9315239987400048
211383,1.8986503653650009
237107,1.4517510878500008
319622,1.1354435972950006
546648,1.3316962895050004
18092,1.7026904548400008
68552,-0.6360315765000006
74002,-1.4194477928000024
78081,1.4213337178899987
20661,1.6069022704500089
224481,-0.7170393010250038
76332,1.0628405654000002
93746,2.003261610179999
20897,1.5550180201850017
69536,1.2892467221550028
11890,1.2626602700050045
22601,0.6737195648950003
12399,1.2265107211850008
268903,0.7187716544400047
96979,-1.0286751098450004
66665,-1.2356235894749985
14459,1.5169027723750013
278180,1.2271966418550027
70231,1.180833169789997
106633,1.3722630653700003
94064,-0.7263475144799951
74754,0.6562145990500028
271944,1.3888515115200004
320554,1.4480811925549988
75736,-0.7322774150199978
51792,0.8447681212400031
230784,0.7222548657799965
78558,1.5082093512199997
170484,1.8526440762400016
20460,1.3572010577450024
108068,1.2336245392150023
17855,-0.46726065499000136
26569,0.971323649150003
241075,0.960124026185003
74600,-0.7142745529600028
66253,1.2831401959300024
16865,1.0192320991350012
279028,1.7233723281200017
15531,1.6317420884550025
68701,1.6595691829350008
20481,1.4826857511150031
20199,0.7929472993000015
68041,0.5511883650649967
56369,-0.522850601209992
19293,1.7246704016949996
15114,1.7325391961199994
72055,1.3790483982349997
228778,1.8469480916000034
75284,-0.6615265668299912
11984,0.4855411786999966
21858,-0.8117444390899955
66536,-0.8445027165250014
18752,1.153870057595003
72775,-0.5347117202349985
19659,1.2612981608050027
20562,0.8900872935499997
212390,1.7102703707500009
19946,0.7268985111150048
67877,-0.7080361586849939
217664,-0.918267132425
70363,1.1636829775400002
17149,-0.6501657116449966
22222,-1.2072474573100003
73332,1.285323510325001
12464,-0.5324779366200048
56046,-0.7351190566399977
75578,1.5854125207750025
14183,1.176652463789999
20498,-0.7420235870599994
230883,1.4965454652700032
14312,-0.820173671400001
20401,1.4225612252950013
21906,0.7175764800000035
93672,1.0447154979099986
19181,-0.5389802846500089
66810,-1.3201767958200001
12808,1.7049156557150011
72136,-1.0548036440249975
74053,1.6626109386700039
110616,0.9589086022900002
12752,0.5644017848000047
73694,0.6586654398150031
14348,1.4605327539099981
72999,-0.9159864109950009
110446,-0.5004142196450028
67065,-1.3488607649649946
71300,1.831793193670003
213402,1.1894901039699999
56317,-0.595608976160003
66394,-0.579000956145002
54427,1.2055878766750023
16728,1.6593273037899978
68550,-1.210626915845002
223918,0.7544567916749996
77055,0.9284279161000031
235604,1.5000781725299976
272465,1.7543680084750033
67106,-0.558969227275
69191,1.5862068149500015
22213,1.2355888450550054
245026,-1.456998393874997
74026,0.5819600195499941
272636,1.200515923260003
259302,1.4183230173399997
319555,1.3086174819849994
384281,-0.8282688243149998
110012,1.4370999095050063
56374,-0.5768052350000037
223739,1.270880639495001
72022,-0.9097121994000013
76510,0.9226969520999972
71955,-0.6007728167649935
216867,1.7917003856499996
232821,-1.3104642502899995
15476,1.098028085390001
214593,1.1764400430650008
19691,-0.7511199186400006
241624,1.5613820663400002
228413,1.2597927986950026
22017,-1.185967254769996
72535,-1.0835172927500007
67755,-0.8086727564600009
97159,-0.5858594660350018
20227,0.634084224649996
20523,-0.5639754109049999
56734,1.4222182930100038
53886,1.1393679255499993
106877,1.0204891288450009
94275,-1.9841235429600022
70350,1.4022033456300012
208258,1.393532087095
66431,-0.8651796137300005
17063,0.9112198849649973
57905,-0.6098065771800059
66046,-0.5458862817999908
76927,1.1726176308400031
66260,1.8302999642400017
50793,-0.5578297671649981
21809,-0.7090565962199991
77836,1.3204619302600022
631797,1.1647180017550003
75616,-0.6251383573399973
69923,-1.2320572489550008
12064,2.418594356110005
69906,0.9790944471849992
53612,-0.5332603815500008
68917,-0.614317508814997
26466,-0.5383487082799974
27354,-1.2094434379700019
14114,1.4081632340300017
219189,1.8487710384800042
18119,1.122439033320001
75812,-0.9229550508749993
29856,0.6418426426499995
320840,1.0641532873300026
64657,0.5464743922000128
242377,1.585155156779999
72147,0.9462803472499992
216810,1.4287510272250046
14732,1.77269204107
320825,1.257763479070003
78118,1.8602071777800004
57330,0.7665357606099992
66344,1.3792076411900007
12954,0.909266939920002
17863,-1.3034668833599996
70612,-0.5749297881799968
243372,-1.2275379603199976
12840,1.9668301814200015
66573,-1.06703712926
67085,1.0984427250000004
69806,-0.5298902496999993
235320,0.7259367169900006
69161,-0.5367248768049997
116701,0.9884588493699997
108143,-0.5678431037749938
50779,1.1209737017749992
15567,0.6042522962850061
353258,-0.6239232904600023
56176,-0.6981444644400003
69606,-0.6801478217400039
13003,0.8967974510900021
12814,-1.640953974309999
52840,-0.5309152447249943
100048658,-1.3449481463199984
18230,1.2612320675
13803,0.6012580382400028
276920,1.030584576010006
270669,1.3064027831799976
100073351,1.3064027831799976
213522,1.3973300974950025
69478,-0.515643829724997
78251,-1.2238326379049989
235106,1.5444723857750002
140477,1.816163743350002
380709,1.0438644503749983
13401,1.0638643199899978
14618,1.0431346003299993
75305,1.3813187659850001
69048,-0.7748903110600001
29866,1.6446265524350037
234724,1.0889164692150022
110826,-0.38947971139999993
108652,-0.5361938310599932
13638,1.9078401511000038
13661,1.205124188820002
18429,1.8724998751
68032,-0.4910872308500043
217124,0.5048571342500008
77006,-0.6202557952349963
16854,-0.8050853356499985
272538,0.9811281893950028
83771,0.9402206904499995
52713,-0.5379120312750043
67981,1.1521800941750033
320502,0.9827633104999984
73067,-0.5788296026049977
448850,-1.3132215769349953
72058,-1.373718138454998
66126,-0.45800965890000533
69028,-0.8015551072050009
67455,1.0719991069449986
13537,-0.5316185824000002
235631,1.1118459860700014
13198,0.9069397990250065
12265,-1.0826150868300015
56693,-0.545730579040006
219132,-0.6688064520399983
71772,-0.8568092300549957
234797,0.5806874287600028
73261,-0.8933029687200023
15108,0.45797051735001304
116914,-1.4819551470949994
58249,-0.5265561452699963
66048,-0.6063615875350035
17752,1.0094865991800006
70335,1.1127970720400029
668212,1.696586175444999
14187,0.8945639194300004
20541,1.2887096015600017
81535,-0.5586973703000009
269615,1.4496001128149993
21819,0.7208101079550042
21892,1.3595997143349985
76917,-1.5573342281799962
212439,1.0409405562150056
20845,-0.970125307354996
19662,-1.6490806969899987
94249,0.5852449316599984
81897,0.606168308400008
102103,0.7681826178999973
16154,-0.556728183415002
14299,0.6683284615799989
17536,1.1217885750550032
80294,-1.1587585493050012
71609,-0.48731014145000096
63955,-0.8669533951499995
72500,-0.8115553627400027
56788,1.1145986552249996
27050,0.5177297234450045
53892,-0.7079164909749984
67510,-1.4620612555550014
52028,1.3889965248350018
54342,-0.93086756722
246317,1.3125645637650045
22044,1.8244374368900056
71890,-0.48554080231500407
67463,0.5384739613349989
13722,-0.5334198453100001
58802,-1.424477905155003
68311,1.0194354858450039
68742,-0.5922649508999989
30795,-0.551592279769995
30931,-0.4944497781499937
69934,-1.3020122401650038
22032,-0.5455026143599984
27784,-0.6071751110399983
216157,-0.5064806757499962
67440,-0.7022122942250011
13595,-0.44052581840000293
75777,1.5457581453000007
215418,-0.6119241830400011
52174,-0.5267484314299988
109323,1.1067475144349999
382571,1.0049187466200014
66060,1.186435772330002
67860,0.8793519467450039
100503361,1.576207537050002
237877,-1.1971264144849996
73836,-0.6062875882999954
19347,0.4384028935499966
73991,-0.9936444427399991
67963,-0.4680755569000006
12964,1.5642944210350036
73711,-0.5770514444300066
74778,0.769722670300002
66371,1.1273093000400038
18590,0.6451997480600085
70928,1.1743511271800031
93737,-0.6536218136600018
15505,0.6313547464699987
84653,0.8808432811350029
381629,-0.6097827362249983
58193,-1.2290740187600013
19289,0.7260752806000053
269951,-0.4868795099099916
338348,0.4957391113800007
232854,1.0145526981599984
227753,0.4498002174499991
244431,1.1184676685950001
69263,-1.4047504914699993
16515,1.1282737836100014
68332,-0.5874438029999975
65246,1.4384309594100086
22317,0.7267252973000033
216560,0.9261030606800036
71393,-1.8479488024400013
67602,-0.7688400973549996
22121,-0.5746517304499985
319535,-0.9782884004650008
66445,-0.4774253883999986
14218,1.363442813845003
14266,-1.297402199675
54369,-0.5591187444049996
17527,0.40056730055499656
320376,0.8586909768900028
71861,1.023237020049999
71665,-0.5305140380799926
268934,1.5766039563700005
19035,-0.5015383136999958
72661,-0.6003111594750008
27426,0.6525489803200024
11676,-0.6468466790549954
66065,0.7963699077499964
14768,-0.37393720407500197
170458,1.5936649790900015
68705,-0.7838078053100013
20527,0.49430934430000306
26425,-0.505597658160001
56299,-0.8417457019750065
69577,-0.769420869704998
230587,0.942264704054999
11739,-0.4900015914000022
330914,1.40963636078
214895,0.45275317729000264
19268,-1.6948767860050014
12412,0.7850883896599994
16650,1.0292062728799944
19201,0.7437473989750014
380969,1.3152217883400006
20203,-2.6745254835800014
214301,1.6285887595600017
57916,-0.5742141545000017
93840,1.1186936836349979
68428,0.9072045659800025
99167,0.8007568282849995
381678,1.193219054750001
76560,0.9520650228950025
69511,0.8877636944200016
26557,1.5296774279650016
74610,-0.4941716195799968
69747,-0.587042049584996
228869,-0.4637500870999993
56368,-0.43283147131999833
66400,-0.5598787558999998
67725,-0.4873836456750009
66111,-0.49918694014999687
70533,-0.9449738353250012
16493,1.3228899578250024
64705,1.146814580494996
29859,1.7994713217749982
387616,1.2352018214099987
71767,0.6163113326000023
50786,1.4578523480350016
80907,-0.49864381934999535
99045,-0.4779700048250035
213469,1.013601487209999
11877,1.2387875948950011
71974,-0.7426107557499968
208659,0.9334559576850019
56089,-0.7125387608099976
12043,0.4574871895700081
71693,-0.9171931062300023
69602,1.3682009282300003
234129,1.1994062446550005
16426,1.0268421365100004
20014,-0.4867027016499943
20496,-1.2037382751900019
320816,-0.6040473901599963
105513,-0.47671071594000125
72121,-0.4605900371000047
622935,1.3680310949299965
76688,-0.38722134264000374
15401,1.8602824539850005
20525,-0.8467825118899963
67873,-0.4202214555949997
13404,1.3231723309850008
22781,-0.6036275800449991
19385,-0.40586949739000033
20725,0.7995720468500078
328643,1.2384612903200036
66694,-0.5231042876000007
110895,1.1364901537950005
109075,-0.5002253869399986
11370,-0.40898902044999375
72357,-0.5152683690799993
433864,0.5312313021599966
18217,1.6483349790100013
353283,1.2401679578100033
72278,0.47046143218000225
21854,-0.4591208774049935
22239,0.8926507020600001
64176,0.9271860055800025
27060,0.47409772674500417
112406,-0.41316670384999377
19329,1.2697844998600019
232989,0.6285654379750056
57357,-0.604965135605001
14760,-0.7561833387600014
68416,1.107136580710005
15356,-0.4089167984000017
75571,1.3660194791850024
66922,-0.5400549068349969
59054,-0.4359949325350012
72008,-0.4586244187250035
68642,0.6259135621299983
20670,1.0422553780349997
67978,-0.802456233814997
81907,1.2396098585600015
227697,-0.6069625675550006
66443,-0.6525215835900031
380686,-1.0455300595750012
73910,0.5548674528350039
232679,0.708038733695
69009,-0.5499404697100001
15284,1.000044432630002
368202,1.040348197415006
16068,-0.4818532045600037
75212,-0.4818532045600037
217207,0.8709796120300055
19245,0.5219948963000025
20729,-0.5824362155199978
26934,0.6783363160500073
108841,-1.0179986921650022
66229,-0.8266856724200027
68764,1.1758874012600025
229499,-0.6479660858049971
78787,1.0076828314050008
19242,-2.4283731073500014
66611,0.8760478246599988
21371,-0.5610450677500012
65960,-0.6876701154449956
26380,1.4339915250849975
224814,-0.7419123806600014
16588,-0.4728620732999982
225010,-0.8532768219699962
16880,-1.2071716409349946
66801,0.4591816337200001
66701,-0.7193839183850006
69590,-1.2110594733050029
52637,-0.4980655799899978
55927,-0.45832215937498866
66172,-0.4671181917149987
17002,1.595201921570002
71949,-0.4677663639999956
75689,0.9496931085850058
12626,-0.837464566985
74467,-0.6953644605299969
75454,-0.4547381055300015
16434,-0.48105503186500087
67019,-1.0282082135900001
218442,-0.5442220394699993
227620,-0.6401319560449936
243621,-0.6898694420000009
12266,0.5415594142449986
140709,-1.1109454958799994
231507,-0.5524544960499949
241159,0.8628686899350009
66131,-0.7593213271149999
245610,0.9983649935350014
18148,-0.5283898852500037
66067,-0.7096564841949959
72330,1.238742527765003
12279,1.4713155564000004
23988,-0.5623706599550022
100502861,1.058262714335
12015,-0.49146725561000437
27058,-0.5735895819549981
259277,-0.5895465635999901
14009,1.279256439850001
234740,0.8570623075000006
68346,-0.9175177722000036
50770,-0.5700717768749932
72355,-0.4241811079849942
76787,0.601566845269998
114142,0.7991504427299985
18632,-0.6848161726449931
71726,-1.1408925594450006
104771,-0.37520212005000886
103554,0.8207870108800019
16780,-1.4421256296400005
19652,-0.7020958757499987
70784,-0.48024856681000205
56068,0.8080725756899998
50772,0.6172043276700023
12506,-0.5252453081999988
215335,0.963379726254999
70359,-1.0645515432499977
232337,-0.46494287829999337
330657,0.47571776660000253
74218,1.0217822702150032
16643,-0.7063953403850007
68537,-0.4409714371199964
58810,-0.5170037067999971
52592,-0.6074256475999986
545291,0.90338388195
66824,-0.4814071073000026
14148,-0.576520847509995
66044,-0.49116040952000084
244859,1.091876929375002
212398,-0.5173350105749952
69047,1.4368961158849993
16408,0.4568672322499996
16477,1.2289212838199983
268857,0.6423581314950049
239037,-0.8195401448950013
66467,-0.5278000760000019
269800,1.063237273250003
227720,1.1864781151500003
103468,-0.534537926339997
78771,0.6077536392850025
69976,-0.5060615283050014
11593,-0.7008756961299989
76933,-0.6876548232999973
28135,-0.43130171779499626
72085,-0.6594862617949984
67698,-0.7259360120599965
74185,-0.6573769731349959
16828,-0.5497480906999979
67211,-0.5334955833600006
68047,-0.40409384444999397
19346,0.42118928830000435
14057,0.4058886255999976
228769,0.7773449888300075
104806,0.6212327365699997
230752,-0.4064953773799953
27984,-0.9551729916399996
13170,-0.5966335799299998
403178,0.6060832194100021
226016,-0.4819640579950075
57896,-0.6259816121800039
212528,-0.43332496540000065
387513,-0.9686563864599997
53895,-0.5090655529100019
213211,-0.6884117900950004
75209,1.2945694889199988
74147,-0.8447332440599977
233887,-0.5591213045749974
70484,0.7193939666599993
319899,0.6497246963200016
68839,-0.49268914883499804
11761,0.9827822772150019
213760,0.9558150656150008
230648,-0.657138182309998
14681,1.0862120055850015
56876,-0.554346118219998
15040,-0.6240703624999995
74249,1.7259893522200027
13196,0.4789162372100044
20615,-0.405828380135004
56525,-0.9548715328250026
16981,0.47804120035000075
277898,-0.9134640215500003
69833,-0.4266897133899956
240843,1.4165826784899997
19661,-0.3908861931999983
140780,0.7993832660249982
217353,1.1789891923000013
103978,1.1848161351399984
67733,-0.7631404336649945
71833,0.9660075227600053
22348,0.746132702895002
17134,0.5370107944500031
56075,-0.5719647455799999
231712,-0.3763942928000006
11998,1.059108811410003
67460,-0.5107829415799987
236852,-1.0562081652099993
69745,-0.5098936351449925
14409,0.6029297020500017
68709,0.886873226925001
217151,-0.5450252680499972
30946,0.6901763525400026
76668,1.109400507030001
17686,-0.6051505250650031
22754,0.8402278865400028
20604,0.5702368662400001
216805,-0.5391682483800011
69089,-0.4960265360999987
70355,1.3110355607600015
22141,1.7995730307099995
69740,-0.4623567864249978
11487,0.4360137238000039
71673,-0.40541597376000027
20776,-0.644008996380002
18642,-0.7369612392099985
19120,-1.7878311101700017
333050,0.9174726505749993
78473,-0.41564604254999793
15368,0.624332704955
14812,1.215618562355
56748,-0.5977611717049918
93696,-0.6411173981049991
235505,-1.7724146356600001
71973,0.5638466558499982
19128,0.6025365455049982
68226,-1.1764307523599973
66241,-0.6203400746300005
68836,-0.4371446305499944
67753,1.1286903708999994
74255,-0.5111158989000035
242805,1.014895364380001
66143,-0.8699306751949996
26970,0.9683641268599974
330938,1.208597703189998
24113,-0.9452153906250018
320795,-0.41246200924999954
72290,-0.9720703020000006
26987,-0.3852841705600092
74443,1.2469456162700032
77519,-1.2197910498100004
103841,0.8872355447399976
18125,0.9286314016199988
66231,-0.4484533682600027
18120,-0.5975824607950031
105837,-1.1691433962149986
226646,-0.5186186652500098
140792,-0.9138537610799986
236904,-1.0153632911900026
57373,-0.5016375596450047
338320,-0.5465499565900007
104175,-0.5940057748500003
99010,-1.1549382723100003
215814,-0.45722750440500093
320982,-0.537191374799999
107815,0.8007510355850025
72747,-0.998864531599998
328779,1.550862352700002
11829,1.091500770665001
66799,-0.7565849419650004
17754,0.8749737845350047
71330,-0.5673028360900059
66711,-0.3405066521099993
209176,-0.757837576665001
12703,-0.5487476388800028
66204,-1.0862722497850026
22218,-0.3776098460499977
171282,-0.9948943863800017
229898,0.6255621037449988
269954,0.7456444864499989
209239,1.1919329570599997
77254,-0.4438370769500004
94245,-0.4546644157199964
12994,1.4555011689049993
22417,-0.9399526874999959
243339,1.0962372756
64213,0.458638017745006
11790,1.187475192840001
20969,-1.1079597346749992
117229,0.8331996344250019
208154,-0.724762942349999
228966,0.5868511484249996
11532,-1.010804703849998
211151,-0.4190433342999995
110606,-0.4190433342999995
11433,-0.586675437799995
70829,0.4596493630000005
353242,-0.4028246949150063
72144,-0.5147135239099994
14211,0.5468274255600027
75656,0.8589450199500037
101023,-0.5114410763699997
18778,0.7341729185200006
18007,0.9772868022250023
67025,-0.4763792247000058
237500,1.0369999617099985
15944,-0.45968544601501016
66248,-0.5737639987099996
16912,-0.4853786480500002
320162,-0.4985112634799993
215201,-0.5040898213900036
69683,-0.6437344073849998
19645,0.6286121899799895
76854,-0.5721301027549952
226548,1.1961365944200022
19252,1.2780316046650029
66658,-0.9650352214149995
68401,-0.4388368055349918
17385,-1.1607393541749982
16478,0.4434075820000025
225745,-0.3727581561700024
217356,0.6074378652000068
58188,1.0270737382550008
28113,-0.7486542370600011
70083,-1.0622369058899945
22385,-0.9694674749450005
195040,-0.9899584477449999
13858,0.6763717508450018
20491,-0.38795939764499643
11793,-0.4419387710149998
72973,1.3329965942200022
110172,0.3800451731000045
320683,-0.9572981006399965
209086,-0.5001841627499992
13039,-0.9387352146950034
22409,-1.041535509775001
21376,-0.42986740125000367
69151,-0.8768943733500052
245886,-0.673684102830002
17319,-0.4029843157999995
18220,0.42264863955000287
13489,1.1980081993500007
16842,-0.490175509900002
108123,-0.9217470793650016
117146,0.47719712490000354
22785,-0.6198287471600006
19082,-0.4413771943000029
70574,-0.5897745306049949
242607,0.8944774347400024
66310,-0.5874989660200036
104816,1.2998929955400005
22632,-0.4252738314799984
66671,-1.0401569888700024
23939,-0.3649885116100027
56417,-0.38763511439999654
101476,-0.34592828691000044
13380,1.0996652847450008
16326,1.1551668194849993
26568,-0.888904827984998
236193,-0.9288689704399982
17305,-0.46363169519999126
66409,-0.4294871560500013
12335,0.5091835373350033
232827,0.7162211805149998
66687,-0.6011046331350007
170676,1.1199295621600003
69878,-0.42471965574000414
70527,-0.47325516505999765
407790,-3.1180437448950014
241452,0.915105430040005
100040608,-1.1842269021249967
19085,-0.9327273949150006
19260,-0.47492287784999654
16370,0.9484736930600022
16162,1.23300987008
66836,-0.337386162700005
67623,0.3630869178499978
71584,1.1389062631499964
28077,-0.38766693278000197
52538,-0.43144971470000293
106489,-0.6128184220599948
19058,-0.40737989307000255
234344,-0.4733613462049995
27215,-0.7147106599350028
27965,-0.9353081271050021
105638,-0.9747488608450023
20669,1.0127852485199966
17246,-0.43070168945000553
14602,0.9247284993600018
56426,-0.5701046732999995
20668,-0.4099317472999946
59289,-0.9465248129449986
381073,0.8784992438450021
73112,-0.5038220627500039
26442,-0.3035216319999936
66616,0.566892262115001
66890,-0.4330530880999941
18457,-0.3824654213099965
94191,-1.0247481973150019
14365,0.777061704114999
77056,-0.38556581978000715
76238,-0.44359116547999733
170736,0.6431447629899996
223696,-0.38017139272500167
280411,0.9272310051250008
11964,0.4648522207049961
12894,-0.6743959933600028
108079,0.9729016595499971
12039,-0.3734805933900045
384763,1.1440222813199998
66397,-0.5475491604749969
72168,1.081614651525003
16784,0.3924540793449989
15002,-0.5273257325000031
50497,-0.43670695005000226
18117,-1.0675033792899997
116891,-0.32804303154999914
102693,-1.607968924649998
53857,0.5881365575050026
16870,0.925230660315
12321,-1.3159633900399994
77134,-0.4644127605000037
70423,-1.0577914297949995
106021,-0.5553860457600024
16500,-1.1896428308099996
16558,-0.8365058731750006
67711,-0.3787206371499945
71687,0.7981562654649998
13384,0.7650656569799983
16782,0.9919078421050012
70316,-0.4077082769500002
19177,-0.4387135129999997
226144,-0.5921583747299977
16905,0.46324300364500637
191578,-0.8314349692650005
378435,0.3564878952999937
18557,-1.2496869296449975
67621,-0.5966783803000038
12479,-0.4885742990350028
75465,0.9295170676850004
72181,1.1854683347950008
380780,0.7921755190899997
67941,-0.43020474249999907
14729,0.5055259406799983
67128,-0.9705660536000025
79044,-0.38101074559999937
19088,0.32019526989999925
69706,0.9851756247549996
19172,-0.399136559999997
72307,-0.4946261765249931
16447,-0.7037141807100009
71810,-0.44341705189999736
66853,0.46320207240000677
218335,-0.5237594124650027
56196,-0.7753653522199961
68499,-0.43106351342500204
78416,-0.5646735392799975
100336,-0.7450430675849997
56031,-0.9752829657499982
110323,-0.36642323354999107
241950,-0.900733908504999
68375,-0.3762818991199932
18559,-0.8703357140650008
14539,0.8756220792150016
20540,0.4546900945250023
211578,1.0635666507450008
56695,-0.5212338915600014
68634,-0.39933945666499326
94062,-0.4922976445900016
212392,-0.962520582480002
319638,-0.5344705045949967
14696,-0.9479772025649957
50916,0.8538619016049989
66995,-0.8345127688100007
13681,-0.3938323763999918
98221,-0.38622409889999965
100608,0.767450831919998
23806,0.6809181104449991
17068,-0.47283852029999807
18022,0.36812338760000607
68028,-0.606447751399994
21367,0.9898234949800031
52231,0.3618084990150052
66085,-0.46391487614999605
66538,0.3294045652700053
21944,1.1000472787750066
19057,-0.6710356288749963
21936,-0.4509127411300007
68559,-0.3671396446000017
22693,-1.0470626168649977
16904,-0.6865708242849982
54383,-0.391440910650001
403171,1.570575228625005
54218,-0.4489102303549988
72727,-0.5304396286149986
14029,0.7236709710749984
70481,1.025314513175
12258,0.9240826481749984
12348,1.4403667570350036
79560,-0.43636841236000556
24068,-0.3376969006999939
22196,-0.4298241733000001
15007,-0.5852089073100029
263876,-0.3684072514900034
20739,0.9040427252500045
269955,-1.2494053643850016
12796,0.7748808443899984
70186,-0.43875621748999905
70120,-0.7514362261549987
239652,0.714435592030001
217140,-0.43119667722499955
216991,-0.8936599660899969
27998,-0.3754314994499879
67731,-0.6070842136099976
66302,-0.5443661042549977
12475,0.97084709656
67680,-0.37260324564999614
53420,1.0315016526900038
664968,-1.0172918777800017
104859,0.8845053749500034
76071,-0.3594378519049979
71897,-0.6968069507300001
67115,-0.46355505599999525
68033,0.35151801338000155
21351,0.30244824009999505
72190,0.8736957779500019
235415,0.49539756519999933
72080,1.5177054167399993
14339,-0.9263816125750006
24058,-0.3966623722799998
13667,-0.38126191014000455
20872,-0.5030837520600002
17718,-0.44268789835
17720,-0.44268789835
72137,1.217221214430002
67160,-0.4386906516500009
74455,-0.9243752536649996
240660,-1.1975524887300022
66854,-0.4893742637100065
216821,-0.41621890083998814
381903,-0.6352140343549983
102462,-0.47374231730000105
64074,1.0376297402700003
66403,-0.9756306872299989
54125,-0.4383521000899986
66121,-0.42601374939999914
21389,0.5154160320650032
102920,-0.9825804203700006
52589,1.1254706735999984
66861,-0.36030371182500254
223917,-0.7078552210749978
66822,-0.4637275755100001
224824,-0.4167285614349989
26378,-0.8108613806200005
19356,-0.7849707709649971
21786,1.0916345988200025
17113,0.4171523436500042
232987,-0.33236297005000814
21803,-0.33236297005000814
26397,0.40733272119999775
105511,1.2357616093600012
12428,0.9405001076099975
66934,-0.9374533797850013
19211,0.3447750787500041
20641,-0.43027861928999656
18550,0.3623686419750012
277854,0.9119532784250008
59308,-1.3201897551550004
17826,-0.2965731683500028
68481,-0.7539182093800045
230971,0.6143084298550017
216820,-0.561392017584998
70510,-0.34576944129999987
71997,-0.44414165981000053
17150,1.039012799475004
66208,-0.618796096679997
12876,-1.5013920508149976
237758,1.053961329470003
12953,-0.4511420587749928
11535,-0.9010507486199932
67674,-0.4301727536399991
219158,-0.3658907532199942
11770,-1.0662572120249934
227699,-0.801180013145002
74097,-0.3909850578000036
269037,0.6503763877100024
243864,1.06411657218
66641,-0.756599460915
16008,1.0732640524500008
15903,-0.8008189474849967
329252,1.1873315132249989
70620,-0.4967876435399994
18408,-0.8888202055399983
381122,-0.7883996621799993
216150,-0.35181981495000336
12613,0.8480472163200004
13244,-0.3533858654099973
79555,0.42921890525000705
93742,-0.9039127024650009
56746,-1.0291493680450028
338467,-0.5960151759750003
242443,1.3019524856100029
102644,-1.5390695614400034
18787,1.1302084247049997
216169,-0.4598189734349951
20400,-0.694597267925003
228598,1.4676718619699987
56412,-0.3720039990499959
68263,-0.3599409634999926
269181,0.7317377443850015
12874,0.9242960854649995
14731,0.6747386810100027
545156,0.4147976344499984
26891,-0.42370427090000007
57775,0.7223234248799999
66193,0.41998026364999497
19106,-0.5453687502999962
20190,-0.9013487631600006
228961,-0.5911184682199995
59035,0.7107970076550068
15896,-0.4082538447000008
75697,1.1656414846300018
104174,1.3175340285099972
171531,1.2416809279400023
228536,-1.1004233889599986
12261,-0.5330327139200026
68215,-0.4192868932199927
68776,-0.5274579780549962
227325,-0.9797448781200004
72185,-0.8883122316099987
53972,-1.8392810299750004
13434,-0.8697028650100016
214944,1.135385166390007
71667,0.43927985809499503
74143,-0.5318032021649977
94221,-0.3938404982849999
55943,-0.525171664794998
211286,-0.3389939159300024
328801,-0.3649875754750038
11298,0.8590375445500005
67444,-0.38870605489999477
67049,-0.46277768143999864
12696,-0.8106831856799914
71213,-0.7024500900949988
68603,-0.4313827011749929
217154,-0.9650446182149999
235402,-0.6029815468550002
66113,1.0067967691850006
276829,-1.2882976419000016
17195,-0.706634727295
68339,0.6087155237300017
20997,-2.3929951026499996
104080,0.9991302916400056
66309,-0.4442102535650019
21390,-0.47209243294999936
70080,-0.6996810766749979
13014,-0.34129570593999503
14923,-0.41085684040499615
14802,0.8947750915900006
210162,0.915028568855
11699,1.008204600420001
72148,-0.35056970269999077
16000,0.424642163100005
72482,-0.3854802205400034
70834,-0.5838134332249965
107767,0.5692845141349991
19752,1.345757269995004
66264,-0.4060080652699991
24115,0.9642372075750005
14399,-0.9303517025100017
121021,-1.236665262064995
226778,-0.9570787478749967
78906,0.5462130126000009
18483,0.5462130126000009
56809,-0.37642068190001154
14672,-0.7213548370699998
81904,1.5004475533550004
240215,0.6685829789800017
67880,-0.6508935608249997
56077,-1.0453859938099992
230766,1.0056886923549984
76640,0.8179462679399991
54651,-0.7521126608400026
216551,0.4676917711650024
55951,-0.49692158293000155
80750,0.6984358644500022
27275,0.3299066126700012
66366,0.5004151448999998
230316,-0.7922018204300016
17776,0.5142547539399995
66108,-0.36301162322999936
56205,-0.4057399485049977
107869,0.69814208025500335
22678,0.9965962407600024
12824,-2.2016974861249987
105278,-0.6839656778900007
12750,-0.47450046211499597
140858,-0.55268504969
66222,-0.5200287601500087
18194,-0.7365731981700021
56209,-0.5324085113149977
64051,-0.7207858401250009
218271,-0.4144636256900007
68576,-0.3490032572499988
59001,-0.35794485205999926
67397,-0.4753316956000031
66315,0.611238120300003
76594,-0.8483964210500012
69376,-0.7992985068199987
19255,-0.4684568853100046
15507,-2.4401371093099993
16419,0.36715342820000174
225341,0.8825548695600016
67905,-0.41655770070000386
237336,-0.3794848934499999
13852,0.5451833985800025
107328,-0.7160438491600001
76612,0.5727499407250001
19935,-0.35713737535000156
66399,-1.022041150599999
66868,-0.6379556509550008
19099,0.9555919209500008
20345,-0.33940260201999806
106639,-0.628724234309999
12351,-0.37312449130000047
107975,-0.5738847416849966
20713,-1.0611959703050013
105866,-0.8514852060049978
224624,-0.4728233642549995
12839,0.7978688034850032
56223,-0.6367478532949988
67287,-0.3290601305999967
16667,-0.9695320912499965
27390,0.903262148985001
19893,-0.8528568165850015
545824,1.2638940249700026
67878,-0.49163998076000137
12571,1.2677355504450016
228368,-0.3268555463999956
108121,-0.39053224075000514
67899,-0.6196379642699981
381409,0.6391847559900015
217517,-0.8185752361899983
16012,0.7132385053050028
403395,-0.8339286950900009
76477,-1.889993869955001
26896,-0.476227077175003
16814,1.1254083460599968
12350,-4.217017564500001
56280,-0.965137888620001
140546,-0.8934794058499991
22245,-0.35669748749999464
26446,-0.3691378845999971
244871,0.7082130432900025
329152,0.7367810076800012
17995,-0.35890845584999553
66296,-0.8395831680700008
56727,0.8479559201349964
234728,-0.6646605014449998
209462,0.6673375354750011
20869,0.5067698306200015
237636,0.8049636438800012
56847,0.6337161753100005
268510,0.7596441942150047
65106,-0.5932838313299982
19265,-0.45731025489999766
102209,-0.4859101239600001
16563,0.5645518533500038
73469,0.38620678030000377
66931,-0.5420512189600011
545481,1.5030464035150004
240411,1.0673974704200004
66682,-0.4020999959999916
16871,0.7721044250349984
244713,-0.8300955115349966
74747,-0.519249531449999
71883,-0.45362569928999896
20360,1.1048588752900024
16589,0.3548752321000066
14998,-0.5204258707250027
14245,-0.7524479605250018
212307,0.5465559052650022
14544,0.43863394940000155
18609,1.0458593914250014
242851,-0.532273769435001
97484,-0.3162429597899976
68023,-0.3162429597899976
268490,0.40667743309999693
50523,0.3504344513500044
53605,-0.29570474697499627
67710,-0.35927144569999747
12921,0.6866781444950014
58223,0.7398826582800018
103573,-0.3439453244949995
73254,0.6606445218950032
57267,0.5037747907350028
235040,-0.3283852604499966
353169,-0.4302750672450033
320718,-0.9221143546400015
20292,0.6985309106350015
20182,-0.3678012035000009
83961,0.5186965473349998
11517,0.5684757733100039
21877,-0.4213765374899987
12400,-0.49223721965000244
66765,0.9791364621899996
68526,0.9757530263150009
13849,-0.5678422442500004
24014,0.5971433682750007
234463,-0.5111673178800018
66446,-0.5268885171750028
11569,0.5266470558399998
68273,-0.5438825003899996
11496,0.7175250976250016
14171,0.7110996309000011
216799,0.769506493135002
67089,-0.7069885281149997
66925,-0.3715288849500009
67229,-0.360186705444999
381801,1.119572952025
243967,0.6074028641400004
69008,-0.4329921045400038
73660,-0.9005401366199988
84112,1.066490672855001
19064,-0.6756197972949982
67580,1.1807720073000025
60595,0.35283559459500147
140474,0.8537873383800019
387347,-0.7485068057399973
17261,0.32569283365000246
12729,-0.44837655095999995
15216,-0.7086757691900019
73822,-0.3350112102550007
319740,-0.48075220786499884
230157,-0.736939432089998
13035,-0.991214717930001
622320,-0.6774301938500003
68859,0.9829402009550066
67681,-0.5214226021150008
15466,1.074581752565002
66354,-0.3394833142399989
57260,1.4493921577050028
76130,0.49059194583000476
240514,1.1153045003099993
20533,0.761805039600004
71452,-0.5584824490500058
69459,0.6192846934999992
192140,1.0186228518799973
72040,1.001342962295002
80286,-0.5589762242950034
67586,-0.48873035309000024
109245,-0.7486729891749992
72184,-0.9961135183250018
12561,-0.7129689402599988
66174,-0.8937926147050019
18610,1.4174664301550015
16907,-0.3295389631500001
30055,-0.3295389631500001
244672,-0.6983499812249994
22214,1.0319070082850068
14067,0.43218575569999373
94175,0.9008509656750014
56351,0.3080085852999961
66967,-0.9932404478249977
66734,-0.769259138999999
69674,-0.4737762715599967
13866,1.1209712545200006
66827,-0.3881130347649986
319817,0.5034878904950038
217364,-0.5720778050600002
14710,-0.38968755219999096
268281,-0.8546137706650008
109575,0.7410537333749971
68468,0.3911283557500074
17749,-0.435182970349997
545474,0.5465077670199978
232314,-0.6768570989750025
19656,-0.387538833914995
27428,0.8133650460349999
21412,1.007510464380001
77613,-0.8181194013800015
19299,-0.4932416061849949
21681,-0.46193234561500063
68365,-0.40678256604999774
231855,0.3473358723999933
71967,0.76908976555
74776,-0.39468623073000053
15519,0.3284100694999985
73124,-0.8992258298549958
320661,0.6977288561100021
19230,0.44862741632499414
14447,0.9518748251450013
66047,-0.37761101987500645
57895,-0.5616369076699979
67062,-0.7365345019750009
53317,-0.44250198739999647
237211,-0.4998514116600017
70747,0.4471153450050078
66164,-0.45362284467999814
497652,-0.4320282600699965
98828,0.39556500292999885
14843,1.0383840158200006
13611,-0.6122953665500015
56210,-0.9010754813200004
68090,-0.5652815652499967
328162,-0.4145547952900017
70827,0.9645211191499943
56451,-0.3390498383799976
67273,-0.4053565433599964
56457,-0.31841494423500016
66482,-0.43877309913500007
18671,0.8102531348350004
72475,0.5540995834300002
52712,-0.430813742005002
56863,0.6830103011350053
18675,1.2011110758550023
66155,-0.2993315963499974
69608,-0.5709493147000018
18707,-0.4872010010199972
216961,0.9802140066449998
232491,-0.7602598267949991
333433,-0.904582795275001
20419,-0.7813603634299988
66074,-0.40130372263499403
18510,1.0807307608499999
24053,-0.794174199755
99571,0.7431686941799995
68995,-0.3766400408300008
102545,-0.42487162745000084
268782,0.9640428867100015
19052,-0.35441734255000057
330171,-0.7472335755200001
71046,0.956631713030001
73490,0.8420729339249986
109115,0.71968100180999794
228960,-0.8904352681700001
53902,-0.9713418061100008
54409,-0.3295409382850014
28084,-0.3295409382850014
22761,0.5597430285999945
71889,0.5739330578999997
69632,0.7505830069800012
240058,0.43402920796500055
72713,-1.4450504720649988
11650,0.8291971557450011
20439,-0.536689490335001
12581,-0.3665755296000057
77422,-0.6963541870500007
14479,0.5213239409500066
319229,0.46188549244999066
432478,-0.5953487890299995
56047,-1.2123964179500004
319757,-0.6201043876949983
21419,0.6763660283949999
68275,-0.3851057261000026
57431,-0.39236827544999997
68644,-0.5071921370399988
16574,-0.9390896457900015
218476,0.8249806023100019
654460,0.6176392319700024
664883,1.0238362652799982
74106,0.9399223116899948
216565,0.7580799341800004
67212,-0.349026318314996
14105,-0.7910874746200012
81898,-0.9772302220249989
107321,-0.38032460907499477
232236,-0.39711811633499927
56036,-0.3538504723000049
232946,1.0882525941849988
56444,-0.28843471104999807
17344,-1.0141442483750032
83946,-0.6501898063950016
67239,-0.5260617943849955
72244,-0.9047254728549969
70099,-0.3344605362999964
66624,1.087451734004997
67043,-0.39598844366000385
192970,0.5696089874499979
68563,-0.41238650299999513
56703,-0.3519167145399944
22192,0.5016412947000042
353211,0.9574148630099995
67073,0.6619695992400025
55946,0.6167653766250023
210925,-0.3755924689200043
17285,-0.7380222459100008
13433,0.7232972632650023
333182,0.5955607650500028
226757,0.6719989238499959
85308,-0.3833522723000016
108124,0.4397100535000025
14461,0.4624143758050012
20197,0.7658595161200008
78834,-0.6748961028099996
15467,0.6687267173900011
100317,-0.33604711944499677
98752,-0.5578037498000032
12812,-0.6000346727400023
77532,0.9170941462549926
13001,-0.33485666109999634
21859,-1.9942633824200016
227682,-0.34722212859999857
330319,0.6892341153950032
13992,1.026367523640002
330010,0.8182043972499979
16646,0.5827332040600002
17921,-0.8639745938699956
19164,-0.39545825475000207
232536,-0.6442791078199974
228003,-0.6696985469050007
12491,0.9511024756550004
52123,-0.42824473023999765
19259,0.8348206453500033
56017,-0.4686544619900044
15490,0.8622211698800033
12511,-0.38454788754999747
230979,1.0150951950650047
75744,0.5970567941200002
69544,-0.7163253413099966
67862,0.5383969082000029
654824,-0.6069091336200012
22354,-0.38555799775000565
17692,-0.4174021958150025
118446,0.7235310397349992
279766,-0.4232781245399986
83493,-0.40409395318000296
58859,-1.1457445047299961
105372,-0.8006004354849994
20231,0.9028513791100004
14842,-0.9794438572750002
14238,0.9561904013950038
215723,0.8667284851549999
12034,-0.38676633343000155
11769,-0.3532721458000001
56791,0.31604388490000446
320713,-1.1431200434999997
70567,-0.48637528610999503
109791,0.7788225833200038
108150,0.40993388650000107
27057,0.3438618313000177
67037,0.4521704709000005
108089,-0.6047808190000037
11449,0.7222323448350032
109331,0.43544533945000374
59050,-0.3966816978499974
18399,0.8433984751200043
71367,0.954039062335001
330216,-0.7515583037600013
69499,-0.898734857645004
66291,-0.4324203505599993
230103,0.5147349700799992
269693,0.8852237661050006
103268,-0.94397253084
75570,-0.3506968609999941
94044,-0.38162291773000057
52575,-0.6842276872449959
269878,-1.1792834046199996
77862,-0.34145680823500335
50905,1.0433316440950033
74504,-0.3837391130999954
65112,-1.0994812159099991
15001,-0.5433257122000068
105501,0.5605969389000034
11537,-1.248539786885
54615,0.5317421418099997
18674,-0.44839252614999303
216856,-1.1672975575300049
76192,-0.8384415698699987
56367,0.6310330226950072
69692,-0.34372387229999113
13478,-0.3629295484949999
97487,-0.5534785969050002
64337,-0.8825965738699977
73703,0.9570897242849989
52469,-0.3135792521499976
230863,0.636599050190001
60525,-0.5254594917950026
56086,-0.3371941521999968
80837,0.475912217329995
20788,-0.6719469175099997
260408,0.8957593434399977
240690,-0.6203024366550003
71746,-1.346582279599998
360213,-0.9191393964949999
245424,-0.6619280334399988
58996,0.464695947625005
11538,-0.3801492090849976
218268,0.796993688284998
622117,-0.703242067655002
108686,0.8881120352650003
76117,-0.5335515557949932
64296,-0.46236662718000154
57752,-0.5343473417649953
66212,-0.3219264436000042
100494,-0.402478971574995
83675,-1.2411801589649993
629873,1.0214062215950008
113868,-0.3404554566499982
55988,-0.3153384892150033
16785,-0.31163573990000515
232984,-0.7306461507800037
21815,-0.42341267021999407
433022,-0.4319697108249949
102193,-0.3240086926650001
23797,0.3687601835150005
13660,0.2710821232999958
19352,-0.6329626543900027
106389,0.40347176489999903
104836,0.4045255851050005
233424,1.0373030978100024
12394,0.4934042215600023
12859,-0.31538015384999163
11629,-0.5839275022850039
76824,-0.27702065997999625
69010,0.3436576247000058
17345,1.0101266601500054
12654,0.6152081313100011
99650,-0.2923390743999992
18383,-1.6422753615899985
26965,-0.4059744544049986
212503,-0.8411132436300006
75480,0.27256862509999635
66914,-0.49475172420000213
223527,-0.38795543842999436
56405,0.4194049901250043
193736,-0.7632900312749964
74354,-0.7526996226949993
72881,-0.40558549231499974
65105,-0.32876941969999507
68845,-0.2807204347699983
73473,-0.6475163443349956
80280,-0.3843506263650003
320595,0.5005728818000073
20536,-1.306379065049998
217125,0.47460707574999716
12517,-0.45335521166000703
30051,-0.768875067245002
233208,-0.35563164429999894
268882,-0.8742363960299997
68014,0.689382479675003
14069,1.2803886202400006
257635,0.5340885232799977
59126,1.3285320966500045
235459,-0.33871654829999365
442829,0.4947406392600051
242406,0.6737079421650032
76408,0.7678273920249996
64451,-0.6205868300699997
68440,0.4750232258200029
12502,-0.394103882150004
72555,0.656569163960004
67952,-0.44848198844999665
13813,0.5785924072399986
12822,-0.862193719979996
223254,-1.3925325707149998
20637,0.3018581727499967
27217,1.1230269287999999
22640,-0.4027920162199994
57432,-0.513079235734998
66999,-0.30840177980000405
71738,-1.043767937464998
215210,-0.4873767950049963
19309,1.1144009281800002
330959,-0.4813737008049994
67109,-0.359995147994999
13982,0.9261970078600008
19734,0.8458096898750016
20589,-0.5628730487899949
19338,-0.40909247996999376
231842,0.40313834515000124
14708,0.745431138859999
16679,0.6682763859050063
75753,0.8607237781849975
15064,-0.7860809405599989
19981,-0.30329899390000037
228858,0.4837274357500059
66473,0.7896328047500001
17169,0.5300764662950037
67078,-0.34241041355000057
234733,-0.6556535161100028
66496,-0.41990704504999243
72515,-0.41890463039499437
66743,-0.35672154339999373
102566,-0.8525850470099945
225215,-0.6821286857299951
104263,-0.3777966725900068
56772,-0.3796013984200002
242126,-1.0947099198400005
21939,-0.7094406718399959
96935,-0.9292132336849974
170822,-0.35717890638500016
71854,0.7820274000649983
13202,-0.3711590129749993
328788,1.2682496439000008
227683,-0.8275417829200009
66106,0.9506634553750017
53625,-0.47865962841
328417,-0.5024411193650007
11833,0.7647882903299976
68472,-1.2380557490749995
224143,-0.7244851800499976
26549,0.7397199635400002
208211,-0.5945221298249983
20910,-1.0799679741549992
11440,0.9013592636800034
23968,1.0315237805999984
26444,-0.29961565614999053
17960,0.7561087547700014
232670,0.5286783274499935
20390,0.9541557958199984
13559,-0.6499248632450012
71041,-0.9423289598899993
16832,-0.5926462090699971
214575,0.6349238446199998
72179,0.5354068115899979
229228,-0.4937551313600004
360013,0.9191258023400053
21685,-0.38866827329999865
68897,-0.9247439701899971
233893,-0.30399541010499576
75785,-0.5944741829500053
51812,-0.3973701136500001
268936,0.8731599626100053
216725,-1.1771355478449976
72961,-1.0770451182200027
13650,-0.7279650146800005
30877,-0.5307746433000009
225659,0.8964898930399956
12416,-0.6125667951249962
64290,-0.630944128199999
320398,-1.4293116218800002
14407,0.8722418860700003
81845,-0.3057061991000012
77569,-1.2397613257699986
226641,-0.947112620650004
30960,-0.29978174659999723
12507,-0.3623729509999958
20280,-0.29604506689999255
106347,-1.0822405684150027
18187,-0.5512492985549953
103213,-0.6548681902849971
56372,-0.3185542372250012
20265,1.1657491831449986
213019,-0.38790423909999916
18008,1.0534469195700007
73828,-0.4645840116199951
100503572,-0.6197545676699967
72007,-0.8755713143800028
381560,-0.7088696680450015
226970,-0.7662290525649986
69454,0.8034799082150021
70432,-0.46616485289999865
71904,-0.4394052918249969
18793,-0.47811886482499766
66714,-1.0844980928599997
68607,-0.9452946748799969
69583,-0.5701067551100003
230596,-0.3730365020749975
50935,-0.41062663907000463
15257,0.7326794509000063
15278,-0.477186445199993
83560,-0.7605128231300027
14635,0.46582187882999904
211389,-0.38652950283999665
240023,0.3349771817000029
100756,-0.484662369739997
14017,-0.4577805781250017
19271,0.4751583838999984
19059,0.854970291875
65961,-0.3623303183499953
72844,-0.8866803350199985
68396,0.7290307705249992
68212,-0.3550418456349984
216028,-0.5215088798700012
217149,0.29583478140000175
246198,0.29583478140000175
56690,-0.38826198370500187
76457,-0.3078704204050027
378937,0.6585895073800021
50722,0.6233212681199989
64291,0.8113175241950001
329727,0.8581703394700018
100042480,0.7860009059899982
22171,-0.5646753891999987
56088,-0.3606078744349954
13619,0.7979923660850039
215707,0.3347302292999945
225849,0.7903594969599972
217695,0.9536631071450028
93896,1.0600251747600011
74326,-0.39179163088500246
226418,0.9380287651699994
226791,0.5416944834499975
16428,-0.3192948736999952
16529,-0.9563302466700025
14991,-0.6188382238849943
52521,-0.341594280999999
212772,-0.3723680013499999
20843,-0.34483210039499923
231162,-1.1877410462749998
12033,-0.8623555952899995
232286,0.42381714793500436
56489,-0.358926240905002
22598,-0.907411544074999
22661,-0.3353075722649983
23936,-0.4065040511849993
18570,-0.42997777139999194
12988,-0.47203690118000274
20916,-0.4030495793999975
214359,-0.6606952873700038
193742,-0.4958342044099968
246316,0.6677339651400005
330361,-0.746527187434995
226747,-0.39754075437000136
328833,0.3884534942899993
56431,0.5435203490550045
102626,-0.3662242737100012
140484,-0.37898895268500254
240396,-0.5659758777549992
11875,0.7792990925600005
320534,0.753640187214998
106564,-0.4647770049150015
67749,-1.0613381060199996
381201,0.29147462816499825
229214,-0.6465306059399998
100043597,0.833379604655005
26926,-0.332285059500002
209760,0.6111179101950017
56520,-0.4874361332149997
67738,-0.3483125728999923
14087,-0.9729753105600008
28075,0.586983747810006
30951,-0.9044286352950004
53310,-0.7158573771999999
72927,-0.915946614784998
59095,-2.827695340575003
12725,0.41377038970000335
69865,1.1084403360899997
23805,0.7194288721700044
78938,-0.39944433197999274
69090,-0.9527925547849998
107951,-0.38152657575000326
67836,-0.9040743773249993
74154,1.012030108300003
17228,-0.9680181834100043
232089,-0.4178364224900015
269604,0.7755876104000006
68243,1.0440153301500006
217169,0.5507253891399984
72392,-0.5817281744400011
12042,-0.4269322583100035
15212,-0.41392440015499865
69083,0.7135499180050009
67872,-0.2630024190000064
26359,0.5217528849850002
17955,-0.29655707490499417
66073,-0.38468944531999405
68736,-0.719745222764999
75841,-0.4098522104300031
17308,-0.413564210299997
68070,-0.9213597850599999
83704,-0.5452881110749983
330463,-0.7753982173850016
11541,0.5194422501949996
14852,-0.3195859167600048
67726,-0.2670815916599967
224022,-0.6503314715500013
21787,-0.4632554433049929
78038,-0.8394953619299974
19387,0.4121308887149997
13544,0.6240967841000042
67059,-0.3444749966899945
67451,-0.8826712383950013
216881,0.8447495847349993
18598,1.048359408290004
30843,-0.3619706533999949
245522,-1.054428010020004
58860,-0.8231757707550003
230777,1.071861243835004
18611,-0.4002972988199982
104215,-0.3584627309349955
228026,-0.8986490466800019
20383,-0.288308229350001
13169,-0.4152615144499965
217201,-0.573635695290001
69723,-0.3760417166149992
170719,-0.4434192738549978
71520,-0.38131057369999866
170460,-0.7793688115200004
19763,-0.8434057321650013
75050,-0.7041963952600003
170654,0.6910173261000079
56449,0.31088937680001294
70445,-1.4338400145699968
104725,-0.3656194900650007
19286,-0.4499426662200001
66408,-0.8654399492949993
269614,-0.4958543758249956
72585,0.6981028178550006
56784,-0.6139860824250007
11842,0.3137238915499996
232879,0.47666987878499967
65945,-1.1294937310500006
77045,-0.9181427366950015
67666,0.4618431879250018
27049,-0.5694163288500054
72590,-0.6017833935999981
17748,0.6517909691250026
54196,-0.3212528460999984
140723,0.8245206954700008
109346,-0.633141240919997
17252,-0.36896472013000015
237400,-1.212820131159999
14227,-0.2960085471999978
241919,1.268544337815002
18102,-0.375022848460004
56284,-0.7695149754449977
77521,-1.0365948975499997
75671,0.7019947989200013
55935,-0.9415235792800001
209268,1.0894778573750008
74748,-0.7163879940200024
114713,-0.6670846232699983
433940,-0.7833058523950003
26384,-0.41366694939499915
12915,-0.72137669416999906
11945,-0.7046834844949981
54632,-0.3341205973249952
57312,-0.35552307859999743
77963,0.8960630712249982
207181,1.3393905771700014
239364,-0.8486294697450005
78658,0.5485016006549994
329559,-1.2439282512100016
665180,0.7444832194400002
78405,0.6834835593299999
216846,-0.5791973531450001
245126,1.1467007791250023
22283,0.8528191986749998
56200,-0.4909628674050026
71721,1.0817616592450054
77974,-0.3274291799000011
17896,-0.36813745572500167
13205,-0.315676887500004
27081,-0.7967904861300017
22234,-0.3318429850899989
58206,0.5231734941050004
83558,-0.7871004434249986
66245,-0.35647791681999585
231214,-1.0014589777749996
14806,-0.7472210059050002
14284,0.4400310191400063
12575,-0.34352505025000113
94219,0.903175081265001
11796,-0.28203657282499783
14172,-0.8535485424350009
209837,0.47261371700000154
16548,-0.3585593665549993
67712,0.4224184015999981
69178,-0.3353642658999991
668501,-0.3750252778549985
105833,1.1172867079700026
60532,-0.2907618691350091
17248,0.5234523284350008
20055,-0.34263715910000414
77721,-0.7390058985099985
216344,0.3775923065549982
94332,0.6647895854599977
101861,-0.5773170259000011
17828,-0.7474646563200027
24070,-0.35059403120499155
23859,0.7365940703950029
13056,-1.0758547943500032
66805,-0.9411113177149999
225651,-0.6868563612800003
387314,0.8131595200099984
54709,-0.3683086159399984
225049,-0.30463575264999854
66343,-0.43023902682999804
55960,-0.49910973374999745
66052,-0.2908602810200005
71648,1.0505695407050029
17937,-0.7169673479999998
69655,0.5676480481950001
107747,0.6865027205550049
14763,0.6788400170500006
58800,-0.3641367903199981
74334,0.6686297401500116
22631,0.5502878633200012
70310,0.48606459517999845
109689,0.323986166200001
217342,0.4853041760000085
56503,-0.5639020361250031
13521,-0.7570851055600025
14463,0.7603411669750013
72900,-0.29402863435000093
69496,0.7234802205100017
16184,-0.8217757724400006
21350,0.6510745702349992
320150,0.7295504145600011
72042,-0.5340420111000022
212090,-0.3428078923899971
223648,-1.0423545581200022
68052,-0.36969089010000467
74498,-1.252475718414999
68342,-0.29263332199999326
69094,-0.4163978418499976
22364,-0.3965626636999904
240726,-0.6191776484550005
66500,-0.5757516295550005
72267,0.47665793877500295
212892,-0.7529139161499998
67971,-0.8394943267749948
234593,-0.6609396783349979
214579,0.8477501627500015
231050,-0.8893686916999997
18212,-0.3440940412000071
12190,-0.9159967729099971
11835,1.0060923856499961
83814,-0.8236940972199998
108767,-0.5294035853400043
230801,-0.3372397516949963
246696,-0.34110889987500137
235293,-0.4109471750149991
237253,-0.6022113326
67778,-0.38343258430499283
68816,-0.7215916748000017
320799,-0.4091422148200081
110382,0.507952768930001
11937,-1.0282303292400017
17534,0.9193775948900003
170823,-0.4492043754300008
320127,1.0932699411250013
108100,0.5628064346400024
71755,-1.026891090910004
19249,-0.9963980749199992
12497,-0.6191701996999974
16431,-0.7310425157849956
69697,0.6051025198249977
209707,-0.869101346844996
69541,-0.89773964837
75458,-0.543134433259997
12226,-0.5634947249000035
110074,-0.3462809815949939
16341,-0.4809238957949997
192656,-0.679336925104999
56294,-0.8591170555849992
77929,-1.0305719244600038
12006,-0.8303137396799998
58239,-0.4549273555499944
54368,0.30203324209999494
66396,-0.4702450110200047
66525,-0.6879488208850004
228361,-0.4156976645549957
194388,0.5304853083600038
65019,-0.3325403158000011
80749,0.7302881326100046
17961,-0.5159670975999981
271697,-0.6051910565849985
14417,0.679685752010001
70020,-0.5823751520599991
74270,-0.3151774871999944
69064,0.8355374597900038
319636,0.5588595152349987
93721,0.6580159970149988
66191,-0.264391408649999
69549,-0.5341066510799966
74105,0.341422299250004
109333,0.5217444133800058
207393,1.0100379613399992
110095,0.4103530811000038
16164,-0.7287249888549976
18015,0.6172983450099991
14128,-0.5434881413599992
14533,-0.3091327441499967
654801,-0.8280134428300014
170718,-0.37462335100000566
66077,-0.29785167169999305
192292,-0.40102005671499974
52504,-0.611183174779999
330260,0.3849116393150034
380753,0.6571217162100016
76547,-0.6304262285999984
53412,-1.7444762395999973
242362,-0.6796533027799985
380683,0.8313087800400014
54325,-0.28147883035000554
231279,-0.755472833254994
69097,-0.8910308724250013
245000,-0.4419640804350031
106794,-0.3071646954400009
14664,0.8202441699049992
13709,-0.4212691556249961
18131,0.5813372283350002
79264,-0.6135836533900001
209645,-0.5707569331550006
16569,0.8133099526350032
100972,-0.7732573874750006
75593,-0.3367523284499985
66379,-0.3194346542000037
19188,-0.3115960663500008
71361,0.6544249731149989
19122,0.7915361334700037
208869,-0.31794034614999234
225266,-0.8672027949450021
108058,-0.4523428240499996
56371,0.6683793020500008
11928,-0.3198029331999983
70362,0.9644563113350006
117158,-0.8431867955099985
22757,-0.34243908799000344
101214,-0.37721551446999513
320139,-1.0860538073899995
77034,-0.3315220651000015
22268,0.28048799172999983
268567,0.28558431295000375
71538,0.5436652861999995
67819,0.2733948921000007
14590,-0.47147179763000047
72972,-0.42827666558000477
72461,-0.2415321710449998
66125,-0.3212674688000039
69612,-0.5655749725450008
16542,0.6828624369500105
66895,-0.6275102493599984
56216,0.6012614588349985
12477,-0.7679677185799996
218629,-0.7488923554049984
73453,0.8924595408299991
71532,0.687730279060002
227656,-0.3709933548000013
17394,0.4350656299849982
93683,-0.9505921063849989
268395,-0.32416095138999523
69666,-0.4596243465499956
67290,-0.603498217560003
74385,-0.48080072168000143
74330,0.8180406351199974
108096,0.7420787727200016
67719,0.7939138140899988
67920,-0.4647318754699983
27045,-0.4328568535399935
110521,0.5140244003249999
243374,-0.3791989263499982
20692,-1.846540285845002
71151,-0.586566224790003
110911,0.2913542524499988
66165,-0.35850468660499857
217837,-0.4444871199299989
56379,-1.1629653472150032
23980,-0.31537351205000697
11838,-0.9652146821549987
70945,0.4199490744000034
74343,0.2923610193900039
245368,0.6686266715100033
12363,-0.28494914434499385
16886,-0.9202486546199973
99890,-0.8736799895950043
224224,-0.8074091339450002
76252,-0.5129419515599967
19674,0.6159377924699974
13008,-0.4645668734000008
21825,0.36295627763000127
98396,-0.8917893389299953
16407,-0.7678308021699993
12557,-0.49189679312
209361,-0.4524496160750022
238024,0.6310126903599986
67512,-0.3629527689499934
15416,-0.601180506195
16554,0.8573613081150024
21781,-1.0756752996099967
29873,0.8283510409299977
239691,0.8955758672299989
66885,0.5950640343150022
231571,-0.4204200519099981
58182,0.6111924455150026
19663,-0.822708546274999
212198,-0.6963551342099965
78785,-0.7603689735599986
75820,-0.6437916808000006
240754,-0.5216471924700006
66724,0.709555771995003
103655,-0.7322591207099984
14555,1.0222860554099995
67804,-0.3825464092899953
78283,0.6334030789899998
217310,-0.38840048128999705
71336,-0.2759394550649983
53313,0.2667087629500031
56857,-0.6102761096800009
228880,0.38828310880000316
67800,0.5044796206700033
434778,-0.9234311895799991
66177,0.24390664869999945
80752,-0.723472485234999
13135,-0.27756765165000097
12481,-0.3776982329999914
233073,-0.24952124380000207
230257,0.48540353719999807
225912,-0.3990217620999985
69131,0.5439631738849986
11820,-0.7633417944699996
11668,0.40228171280000424
54161,1.0706040056650004
27273,0.5718498248750019
68653,0.40973827401500174
56631,0.6216227700749997
22365,-0.7740793358900007
66254,-0.34216878271000084
212989,0.7095610973150066
13716,-0.2895374675100033
15901,-0.6898022087349993
17187,0.23819960775000304
12765,0.3877963535550055
19934,-0.42550399000000283
66515,-0.32031020634999763
27398,-0.32031020634999763
71787,-0.32711038215499855
319259,0.8917935323349995
226744,0.38124610750499954
13711,0.8155874296850016
21823,0.602184535599994
73598,0.8462968301200013
394252,0.8351958865200002
14235,0.98575519184
11428,0.6511896228200031
108097,0.3858927343000076
67993,0.5831157753800031
224794,-0.5291396230849967
57740,0.8358457038350013
239133,0.5503008564400012
50849,0.5797478728999987
100678,-0.34873788068499323
93728,1.099262715710002
75552,0.55825442095
319651,-0.8874895175200015
380918,0.6240287271099989
66266,-0.24152402268499884
22630,-0.30000277229999917
22209,-0.3122552363249955
66929,0.3669458355899984
23997,-0.28792122335000236
66082,-0.49100363959500193
75452,0.506260896875002
11773,0.26216380109999804
80915,-0.6302859552349975
19056,-0.2938279822950065
101100,-0.2775201567500005
223664,-0.7577080407800052
102607,-0.9643344319250016
77577,-1.1653330699700017
12395,0.7972556403350017
68723,1.2598125566800014
380785,0.6446774856000044
21379,-0.2957571733499975
78369,0.9539182883300059
67619,-1.0465801170750009
229096,-0.42623165938999996
75216,0.7583385206050055
69816,-0.3305672749999964
233836,-0.5948576195950013
29807,0.6799770859150032
434484,-0.37362472925500256
72831,-0.34139626990000416
17294,0.389642399570004
22154,-0.3380675568999916
269400,-0.4116199037449988
18938,-0.3521258555999953
320404,-0.8268911316349978
70427,-0.8399957487299998
66087,-0.3608296397150017
18631,-0.3206368228199983
216795,-0.5888716230599997
76485,-0.40052881401000384
18663,0.5041624254950028
217331,-0.3099238611949975
244202,-0.8705814925249964
330460,0.9695013146000027
53322,-0.6372400376300034
245945,0.5499657962450009
381457,0.7912883856500015
30926,-0.33758536290000407
15371,1.467491851385002
67553,0.8028987286449993
235323,-0.35697340974500236
387524,-0.5519772480349978
67091,-0.27440842135000487
112403,-0.410068245965002
213491,-0.46463828143000274
56249,-0.34581607858999597
69769,-0.33861554234500524
14744,-0.4056604202100047
245847,-0.2928915973849975
80509,-0.2595477166999931
14011,-0.7515561733649978
16197,-0.3559507429499966
231887,-0.4790893839499901
14425,-0.6863867851250012
53424,-0.2603447860999992
192657,0.7408182928549998
320435,-0.2423392148349972
67815,0.9371894775999996
218138,-0.8163148249650014
66966,-0.38195424289999913
73668,-0.6104381595450006
69535,-0.7114149652349946
75758,-0.26904428344999864
69634,-0.762194581390002
18578,-0.46234817876499434
71743,-0.31594497575000347
12461,-0.35657136465000505
67492,-0.5988753169199956
12833,-1.784283602605
66691,0.4676293570850021
76857,-0.7139058891549963
22378,0.3733775445000038
19170,-0.301996703849996
66549,-0.27126357674999824
66365,-0.650260299704998
12017,0.23900485900000135
55993,0.6741035250900032
74563,0.5920882383550019
266692,-0.5563883664650007
67511,-0.31800584049999614
72170,-0.40174968946500034
22352,-0.4075067113999946
109006,-0.4716523707399993
98366,0.47844592959999765
12337,0.5217252930850016
110829,0.324019393849996
56735,1.5450997557950013
12970,1.0944417853399973
13392,0.9067402082749987
234353,-0.6695734879500028
21991,-0.3123291597500035
20639,-0.34452337484999696
58248,-0.39578072599499947
242484,-0.5731550949900028
216505,-0.36684293999999795
51799,0.5969403868750032
75712,-0.38341985041999926
627049,-0.9527891711449987
171286,-0.7770159921599991
58799,-0.9616306754599986
11603,-0.5040165867649957
66659,-0.31784307313500193
101202,-0.8119126937849961
75266,0.7672595742349988
71751,0.6246963885099976
68682,-0.3257950926499955
20817,-0.3022569051500028
19167,-0.3081371493500029
69168,-0.7380840040850005
69470,-0.24288151999999208
433926,0.6320707935799996
70078,-0.5921323992499987
328092,0.8447093156099994
80985,-0.31663996990500465
216148,0.6371988899050045
19207,-0.26861451435000205
56532,-0.3960832667899954
19171,-0.2557135204000005
13435,-0.41397165801499813
54644,0.41736943410000826
27528,-0.5460091709100006
67830,-0.3245305411000121
50759,-0.48910163415000074
56462,-0.29246438699999544
242521,-0.326308680989996
101437,-0.40156521535499756
71281,-0.6295317375099998
56698,-0.4715175832100007
209550,-0.665143276219998
68718,-0.34649399209999743
26893,-0.2641610407500039
66406,-0.3770231012649976
11933,-0.3295898208499999
13358,0.4828197137500023
67199,-0.47789067420499975
12227,-0.37081095731499936
71839,0.558181892705
68133,-0.3318508150249908
207214,-0.3155978575349998
78177,0.524814401345004
16653,-0.675022749630001
117171,-0.3229276329100017
219135,-0.36784053875999767
104681,0.2908948946999903
56722,0.32988019855000594
75770,0.9017455997750004
98376,-1.1334915733150002
67863,-0.2936418772999918
15410,0.9690541836949991
68612,0.5158309650000028
56808,0.9041981584149967
114893,0.566153720799992
84113,-0.6989611056900022
80708,-1.6348317986349992
26379,-0.36459846388000905
11811,1.4003208399450005
192113,0.6484289193400024
66938,0.5253978857399986
230393,-0.4916808521900027
67994,-0.7002296793850018
78825,-0.6944672412799981
69790,-0.38571816175499407
67453,-0.303486635545001
67245,-0.3812271148500024
15874,0.9638806576450047
12522,-0.3435692950000018
70240,0.48091969487499764
28126,-0.53832502813
17201,1.7565451270200008
18968,-0.9481783752899959
239706,-0.8683360064249985
12398,0.4792237570350011
77697,-0.703597538779996
116872,-0.7828388898399994
76161,0.44612108142000073
217116,0.6712162888349997
233271,0.6162025305550021
74268,-0.276529366170001
15967,0.8184682231950027
70285,-0.5924232107250038
11841,0.34276902440500123
70122,0.6197054464850016
14960,-0.403332060150003
18572,-0.6869045577450077
112407,-0.8201026109849989
26572,-0.5491523098450033
55950,-0.35370752629499513
77799,-0.6750761179600007
53611,-0.36860649848000016
108657,-0.27710154359999173
18718,0.4778062991200027
216156,-0.3901502740399998
98682,0.3975956735649948
224129,-1.245501599539999
68874,-0.7332399308149999
228994,-0.2554348051499993
21915,-0.3824380221249939
23873,-0.40218987772999526
67270,-0.5725773796049989
67006,-0.40883861487999784
75099,-1.1359804844850014
58867,0.6308047407000101
66965,-0.3163708221100041
19718,-0.32065865398499227
103724,-0.5139464323899965
241274,0.32644232772500104
66242,-0.3191379145499962
73873,-0.7882275503650007
17878,0.7351474413599992
69317,-1.017560549130001
216853,-0.24690014845000086
380773,-0.2931510259200003
330050,-0.6263307654650014
70235,-0.3839948211649995
11848,0.3200562915000056
140499,-0.2774297235499983
69106,-0.46168977134000055
12162,-0.8540334481500018
66559,-0.5776534168600005
21954,-0.7066018574800013
665574,0.6309761516400005
19047,-0.33252260355000196
19300,-0.408637281259999
66912,-0.28905256723999173
109820,0.9589391828249996
22436,-0.7119504482900019
69573,-0.6707955232849976
330790,0.7149679121749997
66656,0.3137605009000062
11520,-0.5183174730449966
18146,-1.4122136637449998
66256,-0.3330758481149978
28028,-0.45265309705999446
641340,-0.7275987286200012
170813,0.6303025661749988
224024,-1.0414048829049998
14969,-0.5043165374000065
23991,-0.28912022289999406
13389,-0.940642074920004
21778,-0.8828568937999979
320508,0.9007618369150014
77480,1.1719730819950014
23830,-0.5302529603700021
99151,0.4150090029049993
50780,-0.2754619520500068
13607,0.8800136583049989
229681,-0.38378251518000095
77619,-0.4581310621649992
12715,-0.6990586904900002
66654,0.38074824763000015
15464,0.7407317900199999
20016,-0.37724216296
77220,-0.6526355300850017
100126824,-0.6595543154050025
72962,-0.6595543154050025
14470,-0.37409351920000056
26396,0.3284468446500046
58911,-0.41296191639500357
68135,-0.37455689119999924
73172,-0.2738355967699988
66329,-0.4618026314999968
19896,-0.3562528529999991
14317,1.2078433261700021
75124,0.7252417134500035
231932,-0.3032848839899991
68991,-0.31768260580000884
52014,-0.30521270849000004
56208,0.524407443149995
56278,-0.6857223896050053
331487,-0.8020204109100009
104112,-0.2961058302500046
380698,1.027299702095
19325,0.24822641409999946
16669,-2.6183881915750025
207495,-0.33956572069999424
11480,-0.8733397776549996
65079,0.6598525252500012
11682,0.6436459249500022
232341,0.4657022148650025
14611,0.40231892790000323
67948,1.0965776650950012
239167,0.7134145219200025
231147,-0.6659010627550019
17084,-0.3277624002999904
107607,-0.36556054059000154
21917,-0.3446769696600036
68205,-0.3366541909049996
18393,-0.6246640177349994
74646,0.5291280694799978
235132,-0.5329607424799958
12309,1.0483559455499996
331524,-0.3428734681550001
385658,-0.3536551238899932
193043,-0.7929945629350001
22145,0.2477467128000015
102442,0.2721591205849965
72433,0.6734361726149998
19331,-0.289391879104997
57782,-1.0146352275100021
18028,0.8982116117750003
17434,-0.23133087695499732
224109,-0.3852930689999994
17986,0.38759573928500135
56453,-0.35746375714999523
66790,0.3634734534399975
237073,-0.7835020215100013
101602,-0.423988274849993
73447,0.33608022260000503
14748,0.3879578852700005
109054,-0.6220377791000002
13506,-1.039241512089998
21762,-0.31089814554998974
17449,-0.27709420954999686
67917,-0.755464811465
18104,0.9091753466200023
108101,0.329842868410001
26371,-0.4535714842550007
21833,-0.6247209889299983
11482,-0.36122164312999683
83485,-0.24539248959999505
53626,0.7909274377399989
69260,-0.6066636336800002
68487,0.25866369194999983
19069,-0.3965412073050061
50782,-0.34064586755000015
30925,-0.4104495048899963
19262,-0.23805997504999965
17448,-0.2812730797499956
67486,-0.5594353782700008
22094,0.7598739148650022
74450,-0.3134396141849951
233489,0.32381701770000504
106522,-0.7463015172899983
19355,-0.7799928329400059
17151,0.31668788550000215
239554,-0.7406096454549989
23970,0.24599657555000753
16847,0.9097672904600032
110958,0.6351446268750074
171234,0.9486120377500034
69368,-0.47148772740000666
11669,0.28641646694999956
56620,0.6748682632649974
217588,-0.8311632341249995
266614,0.7192741414799988
56338,-0.4195540727500031
15242,-0.37311056631499895
109136,-0.416985066525001
20821,0.2943741602350016
73466,0.7447720042550019
27205,-0.758725993490001
245403,-0.5767084934999911
230678,-1.0003797384450004
231004,0.6423797910950038
74192,-0.4828200036649992
230899,0.3974808387999964
13682,-0.3418093741499941
192652,0.23671255215000464
224630,-0.5597792789600051
66493,-0.3176996203499982
80910,0.7089382558000006
20024,-0.2462825231500041
54608,-0.745863296045
216019,0.4116272101399998
21808,-0.8184078195199982
16693,0.6498756908300019
170483,-0.5498551921749999
70382,-0.3058498381000021
68961,-0.24586474410000037
14115,-1.397336411835001
107569,0.6091434990999982
75564,0.774290914015002
66197,-0.5212155994049956
214580,-0.38376771679500177
80877,-0.3312004423749997
76265,-0.2914624928149987
67556,0.47715201549500197
50912,-0.5010512067400015
71916,-0.7893957317800018
58176,0.7044721079400027
17349,-1.0439266073499995
214855,-0.2622094191999942
106582,-0.2920304342650013
17222,-0.3541454801849966
20680,-0.9073363581299967
108653,0.8892868283650022
208624,-0.6035459894100015
66513,-0.3184618642949939
14912,0.9576226477450023
227154,0.4580353783500044
74998,0.7695953640299997
74448,0.6105067622350018
230612,-0.7095745669849993
110784,-0.8744256970449973
19365,-0.5653734454399988
16351,-0.7865445385299994
63859,0.6019135202249934
170574,0.9172250690300006
12764,0.7004302269000071
22704,-0.4740723108549947
20343,-0.3999708439499994
66973,-0.317293216699996
244813,-0.5977555055050003
103765,-0.5909579869900004
16153,0.3381813106699978
12369,-0.5320959916549999
18091,1.0741119827849976
381339,-0.5357447049800022
17339,0.45610029505000105
27999,-0.27628133691999146
55925,1.0921211390149983
230099,-1.1943368381200021
66090,0.27184999400000365
333883,0.7573462737650036
69752,-0.3568300770350028
75406,-0.31065868019999776
243906,-0.8030164534999997
12683,-0.9134071964299997
26426,-0.3537076703900013
233824,-1.0017712521050006
546519,0.7511280736400012
52468,0.4975673437149979
319430,0.4075562291099999
239759,-0.3096402431300005
57355,-0.22607821174999643
17765,-0.6247885434600029
13603,-0.627267505699999
108075,0.45323202254999817
229524,-0.41906388363000246
17829,0.798110986140002
21652,-0.287094020320005
56470,-0.31066065159999745
20277,-0.5277728261849997
69072,-0.28534378759999335
20357,0.8218752378300018
19013,0.5061438620699974
27419,-0.581560912525001
68295,-0.33261867019500535
26409,-0.2515149303949986
66206,-1.0785544524249966
16913,-0.3010282801000006
69981,-0.31902416272499856
66736,-0.5606274743449937
105844,0.73364052239
69259,-1.1113373034749996
18518,-0.5027998044599986
11857,-0.34732531749998863
21664,-0.8441643462650017
78914,-0.5517469977750018
271127,0.7655222556749983
20480,-0.28804469675000277
74112,-0.2811323766750018
229521,-0.4342899042299999
73078,-0.39772410662000013
78832,-0.6167875627249995
628870,0.6373320738950019
13179,-1.2979984894099967
12500,-0.31475132840000164
338367,0.685677651649998
19045,-0.386448654899997
11792,-0.29617966792000594
27395,-0.2957492814399991
217333,-0.7187476834099984
11486,-0.31823564182499986
70497,-0.2673736497499988
70750,-0.38440405070999883
216363,-0.3339130969500026
13512,0.6399907680150005
19116,-0.9047727397600003
268465,0.7342416985349995
108014,-0.3369051991699994
72615,-0.8868421169249983
68977,-0.40146127608000093
104444,0.46894618853000125
17524,0.5472986459000033
70807,0.2672131294600053
57869,-0.845216917364997
17221,-0.8106454436700004
408193,0.5695548711050011
233878,-0.4120237985649995
110417,-0.8101932941850007
383348,0.5384466449000014
75823,1.4912105024150009
26451,-0.3345007020999944
229603,0.6060195503299992
230735,-0.8850951246499994
27407,-0.23156162945000602
243834,-0.8450911117950013
68011,-0.32050970010000235
59013,-0.37804204119999874
224640,-0.2529223463499992
50791,0.49823491646000395
110094,-0.42085204468000015
320078,-0.6289121482999986
72774,-0.31852506636499633
12861,0.22906070910000054
66471,0.7371334265850056
70873,-0.8441392469550002
70615,0.6265189176750008
210027,0.9639769745050044
99377,0.4449954878850013
69635,0.4483684558250056
78258,-0.8886901587100007
216892,-0.5216406791049994
223864,-0.6092573668249939
17087,-0.5082982133250011
18476,-0.3864035930649976
56397,-0.26738676615000045
27397,-0.706882661315003
16010,-0.5703957352499991
66599,-0.26786711704999533
229906,-0.48514766880499316
116870,-0.6675220921250036
22228,0.3902215725000051
74585,-0.23232779744999377
14773,0.2928173191200045
55979,0.2931268361699999
56334,-0.3048422456500042
50529,-0.27254613129999683
55944,-0.29485133624999804
72723,-0.669645693115001
56839,-0.7069643130999994
13396,1.3029887149650006
319655,0.7040765715100021
74126,-0.42167306320000897
56070,-0.6611570489149958
20524,-0.29574076893499424
11732,0.6548083400800007
66069,-0.3403741730000025
231903,0.7755369628050026
56315,0.8771986019250013
217302,-0.9333138464999995
18542,-1.82218522451
29861,-0.538615052765
245532,0.6774925555800007
56529,-0.2906253758999995
66211,0.5044328827099998
68151,-0.6853340673749981
67050,-0.6843242828050009
140917,-0.8600865619449989
27218,0.3589876566650041
21958,0.5801816249750029
67841,-0.37571165329000245
14375,-0.31919847380999755
214897,-0.3143260861450017
24000,-0.7265036512449967
234814,-0.6761656273750001
66258,-0.36135692491999727
432839,0.5123650626800029
50496,-0.3113002840649983
14226,-0.5273514932999976
433375,0.27524000759999545
74513,1.067395233700001
16519,0.8756598134400009
170748,-0.5285053603399992
240888,0.689032360435001
94092,-1.1039086060149979
78308,-0.2502976242149977
67017,0.7238977646600127
107723,-0.297881040584997
12721,-0.4038659127999953
78697,-0.5128191716750026
66645,-1.0562746877299958
244058,-0.443049743005
68519,-0.8778233913899984
66294,-0.5516457658899983
208426,0.6391963082600034
14765,0.837055167255
216343,0.45307213776499955
52530,-0.2833594106999904
52377,-0.4744631992150037
22174,-0.7759577280949967
12914,-0.2516241549
94065,-0.2942474498299994
272428,0.6471471107899989
19270,0.7485528339850012
209456,-0.8816559897349991
98388,0.37679628114999986
21982,-0.5413980790249955
276770,-0.23676283549999688
435653,-0.4795383532049975
75623,-0.711535261879999
76527,-0.517330710215
72113,-0.5120494921999974
239766,0.7596960996049997
17702,0.762894715660007
207615,-0.794116684579997
109593,0.9397812742000009
77318,0.7013081497899996
14654,-0.7072603084850004
17035,-1.1093403328199951
26394,-0.28006695334999776
193670,-0.35518430072500173
78523,-0.3549750797950004
58181,0.6002425653450043
66306,0.2524980026799959
16193,-0.6221043901200005
20907,-0.46543681869000153
208836,-0.6521460770750016
12723,0.8108245673150005
17304,-0.4118845588399953
18100,-0.31568074766999565
109697,-0.8220099839200001
223473,0.6813741859499989
15399,-0.5005142719200006
66388,-0.6570758822399956
20018,-0.2618677458599965
226075,0.7014710625249978
69363,0.6692061185850005
227606,-0.3904204956899986
116732,-0.6214096402949987
16783,-0.30838572890000115
12487,-0.3038936587949941
210719,1.0544649018450003
246177,-0.36624739464999756
71583,-0.7516743692599994
77110,-0.24454583926500284
13047,0.4409382397499986
19298,0.3904072745850087
74142,-0.34336197785000344
21413,0.3642040090800034
229211,-0.5650889246149955
13353,-0.9155515521150015
107448,-0.6047913927800002
70408,-0.7926114001350006
11568,-1.6105526664949998
208164,0.5728019703250005
13629,-0.3227441025000015
208666,1.097719480080002
98845,-0.9612044859650011
50762,-0.27741881558999637
71718,-0.33479379044999824
68818,-0.24719851851500074
227731,-0.7009570934100005
69656,0.8628927251950005
21824,-0.8162057756000021
14938,-0.4214390972999986
66758,0.6176294598549994
29876,0.3072202302000022
69938,-0.8970497044600023
68730,-0.2656787721000029
326623,-0.5637937121249994
54353,0.30294543060000834
60507,0.8642510604800009
12890,-0.7980082143349998
66056,-0.2860563396450022
66168,0.39303143190000434
381110,0.5444108963800005
19744,-0.5801934642199953
104346,-0.8092382713249986
93747,-0.854748690380001
74841,-0.4097603434399968
14579,-0.5844284048249984
80284,-0.30558160590999783
14456,-0.7825821385299987
20613,-0.7984540213799991
13666,-0.6361571529899974
22371,0.4327630101499995
71901,-0.5100842673900043
26946,0.6157903634199999
330096,-0.7238621612049991
63959,-0.7195511840950015
18824,-0.2710146629349932
22784,0.7370406820650017
71946,0.672370480069997
67430,0.8116664233850015
58222,-0.253572698644998
74145,0.282132862449993
108671,-0.32150331384999475
246104,0.5631996260850012
26416,0.2301715334499903
56427,-0.42127582088000004
66878,0.4130011560999929
83703,-0.8877088305399994
77771,0.8680012891900004
16504,-0.5478660759900027
68219,-0.395404767965001
214951,0.9696651863699994
215627,-0.7090856227550004
12452,-0.6430331043000006
18491,-0.8850692378699998
64540,-0.5699558976299999
18667,-0.8074021714899988
71919,-0.26974775786000116
107589,0.5817354762400022
93759,-0.3244576736099969
330188,-0.7370898269749988
217038,-0.20686220734999416
111175,-0.9368172173649993
66725,-0.3593829492499996
319604,-0.32564813227999956
60530,0.6335219383650017
57783,-0.27820403054999865
17256,-0.24214748152500043
71310,-0.6687424534149997
52440,0.44599932699999556
64704,-0.2415161011000002
12895,0.710805848875002
83397,-0.5765258195049983
74596,0.5740492792650014
66511,-0.316764916949996
270066,0.5256912567999947
230661,-0.4833037034799972
17827,-0.29189777559000163
66622,-0.3537379734999959
12908,0.7479265737850014
83554,-0.806694666614999
230075,-0.24210402762999017
320981,-0.8196699462049986
15402,0.4467599663550028
106407,-0.7170420754100002
71766,-0.3025744828999919
73353,-0.7407311025299985
13010,-0.3343002872499987
12647,-0.882001759875001
20465,0.3713845319250031
18708,0.4637045325150053
72960,-0.5427115424199975
18935,1.0634309980749985
14460,0.27171575625000166
74121,-0.8493020532549993
70425,-0.3396537038100007
15186,0.37604567653500176
28030,-0.41462185228500203
210766,0.2547778131900067
15977,-0.5182898232849991
66825,0.9154885131700006
12482,-0.3442291879999928
21969,0.3607744128300059
217707,-0.291393230429998
381810,0.78501810702
320135,0.9318848130350039
320634,-0.5270204492900001
230904,0.37876017082499835
75731,-0.3271440946950026
105349,0.6128886874200026
59040,-0.33178495159499555
100434,0.48783299273499736
75624,-0.5878362322699937
66526,-0.5496001146899969
106052,-0.3957474809849977
22173,-0.4278055484400012
212706,-0.36588283183499826
67210,0.30359954520000443
12866,0.35631279100000235
233056,0.946347164830005
20350,0.6333168499549999
233724,-0.5144469312149944
16992,-0.37133179463999433
66689,0.3623864286399989
235416,0.5060707905349942
56224,-0.3020276142849969
57914,-0.2985639142000025
66948,-1.2956586663999996
67951,-0.41611866203500014
68048,-0.28123790365000545
74117,-0.36397660280000466
235633,-0.29819841331000774
18484,0.6176135470900013
208748,0.9309810941000034
268905,-0.6079097040100021
75422,-0.41232566083499567
77106,-0.3193263735899965
212111,0.2341076685650041
219022,-0.5588315906849992
74318,-0.4845872765800028
66897,-0.6223332837499997
76895,0.29325344888500027
14723,0.374758085480007
15571,-0.7436970424399982
246700,0.5636901345600007
12737,1.6314086698850003
52815,-0.5779400747749976
13178,-0.774528246734997
110157,-0.3628414512500058
68053,-0.6308840497500015
98932,0.2559799296999987
237928,0.7986492178450009
66556,-0.3235139228499957
14164,0.6838992192000015
105083,-0.35113360141999905
84585,0.4920966267000022
240255,-0.8648860289449996
16416,0.4029412449499912
12450,-0.34275446178999935
83603,-0.7448442130299995
11886,-0.6532410138750029
11684,0.30654077770000043
216971,-0.7615838696300035
23795,-0.7234450943899993
76965,0.6648982894
245386,0.5585620422350033
208727,0.5215090417700017
74486,0.47656351272000297
20020,0.5052290485999968
70396,-0.20037984800000075
20196,0.3129508251000068
14803,0.6819094004300004
74434,0.5944184982899996
60363,-0.620034181974999
55932,-0.3492753417949981
107522,0.8539814973049991
97440,-0.5160208778150004
320183,-1.1527943943650008
56292,-0.25057048704499785
22701,-0.6817179659749995
235406,0.4741842015049986
23967,0.6620205365650009
14453,-0.6866470697300002
76483,0.3222379768250043
17132,-0.5786624844600006
16334,0.5233369629800029
66834,-0.23831386690000045
68079,-0.33629026123499806
17286,0.698304141885
20671,0.7738492138449988
16183,-0.22073027535000023
18203,-0.22073027535000023
72310,-0.29953047319999904
14793,0.7786450408900008
16541,-0.29929263130000017
11843,-0.30143793950999864
77727,0.7297167573350007
66494,-0.30115816260000017
225207,-0.6115674040299992
66593,-0.38370185532999734
230917,0.6317730954700007
52635,-0.4275748532849999
12769,-0.3221363909600008
74355,-0.36893600545000105
56327,-0.5098860680599966
21856,-0.2963105800649988
70430,-0.6297755419999991
214597,-0.24031843499998828
17939,-0.3232669178300007
20973,-0.2223810054500035
76686,-0.6667404955050014
56248,-0.3309445234399959
18582,-0.3948505714600037
226025,-0.6607440809249994
210992,0.3569718096100001
11514,0.7762509309800012
245308,1.151395190870001
71461,0.8010852881250017
70726,-0.5736565157049975
331532,0.8467962246550012
237313,0.7878822278300008
23853,-0.3774254234000036
69940,-0.26702687206999975
209357,-0.8997579369200004
75416,-0.44155531101999923
238328,0.6219213646500013
14561,0.773145942050002
218203,-0.7245453638200008
27993,-0.2745321904700013
208643,0.45520575868999735
66480,-0.3731109499999974
103098,0.6488491044100018
229474,0.9317033665450065
241322,-0.5514999380550005
67378,-0.9371619229399988
215085,0.6027645002200028
16362,-0.3224689131000016
59049,0.40362257323500206
268977,0.42931586635999786
227102,-0.4822236681449965
75338,-0.5385678410499986
246221,0.37938557288500085
99662,0.5065960242149998
74352,-0.43558833560999854
382253,0.7354710059650031
66385,-0.38138068236999345
72607,-0.7673034074200005
225876,0.6077242480549998
56323,-0.7318227693050003
70603,-0.5766673725850016
21975,0.28881104035000327
70950,0.567657886290001
276891,0.7764919834200024
56215,-0.35460492355000106
68082,0.6210750968299985
104303,-0.24352353089499879
70470,0.4764884660399993
77371,-0.7819599493600027
67694,0.40406130492000614
17846,-0.39695032030499355
504186,-0.7856758210299999
14464,0.5329331464749956
15414,0.5778701154150006
104318,-0.34492051599999485
94214,1.207884967630001
67283,-0.26764934318000044
20621,-0.37172005814999665
14911,-0.3616553330700061
436059,0.6487001131200003
14854,-0.6848188692449986
75767,-0.5018959524649995
26400,-0.6186974644099985
228491,-0.5803692748099989
27632,-0.7214186533100042
20103,-0.25827265180000225
26445,-0.35767260106500043
217738,-0.5388960609300026
381538,0.744690774595
22680,-0.2625410114099971
234138,-0.4265300389350042
80283,0.2132720322000008
76850,0.4420801044200031
75423,0.24902122229000412
214106,0.7111028217249991
67529,0.31717228779999473
70060,0.6378423225449992
241794,-0.9143184742999999
22368,-0.2703072876350028
210622,0.49658740906499954
66357,-0.34847923954999693
14758,-0.4756864694099976
56786,-0.24082366815
338375,-0.5613281286899969
70110,-0.26691921752999725
72306,-0.3893555174049972
73582,-0.7744693204950002
330998,0.7935783281000006
54381,-0.4790391190200003
320712,-0.8301860651349999
243371,-0.39363883189500015
53618,-0.43375590350999804
236285,0.5988993500500035
320655,-0.7803744552499996
69847,0.8384438398500009
68177,-0.3306450466500017
268417,-0.3437591443350012
231642,-0.39132988815000225
20504,-0.516107555579997
14026,-0.47416222419999876
66880,-0.6315335372649997
14705,-0.5374317594100013
54198,0.32872221174999616
56486,0.24603375540000094
19248,0.33358665325499537
16641,-0.7510138313349977
94066,-0.2751192759899972
15403,0.7227766905699999
16502,0.7961529586299987
110391,-0.5161886363550021
18715,-0.9068900443399999
54673,0.28063201039999974
213499,-0.34002040773499864
170935,-0.847579366220002
57912,-0.22901286212999494
53598,-0.2189259227500049
67909,-0.6026967981649989
218503,0.6688307618399971
246190,-0.5722451621949989
18712,0.31221556700000797
75778,-0.2637474747800006
68981,-0.3231335518899989
338354,-0.4770766009000029
50706,0.4404978503199999
142682,0.697183956045003
20276,0.5740757977800017
71830,-0.5956673772699999
73373,-0.8331206993000047
69281,0.7182224479100023
76132,0.650086725855
21881,-0.19431556894999247
26754,-0.22827346741999754
11974,-0.24783277685000016
69159,-0.3613594165349987
30936,-0.4520381631349992
226652,-0.26216660784999846
474156,-0.3083369032699981
22110,0.3554306503999989
69917,-0.32534251193999886
66506,-0.41532218261999976
19364,-0.8530109482900023
246179,0.40476694101999744
67097,-0.2862209657000001
110821,-0.5911583289099971
76357,-0.6342025119550021
72556,-0.731065228144999
14359,-0.24721404110999856
13057,-0.3466662084000056
12519,0.39260077857000475
79566,-0.22462800227999935
76282,-0.4323843484299985
210973,-0.2600221303249981
94093,-0.30954985025999804
71932,0.2781715555000037
114585,-0.5940978045150005
81601,-0.21358398399999778
93790,0.29453000705500365
77053,-0.570821702614996
66054,-0.42025330334999644
50701,-0.2979264789500071
242681,0.7422914502950002
11889,-0.841321590199998
27756,-0.23849599824499812
26427,0.5015717355849985
68597,0.46081358060499866
72084,-0.30136432448999884
212531,0.30353381334999696
12237,-0.36027665816499876
59022,-0.24967881239999734
60315,-0.3874084775199975
68460,0.49836166435499774
20224,-0.25611476469999594
234076,-0.646592876809998
231997,0.5987428573300022
71276,0.7814989669800063
103710,0.429551602104997
67178,-0.5297772923250026
74035,-0.5491866115400015
74251,0.4052775402000037
246154,-0.816547889035002
76376,-0.38361243261500055
19219,-0.7715016183099985
16449,0.6475485182400016
321000,-0.5668293775699977
12563,0.6494136244249997
84505,-0.6363313488300006
100561,-0.2899183169999979
71684,-0.2300664591999979
232910,-0.2192112629049916
271564,0.36311203972500117
14616,0.5289911649149999
319586,-0.5452466601299983
70178,-0.36722447980499773
104086,-0.31554585182999784
17203,-0.673695365695
105446,-0.7313620487650034
108995,-0.31085433215000435
23881,0.4510871480499983
56433,-0.3101651687150042
14682,0.25403243604000014
230654,-0.6798046544599998
67023,-0.26703924665000045
13038,-0.9590965076450035
270091,-0.6946515236550059
54003,0.5337424602349987
68828,-0.7532362086500006
11686,-0.5252208539599978
52700,-0.25588835900000184
11522,-0.8165988234499988
214505,-0.20701267749999452
320472,-0.8156953876249977
53604,-0.6118821102949985
18185,0.46924352946000125
319448,-0.607651188814998
53624,0.7183742214800013
68260,-0.6411885992599959
24030,-0.2738193037199963
18082,-0.99823928603000045
233046,0.6433003750900026
70561,-0.467269478729996
71355,0.5019932320150007
216119,0.7727554606249987
70300,-0.8044811763199995
211652,0.43549271613999974
27261,-0.28338114279999616
217011,-0.5502221469499986
19384,-0.25039345254999823
66053,-0.2818860422749996
67890,-0.35588451768999896
171171,0.7735520583300017
226591,-0.7888219157100007
12325,-0.3667550821999974
17423,-0.3667550821999974
14051,-0.7343472566149982
17257,-0.44844846731000043
17444,0.5105712243900005
239122,-0.5822514094099986
72068,-0.2626160158200026
213262,1.2354500964149984
14863,-0.6271938846099987
76969,-0.7844536233699966
13144,-0.6244923928600032
242151,-0.5373643582799952
101772,-0.8259994649450002
230119,-0.3805830645550028
14871,0.6712217270600007
17329,-0.544794054065
14625,-0.5279525398849998
65247,0.5770179053000035
78893,0.47869540776999564
108078,-0.4919743006400017
240332,1.09427351757
229517,-0.6700800203300012
105727,-0.3899043965500031
13875,-0.3294420770400013
242608,0.8794139168350008
74770,0.6699848392600001
13427,-0.31622790004999324
76524,-0.634874259624997
223435,0.8910973848299992
237052,0.9845139187550012
67296,0.46020846590499964
22143,-0.3330476514999958
15166,0.2728240922000058
223989,0.49189659659000373
22194,-0.44457308893499636
11515,0.4962299579500007
57753,0.2973266469599949
27385,0.6192174315550014
619331,-0.6508032961200003
66570,0.5541527820050005
69547,0.9472675341849999
71891,-0.24066833307500346
56357,-0.44796651506499785
56736,0.37936009705000195
14390,-0.7532937369150012
71911,-0.2884331267300002
58186,0.537935363459999
50768,-0.61292444269999935
217847,0.6791462499799996
19073,-0.2927095381999969
66249,-0.2916155666349969
67946,-0.641326988830003
52432,-0.23708819550999571
70405,-0.4895224193699992
74488,-0.4139017956150015
214931,0.6098160329800018
225997,0.5436336122100021
14084,-0.3812854470699989
104009,0.25677738379999937
327762,-0.6971353828849942
192170,-0.37931263837499607
52202,-0.8345399429099993
18181,-0.2659284108599973
74032,-0.5449797224400017
381337,0.311842451720004
381356,-0.2556204241749995
16570,-0.5620039142299991
110175,-0.3825555356349959
67149,0.7393539260050037
58203,-0.28918047613499276
13860,-0.7103292807900008
66975,-0.5852814985000023
18777,-0.5242596082049973
68327,-0.2511459944800034
50789,-0.5957218723149991
83382,-0.2697028162499979
27361,-0.34582289330000116
14373,-0.7173260344500019
11513,-0.2940172590000003
67030,-0.2960089718350041
231326,-0.6707435272299991
27055,-1.0283901682850014
24099,-0.6282959804099972
66441,-0.5155420376899986
68875,0.7628108231150037
280645,-0.5393436576499995
12951,0.5223749002200027
72729,-0.2773143048000115
58246,-0.6996238658199996
229004,-0.4422441282499969
22666,-0.3010868745099975
75316,-0.34186497419999284
213234,0.7397030293349993
320184,-0.4566609431450033
12238,-0.29853258961500195
381626,0.5140501745999995
68209,-0.20683961450000155
170571,0.7813227341549975
68036,-0.2745726730000033
21749,-0.34176649378000157
56480,-0.9053598596149994
16536,0.6643589178800005
26447,-0.3291378226850057
71924,-0.6593697775799994
72429,-0.7668388418800012
52808,0.34234648429000103
107071,-0.4059646085999926
13481,-0.222970240100004
70551,-0.4431632909249963
319945,-0.435942635565004
68966,-0.28315242015000486
216835,0.4980604237950006
94242,0.822731736270006
208583,-0.46976633207999763
214345,-0.31706735818999743
243816,0.3435316449000023
106200,-0.3186638883500006
320736,0.792816737300003
209012,-0.6501006976249997
50796,0.3887151780050031
237775,-0.7063193880150003
233315,-0.7709842771350006
30841,-0.31939674494000236
98256,-0.2775889378799974
12283,0.2244569381500039
226049,-0.7395760221099983
67337,-0.290398666014994
268420,0.32185230395000275
12790,-0.7677883462499993
72090,0.5123390226200044
242509,0.6577467428699988
67826,-0.25536653615000304
140557,-0.8963838922150011
78803,-0.7668221059850007
170638,0.480336614765001
15469,-0.24333103809999557
63856,-0.32820817799999524
229363,-0.6477756791799996
320234,-0.5241093795949974
57377,-0.2768523241499974
56484,0.5685725356250018
13052,0.5758116536600024
29805,-0.26055484315000044
17165,-0.30481005483999724
77035,-0.487779961194998
16924,-1.054517154090001
74766,-0.7073355319699974
229707,-0.27248789814999697
26398,-0.50456284802
18821,-0.6770060450949997
230098,0.5292636330799994
83924,-0.5217693758550004
73046,0.3058546628000052
12931,-1.1307108255249974
329504,-0.4492497721699964
26939,-0.6588306298950046
56150,-0.5127734198800002
73242,-0.6113310628150073
73699,-0.5182713042549949
11656,0.1813444209000039
445007,-0.27480923653999767
67657,-0.3199463221500025
19736,-0.6979695940299977
18636,0.2626210855749971
100038882,0.4834165569999982
16709,-0.42950946305999693
101359,0.493717412550001
93688,-0.5275666836099999
13876,0.8760716895700011
671535,-0.2569254668999985
53378,0.31886430259999976
67010,-0.32314977871999595
94220,-0.5680781086700062
78895,-0.6370473081699988
105193,-0.4564832437499984
80883,0.2541983026100021
13809,0.4889733990500016
93681,-0.5339242168650005
14158,0.49920650345999906
55947,0.5930149121050006
11864,0.8208469659350013
56199,0.3687077229300044
252876,0.442747814435001
67111,-0.42131179795500273
19288,0.879912984540002
20440,-0.34280061233499914
19130,-0.685210604815
66977,1.0038901663199988
12525,-0.5914794696400012
80857,0.832749509065005
574417,0.8387393679449975
74211,-0.5117296491999994
213827,-0.3506092481550027
219144,-0.6809053242850007
68294,-0.38190546537999737
56218,-0.7438016852349936
23938,-0.28637863940999253
67896,-1.1766523747899988
211329,0.7667113842050011
66395,0.26966778345001075
20463,-0.3147205887999984
22330,0.5526389221800061
227929,-0.26256367549999204
67180,-0.37164237452000215
232430,-0.2182996087799971
101240,-0.3565650309300006
66789,0.8815552395400017
16420,0.6843148709650002
20517,0.48784592364500234
26410,-0.4950251901899989
71816,0.5826334630500014
67935,0.6836374486499994
107702,-0.28380122487499904
23925,0.6250683051800063
99512,-0.7214212654749996
12291,0.635118213030001
338365,-0.6671023209449993
235574,0.27296292159000224
12555,0.5624578807150042
432779,0.449986459159998
28015,-0.35239728629999334
114255,-0.8603511114850022
353502,-0.23602343407499937
111173,0.5053743042749987
17207,0.3393764080350081
12411,0.5509478537450017
27402,-0.618080581850001
11799,0.4785157053349991
17716,-0.3435100496500052
17717,-0.3435100496500052
223726,0.6709275279350031
11550,0.750422227715001
74315,-0.19958471234999742
208638,-0.1963866863999968
268973,-0.8999884294699987
70575,-0.762147746320001
17685,-0.29783883216499696
67224,-0.4232391634999999
12408,0.3208177263999925
56707,-0.7670495682599978
228998,-0.29093152999499416
110279,0.3019034662700051
18976,-0.8255943842549973
14950,-0.2587367420499955
210554,0.7792763621850018
232784,-0.31012411416999974
66989,0.3490265118599982
78330,-0.21008080225000114
65255,-0.4738870270399991
73075,0.44888194538000104
21766,-0.2212538560500068
231803,-0.24410778390000232
21957,-0.5004880234899955
76916,-0.5903351884899979
16178,0.539039156064999
11784,0.9511172277350006
11981,0.5579895526200023
55985,0.7339323880850008
171209,0.738446311190005
69367,-0.21267828465000171
23885,-0.36407589719999756
18295,0.6146417265949999
21821,-0.7103347063849954
100647,0.916672194330002
67776,0.48345574826500215
19215,0.47365431213000164
27878,-0.7813295892799994
319695,0.5548939768550003
230996,0.6475594195500003
66855,-0.23118540619999628
66811,0.8840499566750006
11651,-0.2921901204999955
19186,-0.2139076681000045
230576,0.3912888617799992
217869,0.33228460609999466
234072,0.7301193841250013
229801,0.5241429633100001
17125,0.8473242419400009
67484,0.5878353793850017
268566,-0.7035997214499989
13732,-0.2650309098499921
99929,-0.4737720962349963
71770,0.635036609380002
66988,-0.39881329962500267
12424,-2.003545511305002
52245,-0.5526921801599967
76123,0.3763727149099978
68117,-0.5697220549299962
242653,0.5707361361650003
16764,-0.5493790171499953
216543,-0.3219409392749979
13167,-0.21930661080000213
100952,-0.6309045517200009
75062,-0.2991723956450052
74213,-0.27988826719999516
72399,0.23019585821499788
13685,0.2613215280000052
20928,0.7923305261999998
18038,0.20740574382000077
67789,-0.4700241685399975
76568,-0.26021355800500245
20681,0.6582527389050026
18782,-0.5034980724049998
50776,-0.30851120798999254
16774,0.6931724314699963
19264,-0.24637080014999668
23992,-0.6414227027800026
330355,-0.4781381209449975
72828,0.2880586500499973
226412,0.3080296860500038
98660,-0.661782466705001
19014,0.218489428949999
246747,0.7203123619450063
215090,-0.6877835350650003
23908,-0.6762935359499993
13361,0.558889264834999
80914,-0.317048278939998
64339,0.864887664824999
668166,-0.41925428407
11576,-0.24854421911999758
100502876,0.839623571529998
68188,-0.2915843432150069
20742,0.21019776544999225
19395,0.20474529604999958
207704,-0.5216765108049994
635253,-0.6546828921850008
15275,0.31821309430000255
20743,-0.3529183321600007
269831,0.7073499670799981
56282,-0.32686715641499653
13386,0.8870032088500013
12757,-0.24946357454999557
28146,-0.21034933239999631
246707,0.3483216057000025
75387,0.3911078702749995
67936,-0.36609555061499854
106947,-0.39124475493000155
225028,-0.5177687726099975
56399,-0.3331144354549931
14794,-0.3843404473349974
22221,0.4953319795500031
237754,0.5722283395949983
108030,0.5620068368699993
11876,0.5709523520800008
75388,0.5181480840000026
14282,-0.5190118640549972
217119,-0.30506865320999665
66940,-0.3490052137000017
73844,0.5880190088449986
545554,1.0076338057950025
103136,0.7615327648699965
16467,0.6235542694900009
230125,0.5045258416500022
353190,-0.5247150486849996
103836,-0.4810868351099993
244059,0.3340056719400053
381280,-0.5842599946000018
21886,0.4030263742000031
232370,0.7072792232450009
68291,-0.7661577480150008
68988,-0.318870362340002
233863,-0.47571603535999873
15259,-0.2575578332899937
235627,0.2635654253949973
16206,-0.6707263295700008
332131,-0.6077031554699981
218543,0.3646909501999982
107986,-0.41872443608000154
67966,-0.9701361701200009
208691,0.3980383037500008
216445,-0.3204747393999927
73754,-0.6497949239449969
214952,-0.2926844952800032
72843,-0.6251408934349971
57080,0.40709979084999404
278795,0.5769149530850028
225870,-0.40944455135500046
106952,0.32211269353000027
216578,-0.7508638293799992
12223,0.8027737965100008
328845,0.7423470135849994
171166,-0.5500505590750038
76905,0.43691510965500413
58522,-0.48514134295999956
69716,-0.5426050069000041
330941,0.6212713739200009
15160,-1.0471248294399977
66274,-0.5750997310150008
21405,-0.6986131474399992
67839,0.6898969140249998
58227,0.6233143584000009
213391,0.4535348632049985
21391,0.2942746782950021
19419,-0.27469378875000316
230709,-0.5350908361900029
99470,0.5243351058500032
66151,0.2487572326950005
56452,-0.4711967520949951
64011,0.2973375761500048
27401,0.5536096404749999
19719,-0.2714201173700026
66420,-0.24784666674999478
101543,-0.7656815512550024
241230,-0.4567546032399985
17245,-0.7005949435700005
209318,-0.26097749889999733
67544,-0.5998496787549996
15254,-0.2755065251999902
66163,-0.2207978589000028
69890,0.8105507028400014
56297,-0.5854226897149966
14782,0.2653082037999983
68539,-0.2449669630900022
69662,0.2994735397400028
63872,-0.526152620070004
72149,-0.4215409139999906
213696,0.5655696974600009
11495,-0.37099252722999987
70544,-0.31460705575999626
216527,-0.3288447345500014
19228,-1.3717080892899993
23934,0.6372375560000023
19769,-0.19933625854999448
71956,-0.6117563800050023
14573,0.5218725569
12564,0.818731467360001
53323,0.27827741164999864
21912,-1.0656975578649983
66865,-0.43922859773999523
18521,0.19056260285000803
67605,-0.7278172985900007
319579,0.58902349794
18080,-0.6161219953449981
227612,-0.2863056017300032
13138,-0.5057955445450002
242202,0.5166023743899961
74360,-0.5792386611250002
211468,0.609785203545
100504156,0.497539014265
28088,-0.2649574724299999
76375,-0.542690327859999
56418,-0.3008447906599958
107371,0.26925467219000154
21452,0.2824563771799973
140571,0.6172072732100027
245828,-0.3022284388549963
56095,-0.42021475967500166
20679,0.5754058989850028
20198,-0.24830830620000022
320484,0.3167573633250029
66983,-0.5367591310050033
16826,0.7450056391650008
66072,-0.25280461776499763
17119,0.38257028534999193
431706,-0.3119066337649947
66337,0.6132717332750008
14419,0.3994364550200036
52064,-0.4266072353499979
71817,-0.20755504455000562
140806,-0.63261844731
20044,-0.20770745220001174
80987,-0.7095660214500006
57439,0.4103034949750004
218975,-0.376602745105
21853,-0.6784274265399945
69046,0.21245332340000544
67997,-0.570218768680002
14697,-0.5316289745599994
12010,-0.28224201060000276
217340,0.6323653924250028
56382,-0.857960551639998
64898,0.29281272968000316
666311,1.0652605714699996
14612,0.5717675863500009
20339,-1.1628013139149993
66887,-0.31294895789999977
211986,-0.2656705301699933
73327,-0.6615027117549985
67579,0.8523184841999996
74044,-0.7288117985900007
68350,-0.5644234407550002
12455,0.6995510677849994
67416,-0.24806471422500032
194655,-0.5582734145199995
74178,0.19820420395000937
56541,-0.4042016007100022
52331,-0.7437220415300012
216987,-0.3371418661000014
243983,-0.6015666891900029
76574,-0.794837924104999
268379,0.6184694263100003
330406,-0.535250801575001
20442,0.29833744995000266
11909,-0.2884364534649979
327957,-0.488524059419996
21802,-0.34149272434999833
229663,0.21021431549999647
18176,0.21021431549999647
18738,-0.2824536839000018
56742,-0.6675065835199989
66695,0.9107898173149991
67345,-0.24243527444999202
229776,-0.5758838764950003
24051,-0.644980659199998
57915,-0.28949239614999556
100226,-0.6508685017249949
80860,-0.6834219205850012
70026,0.402211575900008
23831,1.0229971257300008
76630,-0.25828248358500083
19951,-0.24935729530000295
55961,0.8026964730700037
66383,0.29195011100000023
16978,-0.2560719492750021
14257,0.5149109446549991
218440,0.5543242806599995
14411,-0.9630597521749982
64660,-0.23903780605000158
109077,-0.7019842844599982
20750,-1.5210785380999994
103284,-0.2603343524950006
15132,0.7394945321599993
56349,-0.6089558760799978
15205,-0.4650063607499981
13487,0.4753760071050004
15182,-0.28488278527000244
235130,-0.4529434055599979
233187,0.5064164374749995
20657,-0.7604406982300009
14423,0.539301785870002
239857,-0.7548055093049997
22350,-0.2758405831000008
20723,-0.5044319245350009
223881,0.46360655559500064
14081,0.4765033371000058
54375,0.45715745795000373
66757,-0.7982036210649985
107999,0.2085007845999982
232035,0.5631903681649986
319530,-0.44991484938499804
66913,-0.780326581549998
208768,-0.4689031409850042
64009,-0.5579138903150005
67781,-0.48306007706499887
238323,0.9182854691949993
14547,-0.24980092377500185
171095,-0.914711555844999
103425,-0.24909733779999677
51885,0.3073437399600012
15983,0.5904134287000087
23950,0.4673409254000003
19250,0.7930958054050024
17346,-0.23933959199499633
12091,-0.3015534202649981
94043,-0.6223305653599995
14545,0.5694337581600002
70454,-0.6091303873600005
12328,-0.48362291970999927
72795,-0.1978523193000008
116871,0.39290186455000153
227120,-0.9104822038499991
192185,-0.24375540355000247
22247,-0.34545427772999915
108907,0.5240900704499989
72029,-0.5114971791849987
193116,-0.3259979953550003
14199,0.3959911192800005
214547,-0.5762595958949985
11944,0.5032801717100006
20917,-0.7310585853449991
18095,0.8206587020100016
67187,0.6810797062350025
15234,0.6512199706149984
70796,-0.5838260572249991
244349,0.28357582086000477
12576,-0.20520940704999546
16994,-0.3842459093000006
74155,-0.5292232434050037
13990,-0.6416571392200003
16523,-0.7047399274750017
13040,-0.3601967347499997
57746,-0.5705029740249992
319880,-0.35088758582999535
238988,0.33452490067500307
12842,-1.3278674264549983
214812,-0.4750509621799974
231727,-0.5704645039750007
59047,-0.2297356300000004
75459,0.7175690651449993
17215,-0.3725285459200034
19042,0.2967796050650051
68149,0.30951024580500075
15400,-0.5376879342699983
70054,-0.47660827281000007
16517,-0.5036250823549984
214685,0.5928964347750005
107250,-0.9361489246499959
74187,-0.388193975424997
68774,-0.4435251573499981
17885,0.543078464475002
72183,-0.33280124502999975
20528,0.2654224213499994
30944,-0.5965742937700007
217325,-0.34045684118499686
74479,-0.24113126900999582
19720,-0.25768012140000884
66978,0.40052304157500096
18293,0.3246466347000041
277328,0.567947157264999
245537,0.2999118954500002
245841,-0.41736131912500074
20535,0.20805697119999778
105853,-0.6168414886849982
67509,-0.6260498969099988
114615,-0.31228836957499784
11652,-0.17470904399999476
78689,-0.2631228478150014
67200,-0.24189738222500434
73647,-0.49932792793000047
238564,0.6431708060650014
108114,0.5860518217100008
78913,-0.592572440555001
97820,0.29763935329999924
21385,-0.4004939203499971
107528,-0.25445876979000115
21380,-0.45218997375000036
22318,-0.3589292342250001
66448,-0.2089164594500037
53357,-0.41688457777999766
11852,-0.6702960959249982
12649,0.6187558868100016
210503,-0.5233006958799971
12160,-0.5467512233499994
23996,-0.20483507237999277
232441,-0.43035383131500105
21420,0.5151130571249993
71927,-0.2200104000749974
78239,0.6018451824050031
54135,-0.6474582871649979
51801,-0.31626430184000043
235441,-0.2561986451650018
100504518,0.572627908920003
13819,0.33055964530000104
434203,0.24280586163999907
22320,-0.2157809222499978
17129,-0.28616587352000167
67005,-0.25110382246000285
73835,0.46504152308500046
14174,1.1106990996600028
74337,0.6012448282600031
73649,-0.9281185658199989
233877,-0.5779138162400024
66282,-0.47543241801499736
66049,-0.3485067819050016
235431,0.5625064407999982
70799,-0.3450947825049999
66279,-0.6815606030799986
14261,0.9130296102799993
624224,1.7576091159949998
66169,-0.22466220695000771
15376,-0.5993789629699982
69736,-0.5926050669699938
24069,-0.49069879835999997
101739,-0.3623411921699997
68837,-0.24064167112999435
52639,0.6104272005349944
67225,0.2524567031500027
18423,0.7785204230800025
68262,-0.23278505392999627
106583,0.7091650317000049
68655,0.5875323936299996
77038,-0.25245109010000455
66627,-0.22791387887999548
12534,-0.6728008983299985
109229,-0.29140034662999525
23983,-0.27514193184999947
67379,-0.17051233420000322
16666,0.5560917972700015
269378,-0.6407438997300003
103236,-0.21991025409999132
269702,-0.595273707125
13075,0.6645284787550025
13371,0.39640054811499903
71354,0.7653255865400004
107766,-0.3515911552500022
14247,-0.22098251804998625
74412,-0.22694034705999755
76251,0.35279410009500367
107351,-0.9244913461700031
319263,-0.3805147930300006
56619,0.3894234059600006
223843,-0.5479309033050015
21357,-0.19829656979999477
52357,-0.7988620786250014
12370,-0.5188614848699977
330695,0.3587450093449993
30940,0.3929944550499993
68153,0.255004173189997
16716,0.5096398969
68509,-0.7184360620349999
18150,-0.4777073502949971
68842,-0.4108196070749983
18602,0.41001410447000275
57755,-1.2213694124100019
67620,-0.5274591785050013
18817,-0.862092402290001
93671,0.8053138140399989
54485,0.37866592237499974
66102,-0.4560607834600008
56745,0.5302906663099982
23984,0.623367211900002
52477,-0.29249075534000113
67477,-0.8400216207450013
225192,0.6591001526599998
546144,0.606803033720003
67420,-0.5733241606499933
76302,-0.31686455902000255
58185,0.38424275230000404
233079,0.4149614010850051
81630,-0.8378230123549981
56637,0.304646672239997
78267,0.7959665098850017
17532,0.4860844935849995
13850,-0.5182946171700018
30056,-0.4576595657050069
58988,0.4742258159800006
16671,0.47110154334999876
15486,-0.610142559765003
19823,0.24109835255000434
16664,0.6943867980650014
56636,-0.5345829815299985
66916,-0.20135103919999864
353187,-0.6670264059450002
16189,-0.48855224085000337
20643,-0.3032525537999913
66421,-0.7389823748900008
102570,0.4472077579000011
13036,-0.3050419820999952
72502,-0.6349741265300031
67474,0.25540028686000404
503558,-1.0158913629000001
26909,-0.6289154808700008
66603,-0.48360114011999666
278507,-0.6791137590899945
71865,0.5332288222149932
20130,-0.21985105314999664
18546,-0.6687320208600012
231600,-0.2002276720050009
56710,0.8661596538799987
19087,0.6165724705349995
67933,-0.5151083344150029
67530,-0.28239489290000286
71592,-0.5744891413650013
233802,-0.26695062569500116
69638,0.4609111908600001
72043,-0.8139696822350002
320806,0.2956118195600048
110639,-0.8956378460249983
20664,0.5768423983750006
11737,-0.29195024104999945
238505,0.3403158963100008
81840,0.6416146337199997
68731,-0.3628725830249966
68145,-0.7390636790149996
218973,0.4302344063700012
68970,0.48314529399999806
66994,-0.2891765522949985
76429,0.2865791237100055
214922,0.8592187988999997
224727,0.2699077517000035
74468,0.6346171901949997
237222,-0.7133880296849995
269623,-0.394402799635003
70568,-0.43730358069999653
77629,-0.5849157719049987
225027,-0.28490011919499914
18256,0.5297395074850031
13984,0.557207604805003
56812,0.48268274694999924
11567,0.4179669666850021
52829,0.39368367040500196
80861,-0.4394698531500003
65103,0.3004740128000023
83486,-0.29722594495000365
99375,0.5510836016999967
14263,0.24352618979500384
50995,-0.32678648629999785
16179,0.22143735523999908
66171,-0.29586902302499674
16392,-0.32739602332000084
68337,0.4342623538249981
20754,0.553917144670002
110385,-0.3275699252499944
74287,0.17092051105000117
70701,-0.658046131599999
327766,-0.5090111340299988
11921,-0.40564727994000016
320563,0.4832118161600025
16980,-1.0490549187099982
20409,-0.1816264921500057
105352,-0.48820875793999363
73086,-0.7550750765950003
230597,-0.5414327833550008
228564,-0.45736336055500004
107305,-0.7481982994999976
28019,-0.17418143957499943
229534,-0.3431203310000033
270084,0.5926987240799999
18823,0.26617271104999674
14587,0.598635442225004
114602,-0.5938062224999991
76892,-0.5745781941300008
212670,0.35547489040500313
320558,-0.536419110575002
13426,0.4970055532650015
67914,-0.6588410553499973
12916,0.390879756960004
74580,0.7144435190100014
58523,-0.34955925759000017
52443,-0.18020438594998822
11657,-0.6317352140800021
17869,-0.4859692895399972
216781,0.5794839474100044
78610,-0.2613899924500078
70061,-0.5179513874899992
22166,-0.23444841215000167
270110,-0.2857756747699973
232875,-0.6087537475799989
50884,0.2819655357100057
237436,0.5439654970649994
69024,0.4854234490999936
627191,0.5292072305499995
11972,0.28903023579999854
228875,-0.2183007143000042
74890,0.6612564174700042
67013,-0.4683652914500005
100737,-0.6288972269900022
18221,-0.2437041427949982
24111,0.48905168527000065
80732,-0.2211789563850024
432572,0.501062655299993
194309,0.51280616789
229725,-0.22467040404999494
69527,-0.4741692641999977
216964,-0.2342899457200005
252903,-0.2264238208300018
380705,0.5231497547150035
14733,-0.7468709298950014
13626,-0.2557605180199971
72826,-0.5427580458699985
83561,0.5312003319449983
13177,-0.22325069509999906
67604,-0.41956474068000027
68969,-0.21834010738501064
12229,0.24560873744000133
218793,-0.4689985947999986
28010,0.2371322069150006
20467,0.15954089239999902
68877,-0.20171083569999837
216350,0.7889499477550039
102747,0.33080648174000027
16173,-0.5091516177499953
50702,-0.5849523461050001
18377,0.5429041183700001
69116,0.2821760585500055
60527,-0.6399659393199988
66510,-0.1969940017650007
69834,-0.1913020502500018
320938,-0.2898801873499952
218877,0.3949053916200018
103967,0.5559051595550004
18573,-0.40354642187499934
20384,-0.2582755016099991
268739,-0.7119757734649994
13609,-0.27317066429999315
66447,0.6559327398599972
210172,-0.6098222916249973
71069,0.560453148435001
68680,0.6045244056799994
17711,-0.32007547099998845
75642,0.4885559414300005
53374,-0.5122329735499953
215387,0.5389812617250014
15904,-0.7418738299400016
21818,0.3396745479500005
21948,-0.34192708738999844
212986,-0.43515489286
67706,-0.23260385720500132
14137,0.5234080188199997
320664,0.560194111855
216274,0.47795769179000036
269643,0.6021743211149992
14569,-0.1837027391499877
17975,-0.22946581879999606
226610,0.9792760830200002
27421,0.6617719714249999
26417,0.20386294630000457
12991,0.7307111978900003
100637,-0.5326049298949984
22326,-0.5537254455199991
242662,-0.5598909912800014
226525,0.49637446314999956
210711,-0.23600437235000804
56437,0.6280856483900061
18452,-0.7757262622949961
17901,-0.8443453317350009
65113,-0.2035260806999979
83383,0.5866428338300009
193034,-0.6635423858099982
106068,-0.3417227170150001
12516,-0.20918332604999712
12294,0.359505866045001
244891,-0.34071121916000013
12151,-0.4129835561350026
18420,0.44823314584500107
76737,-0.1925505966600003
20823,-0.17657762049999448
269523,0.2702733174000027
68735,-0.2503980058949935
14163,-0.45502274543499777
72630,-0.20586428499999698
12803,0.39722397702000034
66497,-0.380251022665
14704,0.5199318205849988
66653,0.49248168667000325
230726,0.6570567386650001
67241,-0.22594463331999037
241197,-0.6664424857949989
68948,-0.39695557380999436
29808,-0.5045435019849975
99543,-0.4253511310500002
101142,-0.797755805379996
14426,-0.6510522364899964
72349,0.24778041954999708
330267,0.5062046911849984
15233,-1.0592558256150015
17904,-0.63499406599
216459,-0.63499406599
24128,-0.3816498322050048
22384,-0.3301479285499962
117150,-0.24245716378500148
11727,-0.4431270948250017
245944,0.2573519411699987
12192,-0.22477153980000963
244281,0.5275888646700011
244864,0.4764935114300002
234267,-0.5017786040499992
210004,0.3805815363349989
11409,-0.6765560447799999
67609,0.25608063382000346
19895,-0.5694289704300042
80901,-0.30382034798999946
66079,-0.24206335665999745
380713,0.6052544451299999
75734,0.34753635860001
17283,0.4388868393499976
71007,0.26081827108000155
68904,-0.5246470670499992
24060,-0.6743535481849987
17762,0.9430123527249972
227619,-0.24688059287999486
13204,-0.8110745026150017
434156,-0.4646574090300004
14264,-1.2283450151699986
56018,-0.6227168138399977
214133,-0.35296199271000006
69156,-0.22495696026499346
24018,0.3389840920850027
67399,0.21358327184999482
21888,-0.6676905899499967
233979,-0.4655052517149998
433256,-0.31754050745499995
22414,0.48556938520500204
59058,0.5291021656900003
20677,0.30343867131000124
72472,0.5024488889200036
140579,-0.5526748698750019
74480,-0.4402843944900008
76809,-0.25636115051000274
56615,-0.34190000177999735
26992,-0.22636267199999693
234199,-0.5674206538349997
66078,-0.2075561699000037
142688,-0.23861050242499715
14241,0.6960466128500005
12183,0.27375175809999774
66148,-0.2348658100999934
381038,-0.3895895667350011
216439,-0.21093258485499966
98910,-0.6419758426700009
78306,0.5413214743800001
14118,-0.5895655924750005
210417,0.8477774067450019
71939,0.3660675044700019
15483,0.20789656999999906
77065,-0.6371808559250036
140740,-0.21146311064000134
67646,-0.42790619732999824
109284,0.31589526241000065
20932,-0.20239439149999683
16403,0.3283840379999958
224705,-0.2511777301500029
67468,0.22969500584999913
67790,0.9429968527650026
14628,-0.18604600521999437
23789,-0.3731586431799965
17427,0.3809372018100028
235533,-0.5473978799400006
13004,0.4301043913100031
53627,-0.451924537904997
319767,0.6369480834550005
59038,0.8423924497099957
230822,-0.4248797007950005
102857,-1.2551788541200004
19687,-0.2949992631900038
67422,0.2950082517999997
329877,-0.43148605206000124
13430,-0.2646147332000073
22635,-0.632729793564998
73338,-0.41564907751999947
622473,0.4890765635000007
72720,-0.3801321025400006
68059,-0.19364664732499826
12971,0.5561743644349999
71148,0.42585710015000355
73274,0.315684805750001
20297,-0.4464660535549987
21873,0.4947852394149974
16204,-0.4693683701050011
14924,0.50864922387
20935,-0.3963659434850033
231798,-0.26554966035499294
12217,0.5856247348999997
76747,-0.2087737591499934
56312,-0.32414605042999867
77634,-0.39422128001499956
23807,-0.21564989594999595
54636,0.3299996488500021
234852,-0.18299170188999803
107932,0.31185469475000893
23794,0.4811604420750042
19881,-0.30144650582999155
244484,-0.4197978138149989
27078,-0.6908392848199982
382066,-0.5002525617050004
241431,-0.7769680690300005
16551,0.5974451452200018
72388,0.4155919164550017
211228,0.3692967820749997
433809,-0.44039976019999916
70155,0.3534048730150019
14660,-0.3000158159649988
73658,-0.22970569229999427
73024,-0.2352960480599915
105504,-0.22172700624499697
19182,-0.2168986589999946
72391,0.5888562758150027
16950,-0.42433833361500195
15900,-0.32395387980000834
211961,-0.5726713265800001
269608,-0.6494346284549994
66847,-0.2123173214599916
269344,-0.40086585341999914
21987,0.3806027760499986
16663,-0.45873098852000016
18481,-0.7231982192550004
75909,-0.2021583481499949
232156,0.3929536408350014
213788,-0.4885997024349975
56739,-0.31636163704499864
74386,-0.3953496530150016
382111,-1.8106368522650023
67204,-0.19321251540000617
243616,-0.49759647093499915
55936,-0.2659831264499992
219072,-0.23207339615999878
79401,0.5018705820350009
51789,-0.287608655349997
545192,-0.39856053955500137
66610,0.301196875899997
59002,-0.271784574179998
14538,0.39376221848000625
56530,-0.27917555697999674
12499,-0.29234462542499884
68943,0.2788063364500015
79196,-0.2977334236699978
53319,-0.2904203243999923
69885,0.8470737269499988
15547,-0.25102323968000206
67161,-0.603389356670001
239273,-0.3775477871699984
78826,-0.2644347820699995
14632,-0.6255023628949994
225865,0.41464345717000084
60406,-0.5647536557149975
69226,0.9230684950550017
330470,0.8316318009250012
19018,-0.29415003380000293
329934,-0.559135280415
233016,0.4284168014000045
73284,-0.621923879475001
218341,-0.469732629110001
20167,0.4017535506200005
21981,0.2675699970000025
50773,-0.2040427141500043
14472,-0.6920683589599981
378425,0.6491813396499992
52040,-0.5434890736799991
353156,-0.769553322100001
237213,-0.4917030862050007
66161,-0.3422842090450011
14130,-0.45239126873000046
56403,-0.6499203531649984
74711,0.5033898454350005
12585,0.36365502459999455
107272,-0.3644031781499928
11350,-0.2855851379999965
76366,-0.455531006290002
69077,-0.20107517405999964
57436,0.20307664785000767
70993,-0.5169808683999997
74120,-0.2140404712550037
239552,0.37207794741999933
239188,-0.47401903120499966
328401,0.5674821677399993
80707,0.42420226026499996
53332,-0.209504528204997
21942,0.4213319193849987
69065,0.44218185720000047
68957,0.4915883921600006
15126,0.46147447143499987
56504,-0.461885322165001
76577,-0.4671447125299997
209488,-0.5713621701200005
52668,0.3679273040000002
75871,-0.6919718474050001
75221,-0.20616667871500383
66489,-0.1635209349999993
67220,-0.23215791319999823
18020,-0.3164039237699967
13491,0.710507383585
17775,0.21733084080000786
228765,-0.6632653650199964
20534,-0.21467306968500033
21343,-0.3192649950499913
20397,-0.2842384520099994
56016,0.5309646161600021
15220,0.6508176608650009
12857,-0.20418166439999652
13801,0.5499120125500006
15980,-0.23881155783499786
72852,-0.5742388734199979
16391,-0.26432825939999205
11781,-0.6891081705249995
110308,-0.6651940289350011
13476,-0.4150042458349983
16412,0.3914245694349976
244694,-0.5737265338649986
246727,0.6307691516850049
228608,0.2736874701000005
108797,-0.6847363473099977
215890,-0.6266212955249997
66568,-0.787807480265001
103677,-0.26183401745999824
171543,-0.34549301711500213
19089,-0.2454076844500026
97827,-0.5707388461200011
11416,-0.5863977671899985
13016,-0.22220338960000063
12508,-0.29976678636000464
71963,-0.5743294586100047
246710,-0.41261587000499844
328258,-0.42083362978499883
16319,0.29174127123999405
66867,-0.3467265590550035
110542,-0.584555406969999
57773,-0.3156629214249982
56447,0.18857834450000155
94218,0.22050886769999423
93687,-0.21272452399999686
259279,-0.2965512247450022
74732,-0.23815711654999028
106840,-0.49238042932999715
72611,-0.19619094916999558
106143,-0.28017257025999776
72003,-0.6096062652399996
70885,-0.3221147913650029
70394,-0.22643192283999802
18606,-0.7793567535800001
18985,-0.28999459850000875
72075,-0.17078236735000019
18035,-0.19892361579999474
21943,-0.5446132083699999
53419,-0.47742487470999784
13034,0.4174169780500101
56527,0.6778208783499995
14156,-0.292560547059999
72432,-0.6710402075799995
214987,-0.22560029214999844
12326,-0.7223934913199983
15552,0.7277607311450005
72205,0.2827453025200004
15395,-0.5159474677550024
640543,0.53329555514
13508,-0.5076114846900013
72230,0.7060624193050016
381379,0.3452779954100036
110842,-0.21527716716000178
386649,-0.20334491664999277
230721,0.4435188583999956
14961,-0.39815547790000316
77552,0.48455781335500037
19348,-0.9093026943050049
242506,-0.7016018113850002
20630,-0.24510881224999181
75219,-0.5146461301549992
338349,0.4730795815699995
75368,0.5106222549750017
101700,-0.5549877344649969
13074,0.6586792423500007
381373,0.592076897215001
77573,-0.5112127346399973
654795,-0.24834639488999954
72568,-0.4725159814949986
20393,-0.3578269285700024
85030,-0.2516962140000025
243043,0.5462755117800002
67288,0.29895072596500505
21843,0.18061389620000057
74362,-0.677078548429999
619310,0.6805349617550034
69926,0.4326864493900029
59015,-0.3805929500799996
30954,-0.33511323016499794
19732,-0.28991607442499756
56535,-0.8461807085199968
54635,-0.6023318682250025
211577,0.7040536817200005
78334,-0.23607754583500018
20462,-0.5106473497450006
26385,-0.26247877590000357
78521,0.21416258271999666
76898,0.8725024551350016
59027,-0.8169228346450002
320864,-0.6587472008499993
16825,-0.22072051166499662
217379,0.39865564810500587
67991,0.28346882710500587
319974,0.4733724080599986
54637,-0.44092874154000494
140629,-0.44319678754500025
100383,0.3671261100500054
51810,0.258666309125001
13590,-0.4516505121249983
319924,-0.8523665362949977
20444,0.4179599705099992
12909,-0.15903240002000274
14177,0.7547246342600022
15417,0.6037898581550007
14268,-0.5642493533149988
244219,-0.27805423410000074
12835,-0.8770147727
64934,-0.4646771826549987
28193,0.245731498795001
266645,0.5733510520950027
16852,-0.2253300758499961
209200,0.3453454327400074
69784,-0.65252158378
69587,-0.6999376799450019
20539,0.5241081889000014
27062,-0.6164270863199999
103850,-0.32441588093499973
23900,-0.2428624810000013
77626,-0.281152421599999
320355,-0.5600275916300008
50868,-0.28687748489499754
225372,-0.3518834766850034
66059,-0.23452684939999635
546729,0.6659608979500002
71884,-0.5969346085549994
13107,-0.5450939059250004
66690,-0.510329758914998
21887,0.21461050954999905
69136,0.2996722617649983
66412,-0.6615446476199986
218639,-0.271165192309998
80911,0.5897364821400028
68323,-0.5016250150199948
70059,-0.28290777813000023
59009,0.667957914515001
268783,-0.2940136659899988
56468,-0.829770208834999
14020,-0.4154876953449955
52552,-0.2913103097649987
13797,-0.8781749722099992
18023,-0.5862141245900032
103406,-0.9541493527699965
14370,0.48100110329000234
17977,0.29179443670500227
94186,-0.3127123562599978
170439,0.37268152673500765
27356,-0.7860469204599934
268449,-0.24584835329999066
381511,-0.4892404715199987
209378,-0.5728215215949994
13636,-0.667064723114998
103694,-0.4098609339149979
17392,0.8976230352449992
26938,0.6906859666600007
234219,0.6775929225949997
56743,-0.49318497868999334
20472,0.8133078793300008
67608,0.3480290286700045
239099,-0.36169688405499567
19400,-0.2192380377999914
21752,0.7017906417550019
66795,-0.5193833507249996
327826,-0.32610109233500495
107566,0.22059614074999168
106894,-0.1917941986250007
53375,0.25247991178499696
74552,0.22310184185000637
217366,-0.2461702075699943
320256,0.39216842595999957
216831,0.48641061424500176
12793,-0.2143016771500026
16661,-0.554626715795
81500,-0.22682560329999824
320590,0.5897086369199975
231506,-0.46303604995000125
26357,0.30352741643000325
78943,0.411598863730001
212391,0.31431410204500043
240028,0.3202522956099978
67498,0.7823247729799974
215512,0.4234095395000015
547176,0.9690725923799999
74008,-0.44088728154499623
52857,-0.25142834044999773
22697,-0.2748016395199997
67489,-0.5090642001399992
110648,-0.5806738959100004
18458,0.22083035760001124
100177,-0.574807435004999
20778,-0.3677833352900022
216792,-0.5588602828050009
69215,-0.8945544400550007
67803,-0.297218516800001
18813,-0.33562120829999387
69487,0.5475130425250008
69942,-0.8547184889849966
12054,-0.46021144868000086
27368,-0.46021144868000086
18949,-0.34266804133999784
333639,0.41918262191000233
52670,0.7577281978150006
68490,0.19361772945000766
52626,-0.22772207646999476
102323,-0.3226317403100012
106707,0.5297332292599952
68556,-0.2199669072049968
75669,-0.38987955200999824
239096,-0.6147876901
19876,0.8398477560700024
108071,0.5669597533550021
70881,-0.5874045809849986
218210,-0.26378424347000085
236899,-0.5982604047150026
12501,-0.18853787670000166
76571,0.7697829125649989
215705,-0.22668160835000428
13601,0.22969451950000241
64659,-0.2367455446000033
59048,-0.3706520022750013
216131,-0.4834061254999984
387348,-0.5086975008000012
69082,0.2589805269500012
68636,0.529869229765005
16413,-0.2552181996349976
18530,-0.4255479585649993
75533,0.5473945791499988
225358,0.28141617589000045
70466,0.6619565416
66860,1.1394831490450006
216705,-0.36167523649000444
328795,-0.24610215098000054
99586,0.45928449689499784
75475,-0.5441626864499991
68039,-0.20438004695499679
230126,-0.7517415200149973
110805,0.724339067735003
67465,-0.34428966840000186
67683,-0.32655791740999796
72041,-0.28802433979499753
74338,-0.5709227643349988
14751,-0.31933240670000274
229600,-0.22401615570000288
17436,-0.9633160705800008
15135,0.47150318323000384
545893,-0.5561358029399988
404545,0.4523432359500008
70439,0.4169445094000013
319845,-0.35893683400999876
54645,0.26874278340499735
76438,-0.33482188574999583
329738,0.3229888950600044
68725,-0.5004284565199963
23922,-0.26375802856499675
57743,-0.45601306300000477
11826,0.350800599600003
72722,-0.21993640815499838
69920,-0.1995430137500005
20719,0.18669839815000167
229277,0.5048523629299999
170791,-0.18371977704999232
16985,-0.3454791767000014
17193,-0.4943058743399984
270004,0.5535383255449995
11502,-0.3594643720600015
56298,-0.43474267949999934
252966,-0.5573867967149972
66661,-0.2089075367499973
13081,0.3872313416700024
52513,-0.3901743385650036
73398,0.6208277143699998
215632,-0.3555803348099964
236690,0.41209068832499884
68626,-0.26293956407000074
73062,-0.30466061241500064
56362,0.6370566675600018
14580,0.5474189089100046
235626,-0.3617640228799992
83409,-0.17597828594999676
70208,-0.6386643023100005
79263,-0.33053301363499976
665525,-0.4645114564699986
57279,-0.44214372194000173
51798,-0.2254962426099958
52335,-0.5945159544600003
67223,-0.7813975535849966
238011,0.4470807801799994
68802,-0.5155030100249971
14056,-0.5747287127900034
57444,0.1800558903000038
56421,-0.4299658580750041
13728,0.5943392927050022
18088,0.4902447816550026
224480,0.45411721189000076
380916,-0.653053505104995
22774,0.567960369480002
237611,-0.34820718720000077
545486,0.3897317236100051
55980,-0.4845016663549959
26440,-0.21023843055000135
67988,-0.32975382797999586
78923,-0.711302758455
53418,-0.4652568773050003
381546,-0.4652568773050003
110651,-0.2940248239499965
14670,-0.20404037284500198
14394,-0.44091321479999923
16476,-0.26063541382999844
241062,-0.5989661050849993
320292,-0.25907040385500224
16440,-0.28014782119999637
11858,-0.7540866306849985
17086,-1.4626986698800017
229593,-0.22611360910999423
12465,-0.19558850714998854
229672,-0.6700633313050011
73324,-0.6045469498749996
12704,0.6769596784499994
22200,0.6900976970500006
56440,-0.2640917296500014
67912,-0.2944792460749923
78977,0.9388134432700008
277010,-0.42098275102999416
56348,-0.5094370267949975
13033,0.19340479460000104
71950,0.47422954710000553
19651,-0.3658612333700031
20878,-0.41568111731999924
18597,-0.47428166237500236
101497,-0.3438793170499981
213673,-0.23513000200000178
75620,0.6682886664849974
12503,-0.7003952096849995
382423,-0.18739210014999763
28199,-0.1721296635999927
26411,-0.28282843025000304
20408,0.5745774766350005
56273,-0.46802233164499984
19668,0.5198303521900045
19882,0.2136543431300013
52323,-0.5253393995100017
20911,-0.21041084505000462
278279,-0.830834766914998
58194,-0.289484601535003
19743,0.5973985009749985
20248,0.4798662457050016
75805,-0.39544928320499917
76469,-0.7731340432000016
28114,-0.18051359125000488
74521,0.8182019698099983
70536,-0.6143273096399984
72167,-0.33161565587499453
50887,0.44009404964500387
69627,-0.519422329914998
26441,-0.19403148539000092
71241,-0.36490659433499983
18109,0.8766940104400014
56389,-0.19415551064999725
14176,0.48063706555999985
12747,-0.3404584037199996
66596,-0.22495602019000138
110749,-0.24553884268000203
17250,-0.6459584076449989
12918,-0.5735296849999982
241850,0.6280393872899994
56513,-0.4710767270649958
22027,-0.19025400180000673
210009,-0.4820465880849989
59008,-0.226929065200002
67979,-0.37741431245500046
101540,-0.29927761976499845
320405,-0.5004056418049991
12021,0.4496088255250035
83435,-0.46371575386000696
102339,-0.40236186779999805
69550,-0.2450729892299961
208618,0.4769557471550012
320858,-0.5930726967749984
59029,-0.41024921318499885
269338,-0.5390339021650012
66437,0.17966246930000374
237038,0.6741436255150033
595136,-0.19179103369999595
242557,-0.4347281692150009
84544,-0.2671578355349986
110208,-0.2592420979000032
17235,0.5466373847649995
53331,-0.17968197240000272
20425,0.6269509505549995
70556,-0.49302373281999934
347722,-0.6437112699299998
229658,0.5253852900500053
12797,-0.8293547060649997
22379,-0.6067361213749969
246103,0.31017917825000474
20665,0.49845826646499614
66350,0.410048966759998
89867,-0.4651706060650014
52428,0.5088877072650018
67384,-0.44646937218999927
23825,-0.2811267118499998
100732,-0.5450712748199962
12578,0.4692848803849978
67526,0.2775821371499987
232790,0.4016047489250063
234776,-0.3461897647750014
60613,0.36708176284500027
226594,-0.2670891234500079
94216,0.32277390804500294
268759,-0.39341703869500133
433693,-0.2405277596899964
632126,0.6397710940750012
104015,-0.2100704019650017
27225,-0.21615875279998775
50996,-0.34244792580499883
70911,0.5639672245100011
67775,-0.3259461868699951
76184,-0.5204717657200013
69675,-0.4159111478149997
224440,-0.2361939039299994
71702,-0.42250826565499544
18107,-0.1696615406700026
224938,-0.26674760345000514
20515,-0.20741106194999936
69807,-0.4995885336299999
66398,-0.306269970104994
66011,0.6128725081699997
18506,-0.4796384399549982
16872,0.5323635874200017
11733,0.7457741523450032
13030,0.3441828552999926
78891,-0.2926058524350026
668158,-0.5749099776000017
227618,0.6818884436750006
68477,0.6234969426099966
140703,-0.44769115591000386
622404,-0.23014230029999538
228071,-0.7008715240999983
20168,0.23301979842000442
13131,0.33714903363000204
226470,-0.2815732558600006
67864,0.3617090439499968
75939,-0.45773789657999675
230959,-0.5758544302399997
17025,0.44708491147499885
382117,-0.4372832165149969
71591,-0.7466434563499931
170835,0.377054667200003
14104,0.47626659509000024
226751,0.6150837460300016
101994,0.5378886820200037
110920,-0.5179681752299983
142980,-0.5919677212249992
83995,-0.9818259598800001
213539,0.6181675385950003
20747,0.23420955290000123
64138,-0.16786925529998875
22775,-0.4105960918249991
58178,0.5267081294249998
73106,-0.5408389233949991
74253,-0.40795527517999775
72699,-0.2431567585999943
229007,-0.2431567585999943
114332,0.6849189948549999
67845,0.34788832425000216
329502,0.4558180233100022
22065,0.3824341664450026
12488,-0.24142429875499793
66970,0.38713475320000157
83997,0.25024276409499713
319583,-0.4954855864250023
75965,-0.5476759752900033
320080,-0.49783875551499257
230676,-0.1853269147999992
83993,0.42344375107000065
21769,0.18652745900000944
58240,0.6716884324850021
12829,-0.5619772435549981
67238,-0.15947487749999212
74140,-0.1607081580350016
67615,0.26816292150000187
16559,0.3654986529250017
269941,-0.19369700477500196
114716,0.5430734529450012
16553,0.4915429788600001
20689,0.6755033049400012
75691,-0.6388540487449994
15976,0.2289902307500018
12215,0.32452352905000836
207818,-0.24411529158999734
67333,-0.5502845996650017
270076,-0.41263171288499834
94213,0.47803878734499783
396184,0.5967775915850018
66952,0.5106776690250041
69253,0.5106776690250041
207854,-1.0794021801100033
12028,-0.18681309384999878
20334,0.47038317692500353
99982,-0.22665429950999894
70144,-0.3497737486850001
241547,-0.6649833367149984
270190,0.6177683613800009
20166,0.3445084406200003
12590,-0.5692948954499988
98415,0.24162795303000628
244853,-0.46742357317499916
14634,-0.5041417583250025
239789,0.5150493104249998
16521,0.3809013651800015
320208,0.41946741385999786
66355,0.29137115177999995
73666,-0.5347167553949967
105559,0.21341451015999802
80290,-0.2936616978700002
170441,-0.4321265205650002
243931,0.5072156153600025
72567,-0.2548455620499954
12934,-0.2513808957299979
332934,-0.4588366080199986
68737,-0.39561934761999407
23986,-0.17892188590000124
64295,-0.23086866690000107
76788,-0.28453205204999854
20698,0.6390868434950008
230734,-0.3066292006849949
77219,-0.5034836459450034
244701,0.5629608286699996
100929,-0.47843710903999703
22343,-0.4873892085750011
72404,0.5731111432199958
231125,-0.5173854006700003
69743,-0.5163607869999991
68027,0.38396971156000426
114143,0.19871417822000126
227334,0.3674043307899968
75172,0.5438160876450016
237891,0.5562652505649996
14866,0.4537980242199975
69961,-0.18839074090000096
78809,-0.4801361589599997
56445,-0.47689680894500075
17691,-0.43998028796999833
619289,0.6210325571650013
73830,-0.143890380300002
13388,-0.4863822083650007
270893,-0.7137209101800006
14085,0.3668886883700013
234378,-0.6009996788150005
104110,0.7053257304150016
13885,-0.19788230369998772
53325,0.22555040005000215
72325,-0.2253815205799956
14712,-0.2859264224849998
101867,0.3700069360599967
70999,-0.23463913620999843
78653,0.21439573010000323
18639,-0.4874490293900031
217378,0.8430851886999999
64075,-1.133333227165001
74335,-0.5501983397399988
80285,-0.2596427247300035
73893,-0.5013217287499963
226243,0.4685716677650005
224055,0.40842661795500135
72536,0.17895291263000423
194231,0.754877312430001
105245,-0.5216275250800031
67072,-0.519614158945001
70233,-0.41408166948000513
114606,-0.5080724453450003
140721,-0.5766186789399983
22022,0.19621071925000422
244562,0.4873281546349997
546840,-0.49201391980499887
19094,0.30275205649499703
230770,-0.5672957589499994
70426,-0.5907161500049978
73724,-0.27891916408999506
56188,0.3086682403000136
17984,0.44706738553500003
67105,-0.5785771409250025
19046,0.20474969990000602
65114,-0.5376977324350003
268859,0.4178632741549997
53380,-0.2570432885999985
241296,-0.22080745054999973
68066,0.27705100070000377
66508,-0.20224974049999922
387346,0.5459352656299994
56508,-0.49461245401500165
20499,-0.3457197083350021
15360,0.5653525074849988
231724,-0.43547258891999974
223838,0.5836387802650007
67053,-0.49315250751999784
26945,-0.5436507058149997
14687,0.5377556623550026
226304,0.5039561141199984
72434,0.4416358009449999
67177,-0.25676679884499976
69202,-0.19356257180000824
233040,-0.43375769422000143
268878,-0.44868636471499856
12776,0.7281052798249994
54725,-0.3734151282850018
108687,-0.44069688674999785
78911,0.6845845780850017
50798,-0.23452657486500073
71881,-0.5937809568049985
226041,0.5092352617499989
65967,-0.3333458289699962
16155,-0.24570832403500376
207596,-0.545277002829998
18998,-0.45141321994999917
56737,-0.4666247672499937
14283,0.4897920037850012
240041,-0.3194898528900021
69528,0.8243398323950011
76816,0.30166487150499943
56551,0.1836687896999969
67046,-0.7145686988400004
75276,-0.6247750578399995
18175,0.32679190064499997
74316,0.21553405060500452
213439,-0.4964241367699973
68184,-0.3633426209799939
68251,-0.1722219683499997
235636,0.5771242821550029
68724,-0.21566374638000418
76959,-0.1857068298000044
84095,0.3876107090400005
72821,0.6549534572050004
66209,-0.4792520148049997
11441,0.6350338369800026
12615,-0.3393772566600006
71607,-0.18819022309999234
69957,-0.2625974417649992
70645,0.7130544821549991
12447,-0.6438699177549996
23971,-0.4696265253149994
72065,0.4335682604299995
71567,-0.6191300569749956
231872,-0.17393123584998804
24045,-0.23386444915000126
67075,0.2830211918300023
103968,0.3949634985499988
75660,-0.19343655447999453
243653,0.36010791333500203
380712,-0.40745565881500223
20606,0.6207740242200006
75581,-0.48236336539000035
71991,-0.5211785800100017
66416,-0.1757260591500014
19146,0.5153749859399999
22271,-0.4468176922950029
237560,-0.614030394445003
16525,-0.5412871875499987
64452,0.4738954500850001
83398,0.6991286209800007
353025,-0.6015856001749991
69876,0.21402719760500055
631304,0.47854958338500175
14657,-0.6552741596049985
60409,-0.20943974495000184
15441,-0.1931786161499982
76947,-0.35177519987500006
77116,-0.60503323627999706
228846,0.7414410958399991
78749,-0.2473629749100006
20682,-0.3525657799200008
22248,-0.2062788882499973
53414,0.1608847890400078
101206,-0.22136774996999975
241226,0.6612190262599986
70435,0.23089999670000338
11548,0.3827003603999959
68098,-0.24463232003000535
654459,0.4542725440350006
214968,0.3727557171850009
20851,-0.24179079239999446
14387,-0.30127018803499794
229588,0.4105533682650018
68338,0.4500922738100037
231051,-0.28413112856500256
327747,0.6134038545899996
380928,-0.6003331531500007
21804,0.20151130728500277
16182,-0.2636979252850047
71978,-0.37697598358999684
382030,-0.18012771132999816
21672,0.2273455210999984
71908,-0.3888294050750005
232413,0.37587772950499776
19192,0.45499284988000355
94176,0.3389648061250021
22323,-0.17611517240000119
19038,-0.6906715527849983
108155,0.27723702175500264
226564,0.5490827544450014
53333,-0.23487276358500253
68203,0.22973597537000678
213649,0.505202934729998
75604,-0.3370871180700057
237890,0.8220161588049999
223775,-0.5349911852450022
170725,0.5256661377349992
105428,-0.8020592630099985
72201,-0.6825415465399987
17777,0.3406684228500012
226541,0.28098202414000006
80859,0.442271343849999
68379,0.21432562300000768
18647,0.5444095362049994
19225,0.2294133032800003
666938,0.3016963376550015
18049,0.24102191950000318
108067,-0.4671512597649983
67870,-0.6483788994249924
13002,-0.2700438707999915
215194,-0.24232817909999937
74051,0.4610261423750006
238276,0.3962557136000022
546611,-0.6524216984199995
73808,-0.41481200777999927
16211,0.2769429273600039
19153,-0.48595128079000194
27103,-0.6784550377000054
20930,-0.21621132835000267
20686,-0.398558837955
98053,-0.194728523149994
14254,-0.5435839904000019
69219,0.19382268855000362
54132,0.22113495020000506
73671,0.6590514203350013
67967,-0.20937100265000197
14167,0.22300087959000026
68493,-0.37971167994499844
75425,-0.287181285819992
69556,-0.2130229078649979
22433,-0.15560003549999735
71116,-0.20151794628999653
22190,-0.30280781979999816
66902,-0.596681627555002
68758,-0.20832910715999375
76614,-0.24238534117499988
14958,0.6245823215900002
98238,-0.3314216989350012
29818,0.24203618611999955
72778,-0.5057489161799991
171388,-0.552392131615
60411,0.4274305844100059
56207,-0.171388434779999
67338,0.4167726448299991
58207,0.43548880723500183
269788,-0.17330759040000032
12831,0.4555303696000026
70380,0.3090252395699995
70823,-0.5716527927150006
116939,0.6713829540150038
231912,-0.5405509323300013
12775,-0.2919844022999971
77300,-0.2443986743750015
23827,-0.536573372775
68431,0.2135351396299967
66863,-0.4214984097999981
217843,0.3089962086
72825,0.32575318777499795
76938,-0.2666457799350006
59031,0.23901655309999725
22376,-0.1868091801999956
226849,-0.2150654255499962
72668,0.4354806542550014
14061,-0.5831859566999991
54411,0.20771894314500017
329384,-0.5954720736000043
11352,-0.4872721394000008
18624,0.3311532689999961
217980,0.19691961794499235
69019,-0.18453407484999396
66223,-0.5271494755999999
20656,0.19149890390001012
14265,-0.6896463093199996
227290,-0.19721541817500032
76497,-0.1568161671500068
239845,-0.4811306565800013
57810,-0.5494879285399996
73230,0.4691149446200016
75528,-0.44564407794999994
224650,-0.23598616028999153
73936,-0.3888367118499998
66905,-0.2260681339549997
93886,0.6182037545200005
108699,0.31537123632500075
53601,0.44247099633500087
110862,0.4308201570149994
23882,-0.1886235333150026
11600,0.2539388267250011
101490,-0.39625150978500034
193813,-0.2463026525249976
245596,0.5309261240350018
110350,-0.4952776405649999
17705,-0.16096600795001414
17710,-0.16096600795001414
215693,-0.4360295525299982
629499,0.6145707188149996
22258,0.2807959174799972
69113,-0.3121190878549971
11464,0.572830366309999
319734,-0.4637152867999994
100900,0.2762675808999919
218490,-0.14281229910000093
26395,-0.4483747012350019
77739,0.5206716163799987
213208,-0.6496999689249989
93723,0.4030738862250054
317652,-0.37750131063999826
69993,-0.621285371119999
18805,-0.4785943504850021
269016,0.7536071117000014
240025,0.6678962318199986
244666,0.539338737395
71522,0.5170468088350004
327978,0.4868450253000045
75692,-0.25777555980499756
21838,-0.3136114935000016
230828,-0.5501542880149981
641376,0.9095716411899994
12478,-0.2638354955499995
13855,-0.43110493456999954
230376,0.48685750272500083
56726,0.22644826864500267
12521,0.1950121212000031
14256,-0.1855005591100003
27279,-0.3996019492600045
68303,-0.42838132954999963
226178,-0.18708169940000197
214572,-0.1980579261599935
231086,0.18228653005000162
67980,0.2838672692050057
239659,0.6725296086699992
106512,-0.22119355270000618
432508,0.33300080566500423
84035,-0.5363453187750009
67628,0.1516522565499976
243813,-0.26777401680999624
18164,0.48938231269999966
15525,-0.2843195174399895
59069,-0.31314588879999583
67276,-0.5450800582399973
233033,-0.25969506480500115
53868,0.5024064926200031
75339,-0.24387136772999796
17758,-0.3014932949449953
330502,-0.3760867114199993
380669,0.5057721064500016
72993,-0.5375901655350024
67856,-0.5451957349900045
67717,0.4880224021150017
242384,-0.4815471047250002
18132,-0.4489863755949983
74176,0.5893677917949973
436022,-0.3293620631499996
234959,-0.6416630625049962
16171,0.5698893778700005
239852,0.6398393558100004
27374,-0.28166261801499815
232196,-0.33602250638500397
54683,-0.2380869962999963
17240,-0.644858539124999
74309,-0.40271685013499736
72401,0.6220477774599988
22592,-0.4354428973100042
574428,-0.18461666954999867
60321,-0.2641308726700018
53869,0.24966172228000083
230582,-0.19350133816999904
233919,0.5418912839149987
66717,0.517403486735001
140765,0.38463073253500113
226255,0.6749827462399995
243819,0.21594565296499546
68255,0.21594565296499546
238555,-0.5046878977850016
21767,-0.22486339015999768
236900,0.4078790444899987
22041,0.22315957889999716
64113,-0.39429202238499883
245536,-0.37180251333000136
319207,-0.36029385696000205
380836,0.35052813125999815
53416,-0.7005957298199981
12527,0.2407527233999982
17300,-0.518899864469998
74741,0.5787989454599969
70297,-0.38181977911999976
52666,-0.5806428366899965
80720,0.39188353480500027
93871,-0.4243026200449984
66580,-0.5492807071600003
17474,0.2318052093500036
71869,0.551912809470001
65969,-0.3858301770299981
77864,0.5684550464700004
66361,-0.5400013914799979
20587,-0.27477533272499244
213389,-0.4309473831299986
66578,-0.538607367754997
22329,0.36608230393499985
242274,0.4516879578549995
22431,-0.278119712770001
101869,-0.21484079822500135
11778,0.24405804904999862
65973,0.5710946110749973
77794,0.5632123915100031
213980,-0.7044398861900047
67370,-0.48163752286999717
66830,-0.2665487211200013
68121,0.3188844635649959
64099,-0.36189649474000163
230379,0.5470060281800011
20728,-0.35441880328500375
387512,0.44619054401999936
16205,-0.24766127640000413
54563,-0.23905562519999535
20404,-0.6593024609599984
268890,0.49942658199500345
271849,-0.593584595749995
66540,-0.2292614487999991
106861,-0.3965206999400017
227377,0.4396238861300015
226442,-0.2543166917849984
233895,-0.20930329264999514
19210,-0.1821563654999956
52710,-0.3574884699199963
67647,0.5327235016400005
66199,-0.20908277157499988
218397,-0.5042972373499985
240595,0.49021027459499944
270118,-0.5392119692600019
15958,0.31420820300500196
246738,-0.5911927410950013
77627,-0.539426099865
22439,0.6254325024150038
73674,-0.3821498567249977
170707,-0.3450917341650026
215051,-0.608258970855001
17470,-0.8053489947449952
64340,-0.6693590069949984
64095,-0.4970920997299997
66290,0.17856773055000552
276846,-0.23335795165998974
223691,-0.17936295829999516
384214,-0.8424094796800015
68140,-0.3199489138999976
20183,0.28549048410000033
381605,-0.3409352309099978
70373,-0.4685776716500003
207352,-0.24413847479500017
67417,-0.5718547985099969
75572,-0.4422500515100003
69384,-0.4717475908750002
18195,-0.22124155828999648
109889,-0.47160013463000183
100072,-0.4365846300899996
223267,-0.38434020546000003
69481,0.4460446511949989
66923,0.2667378663500024
448987,-0.4416066630699991
56177,-0.5192646010750002
30932,-0.20588771745499557
225326,0.2635732116350047
18141,-0.18011509763000522
18261,0.5872241123300004
70369,-0.5662528442749988
54152,-0.22472927210499627
100504164,0.5165755833549981
110637,0.5861218037000038
73689,-0.20306680321999693
54394,-0.22420281669999653
14865,-0.4579197468949987
20971,-0.5560406157400024
327814,0.46214511322000273
338370,-0.6052650015750012
93836,-0.2178535871250027
17112,0.5045720499250015
71703,-0.35186019718999884
329679,0.6594035535000042
12801,0.7167584177800039
20259,0.6307352006500007
14945,-0.7758965955999972
53617,0.7719602750700028
226517,0.17363465507000164
67767,-0.26758837819999926
51869,-0.36191126531000073
237911,0.46628745937000193
76273,-0.6708878996049985
28185,-0.2909598033800034
12051,-0.2090741993000016
170771,-0.5019275927299995
12905,-0.5523187182400005
71670,0.4597136940350013
18759,-0.23102599922499856
18389,-0.3292780330999996
237422,-0.2987446514249994
16576,-0.6397662353500002
67838,-0.167537883795001
17022,-0.8361322693999997
68971,0.5773105136950019
67996,-0.24175218874000848
71843,-0.6345422030899988
19366,-0.36322863553000273
66926,-0.43449668705999667
16917,0.3388538281449982
67843,-0.2543746919299972
218038,0.6739279171149994
68598,-0.18893617549999675
54215,-0.6966603279150014
242691,-0.3380766361699976
241391,-0.6847328036900007
15228,-0.5441462610600025
14252,0.31284922340000243
102334,-0.6872543853799975
216760,-0.27143132150500016
14709,0.6777170463299984
56485,-0.5960467920999983
12352,0.4008632905750007
211187,-0.6320372165900023
239510,-0.23428719464000025
211651,0.5838713852849997
72129,-0.5320995169499962
170752,-0.6193535938349988
81004,0.3521636058000004
21423,-0.40464015271499676
269855,0.6295030031299982
22422,0.411154125770004
21927,-0.42759281621000333
12483,-0.20384634932500134
13842,0.43757961353500097
14711,0.5122742270649994
231630,-0.5365327577599999
19729,-0.25887881324999285
108755,-0.22337742364999436
194908,0.5092780698399997
94229,0.3309734294950024
228801,0.3036812874999999
216558,-0.24295640494500148
226781,-0.4263634146600004
54354,-0.18824127699998883
269224,0.48566358935000054
12638,-0.46192036021500327
170790,0.45501362126499867
68279,-0.31404790792999826
67739,0.2203960534
228359,0.1634992736500056
71804,0.2539109841000009
83410,-0.15818328484999888
19173,-0.18394954049999868
68585,0.2290105491800034
22123,-0.21713093385001514
16468,0.28415438448499764
20163,0.1600348941999954
69440,-0.4809859987049965
171210,-0.5983608965849996
65111,-0.17676131969999176
403175,-0.5373843819999977
77411,0.522941701130001
15530,-0.7222688223200029
12572,-0.48899833309500007
27222,-0.6993668185750002
74375,-0.28783106407500014
18291,0.4217345765000009
19712,-0.3017642734949977
170750,-0.1840093063499939
99899,-0.5735945711749997
83945,-0.2572850321700013
18488,0.5036367671849993
71093,0.5036528696300016
223827,-0.2280722484299993
50918,0.3405042934000022
12902,0.2050514634499958
15978,-0.4220216117400035
14673,-0.46620148695499797
11782,-0.45980262039999786
27056,-0.26201499808499484
68463,-0.1765934566999956
56874,0.448579703450001
257633,-0.3072686183449971
67031,-0.6202119795850018
208092,-0.3941851067250024
19358,0.5630891780449989
67300,0.13127685635000397
329278,-0.3426032523600022
213311,0.7302324296149991
116731,-0.4309895200999998
54721,-0.5021781809349992
67655,-0.3170157231949986
14679,-0.17021738729000369
14376,-0.19055423205000466
77591,-0.3829739621200021
80751,-0.47467526382
19119,0.613209315215002
72508,-0.16276165229999862
22294,0.1864148129200025
257630,-0.41998612162499827
12443,-0.5272920257650009
213233,-0.4197244813449963
54598,0.5109944023100006
16775,-0.5780100897349993
70930,-0.5768594591400005
50880,-0.3656723275000022
75320,0.23274400869999567
93761,-0.4294928357899983
330217,-0.5107605784500016
68815,-0.2146828842549997
14131,-0.2415020426849992
14537,-0.3043588242099977
56221,0.6742265013049997
19143,0.3986146007099993
269113,-0.18669547519999874
53856,-0.550260304890001
20391,0.7035568812799964
15211,-0.15593542149999884
27096,-0.21058250887000263
72322,-0.25861774692999795
69339,-0.46992097055999826
12234,0.39384254886499903
218772,-0.4549704309349991
94184,0.31286733020999513
11545,-0.3407275260049971
71960,-0.5475722634399975
329178,0.35144589969999984
67554,0.46144265686000363
18648,-0.21376543245000157
19340,-0.46815708405499556
74718,-0.5885493939449971
97165,-0.18127298444999518
208117,-0.4444025215900016
23959,-0.322152195914998
433323,-0.5414254016549989
217410,-0.6910915020950066
66821,-0.2906218954099966
28040,-0.2546643139649962
13877,-0.24312707280000367
52858,-0.20987442280000046
107733,-0.19330699734999612
26565,0.26777129364000185
105722,-0.37912915558499893
114584,-0.2057605203000037
74182,0.2920267345000003
11859,0.3790604565300004
226777,-0.3638474843000026
57749,0.4031372202400001
433759,-0.2115212030999949
386655,-0.3983403627250004
56523,0.36927891271000046
93837,-0.6475363191749972
263803,-0.6645461214249986
229011,0.27268763190499534
13610,0.397093212929998
100210,-0.5020186824350006
239743,-0.23225408255000346
19185,0.2084253704000094
14066,-0.5626671225849988
26377,0.188954518414997
14063,-0.39772905436999917
107686,-0.1643038462000046
30939,0.2070043419000136
13026,0.1878035783099996
54141,-0.4261782572950006
171285,0.4556093234050005
97212,0.5737608354400008
207932,0.42252572200500094
381510,0.32298689178499984
320752,0.8850898608650004
214766,0.34434653363500134
381534,-0.46477576946499966
207792,-0.533771823885
215789,-0.45204656094999685
22241,-0.18543864685000067
15112,0.5193971029300029
93679,0.1902376112200006
227615,-0.18976182023500243
74196,-0.5057921432299963
56747,0.5139782495350023
56459,-0.2803984356749991
71790,-0.5212304434749977
27883,-0.21851366665999805
240697,-0.4519255509600022
328967,0.549999727490003
16424,0.5834276737899984
70312,-0.22069917625000635
60510,-0.34174550196999975
65115,0.3264268974250033
18771,-0.557771336044997
77037,0.4039379702450021
76179,0.3082950373100015
105014,-0.5330599721899993
225644,0.7391709748600013
74075,0.5136550301249998
100504446,0.5516767092100028
15985,-0.34219003719999996
109135,0.437414272875003
58809,-0.398531891384998
65098,0.457402777155
207958,-0.2815546537599998
77582,0.2084957656599986
74781,-0.25177035163499983
67809,-0.47307136394500215
230789,0.2590941503499984
235281,-0.5372282646350044
69217,0.6704043476000026
67973,0.29719411676000185
213783,0.4318113785550026
76233,-0.16850662560000274
13077,0.6390109714549994
72017,0.5096349944399989
56443,0.2032863927700017
19824,0.4709815852999988
230700,-0.26610289749999794
11827,0.23695369425001012
231093,0.44438892522000106
69146,-0.1848281126799982
12813,-0.5363598264299996
66425,0.16385706309999826
18511,-0.5313567106749999
16873,-0.37529363504000113
74111,0.2575120991150044
11434,-0.44426822782500075
109305,0.26986042953000133
76795,-0.19486532779499655
211945,0.5028933582400006
12316,-0.312892773769998
12029,-0.4354398385850029
26413,-0.16712574891999843
110075,0.6028760378049998
97031,0.9957325596350035
74006,-0.18216982965999584
16418,-0.2022286990500035
70605,-0.3777829509500039
17190,-0.15684827890000008
11814,0.38067143759999844
328370,-0.3664361951799977
67678,-0.22695752608499653
244668,-0.31915096192000014
27278,-0.598555297665003
16348,0.21436955106499944
75497,0.43586530900500176
20526,0.6927703578949993
109161,-0.45703712655500084
208144,-0.3641167889000032
83602,0.213599841680006
68799,-0.5740835185550006
245695,-0.5846701696700003
74191,0.4410744991899964
22691,-0.5052385389849974
18030,0.26469521952499875
230163,0.43625567704500057
12048,0.24081761279999903
69617,0.19734918388000366
117591,-0.48380747528500034
71713,-0.48224656144999667
29869,-0.4772414181350024
218460,-0.5907873485849988
20840,0.45383183703000096
26877,0.7826248095100015
223669,-0.35298106808499874
67099,-0.4335363924100015
18685,-0.47826438304000085
109019,-0.4132545705450026
14297,-0.24727796058500218
13726,-0.2675480327149984
68277,-0.5885056071600001
330908,-0.41009738990499933
240354,-0.389501736699998
71773,-0.5538467538100007
74735,0.32179956630500417
545622,0.3849547824099999
97884,-0.26949727678999746
21951,-0.5449943626899953
66181,-0.2236495259999991
66816,-0.5806882111200005
94282,0.3125486578250021
243499,0.47605616817500174
20482,-0.15614097148000639
13492,0.33366087030000324
67437,-0.1811565131950026
268512,-0.44564173300999776
67027,-0.364698032505002
14645,0.20539974570499808
66957,0.6172660008900008
215351,-0.4837289503049993
241113,0.3829398003850013
21426,-0.4679219325749999
101118,-0.4304070513850009
14792,-0.16731430439499562
26406,0.1638866464000035
17968,-0.4654178363200012
56191,-0.39656878173500054
52679,0.457561463064998
16404,0.534487823080001
11431,0.37716407335000035
272589,0.3161593593950034
214254,-0.3165183530600002
320311,0.3960786467849995
209512,-0.35776697932999957
71409,-0.6473387739299996
69155,-0.41794837303499754
381823,0.5847383238950039
20972,0.390465585400003
56505,-0.2417640363050051
21349,0.20192651606000744
15199,0.43502581170000454
230577,-0.4781939388600023
71371,-0.2245472778699984
71929,-0.20207932050000288
21935,-0.42065424062000023
211949,0.3095573806050016
73360,-0.7866132590149983
380714,0.3209333664650016
228911,-0.6058621003099995
68172,-0.4504943217400008
78796,0.5075881778200015
16337,-0.3998595494350017
83429,-0.2903021293149992
224093,-0.4541420083599981
319642,-0.35569948662500117
76167,-0.327355153490001
105440,-0.20103368350500261
74205,-0.4505874305599997
54445,-0.2601206594500045
93739,0.18487602140000092
319594,-0.3823576665500017
69639,-0.16467928992000047
218581,-0.5258710531099995
26399,-0.545376017485002
16678,0.33280779616999956
109900,-0.26340136404500036
58991,-0.31542007297500074
70296,-0.4181956020899946
20423,0.2234419118899984
232023,0.30863975930000187
71753,0.5758052769949997
26927,0.44317413643500014
14149,-0.18186590233500155
68968,0.36888852607500233
18514,0.3283018045000059
20469,-0.22893803829999726
66817,0.7151696434250017
17441,-0.39115002433000257
19649,0.44962564396000104
102032,-0.16947425562999996
66632,-0.43132727628999756
13411,0.6822044153049998
15116,0.6005114242550018
232493,-0.5412492274199989
216850,0.21048478527499803
17064,0.21043574172499468
75622,-0.5415929421499999
213011,-0.4838520665800008
216440,-0.20198120160000066
230761,-0.4145867930999998
53621,-0.2312805896899981
57266,-0.5501889513
16648,-0.21788081322499764
105988,-0.510850280154997
237010,-0.3012700455899995
66680,0.18679057835000634
58805,0.2597750597500017
14977,-0.184444236949993
104943,0.3834800895100017
210148,-0.4237532844549996
230235,-0.5812311641149992
212442,-0.5281002947600033
381062,-0.48763602737499845
74840,-0.19852939370000122
21387,0.47037632317500044
67143,0.21466487857000338
67158,-0.4927384081649997
30052,0.3210860763100012
16373,-0.5230374304500001
22410,0.36088168546500077
23963,-0.5841722917650012
224405,-0.5912018642149977
225115,0.3595184410000014
239319,-0.1960802104099919
17156,-0.2692307302749981
54352,-0.2876018710599988
20269,0.3535304575800011
17306,0.3835530990549971
20452,-0.2404574825000001
384783,0.20149883830000448
338372,-0.6781582627600011
12967,-0.49514112900499896
73102,0.31259827313999633
14027,-0.46201244860999857
13669,-0.48174044907000013
27226,0.25095131240000335
117586,0.30054904373999936
21849,0.21350602474000624
215015,-0.3333920506099979
101095,0.3898745151000007
67358,0.47599078531000094
23943,-0.2732184152550001
215243,-0.2565644500750057
268301,-0.46097396436999727
71091,0.32457536525000563
228812,-0.43762287710499326
12175,-0.14629524984999698
17136,0.4068734921749977
231834,-0.2291502161999901
19376,-0.6750601903949991
20200,-0.23279092059999762
71711,-0.25072664633499997
72978,-0.2808396197100005
234549,0.15610126598999763
319565,-0.5284087449899948
629378,0.6948531077750024
170742,-0.35872035061999874
227960,-0.3570279439500008
17973,-0.38169529382999734
50930,0.20771220474000174
245038,-0.5162652254100002
328572,-0.335117596934996
64378,0.5514375432950009
72560,0.5299889014850012
23937,-0.6044580564949982
20741,0.5041819344250023
320940,-0.21810215135000277
225742,0.4522037711550011
15561,0.7288431660600017
378431,-0.37839743016999794
68713,0.2753166220100063
12055,-0.6645219571400034
77622,0.45098915935500106
20877,0.9112593448500008
109785,0.2509458935750022
12466,-0.5094777955499987
75317,0.4339470688500029
64209,-0.19138802669999855
56264,-0.4511249324400022
230718,-0.3444533894499986
13122,0.5207266793250018
13653,-0.37402265853499905
50926,-0.17057182105000557
52708,-0.2719668248099998
266632,-0.5857108949449987
320679,0.4374502539700029
192156,0.4438892476699978
16801,-0.28518430004999296
20890,0.35797635471500033
627626,0.28605233431000343
17390,0.4793181110850009
320024,-0.40887806452999875
227693,-0.21924593020001026
240174,-0.46579257859000034
21386,0.5720737052900007
22146,0.13684379355000686
77891,0.2546759871000006
66196,-0.45566617399499787
66233,-0.24810520543499948
66167,-0.1691334599950025
232146,0.43538647768999983
381489,-0.3587417628999994
71599,0.46633739354500037
234384,-0.531762328284997
21366,0.18669907986499723
59091,0.579135166194999
66684,0.6067441649599985
53609,-0.21585537344999928
66586,-0.3158631951699977
13854,0.14111783720000126
338362,-0.6493932440499992
70082,-0.4931573204249977
71345,0.4685332730449998
13527,0.5528730784550002
107146,-0.8333576672800005
16593,0.2772987733550041
14676,0.5031823798500001
29865,-0.496752632599998
209224,-0.2886833444150021
72649,0.382496283820001
22224,-0.21407099441500144
54006,-0.22630183517999747
12035,-0.3632400756999976
75302,0.33403346058500105
17988,0.1528155696000013
69543,0.45177398591500273
114642,0.2301311179499983
78323,-0.3186456344149988
12642,-0.43509519613999936
11637,-0.18216870755000159
21353,0.37015362648999695
18607,-0.14669102208500107
74734,-0.33988439233999834
78586,0.3267128276699971
22695,-0.5207239157150001
26554,0.18654539374499723
13871,-0.21160530450999993
214601,-0.30477515520000154
57274,0.5560401905550005
68035,-0.23370805584999488
100503041,0.5831678665050024
83395,0.37308456383999955
227696,-0.22562884859999421
78246,-0.2622319130749968
268980,0.31675512972999886
94067,-0.18233441604999356
78248,0.31954399914500087
75725,-0.2170250744600004
16439,0.1817705546000017
217946,-0.3391171419199992
103199,-0.1600525164149964
12952,-0.3638806977899982
231713,-0.7323435517600014
68198,-0.19576958809999923
18216,0.3695807475750006
381314,-0.29588781389499896
54601,0.6964374605450008
13836,0.4707489294900009
12589,-0.6123034152350009
13132,0.5359949272599995
74764,-0.15492275359499708
50723,-0.24839102792499546
20847,-0.25417178217499625
76804,-0.5363884652700017
12978,-0.20315240860000117
80288,-0.2940380840799959
218885,-0.6530438067499977
238076,-0.8684779680049988
320091,0.5265242461250002
23834,0.3739256334800021
22339,-0.8330667962200025
69299,0.4680679869750026
12380,-0.25611675521999544
50778,-0.561375566759998
101513,0.1594906127999991
30933,-0.3178031673099966
231946,0.38523698342000046
75985,-0.3720788529749983
108943,-0.6086667490200002
54422,0.42118793124000176
11632,0.19482897149999268
14309,0.36810629905000036
11867,-0.1902079832499961
623781,-0.36862036941499765
328110,-0.3068373173800003
18188,0.28770264144500146
54391,0.2773929346999999
237979,0.30439067205000203
67391,0.19819656760000015
56386,-0.14474755049999466
13548,0.19406515319999862
78919,0.36092227360999907
170767,-0.501123986375001
26457,0.4280236349999935
140919,0.5982326550799995
50493,-0.17882495734999893
78309,-0.4526760268349985
16668,-0.8316894450949972
12257,-0.15723533575000737
107817,0.26200645981499804
210376,-0.3235197559049938
70974,0.21347081233000154
13730,-0.3614637039150015
68441,0.2439500090900033
19341,-0.38133248523999885
18613,-0.19014944598999506
104416,-0.2797527162249924
98365,-0.3417153849100014
16579,-0.374614702965002
574402,-0.501322636314999
14391,-0.2457559067699986
232973,-0.45878755379499925
68214,0.3544081709449989
327987,-0.43377065234000334
214058,0.5061520886250008
23845,0.4987087967249999
76884,-0.23714283640000033
13206,-0.7178327432950007
20964,0.5206487332499989
22232,-0.6196245801850004
76563,-0.5080590067199973
22284,-0.39941674051999865
639634,0.5470858044000004
107568,-0.45793209484999675
12123,0.6332083670950004
72899,0.5882438263650025
67652,-0.5544822884649996
17919,-0.4456771808499993
103737,-0.42887506663499764
66201,-0.30942845219499837
20899,0.45833867887000057
212127,-0.4576519927299971
17364,-0.6174276669449963
12733,0.6572820012450005
56456,-0.18147379436999955
66875,0.3856502667050048
20818,-0.40166649275999866
22249,-0.4764400509149982
19194,0.5194739764900009
623131,0.6014383777750023
194401,0.45080797971500175
217039,-0.12712168156999581
14667,-0.2868799974199945
100710,-0.47914807670499826
15387,-0.16613841420999442
24127,0.5445170562250041
21770,-0.40580463190499927
11504,0.2506733809850026
230405,-0.4199777699349978
20147,-0.45958468195000357
229714,-0.3848010000350013
22700,-0.4260041950350004
72726,-0.18293601980000496
66451,0.39900812108500183
67393,-0.29840383081500477
50788,-0.23266000182500157
13615,0.49514309923500033
105675,0.21188648494000262
67067,-0.13254170714999525
93884,0.7837139082750011
260297,-0.3884385301050006
320747,-0.70982861345
19885,-0.70982861345
70797,-0.4794282069799989
266690,-0.606021436795003
64685,-0.18944186315499323
11640,-0.5443874882649995
14775,0.15848072300000737
277973,0.45035406643999965
11488,0.3516098154599998
244579,0.3036440161849998
170716,-0.35414017163000633
15207,0.24899184780500283
19766,-0.2957764434800012
56378,-0.13453221764999235
16923,0.20353927005000116
74175,-0.43440219970999916
76421,0.4328819282550036
67784,0.21934183741500313
72027,0.1867214556000043
226856,-0.23973229097000015
19698,-0.2135808179249974
67922,0.20964228459999923
382793,-0.6501736998349985
353346,-0.5178329627250031
19274,0.475514624240005
225182,-0.4051071657600014
66707,0.7181616814750003
75404,0.5407740862999995
53603,-0.5248430520200005
15109,0.45443147408500106
14170,0.6014155248450015
75796,-0.588692013810002
99712,-0.1846205690199927
77128,0.45811055044999804
103711,0.30821261070000894
11642,-0.4491322826699995
116905,-0.3063517658599997
246257,-0.3063517658599997
15432,0.35624681784999934
66884,-0.24042635454500427
209047,-0.4855478658999983
18004,-0.4676654646199987
24116,-0.6055272804549983
28035,-0.39288279155499417
71732,-0.2496459610849957
72400,-0.5123784634349988
268749,-0.2027081172399967
74568,0.49732325496499996
69870,-0.17413525823999976
72431,-0.3768081636899976
15424,-0.6681475253049958
14582,0.19963431655999742
231003,-0.2514863162500003
231002,-0.2514863162500003
74132,-0.14313922074999574
71279,0.581034134130002
26420,-0.4394035656449944
223332,0.522177144105
15229,0.6916979474150007
242687,0.21163595149999814
21828,-0.4565031663949983
15379,-0.38625014197500196
18096,0.3231396709150003
227632,0.551406982455001
93685,-0.4308601707749977
18071,-0.4359391341250003
74410,0.21109279221000143
381668,-0.21879173123999784
19281,-0.45913406510500065
53422,0.3892030745700037
67487,-0.15619805262000241
68107,0.4227246811849996
27220,0.4199672027899979
72098,-0.3535808667749949
19361,-0.4715849601749982
14680,-0.3676523356499972
28105,0.35021097533999956
232813,-0.4492796462449986
12630,-0.657205657810001
230579,-0.4277591751950016
20888,-0.41223405859500106
99138,-0.16503919377000287
12816,0.7502103584400026
68606,-0.19971096806500022
66313,0.19049974632999955
75706,-0.3538276645200007
71902,-0.27346187569500024
66411,-0.19818197153499995
243537,0.27895419356999884
319196,-0.5655045506749987
16885,0.17548475388000107
225467,-0.4733674104199981
18242,-0.4237248549750028
320158,-0.4581610881600007
329274,-0.4657657413499985
105439,-0.5448550415199973
219134,-0.47053097485499995
74511,0.28220651958500076
194597,0.3155381077750006
93730,-0.391348620715001
23956,0.401778967760003
26362,-0.518107817619998
67769,-0.5297485257949974
17868,0.5034922479399997
407800,0.4591879439450022
70397,-0.3607356204200043
22380,-0.44805553227999795
246691,0.5256624258800016
76441,-0.6072970970299991
68185,-0.210520962739996
103844,0.44932288756499883
19765,0.20364586670000762
16151,0.3289443135799992
66959,-0.41004534301999884
228019,0.57343668571
15930,-0.4489962910999994
210573,0.40919387722000433
67217,-0.3380554196049981
241494,0.3046649901800009
270160,-0.3775561182000011
56805,-0.32522491151500343
67849,-0.21630668491000105
50931,-0.23356615283499949
110082,0.43632000131000215
11806,-0.2460078665399985
20344,0.2194671110599975
110168,-0.33338141686500045
110078,0.2157338494900003
18400,-0.37764963195499845
26943,0.16862271919999294
269639,-0.39168601148000537
70625,-0.3182024128050003
230787,-0.23997750869999734
66864,0.6607681842550011
218820,-0.4841451767650007
101401,0.31535826301000025
71742,-0.41474533361499866
244049,-0.25545854102499543
68942,-0.6020007455050003
74895,0.17815336022500006
380664,-0.49245160139999467
234309,-0.40722729837000227
103806,-0.23860738832999395
227545,0.25216639575000777
18567,-0.19808677795499463
71275,-0.5606866765100014
67773,-0.13512614979998716
22644,0.2326456579549987
66156,-0.13979600269999537
236732,-0.1817824418599887
12334,0.15898949930000228
319901,-0.38744904661499824
68678,0.5389107292250017
19155,0.1834023620049976
67902,-0.5359858542199971
170758,0.2740813778150013
213988,0.3868832616600004
51960,0.671633166564999
330836,-0.39979032498000056
76808,0.5766623241299991
68106,-0.3073192490950003
106025,-0.1814685710000017
20768,0.346491840035001
230861,0.2561713011399984
72023,-0.22719465276499662
319352,-0.291474269760001
29812,-0.1501252727049991
100043057,0.3735285874650023
71735,-0.2669183443899996
228607,0.19199123573499932
109263,-0.5056162783899953
16564,-0.45481030631500063
114229,0.4592747703500004
239420,-0.3115069934450032
208440,-0.5718949187499991
72275,-0.5239093993100035
68075,-0.4701955547049983
435811,-0.25566041639499826
67042,-0.1667769237249992
623230,0.5270358313000001
13710,0.4798469427550014
69860,-0.12961454855000198
54326,-0.3421605487399999
68926,-0.22100724588499787
21334,0.5771659524800015
108043,-0.3267213167149978
71037,0.6593516171599996
224833,-0.36924344510500084
208718,-0.14841171149499743
71145,0.34886475913499826
67466,-0.5953145946099943
110796,-0.23734567341499435
269994,-0.35384579590500076
212139,0.26258428233499487
57028,-0.25061842610999996
26450,-0.3692660264650023
15415,0.4284328230800001
114301,0.5586708506849996
240672,0.7391647930200014
68918,0.3068788231550008
21841,-0.5035249891450002
57784,-0.16939633664999576
27393,-0.21282899695500213
12193,-0.18755975335000308
56384,-0.20173212809999974
100039801,0.3370940040300021
106042,-0.3571348469600011
223752,-0.1550089161599999
329977,-0.34601257766499804
66495,-0.1416699496999989
20591,0.18355864299999958
22004,0.28724478033
107047,-0.19434753834998997
433292,0.5243539296100037
77706,-0.382259635675001
24105,-0.15243369990000133
268294,-0.3359455185750031
233571,-0.3431275311999977
29816,-0.33086253596999704
12290,-0.33993627977999896
77914,0.6597487903850037
66809,-0.6196366573499992
17330,-0.3074329829300009
67676,-0.14312980815000031
29864,0.2283508841999975
73340,-0.4507472660199978
16835,-0.27773285893999855
240047,0.4651946716949995
74206,0.30817314762500025
59090,0.18700343435000377
208439,-0.37723282735499986
56220,-0.28917314210500145
237940,-0.23627502940000333
382236,-0.26221942544499743
106757,0.21065184928500003
226841,-0.6604057508600012
692132,0.4911998267499995
75104,0.30208195049000075
56395,-0.6245611107249998
20970,-0.4449924061700026
236511,-0.42878127713500014
24017,-0.25476566776499787
75456,-0.46891837920499846
70456,0.2898513293999976
93762,-0.1821246363300002
219228,0.8367746360849981
79233,-0.6056231040800002
403187,-0.2416632315250009
14755,0.2413745575000057
234023,-0.17491662570000344
66557,0.5457208466349961
229055,-0.4233668076599999
56048,-0.3986204898799999
19378,0.4052911949450042
217335,-0.4414962700999996
73389,-0.179750241899999
56629,-0.44644103788999745
70237,-0.4072401795700009
433586,0.27349382375000086
26423,0.26513905451999875
13046,0.22135071010000829
210808,-0.3701428440100005
245867,-0.1624092478150061
497097,0.4334963571999997
20354,-0.2308448154499949
73919,-0.5482907263749999
19775,0.23633845834499745
217835,-0.35716714630999835
67387,-0.33039567042999884
668110,-0.22982502894999968
244585,0.3101243122049997
13383,0.3811428698599979
252838,-0.4784816754300003
72151,-0.1398737447500018
76580,0.1915214572950017
625249,0.16745489430000404
18537,0.16047596100000483
22780,0.5535068420200018
217337,-0.24933931231000095
217449,-0.22924971171499742
17773,0.68623533956
56490,0.1698178231200007
237387,-0.352317020280001
18802,-0.18859293859999937
70729,0.2500796600500017
319804,0.6016025442999982
72324,-0.4016206546749981
27386,0.4123817171649997
56794,-0.43604226820499736
67235,-0.3850032662150005
18126,-0.23504431643000157
228859,-0.28527334485999845
215384,0.3450180905450009
13680,-0.4142183907349981
12531,0.23276468200000267
74485,-0.3384094879349995
12891,-0.41752168056999883
104001,-0.6763862132500034
12387,-0.2853504491200045
319832,0.4142925436050007
217012,0.4587825638800007
76041,-0.3581931298199956
67480,-0.3776640419549979
207921,0.4846136058250021
70789,-0.3340978847699976
233781,-0.215539626385004
269589,-0.18966637413499932
218699,0.3097688813950006
72341,-0.3799842618799989
11430,-0.1364646755199974
70717,-0.1421849151000032
232164,-0.457921089830001
22137,0.4285307195450012
68385,0.42721282760999957
240444,0.3125311063099998
77305,-0.18556826251000302
72543,-0.1537405921999948
217057,-0.27720612918499654
74414,-0.26585238625000507
68631,-0.3856674306399981
11605,-0.24929380959999925
386612,-0.16277474717999496
170677,-0.7856581671000016
76025,-0.42049230688999906
16543,-0.20398087886500083
74081,-0.3296846169450003
56471,0.43305839312500094
101568,-0.1363920950999944
79235,0.7768259306350025
27221,-0.6169105104449981
13172,0.40277611170000105
104383,-0.5507577622300035
11435,-0.6186937766699994
70882,-0.34074194780499667
217306,-0.41867135242499565
71887,-0.46910179222999737
217648,-0.4813397284049987
100763,-0.35310071278000255
234404,0.33692366438000043
109929,-0.18993996869000007
72504,0.30882656372999984
68889,-0.2727527115649977
67958,-0.47905253510999835
55984,-0.43629376101999817
234356,0.267542329120003
68349,-0.15197393204999798
101314,0.15290188025000084
20501,0.29530708177000076
214469,-0.22667923795
18025,0.5641791699100018
21983,-0.4378378868450006
242735,-0.3607899491149995
75430,-0.2878876383599964
13853,0.4734070099699994
69551,0.5663142766550004
109620,-0.5116606513799979
235379,-0.3212261501250011
19762,0.5119058799149969
16568,-0.25815837394999797
329251,0.4000524795000011
21340,-0.3890337120250038
227333,-0.24399637540000008
243634,-0.3670557337499991
217265,0.45410587876500097
230514,-0.2091361735499948
233246,-0.4016592392099998
60345,-0.4144061272849999
241769,-0.3702060197600021
14151,0.15079250649999665
11519,0.6258037710350006
59046,-0.6191189769400003
26462,0.351542445150006
70351,-0.20487252402999445
13419,-0.3250740498549982
26401,-0.17688161054999618
74616,0.37733092668000445
114601,-0.17515459205000106
80297,-0.43686377861000114
12492,-0.5128389645099984
238247,-0.2571165213399986
225164,0.3060324035250046
224617,0.5080579292449983
12365,-0.48273615853999896
11927,-0.16013734859999218
14548,-0.16599298205000856
244911,0.4313049394799995
19109,-0.2596754514699988
74359,0.5209155617550012
229937,0.2353130116549984
22042,0.4269614157049979
19039,0.19169094825000244
240283,-0.3534951270549991
320705,-0.3419057288550018
71907,0.3468195766200015
27376,0.45062622381499917
18193,-0.22934255434998896
20274,0.37126091936499916
241556,0.30897814077999985
226976,0.1833883857550056
70790,0.149733982305003
12667,0.5123511339550015
70802,-0.5124645403949977
225579,-0.32700932422999784
13041,-0.2008775648750003
107065,-0.3620406103999998
26458,0.23716091951500484
100113398,-0.3628132523149974
74393,-0.3582395227999995
18548,-0.39786250656500055
67207,-0.47038542608999734
329972,0.3052089530650024
14678,-0.19817723779999064
67846,-0.37423577843499967
17978,0.1860228451149979
18816,0.5318772395300018
381085,0.19074570870000152
21897,-0.1466894506849954
67661,0.609408666170002
54131,-0.21772006330000693
68738,-0.17900481684999647
53324,0.47335968360500047
13805,0.4294588183700023
12156,-0.38422705460499884
14675,0.33362054246000117
245902,-0.4147686671700006
20564,-0.5887050939249989
56050,-0.28125149349500056
14165,-0.25961765650000057
12023,0.682134819839999
77041,-0.5264602912200047
223828,-0.2571614568750009
72318,-0.1840499239999982
15239,-0.1889918215999966
225020,0.15080263283000406
329954,-0.48441267206000127
16882,-0.42579099630500306
234911,0.45493939164500086
114886,-0.7171622546199989
78052,-0.4836538313900003
192167,-0.4738911308249989
19383,0.24626958636499374
16210,-0.24067037160999494
66326,0.404298445190002
666279,0.6951037600700025
76178,0.2732424261400066
66432,-0.2369839079449969
22068,0.35153732919999925
11765,-0.18505896294499813
108829,-0.15487147531499978
235134,-0.519513898745001
231430,-0.6181229034750011
69562,-0.3205916680900014
383103,-0.37927634244999897
242894,-0.3071110632799998
75619,-0.8002932920800001
18432,-0.16685325929999628
330671,-0.23521581667500158
218100,-0.1732667254300022
74164,0.24440381697000024
72662,-0.20721067748000355
70979,0.40324843907500085
21333,0.3564465662300007
18670,0.3232667002699934
77889,-0.18112089700499467
230972,-0.7305395031799993
20389,-0.2963214928100024
27027,-0.16721629290000273
70451,-0.3367688329100007
67900,0.3392985331800009
16425,0.39256507343500235
100465,-0.41950810815499917
22594,-0.18996834080999747
219094,-0.4447503667499966
15929,-0.13269692740000316
12850,0.2823558957400021
14160,-0.6261159366449993
66455,-0.4939605753849978
20186,0.4385412143849976
66841,-0.31775484853999814
217026,-0.5870733815150011
74134,-0.1948812595649958
15208,-0.5567161124800002
78088,0.3711611697050019
266781,-0.1410983193499984
406220,0.354221770265001
242700,-0.38262408138000303
243385,-0.3399693731950002
320165,0.16293796395500237
105351,-0.3313467903699978
67291,0.3088177008050055
67707,-0.16577556834999996
29858,-0.23519338394999956
20495,0.32398088436499606
16822,0.24747572043500465
73251,-0.17203915507999668
69288,0.3885403673799974
216001,0.12494121299999073
71375,0.11123851079998204
21990,0.11123851079998204
233902,0.20071913000499997
72898,-0.33776568753000014
72572,0.4339150338649991
12552,0.7589673063150002
19654,-0.21869830742999952
15221,-0.5161841433149998
241447,-0.2991832550050004
73804,0.4018266094749974
26894,-0.14503779800999794
65100,-0.451697416844997
13717,0.3549655800900027
56174,-0.5231849049699981
114873,-0.5245402716599981
70572,-0.33484758961000427
433638,0.1703988688149991
56376,0.43391600932500474
19724,0.2655366895100002
109828,-0.4014203739100006
230649,-0.3024462650200017
70127,0.4241672653000017
225929,-0.32494894650499795
109552,-0.15809787234999462
73344,0.31203787854999954
232237,0.5112901650150006
233908,-0.32359922438500455
12286,0.3571034947850027
16976,-0.45495271079999444
59030,-0.2375661956150017
209225,0.26682909429000823
15465,0.41602291738000563
15372,-0.42597373679000006
68944,-0.1960150740150013
226026,-0.4098010260850016
19354,-0.2473820784999976
55994,0.35628681575000076
30949,-0.2850638379000019
104718,-0.4271869048549988
67596,-0.16068402573000107
67263,0.1537320987449986
76722,-0.4903584497299991
228852,-0.592698582299998
228545,-0.40066957315999474
67467,-0.2458418142699994
108682,-0.27069390062499865
99311,-0.15813900840000805
19159,-0.2727024781549954
16846,0.23705950945000254
12823,-0.44705519447499853
12405,-0.32244055777999936
230837,0.4053178562400017
225392,0.28287093207499936
68092,0.4237403680200007
215008,-0.41094107339000097
78600,0.27335860666499734
218194,-0.42569590515499867
12771,-0.33585059269999995
14570,-0.3682699816599988
24052,-0.28279007395999756
269823,-0.45672584152499507
18391,-0.14369221768999907
22160,-0.4329988055599965
11604,-0.4177415421800026
433813,0.4980145738599999
16647,-0.19160896128999383
432677,-0.41628563261500107
72792,-0.44834100263500076
20585,-0.20386482515000104
12748,-0.21533609798999898
231532,0.584990447610001
93732,0.4849119778800013
20370,0.46112956296000007
13628,0.2529108569399998
110033,-0.2942811622899999
23999,-0.1739067082750001
20598,-0.3920583143949985
320557,-0.5204790651700009
319478,0.5610632434100005
67772,-0.17418908864999771
72026,0.19212875612500202
57170,-0.30011841487999646
399548,0.38974043170500083
56613,-0.2891823848749997
215113,-0.22936478940500393
14043,-0.31639521329000164
30930,-0.25590143129499765
116904,0.4444378848999988
20474,-0.3187517061350009
74302,0.23787229420000067
19377,-0.3498934835950003
57230,-0.40432108543499723
264895,0.15726845766999809
434341,-0.22556505178499364
67222,-0.4102629352899987
66273,-0.32288668496000117
212541,0.4219054695399995
381204,0.4857769079199983
54630,-0.3011562476899998
59005,0.17543507060000074
73998,-0.6905644333849992
66377,-0.15108297969999462
67470,-0.40591485009999806
50785,0.3211575200050012
319468,-0.33542418038499733
54194,-0.18469673707500078
16331,0.22930151695000411
67547,-0.46260210339000096
22157,0.35709930245500043
110265,-0.19736462696000245
17873,-0.1885860731499971
11624,-0.4508000332249984
75580,-0.16518752229499967
74427,-0.24094083528
268860,-0.4694419135350003
386611,-0.3872573897700007
105732,-0.6741876376700002
212937,0.630441424225002
75097,0.35303125410999936
224674,-0.4548434797249996
217715,-0.14123325435000744
74493,0.7318922649500035
12579,0.40721832938
110083,-0.3848615081199984
12660,-0.3182744772049979
26456,-0.6104389967699997
74013,-0.2516821351350025
17120,-0.21165953602000176
68979,-0.3495264789850019
13713,-0.2495986887649959
226123,-0.5217260773600008
223513,0.5598070121900007
108148,-0.14912542579999766
229317,-0.36885205073499616
208171,0.2579461612299987
17131,-0.3925657373250022
76444,0.7088731690600003
52588,-0.14784842609999949
18789,-0.2884848564049989
252870,-0.19742607263999723
22715,-0.2013505009149945
74133,-0.28135129200999875
19290,-0.26912577159998996
16168,-0.3428722959999986
19133,0.43548295082500044
216154,-0.11030070199999997
72693,0.3400552239550003
234967,-0.3302405001050026
230868,0.6123111206600003
13655,0.5523596367450025
96957,-0.3470305841649992
12774,-0.563741804860002
22083,-0.4651717926099952
13418,-0.21178390277499837
22788,-0.5205985689749997
110816,-0.16901995129500058
218121,-0.19807626474499251
545260,0.5680445628100026
67855,0.32003495390999426
70044,-0.5345760589850004
73412,0.5343884629849995
233905,-0.474844124205001
99100,-0.4347016208899994
21816,-0.32286089389500283
109205,-0.5543317544400006
497106,-0.3468307002099973
13617,-0.4896805283750023
170728,-0.27135240593000276
76654,0.35335251142500246
21885,0.2906514116900034
15446,-0.48718910997000187
50760,-0.33934082647000263
73225,0.2786459599349982
19877,0.2136912171099965
17700,0.39008350240000267
56430,0.24007637061500198
23879,-0.16428915316000214
11966,-0.39536165236499876
75608,0.33077562440000463
57776,-0.47190821970999774
99334,-0.3230150413600015
72125,0.47544642069499954
24057,0.4019417773399958
11836,-0.18111585740000358
50530,-0.4871451760450003
15902,-0.3987774837599911
109079,-0.36161706708499874
23964,0.3439879884950021
110147,-0.17814687999999457
20255,0.5640848966850038
20963,-0.2281902851500064
19337,-0.37745483681999836
399510,0.3418975739750021
21826,-0.28364443180499777
64008,0.41880806592500264
68276,-0.5653855131799999
270151,0.24287496830999622
27387,-0.2771783945500026
14468,-0.46830086667500126
107435,-0.45693484572999843
20787,0.4832758443700014
72749,-0.19821179952499968
14630,-0.18307026909999458
17999,-0.23382157244500057
66585,-0.2634137275349975
26918,-0.4234286928699995
72107,-0.4496666726450007
328789,0.45035564389499916
50917,0.22083125689999683
54607,-0.4699474055899975
19204,0.2060411819050021
66971,0.4436257417400018
56716,-0.16373214788999846
211586,0.2703801923000011
208104,-0.49661815246000174
108083,-0.19613183683999225
212514,-0.17456595988999357
319944,-0.2926876972399981
16572,-0.24810788891999902
12524,-0.3165119285550011
69754,0.2346373640000028
107746,-0.215091733585
225998,0.36654921694500153
231986,-0.3258101941599998
15559,-0.40675593677999977
215474,-0.40554479368999896
19025,-0.18983107170000046
70650,-0.532841342990003
14107,-1.2662359600199973
28240,0.4408223098550037
19821,-0.41520106650499855
11883,-0.23729637055999575
14368,-0.28010870702000146
338521,0.6334632711700028
14735,0.3593638474400005
30935,-0.593977265865
20841,-0.392581983879996
242819,-0.43323889906999646
66498,-0.16262989060999544
56550,-0.17716513874999862
212168,-0.39257600802499404
20901,-0.3306198736550021
74772,-0.19339363064999482
112418,-0.36502045985499976
67392,-0.15015556110999917
106529,-0.16899151932999779
16790,-0.5440305222649982
58212,0.4906389641199995
238333,0.3576445372649988
67122,-0.5869932969700002
20239,-0.18141759977999605
66362,-0.3786555099849993
69582,-0.23188936471499488
67039,-0.16997386161499328
23924,0.15093113958500126
107358,-0.2734160280600033
242570,-0.2654413609749948
233977,-0.5981336136600008
20983,0.5118240885500027
12305,-0.3380323976749997
71998,-0.32056428790999725
664799,0.32354950517000125
94190,-0.36345757983999594
226407,-0.5019222152849991
66528,-0.41231525926499657
19017,-0.4807572500600026
72155,0.5173836468050044
107227,-0.20971568067000312
271970,-0.3592129433449984
71803,-0.4097065348000015
14661,-0.15546510694999505
20293,-0.2975433762549997
331623,0.19631389135499866
58244,-0.4770400280400011
14233,-0.41663142027999633
93961,0.32583497844000187
12143,-0.5450453832150028
98417,-0.14507187139999544
69305,-0.23620162463999428
74108,-0.6977408451799985
231583,-0.39377460105500006
108853,-0.3159984030599956
109904,-0.3715599821799995
171283,0.3165381690549989
29862,-0.4466447961449953
217734,0.532390593195001
12767,-0.27788082059000097
12631,-0.21098692539999497
79455,0.41968280477999986
15891,0.434331041300001
106393,-0.43137825630999815
11941,-0.5182548951599983
665113,0.19954671221500497
77590,-0.2291384232449989
269336,-0.2261797205149989
71183,-0.46025779883999984
237847,-0.24414270950499528
19892,-0.5422155972599998
67883,-0.3065317027850014
244958,0.4093173812450015
56496,-0.511009168120002
13522,-0.32317182397499966
108138,0.21219449576499816
12301,-0.17900885737500438
15422,0.4434921929599991
52897,0.35056021022000117
60594,0.4585043917349987
53379,-0.15539419074999827
170772,-0.3021893913299962
11907,-0.246389248479999
50754,0.21040354996500454
13346,0.18340631444000177
208177,-0.4126191481199979
100019,0.45170010779000247
68267,-0.2942673935399984
55987,-0.49157236951999916
69672,-0.2637754850250058
215449,-0.14992776604999314
170759,-0.1647684684549997
21784,0.2891698519449992
69309,-0.5386031369149995
109154,-0.3027316459199989
232174,0.38309896733499915
229595,-0.3847316749899976
94090,0.2720711861550029
17341,0.24102623602000062
13163,-0.15426619155000232
226162,-0.2043330433849988
72082,-0.5811564417900006
76967,-0.27660704230999933
74419,0.6387888873000018
75516,-0.2689964759350012
217166,-0.31270380727500013
77018,0.5218714541800011
72056,-0.46723031560500106
18711,-0.38392332396499995
380842,0.39815611422999897
19108,0.26740128745000113
279499,-0.28286729693999924
242773,0.32635832343000093
105239,-0.4065418650449981
271457,-0.17645674624000307
319922,0.6173248879500046
67434,0.5310233381300025
269132,-0.4640875318750006
78937,-0.37687242067999804
71228,-0.3001273061899985
68040,-0.2713069746099972
353130,0.47882796556999985
68833,-0.31771870669499425
19739,-0.3590163831099993
56044,-0.1341751789949921
13643,0.4675580339850014
78581,-0.24078856725499787
78890,-0.4068676511950029
12560,-0.7101657423999983
108946,-0.3758898063749978
69537,-0.15555137190000146
19302,-0.2281967521699988
71707,-0.6083655022199963
20638,-0.15419914052000117
230967,-0.3455361542199977
211006,-0.268042225534995
272551,0.4687155907499996
27223,-0.2678146484000017
66686,0.4064470165450027
230584,-0.12766675802999572
195236,-0.25272262434999737
72701,-0.550105254920001
11306,0.3327921505050009
70294,0.18486432283000376
75729,-0.40324785773500116
57434,-0.5276659244499982
71797,0.5434308620799997
17874,-0.1624095454699912
68854,0.35757522070000203
54170,-0.2975026041800035
16005,0.42857407960499794
271786,-0.3407961253199998
272027,-0.40346791899000145
106931,-0.42569754221
19693,0.30610889523500395
108737,-0.22561243146999566
114249,-0.309436772509998
227541,-0.16679017439999377
100129,0.4203079772999989
270049,-0.5281390331250004
20299,0.3076009690699997
229541,-0.17077150699999954
240753,-0.34931456520500026
20662,0.496778674590002
207952,-0.1584050415
68137,-0.17265752398000522
56013,0.4803156559650015
69032,0.25087384895
67675,-0.13321252114999993
57780,0.2811656090400003
17523,-0.4509480281499991
319885,-0.17690788462000206
13076,-0.2380078597900006
74148,-0.16420963901500052
74203,-0.41309881019000017
30050,0.3996963597950085
436240,0.39941184259499884
192159,-0.2404607378000012
271036,0.3652780319099982
234875,-0.15737878520000237
57750,-0.31068514294500105
22185,-0.35098750633499964
19193,-0.3073040743300002
100038725,0.4705864915100051
56404,-0.1866478984949973
52915,-0.196981584025
210029,-0.38254570148999534
235043,-0.26692213717999813
66646,0.19895280649499814
78757,0.20778256917500215
11987,0.19629932095499925
102141,-0.5124468168249976
17075,0.4628350767650007
110834,-0.37865277064500047
213248,-0.3973854191299999
245688,-0.1630168180499929
228550,0.38021499545000115
22138,-0.512463803189998
59032,-0.23297346364999605
231999,-0.40130346419999974
67590,-0.3915334486850002
74843,-0.30830552866500316
106628,-0.26374603730999624
67102,-0.17404822186500013
211488,-0.46210229485999665
319554,-0.37868683663500047
19820,0.44653986319999905
207212,-0.35175162458999765
13555,-0.23483010059499687
116748,-0.15628308116999712
245533,-0.363676082995001
18754,0.3806437763899968
67622,0.49763482936500214
75678,-0.4664678578199988
208846,0.27733256553499874
54624,0.19017438087499805
20402,-0.23373024623499905
27494,-0.2667061278949996
12622,-0.5159978515799999
71981,-0.4912639576799984
104382,-0.42429499415999894
228094,-0.44245649659499975
381974,-0.5990933787550032
15563,0.34168637890000175
16169,0.2547509584150056
16163,-0.3230743162449996
66358,-0.1686518058949975
70859,-0.34232852215999987
22229,0.20939926959999866
329941,0.5593240221749998
214742,-0.2685951802850015
18576,-0.2304310471700024
69802,-0.46316946245000157
23836,0.5774442347450028
240055,0.22773452130000393
20447,-0.45407701114499943
56460,0.24351759660000205
72465,-0.3627707485049996
319776,-0.3862716226700007
12724,-0.3780380796049987
68166,0.48195714800500067
66968,-0.4948091227949982
59014,-0.38282550002499693
408068,-0.2348686448499997
66972,-0.5046397032899987
78266,-0.22068969517999903
29815,-0.23694134820000023
233405,-0.46891010021999513
67155,-0.5299615658350003
218215,-0.2779144880300013
232223,-0.27120230321999994
74648,0.3447993982550024
21909,0.27115909384500103
13542,-0.1922986363000021
60344,0.3692213260800008
75964,-0.48667157280500284
11421,0.2853946943399954
14191,0.27127923368500184
98258,-0.12369741549499658
15171,0.5009516971899997
226419,0.45400201587499733
70941,0.24307376076500153
17082,0.19407360850000277
70810,0.7818535271450009
14396,-0.7444756676200015
110524,-0.4525673987900012
231452,-0.15471125085000104
19697,-0.18970421589999908
104759,-0.17243363436500125
16803,0.5011117162300018
15235,0.25749739594000154
269952,-0.2630520600199979
107173,-0.1321551529599958
20663,-0.21514353176500212
497071,0.48633049714
192950,0.6156174814849944
73016,-0.3997158682250004
70549,0.36583651233000225
23877,-0.27777325330000124
110935,0.22866189868999953
19023,0.35965594399
20317,0.41517520545000153
105782,-0.16310524549999172
78455,-0.3254795319900001
66935,0.38674570001999875
57441,-0.5511500078200005
69719,0.38341438338499856
16979,0.38727708906000213
68778,-0.14166626380000125
69125,-0.20479347483499843
68270,0.31120376256999815
22276,0.21364728205499794
68038,-0.27032880794499636
60599,-0.22687108474000617
24013,0.41336984895000173
214111,0.37160094586000314
67121,0.35243377724000347
384071,-0.3314207314399993
213989,-0.3314207314399993
57437,0.21700203334999557
11674,-0.19356789889999249
231871,-0.20087349104999763
218832,-0.5141325292949981
70686,0.21569576711499838
20609,-0.1360343916499982
171567,-0.3695954902049987
20908,-0.4078486533099994
630146,-0.3012754967499989
22030,-0.13724426794999545
78795,-0.3476357227750002
17172,0.18777472214999857
20977,0.19267704050000312
98741,-0.6863251340349983
77031,-0.16130965334999914
14560,0.30640269515000185
279653,-0.43379861915500095
71132,0.35359802639000026
67495,0.16517795069000396
69534,-0.3683162067149972
74004,0.3581891101900019
76365,0.39012040949499927
94063,-0.23035226540499742
16432,0.10620226530000032
12925,-0.1672351397999936
12468,0.15534502484999635
73047,-0.34510073345500114
29809,-0.14595064386500134
56473,-0.27985919367999834
72569,0.4705288924549995
111174,0.6764483815149989
11471,0.3904727401550012
54646,-0.37727916835999675
12799,0.12392603124999546
73677,-0.24824954101999808
20443,-0.38870317238999963
71834,-0.17261317325999936
22413,0.47302360752000094
329244,0.5497149507100021
11881,-0.5663884116300002
19359,-0.40201635389499657
57276,0.2816592639699991
66566,-0.6503557379199965
235661,-0.45612279305999515
14620,0.5644618685399991
109978,0.22695437988000045
110253,-0.23710435445000222
22437,0.40355354063500215
53897,0.49089278747500087
12740,0.7564082973050015
67103,-0.5152165633600001
14828,0.11757000660000294
21780,-0.18114512531500004
64945,-0.3141814334250004
68146,-0.2411695944849992
18285,-0.46578623884000114
21761,-0.11966445900000444
17200,-0.5584572715249996
73833,-0.17540929853000087
12274,-0.4284059303299981
108115,-0.4775750890300019
75717,-0.3629360065749987
79464,-0.15204416432500167
224907,-0.21025588593000677
269120,-0.4366418296999979
76789,0.26547338194499837
13012,0.46070069761500054
56305,-0.3675733815349975
16582,-0.30141879035500185
17684,-0.18004784766500315
17970,-0.31274940041500177
71994,-0.17034809770999715
242409,-0.4039994753949987
66468,0.3828199206050007
654821,-0.47768570845999836
52430,0.33739661389500064
330301,-0.3969147424499999
626834,-0.3171704197250014
330921,0.46117026583500165
19243,-0.1475847621499895
24087,0.293802336415002
233280,0.38878064525000156
68975,-0.377650845949999
76479,-0.41710032856999923
12795,-0.31937661283499796
67911,-0.22088921495999791
192188,-0.3461726209399991
17991,-0.1273537289999993
56420,-0.13254096817000516
117147,-0.3912946364200005
70047,-0.18847578601499393
108000,-0.39020908121999875
213121,0.276806710049998
66911,-0.16810209270999188
74760,0.5012318936700062
16438,-0.23703232825999443
14528,0.40220238775000183
100041581,-0.4188616415549986
56455,0.27626742365500156
20377,0.7693263883199997
67811,0.15716857338000167
11546,-0.5512169269799987
268752,0.329684759940001
104130,-0.10635794869999948
11655,0.34499395349999773
24102,0.511505525465
17158,0.12459005987500404
12832,-0.34237171502999963
70317,-0.41978358137999816
16651,-0.5330253636900002
60364,-0.276690299549994
11815,0.558528839440001
381418,-0.29617747457999943
18440,-0.29666100411999885
434204,-0.2505440863249975
14366,0.37702557573499984
233065,-0.22875587370500305
69352,0.3905828032850005
104069,0.3682943121699993
11423,0.3522070129200001
13612,-0.3039066236900001
330177,0.2730738683549996
14610,-0.4129313435699977
22278,-0.364452165250003
74589,0.2996201117899995
74440,0.1782712278999945
71829,-0.4181822485950004
195359,-0.307585278915
12651,-0.1707317368750001
93897,0.5014064421650017
320506,0.40771939192999884
27277,-0.3177025279250003
66716,-0.2732004278850009
109095,-0.3331951154850019
74570,-0.38433775741
75210,-0.5133524282600028
235344,-0.29787990859000146
72654,-0.10858981559998959
217304,-0.23380702118500007
69908,-0.39027684132499996
14685,-0.5110751105899998
75553,-0.12114592416000214
14621,0.27553404490499966
26370,0.1650048599500007
12425,-0.42746695414500024
16002,0.3971613769700024
68760,0.2198181324499977
71099,0.2946932884700004
12308,0.32354297502500007
67130,-0.1690033039000003
93843,0.3156733178050013
109637,-0.4061710442049993
30046,-0.27604199894000025
26407,-0.2029906733749982
241627,-0.3310296103349981
13120,0.529174273275002
319939,-0.24054226166500037
18143,0.39021213999500004
56461,-0.26967981991999945
93842,0.2384954292999968
227327,0.38088064194500015
56325,-0.1452558476999961
67267,-0.16604148800500518
30054,-0.45169507421499944
67203,-0.1899001022549971
12961,-0.45875386794499873
12815,-0.4577648646399979
403174,0.2735403606100002
67268,-0.13235862169999635
545428,-0.23686315694999704
170789,0.24004960125000352
69091,-0.44694967168499833
74167,-0.11389057579999928
14042,-0.4436867920400003
14593,0.234094803529997
77805,0.2455230573850038
19650,-0.5136628033050004
233987,-0.4144934720549962
14534,-0.16802555058999324
68545,-0.36124033880000006
93692,0.3208421726500035
77975,-0.12061655779999647
57265,0.46076572026500084
68223,-0.5309432618700027
15201,-0.5421902962600011
19339,-0.18987731701499566
227197,0.14295403544999985
12848,0.323147828374994
16175,0.29683585986999983
77087,-0.2592985351449997
20129,-0.5496710393400002
22178,-0.664724988995002
319848,0.3010349255999998
68667,-0.27867470299499786
234736,-0.18798350996499913
19303,0.46062452538499876
242860,-0.3583549267199979
100213,-0.36176433318499734
103534,-0.326678439749998
636931,0.5453207673749993
74340,0.1814955751399996
20359,0.3352925743700004
76900,-0.1356536675650002
14885,-0.48515226523999644
56464,0.4286804602099963
22327,0.29975435385999916
56226,0.4800810016849999
20445,-0.4582344728799921
57443,-0.23079309809499904
107526,-0.16780378609999502
234595,-0.20465041935000183
23863,-0.3286479702299996
56398,0.19761890439999874
67867,-0.12751291661999709
12421,-0.47010865168999505
21937,-0.15528281139999933
54140,-0.4292578842799979
98488,-0.38849571720999876
223697,-0.14111279920000364
16952,-0.18680219379998775
65963,-0.2581531121599987
13684,-0.4274120073399974
17220,-0.1507977882499958
99371,-0.41634152139499836
227059,-0.42222675050999925
319758,-0.4296762505100027
12591,0.3570271445650004
216136,-0.45466552332999743
20257,-0.3343655462249968
232680,0.3808746340049991
70892,-0.3767771590949991
11845,-0.22230489372500273
22282,-0.12656018844999295
319455,0.31554919541000004
230895,-0.4757966809550007
333789,-0.20892691072500114
245638,-0.36639513677499913
16398,-0.2015035374400016
76615,-0.35503289294499973
212123,-0.23356824342999616
381921,0.19340014131000238
330660,0.16723583958000354
20347,-0.5031885205600011
56087,-0.4139870525449978
245857,-0.3999570124699998
17920,-0.5581008731949977
22682,-0.14801724814500083
212508,-0.5414758793999983
227800,-0.7722690171299984
70893,-0.3526461779450001
67537,-0.39328617406000044
20811,0.3279763765149992
56409,-0.1279804733999974
11671,0.4647549808750009
225432,-0.3515564637499988
14025,-0.21227711207500022
233744,0.35727781284499915
224796,-0.3714634326299997
192187,0.36499773565500515
67895,-0.12552677917999944
29813,0.3127166228000018
72323,-0.377948035384998
75178,0.4549996021300009
216724,-0.43235130619999396
27409,-0.33641300475000113
227399,-0.5260031470249977
11305,-0.4425464218299977
17133,-0.3101856805400005
67457,-0.16870706100000277
69601,0.15056274871500364
66098,-0.22460994017499925
67044,-0.10849960280000204
19263,-0.3908369796299995
20215,0.386123843880001
65972,-0.16865102014999067
216345,-0.18254054019999977
269053,-0.3699772697799988
64424,-0.2163415006999987
230815,-0.32814787024499914
382062,0.11828256659999603
76763,-0.5568761885849991
237782,-0.30525117339499985
76572,-0.29571453960000005
208213,-0.53832877421
104156,0.15442705839999782
22092,0.4411995430400002
17764,-0.35073028442999465
229949,-0.6367324144249991
66336,0.3847736946850011
12319,-0.35498049546000177
58909,-0.26488006758999916
14169,0.5142587245949981
71838,-0.13395251949499887
14586,-0.23509152134000022
18213,0.2995517984400031
75002,0.41942621568500016
22256,0.18442054689999487
54670,0.395574649529999
233904,-0.37274147038000116
14275,0.3802945828300057
77264,-0.4359390026249974
19713,-0.29420366664999964
20348,-0.30120985446500104
27660,-0.5192627890050008
77522,0.25649014210499965
74490,0.3902731534999999
22428,-0.11051055220000094
77531,0.4693996445950024
218613,0.1987531069400008
15107,-0.19652362121000522
27414,-0.20190096187999984
19886,-0.4833070648299991
66440,-0.15220419586999778
57745,-0.3361906938550012
23969,-0.15223347589999925
66812,-0.22246843619999623
20449,-0.14813269459999923
360216,-0.28820756869000164
59016,-0.13566377410499975
15369,-0.14324348402499965
230603,0.5158797035599996
74614,0.24284842860000388
22670,0.12467923419999494
245195,-0.21414509160000073
106504,0.1468743568199944
212998,0.4390010920700016
12469,0.14045229513500246
14585,0.3544290993550008
17687,-0.2122716232650017
319653,-0.22208694352500036
277353,0.47185570454000203
239318,0.3763575298649995
380629,-0.15649770754500558
58198,0.4894441386300019
17122,-0.16629634823000217
14615,0.28277957028500067
66705,0.27753048011999937
14783,-0.3380813865199972
22045,0.24385068346000027
208665,0.3531526594249996
12780,-0.5762662709699997
235469,-0.2089949198749963
94111,0.4724373284349994
12419,0.4748440992350007
52033,0.4107577609550006
77766,-0.35999930039000105
20192,-0.30691283336499975
16165,0.42422173289000176
17217,-0.16202058456999602
14030,-0.14747314911500276
77647,-0.14921066578000008
60504,-0.18697110261999583
73094,0.38853757849999937
21974,-0.1941686095500028
224902,-0.179984355049994
12014,-0.23190925201000034
26405,0.3561834256550025
230484,-0.289317954999996
57138,0.21602104741999995
57816,-0.12934958369999627
53404,0.3485925797750018
54167,-0.15550530194499856
19773,-0.37490917092499876
71914,0.18308271925999797
66284,0.15968743345000203
23854,-0.21987638909999419
13445,-0.15769797010000275
68558,-0.21951069904499754
382113,-0.5893007367600003
75860,0.49938624157000033
239157,-0.41855917624999783
67795,0.5631101274350012
140781,-0.30942716605499676
22344,-0.16327061575000634
106759,-0.2918427688149974
229615,0.399238712665003
71059,-0.171184292499996
269642,-0.29197588463500157
21847,-0.2654472081250008
213550,-0.18976910878000197
94244,-0.3789947705149994
228357,0.4882053385150029
68344,-0.3964593844099955
12794,-0.19702869479499885
70918,0.5164082442350004
244631,-0.5260047624400013
234857,0.25680960112000273
27061,0.12583482864999773
12741,0.49639929791999915
96875,-0.23958661251000013
13176,-0.29638474730000075
211936,-0.328714128329997
268933,-0.27461985615499884
75607,-0.3511538710999975
67016,-0.3652037002199986
69256,-0.47156423293000227
18301,-0.1363422238000016
70357,0.14309544001999974
14904,-0.19775923962000164
67020,-0.5009411740150007
77011,0.554339157754999
22668,0.17448053870499614
14605,-0.18766429089998837
211666,-0.1573762771500018
66901,0.29488762284000236
67742,-0.22970215776500424
52683,-0.14821628348999738
14378,0.3219849557500005
72160,-0.289985246059997
56790,-0.22110897861500156
406218,0.22121743269000183
77630,0.43379606917500135
83396,-0.3457280290100009
338337,-0.4666540847949996
414084,-0.38817109434999786
434008,0.38393372724500185
228829,-0.2431487269949999
74392,-0.5369464109849957
14862,-0.3388351946250028
15353,-0.13047390819999727
100604,0.19094640462
13557,-0.3785578099000002
74325,-0.2332528724399996
18739,-0.15884350649999668
83431,-0.16126785159999812
19345,0.15465292190000568
17318,-0.2696666808899999
69051,-0.15404681021999878
12684,0.44671936084500175
67645,-0.35712081875000123
22226,0.34367425459000067
73834,-0.12407348244999916
330627,0.3284558712150014
18021,-0.23064827853499814
16956,0.3390577816700002
11920,-0.20786245326000508
80979,0.3519164473649985
22390,0.41161012979000144
11468,-0.2689703604000018
18415,0.20115280576999872
19016,-0.23820153138000144
14778,-0.5105774736949988
59025,0.2023945363500026
67095,-0.6399726624750031
74571,-0.9818322620100002
12810,0.54226769456
12362,-0.15519340159000095
18037,-0.411039450359997
15412,-0.29245920513999923
230935,-0.19989668370000135
75234,0.14788320405000377
24132,-0.1968794339300004
56350,-0.20357352262999573
67011,-0.25015029707999936
16532,0.3076921938700008
16506,0.17527748944499955
67036,-0.18385225904999913
21428,-0.49367325004499474
30785,0.20680165014999874
66152,-0.12248146789999481
320873,-0.2732898304099991
22764,-0.46950610075499366
380614,-0.4122846242399989
67871,-0.21383645112999883
70239,-0.23236988945999926
52837,0.35524228886500087
12338,-0.6565346341199976
17380,0.5602183336600004
208890,0.25478964459000064
263406,0.19327599965000175
104923,-0.17031104762999583
230558,0.271467236254999
76964,-0.1570570541999956
224997,-0.3251945414549988
223774,-0.5235127322950008
320226,0.31796926551000215
332397,0.3961001560049988
108832,0.36613016928000164
246694,-0.18399277319999818
66179,-0.1896113446150025
18232,0.4904272860350005
51795,0.3550341140050004
80748,-0.13374305489999827
77583,-0.15982009860000268
230866,-0.4650407101899976
232943,-0.38156124251999923
12766,-0.16524994891999967
229665,0.26282862817999586
19414,-0.21726410810000019
56506,0.21026834464999844
72354,-0.19642488672499958
56309,-0.42268463282000024
20403,-0.14327242604000467
15526,-0.1504028697999953
19062,-0.20379678861499606
68427,-0.40991882248499945
110880,0.3915596320049959
67432,0.46767182955499953
333329,0.35505213218499776
12789,-0.25441930058500084
21678,0.3365104930199978
22770,-0.3737264787950014
106821,-0.13984433268499608
17993,-0.13673688624999158
108153,0.36295223377499974
74237,-0.3954085782899952
75705,-0.12481936605000321
14175,0.26148586472000135
76932,-0.23192966116000324
69572,-0.3149994321950045
212108,-0.2730167542799995
20592,0.6058026602150006
12804,-0.3860622877149975
218630,-0.3554305665849986
12827,-0.6021560524849967
243755,-0.48650338224499645
218441,-0.3859190232550027
19009,-0.4954828864500005
15939,-0.4235774778200021
66442,-0.19664167818999623
12339,-0.2740191770650018
23920,-0.18586887975000188
74257,0.13137410770000457
246746,0.17751368711000026
68668,0.5155095688999998
20318,-0.12068689790000597
72947,-0.4051017154249994
16423,0.10851320429999589
71706,-0.14736058601999602
26382,-0.19438577492500286
16816,-0.3711734729449985
66492,-0.12076256950000008
75786,-0.2042084774749977
19655,-0.15987502726000002
67136,-0.28155505949499826
13665,-0.12550519817499683
30948,0.1311177662500036
74424,0.38171800707000125
225995,-0.1796165045649989
15289,-0.11577070130000067
235435,0.27558420804000416
233826,0.38558291051000015
16324,0.5281835048750048
54153,-0.353367374764999
209586,0.10341411000000633
66092,0.15235937310000125
22130,-0.8005471759649998
14800,0.3013666198599996
12523,0.1318648759599963
11692,-0.33289589951999776
330222,0.2821141670799969
239083,-0.3253876222950005
12753,0.45063932807999674
353170,0.2421356187600079
16535,0.39679888789000106
381246,-0.48134797688
22019,-0.4329003637450004
12854,0.3293554034700046
78903,-0.4733081130350021
74102,0.3816294592
232925,-0.3680585979350006
77938,-0.1640627780500008
276905,0.16293224167499787
117160,-0.3723808356499996
11491,-0.34902172803999765
108664,-0.3329179157399995
171211,-0.39941539126999803
70160,-0.12792362569999405
223920,0.2865931525249996
22709,-0.3811950357399967
16533,0.39237959491000085
16665,-0.50356591186
66271,-0.3585293882300027
56436,-0.13781283708500247
12944,-0.3820588152799984
22259,-0.26610988330499996
68846,0.3964738879600018
320095,-0.2512973337999993
21985,-0.1334674382499923
64085,-0.27857459709000043
71733,-0.3412222928450017
215854,0.2650048359300001
66175,0.2680738701900047
109731,-0.37090993966999886
171469,0.34614386399499963
382118,-0.5479180585999979
56741,0.23516627600000195
23893,0.5633719074999997
320495,0.18093351911499944
21763,-0.4042983867349994
12235,-0.1675193230999974
269109,0.39236405174999955
76915,-0.25605416148999804
55991,-0.10580195669999881
243025,-0.3904287600700016
77446,-0.24212814036000063
12825,-0.3450223693349965
75746,-0.29426873688500077
232334,-0.3274967470499961
13011,-0.2581580993100001
20597,0.12584060510000405
56407,-0.1600177256999995
94109,0.24847611728000052
244650,-0.4736237130449972
17288,-0.3777084707349987
109901,-0.24098694832500023
69085,0.17437814769999882
12494,0.18288963033999472
140630,0.2923259695749998
54401,0.11100109558999804
72739,-0.11653337489500082
66084,-0.13770791824500073
17159,0.17040213830000006
246229,-0.32343149313500064
76459,-0.2901858337350003
66964,-0.5312805193750041
239283,0.40656862733
23888,0.494503648929999
19725,0.38143866627500156
16598,-0.18402987049999275
106763,0.3544092946200017
17005,-0.35696230181999855
67665,-0.1311914021299998
237353,0.2899236382550012
20544,-0.168961463979997
68021,-0.12899193983500012
26886,0.3753173561650014
99035,-0.38443028098000154
67197,-0.18005030486999551
65254,0.23915072745999844
68867,-0.3947426780299992
216766,-0.1147004901449975
382913,0.22503263775000137
16494,-0.3573153341099995
15945,-0.26479221301000155
21834,0.32144868771000024
20405,0.14036855927500014
16590,-0.33311172645000076
225030,-0.4074488002749983
68119,-0.39358715762500385
11610,0.23213982442500303
665270,-0.42733969595499843
110380,0.26174058010499923
68591,0.20660249247499962
54364,-0.3410174271999997
209737,0.2748550671000012
320685,-0.3618104342900015
60534,-0.29327066859999906
67255,-0.34776424379000037
68527,-0.3925660831499984
100503884,0.28273683185500165
67693,0.09760487910000393
381644,-0.17531427514000253
56644,-0.18550980015000107
73137,-0.5623322778449973
192119,0.14519446582999684
225055,-0.28623675517000446
233789,-0.11999376147000085
71156,0.31674075377499955
66606,-0.19636627579999733
319504,0.4058629423199993
71780,0.1787531760400043
18436,0.20260616025000822
69671,0.2905320456550018
66464,-0.23377652176000296
73693,0.4653963079450003
52846,-0.24974493889999838
18128,-0.4239218369099991
22689,-0.3301828694350002
13706,0.29531270207999905
68475,-0.15577608765999962
241989,0.24688299950000125
230674,0.15761218987000092
104625,-0.1298718692499996
269633,0.3189786444850018
19184,-0.14591633377000157
74197,-0.39842816492499633
54650,0.3074852196050033
226090,0.19527155996999923
110173,-0.17577516655000114
67857,-0.11703349422000109
234374,-0.1494416147899944
27052,-0.34291506459500276
17060,-0.17358420569999566
16562,-0.24653698724499762
20588,0.23616885900000817
232714,0.27498782671500166
16161,-0.2982178427150002
30941,-0.31043230357999896
69038,-0.12746207619999517
21345,0.21642695820000313
15364,0.3255105176449993
53975,-0.25210621360999674
319601,-0.21998772417999568
19277,0.18690878377499942
19175,-0.1378967052999993
20842,0.18473719825500456
26919,-0.30494209316500154
18044,-0.46913481570499904
21813,-0.1618792410999994
71365,0.29253740060499833
102595,0.11007932830000478
13175,0.4195146065249995
19183,-0.331906197965
66202,-0.2639392093149997
620235,-0.326745271810001
30045,0.17740536852000233
211007,-0.13404470044999428
67671,-0.10171190889999338
83428,-0.34835565906499966
50765,-0.3219883900950018
14182,0.26007386884000105
244867,-0.3936332781749998
245666,0.35593870525999804
67041,0.12905445827000328
19708,-0.1649433299499936
56274,0.28153479937499704
18036,-0.14190618632499685
242864,-0.23329546968499937
53413,0.35740174400999924
503610,-0.13513948734999914
54634,0.39542456146000093
114654,0.32732822025000363
433099,0.32732822025000363
66590,-0.19862688986499677
268345,-0.3186777703349981
66292,0.16300578029999713
71954,0.258290189040002
18772,-0.6282245375450008
12490,0.2730389562850011
65107,-0.14261743294500384
408198,0.33280749627000095
80743,-0.15518172768999428
23928,0.3072507833050029
108911,-0.20300970749499747
381476,-0.46291976176000205
280408,0.14184018345000204
239102,-0.6626231032950001
209212,-0.21710211045999905
22177,-0.1861071226999993
677296,0.28710969827499966
14677,-0.44758625659499973
14473,-0.3291041030700028
22786,-0.2987847274549993
19701,-0.30797249016499606
11444,-0.28034671063999994
108760,0.2729609597900011
17708,0.09773375839999332
17709,0.09773375839999332
12493,-0.1764532661500109
74202,-0.3586060793299981
75482,-0.3031246541049999
235542,-0.32947228102000015
231602,0.4501498594400024
231044,0.1991788501150049
20779,-0.3840091777499999
74201,-0.2078582021050046
20516,-0.36405327407499577
81906,-0.4144567195550022
71909,-0.15802440584500133
76223,-0.3411163628649989
19063,-0.3057547376250005
12845,-0.3075229308149998
266744,0.4566710477149982
108723,-0.18768246310000158
17089,0.41330849559999994
442801,0.22097781610500533
252868,-0.425422716645
110611,0.17557205216499483
58807,0.2894007595250052
320191,0.1496140053549997
381549,0.2602313594800014
12505,0.18437967188000037
101471,-0.3589804713250011
14255,0.19448022188000014
218232,-0.2931096888999969
16510,0.26908923290000075
108098,-0.2220391094200007
13437,-0.13761937914999578
27979,-0.15401912856999722
16601,0.25898814128000325
192157,-0.18872152663000108
76980,0.2650459779750016
243743,0.3326912109250024
241612,-0.8819452307500013
14236,-0.32615496998000193
320299,-0.497349084305001
24056,-0.16452725184499783
18815,-0.3820211314899993
56422,-0.17651586176000222
14371,-0.4188114334150006
74243,-0.22151022256000097
404194,-0.28592082210499825
232944,-0.18180296110500027
241490,-0.1431159683450005
57890,-0.2246227572499988
20874,0.3943621149400034
78935,-0.32667709848499715
13051,-0.24127555514499655
14178,0.30567273281500107
69568,0.20698017622500497
11552,-0.3656312694699997
93966,0.17646903170000883
14077,-0.3683342948899999
67153,0.16423417929999928
73090,0.5536991506899995
12311,0.2571701728600013
240752,-0.2732180263949999
69757,0.22793864427500132
353499,0.22793864427500132
320111,0.29185188272500096
100503879,0.4678788290800018
218977,0.40462789331000026
56030,-0.20143272067500284
56494,-0.125821121285
20019,-0.4272896680449998
72805,0.3210521632550005
234854,-0.201793230629999
228983,-0.17365366645999813
69837,-0.3665453028200032
50505,-0.33865101336000514
217203,-0.21785073142000044
243911,0.32425956898999964
30878,-0.2665334591949984
56708,-0.3937190836649975
72787,-0.32572972632000674
12985,0.446160262689999
66797,0.3315576262150022
231413,-0.2015614494699971
19305,-0.46782574724500314
68980,0.1165468312750022
17095,-0.11653965334999761
83770,-0.41734320718000095
242248,-0.20527209090000298
268721,-0.15927859515000087
11694,0.30295197714500155
211914,0.3269724174900004
76701,0.31030926157000227
17242,0.330217863175001
17268,0.222180604564997
330817,-0.11235218766000088
57319,-0.14896256564999533
230909,0.40085719061999914
140887,-0.1780973017149945
74716,0.35117509120500223
66840,-0.22903170549499485
216825,-0.32457149587500034
56787,-0.4284700988400001
329003,0.2757312741950022
18861,-0.31177801409499306
269854,0.1465991260800017
71514,0.1203385195000024
12819,0.44192288787500145
18751,-0.17742797155000112
18643,-0.1949396997499946
26404,-0.2980776821900033
16995,0.17899940580999996
30934,-0.40565457390000237
17906,-0.4572077340500007
66787,-0.21343150407499678
73178,0.11257747291500131
11419,0.42776687110500244
170461,0.333398609790001
71096,0.5363011169149994
227288,0.2186066018550008
12904,0.2381656196250077
329910,-0.3663913064749993
12153,0.275848293899994
67134,-0.13293941039999702
13839,0.20357054010000297
230027,0.33724434673499903
277978,-0.3105897097149981
68187,-0.6931069868600015
75612,-0.16712048199499563
20464,0.31417898216500006
66213,-0.18864713730000027
236727,-0.27613322316999867
320714,-0.35520165287500305
57911,0.4778135988450014
76920,0.3410685526950008
52055,0.2246242441649997
233912,-0.18806122045000073
66491,-0.10797943734999826
75083,-0.10797943734999826
269713,0.3324816391649996
14103,-0.34074671394499845
26611,-0.38516109995499903
67249,-0.39630987851500343
116847,0.31265881569500076
271209,0.321046131934998
52685,0.22260734744999766
74435,-0.31466464605999667
67057,-0.17410888750000986
71619,0.4237169569449999
57320,-0.13744179779999577
16969,0.19070365728000027
98363,0.253195000669999
14693,-0.1488136733500003
11772,0.3145402182999959
12359,0.17872972029999978
76799,-0.09359921924999881
109242,0.25672938845000104
235283,-0.31680773723499733
140795,-0.38640703439000035
223770,-0.4346002647450007
12826,-0.1355297356300018
381410,-0.16978601769999813
207839,-0.12588210674999978
15162,-0.15177489724998772
233876,-0.31145573671000104
107513,-0.10696835500500157
77578,0.24942021174000129
66626,-0.3715457137600007
68183,0.11823837185999864
12032,0.38161028289500143
66894,-0.15917332679999951
20672,-0.3434499081449971
18201,-0.16930169119999583
17237,-0.19783171660000143
245049,-0.28602200805000155
56706,0.27847737929999905
12449,0.27546089215999814
69035,-0.324094805159997
239546,-0.2285645567249981
83672,0.18394835545999655
11735,0.36019611205000146
214305,0.4160398414750004
269514,-0.609593136264996
331004,-0.4245329624549994
319998,0.19685622921000423
12540,-0.15500213079999448
50928,-0.2374737175450008
73435,0.24921562175000211
18795,0.3472090834649988
78634,0.32190549442499794
14583,-0.25166628037499805
232288,0.32063317166999994
216643,0.3012148868700031
68312,-0.37085148343000096
239017,0.4544180665299993
240518,0.30554767123000115
77704,-0.49409986999500166
67709,0.29357829366000043
12545,-0.2806802511499997
67446,-0.3113008999650031
12836,-0.2847072211750019
407821,-0.3858727348300022
277939,-0.20463656008499598
225348,-0.37947694724500014
224613,-0.3151062551800008
13656,-0.29533709076999903
217232,0.34252799900500364
70248,-0.1339975608750006
12374,-0.3229151611450014
64658,0.11371310379000121
69912,-0.5651897459750019
74559,0.1397306232250024
19092,0.290100181125001
68794,0.3081717433049991
72522,0.17252095667500278
384997,0.42108354349000177
208650,-0.3633162799599976
52906,-0.1202360842100001
319239,-0.28026589706000093
319660,-0.44752453252999924
245683,-0.329460439305
225638,0.26021639907000127
56696,-0.12440601039999599
353047,-0.1736056612599981
240665,-0.2511130136450008
22116,-0.3101859818699966
101943,-0.18685245909999715
103172,-0.10365085765000259
73945,-0.20220059095999865
12873,0.3491987364099991
56844,-0.11260621569499563
16188,-0.13603734850500082
80976,-0.22266100305999714
14055,-0.13049766754999403
73467,-0.24073721214500043
100039781,-0.34278219289999967
70843,-0.32291932974000037
338352,0.3836230075400011
15223,-0.34003661791000006
78651,0.15739281365000402
54120,0.27935369294500223
12332,-0.12203069015000167
234407,0.1298292839649946
59041,-0.14279671803500094
16573,0.3375810420699974
211896,0.4545445601450009
270198,0.12323987044999996
83813,0.39169046751000547
239618,-0.2709003308500013
17912,0.38959555363500264
12121,-0.4199784065699994
234086,-0.36313402109999693
109093,-0.4740282433299985
225861,0.23652827778500196
12267,0.38920901185500423
67515,0.2198293754549958
76294,0.2472468622250008
233189,0.3429376227300027
380921,0.24371308583000317
381677,-0.2310305232599994
20775,0.3105497865199993
71712,-0.2995887570849991
14489,0.2060620500199981
64144,-0.19895571469499806
332359,0.24358529217000013
229782,-0.28309346269999835
74204,-0.2709104599000005
245469,-0.3762157349949993
53356,-0.12486097199999868
230857,-0.29328137498499895
67295,0.165840422659997
50490,0.2724650427500013
67821,0.3569022559400019
210789,-0.27583287017499813
74374,-0.30571839302499537
76551,-0.39298617357000065
414801,-0.12612330879999867
22235,-0.1372014754099986
227485,-0.34308683998999845
214704,-0.3305642683750012
50781,-0.2983996839150005
67112,-0.30632787879000034
227525,-0.1578718489300064
227357,0.2198888003200068
319719,-0.22791577547999964
20563,0.43173415760500156
66230,-0.13776316099999875
56699,0.13420751940499898
268527,-0.25230488083499836
11988,-0.4842549474099993
17480,-0.40445721856000016
216848,-0.16035466634999374
29820,0.43190280639500145
237781,-0.3510498596700016
67974,0.3163278989949996
20361,-0.22441332131499614
12293,0.24142881204000188
208936,-0.2712174849599993
240590,-0.2624233653100019
11501,0.19721012995000287
21337,-0.2405362036999943
243923,0.39436232228500145
17450,0.2767374209100013
18933,0.3827778009099996
26361,-0.19681867282499743
12802,-0.15932882970000328
11704,-0.4069954986099966
233532,-0.28048515060499923
11804,-0.1256706460100041
242642,0.2879935723150009
16414,0.13963394610000002
207683,0.3979480314550008
11861,0.24433215689000853
217716,-0.39302751902999944
320438,-0.2669143039900046
170828,0.41917649851500016
71984,0.2706257647700028
21399,0.25176607852000643
14658,-0.47052335293499725
232414,0.41342221146000213
192192,-0.1521261062750039
328949,0.2851867554199998
50927,-0.2106295058450005
170760,-0.39178650703499684
620709,0.23940546850000644
241639,-0.2909032665400004
338403,0.4413136330900014
58170,0.2533195019650005
625098,0.29188933690500196
14272,-0.1328316219500003
108073,0.37540701028
216874,-0.14847970899999474
73744,-0.20416698919500043
75646,-0.4130546821550003
73388,-0.26065696594499776
102058,-0.25828850850999885
234371,-0.15052159550999633
67248,-0.11391744119999281
56041,-0.1618011564249997
50492,0.35653769621499976
26912,-0.37840007792499986
57317,-0.15245087886000164
14601,0.29968170432499885
69080,-0.11742294416500165
76295,-0.42128441844000264
14700,-0.1470967046349969
72895,-0.13515943645999862
57340,0.29166582721499745
64656,0.09237590905000559
69922,0.1934810507450031
320116,0.3290460398400006
321019,-0.29564106402000156
231296,0.23503653581500217
67493,-0.24799565823000602
56531,-0.44102884773499706
259301,-0.29385040961500053
238021,0.381430995085001
77951,0.2756986952399991
17350,-0.158313151345002
240776,0.3950649152949999
233529,-0.08898265489999702
547431,0.23089848927500078
21952,0.3041943532049993
243312,-0.3350399504700001
272382,-0.18450082415000502
67702,0.15579373014500142
66871,0.3018542609250008
12614,-0.28054774385999526
53421,-0.1090258237999926
22253,0.3535546234199991
73852,-0.16550887047499785
17713,-0.09478735009998829
619301,0.24378040284999436
71233,0.32911068984999936
381591,-0.3209146922899997
76582,0.11569193989999604
231863,-0.2550069570700009
224344,-0.14917506580499884
66373,-0.1703313766499992
68259,-0.1860769413049983
56222,0.20246156271000348
22129,-0.11587171954499631
211480,0.39634863498500206
446101,0.2905106308950005
20356,-0.336684922129999
18760,-0.37919807788999726
53871,0.4149344900699976
109222,-0.43314736880999627
71750,0.11542824299999843
67382,0.2505917331450025
77767,-0.2882842969499997
57246,0.24422106251000075
432628,-0.14628301180000491
18441,0.22942760840999732
19139,0.12265713523000876
19229,0.1406737670000009
11443,-0.3240978552049989
320415,0.12901106599999856
108960,-0.1574044574999931
76709,-0.15637832200000545
54126,-0.13026139669999282
27362,-0.3226735177199984
57247,0.0968972578250007
20520,-0.2773353822449973
13543,-0.20151886816000175
75469,0.31058417284500095
12549,0.3843312899549991
17898,-0.6169318867749953
208677,0.31459823648499885
50771,0.24606028833000604
235567,-0.23525149596000006
18974,-0.2719643718949962
66857,-0.19007158010000147
71682,-0.18652909257500383
276919,-0.4534612795950048
378460,0.20775048515000272
16680,0.35302013261500065
21925,0.4544821314299998
67834,-0.17195127928999554
449521,-0.28264922364499867
243961,0.2368076578049978
14311,-0.28592905638000143
19253,-0.12500936010000352
241516,0.31574690622999935
74198,-0.14417125625000438
381338,0.3287054514900012
272359,-0.38092395550000013
56096,0.38670749258500114
71793,0.15252956828500075
217316,-0.27438540731500005
26403,-0.15938698120999817
353310,0.18022319775001172
224008,-0.46273300568999964
212933,0.34059889014999944
232807,0.11351543780999584
20306,0.24901900418500045
53761,-0.24028591381000375
14389,-0.2831070487999994
21930,0.3903845933950012
12062,-0.29635968300499993
218506,-0.2888330292250023
50518,-0.31067338891999663
54122,-0.2913127309599979
26363,-0.2695716645949995
238266,0.36678835649000074
20612,0.2229110423300007
18633,-0.09641744457999835
13640,0.3080070683550016
19226,0.4417178974750007
242585,-0.2621185630599987
59036,-0.16693594007000012
66374,-0.24132895699499635
53376,-0.2847235812150002
14186,-0.34469086654499925
237362,-0.22867704077499607
434377,-0.2761564258399991
210146,-0.4620275899100017
15110,0.28813134441499866
192986,-0.19961420443999867
69780,0.18247984864000344
214459,-0.38233535737499835
668433,-0.29228938628000156
16770,0.20648983124999898
54380,-0.15080470967999915
12068,-0.21194855138500301
433899,0.17231567518500102
56072,0.41165397186500297
70472,-0.33685820108499875
235169,-0.2810109561099985
230259,0.4138372665300025
59044,-0.13547399009999772
68666,0.20132720363499912
16987,-0.27038396482499927
74320,-0.24015604929499546
234700,-0.299173899945
623503,0.3001745213000033
338417,0.2595534322949993
214779,-0.30913800194499963
70207,-0.35849503950999484
170720,-0.23316485281999633
353344,-0.2627935901250007
14221,-0.43206438004999637
13838,-0.38573695856500034
93960,-0.37147948342500126
13448,-0.13917796199499577
14617,-0.4329257144799996
52184,-0.37337494211499944
11980,-0.17207602947999767
66660,-0.16755915549000377
382051,-0.20889157435499683
21884,0.3561811495100011
66140,-0.38736034728499824
20378,0.36341934677499843
20493,-0.36782757591999626
15487,0.4053910424550038
230673,-0.090097755635
73940,0.3348801732200015
72946,-0.13884595519499854
271844,0.3351130981149999
320808,-0.3582240412449993
214162,0.2869026532949963
56314,0.16462918793000192
85031,0.32534739796499856
98170,-0.24574330954499946
320343,0.3039900786099974
14739,-0.25706233623500285
227522,-0.2655407507599996
68895,0.40627767730000164
208198,-0.4312110941149996
22408,0.2361689042450017
70118,-0.31067318024999846
19692,0.36081076561500236
235050,-0.3156816962049991
20860,0.26817059199999793
81879,0.4840591209800018
21785,0.25081922671000045
66932,0.22742047534999976
110058,-0.5351959642449997
192231,-0.13588540696499862
225160,-0.22964173703500013
231672,-0.3418457715299974
99296,-0.38686457035999844
66844,-0.33566544341999904
433091,-0.3068045304399991
78255,-0.1262344106400004
225289,0.3988849173549971
24046,-0.2668782961100016
19218,-0.23303992055999823
68939,-0.4949785590399989
71761,-0.4278238802849996
14060,0.16134801574000157
70209,0.13119019981500024
72554,-0.1932528721199951
276952,0.44930313828999946
326622,0.16503488490500562
18002,0.1108428551500058
78733,-0.2384652419799984
140577,0.29728833822
18166,0.26838797406000037
76987,-0.2461772817849992
74762,0.3324753418399977
66530,-0.09463491969999716
320951,-0.10697975764999512
58172,0.12184188460500067
545975,0.476913526724998
230796,0.3529969381049991
212190,0.3008200759800008
385668,0.7029600309950004
18799,-0.51102677056
15288,0.3771974433249987
12040,-0.24955770611000183
269275,-0.2450977740099991
67889,0.11309715853000313
237221,-0.2777272617449995
103988,0.2512076479200003
545798,-0.24967000917999949
50501,0.4357486059899993
319618,-0.1701843335249933
21953,-0.1697287509099965
26936,0.1406512518599996
16649,-0.10568876277499761
100689,-0.21415749395999883
20650,0.2596759490100018
74477,-0.14373338227999888
270624,-0.3246323662099999
238896,0.19467081306500145
66413,-0.11308838691499545
239570,-0.08336011159999401
71807,0.14291197239999853
80744,-0.4090730062600034
12467,-0.3415729156999996
70779,-0.1936297659299986
69185,-0.2693473523900005
71458,-0.12408279807999989
108961,0.30572182529500225
211660,-0.4094463777199966
75292,-0.14238141889999767
338369,-0.28852011912500153
242960,-0.4419522348499969
381413,-0.35002393356499795
15431,0.2802200719099992
268932,-0.38892238436999893
69576,0.3867093696749979
19735,-0.14988086490000718
57258,0.24477711023499893
433766,-0.37940990726499946
140742,-0.13800981380000543
18983,0.2878230775299997
238831,-0.23505491587000105
57254,0.20947059935000123
237860,0.185711405810002
56258,-0.1538087230999956
75563,-0.23841658702000323
22035,-0.249397852215
22412,-0.2855173976849974
64435,0.20852059048500315
52276,0.29515451733999853
385354,-0.42652337961000164
110310,-0.26567553916999875
54526,-0.5735861976999974
56720,0.35084283599999955
14767,0.24528626449000024
72180,-0.1790352342799979
103583,-0.12214312315000164
26556,-0.28454955643999735
22377,0.10688149629999977
21750,-0.14540071597999749
78245,0.34307655947000004
13429,-0.3517605617000008
19374,0.7315349358650005
69270,-0.3140264975799969
15384,-0.12626043230000228
14584,-0.3881058239299984
67182,0.15344781824999565
19227,-0.33840491384000115
104027,-0.28232708080500135
100039672,0.4254703039500005
237091,0.24090334882499986
19771,-0.268260673059999
12161,0.350837239715001
17199,0.47903884731500224
104082,-0.30992695752999744
216049,-0.30596065167999953
20500,0.28421974601500066
16776,-0.26415535247500177
16658,-0.27947084311499726
225523,-0.2816385900149996
17928,0.13947740036999923
12945,0.37045126527500205
17183,-0.3313761415500007
67369,-0.3663716253349989
78321,0.1642682852250017
171170,-0.29083206294499586
79043,-0.10446552030000866
68646,0.22881936659999624
12568,-0.31879673694000044
15204,-0.3511683041999998
78286,-0.29854529989000245
75826,0.1189408283349973
70325,-0.41300122788499927
217653,0.3575745315650032
98558,-0.2720150081499999
13494,-0.1688021667649986
381175,-0.30150656166000145
18041,-0.3165267834049983
68510,-0.14568791096499645
70673,0.40091519237000073
108934,0.1252279525249964
21855,0.0987519138500037
240084,-0.3068474402200003
20399,-0.19218138722999534
194126,0.24820397754000068
277343,0.7445649739749998
69596,0.20599434124999938
210297,-0.31159362148500014
17992,0.1333748843999949
210801,-0.24433283945499662
51796,-0.15769513550000624
212070,-0.348756164225001
19362,-0.349688167964997
30927,-0.35206051467499977
338371,-0.16373891219999592
76378,0.48252686030500014
12340,0.09734557209999828
14595,-0.09688805410000079
67689,-0.15055733890999967
108072,0.35776496972500027
94091,-0.1744743847999981
73683,-0.14280621795000137
207742,-0.1648277919400014
52686,-0.27335179892499983
17254,0.10474568240001148
66848,-0.2902144883899984
74469,-0.14404032713999904
12539,-0.11286491920000508
54123,0.2651505563500045
74322,-0.1253817134450017
24075,-0.11384436960000066
18720,-0.103374267485
170711,-0.2799634068049981
19247,0.09374051674999784
330662,0.4880656068400029
20975,-0.346725746439998
70571,0.2959897035550001
18472,0.0922002225000007
66170,-0.10738397106000086
12310,0.3684932461550008
14431,0.15624376037000154
23917,-0.15820744761500194
192169,-0.14282704942499969
69542,0.157353056929999
15893,-0.31135343236500157
21929,-0.3864403475699998
66089,-0.24096019062000007
58175,0.21239323914999986
64292,-0.09039109299999737
15206,0.21483742568999986
17909,-0.20670973052000097
72823,-0.2125526264899973
56187,-0.41021698865999756
60531,0.25839024186500037
12448,0.24956853845999927
57765,-0.12519343743999833
233726,-0.2575342680649966
384061,0.3362070144250011
18094,0.3430704528449997
66771,-0.1204482435749954
74087,0.322435700445002
20855,0.2592900855650013
22608,-0.1002353914999965
73750,-0.2189722123999962
23887,0.24970329534500202
17929,0.22954987069000143
17931,0.14369140984999262
71934,0.27667476162000026
213068,-0.38109550050499763
227394,0.24048324577500146
332175,-0.42070062454500334
76246,0.363201658655
78797,-0.09484790629999296
233801,0.2545701771250011
11936,-0.3391630987299976
12821,0.2871904417550031
67454,-0.44636406797000294
21388,-0.23286215970000024
80902,-0.3534981570799989
67588,-0.3252735382699985
20927,0.31639771698000274
14007,-0.1099425017499982
114570,0.42363149019500046
320974,0.40685575782500116
108012,0.18040221048500005
67429,-0.24591176398499925
380601,-0.21467013284000203
20658,-0.1476481546499997
71481,0.32563941582000133
107586,0.1440074968999987
14048,0.1592625506000136
19221,0.3147759661350005
16897,0.22396117985000208
234825,-0.09852986450000145
207375,-0.27108281988000016
56012,-0.24697767461499875
12163,0.1594322785249993
93686,-0.4590819203249987
69453,-0.2917789142849987
27681,0.0808676268500026
21425,-0.15456013292999682
71777,-0.338758195679997
76411,-0.33099328183000054
14345,-0.2707689325549989
72459,-0.15111919567499754
13007,-0.10037533509999541
20602,0.4379518964849982
666468,0.3076868076600001
108151,-0.2740114786499994
242125,0.43811473937000045
21410,0.23088272880000016
23874,0.15199707466000056
170740,-0.36161431727999904
27059,0.501777833820003
14088,-0.39161489075499745
11303,-0.2639102845399979
14400,0.37978971740500356
69297,0.3779642168900015
18640,-0.24459442330500103
320924,0.3504361412550008
546071,-0.26852990227000006
12504,-0.11532752600000151
14788,-0.11532752600000151
12550,-0.1895604363099972
18676,-0.25333375614000175
217031,-0.2735674859300019
67302,0.22091071173000287
227674,-0.1673636846500024
171530,0.26517959615999853
20191,0.2917475371300018
329260,-0.3982158905199995
15569,0.37240014807999966
77407,-0.1006567204499973
114641,-0.18249401054500147
68693,-0.17175946766999672
58229,0.23357926240000237
27406,0.10559734408999866
240131,-0.5699189288000008
239790,0.1861496778999996
17393,0.3214260140500018
226180,-0.18108929201999224
21677,-0.28326360785499816
81905,0.27515562315499986
67824,-0.2587210176649979
94253,0.19080057024999952
628100,0.22311699805499696
11364,-0.1344876280299978
219026,0.18231840262500043
330189,0.1819004294749984
68703,0.2789797482599994
71966,0.12000387423499781
66704,-0.2657374890349997
319625,-0.2560814640100011
97287,-0.12701819043500073
53607,-0.16801471599499784
140482,-0.1448004836349952
110109,-0.2333275797699912
54483,0.14786014348000442
18792,0.464099347169999
329470,-0.2556761552649993
622645,-0.3548215030899997
171463,0.23796470411000037
503847,0.25553230088499923
52830,-0.11652208405000763
231821,0.10210479029999497
75986,0.30781645051999895
208613,0.24114330196999756
78928,0.1525623596150023
68142,-0.190991946985001
29863,-0.3951103494649968
58250,-0.33495044832000076
27392,-0.3056341798499975
68953,-0.08188172498500101
16201,-0.42049165519499887
382034,0.28690887073500004
20873,0.212138992405003
12231,0.17494360635000028
11484,0.4966057635200012
21406,-0.17637175865499888
58521,-0.10229240579999299
209478,-0.15389316957999633
17966,0.2475831125600001
14715,0.3529174248399993
231668,-0.4738252454099996
330119,-0.32136779542499827
71474,0.21524340949000198
72667,-0.26773496030999944
606496,0.0985863259999995
99237,-0.17290347283999452
319909,-0.49916850341499863
171504,0.19052219581500296
72074,-0.2579427990350003
73379,0.25474996798499916
75540,-0.31180780882499803
231474,0.3314572717099984
69020,-0.15439349712500405
330192,-0.11355960840000279
435286,0.24439671597499935
22272,0.13429367314999752
14706,0.2035389235300027
140475,0.29265914546000094
23829,0.36585313789500207
227933,0.3177522581450001
234729,-0.3895218626649992
18218,0.3762907015100003
229699,0.4753691691850017
243912,0.3049699914400028
109151,0.31479046442500724
71768,0.1468228862000016
15478,-0.24921115988999842
66096,0.0960325478000037
80794,-0.19664626117999706
22421,0.27192107737500226
56275,0.16652459960000066
320633,-0.3542906579400009
230936,-0.36862641025499876
227867,0.11266056680000247
51786,0.21330716375999792
12168,0.22052827024000088
75953,0.19589564268500137
18993,0.38224134421999967
11803,0.4416561420650007
13072,0.30758039327500075
18706,-0.27773328663000285
12496,-0.3685560658800009
14799,0.23270050240499884
65102,0.11179169120000232
11812,-0.32812293496499745
70788,-0.4282616692749981
71206,-0.5336901608850004
105445,-0.28041436122999963
26561,0.3445248301949997
14106,0.28471930593999906
76893,-0.3141733327849945
80880,-0.30383275968499923
75495,-0.3036949855750004
791260,-0.37022678373499884
55990,-0.3685213013349995
12623,0.28030867839000173
60533,-0.29232824526999934
83762,-0.12146549889999747
194974,-0.30093741445000166
244962,-0.2382272944399988
27274,0.22047367744500068
20981,0.3084388056300007
18781,-0.23359032391499968
50934,0.1721377560700006
12401,0.25213793249500016
67402,-0.2667478178699909
110213,-0.08535627439999693
114663,-0.3372756841900042
215436,-0.24881500172499704
11847,-0.3607883564049992
330820,-0.34928216849500027
100855,-0.14658649509999577
105298,0.2716685502450007
17886,0.16965597200000637
12892,-0.3576647127949997
71146,-0.19053430332499754
74377,0.3430759906749987
67569,-0.21630142220999948
208990,-0.15191224182999985
18018,-0.1394200968000021
234396,-0.2926347291099969
12556,-0.26059628048999883
12558,-0.47031189213999713
14013,0.38663594171500293
66311,-0.2557042079999938
71999,-0.1766260307950045
17101,-0.2671577754600021
64384,0.1271395317449997
15370,-0.21077560399999484
12176,-0.1766329876149939
50799,-0.2336954792050001
68795,-0.27407153471999735
21812,-0.1277364909149945
20505,0.44082329384000385
75869,-0.1283564916350013
21401,-0.43562761978000175
228807,-0.13398628732999995
83553,0.3755987641699994
217827,-0.3349059886300001
50817,-0.3210864122349997
68564,0.11807885300500409
14598,-0.34839369593499825
71340,0.213034510564996
108837,-0.1302135612300006
20284,-0.3098122218650001
18302,0.32195358253999906
13195,-0.24489122330000068
16402,-0.181119498790002
75560,-0.16512858282499998
14525,0.26209729198000087
69306,-0.2169036750099984
257632,-0.25173745195500086
20017,-0.2568638514499977
14428,0.21171573526500165
19328,-0.17802210357500048
18591,0.17504505601000275
106326,0.1484289533100025
108069,0.24817112433499933
77744,0.4278725089149997
387515,0.2581632007900021
272381,0.43797637021999947
53602,-0.11883548657499965
67832,-0.1540095955100007
17191,-0.092556263350005
68292,-0.13876070527500062
20193,0.14912509370000215
232187,-0.2338282626549999
224585,-0.21323906053999675
13193,0.37681671299000064
72480,-0.3278334664000022
13872,-0.30944632244000125
18424,-0.3404322703749987
57257,-0.2940137104250029
228839,0.18354738084500077
93735,0.31332108094499844
66423,0.3925441628349988
15936,-0.2686908132099992
54338,0.1815128077949999
74549,-0.22539156627500123
208647,-0.2626762083550003
67264,-0.09131306674999884
12554,-0.210258142994999
320100,-0.3180372176400006
17972,-0.12397014739999612
26942,0.25251685060000106
72162,-0.18904884538000033
208169,-0.43600876623500007
76507,-0.239481698365001
12562,-0.22824962889500044
77485,-0.2631411908150012
227099,-0.3808203237599983
18770,0.4636755716549992
245572,-0.5564365247499943
78772,0.27481526372500165
68614,-0.1326076726549985
18130,-0.2911715571799993
12159,0.28506791308499757
235472,-0.13337901279999897
14248,0.13591081284999795
13139,-0.17397312389999975
17127,0.293712725164994
18099,0.09678804128000174
22225,-0.1317532975500022
57757,-0.28192128434000097
101706,0.14280650885000412
241636,0.34940976506000165
52463,0.21320245507500246
268930,-0.12118979857999967
18173,-0.14530719625500232
19434,0.3189023687700012
54403,0.41319851185999834
72425,-0.29799437699499887
210356,-0.2943723017699984
17882,-0.5304271721
66945,-0.12968635359999325
240641,-0.2697760113499976
12577,-0.3214903475699993
54208,0.11384838519000162
63828,0.3263459071200039
22334,-0.13868528849999961
70997,-0.1601982982599992
66375,-0.12006935715000289
18807,0.09303306202499861
16522,0.2182243363100005
66190,0.19150552741499638
17189,-0.4977744586300017
213773,-0.373030177215
107375,-0.2997974959199974
237988,0.29543656880500446
24063,-0.22936838978499896
27418,-0.3272593778299999
101613,0.2928000986349959
194952,0.27860999659499885
114715,-0.23421443735999903
13490,-0.23209569725000012
99349,-0.13062303024000244
75398,0.21373169607499953
327942,-0.25392487330499813
382077,0.25772780152000063
11479,-0.39192060967499653
67184,-0.08880263280000023
66766,0.1509940032500019
108099,0.11954255050000029
268822,-0.08040772514999261
380924,-0.2198518711349995
26459,-0.2867164491649987
71137,0.3315627746099987
233871,-0.15510089624999068
17281,0.11736755905000518
30937,-0.13092081863999994
59045,-0.12884121629999967
54189,-0.3035249692900024
67298,0.23125441379000478
26408,0.22267969576500057
67071,0.22527731752499847
83671,-0.24027887595500097
232566,-0.22825368541000124
11757,0.12011804484000166
58243,-0.5154940606850005
24074,0.3010960886800005
11622,0.1751762733900044
432486,-0.26951200826499555
547253,-0.1443063395000017
67145,-0.12108184464999816
70086,0.25729225761999874
104099,0.24375218020000045
237553,0.2747041610900034
70052,-0.27314121635999644
17936,-0.1002158537599982
237256,-0.22243479749499873
20773,-0.18159853573499873
20262,0.39466476974999987
332309,0.20892510296000033
93891,0.3715027181850008
17388,0.3239684502500011
11746,-0.28672924957000223
74091,0.36032922630000197
15388,-0.1750319742249946
22629,0.13522152980000257
330428,-0.1965365043699987
100683,-0.23149092590500153
73130,0.14648253997500404
20132,-0.16192141965000095
209416,-0.12563702257499898
16539,-0.3043112848499989
30924,-0.2404351780450007
212679,-0.23550844454000064
104079,0.27603944828999705
239555,-0.18485037852499886
104271,-0.3799261180099984
72789,-0.3718424715349986
78894,-0.23674223671999606
244682,0.27661636112999943
75686,-0.22109878679499673
16322,-0.2465972844549964
11553,0.2851732942700016
52024,0.2135941545499982
52665,0.39656377836499956
71313,-0.28756505399499943
78751,-0.13222618406500253
217882,0.12613022435000154
56705,-0.1713853890449979
212326,0.20601199323499575
77040,-0.3571799416300019
227937,-0.21306696750999699
227634,-0.14601673372499846
74025,0.3911957920549982
67026,-0.2179678135900005
213053,-0.2829980305450057
23942,-0.13182489937000064
105835,0.13047765870000028
69574,-0.4579043427749987
14919,-0.3395952630449992
11481,0.1783521698300019
74442,0.193494530635002
107895,0.17954462480999922
192232,0.12139559867000571
244954,0.34740624096999984
19144,0.29325540233499936
216233,-0.30811789522500055
72039,-0.2547587460850034
67341,-0.32971383532999843
94227,0.28090787696500064
233870,-0.12064268990999771
66154,0.1078842588100084
224826,-0.18237497931999958
17925,0.11662165419999937
20832,-0.11547800620000359
27762,0.3235481433749996
622434,0.1764094312100002
378462,0.21464156427999903
18600,0.1478176816900021
239739,-0.17604769585499902
17750,-0.25979695300499994
216011,-0.2656617162100021
232975,0.16132304255000385
53861,-0.11625866781000127
78016,-0.2623487276649952
16911,-0.09716770521000306
109342,-0.242076337314999
19280,-0.15324660781499766
102632,-0.2931551268550008
171180,0.21456979600000015
76131,0.24169280790500203
16841,-0.23322148109999974
226139,0.23636093365500255
14360,-0.13252681259999832
58180,0.2795524855350049
216739,-0.46098232507500025
171168,0.22248016017999994
20351,-0.11511065515000318
216227,0.22847164704500056
14049,-0.1974069179749982
54384,-0.4275746041699984
216033,-0.21145901557000046
11924,-0.20726283740999918
235610,0.07606191885000868
80981,0.26152521400499396
327655,0.21521741599499844
242425,0.18383916155500035
17425,-0.35191171095500096
27364,-0.3166777775249985
234258,-0.26237510332500324
12862,-0.163221016605001
21427,-0.20381703127999895
69731,-0.11084046130000047
66353,0.17509261244000118
13840,0.2996545701850013
64050,-0.33061489882499817
20522,0.2567251020999999
50721,-0.13027084579999482
20272,0.49868131693000084
68743,-0.30539951434999857
208715,-0.09223796416000418
78779,-0.24554324414500162
70804,-0.40407188311999764
546726,0.3110578665549997
58864,0.22583818856000004
76217,0.3213706379500012
71701,-0.23496157090499992
73182,0.11296394852500047
12454,0.12366841324000255
668940,0.2549358364999996
214150,0.4159857615400009
24084,0.4159857615400009
19084,0.10183105874999576
12913,-0.39496592266999997
68588,-0.1897054894799992
320604,-0.2776850235699966
14527,0.36657252343999946
54366,0.24988462204500106
225363,-0.22934515823999835
331046,0.2543212725550008
80888,-0.29013417011500175
69726,0.27202175349000157
56363,-0.2924612024850015
67164,-0.46837357803499824
26570,0.3508383906149999
74244,0.12719847440000542
12057,-0.3533234875700013
18124,-0.12820121443000154
20418,0.25599240542000024
232227,0.13505972040500147
56838,0.33220649184000406
241520,-0.21227973183999893
320244,-0.19602744144999473
231123,-0.11790462904000165
20751,-0.10309103989500024
231832,-0.2049254162349996
53415,0.2520296588249993
497113,-0.28516740296
217214,-0.2428139604850008
16578,-0.2430457042250005
18628,-0.3133199399449986
73420,0.14434906963499827
239435,0.352409684585
215095,0.39040928140000064
66514,0.2529973515099999
16763,-0.22059535630000138
217666,0.21265541739500193
108673,-0.3061452804649978
16859,-0.14092514921999566
329506,0.22110492807500215
231670,-0.405894646800002
208898,-0.20038723828499982
72020,-0.23193606238499864
27373,-0.09886495015499719
118445,-0.3480208460749967
27360,-0.1661423079500004
53608,0.34776696774000193
70699,-0.1123656063349987
67955,-0.10277367489999989
29875,0.15133835425000264
11750,-0.09244049130999343
72049,-0.2554180704999869
18987,-0.14884479557500008
18741,0.2587564765650012
66066,0.09864446530000137
106338,-0.19595562220500007
20111,-0.13015049759999542
71287,-0.2333286989199972
19011,-0.24654830606999933
231580,-0.17505317658500275
101631,-0.22974936322999806
21810,0.1454593664499999
75914,-0.1970317838399982
171281,-0.3045064425449988
20222,-0.09722828199999967
12288,0.2724505389200025
227717,-0.2946714090049989
76843,0.36441444842000026
18563,0.4139715355599982
58200,-0.3511551659800003
59004,-0.3897322685049991
30839,-0.10242568709999489
14343,-0.24275992112999845
20475,0.2310409333250001
21374,-0.19411504906500276
14451,0.35928275294000045
22652,-0.23862147438499814
353165,-0.23188891240499876
69737,-0.20968589347500366
73181,-0.261783822554996
13486,0.11924968318500007
628779,0.31768191595500106
99011,0.2627091215399968
69792,-0.276423707690002
320271,-0.2577110819549979
106073,-0.09994094011999621
76306,0.19784976765500017
11747,0.12432642874999544
12974,-0.1174175042999952
109594,-0.21537174032999928
71690,-0.3172450548850003
380660,-0.16393872065999826
69660,0.15530356946499957
209018,-0.1682102397399987
494448,-0.14948024468500343
69195,-0.23381365926999997
67759,-0.08830071619999735
68520,-0.26723862626000017
233733,-0.2752209423749985
216549,-0.09090841628000135
54426,-0.25612468895999907
15979,-0.09184113899999602
66058,0.5108226660000001
78004,-0.2453356992199991
74376,-0.13752129223999532
432763,-0.16426363990499837
50850,0.0881052719250004
68565,-0.10874135783500272
13447,0.22673917745999894
319508,-0.32830776870499934
381798,0.24122720669000053
14462,-0.14446761112999873
16673,0.40364941258999965
30791,-0.1739234496049935
224697,-0.2758358438599968
14886,-0.10849517400000153
12846,-0.08356630859999825
214424,0.16787755309499897
30923,0.18247476236000182
382406,-0.2770304899599969
277414,-0.13223450680000504
76936,0.08841627394999207
194237,0.23988434813000037
78618,-0.1738743818000028
15975,0.2414363099850032
20382,0.1433375600299982
54343,0.216363381359999
14126,0.3474219429399992
11856,0.17670081628499812
76051,-0.1917014857549999
15117,-0.2345378249500003
114889,0.2603315415150016
18504,0.256971777845
545085,-0.2761274296200007
16513,0.2055734216449996
14008,0.24471244215500354
75782,0.2399172251349997
50528,0.24001764241500023
72832,0.48722981357999906
69900,-0.24656846663000032
72413,-0.19605108828999862
20834,0.2657676291650022
66330,-0.1556209754950011
385674,0.24768227122500353
230793,0.19252287409499935
12653,0.19464842826000073
214531,-0.36248264406499775
66997,-0.09287882480000142
16524,-0.16057844025999923
99889,0.17494518886499844
14810,0.23674181716999954
20416,-0.11049465477000098
18045,-0.3797878965849977
72772,-0.12804555527000527
21418,0.27327539774499954
12705,0.2895850269200002
67186,-0.07340659119999415
72338,-0.07340659119999415
107029,-0.1486566250500001
19283,-0.1905781992500013
19726,0.27101291365500035
23796,0.19962282747500115
26961,-0.10266523389999804
214112,-0.16875135837499888
27377,-0.2895451689299948
209776,-0.16078946568999886
76478,-0.08022604759999652
104443,-0.3252418663600034
15413,-0.240422345994999
226182,-0.25689904680499964
15442,0.0995009668999991
214899,-0.16549754771000025
267019,0.3225019542850003
338355,-0.12046248183499841
622665,-0.1882230292650009
272347,-0.187587338740002
269254,-0.13747664984999375
15381,-0.10664659514999819
59056,0.22372441462499992
241308,0.19234858154000278
12611,0.1786480853199981
12367,0.19936424384499762
14381,0.13755042324999778
320709,0.26614218745000073
70024,-0.3674948046549993
67921,0.20597935314999383
104831,0.16315457078500373
69186,0.1210595335000022
53951,-0.0913897859649957
208943,-0.3239516784699994
170734,-0.26593720761999906
235442,0.07728901449999981
209003,-0.11421669087999753
74256,-0.12215252567499846
66715,0.29358935114500273
237934,0.32045652882500164
68750,0.14613902677999668
17769,-0.1859894609399948
100169,-0.3354548457999975
17155,0.16584895173999747
18994,0.22878926657500331
109218,-0.27306546463999704
228140,-0.292122091095
56878,-0.11484536869999395
233276,-0.2811807506249995
73173,0.1880851317499994
70428,0.15859003465500088
14608,0.33355357487500115
329154,-0.12158112878999816
15572,-0.21807619128000333
22341,-0.39297543281999925
71704,-0.12053106719499418
320817,0.1440073118250016
17761,-0.30452449337000154
268448,-0.3121358239700003
12036,0.2538171078699989
109032,-0.15864444959999702
109332,-0.25714634815999826
11767,-0.11940745705000388
240263,-0.20397667275999432
11432,0.21563349526999875
13350,-0.25398780589000314
21788,0.42298240766000017
66881,-0.2860666453799974
319742,0.3345362305599986
77980,-0.1328795001999925
12445,0.08458769989999837
22418,-0.2880025264900006
70998,-0.3088332356500043
74522,-0.24879356115000206
80385,-0.15177066471499678
74653,-0.2622247364199959
238130,-0.33215358738999745
140559,-0.2557048019349999
12236,0.1913842620000028
66813,-0.3247828300500002
240186,-0.21938481190999948
21933,-0.28734891653000183
66541,-0.13591143836999287
240168,-0.12465005460500223
67944,0.38173081855000035
104885,0.2218614933200067
634731,0.1636558593050017
73826,-0.1051563786999985
16848,0.17572001179500063
237711,0.23324136907500348
54377,0.26944542895000057
18637,-0.12237294304500068
98733,0.25263895006499926
320717,-0.11182094099999951
319942,0.17383829173499699
213452,0.16759360472500084
75894,-0.10536844977999937
71200,0.27125879647500284
19943,-0.08332842009999197
277432,-0.21788556206499887
15429,0.3489552893500001
58202,-0.10228468004998703
98403,-0.29108664205499934
320878,0.19422448264499614
107868,-0.24060866538999992
16180,0.2405433692199983
13731,-0.24318953896499984
66449,-0.07345652019999704
13417,-0.13477944040999823
226977,-0.3704720489800035
228061,-0.11134285744500083
76899,-0.2201375743749967
75196,-0.20967383510999893
75735,0.2762804431250001
225443,-0.432570450405001
67196,0.21410162740999894
66262,-0.26587778838000187
69710,0.14159169885000544
30957,-0.11389540114999264
17433,0.2621041007549998
15245,0.27641453738499955
26429,0.2822492216250003
52065,-0.11000973903000144
12426,-0.26320805350000054
110198,-0.09906301360499903
20497,0.14202312977500098
57778,0.3871977938649991
227195,-0.2073622868650027
19349,-0.11557082127999685
23897,-0.0806347769000002
76707,0.15247481646500738
244373,-0.22841900241999813
223754,-0.09372993045000122
231769,-0.2367850013550008
12955,-0.16674556494999493
67045,-0.2882950655100043
231931,-0.12972072560000214
407819,-0.08788531320999837
117109,-0.10716400545000226
12124,-0.20074831595999854
195522,-0.23955860128500106
208982,0.2845981144000027
13829,0.18278970999499933
11705,0.35355233940500064
77057,0.2825747052550014
15377,-0.23584484223999924
170833,-0.20764678752000076
212712,-0.2872808102200004
317653,-0.1972345440250014
18451,-0.17503633542500108
232717,-0.13732873232000298
20617,0.10184346619999474
69121,0.31952444969500293
18392,0.2788400168999994
21679,0.1729074589349997
66706,-0.3573154777699985
15481,-0.09967752949999742
328232,0.15902892409500158
66521,-0.14249696417500157
50997,0.2821324216950014
13631,0.24339991427000296
333315,-0.2536248678849997
68031,-0.16588709351999942
434756,0.232849094140001
70767,-0.14484836353500086
319934,0.30878733121499735
69663,-0.3407473851499967
23954,-0.2616484894999962
74388,0.11572581825000228
104776,-0.15013358567500035
13390,-0.24647373753000057
239667,-0.29623089625
66198,0.30001692162000326
67003,-0.07139413599999678
93695,0.38937618046500155
19826,-0.4488327355899999
18387,-0.35596950151000106
319670,-0.3280801165649976
213054,-0.1633418756450009
23923,-0.3129546924399995
20358,0.2506466948250008
76650,0.09878741430000204
238880,-0.34603139063999766
225339,-0.13433281289999854
229512,0.08772834259000284
14432,0.24723119664000048
232941,0.24595215109000135
53970,0.35540851301999954
242838,-0.2542088333299999
277743,0.2589919721750036
67897,0.13087550747000343
69863,-0.2551936864100002
17301,-0.2630652092799952
227210,-0.18175753587000187
435965,-0.3048073688500006
16194,-0.11066464870000203
11787,-0.3089098466800051
78833,-0.08139663819999754
74137,-0.16873512529500356
13194,0.08289622185000489
18005,-0.21144356230999906
23849,0.09226960154999553
170706,-0.1271357816000016
109754,-0.18515569138500432
16545,0.1688774694299986
70791,-0.14983504549499926
53312,0.09322953122500444
244216,-0.10094909494999804
73296,-0.2357923837499989
269870,-0.23707340334499793
13421,-0.19869156869000015
100504234,0.21678446872500068
18703,0.3362716539200008
239932,0.1869110667150018
22673,0.26583777523000274
108013,0.1664126542999984
18412,0.18880095126500862
330286,0.2938496563950004
16410,0.17783336503000147
69539,-0.35626942433999975
109275,-0.09033033431499682
18810,-0.13101820520000018
20174,0.10026970499999699
223825,0.4063344915400018
12361,-0.18404907173499563
434784,0.3403509158500029
234594,0.12009553437499854
56296,0.39789343817000056
67724,-0.3265362336000006
71449,-0.2544592145899962
223780,0.26614623474500565
20853,-0.23905201000499954
216161,-0.20226466828500023
208151,-0.2551664020099982
21682,-0.37212213224999857
171486,0.10921108451000627
107650,0.16209783835500335
233490,-0.09315970219999592
23972,-0.22725545158000138
212114,-0.30506465103000213
219114,-0.18717097609999822
216238,-0.2727000016449992
56760,0.08946597305000203
107684,0.27243246949000355
56361,-0.3555016333449972
320538,0.14637081647999928
277463,-0.17503663915999645
216197,-0.3397710552249986
57264,-0.13689427086999295
381022,0.17895662025499792
68929,0.10330851391999651
64706,-0.29994282762000113
26373,-0.2954638838849988
241525,0.3169918754299985
72108,-0.25171360393000164
621239,0.6424257222250027
20962,0.22988184096999875
67869,-0.08477641440000205
12317,0.09175017855000078
66166,-0.2607598972149985
268656,-0.35182742720500126
675812,0.20979596982000093
240638,0.42924614046000187
73847,0.14218886080000814
27416,0.23687582946999708
66679,-0.10757565494999355
12495,-0.21007178842500096
20844,0.18353366827999995
20605,0.17450487554500071
268880,-0.32634900917500254
109658,0.1403508488750056
17751,0.19818746914000585
73162,0.20526680685499876
217578,-0.1679616105949986
68938,-0.09300677128500467
170738,0.2984014062800009
14718,-0.2514514827949945
16330,-0.10335431780000093
21959,0.3428839938649997
269695,-0.24243984373500194
68616,-0.26205730542000083
22671,-0.270667640400001
240725,0.2625256872100028
245474,0.19083643637499836
387353,0.22857032856500048
12512,-0.1429429956499959
19891,-0.21409244660499915
75415,-0.23380855348999852
93887,0.28287730915499854
319513,-0.09878071040499847
13642,-0.2637152211950009
229700,-0.20181978370999598
231130,-0.12923771316500066
13983,0.12953075841000228
19326,0.08140040365000267
71819,-0.2694755338950028
11551,-0.1779192973649999
57908,-0.1672632305099988
78339,0.08441777515000126
17274,0.12273314306000138
243574,-0.25553440452999965
381399,0.31023404064000326
751865,0.1435114490600018
69982,-0.19878514995999907
338364,-0.21738740370500054
77683,-0.15495108689999704
215332,-0.2261963098649975
67603,-0.099110748299994
81000,0.1657480399000013
22401,-0.21449031209999792
213326,-0.28474252562999514
17152,0.23650947992500138
225724,0.18570363018999902
236266,0.2161662931399988
208518,-0.22353799385999817
22223,0.2679160867100028
13482,-0.272307698075001
240119,0.2388857027500002
223921,-0.2527267182099955
74246,0.14855963718500131
23912,-0.129650568449998
71709,0.2094775442100021
243910,-0.10360396360000301
84092,-0.2991079134649981
78908,-0.3360853041900018
11609,-0.2943322795949981
225896,-0.08643614290000556
116873,-0.2712782089649979
74365,-0.28979412674499905
108086,-0.10054722849499598
26432,-0.34521334613999866
76768,0.26840664757000043
16769,0.37005401229500023
14234,-0.2836550704099974
381293,0.3453138404249998
12856,-0.178108879744999
108811,-0.20214942816999804
74129,-0.26602410636499885
28000,-0.17278733055000117
66401,-0.2841025738499994
20388,-0.12696797569000218
76453,-0.3285527180499974
14190,-0.19255268492000432
67052,-0.1802902240550024
100040591,-0.24118130086499967
229320,-0.2428114047799994
66335,-0.3272536586549961
381112,0.22377809147499939
74470,-0.23220727085500048
231470,0.1946231112049981
208606,-0.0921002210699946
223693,-0.09860185167999447
71326,0.08992137529999411
70894,-0.33044250547999887
19060,-0.25076142393999934
74737,0.18927009433499897
72293,0.10163355805000052
235606,-0.08881114589000028
213948,-0.5645801923949971
66307,-0.31887651166499875
12868,-0.07274768719999969
75750,0.330779617915002
77015,0.2560658488200014
271424,-0.21098026487999988
210544,0.15927238151999923
242702,-0.2195969906400017
12640,0.24044957810000156
13835,0.14241801837500034
72269,-0.28720031785499733
64918,-0.2997555098299971
65221,-0.17965595104999643
243963,-0.16917489889499748
71685,0.234460854885004
83796,-0.11315867542499802
27054,-0.1023400747899963
83436,0.1086208555650039
17681,0.3720875846900018
22153,0.1423765390200007
238725,0.26119255937000085
231128,-0.15633655580000116
70661,0.08805278610500267
329207,-0.3761990143300009
12209,0.31204167490000057
64177,-0.3182798530749942
217864,0.12448580599500048
22337,0.19582855908999974
98758,-0.10494641089999135
69693,-0.2645922665000007
17160,-0.18050903733000023
27413,-0.3522015289049998
231098,-0.18035738436999926
72462,-0.3259731482400028
19894,0.3559352416450001
24117,-0.36249005784999966
72141,-0.3001903274349971
69772,-0.35455589869000104
56491,-0.10885630394999879
230824,0.2449488601150005
20471,-0.43121920882499776
22165,-0.12558852355500605
109314,-0.18492191075999642
76626,-0.1373704163150009
215641,0.3206476343550002
66272,-0.10871085351499765
57811,-0.4687687699899996
229389,-0.27519514815000035
66109,-0.08056333759999923
230738,-0.20236474538500282
14809,0.334776420475003
19733,-0.17575152151999873
271813,0.3068270806150002
81877,-0.4085270967849963
338359,-0.18057516038999477
76454,-0.15979505599999477
67141,-0.36691831741499925
241327,-0.32850193836499875
23801,0.2273260867050002
243274,0.23856057445499879
228482,-0.2894007183799978
67117,0.11214919477499308
54197,0.08300301390000264
74370,-0.10507928646499742
14623,-0.16618273056000055
14814,0.22310344299999896
66070,-0.07466443770000097
231866,0.33879208349500045
241589,0.12369571835000315
20667,-0.17112056287999877
16198,0.2793195458750013
56364,0.3603117341750064
260315,-0.2625499730500005
76293,0.2168187467250018
17347,-0.09207603139999598
22275,0.1764843885999987
70864,-0.1757530534050007
71597,-0.2442356480549992
224065,0.3675587803550009
73809,0.22462619002500084
76813,-0.15441972771499834
74451,-0.06470984070000263
20256,0.3042494344649995
94246,0.2684827332449986
12345,-0.07872301205000021
210108,0.24508339622000008
19332,-0.24862937893500003
18214,0.3729855616500002
216965,-0.09101578020000467
280287,0.19816327366500008
18247,0.07875265569999179
69480,-0.20125092099499842
381813,-0.2485447691499978
15366,0.1268652430200028
73845,0.3129416637500002
13848,-0.07736888199999825
654498,-0.23407013062500104
14936,-0.13316462170000065
107239,-0.2160296847400005
433700,0.23621415436999627
114652,0.23932551694499837
75718,0.3405266597050014
93691,-0.08356532064999733
71020,-0.14765437294499906
83408,-0.12155248220000026
67490,-0.298806625344997
216292,-0.10799250862499843
12142,-0.21791327082499556
13845,0.12078391570000058
12224,0.2377015297999998
80908,0.2264278894799996
140859,-0.12205350674000037
66286,-0.09973179719999337
22324,-0.10576014544999168
54405,0.09589243230000122
21684,0.5389707300349977
74116,0.11868430979000166
107753,-0.3310426930799988
12544,-0.2508216110349979
12632,0.22532120524000288
75291,-0.2738255480850009
30059,-0.08707055862999802
235497,-0.17654606357500402
56233,-0.14470737923999977
78408,0.1341884571750036
16798,0.2895822033600002
17476,0.11048114685000421
621080,0.286032802675003
434325,-0.3546277361300003
17879,-0.254786189879999
635169,-0.20488617968499856
20529,0.2828887339400019
56856,0.33303466977500307
665775,0.2424471419699996
75710,-0.10469481759499821
331535,-0.25613412299999894
246782,-0.10994956720500149
382010,-0.2536431514750004
50915,-0.22510063121999835
223978,0.12369369292000165
271887,0.2269878614600005
68964,-0.09888327537499642
73503,0.18519989830500183
104394,0.253950425570002
238875,0.2094816068500025
68015,-0.21136202036499796
14813,0.22130505338500095
50790,-0.1188284940200024
240675,0.2856756593249994
78100,-0.15205805697499386
17722,0.21055050725500024
66642,-0.07642808424999892
83691,0.24859093002000154
229731,-0.17783136376000197
20646,-0.23856357517999882
216151,-0.21028829914500058
18046,-0.08880454064998844
16906,0.14915485980000032
433904,0.1811182403949987
83453,-0.2163422612299999
56632,-0.09913298060000209
545136,-0.30780761189999906
332396,0.38913794516500033
22325,-0.23951796921499913
72552,-0.24549569905999924
97998,-0.2739665309849997
12677,-0.399385041945
78830,-0.38929679433000075
328035,0.21763887052499964
30952,0.30678253087500007
80718,0.11443480335000089
78240,-0.24237794415499891
13209,0.11196172961500395
76407,-0.11670257169499365
212862,-0.28464566149999815
93838,0.2267578880499994
20586,-0.12710994285000332
100121,0.168058442210004
56749,-0.09524724611499735
11717,-0.2518481757550024
13807,0.3145159402349993
16977,0.3145159402349993
100088,-0.24801268727999748
72193,-0.32149979176499865
666173,-0.19629289760000113
16552,0.143468319005001
228355,0.10508110350000166
20441,-0.17887447169500348
319765,0.25639764146500177
22349,-0.21448835403500066
107656,0.1924144265899983
74020,-0.28011032438999717
239126,-0.24077912131999746
101187,-0.1672713675100015
22335,-0.06536671179998876
20666,0.34492297322499743
11830,0.29266288318500155
18010,-0.06779797130000098
16363,-0.10308276139999606
11477,-0.26013284909499834
67630,0.20728620838499978
18788,-0.28407122334500023
286942,0.1261775136400054
13808,0.08236675774999824
218461,0.3623744364849997
76687,-0.10369167450499717
214552,-0.12784143556499927
21898,-0.14706976988000164
228788,-0.2665766110949992
30955,0.3395691938899956
218739,0.16122987572500147
69163,-0.23378198651999504
93888,0.2679005810400006
245020,-0.3929968189149986
66071,-0.10443839589500215
22637,-0.09047024219999678
14804,0.2746338962200019
207227,0.15483617313500186
72948,-0.1422335440050002
18032,0.25304164262000217
213603,-0.35850072809500144
71323,-0.23407694825499936
57321,-0.2604497047199983
54169,0.19608266653000417
66257,-0.2006355262749988
268935,-0.18731365239000342
107515,0.3027783811850018
17175,-0.22317379826500083
66314,-0.08170245005999632
338363,0.16857035991500346
244879,-0.23760885314500246
329547,-0.3580864139949993
20624,-0.15385437763500143
67133,0.2661394349049999
12331,-0.08101857019999592
229759,0.342143107530001
71063,-0.1921644677900023
20216,0.21042451169999943
20278,0.2563979157750005
382864,-0.11753620841999624
140486,-0.23645027494000148
69237,-0.1899104755000014
20352,-0.17672040375499787
233115,0.23320304615999987
17918,-0.23250570077
73341,-0.09152297494999928
319481,-0.17099067120499623
74252,0.07862835911500099
23945,0.30358973041499926
108654,-0.20906134883999883
78912,-0.14894150111000126
14421,-0.1008255902499986
241576,0.11824344409999554
71989,-0.178210631015002
236930,0.09419361761000289
21899,-0.12360078995999757
71862,-0.11030465373499787
52705,-0.20135383242000238
269437,-0.4151539483500013
66597,-0.28785373675500026
19357,-0.11272322661999112
21414,-0.10082602765000104
319748,-0.08547495887500389
234130,0.23525912586499942
11648,0.19331992623000005
14702,0.07702788648000869
67252,-0.1787002856149984
16400,-0.20938177983999706
20648,0.11877537850000053
269774,0.12145989733499718
27359,0.11231481495000928
225825,-0.10537475795000084
170780,0.24942874089000044
11307,0.11932310929999801
100087,-0.21102958828499752
170826,-0.2553156016450009
230082,-0.1919513288050032
226101,0.18159946295000218
215001,0.21774378512500103
22420,-0.3298723876199978
664805,-0.20352113735499922
328019,0.2165884084649976
18845,0.2387524846249991
24055,-0.15829402038499651
26949,-0.2562354898099972
71562,0.11054134464000054
71729,0.20938461201000003
71566,0.23001117611499833
67123,0.09956272505000285
14633,0.133578123605
18027,0.2214266715800015
20866,-0.07496570719999518
230737,-0.3155045093949993
75510,-0.30887581618999915
17688,-0.13715050535499884
94112,0.09219165237500171
194590,0.1782659480550013
77044,-0.17754543526499766
54371,0.3084788331199988
239408,0.14620738920000065
15492,-0.20168015093499925
544763,0.11250722214999875
11991,-0.11978419950499841
68058,-0.09771430985999707
69187,-0.08459270169500499
238161,0.2256577082600013
19124,-0.16562791823500023
192775,-0.1668778980549992
13593,-0.26920200346500023
68328,0.15338451328500025
230757,0.3291796556550022
68865,-0.23556984664999892
224742,-0.09445199770000379
22793,0.10004949040000177
99683,-0.16591934518999985
76943,-0.2580557109999999
70616,-0.11432576955999885
13865,-0.24417962794499992
68307,-0.2882669196449994
67445,-0.3103626391349996
18167,-0.21605873594999814
19244,0.06924748484999554
100042450,0.17257775916000018
22084,-0.32406327572000215
21429,0.12343587609999851
260302,-0.10930343989999791
56753,-0.3235742528099985
71765,-0.10932785170498605
56354,-0.095831998350004
21416,0.17286946391000324
52856,0.06985750244000144
17180,0.2596936286950009
238803,0.22469274801999806
105787,-0.12592243060000285
225131,-0.09588935727000347
76863,-0.10469846804500094
230590,0.18797131769000242
101685,-0.09956432249999914
16592,-0.1001229995749977
213753,-0.1513615300250022
83434,0.25413333723999987
215476,0.12319752363500669
94279,0.08411414784000293
75477,-0.29302212310499964
66998,-0.07740507011499886
30928,-0.15027824087499475
212032,0.17450036115000067
114741,-0.22065187982999657
13123,0.17599267910500105
81703,-0.19026362281999898
632971,-0.3344896415599976
192287,-0.22869378669499607
73132,-0.21892824573499858
226519,-0.18130544490999512
98404,-0.151126264424998
71130,0.1738322318649974
226278,0.18090246663000098
72313,-0.12349777154999586
14695,0.16977539459000024
235315,-0.18354495206000276
69387,-0.22385445535000326
54399,-0.09947831212500091
76826,-0.2560649332849998
108954,-0.2482083514049993
435818,0.2235714906600026
227326,0.21950402787500156
192662,-0.09346968370000219
54200,-0.22024871467999851
70573,-0.22328761739500447
224829,0.20458030687500006
140810,-0.26164810182999876
22038,-0.21635065612999416
67458,0.18433742035999945
54139,-0.13808359765000056
77097,-0.11640755008499859
56316,-0.1578815320900011
57875,-0.3195584544250005
13207,-0.08346090464999989
19214,-0.24415897602999825
74281,0.13712166004000137
17173,-0.3093157496299961
17355,0.08274670480500035
13009,-0.23459353517499704
13449,-0.08774094900000406
67528,-0.2839547008099981
18159,-0.2410513664649998
215445,0.14968096859499802
268297,-0.12359452524000325
19208,-0.36269783948999823
14080,-0.20654229674999947
227231,-0.20122426789999848
94222,0.23330324685000026
50787,-0.18701816528000048
69519,-0.13990058108999914
26372,0.1555360823750016
69190,0.2277721445199994
192650,0.20966192618499901
76894,-0.21536436785500257
260305,0.2824734693250024
72614,-0.1624534388799992
12346,0.18796249663000086
241688,0.2519799632350015
140488,-0.13351631209499537
101488,0.2690223081700003
56380,-0.13985238433500058
11636,0.17933643560499846
20340,-0.13991454189999608
21375,-0.4122857852449995
17768,0.14661499486500595
382867,0.16444311551999968
15404,-0.18641566457000014
231830,0.2607436977399997
26564,-0.27927811910500067
26908,-0.26402230888999956
56289,-0.0851352310850011
140481,-0.10474825280000033
58205,-0.167591428849998
69955,0.10239245499000127
18948,0.1929506625949955
94061,-0.13022959780499743
54130,-0.09051498110000189
17135,-0.08058159996500258
56773,-0.39073831973000006
75137,-0.23341718445500348
66745,-0.16699214798499895
209448,0.2591963272550011
27041,-0.07758196180000176
66618,0.07702310775000143
18241,-0.22459610178999823
12169,-0.10401228722500022
18555,-0.14779109333999862
71988,0.1933863158350011
320790,-0.12888933164999905
14388,-0.158752964860001
75617,-0.23629162781999913
21384,0.23104087777499904
72672,-0.15411553866499794
244486,0.2436996674900005
373864,-0.3521315572999981
15426,-0.21499189919499884
18749,-0.0708491634499957
13395,-0.2977587174699998
224090,0.29812701969000077
68566,0.16383947483500627
23808,0.08140162033500253
13599,-0.22488569769000222
14652,-0.22042595017999922
67070,-0.07946495048999758
243084,0.24138767540000172
78910,0.3489996537449982
170442,0.20936865664500104
56214,-0.09730627465000019
12125,0.20736059657000006
242083,0.1190832924900036
269704,0.08174858739999458
52633,-0.12411403828499523
54419,-0.2081061602950003
100978,-0.18865896700499896
56711,0.20019327957000055
19417,0.15162396600000116
242505,-0.30695100994499835
16890,-0.19337281888999858
74144,-0.22625466270999794
15499,-0.16072613864500163
70433,0.24057650415000342
270162,0.2669148922549982
100504183,-0.18241713701999807
68891,-0.302011914580004
20273,0.15393557713500172
74131,-0.10990452090000069
114565,-0.1779746805350002
18618,0.12491983881000124
78656,-0.32523307683999647
70008,0.2862487406149983
170762,-0.13922525612499914
19737,0.23898455881999947
56228,0.08516827094999968
208628,0.12538207300000082
240057,-0.19746169104999955
23919,-0.24059311412499795
17116,-0.17038617695000102
73010,-0.31689146577499905
74096,0.09912264124999837
76425,-0.0669433094000027
12292,-0.19051611045000172
239250,0.20273893591499847
66917,-0.07800536723000207
246196,-0.29390301801000085
75079,0.19780861814000072
171508,-0.1712756460999998
20922,0.0969159937500006
12349,0.1805535655999968
243659,-0.18083432421999923
71720,0.17964457169000259
12648,-0.20555598321499868
20568,0.10572887994999647
19197,0.15440507007999926
27973,-0.07145177130000491
68925,-0.16018504631999342
59125,-0.06886663744999666
12922,0.3053477076000046
64214,0.12159903220000068
21827,-0.2061127681599979
14079,-0.2727257538800014
54160,-0.11399611225000239
26971,0.17181271794999997
319613,0.18626646870499997
75773,-0.31549087126500286
100043757,-0.193821347290001
53330,-0.11971289489999393
545279,0.1345083607850004
243937,0.2932115406000033
18767,0.23851126853000082
277468,0.30815409088500045
57253,0.36458801396999974
108903,-0.16437593146999951
22095,0.22582336367
14816,0.18501532042500024
13654,0.24724541934999866
268291,0.2257281518150025
109108,-0.16242027477000054
330149,-0.2823277111749998
117198,-0.11666581446999658
22113,0.32324988044500147
75512,0.17102591981500126
228876,0.19161152498000122
100163,-0.23475657302499986
78806,0.18966572989000108
80291,-0.11852743070500082
11447,0.172427131405001
269060,0.30842317489000237
103742,-0.07444226920000219
76781,-0.23433484690499906
18024,-0.11465419626500051
330812,-0.16091789344500285
73103,-0.269896870824998
22355,0.18472125075500223
80986,-0.18149464702500318
68178,-0.1250083846699992
245007,0.22385548457500093
54633,-0.06487067876000019
225875,-0.39144249632000117
64103,-0.09700759939999992
223723,-0.16377345797499743
18442,-0.22647025002999843
56336,-0.10198204088999674
16191,-0.12149853048499937
19142,-0.25392437597999873
217143,-0.192793104859998
217365,-0.08845135489500144
69540,-0.1962466630950015
240614,0.25329969303000066
93689,-0.21251294976499802
67443,-0.060836632600002716
211556,-0.22304507993999856
260298,-0.18869540853500055
240239,-0.21968280758999859
56322,0.2387407104400019
73723,0.07992904450000005
14588,0.14893676920000232
19878,0.12955439720500106
216021,0.20689655618500113
70591,-0.13948034714999746
12818,-0.2709246041400011
319476,-0.14242051262499755
228662,0.18524232517999817
72102,0.15463471628000036
18654,0.18873708849499948
23890,-0.22523765745999746
77090,0.22051921789500106
494504,0.21930419646
320492,0.3082517364749986
108062,0.1850953051899955
106572,0.27172114036000483
64010,-0.1584848054449992
382239,-0.1638152956399992
59033,-0.20422677514499998
319710,-0.15106897285500054
15248,-0.17399047276999902
228836,0.07051548929999463
330064,-0.24046120519999992
15574,-0.15374950354500072
21956,0.21734979236000118
13641,-0.12002924228999667
329064,-0.20014593300999817
67448,-0.232202617105
102423,0.1948543700200034
74342,0.23449147514999957
26465,0.09330949484000506
20674,-0.19122407166499933
54392,0.25641786055999916
11818,0.24790403054499865
117599,-0.1319127914850018
381686,-0.15046435163000105
214253,-0.2861055790450022
20512,-0.23796916413499947
15218,0.25907446311000015
67771,-0.07961629674999315
16475,-0.17587150613000002
121022,-0.09567034018999898
72584,-0.17026023501499843
71405,0.2051496600500009
66278,-0.11324440680999892
56771,-0.311864933819999
27276,-0.2416161915399977
18286,-0.19460476016500294
208820,0.231928794159999
78889,-0.13981860219000275
50795,-0.16712301838999988
13841,0.1762317205299997
55942,0.0904732288300032
242235,0.21362990333999798
66866,-0.23248496280499786
67328,-0.21452736665499916
22591,-0.14515720093499773
235628,-0.169802417239997
68299,-0.20060388595499967
54447,0.1918348558900007
15566,-0.1718152859649984
75625,-0.21135007483000123
18081,-0.07738707929999933
69665,-0.15254376080999865
70508,-0.28679044627500083
30853,-0.06047575044999398
231382,0.21897343042499973
214804,0.29472139683000176
21894,0.12365634020000549
67500,-0.20476396516000062
241134,-0.21010130705999952
54351,-0.08084506254999901
116940,-0.10328252610999833
15191,0.0571143461000041
22201,0.0971073207499984
23894,-0.22129105182499575
72477,0.17014022366999892
242466,0.16757369950000012
72393,0.18333812108000247
14874,-0.0802180030200006
58237,-0.2618259752149994
105670,-0.26950311717499886
67785,-0.22527196106500025
15251,-0.18264094788499952
20476,0.25415211743999944
56792,0.1025262995799956
232801,0.21585963767000127
74150,-0.14912698686999892
17428,-0.09323987220000163
238463,0.1918706597550015
84111,-0.1624910188299986
73122,-0.22882849091500201
105663,-0.3077500234999979
50877,-0.1635203707699997
14397,0.32587749342499883
16815,-0.2140545931550033
209446,0.07036962862000173
57256,-0.20712698389499984
104360,0.2571739337250012
260409,-0.11966573211499565
67459,0.1984758675200009
195646,-0.23745437594000096
243846,-0.16708612266500555
381259,0.23932089780500032
105785,-0.2946392247249987
214384,-0.18858904412999822
16511,0.12866245341000182
11989,0.25761480639000167
268807,-0.1710996659800017
67074,0.23338178805500487
13166,0.15475946462500234
14314,-0.1865110973249986
69824,-0.13678825415000073
75659,-0.16744305979499874
73914,-0.26554578821999364
23892,-0.37467350720499937
17299,-0.1503079020399989
68420,0.0830609059600036
14829,-0.32609990881499984
319634,0.1175438894550016
19224,-0.12951724332000047
214158,0.2591864380499995
16538,-0.23237309943499973
228796,-0.1941268150500033
73916,0.11723258474499865
83767,0.1495602798949971
218454,0.19904702159000376
53890,-0.11750648390000507
224020,-0.11053198359999605
64082,0.14249856853499843
22025,-0.13170871060499945
171580,-0.10204941874999207
234094,0.15836610878500057
227289,0.16310212417499947
78752,-0.25716749383500215
228913,-0.10237975999000071
73681,-0.1917992699799953
21463,-0.16691333907999617
433702,-0.20129929170999628
66183,0.18358932139499862
20813,0.07736141819999887
13180,-0.14286776095999976
12304,-0.16151632647499614
67634,-0.1347571549900004
20731,-0.19015266104500395
218865,-0.1360723605449996
11475,-0.11091330976999636
14790,-0.06977479210000226
240261,0.21178916845500062
28253,0.17470701487000007
71175,0.1307483546950019
140489,0.22644497764999993
20688,-0.17892611922999624
72479,0.09853611666499873
76829,-0.21226677267000005
20510,0.09679274746999988
217218,-0.190323426374996
217371,0.1776969969950004
380912,0.1733838058999968
18588,0.09946662706000176
19246,-0.061989434289994705
252864,0.19000505584499905
17865,0.13184570276000507
331401,-0.16312480626999637
52250,0.1651869639350032
208777,-0.1574203449849989
81489,-0.06336604179999661
102278,0.1822090950500037
215751,-0.15554302147999888
66617,-0.4012986796899991
433931,-0.1570719828899989
78250,-0.24682810264999988
67876,-0.21195042241999928
213819,0.07770596350499837
244745,-0.2845375193450055
71699,-0.25301704182500195
211550,-0.12757931626999763
13560,-0.17281116709999544
118453,0.19537745256000072
75627,-0.21800760326000113
230753,-0.09155368795000207
227743,-0.11590039178000033
70093,-0.1901273663899996
12389,-0.34421920705000053
11797,-0.0981052712499988
13078,-0.19470946533000166
71302,-0.19146007069500026
68094,0.200676951640002
19822,-0.12103359437500316
53867,0.22669485376999887
22088,0.1136119045849977
333424,0.18313589607500047
320365,0.11029329620000539
434130,0.25275743889000024
56406,-0.12446165455499525
11819,0.18402608487499883
74157,-0.067516503199994915
109246,-0.10292954356499617
104248,0.13957197212000194
68792,0.16520144200000786
213541,0.07246233473499863
232201,-0.09035969680000377
209630,0.23236215687499584
74136,0.13864775114999883
66454,-0.1432302393949989
14405,0.24441381619500113
208084,-0.08474799670999467
17864,0.20903106304500163
18740,-0.1981016877950017
19213,-0.2569633032449987
67865,-0.07626664310000031
78801,0.20992427357000043
114640,0.26189364161500084
57442,0.24428415747000365
330863,0.17596099289000078
243914,0.164976032204998
224656,0.10244983811499964
280662,-0.2537387365249968
22627,-0.09315113414999487
252837,-0.2928061912550004
77559,0.12854605278999998
229279,-0.07535318709999395
74464,0.20427122966000155
238271,0.31386369974500017
30959,-0.25107602321500266
53885,0.3214966497400016
77827,-0.35603991195499773
75647,0.20656263327000435
232878,0.1541865847250028
83669,-0.15600466083999542
66144,0.05567662600000922
12828,0.21757938820000078
20513,-0.1662935429400001
75763,-0.21179437307500137
217219,0.23999628001000284
11844,0.07407556370000279
15461,0.1000346845350073
20336,0.16927529114000262
235611,0.19304240447499899
27404,0.21856433420500387
76499,0.26349677487500056
75597,-0.11120981958499954
319984,-0.17633286822999938
22018,0.27586583966000067
20170,-0.1048251212600011
11992,0.11522271714999732
107701,-0.11425421097499999
18736,0.14099984666500065
269252,-0.2186102636750027
224860,-0.0670893335500029
26940,-0.11124113856000051
231858,0.2047582720299994
268482,0.15566275897499926
243328,-0.13797806568499826
213417,-0.14572092938500125
330369,0.1804726741549958
234582,-0.12202441227999561
75801,-0.2668615335799993
19730,0.0870079207300023
69702,-0.11851258548499999
238217,0.4162719766049987
67729,-0.17409725144999744
217463,-0.22682904061499887
12038,-0.21562029570000085
78444,-0.1753996409899985
268469,-0.0911512734500004
434423,-0.2355060023299984
228770,0.1825294330450009
16681,-0.22040954604000262
72371,0.17274140651000103
28064,0.06274030207500836
207521,-0.22737341861000182
210673,0.20165203218499972
227733,-0.3028601024500004
67456,-0.22092244925500193
18438,-0.09323495795499603
13507,0.17848051525000352
237806,0.2442120617750012
75901,-0.1601170920800019
216080,0.21884753189500383
381990,0.08762429365500068
21869,0.09475663990000083
109294,-0.4556341144899996
72033,-0.28142426004499965
54376,-0.13120315648999892
67472,-0.09169042475999767
21417,-0.2276296650999985
18087,-0.0922793022850037
217127,-0.11627987324999722
102866,-0.18865319438499828
232798,-0.15104106536000117
72345,0.1527061972150019
71263,0.18771035963000182
243272,-0.13949991566999564
110119,0.1720279125000026
382562,-0.21338903825999944
72194,-0.13450160632499752
320869,0.15936477219999912
108912,0.17106301311000038
20355,0.34070462348000063
18142,0.17638324664000038
15357,-0.18644026219000143
17184,-0.08760062467499985
114230,-0.22231077217000017
67471,0.12646001861500356
78670,-0.21710870217000267
329650,0.15197312977000088
67473,-0.17583250747999912
103149,-0.1804820794450004
140498,-0.14596303032499858
14180,-0.2245542181099971
18854,-0.10991966357999416
14824,-0.10548677020000063
11789,-0.15390449056499733
70530,0.20813597545500162
194352,0.3111805403100001
69060,0.1669000929400002
73942,-0.256979965264998
22751,-0.14337125915499893
74868,-0.1285157000000039
69241,-0.14096214837500032
50797,-0.07692904790499533
18426,0.2624632777000002
72309,0.06476548420000583
14701,0.08555640815500354
233335,0.11812681578499795
67367,-0.09168464507500396
16202,0.06530253315000145
57344,0.11082454763000005
241764,0.18767174735000047
233210,0.1754342428049993
383619,-0.14032570710999792
110855,0.16501410312999898
16495,-0.09648528420999547
81896,0.15544002785000455
75420,0.0729350129999986
109225,-0.17761116236000074
387356,-0.13974195115999866
53599,-0.06982869190000329
14457,-0.11491104452499812
53817,-0.08894253100000071
17877,-0.1210338677900018
239436,0.16759015725000026
19291,-0.07323989491499816
12514,-0.10007691624999993
19647,-0.2408400770550001
117167,-0.21478987375500136
24010,-0.10793971214999765
20849,-0.08213668339499414
16621,0.22774667133000115
382074,-0.201554183679999
108105,-0.10782327520499635
244448,-0.17425271345000093
629059,0.18593369095500067
11534,0.13551746297499712
72195,0.2903264840350013
15194,-0.08465890845999802
66141,0.08521490460000791
14356,-0.073139498299998
24001,-0.177195785179995
320720,-0.20398361560000478
213464,-0.10372960088000127
381107,-0.25429379699999943
100910,-0.22082294119499934
22342,-0.14378707150000025
52696,0.058191611750002536
98999,0.0967494195200036
215303,-0.11965748989499847
59007,0.19203956314500203
14738,0.10825697227999864
64297,-0.14257230787000097
18717,0.20590777800000026
227644,-0.08686490571999883
16192,-0.11082273287
381760,-0.1129801366349934
330723,-0.1556665966500006
320007,-0.10920571627000264
13171,-0.19782193862499842
67035,0.21188534907500323
74267,0.23644595482999797
75667,0.07384659403000171
18227,0.2403495669199991
30942,0.17149472290000078
106878,0.06969202634999405
269061,-0.08089007042999441
12738,-0.1397823362299988
192166,-0.16418123969999776
72046,-0.20155363577999008
76740,-0.12977530035500529
225518,-0.20770122253999856
16974,-0.09584954876500262
118451,-0.22424052718499787
22416,0.15948964363500018
20502,0.22194259066500122
12877,0.17287707152500076
12012,-0.17667846154999856
320277,-0.15430065948499916
20218,-0.08272080140999627
70088,-0.08351293867000109
12368,-0.09058964902999556
58220,0.23290803683000094
214642,0.13962701959000068
108937,0.10296654016500462
12364,0.15256498543499752
15183,-0.17001118379500468
219148,-0.11941662287499932
208908,-0.1463607124349986
17386,0.17784967905000038
229445,0.15500863054000025
71835,-0.16187068531499715
108705,-0.06667815199998728
11828,-0.08203797545500091
69564,-0.1575500104449996
216613,-0.25200603651499964
74694,0.2434962185499998
244667,0.11713535476500425
22782,0.19050429849499828
13495,-0.25021894187000093
20514,-0.06692703064998895
330962,0.15187501272000015
15394,0.2465845120100001
224419,0.12871291364499982
66255,0.19622152840999707
269610,-0.17110421516999885
209588,0.1943611732800048
208076,0.14330079278999897
74100,0.11538993902499772
109065,-0.1990442512899966
66882,-0.05024027463001168
245860,-0.09527812477499964
19714,-0.09772359534500552
224762,0.19603546946500128
12958,0.20918682347999962
192285,-0.08250303340000009
26386,-0.18634802537000006
78688,-0.18634802537000006
19222,0.16916216515500082
93872,-0.18487947534999982
20112,-0.11866688656999536
21411,-0.08464304839499981
12296,0.2102716337699988
240960,-0.18713593170999943
51813,0.12365771829500094
73456,-0.11780961344500218
224807,-0.11368413044999848
239606,-0.09278542215999686
320460,0.23671882772499941
67750,0.1371471100700017
116848,0.17657214017000733
20909,-0.06881154545000001
229715,-0.15754136270999908
109778,-0.099623109849996
218989,0.25343841373000053
56410,-0.1850553975649989
12661,-0.2709215268149996
54446,0.16591065969000063
72549,-0.22318248704000343
11554,-0.17631316011500164
69727,0.20760578321500045
22255,-0.09586373293999717
224661,-0.17082615246999922
231327,-0.22261760509499862
16993,-0.07009269373000748
229644,-0.5951300758449971
20300,0.11333235305999612
109979,-0.17963406051500197
217303,-0.24040131745999904
53896,-0.3044028575350004
210293,0.11239688602499953
107770,0.15352425019499627
319930,-0.16904584500000075
14083,-0.14701050088499734
15398,0.14937082014500014
245670,-0.18365409755500117
12751,0.17939256811000082
19072,-0.08271663701999898
17182,-0.19182972352499794
77593,0.11547987671000559
215160,-0.189411291165003
68201,-0.1778845152249966
14127,0.09127019579999995
239463,0.15462438718999838
56321,0.07448114159499752
27053,0.1871108342449972
58233,0.13605878939999627
327958,-0.13532729669499988
71715,-0.4407240978349982
68134,-0.11538047683000308
76872,-0.21456160365500132
114774,-0.24717648536000292
55963,0.1280948093199985
98432,-0.12729863636999994
11639,0.3664707991349978
241118,-0.2128527669800011
70713,-0.15532345549000226
231605,-0.20574931192
20430,-0.2557547937849973
68611,-0.09624154920499883
72114,0.2179018433950013
18378,0.19031540139499992
50883,-0.15194464846499933
16177,0.16470362280499762
22779,-0.18757761987000432
74682,-0.19463938928000069
234515,-0.09200280792499882
224805,-0.18226666264999825
74761,0.1595528396399981
230872,-0.2545610343550013
338346,-0.23058436459499987
320027,-0.16070160596499772
22021,-0.26651200363999816
217826,-0.125838822435
20492,0.14485929917499796
14622,-0.1671146023899981
77579,-0.2609056265899996
211134,-0.10993157180000068
239336,-0.20417819681500227
14237,0.17439366622000207
14000,0.10905690412500224
107373,-0.083866100689997225
73316,0.2510264008099994
629754,-0.19714688883999765
64654,-0.1011400330999983
18245,0.04448093799999597
243362,-0.1060954890549981
60365,-0.06715254932000292
22367,0.1065704978149995
319415,0.2969558246350008
22791,-0.09633302224499829
67968,-0.13810010504500436
18174,-0.12385024073499906
75019,0.17649002841000083
16599,0.07108785115000593
75974,-0.08203052479999862
67848,-0.09192167521499606
74114,-0.2838926098700014
68126,-0.1189922087249986
240873,-0.12288790767000046
76856,0.1385055200700016
71723,-0.11461782151499911
102075,0.27188893524999935
20737,-0.08232912984999885
19411,-0.06953906215500005
67068,-0.05570334829999979
211712,-0.21626253077999813
76299,-0.12815613759499822
108645,-0.07187803639999935
215999,0.1747300252050028
72542,-0.09582667600000327
18710,0.18300785878999903
102791,-0.20657013878000097
73738,-0.17924533589000102
22360,0.19207199957500087
105689,0.06703263649500357
108156,-0.25058754244000525
239038,-0.26010561017500056
244757,-0.19391856577999844
244885,0.1364661303950001
16174,0.13531087824999943
15200,-0.16323709984000256
241324,-0.22813235371999951
72745,-0.15767876258999802
22152,-0.2636179119399964
192160,-0.07435372715000277
11931,-0.07115239818499575
17126,-0.2052022393450006
21844,0.12313901096500235
11905,-0.2547732431700025
110596,0.27521413737000033
110835,-0.1686801619900007
233890,0.2890257193250001
209692,0.20356693428999995
320707,0.11557418952000109
229900,0.10078727837499812
67690,-0.07032325989000121
64383,0.06187412242000434
67213,-0.07258982170000117
232157,-0.06663011003999486
240442,-0.17745300607499637
14119,0.14180014696000143
235682,-0.22166133724999781
212999,0.20027177069000146
228576,0.291292209629999
216134,-0.0846467696350004
69181,-0.16725560658999683
57275,0.19240889627000346
15925,-0.189976259894995
11425,-0.17049400566500061
211482,0.17812090489000099
109910,-0.0812924779699955
73174,-0.08796717019999889
16399,0.09768953930000279
83430,0.15832251243499984
19888,0.21895778819499956
108161,0.14014297101500084
225600,-0.12837042226999973
19273,-0.14645023321999862
52615,-0.06790842786499951
67959,-0.07975205062499846
74055,-0.20828943906500097
102093,-0.19112893189000157
68159,0.1874559880250013
18601,-0.19630739847999878
228850,0.0893714214900001
208967,-0.1840173113250021
114664,-0.08331314519000266
108735,-0.07351365210999816
269233,-0.1999740153850018
26910,0.1781046688500001
11925,0.23989633457000092
16527,0.10847359162500236
11764,-0.06319573314999616
72780,-0.17299224749999942
210529,-0.27032732650999947
75502,0.09088521376000092
83984,0.18906915747500008
11302,0.12505085542500272
226518,0.2897212025250009
56428,0.04785514349999964
26422,-0.16089951549000014
54156,0.12937500412499858
12396,-0.151216634579999
17391,0.2250156939850001
73569,-0.22844076991000017
15168,0.2545217089999987
13664,-0.070647821015001
240476,-0.2234733242349991
57314,0.09205465940000579
107581,-0.12164785421500124
269116,-0.13268672284500038
94185,-0.1880216344599983
14406,-0.1814444050899997
239393,-0.12062846222000179
15375,-0.20675987856499978
101320,-0.15043152362999823
109129,-0.05765405092999565
240880,-0.12289486183999987
68196,0.06047695405000297
70762,0.080742422834998
217480,0.1543848839900015
434246,0.18795649064499997
17069,-0.09866939015000042
12889,0.11456756434999926
18595,0.07213350948999997
12847,0.09049709612000179
11749,-0.09236313309999922
319197,-0.1061149860999997
14567,0.08486609549000068
52132,0.12541573031000475
320910,0.12118086355999891
18013,-0.16596286925000037
18127,0.1272096638649991
234677,0.2785110792800003
52551,-0.05774489237999347
23856,0.10338692061499977
19043,-0.05565158494999878
626870,0.1442854589349989
103775,-0.17507996896000133
56691,0.17322592357500044
399558,0.11779549337000095
19049,0.21574719296000033
18605,0.19501870938500065
56190,0.15112840807999994
245381,0.2311544840050006
66930,-0.16470052308499872
100037258,0.13869660759500135
13859,-0.09066768663499225
18746,-0.05748629150000184
231655,-0.08325095679499661
240913,-0.1483162105949991
70103,0.07316523057500035
22242,0.21503347350000057
70354,0.1930294500349996
104418,-0.06414684874999388
12807,-0.1223110912399985
69473,0.19983894708499994
12778,0.33252610387000114
56533,0.23611918147500077
66147,0.05850023687499828
102436,-0.15760963164999886
241035,0.16241992235499847
620779,0.12263070045499802
110809,-0.06571764883000064
84036,0.19236020676999832
79456,0.16294189747000143
30057,0.07139824240000081
227526,0.23001892883500075
116810,0.25065632888499945
14840,0.16510567178000102
19090,-0.15278253863999947
15444,0.12813021423000315
213945,-0.19986516471499982
20649,-0.1195844514549993
66615,0.13561127549999963
217082,0.14236096049000135
215280,-0.06362344399000008
69371,-0.12000394061499797
17001,0.19336575795000144
217593,0.2391214287700043
16185,-0.0896108039449981
381979,-0.2214432433149991
215855,-0.17445093252499788
72088,0.17075450376499912
76380,0.15083803556500008
241770,0.2908329658450004
74245,-0.15902916483499752
21372,-0.09613052142499612
330953,-0.2201116099850018
214105,-0.14137232225999963
16011,0.13151616132000132
70314,-0.09045903054999016
13385,-0.1717281103449988
24059,0.16276683930500013
19664,0.084023420504999
233011,-0.15422775851999493
11910,-0.14496025552999559
213582,0.10571887750500508
110084,0.10537698224499881
66153,-0.1399329925149999
12386,0.16944307033000205
64294,-0.10190829261999745
217431,0.22249562918500132
102098,0.07226184991000295
170829,0.12281648095999831
229675,-0.13232338046999992
327959,0.11472023682000199
19179,-0.05822560364999596
72949,-0.24964194755000157
52348,-0.0950354427000013
67299,-0.1600417184699987
631784,0.24453252281500015
68652,0.0636156942099948
17181,0.13345753144500172
15568,0.15074675305000262
20583,0.1449606793500009
382038,-0.1100566273900041
14028,0.22914257717500064
209354,-0.20575227332500035
195733,0.24682885083000317
53381,-0.12568384839999602
110593,-0.15699403112499333
235135,0.23025533462500025
18764,-0.17897937003999775
19933,-0.2204168557949977
407786,-0.32328188824999593
67154,-0.05325545514999597
27400,-0.2459661748099986
20733,0.14814791330000254
319953,0.10754623018500098
50758,0.12106961284500439
210198,-0.13473173447999987
142681,-0.12952258677000117
56642,0.19043100494500198
100040766,0.21732211580000182
78926,0.06759410854999537
12273,0.20077486146000068
72254,-0.10270371787499943
231252,-0.09982768389499874
66237,0.13026399697999924
78887,0.1761805483549974
223658,-0.22009365275000015
77781,-0.1092090016700018
216797,0.14329032722499946
242418,0.17267199072499828
223255,-0.061170380600001906
70417,-0.18817827698999956
11698,0.13600562790999948
19777,-0.2449690279699981
16508,-0.17480804932499971
98732,-0.1582097703350014
12122,0.05893791623000233
16450,-0.19465612946999844
544791,0.20723298074499974
21346,0.0620298865000013
213236,0.0903649482300013
18011,-0.09250998900999896
12592,-0.17920075994999474
21689,0.14859105881500145
66505,-0.09223249160499769
14853,-0.1694679498650027
271305,0.13007205440999847
18189,0.2482018235149992
67763,-0.06639384250000191
75613,-0.1704369136149957
76487,-0.1604693056299995
15213,-0.15747300663999964
215378,0.2119826515300023
213012,0.16505829474999612
53881,-0.06893094772999664
22419,0.10457477050000108
22758,-0.1258678386600014
212880,-0.11001299463999814
57316,0.1378313360249992
16875,0.17615305989000074
209131,-0.09406558566499967
16451,-0.06031948140000054
106585,0.1326962108550056
17528,-0.1493863627900014
56538,0.2623772567750011
68753,0.1720961985900007
14450,0.23794954603500162
211064,0.12077788193000494
208098,-0.17893285297499917
68947,0.17025910834000024
72750,0.0673055504600022
52535,-0.15544356818999994
71223,-0.12756495828499848
22193,0.10559801069999963
102124,0.21997913954000214
233805,-0.16107294853499932
12686,-0.17958952285500018
15111,-0.2370174256299986
11973,0.0581044351399953
94346,-0.0581964096999954
14154,-0.05464710435000342
56758,-0.05426886074999615
67332,-0.049636260799998055
15285,-0.1352185092999978
100503185,0.13742270717500205
13070,0.13498838631999632
73690,-0.07456699950500045
73139,0.11588364103000792
229780,-0.16732749514500256
68810,0.18656261314500044
71778,-0.08537163995499952
60322,-0.12647190838500144
56375,0.110195420765002
433485,0.19854153387999984
214663,-0.15635887956499772
225642,0.13760484040500032
238455,0.152066263870001
330450,-0.23890556232499938
16796,-0.16865247144000017
99152,0.062417075299991964
544696,-0.14154347544500023
16199,-0.181379294510001
56873,0.2035709301750015
56515,0.08662874258000208
30800,0.22918404657999858
11831,0.21562365902500114
333605,0.2160373272350009
330474,-0.11796517785999328
68393,0.1957426120500001
70584,0.07300982120000654
67844,-0.07946361176999872
94215,0.15500939457499996
18783,0.10380520211499977
69228,-0.08962213674999919
27411,-0.18923036803000404
227095,0.06971539836000229
328365,0.09940785291000509
229504,-0.15710488586000082
21976,-0.10458635137499961
99738,0.16692514713000062
21356,-0.05782065995000352
80289,0.0696944376949995
20319,0.14888632365499976
21835,-0.13881474033999952
18798,-0.14496294335999949
353148,-0.1243378782700022
384009,-0.06359075444999895
435626,0.17159834714000244
13082,-0.16091959242499865
17118,0.06256136414000579
70225,0.07339779145000058
73472,-0.1735151989949979
109349,-0.1567202328199988
140483,-0.14272111841000168
20211,0.13719598412000122
15214,-0.15848124838999977
22353,0.190159052824999
98710,-0.16743918913999956
12140,-0.21462540380499684
12228,0.08853721085000643
226251,-0.10723145537499867
239114,0.24964473613500093
219181,0.14293574437000256
11688,0.13838781179499993
217705,0.12153520418500019
320782,-0.18980719522999845
235386,0.20158122857999938
76877,0.1463351705500031
56195,-0.17314864302499977
434437,0.23480713232000205
550619,-0.11711630880000001
12520,0.05198735339999949
57278,-0.15943903178999985
22778,0.13793926376499854
14228,0.07953723055499662
319475,-0.1138802445650029
215748,0.13859526554999935
66356,0.09016481951499955
269529,-0.15125422135000033
380967,-0.15069662795999417
70422,0.17450048474000113
68044,0.18706011198000638
16006,0.10030422567999997
102414,-0.08037167783500188
18390,-0.07619007700000147
243725,-0.10699332106500048
18416,-0.1696409102600005
100043314,-0.1397771795599989
19401,-0.06060891154999304
18634,-0.10997798549500093
76157,-0.10997798549500093
64602,-0.11367533047499823
18053,0.07003371137999981
71306,0.18394861347999836
319713,-0.11977161154999738
380863,0.12822868139000132
20322,0.06808986984999521
12700,-0.22364248927499464
327951,-0.12681477542499664
72599,-0.21894173054999655
14123,0.13768265625500042
54216,-0.15731714233999838
105859,0.17653166573000068
64818,0.11685058229500012
20532,-0.20700633704999705
68268,-0.09584926692000195
12182,-0.10068735709500132
225152,0.19526641220000052
71752,-0.0821077167449964
22269,0.13935456262000212
380755,0.14716387061999914
110891,-0.12300295102999836
18541,-0.08270739594499688
75409,-0.22957597153000053
68592,-0.08652959720000197
20429,-0.23509387689000016
20655,-0.042257272499995224
72754,-0.20902029866999516
625638,0.29967257910000056
67728,0.07692950995999936
20521,0.14710318786999954
72565,-0.4232338488499998
67469,0.07237050665000044
54418,0.12872757548000635
67008,-0.12246936365000316
20947,0.06372536667000617
270757,-0.07029264729999163
21814,-0.1426248156999943
13998,0.20603950030499796
22217,-0.06442606389499694
12933,-0.18356909725999948
66629,0.05568105937499901
225898,0.06122294675000184
11472,-0.15380805539499853
71111,0.17164987497000173
14058,-0.08387802242499909
16867,0.19729781534999802
74023,0.14775626840000156
68515,0.1538597966350066
231070,-0.1602641682049999
228005,-0.14016493065500146
51886,0.17802137069499846
11634,-0.19443103291500163
17927,0.1428673262100002
232560,-0.07324087173999949
64930,0.11423679963499644
18755,-0.12591850406499816
71131,-0.12776796873500018
14065,-0.1838797479649985
18970,-0.1824756403550003
100609,-0.17772217256000022
14208,0.09858562553999839
382543,-0.1448241661950025
224014,0.17536508199000078
71913,0.09368073732500015
66722,-0.17117261285000085
320360,0.20736801482000056
67760,-0.1488569215400002
11863,0.07189259118499969
12777,-0.1114828682549982
54324,-0.13788283019000191
72123,0.08528673133999831
52150,0.14481186842000238
53623,0.3118606845199987
103135,-0.236625942375003
228421,0.3674448001149999
56381,0.21041884544500356
18769,0.06179719270000028
192786,-0.08439941024999875
70129,-0.16064094143999963
192195,-0.1671985177199966
235527,-0.17147222958999686
13110,0.16102818349000536
269328,0.12235799672000125
76260,-0.2377427096349991
67118,0.057096203950006696
72562,0.1460078465399981
71254,0.15219881431000015
74306,0.13902195539999962
75029,-0.12715724848000054
76742,0.07394492800000307
353155,0.12374394746500172
56373,-0.10409453020999937
27410,0.05387084865000347
67758,0.11293999240999897
94179,0.12363068639000119
22590,-0.04945611025000041
67219,0.13609382655499846
216742,-0.06615646651000162
14344,-0.16318851005500257
13191,0.06376945150000424
231637,-0.1281972025300009
13605,-0.08895033756000004
16172,-0.2037211373849992
78317,0.05738128055000047
59043,-0.1856643695500022
435684,0.11322907789500114
53619,-0.1278946591450012
215690,0.17718343385000246
67306,-0.1829277240599998
320587,0.20564822269999894
52715,0.13507681564500285
11855,0.13521464605000144
76779,0.07519013049500423
69748,-0.06131666579999617
57390,-0.22194650025999652
15500,0.15016134810500148
67371,-0.056121540769998646
56458,-0.09652011074999578
241514,-0.12099748358000006
16181,-0.20597683963499858
622408,-0.07120413109999824
17292,-0.14417035278999846
59026,0.08362670033000263
68915,-0.150049004115
11308,0.0847188843150013
228410,-0.14063586999500188
233651,0.11634426306500067
170731,0.0778633464800027
21928,0.08108000574499918
320995,-0.18785568062999936
329628,0.15806160017000126
56229,0.16591408364000237
58231,0.06495787265000175
52036,0.10474311775500134
353282,0.11862791919000149
16779,0.16123970319000058
434903,0.2774019947650004
23948,0.1189021513999986
23837,-0.06581450908999642
17755,-0.13420338865500003
16512,0.07368410467499942
23821,-0.176611847080002
238331,0.041572232299991185
14674,-0.06315090673499135
17535,-0.1528525755899981
224912,-0.11585953155999729
54188,0.05366000168500129
74254,-0.21669832116499776
80796,-0.18138989566499886
320678,-0.12189129415500144
67976,0.08800937507500528
52850,0.11367058297500154
19216,0.16110500970500485
30044,0.10370411292499959
99439,0.061774391100001935
269959,-0.11198875411499998
209584,0.21536816317000085
76757,0.12611159547499984
328381,-0.13843809112499894
110196,-0.06685895134499731
109934,0.1242219355650036
17979,-0.06351361265000399
16889,-0.06594116685999829
434402,0.05641814124999733
236539,0.09077467273999673
81018,0.06802726929999814
64899,0.1242749342199998
382427,0.10726347583999951
231805,0.07683503280000537
20479,-0.08852803858500202
56198,0.12253780245000634
216869,0.0497212318600031
212516,0.18035471908500345
56807,0.21461444277999853
381884,-0.13229860635999824
216456,-0.1338229990399995
226265,0.25311898086000273
83702,-0.20547374179499833
18641,0.18277857693999877
227700,-0.03992542604999194
236781,0.3479295763599968
434215,0.12585387513499757
13142,-0.16058575958000088
67732,0.15892811156499942
26968,0.465007662435001
170743,0.11098272839000245
192197,-0.10186589429499904
76072,-0.1644978032899993
97064,-0.16349652463499886
22427,-0.13931052542500222
195727,0.13459719433499906
67374,0.13646996775499876
109685,-0.11412101824999876
16855,0.06908259451500243
224836,-0.21140404258499812
74577,-0.1043292090400012
211770,0.11264508181500421
78506,-0.1312577456049988
11744,0.06972917561000003
263764,0.21315537936500206
11450,0.27720133128000235
20286,-0.18437682843500003
94352,-0.13433723049999813
14369,-0.13118562733500072
13589,-0.050004713184996774
228731,-0.21922990225499994
18040,-0.31524431782999773
15408,0.17856558031999992
16453,-0.14221800337500223
72736,-0.10625842778499983
14916,0.1543236218649997
20740,-0.09617671349999846
74052,-0.1390733185099986
117197,0.11272200959999612
235599,0.12509994622499976
241275,-0.17332532935500033
234683,0.09093370696999958
63958,0.08288274506999826
98956,0.11007899206999916
69349,-0.1430295245049984
269513,-0.15623325397999777
16765,-0.12067734569999189
13837,0.20960161344500117
13712,0.16924756291000032
269682,-0.08852200736499682
433178,-0.20539271202999787
545276,0.22304696276500202
77286,-0.25739780471000184
68857,-0.12246760529999978
69188,0.07076516610000638
66128,-0.053731465564997194
20204,-0.14149497618500062
53334,-0.0627746678700003
68054,0.17680097734000055
15161,0.08271504341000124
73301,0.20438704238000227
16452,-0.04395451180000087
67983,0.12322724248000139
76183,-0.1597094219299997
211401,0.13207825764000525
226154,-0.1415279925799986
226040,0.11721038162499875
12069,0.16058095833000063
70358,-0.14070066186499908
118454,0.13218158089500243
13846,-0.14266276300000147
12145,-0.05986002740000096
11878,-0.15655488072999812
20346,0.17998317961000154
78816,-0.08438642097499383
67618,-0.1027540740049977
64143,-0.06516747645500232
228993,-0.11111099483499842
17957,-0.17324341578000002
74043,-0.07465008790999761
117589,0.057008290825002916
21400,-0.13702421793499964
226982,-0.1514679500499998
59083,-0.1361928294849979
243764,-0.21242343180999868
17714,-0.09427461435500106
66124,0.12282834974000068
214137,0.1578635025849997
234788,0.15010146636000332
629114,-0.16102063673
18716,0.15054625422499956
21907,0.16141345217000147
17907,-0.13573554262500043
233067,0.14331700086999977
382137,0.0947421511399984
66921,-0.0829362625949992
52502,0.05298527890001026
243958,0.05513449653499691
64933,-0.08644853327999957
12662,-0.17796720291999524
56543,0.11566032307000107
17698,-0.06503140489999737
72621,-0.13893503450499978
16833,-0.1485360412499972
16497,0.21185740661499874
216859,-0.07366221764999814
216858,-0.07366221764999814
77877,0.13914213762499905
58861,-0.1648381763399973
272411,0.1274483748199997
74569,-0.09017397399999538
233199,0.1314113733300033
13423,-0.0604397104499963
54609,-0.11116713342999862
53382,0.148752348920004
75599,0.07719037600500123
237987,0.16515889531000028
98711,-0.2113306791299987
14281,0.1800193459800008
19373,-0.10067106178999818
629147,0.07819552809000019
213498,-0.13130753480999413
209011,-0.0667660792499909
100727,0.13296612048500078
16565,-0.08837031074999935
50913,0.21700948447999835
20288,0.17504509288000047
66614,-0.05645559170499759
72054,-0.07323429419999883
215494,-0.14729209349500128
245595,0.13148788206500006
11602,0.1307732080599986
327954,0.19924034296000093
110751,-0.06748053229499718
69076,0.054692750695007675
233649,0.12691503499499923
215772,0.1344563704150037
13511,-0.09739740852500267
233918,-0.18605055817999894
16195,-0.12560266155000122
140491,-0.18192016352999962
15463,-0.13788072154999842
244421,0.09649771365999626
21339,0.12723622541500035
56522,-0.11656969794999794
78593,0.19447040672999982
12322,-0.11955630793499594
13856,0.1729821397100011
12453,0.061440992049993426
233204,-0.08615404694499951
54610,0.19968868478499946
13162,-0.12102021960499965
74153,-0.039110164600000275
13516,-0.12626973877500092
27029,0.06699457404999976
72171,0.18204342827499786
110893,0.11567794470000692
57295,0.11034857216500349
70238,-0.07489039099500072
98685,-0.14777841036500128
236643,0.12245202806500144
102774,-0.1476724345850018
320145,-0.14650865676500224
192199,-0.21292220739000012
24108,0.13093785287499848
13121,-0.1435270794299992
18536,-0.12858339737000346
78232,-0.06485611423999771
241694,-0.1826923071350004
108909,0.05228717804999761
66576,-0.03881863209999992
109145,-0.047241386499996096
73748,-0.12655318569999885
83679,-0.06114823934999869
100705,-0.16880918181999682
268288,-0.09569655038999425
226551,0.13804883070499585
16703,0.144183809630003
18105,-0.0778758167050011
74015,-0.06517341285999656
73032,0.1348207387650011
108672,-0.17070184055500093
71943,0.0932826047849975
71435,-0.15424814545500354
67727,-0.07899032280500329
105348,-0.05349268068500024
21745,-0.09582709493000507
54611,0.2220281680099987
72674,0.05024886209999835
67866,0.1563103274200035
320473,-0.14705476267500028
21945,-0.11672721821000032
77809,0.09511667837999749
19386,0.1231181096600018
17179,-0.05282893763500596
84004,0.07863857159999732
69724,-0.04555173322500217
70356,0.04914726055000074
50524,0.5166831921750008
80884,0.04740917401500333
621976,0.15243875038000354
230696,-0.12752586149000056
76156,-0.11949123370999892
64293,-0.14586176226499914
117149,0.08254660970499916
14613,-0.10903874290499793
245866,-0.19423069841999485
671232,-0.12119376668999893
269152,-0.15168566686500018
14726,0.177659456160002
320267,0.14837515588999928
195208,0.1405964534600015
545817,0.10225932224999923
218103,0.1731499641350016
381142,-0.15139665332499908
211347,0.14429198949500588
237504,0.15190288099500115
244238,0.08591624490000171
11607,0.12586000498500027
20678,-0.17732064962499816
213527,0.20822459960500161
18479,0.14926408906000077
232889,-0.19064714749999956
18979,0.0628158726600021
18034,0.06597794772000043
54486,-0.1277522977549972
57259,0.0634698756199974
19024,-0.1403732974449996
74186,0.11033034262500063
68797,0.20295690282000045
54373,0.13250566418499687
270906,-0.182640746959998
78284,-0.13580486311499929
15510,-0.054825964700000895
54616,0.05319393996000166
12355,-0.18447446267499767
22063,0.15226093718000122
73902,0.1780251072950012
64661,-0.1913625890199988
74649,0.11322014391000312
20371,0.10843474334500058
78892,0.12326884526499882
240899,0.13539672265500124
228777,-0.0916310618950007
269063,0.1824168515949962
16411,0.09054630241999817
74369,0.19127757254000066
78390,0.16214491263500097
319701,0.12791858168500214
229543,-0.09542029610499903
227638,0.4034436805800006
52187,-0.1503455594749994
75590,0.16390022866500065
68729,-0.10916214841000205
625286,0.13111027079500248
22319,-0.10408524327500057
15405,0.14442525872999923
66259,0.1315694014899984
72634,-0.18071363714999977
244329,0.12548989134000355
242297,0.13007025517500193
18596,-0.13550428831499906
319266,-0.1423055955899999
67938,-0.05043096505000122
14719,0.06517969408999846
74022,-0.055293064325002916
268591,0.18848950039000023
66605,0.12613299209000095
57014,0.12549175456500006
22236,0.06631345769000596
394433,0.06631345769000596
394436,0.06631345769000596
76719,0.1356914645500007
19684,-0.06400964362000039
331461,0.17735341291500362
68366,-0.19290838262000065
70601,-0.07523788666500053
99480,-0.05062862925000111
12788,-0.07196422430999672
217212,-0.16153942826999845
12154,0.1896339087100012
104479,-0.15187985919000013
19055,-0.06488114072999629
69956,-0.07550222671999762
68801,-0.09796321254999896
67151,0.0762216508799991
330230,-0.16746049498500248
108017,-0.13212288557499985
626596,0.15710180159000142
73259,-0.17163392236499853
12391,0.16178252676500104
208884,0.05403484950500115
67747,-0.15295064182999996
226098,0.14363259207000123
64381,-0.12934632174499594
216974,0.13133716412000052
408190,-0.10993895043000634
109113,-0.05301089098999512
407831,-0.14132436550500227
20448,0.10660114208999794
18693,-0.1716656141100028
232664,-0.12056769618000063
403205,-0.0990249195649997
12675,-0.06367347332999884
20732,-0.11762067536000043
208372,0.1521449934900021
13830,0.15432511038499985
228942,0.2032471358300012
102294,-0.20001647133999612
23871,-0.06758173864999861
66674,0.12356575719999974
13197,0.09891175372999683
23876,-0.11408499199999822
213084,-0.16703254326999684
98386,-0.04613739109999848
244923,-0.06631595971999937
231151,-0.15285270180499833
13424,0.05756063586500204
75766,0.14961453870499852
18750,0.05730833417500669
218035,-0.07251235095499808
230751,0.1680013627650041
70891,-0.08368298196499957
233406,0.11683263309000136
216516,0.1498267187850022
24044,-0.04580453544999763
74492,0.10638669313999882
69852,-0.16871718531500157
11754,0.11501275610499828
75173,0.1960357713750014
70683,-0.09671906433999933
320011,-0.059583935949998335
13796,0.11271565406500006
27260,-0.10967439346500285
210757,-0.08327508958499674
211673,0.055968176515001744
54137,-0.07788367971999577
17196,-0.062128356550006814
227801,-0.13807695269500275
12181,-0.057934586900005414
268396,0.12718056226500085
233332,-0.10509986015499795
19220,-0.15578680429499814
329002,0.11490501479999704
100532,0.08477547442500111
18003,-0.0795519488199945
246277,-0.19017827358500128
12903,0.17877703279000157
83962,0.04675857581500509
13019,-0.09237014355000195
72094,-0.1286479266549989
11540,0.1126844652150023
11489,0.09616261302500106
211739,0.09900967332000299
50907,-0.053644018800000026
51944,0.13601002180000243
214791,0.10488215210000007
19272,0.1526269279149992
217944,-0.11880690764499935
213109,0.0802257780550022
29806,-0.046167983599994855
14526,0.042378742609999964
233071,0.07067205284000089
74159,-0.09330619299000542
80905,-0.12484795048499997
226654,0.12142599919499908
71918,0.0919413343350044
224045,-0.0680218541900004
12959,0.1016396556300041
238799,-0.04776202289000153
243771,-0.1653848625349994
19212,0.09038710179999976
23947,-0.12261851421000047
18114,0.05879687930000088
21453,-0.07548130359999838
237831,0.12742128417000131
226413,-0.13210994701999956
94280,-0.04747515435000338
19672,0.05595200281999624
24136,-0.07044206081000048
114141,-0.11568947242999883
252972,-0.05476624263999952
75991,-0.12027739247999847
12565,0.12754215157000104
216393,0.22089148658500246
74011,-0.10970620307999912
16492,-0.09193186941499931
19879,-0.1629470158499977
170729,0.13129910957999957
17128,0.04872834222000577
20848,0.062299635099998696
63993,-0.1370373269900007
54519,0.07627174984999918
234839,-0.03967288905000643
30947,-0.04727461986499826
382620,-0.16334821951999778
16430,-0.1098883814349998
245877,-0.04944847175000078
12166,0.14877601316999867
171212,-0.03972142860000183
170788,-0.07942001310500002
17916,0.06705475760000112
170459,-0.09442421816499813
240869,0.0901670827500034
73825,0.06409888822500243
66634,0.17335097443500036
246313,-0.13380337341000148
20266,0.12671368367999936
239337,-0.14860602568999592
269019,-0.1273646843599998
107732,-0.04664644384000027
76281,-0.04515198174999391
20028,-0.13516637299000012
382018,0.12839840457500085
19679,0.08324465792000169
14776,-0.06333050744500035
22634,-0.06967273396499607
18971,0.06415907276000077
20620,-0.15276217665000047
68236,0.12768058196499954
16499,-0.08303900652999863
12020,0.16977178248500113
14559,0.17330065932999883
93690,0.10123558814000244
67171,-0.05432138363499561
14420,0.0902517741049973
242939,0.11520548872500314
18430,0.07165595229000488
26879,-0.10789086179000318
71968,-0.04278102010999696
67874,0.11134124086500163
55982,0.12901369175
76448,-0.0642499399549985
15558,0.12079136597999973
270086,-0.06712653524999901
636808,-0.11766565896499781
108015,-0.1281907914050029
246228,0.14338971493000185
329421,-0.07958999392000088
236915,0.16935040056500128
12212,-0.10054732606999917
19074,0.14643994249500203
84094,-0.09568042044999814
100039596,-0.09726507024999975
66870,-0.044764329749998666
71436,-0.07333611996499823
20148,-0.04644823199998882
26875,-0.06877784060999481
14566,0.10609444892000042
74499,-0.1318074373399991
100504689,-0.12592575138999962
108655,-0.06565692110000221
14287,-0.05766491859999334
71972,-0.15716326643999867
269593,0.1481445450799992
63985,0.04318415374999951
18012,-0.08447955914499694
22628,0.10852500421500366
242259,-0.1127794156350026
14367,0.13112858353000156
12995,0.04878470876999508
109052,0.08514021675500194
70840,-0.08861839064000021
268902,0.11362235958499856
237625,0.14961259037499985
15512,-0.12595719729500132
212285,-0.09170797030499322
207911,-0.13527492419999865
15439,-0.06167358724999694
12336,0.03711149735000241
19157,0.041209674399997454
59093,-0.1700809246599997
227449,-0.08748186061499652
56429,0.041048347799998997
623046,0.14310916217500091
218314,-0.07364356990999887
57261,0.09455341749999846
208994,0.20630712323500067
211798,0.11944499795500141
69276,-0.04628130029999511
53614,-0.09271999808499753
19075,-0.1218379778450025
209032,-0.18575802833500088
231386,0.05325223460000572
58866,-0.09300873975000057
57751,-0.04302873369999638
53978,-0.11319279418499972
665119,0.10624449348499887
217682,-0.10421817238000086
14086,-0.1258574854349992
29819,-0.1179692556550016
14121,0.09441491522000245
109264,-0.12708068013999974
20652,0.13357922808500167
217369,-0.1457141026699995
226539,-0.13627770020999908
69379,0.11960303735500055
22654,0.23991708956000046
66218,-0.037406882200002656
107476,-0.0905319068499999
16800,-0.056928872400002106
67929,-0.16616942244499855
170756,-0.1798003929349976
16364,-0.1752193368599979
15396,-0.07412671893999878
16963,-0.10049103921000047
230809,-0.091100068994999
239839,0.10425692725000024
18972,-0.18932683653499716
217069,-0.048060091249999104
110326,0.11309208611000177
76137,0.08220097803000126
26433,-0.05190928086999946
70984,0.12668811801499924
76942,0.06847241254999847
218544,-0.11063699458499787
224813,-0.10706514569500047
353326,0.12055523554000125
83815,-0.05179539649000198
13869,0.14153187607500017
24086,0.12881839547500284
208366,-0.08339496720499984
104799,-0.050833072379996125
76784,0.03806571809999504
234663,-0.09529030450999709
170644,0.040416546370003914
239447,-0.11486888352499758
378700,-0.17785630589000068
18526,-0.08565013934500199
100504663,-0.04422244970500078
22685,-0.13288010941999762
381157,0.0869915194000006
321007,0.12967143012500326
110115,0.10630041071000074
76832,-0.11660650631499703
80287,-0.03839681924999638
74229,0.1079146578949981
12385,-0.05486795227499641
78808,0.08089462312500029
70611,-0.09825159047000209
11975,-0.05471727317999786
56626,-0.05143809105500097
26558,0.046616718210002794
268709,0.1162866875500086
26563,0.11017980608000144
237082,-0.09270638036999657
18626,-0.08086982014500421
216285,0.10439865491999933
69714,-0.15661294930000125
18797,0.11870674225999789
108011,0.11495929218499956
51938,-0.2072390723050006
57376,0.043562528140004275
12418,-0.06587552635000016
83964,-0.1359669839649995
68233,0.10850874365999941
74080,0.07146609763000011
320632,0.061100997850003225
383563,0.08379743923500094
219257,-0.49703771472500025
15516,-0.05128049460000561
103963,-0.03756519024999605
234699,-0.052851073100001145
252967,-0.09990723746499963
320727,-0.17579993140499806
26424,-0.09791247967999661
235330,0.12497825154499997
16594,-0.06907881315999909
16876,0.12906813183000132
15931,-0.07713219782000102
244198,0.08348491948500092
231103,0.1912101497799994
75400,0.11205627764000248
19660,-0.14814204931499964
18830,-0.05930789581500129
54712,-0.10491291173999873
16470,-0.08179996106500376
378430,0.08922063815500181
18231,-0.13919981167999884
235033,0.08501422050500107
64436,-0.04380474975999604
227648,-0.04380474975999604
240427,0.1381510215699997
12307,-0.1253174055099997
68192,0.06301522370500123
240667,0.11016455593500041
16949,0.1088206078999967
268780,-0.14275992495000134
21754,-0.04345769450499937
237310,-0.16859193796000138
232816,0.031876238599998885
29810,0.08484297028000043
13874,0.11778922934000047
234366,0.06121155228500719
12155,0.16926639733000082
71801,-0.06797732577499538
22156,-0.09345641037499952
80719,0.052185302950007895
56643,-0.21552755441499816
22288,0.152936189770001
69354,-0.10904062104999879
14089,0.10007303045500038
74775,-0.04420672454999597
50874,0.06259440415499462
67534,0.10669114852000217
13360,-0.14033289932499748
18569,-0.06638525119998917
207278,-0.08703974974500106
19126,-0.11200543140999919
66949,-0.05451632815000096
69642,0.10790408229000192
215114,0.11320263227500149
64817,0.09856397560499808
231207,0.10195173815000036
109270,0.0413259764850018
16834,-0.038370662150006396
19152,-0.10391886182999954
69804,-0.04104929701999893
68992,0.10730984997000181
170787,-0.05066739000500142
98970,-0.10268812286499829
14563,-0.13825135515499998
74104,-0.09714576818499765
74241,0.06665632085999995
66601,-0.1112391926500007
104871,-0.08971221018500053
67092,-0.16486919066500327
81003,-0.18712571130500066
69456,-0.12762624810500434
238330,-0.050416471024995246
68755,-0.06741098494500175
72077,0.12885464935499957
64242,0.10615855219000059
654812,-0.1165745884499998
78798,0.07551269858999632
20473,-0.09707764921000006
12841,0.10499596404000133
21872,0.09177566494499967
15423,-0.11190196884999937
74405,-0.08458052027000074
381924,-0.15225395359500116
171395,0.13857861757000034
18784,0.14233082106500383
14734,-0.11662097398499949
232539,0.10025422537499917
64450,-0.07841663660000009
70461,0.09775752939000171
69444,0.09887096606499757
233064,-0.029098615800020156
18762,-0.14087630411999896
66320,-0.0391035856499915
22057,-0.06162250879999842
14725,0.11837513257500198
381485,-0.11977282725999938
224088,0.11578838641999756
320528,0.08828226618999935
142687,0.12465167200500149
18101,-0.11870977473500055
329795,-0.09545072401000088
16998,-0.07389954613500294
67573,0.11979013849999998
110957,0.14806962947499924
18701,-0.08987155884499742
99031,0.1565293043500029
18553,-0.10491279253999952
71985,-0.04168518549999867
117600,-0.16250954015500074
18969,0.1300270097200027
14427,0.19866024676000116
93881,-0.10515398645499996
383075,0.08755203373499931
433938,-0.17447482509500123
433667,-0.15329503496499708
74019,-0.10989205896999987
56622,-0.1855618192699957
17311,0.09575887878500033
353328,0.07726681873000274
110197,-0.12978323705500117
69786,-0.043087733500001946
22034,-0.08524270551000157
140494,-0.05581832788999819
66748,0.13556255897500114
269003,-0.0595573192449983
12616,0.10809088763000219
14159,0.05118501053000202
16777,-0.16150839178000043
208795,-0.14390658020999503
18160,0.16296577138000057
66663,-0.042639339549996436
72685,-0.1685347527800003
216749,-0.07132982592999948
71101,-0.12912608632999767
17219,-0.04868405030000211
226115,-0.13835239876999994
381359,-0.15865875257000006
54710,0.10199872908500085
242341,0.0882072073400022
18566,0.12104191705999856
22270,-0.09419953093999922
216963,-0.1338952228949939
242122,-0.11504553729500122
69171,-0.03060047309999625
231549,-0.14114118414499988
22061,0.0387974114000027
242474,-0.09650134816999945
208449,0.04225174924000186
329872,-0.15762576454499833
217737,0.02940972300000233
84704,0.10836184398000048
59006,-0.07707938269999781
380718,-0.07924477407499708
237360,-0.04981463333499825
12669,-0.12192468413500057
225994,-0.193919756055001
214063,-0.15476861625499883
12617,0.09219004918000095
69129,0.07773909628499887
14939,-0.10631739233999848
280635,0.08891573987000312
216198,0.1122184348999955
83674,0.14238848784500036
64406,-0.1123697994249997
268958,-0.06550448475000081
17463,0.05505334503000192
70361,-0.0608183466549983
109880,0.059072741349999625
16516,-0.09823998914500187
21415,-0.1717495960799993
68473,-0.15757887400499904
105000,0.07462375379000008
20537,0.11045329271999904
54667,-0.15420941617500006
67096,-0.10873706010499617
56492,-0.13642429111499865
227707,-0.03562447460000939
18996,-0.31875926327500004
54473,0.043028127959997775
100038417,0.10698534447999952
70097,0.10976151632500031
18113,0.08662695037000301
14607,0.11504305452000096
66427,0.061871875240004925
11536,0.08515351528500137
22762,-0.0933778930449991
104709,-0.04238743280999735
232585,-0.08797318849000035
59092,-0.06474569016000142
57837,-0.05832255073499759
207215,-0.11785455726499894
20494,-0.14981008483499947
170625,-0.054629567790000166
381738,-0.10362819646999988
193003,-0.09138052783500061
66269,0.15935904859999805
105243,0.0962429584149973
234723,0.044008194010002555
237716,-0.14445422399500174
71982,0.049891405810002176
259300,-0.05805264567999924
382089,0.10274859982999995
18019,0.06985714562500256
70640,0.1396099383250018
217198,0.1369678010100035
234421,0.10190472208000223
19883,-0.12293551312500117
101185,-0.07323336374
353188,-0.12151690078000321
242553,0.11620776370500163
19703,-0.0924979683900009
20974,0.13268850428000167
75530,-0.09973469295999582
66667,0.13538362810499915
104252,0.03525335582500411
53872,0.10790075357500051
100043332,-0.15519150983499763
224105,-0.04739065666999487
666060,-0.08646649824499786
12049,0.116480677360002
100061,0.058509610799994505
243867,-0.07719799276499728
11816,-0.04909645839999932
219140,-0.09676424044000065
228787,-0.07635190791499857
12570,-0.14667598864999842
14313,-0.09698813455500055
18571,0.047756524015001744
56534,-0.09532446723000065
67120,-0.09575282355999626
241727,0.08089133275000027
23921,0.1271044741500056
71837,-0.08065647839499812
216877,0.04715183217000174
195018,-0.12230513679999966
50753,0.055952379845004785
16009,-0.10824826588999903
71893,-0.09636662694000186
54561,0.17739436431
24088,-0.058147535489996294
414872,-0.07389406084999806
76652,0.09286958534500123
15203,-0.07990737327999753
76608,-0.11187261284500138
117606,-0.14192297161499878
234395,0.06553347208999849
329908,-0.1176260309649999
74039,0.04867322854999934
70385,-0.11771302014500051
13382,-0.07614195553000158
58217,0.0642700123449984
234542,0.09206734943999884
209232,-0.11412676674999833
93873,0.13235745829
97086,-0.1278953353400043
215456,-0.16202265970499852
20451,0.16773997186999967
77945,0.0633954467200013
70031,0.09673305660499576
13394,0.10789836281000387
240322,0.05905296621999989
66592,0.041103552995002346
67886,0.05751721508000074
20296,-0.06482192695999922
110877,-0.09556209474999822
381853,0.07901800598000097
244551,-0.06438553070000097
234311,-0.112866650525
18534,0.11538307634499922
104582,0.1067199612700005
233799,0.14124092695500057
54711,-0.06497482763500084
17859,-0.07928156213499804
68498,-0.10877730142499997
68465,-0.03777256519999561
71846,-0.08464438316500278
67433,-0.10014978197000168
233410,0.03898754020000972
93835,-0.11277184856500133
381319,0.10172946484499601
208146,-0.04882985810999507
544963,-0.08635056882999859
243382,0.06534199287999698
75470,0.08638497761999897
72258,-0.15230988392499967
233833,-0.15511385822
320865,0.08185855956000276
75345,-0.16118596856499856
75311,0.10733190577000151
68421,0.04750865040000285
69234,0.04861064725500164
232086,-0.09988154964000007
21846,-0.09411135362500023
18551,-0.1182564187199997
27399,-0.03442933479999333
110006,0.041748682170000606
18575,0.10404623976500105
320394,0.11054819867499699
105450,-0.09582633564500043
11516,0.1006894200900037
238055,-0.11476140734999785
68533,-0.07747544148499852
74288,0.1580482917600028
70387,-0.059080072895001834
66595,0.08654485579500015
67768,-0.13974475364000227
67418,0.03653832627499831
23993,0.11759097573000021
78781,-0.03302273630000485
207182,0.1324636890900006
21949,0.04747437129500032
20181,-0.09620806221000056
18574,0.04235252058499839
53858,0.11147857883999723
57339,0.10635337681000046
12628,-0.105331271629999
241303,-0.04783360034999973
215819,-0.1055083958599985
319520,-0.10347534631000066
11774,-0.04046053759999424
214444,-0.06145515790499889
237178,0.07277060798500168
192120,0.08237803084000284
244416,-0.058487403250000014
51897,0.036436946619996746
238252,-0.1060910855299988
246787,0.0934881313750009
27219,0.24442399095999923
244882,-0.12687131391999973
76007,-0.10162680056500228
319370,0.03016410830000993
380702,-0.10679320014000027
240121,0.11680463357000015
22351,0.04424233001999589
18223,-0.15845773780000183
109648,0.0472370283000032
217692,-0.05479277536499971
30840,0.07765485734000155
59288,0.05698311899500297
228775,-0.12053663808500037
20437,-0.08573911124500189
382985,-0.0864532556149964
208194,-0.1147275624600006
12798,-0.03369765234999633
11564,-0.1343545136649995
16518,0.1136458840949981
71791,0.14456862536000203
140904,0.07588118489999474
68147,-0.055360180234997
67868,0.11080214361999996
23850,0.1027060327550009
320696,0.1766921536850008
56697,-0.0539599162050024
21454,-0.05625362545000101
71769,-0.12113212552500041
237542,-0.12113212552500041
83965,-0.1554206637600002
668257,-0.08097492442499954
72931,0.028400850800004207
56045,0.04864341789999571
14815,-0.041665090299996876
14805,-0.10918670895999938
170749,-0.06492118646999412
21355,-0.046474752749999126
60505,0.09757205904499955
72140,0.042494206069997986
67231,0.04334302195499795
270097,0.13442672763500152
213081,-0.10422059554499885
20614,-0.06182159369999951
68352,0.08754447363999951
107995,0.10909824668000301
70495,-0.12638435284999794
100102,0.07188114116000222
70370,0.11320665080500225
18033,-0.041803549029999054
71983,0.11175571801499995
74914,-0.15254256397999866
103466,-0.13830301213499752
192653,0.08945248115000126
231691,0.14640757207500155
114566,0.09105854709500161
68628,-0.08212430218500089
140476,0.11485794010500028
100043254,0.09489179679500115
56370,0.14269788800000205
667118,-0.03650180310000373
70579,-0.03650180310000373
18016,-0.05154984293499787
233038,-0.09010107310999693
223722,-0.2545972478100005
99326,0.11932277586999707
56356,-0.03721647611499712
13496,-0.045139267614997536
240087,0.0404758383949968
243897,0.06544182758000705
219038,-0.08401142401500028
18545,0.07243787259999923
13723,-0.038636118399994146
215031,0.13101121142000416
74978,0.11204222521000151
59020,0.11038044026999927
12671,-0.11036857253499921
623474,0.1002836128400002
225283,-0.06634700952499983
239405,-0.08732487701500125
15502,0.1392824095300007
14232,0.0325862949500042
21807,-0.0373465810000031
242721,-0.03488825069999102
237759,-0.09368484550999856
17161,-0.06933677985499997
21848,-0.05683329406500093
98878,-0.056256447425000466
71710,0.05461356823500019
22195,-0.029098885650006068
76800,-0.0693653644500003
21335,-0.0714975486149978
227331,0.052833067850002635
77782,-0.09057651865999894
11689,0.055879949120004824
99526,-0.08951343291500002
101883,0.03752658495000816
94178,0.04288790432500278
50767,0.04288790432500278
21336,-0.10278677156999994
93677,-0.1309729251849987
80292,0.09756930074500225
22359,-0.07543962880999855
75141,0.05955313094999859
16581,-0.09693773929499905
100043899,-0.06194962629000145
70465,-0.06072925285499853
74551,-0.04233442155999789
214901,-0.11713804736999833
76858,-0.08564388489999741
106618,-0.07563489187499783
78373,-0.07938636550499956
244141,-0.06914557856999703
78920,0.036627614404999065
242109,-0.09595062876999938
110794,-0.060719412104996096
19051,0.09971339504000065
11304,0.09710197422000011
78619,0.09563877340999838
52717,-0.03358860115000084
13347,-0.10695040856000126
76022,-0.14207390188000169
13058,0.05621245494500293
170745,0.11948595757000025
26381,0.12341837463000083
16600,-0.053575366209996034
59028,-0.07518080184000109
101502,0.04662271949999841
18489,-0.09088057215999967
240068,-0.08952014015499987
77042,-0.11796227410999682
244608,0.13083969970999965
21973,0.0755607289200011
16909,0.03924726039999271
380840,0.0835275335050012
13190,0.09988501869000199
217866,0.11166100712499993
20744,-0.08920517786499715
26428,-0.03922047154499886
58887,0.08349963123500004
21923,-0.1301403502099978
19206,0.08411025607000333
18768,-0.052658112475000074
114714,-0.04759603489998909
103743,-0.0972517984550012
207785,-0.09518748138499866
75396,0.15579016464500217
229003,-0.06052672489999722
68796,-0.0399744505749986
260299,0.12305790640500192
237459,0.06477478996999775
229302,0.11049086417499865
18577,-0.10401987462000228
67375,0.09514784634000062
17395,-0.08202315198999788
12173,-0.11690295935999728
252973,-0.16311371110499806
69700,0.12657230262999875
244178,-0.03031164283999921
11687,-0.08505061474500053
69071,-0.08406037762499796
229574,0.1126185441750005
69718,-0.1334331397650006
58869,0.06347600186500024
241196,-0.10930403398999955
15562,-0.06346884922999951
16332,0.04906831350499985
74012,0.0731651635750028
26932,0.0824603628000018
18619,0.108001119229999
16534,0.03194679196500694
22031,0.04252474220000302
13497,0.06048375896500158
66892,0.06951422965999932
12583,-0.09557352201499913
11555,0.058560443260005535
12144,0.11535404602000199
50875,-0.05066094309500002
217558,0.06995266831500224
80890,-0.11841951459499533
77595,0.13116576516999956
56310,0.03747610222999853
18806,-0.09845239897000191
14651,0.11289575325500012
11628,-0.09415647265999905
80904,0.09050407751499989
50769,-0.10218407616499814
237403,-0.09360603230999676
69983,0.12326078988999889
56365,-0.09244114502499912
15430,-0.11032597682500045
64385,0.15202466412499893
67770,-0.10185948123999644
246788,0.08630117375500079
192654,-0.09743482867999909
94226,-0.06443358618500206
71760,-0.1496234599950026
18826,0.04499782900000682
67578,0.07089537912000177
19731,-0.09047972511999802
270192,0.08929665371500173
67216,0.08720538171000047
71325,-0.11835587179999862
18111,-0.09076000009499952
319518,-0.13828629298499884
234796,-0.06532810902000019
74189,-0.09271786297499984
22026,-0.0421854068000016
58875,-0.02825110263999875
110948,0.08684738306499895
629761,-0.08585698032499955
14714,0.07355700993499958
227835,-0.03231617143999621
14161,0.102213587685001
100198,-0.05993288473499625
76793,-0.10135104853999799
18552,0.07184486703499937
22169,-0.0773660093050017
11777,0.04511283894999707
320500,-0.031006634550005074
622675,0.09759753158999995
67285,0.08209678296500122
11490,-0.033963976249996364
73813,0.09112774013500413
211484,-0.0757976006049983
233328,0.05531081150500228
243548,-0.08037893866499735
20660,0.04969617895000056
228136,0.03903445991500476
278097,-0.053026496485000685
15118,0.0747510650950014
71147,-0.0756377636000014
14811,-0.080582373815
192651,-0.09470599946499991
75695,0.08417509526500222
54367,-0.08304726428500242
11990,-0.11128463671499933
13608,-0.12759461770499625
226866,0.14707105952000088
269999,-0.032691527199999015
14827,0.029335195425000293
103537,0.06196930994500249
11363,-0.12033403761999573
20264,-0.12439792541500294
209497,-0.038436272195001564
69698,0.08813583448999918
72344,0.07626652335500328
140492,0.03090293976000069
50933,0.08869512696500248
57748,0.0715863502699996
243612,-0.07458452793999726
71103,-0.080934543984998
217351,0.058018870360003305
16396,0.03759290002999727
21871,0.033101825085003256
20311,-0.06082894270499972
12928,0.03000080848500275
19261,0.03919476308000469
19353,-0.02487539114999926
207151,0.10329657440000029
52163,-0.06020709749999842
73314,-0.16081374623499878
239985,0.04535193051999897
214425,-0.1032306823349991
22625,-0.08228495435000038
668929,-0.09383182779500032
50724,-0.029953229599998465
23966,-0.03626076320000671
12607,-0.04813996781000274
232339,0.08110087927000009
56055,0.10979206476500103
21946,-0.04116854396999159
56193,0.036399785250006644
19141,0.04107487825000078
277360,0.03294832504999867
83490,-0.050134565165000033
20980,0.10834118730499975
213765,-0.08947302756999909
229706,-0.11170843796999907
381318,0.0772799109249993
67015,-0.08813771917499835
223499,0.060792729060000106
230025,-0.07923269737000016
23857,-0.08145667290500214
12817,-0.06158640059999909
99382,-0.04559336393000102
74637,-0.07378659291999856
140580,-0.06515321599499924
71878,-0.1616060247249984
229357,-0.06123586251999891
11870,0.06853962094000243
94088,-0.14370271704500182
13614,-0.042819768889998056
64136,-0.11378031467500005
241289,-0.10578395331500001
268534,-0.06777072371500026
52076,0.09527601658999973
107527,-0.0964899953499998
382056,-0.03862262149000273
15529,0.11321651978999991
78709,0.12199047148999931
332427,0.07583175952000065
12393,0.08782040622499965
66609,0.04473255714500368
18209,-0.080352571034999265
26431,0.037041180299999255
214498,0.03595158465000203
65971,0.07668488906500048
232345,0.06669876507500172
330483,-0.07009824305500079
20538,-0.12429657078499678
75739,0.08170030207000423
18475,-0.09420281105000328
69137,0.06681046903000087
110312,0.09852385394000018
104601,-0.10995060732999562
241846,-0.0855208510799974
225608,0.11519613588000066
30938,0.04037817155000667
30945,-0.026739342974998692
12289,0.06891416395000238
74446,0.06562336283999981
17153,-0.07678714574500223
387349,-0.06779790331999713
14062,-0.04200007795499694
319876,-0.04843091221999707
12000,0.1103801530650026
101113,0.09615947495500077
66628,-0.0757426222049995
66643,0.0934485767000024
217951,-0.0924553215849997
56774,-0.08036726876999811
17922,-0.06860634672000021
12672,0.06493568921499993
224903,0.04797496329999973
30805,-0.0838977921550006
76138,0.041528667300006816
71853,-0.036588903049995736
55981,0.09880081584000155
76338,-0.03566221995999719
230145,-0.04944943363499732
101122,0.02926070287500515
14302,-0.0966341169299989
14155,-0.03669593289999895
231329,-0.0674991281149957
71683,0.02850638599999833
17451,0.052855412335000906
235623,0.03510049011500094
13645,0.035759041200001285
216860,0.03087863166500071
213990,0.034051950000005604
26889,0.05648210164999945
70835,0.07693331270000048
13592,0.06701495646500222
14198,-0.08355680519500108
107221,-0.10314156976999955
219249,0.04791203955499945
94223,0.09445447521499961
23989,-0.055646387640001294
22773,-0.065978923480003
78753,-0.07488632157999797
239027,-0.08456098004500046
66522,-0.07792959655499931
240064,0.06292560048999896
74030,-0.09074311295000115
209815,0.04620770443000133
18744,-0.03839718454999641
56069,0.16509020964999976
12287,0.099329244300002
71164,-0.07606246651999582
54723,-0.07298521579500061
19134,0.09763053210000283
11906,-0.11733428362499954
110750,-0.08773252840999923
244209,0.07840401406499886
50794,0.0463845320999976
225872,-0.08402962096499778
56032,-0.11781337622999821
13134,-0.10448715569999845
11745,-0.08189071252999991
22690,-0.1033659194800034
12709,0.05779274707000148
17354,0.04759399264499997
74591,-0.10851616784999996
20450,-0.07030886150999782
13688,-0.03343685995000101
107260,0.04741939036499776
73728,-0.06935121889000229
23790,-0.033351181900000526
227723,0.04735825737000532
69538,0.08122720347000101
76890,0.04761881430000514
72587,0.04251026707499683
246049,-0.07605421332999995
271981,0.1316655648099987
227715,-0.026581761900004608
236920,-0.08799955961000094
11977,0.04846350500999819
17171,-0.11265397026000024
269784,-0.09843531591500021
212377,0.04267590889999262
56277,0.1007597808700007
216188,-0.06885455895999826
214230,-0.13738177600000157
67279,-0.10255139943500424
55983,0.07250430859999923
74094,-0.0679118590699952
11571,0.07480652046499969
59042,0.026407973480003122
15378,0.10248744741000237
26895,-0.06979236921000531
14173,-0.06701685020999859
98193,-0.0215762904500032
20850,-0.04314695508000277
223272,0.10707744011499809
19123,-0.0949134142650001
171382,-0.07441687844499967
21955,-0.044290937995000945
54124,0.06875960469000386
12957,-0.055619140150000135
14347,0.11048808018999878
433619,0.0787231576450016
101985,-0.06414523345000056
16526,-0.10850330560000021
71448,0.043294675599998556
170721,-0.08398424525999992
13831,0.050299342535005565
217138,0.08840794885000136
226169,0.06328717336999912
56194,-0.05588135111999737
100045792,-0.06301757079000003
71805,-0.050919441819994304
66283,-0.06730981899000099
72145,0.0665256598050008
75668,-0.0738312751899981
12211,0.07107800934500119
14571,0.11455343866000689
231646,-0.10845697503499885
18761,0.02923169963999861
21832,-0.07590471305500213
14897,-0.08049880295000378
26944,0.07073936921000001
18857,0.11042180277000124
217109,-0.05679970712000104
234329,0.07873574032500308
22720,0.039189097730000455
52864,-0.10083365993999749
14536,0.10302387292500148
74438,-0.08636891879500119
50766,-0.08677811542500091
545030,-0.039872338500003934
18583,0.04584596673499952
12837,0.06073554379999857
207565,-0.029591486500009978
28018,-0.06680837061499645
628813,0.07811278267500033
68662,0.05344149571000134
319965,-0.03315377205000125
246048,0.09501923743499985
268706,-0.05615420248499525
211948,0.07569426734999851
67538,0.07181638620500053
114875,0.05180409868499858
21789,-0.06741605276000051
19711,0.055912647385002234
76491,0.060086163755000754
66277,-0.11195674637499797
11549,0.07865274756000096
17967,-0.0597125914750003
67972,0.08195799939500237
50932,0.042061648020000675
74190,0.0858637372500004
207607,0.08716231069000191
218952,0.07095641714500056
13864,-0.032287481260000916
57315,-0.0330577694100036
18984,-0.03761844509999257
240505,-0.11365459138999956
381741,0.0744531371900008
18222,-0.06292080095499664
76897,0.22486209122500167
110379,-0.026905138065002276
18260,0.0475483729799997
19699,0.045719644470000986
18763,0.02912576512999543
211978,-0.08425893120999906
237339,-0.08013585535500667
12927,0.0642952622300017
12343,0.041486995550004124
16549,-0.05179207340000147
93876,-0.08361713741999921
210582,0.05232981440499973
224111,0.061666043295002915
109254,-0.06636959705999823
269717,0.032031171830000815
12870,0.07200772653500209
70383,-0.06069053685499437
24071,0.030229762849995012
17387,-0.0746323878299977
20303,-0.0727955968200007
56078,-0.09541122411999936
76960,-0.048932783404997515
75605,0.03364994335000304
544971,-0.039877139365001923
26562,-0.05992656932499685
71602,0.08409627214000004
11666,-0.08710531132500154
75426,0.06426037589999911
329693,0.026851350000001162
16878,-0.15219112781499877
67226,-0.027221765569997558
73191,-0.08312976725500087
387285,0.09426469964000139
56424,-0.029801483184995092
12005,-0.036605651720002186
224092,0.030219929225001607
23965,-0.07539820598999913
28036,-0.049359328694996485
243168,0.06322074761000085
11801,0.24830311927000093
320181,0.09907681739500163
20353,-0.03743332280000722
268445,0.027610314935001767
26887,0.058392294019999014
27008,0.03468720905500433
75122,-0.12593676090999795
66889,0.04234001057499803
71544,0.11216752764500093
77777,0.09407871233999954
381269,0.09713239847000166
320118,-0.052306607125003346
387510,0.10346500013999993
14225,0.023240736999987632
239530,-0.08993971630500042
271842,0.06678445345500084
67138,-0.05850298502999696
269881,-0.09529936535500205
26903,0.07072538430500153
108052,0.0365918335649944
57342,0.06704577208500062
76108,0.028988483934998754
99412,-0.05879752132999805
18997,-0.08985231847999664
623661,0.06748709909499873
11832,0.08992017982000089
26878,0.05933800277499879
16597,0.05637363102499737
12773,0.07049001200500182
22423,-0.0733173962000011
14319,0.018436811899992023
13032,-0.03032194868999838
238057,0.05101739395000138
241073,0.06093019035000058
75956,-0.05799315707499986
18108,0.05501209936500118
12298,-0.0758356082249998
21673,0.07908183957999793
234577,0.037900584049999964
72902,0.11088598345500156
17876,0.05709964521999833
107094,0.0885585677400007
386454,0.0876133587950001
16427,0.061292399694999666
100515,0.07260252239499998
19015,0.05423926685000069
76886,-0.06155599005999912
20387,-0.04807736409999874
237615,0.044205932575003715
99681,-0.09937604977999914
13867,-0.06858862508499941
69232,-0.02510161606500283
83922,-0.0686041720999988
71240,-0.07683372034499136
100273,0.035360191614996594
66753,-0.07891295447499846
209590,-0.08110322193000075
74763,0.03106729450000323
70769,-0.035285543985001055
219150,0.024925833720001123
26415,-0.0504307003549993
72454,-0.03238745414999933
20619,0.051526617600000435
15458,-0.08360714802500047
11529,-0.047423972685000315
226922,-0.10419865527000027
68911,-0.02622325805000081
19132,-0.07708646586500034
12262,0.04979748140000151
13616,-0.05359621049999985
108160,0.02295800760000688
71971,0.06936813645500362
66818,-0.03594592180499845
17690,0.05180147933000434
380711,-0.053277420255002816
231464,-0.038545335749997633
76080,-0.02893468538999322
225497,-0.2256080853850002
18779,-0.07805499127499615
268663,0.047426226175003805
52609,0.07756918999000106
69654,-0.02930841870000478
170765,0.05231824384500117
54214,-0.030903924305000885
71951,0.09214813548500089
224840,0.09482796718500008
70560,0.0801906171000013
633979,-0.07164421888000039
225362,-0.04424408589499862
19267,0.10952229894499865
75772,-0.07942167053000082
244179,0.053907976880000597
20815,-0.08678411108999828
16514,-0.10902491168999973
76089,-0.07142913351999436
78244,-0.038008835275004316
12462,0.03299496498500609
235439,0.018816103000000695
12366,-0.020919913649999344
270058,-0.04033061102000701
232970,0.038168251279998344
210741,0.07714527302499796
214568,-0.09101082932499871
100017,-0.023751458440001372
64707,-0.03964107079999479
13436,-0.08570702378000217
228790,0.029326458650009712
17719,-0.0417810511999992
213171,0.06697613570999916
193796,0.028954491564999074
66120,-0.05604382554999887
212167,-0.08224572395999807
13637,0.08560836791500037
70552,-0.08396446663000479
19360,-0.08813173004499841
56183,0.05892148551499954
317717,0.06508683032500073
239931,0.050912081334999026
75645,-0.0865840475400006
235028,0.02100278589499993
72507,-0.0920262633199993
94041,0.08931984322500064
228432,0.09117039442000463
100042150,-0.05218117191499694
269582,0.06984623289000114
17880,-0.08383358682999908
78070,0.06833929352999935
70967,0.09687584604000232
105171,-0.049048202219995396
11798,-0.03477538677499936
20957,-0.05329647507499935
208188,0.05509260305499897
12344,-0.08837883466499896
17258,0.04286108482000195
78372,0.044946235499997655
20321,0.06132565656000111
245450,0.08130226396000051
23985,0.06493203264000247
208922,-0.06922808353999699
18211,-0.08975641403999912
118449,-0.04472777159000252
78541,-0.02612129633999949
665033,-0.09843085069999935
241066,-0.03970605325999976
226971,0.05747010958500187
68404,0.0671821312850005
12768,-0.08010093048
213272,0.1984400048100028
230657,-0.07332908011499839
53417,-0.06606582288999707
319200,-0.041020721414999795
56057,-0.08095941931999917
69592,-0.04831479158499974
404710,0.07544986185000191
23802,0.023351661310007543
67684,-0.02966792410000174
13549,0.027542917170004344
14113,0.027542917170004344
330485,-0.0558401064300007
223753,0.02033538769999943
100039139,-0.10698710757999841
16443,0.036753852699998646
21753,-0.03703026822000233
67048,0.0443769850949991
68728,0.08018196525999688
67292,-0.09715277468999783
66696,-0.06141249099999957
66676,0.04339046493999987
14609,-0.036460054719999135
52662,-0.05900236387499991
213575,-0.07957741886999958
244071,0.08312272233999973
68479,-0.0303503936749987
270166,-0.08297218480499868
74068,-0.08367860333000099
66083,-0.029415162459999422
241877,0.04676249548500078
246709,0.03973161719000062
328424,0.09225838661000019
16159,-0.0993480923199983
71722,0.03777203239999949
252875,0.09593338256499617
52793,-0.06265207696000097
242408,-0.22100011541499898
55934,-0.024546201199990847
108112,0.04601210079499829
18508,0.07968393037500121
18186,-0.0641371544900009
19127,0.06293516925500153
629747,-0.05164645428999837
546336,-0.05591100847500119
68910,-0.033407536614999955
16372,-0.061830537174999645
69101,0.05514279580500148
66359,-0.020081956450001215
17872,0.04322491435000231
67801,0.056707427770001484
80898,0.05534787320500456
14240,0.05797111582500181
246102,-0.06411495964499991
17168,-0.02409619817998987
16186,0.035116657400005025
93834,0.025094553400000663
94089,0.04009956666000036
94187,0.07196740291500525
269585,-0.05521555797500177
60441,0.058530805625004234
194744,-0.047845735319999694
67166,-0.03513864350999718
58208,-0.08667856825499509
244144,-0.060953909080002866
17381,-0.08722483078999854
328329,0.05381058888000023
67812,-0.06651045351999763
15273,0.05816741991000285
329093,-0.08497167771500047
235582,-0.03752247563500033
227746,0.06476396945999952
72982,0.07240106187999906
14012,0.0723438490000019
20807,0.03049149679999985
17695,0.06390745217499916
22388,-0.02033592555000041
234155,0.04846854471000128
232313,-0.043591638630005036
58994,-0.0349535165899999
320106,-0.11930681989999581
230848,0.02615063888000968
94212,-0.09856552377999828
107392,0.05607647213000444
56185,0.03546158014000156
73710,0.025580639189996646
383787,-0.0704556910249976
435528,0.043927477625000044
68364,-0.06397770153499316
19158,0.026927756399999225
75690,-0.06275100242499843
104245,-0.039721570794999383
69694,0.07479585999000182
319991,0.09369070499999932
14600,0.09077532121000065
11922,0.06237407856500132
14772,0.058272576434999834
16975,0.053992180705003
71529,0.074960049255
56744,0.020783861100014178
232371,0.06866429974499955
17766,-0.03470246727999626
74123,-0.02596510809999586
106298,-0.02384912306000153
100009600,-0.03053217816500009
72446,0.026318020944998466
268686,0.03938829202999994
238386,-0.05797094187000029
18549,-0.0931588927
18073,-0.06188872622999941
320844,0.07480028236500225
11807,0.029695347300004116
20833,-0.028333177950001343
215274,-0.07459613117499808
217733,0.09531137540999968
16997,0.045663040375004016
15932,-0.03460443429999849
74691,0.09178246550499747
12259,0.06505090482000142
243300,0.06148940900499955
238377,0.0719579099300045
67667,-0.029098103060001712
18986,-0.03314441728499595
228756,0.03779070446999899
383491,0.05476178467000148
17847,0.052454098605003274
18503,0.03330335746999946
50911,-0.028280219900000958
227624,-0.026655242219996822
217262,-0.0542813473699999
15159,0.02231662669999146
213119,-0.04720526937499603
19727,0.035373788950002094
70925,-0.063155763950002
381352,0.04973864316999954
103889,-0.051272061499999744
100216474,-0.054981686935001495
545370,-0.05915247461499762
207259,0.06513070842500124
72119,-0.10872188589499743
58916,-0.09604866982999782
78925,0.04553873785000295
242022,0.05135193237000202
110595,0.05645330308499963
83925,0.04590509590500513
238257,-0.06050762866499504
210094,0.04502229657500223
16561,0.051090519945001134
207165,-0.0279745235999993
64580,0.05497053129999907
97387,0.03539112207000272
12295,-0.08003907956999878
19279,-0.0798276092800001
71176,-0.19398286086999716
71078,0.05466624960999855
17096,0.024874268460001403
14531,0.06113312786500158
56175,-0.061750531729999114
67561,-0.02524321769999993
140570,-0.03348654047499622
16531,0.05209166323500103
67414,-0.037825287654997375
71941,-0.08798707068000056
68097,0.020022195504996176
269536,-0.021501620835000068
15434,-0.10000960097999823
20852,0.0364797945349995
20687,-0.07207907537000047
15937,-0.06357780140499614
14125,-0.04522746687999568
22787,-0.06281040064000054
235339,0.06613976907999763
66898,-0.06789235990500098
110304,-0.045835891840000365
76846,0.01694934330000919
240916,0.0904370423200005
12458,-0.0340709385499931
11768,0.10012366945000117
17897,0.04506361438000539
233765,-0.07803264682499744
67568,0.0509714515200006
23957,-0.08579761310999867
245880,0.07071091766500182
268996,0.026212027199996157
244310,0.051332475499997976
51875,-0.03619702954499893
67591,0.034995123454999444
70727,0.05648329276499897
18477,-0.019881935749999968
218518,-0.07160030486499736
108900,0.03705813391500001
67305,0.03894650381000053
20254,-0.07009222921999836
68879,-0.029313541830001455
329777,0.05540028544500242
27967,-0.03552142525000157
76355,0.0524679464550033
54402,0.05852920297000441
14699,0.05027127153000066
317755,0.08640050605500305
16328,0.06285968852499924
73713,0.06327709730500164
67842,-0.04320005734500576
210135,-0.04440382144499466
237926,-0.051546797479998574
50500,-0.055984728910000836
76088,0.08689018974000096
110902,-0.031083994909995027
66673,0.0966126339800013
320213,-0.04013016799999569
195333,0.05355486211000127
217473,0.054680189270000845
76205,-0.0398262822650004
237868,-0.06421783623500232
242620,-0.061179259280000675
109272,0.06669077529000056
102614,0.048015427345000194
12167,-0.046571843304999305
19707,-0.03378930153999882
12982,-0.02756984919999539
104010,0.06239183095500511
18072,0.09595129217499965
104445,0.0749705965149996
71990,-0.03200561230000254
66877,0.05123989679000118
114644,-0.058544281190001435
94230,-0.045263869034998905
66664,0.033117192400004214
11758,-0.017159859100001285
15163,0.027797465350001715
70884,-0.0709814144449985
68972,0.025080605085005203
50878,0.08629702047000176
12330,-0.020311275585005006
270685,0.03447665904500141
320040,0.06628144875499853
20623,-0.036720717460001495
13356,-0.027301891394991173
20924,-0.027745008299998375
240816,0.04982252654999941
67606,0.04365669553500062
16874,-0.03836120749999594
381411,0.05233633087999934
107829,-0.02874146122000454
71782,0.06708008704499946
93760,-0.035136778744993435
22051,-0.02734067036500054
242050,0.04455771712000223
13405,0.04001237395000157
16772,0.03892548697999931
116838,0.037844663530002265
22070,0.013075738200001297
244556,0.03505164169999908
268741,0.03977543709999942
19694,-0.05126220625500011
67687,0.06599292412999835
53883,0.03616632730000191
228866,0.11986809198000259
74107,0.04070439503500012
73068,-0.027001850149998674
218811,-0.027001850149998674
18679,-0.030903033979998717
17384,0.1674239435300029
75547,0.024119844899995968
26356,-0.01604990505000714
15488,-0.036069875204997714
70478,0.057616681360000754
12652,0.03474618536000307
12785,-0.019016777349998293
223626,-0.041230380100001796
15373,0.04416233739999953
76498,-0.025434140499998925
230162,0.026856061360000183
242100,0.07629068465
22642,0.07983066541500028
68524,0.0233708363300007
107503,-0.024876908380004892
20810,0.02856112125000365
217344,-0.036951499419999756
17933,0.041955268985001126
382014,0.03414400749999924
68202,-0.021341144999993844
110532,-0.03978651600999861
13043,-0.07069958866000281
12986,0.017035976299990097
75600,-0.06920936486000073
16918,0.03202855744000033
207592,0.036360623839998496
623279,-0.09550614439999938
50876,0.08165927503500026
27403,0.016853206149999522
219105,0.015149741399998362
233107,-0.042620730999994194
235380,-0.04050232546999766
211446,0.04642484645000167
71421,0.04442984384000015
100038347,-0.028586762459994475
381290,0.04774548009499924
67452,0.05629444113500259
432467,-0.03772105152000105
57277,0.06448663600000248
19646,-0.01743034019999179
16371,0.04444217597000044
69401,-0.050221892874997565
209334,0.05707105283000047
432442,-0.03928502609999818
66422,-0.017601259450001905
381983,0.03952593794000192
286940,-0.04990606536500053
70771,0.03918228934000023
71373,0.04944786397499801
330409,-0.05424842013000042
67792,-0.055034440169998255
242667,-0.03957046661999897
21393,-0.08866204021999735
15184,-0.014588964449989916
54393,-0.050210785194998664
27371,0.02389157590000579
72117,-0.02568028228999797
231915,-0.022945667690002836
231841,-0.04929582444999525
72640,0.059755759135001085
66251,-0.062237761749996956
12896,0.01726919415000161
21947,0.039384797395001225
231861,-0.03231400919500249
16367,-0.04105668577499877
109857,0.05309157213000226
216871,0.03182184749500072
69310,-0.17951746545500136
54390,0.01988823874500234
386463,-0.0574104132300004
22134,-0.015813028849994026
16498,-0.055084120289999206
241263,-0.053208178524999816
29870,-0.05092226234499808
18704,0.034075953400001247
11775,-0.04829222892499896
72124,-0.025461332309997253
269209,0.04319561709500075
17533,0.0644479963800011
11932,0.06825848531499723
66637,-0.026753464729997845
170779,0.044194871814999814
12444,-0.021707944580006355
67610,-0.021746503880004653
18516,-0.06958906681000343
15260,0.05294870413999764
14166,-0.04615152175500015
20618,0.05549687444500062
230908,-0.019021556900003844
108154,-0.04199198951000138
22658,0.06839390252000221
70546,-0.01704894533000001
12404,0.08471154943499837
17454,0.021367269265002875
16150,0.01736246754999904
72175,-0.15424104810000028
23994,0.015665511000007015
668173,-0.042158440604997516
233752,0.04323423062000087
12960,-0.0386359217650023
102680,-0.014976124800000434
71900,0.034988856760000075
26913,-0.022220043589999072
20616,-0.046677262875001624
13618,-0.059589868249997124
171167,0.03649177767999667
238205,0.0350242039149995
68080,-0.04672324020500174
29871,-0.05018689881999894
224619,-0.019293962249999907
11891,0.02826964140000321
226562,0.05480043387500366
240756,0.016095942580003353
72748,-0.03833297040500039
214189,0.052212054035002176
386750,0.04379557804999923
71586,0.03228655838500405
381077,0.04727721207000357
72759,0.03062937880500094
12867,-0.01840191045000772
52013,-0.059276512540001214
93890,-0.06267068981999913
14823,0.030843316980001312
170737,0.01470972299000195
20931,-0.04806317012000072
12022,0.036410067289998516
192212,0.044674476715000466
76561,-0.03262601063499826
232947,0.04238063138000214
77987,0.024173767904999366
231225,-0.03329586167999654
76405,-0.051287450029998904
328234,0.07438001717999931
18431,0.03831004879500277
11518,0.015496465799996528
235041,0.038000491010000026
75273,0.043535640010005316
107934,0.04621910085000103
16773,-0.03479008028999697
69017,-0.03266836017499708
68691,0.03302697253499787
18627,-0.04614463653499801
667663,-0.04501922010499859
277154,0.044169782514999145
14395,-0.06089243313499981
20511,-0.03983259511999915
18973,0.04789322555500242
69207,-0.023241082049993977
20979,-0.048909617485001
17164,-0.01326179187000065
11938,-0.04236621035999999
108989,-0.02587393545499772
15982,-0.019891588040001906
72308,-0.03866966384999504
67525,0.045733158590000045
20724,-0.09567839603499939
270201,-0.02433329920999938
11429,-0.016576988989996266
218294,0.02056785200500144
212980,-0.01806081385000624
241528,0.06422765500000072
75677,-0.05805953945000031
209027,-0.04275499002000149
17932,0.04653935493000105
17342,0.03132497474500351
16401,-0.021135815799995683
56335,-0.017192176210002685
16490,0.03938812216500054
18700,-0.026225024194999058
252974,-0.033892331124996566
633285,-0.054068265219999745
219149,0.03406353643500193
231503,0.04184256538499875
70977,0.025008970680000076
105847,0.02709897111499604
59021,0.050102689479999185
227659,-0.019156282100000865
330554,0.02146094822999922
17913,0.020907958440004037
77853,0.031737727545001704
54525,0.04200947248000109
15550,0.07579738845500028
22688,0.055050457714998835
76484,0.043499210725003845
18858,-0.026017116620002056
68955,-0.04531813947999952
22210,-0.02028234980000576
107769,-0.015750986654996524
18386,-0.0384383543100002
68152,0.025141662250000252
72199,-0.037570850929997235
12532,-0.049410293004998884
50764,-0.033359970829998975
67888,0.05825623767999932
68813,0.04351560342499905
67163,-0.05046768076000063
20021,0.025318246300006564
100041096,0.03359670309999929
16491,-0.027402640244997833
245671,0.03931201005000062
67701,-0.033083412634998144
74018,0.03370572951000117
227157,0.03370572951000117
22059,-0.04539684874500338
80517,-0.013557841560000838
16336,-0.06154905795499932
53311,-0.02596063991499875
81006,0.035304188970000094
14686,0.038933862955002674
231801,-0.025078253104998893
215654,0.035101488600002284
216873,-0.024200802599992244
237958,0.030692137249999973
269356,-0.045914414774998136
106957,-0.023900502414994307
338366,-0.016129125199999095
100502841,0.040179059149997975
56752,-0.026158974320003026
68525,-0.049008931969999114
102371,-0.04121054559999937
107765,0.049700970205001305
20202,-0.01709319830000311
19344,0.0404774868600013
109700,-0.07757438312000264
170952,-0.044327617185
17930,-0.06656801947499824
100340,0.0600735792500009
14629,0.041189072225000345
100201,0.028159428409998633
66985,0.014943271694997762
207304,-0.05827234446999796
17883,0.036023519795002734
330401,0.042849955505000814
433470,-0.051317222915003846
67504,0.04938384231500059
212073,-0.043649486260000536
624866,0.025917568930000634
16792,-0.013199725099998005
107587,-0.03728246912500088
232210,-0.018362037955000687
245527,0.04987017072000244
103733,-0.04797338108500249
54652,0.028883424149999115
12353,0.035591048850000195
13124,-0.03641373857999808
21338,-0.04412406303499905
14412,-0.04965289942999718
217194,0.05130885527000206
67516,0.023402408844999556
17210,-0.01719198959999524
12041,-0.04221423212499875
215446,0.04705572150499915
56079,-0.032660089100001066
69597,-0.01739794159999697
235184,-0.01850951405999801
57781,0.02844706911500161
109168,-0.0242008382249983
107652,-0.03503908642499809
24066,-0.05313384983499736
100043861,-0.03333848712499954
331026,-0.012383584770004674
18766,-0.0425300176449972
380684,-0.04171751451999661
207209,0.041574459725000956
319822,-0.03277140613500151
54613,0.016407470695003923
209195,-0.03968640805499968
14940,0.03805455326500162
244548,-0.019595602360000797
211255,-0.026193078045001705
384309,0.013886375050004673
17085,-0.04906112580000066
209558,-0.027872994414998686
13048,-0.027681723574997985
52004,-0.012029100599992404
218165,0.051647632324999915
94181,0.014233880449992853
20185,0.023203394250000287
15425,-0.035927489194996554
72605,-0.030791092774999917
18519,0.03334146423999851
12659,-0.023431819189998038
171207,0.015238428800007142
18584,0.03539265500500566
14269,0.017735357515004324
26414,-0.047212365079997376
11614,0.019998462889999846
22024,0.03904555348500116
66612,0.014387509950003263
381582,-0.02705930645000265
406221,-0.04350822340999816
60611,0.03808969674499796
235584,-0.021443832894995296
75507,0.03260423928500167
14761,0.03395931425999699
74769,-0.03985735436500093
432516,-0.03350607704000108
74413,0.04892210786499884
246728,-0.02147381896999434
18742,-0.03246226832500021
232836,-0.026530033955001642
69823,-0.04150129251499912
211922,0.01687743814000342
76775,-0.025451977169998585
73739,-0.03172265180500222
24064,-0.03756091416000018
12606,0.036223940150001965
14688,0.011018289464999498
16672,-0.10563713253499563
18414,0.03210248486500156
208266,-0.015255213845001947
107338,-0.02820186863000007
19258,0.027873657384998474
52023,0.02399930988000154
59310,-0.031061761234999707
269389,0.04180631834000437
66340,0.009981204449990955
56085,0.0173661121450035
52690,0.013312938990004852
72297,-0.0585040938350021
16190,-0.017272367619996842
235504,-0.018181154599995253
109181,-0.031423586705002116
67088,0.03391179131499822
29857,0.026359525685000662
11923,-0.04810099197499973
14362,0.030233585270000862
66235,0.012099877849999885
71888,-0.04327880479999857
66142,0.014916899200002831
69312,0.02851795603000129
109821,-0.05146473360499604
71827,-0.028229497734999498
100986,0.016460755710007824
229542,0.03136232484999901
16891,-0.026301256809999174
110962,-0.014129986845000886
12608,-0.020739449384999276
230101,0.018423952270000044
110351,-0.047152350524999775
11837,0.008698277599997084
406217,0.04527640334500216
76308,-0.008589991700002741
14787,-0.030900275064996485
78783,-0.010983900590002094
106766,0.030970121019998853
226245,0.051506406739998845
71198,0.03315547603999747
226999,-0.029698165200000126
14289,-0.02109631757499919
74156,0.039752415775002437
11720,-0.03692474887499975
26419,0.037094735335002404
56212,0.013983372700000274
67356,0.03518451478499918
17969,0.012091475010000963
20607,-0.020106686054999656
11596,0.027374160850002216
207728,-0.014529802500000244
50498,0.015912935624994518
11846,-0.02234059135999944
12569,-0.023706846319998753
71836,-0.030912108259999016
16147,0.034108463835000435
16196,-0.029617649454998674
218236,-0.030421120655001133
230903,0.03355000114000006
435285,0.030317984784998586
20675,-0.0674153146899994
232087,0.009871764950005968
330721,0.027426627089999656
20683,0.04313869711500118
13602,0.041840790520001114
108116,0.009080034059998354
12663,0.021084724254999188
320635,-0.024872510164997585
114604,-0.04171372915999916
12593,-0.028338918679998493
333654,0.027276797719999024
70652,-0.02857091847499671
77125,-0.03289360969000121
15421,0.047721051595001285
170799,0.03449293018500299
83456,-0.09711111963999919
18507,-0.02453197676499741
20238,0.022079093370000358
11911,-0.009088949300000593
231238,0.023609752369999626
18515,-0.012646196269997745
22289,0.022756753034999022
57385,0.029806413285000666
15139,0.031339310429999934
231876,0.034826194410001676
12566,0.03103076069500066
16409,-0.01609202179998981
12299,-0.0170749232849996
22346,-0.010818134704994264
241633,-0.011262427809997533
214084,-0.025424732569999442
271005,0.04724750640999975
16421,-0.011398226699995462
108147,-0.021997160860005138
227738,0.012056057200002357
320560,0.011199437500005516
12476,0.020376371474998933
60367,0.032030333995000326
329015,-0.02457182178999595
114712,0.037496798779999896
52020,-0.03478949482999871
193452,0.029676654574999795
17884,0.04409774521000065
227292,-0.008250657900010339
381404,-0.024713017515000324
15170,0.016372811299998347
104111,-0.029520298745000062
269470,-0.014471862750002451
14825,0.04550372967500049
66569,-0.03193242799999885
11736,0.0301246982150003
76014,-0.013089840790003748
11771,0.013161789939999835
70598,-0.03994543000000039
19671,0.010486369150001451
72416,-0.011909742705004334
54524,-0.017465342125000838
20338,0.023714147499997118
99003,0.023765137419998972
71169,-0.025200303170000105
12460,0.010082125500005645
93893,-0.03223924891999941
18171,0.021295794795002543
380993,-0.024978397670004426
15277,-0.018703513074998845
15898,0.03001672324499971
18753,-0.018161977075004998
66583,-0.026437531070002684
54720,0.015478074635000283
98496,-0.024664747110000995
194219,-0.02469805484500176
13663,0.04788550887499898
208431,0.04106544870500173
210274,-0.06234891310499524
225908,0.03785969194000005
319322,-0.010814245699997116
18263,-0.011182913999999045
210126,-0.03140569111999891
12879,0.05052916855999978
15433,0.029265753914999415
97761,-0.016706074954996986
69962,0.01908824756500138
70349,0.01633019275000258
66859,0.02186830366999981
80913,0.011061456429999339
241568,-0.026226792699997503
18163,-0.023138294469998932
233060,-0.024422931504998413
387355,0.0808526445449993
545389,-0.019876891039998235
15926,-0.02661261705500273
70675,-0.01267775235000368
243853,-0.01638613917999976
211232,0.022842242539999003
107182,-0.012327570120001852
13000,-0.0129306161849998
72053,0.012580626749999269
14780,0.030233353985000377
65970,-0.015042289375000628
56043,0.02089958249000201
80912,-0.015851334324997524
83766,0.03927363926500149
212632,-0.02278187538999976
243874,-0.031029340094999913
17954,0.024540556429999416
57329,-0.02465051978999977
54648,-0.03368837893999954
29817,0.025417561369999397
73680,0.02494802868499857
231380,0.024961962200001686
74996,0.02573919632000443
271639,0.02764781119500137
12053,0.009299800399997338
17926,0.017591988414999538
101544,-0.028378164545003415
71564,0.03601986460999829
264064,-0.012800348194998534
665563,-0.016362604134999792
22626,-0.028831209994995888
381695,0.02094007965500211
223915,-0.018406851330002638
83433,0.014924457719996731
23792,-0.020641406644998028
23886,-0.019914389785001596
94180,-0.013929023670002039
192897,0.01809617130000074
76187,0.017593310890000158
74277,0.01228320102500291
234725,0.03261902535000116
14619,-0.028961836025002796
11542,0.020970904209995922
78388,-0.021503354529999186
17888,-0.01976232929499888
12702,-0.011392005640004754
12966,0.024490129345003275
217718,-0.014081399095001501
72265,0.015500487804999352
107585,0.032278648390000164
192663,-0.011917829214999287
266620,-0.017905326565000657
13591,0.01493375398000829
19091,-0.025820930184999646
101809,-0.023780726119999596
269295,0.017216938459998943
241915,0.016622308445000122
494468,-0.022054361059997696
107971,0.0339263979649993
20937,-0.022726819759995465
21408,-0.02514276233499979
20509,-0.02748148088999791
15185,0.010892979924998158
76952,0.013440720664998018
667742,0.025363649749999162
56846,-0.018165709399997176
22099,0.007647922150001207
14050,-0.008191538539998433
22619,0.022409306600001955
20230,0.014007760549995751
68916,0.008664575230001859
15354,-0.028952282965000187
269397,0.01695504723999708
69149,-0.016351546365001468
67425,0.018628279540001014
18646,0.007078055325001387
246133,-0.0112573635750004
229584,0.02197185511999855
433294,-0.020679053465000763
208634,0.02890320105500077
71785,0.019826501989999912
15451,0.015605395365002828
63953,-0.02072288556499835
14859,-0.018368189240001165
69399,-0.0195024632250016
20316,0.006745250550006077
68050,0.00706123940999781
71877,-0.02613510698499999
208158,0.00850185499999867
74174,0.015736432340002438
270096,0.007271387090002079
71389,-0.025293062879997663
270120,0.040840848065001545
16323,-0.016617285415000627
67269,-0.02108044162000322
72656,-0.017013002015004552
53893,0.008293374099995532
114674,-0.0369574484100017
269180,-0.019798095085001854
70012,-0.014934589444998814
76263,0.009813137880000156
21683,-0.03673532988499595
212898,0.019762815535001366
52822,-0.020603074724999892
80879,-0.011496955809997544
15438,0.018917981474999124
11834,0.03399685683500486
73246,-0.019403576460001126
22184,-0.016061739585000012
208228,0.010386717419998526
229709,0.021523905050000458
20249,-0.008337147929996291
234847,-0.006934118499991371
101533,0.018984399630003423
224079,0.014933145725000152
327799,-0.018251547890000275
80281,0.017029478510000917
72236,0.02918721722000006
66407,-0.0055125788649963425
69707,-0.014455833094992876
18205,0.02248773936500026
23872,0.006575440795000276
69721,-0.022854530200000944
225187,-0.015866775995000637
245650,0.015765977479999638
71660,0.019130568555002725
54150,-0.017153702750000388
56463,-0.021444599039999623
67381,-0.013501494099999789
237930,0.017584754490004073
214240,-0.02464084139499878
232976,0.023113643809997697
19363,0.017466471560000585
67308,-0.02213622557499839
15551,-0.019887081679996754
70785,-0.008907550899992955
74528,0.016300447085000336
52882,0.015852300260004615
12111,0.02676654375000087
27280,-0.01944500299500085
245622,0.03748395827999884
21407,-0.02170279912999895
107368,0.023746166730001406
20415,-0.02133029962999844
67139,0.015482037155004846
66648,0.01186942806000335
51902,-0.013876755940000152
72281,0.01361907143499863
72351,-0.007660954744995507
27015,-0.01270768046999926
12300,-0.024078354805001645
67040,0.008808849200004687
22415,0.0162277905599999
76467,-0.02002420533500171
13013,-0.015864776010000803
15468,-0.0068588071649955396
11810,-0.006699287899994744
73095,-0.012325215959998914
215653,-0.00713543840000419
13017,0.015148938010002055
224139,-0.007782763800003423
327956,-0.01265660110000022
228677,0.018600319125000375
233537,-0.018231099754999036
15587,-0.01848661968999732
317750,0.017733809100001885
18505,-0.02385989644499631
21687,-0.016485091894997694
21941,0.012052874555000148
246086,0.020765478415002203
11776,0.009765146390000368
192236,-0.017784450359997095
234664,-0.017273450689998526
18975,0.020037989545005352
16509,0.014913742470000102
242523,0.01852938406999982
18554,0.008275600179995735
15437,-0.019103712475000645
52563,0.02076790631000147
319446,0.013424597939998506
14415,-0.00977488960500228
619665,0.018267904770000065
68671,-0.005906503849997691
11500,0.01960812238999754
110886,0.015210221510001176
69257,0.010476827689997137
58226,0.01378666379500082
170768,0.0056246365549998956
19416,0.03220272621000131
57370,-0.006028286460002974
75568,-0.01909790947500012
19330,-0.00869643076500104
72112,-0.01667069341999916
192174,-0.012833996969995987
19335,0.014231214225000066
74626,-0.01024438468500044
12962,0.012237162710003524
22750,-0.012498440954999968
66352,0.011271357959995676
19696,-0.009606220215003347
66899,0.005930516305001632
107449,-0.012543712979998567
66091,0.0038602546000010562
52466,0.010373859724996493
20392,0.009411332590003596
72692,0.0071794596500005525
71774,0.013422986130000147
15557,-0.02356630853499997
14308,0.009527373925003246
66338,0.011372774909999439
81909,-0.009853010149992514
26876,0.011037197705000779
11993,-0.006639812650004018
26950,0.015973898734999548
242093,0.014157481030000252
18803,-0.0051136428900004915
68567,-0.019470656244998885
68770,0.0043869403100078586
54614,-0.011740173195000203
239796,0.012987868709999795
329416,-0.014360540684999812
20503,-0.022628366439999326
17188,-0.01609054456499681
69469,0.014889774924998544
101565,-0.009683714994997317
667772,-0.013381811834999535
235587,-0.015280349494996237
71745,0.013172895049999411
17079,-0.011010601190002411
104884,-0.008750497355004327
71138,0.008888102870001191
57741,0.005437154919997411
404242,-0.014211652125001972
192176,-0.008445007599997112
73158,-0.005351487099998664
74351,0.012685256734999761
59290,0.010237554490003298
13363,0.009422883970001905
20846,0.012776751315001889
329324,0.012453201439998729
63954,-0.018186744129999433
20926,-0.004518840250000267
76983,-0.005120107595002921
381305,-0.0033466171299991743
13498,0.012566908404996191
72930,-0.008599437404999577
80892,0.016015120195000954
67150,0.006008330340005585
15460,-0.010750524659997929
239833,0.015373237555001307
78076,0.011442322790000237
244698,-0.012861247610000515
26951,-0.029106439959997843
105355,0.02023716735499992
71521,-0.008932447704998125
12830,-0.013831910679996007
105522,-0.0060250749849970475
102060,0.0038792813000032567
66552,-0.00563569399999686
66720,0.014776291589998714
78754,0.00758790468500159
67087,-0.01267948469500002
114128,-0.012454160854999508
19156,0.0052889286500032995
12805,-0.008700283414998289
223666,-0.004024772839999358
223665,-0.004024772839999358
81799,-0.0110925359250027
18705,-0.015145928719997315
15586,0.0034350009250019298
13006,0.007231446660000529
12371,0.0042687120599982364
68169,0.010178329875000891
76500,-0.006651548790001627
75863,-0.011558334099996515
207425,-0.007874907329999736
237465,0.01604838953499943
217217,0.009173802945003473
13409,0.01111799183500084
211499,0.007455057105001828
69029,0.0028094756000029975
73720,0.011239367720000004
24004,0.009254190064998724
94315,0.005560161615001391
105855,0.0052354438000001835
268481,-0.007348136199999189
22293,-0.008417821789999724
231760,-0.013519394739998969
619605,0.003739918849998247
21857,-0.008896770944997634
210510,-0.012384788650000367
15165,0.014182673210002328
78767,0.009061467060001327
666048,0.005980238800001647
53814,-0.00726172627499988
18226,-0.003569039669994112
320452,-0.006927900599994707
74239,0.0048575777250032814
18992,0.00801407928499831
242285,-0.00950553522999753
71207,-0.003967367449998704
210762,0.009875808940001285
30962,0.012759361340002329
245684,-0.013262816775000186
240633,-0.011305820699999192
21432,0.00852595300999992
18439,-0.008412072804998338
270672,0.009658997424999427
224671,0.006223048595005665
68497,-0.0029540024000080933
12306,0.004003356999993102
109232,0.008450637745001544
270035,-0.005849304845000347
80334,-0.007321365755001086
69554,0.003765215419996082
11658,-0.004688207260000077
56709,0.005035677254999982
65116,-0.00303282295500118
71492,0.00832746435999887
238384,-0.005703221185000551
79362,0.008284042620000598
381113,0.006951435220001301
22215,-0.007738222299998654
11783,-0.011570361945000052
71864,0.009561422250000895
21960,-0.005497319305000303
68310,-0.0031275869599998174
70315,0.006758602205002795
192190,-0.008830105484999518
71795,0.0045607018450049
242316,-0.007621602814998685
104910,0.0038539698750028606
108800,-0.008536226895000443
27966,0.004990294410000651
19367,0.0023210169149976423
12843,-0.010945157039997433
17314,0.0031094652250054367
228012,0.00191053450499723
666528,0.0066183563450028515
56717,0.005024685575001797
67898,0.0018488820999991162
234686,-0.002701727454999414
224897,-0.004565569459995089
218624,-0.005246887164997105
20466,-0.01049123598999735
11448,0.0053149657649997906
239556,0.004912162710001056
19165,-0.002142838824999771
67937,-0.005069595009994821
210044,-0.00566059597500157
21938,-0.0073215695999957475
77832,0.005792312444999226
387609,-0.005565904564998725
13505,-0.00949190697500013
69162,-0.0050899756799971385
233549,-0.0063184899150003915
16948,-0.006585842390000707
14836,0.006652590935000813
20518,-0.00512405603000099
66904,0.006539042310000909
103161,0.003756127910000906
93736,0.004654261694999384
26972,-0.006328861469999225
654470,-0.0028318863300000885
23832,0.006683373040002216
231293,-0.005254845215000081
15485,-0.004577215754998143
16768,-0.00420679824999981
434232,-0.0057552481049985005
320119,0.0037323119950016803
270163,-0.005107310745000149
22273,0.0016491928349982032
67230,0.0018635010900034388
215061,0.004739359904999851
226409,0.0052041816550048026
15445,0.007768159450000756
218763,-0.005642941295000092
277203,-0.0034745324449980686
192198,-0.003595563755000697
98303,0.003560209905000278
70450,0.0016566969500004802
228543,0.007697600740001143
20201,-0.0026789558000004376
75329,-0.00487503351999985
229562,0.007026806274998076
77772,0.004076624405001006
380728,-0.0026222464100023046
14581,0.003149932559998625
75288,0.0037945929349980645
22772,-0.009879182734996661
93734,-0.005898705884999966
170753,-0.0028692346600003305
227631,-0.004780265564999553
54219,-0.0015629632649964975
226250,-0.002750033639999039
74901,0.0017041766200041053
207781,-0.0036731848399984557
66433,-0.0011766284500005497
214669,0.0027408786800044993
71764,0.004730585215002137
16971,-0.002433798455000691
66244,0.001287141245002843
66962,-0.0027318584699944637
72238,-0.005144024659999857
11670,-0.001624337999997394
66594,0.001281326000002636
108660,8.607572999981272e-4
16429,-0.0029128998249996485
71472,-0.0012966336349951035
381101,0.002539096895003645
18791,-0.0040250009949991394
243078,-0.0014168043499989125
239647,8.527975000038879e-4
22589,0.0027144717699991716
17279,0.0026610293950022346
330122,0.0023276731499990433
329641,-0.0026258757649983977
72103,0.001865037414996884
14745,0.0021603868600013065
59011,0.0038646551099996707
67629,0.002457141630001658
81702,0.0012421787900009917
22295,-0.001846395474998097
434439,0.0023344095450008595
320487,0.0028582907100025423
18129,0.0011501817500043643
56612,-7.560853499963827e-4
67236,0.0023883897350032157
11539,-0.001867908374999061
243979,0.0013023416800006515
20271,-0.0021919088199968684
22286,-0.0012577068749974885
229323,7.632221050002386e-4
66105,-7.480412999996133e-4
74194,0.002003566095001297
16675,0.003142338684997803
76303,-0.0016674552450011149
67893,-0.0014402890649956035
114874,0.0015390005399993356
71519,-7.927892499992595e-4
56469,9.456123099944591e-4
18786,9.657742800008862e-4
71781,8.064256950017779e-4
14357,4.7293669999781685e-4
233900,6.334723050027691e-4
76866,0.0010216450100015706
277250,-9.036936699953202e-4
11601,6.586734149993667e-4
654818,7.361908349996504e-4
70166,-6.627638149989679e-4
67439,3.05905704999887e-4
12263,5.800312900028359e-4
14962,5.800312900028359e-4
12929,-4.7116028000449006e-4
332937,7.256745799995024e-4
15209,4.404741900003728e-4
381580,4.2759005999926103e-4
93757,3.2683003000055777e-4
105653,5.270634450029732e-4
50914,3.0981018500053636e-4
20194,-1.6255129999898088e-4
231290,3.376065900018155e-4
21817,2.5801495000621344e-4
16656,3.543472450022733e-4
67592,2.265105600018913e-4
232232,7.831994000095932e-5
54484,2.8382700001827743e-5
621628,-6.329563499907209e-5
240832,2.461749999760343e-5
