MM.Entrez,EffectSize
16012,3.799086823409998
14807,3.0582727006149995
12402,1.8018659088500044
68713,2.571786568450001
16819,2.441234258240007
15227,2.4287287297650018
17394,2.093283417110001
320202,2.5185574591400055
76905,2.702165426710007
545902,2.897671437944994
233875,2.619103570714998
56184,2.7250934269600036
98314,2.5833610451650033
21676,2.671933894284999
67331,2.598155447674996
11298,1.9692668664849986
226359,2.709058953415002
77462,2.9248825361350024
12654,2.4161684746100027
668303,3.2619606609050047
21645,2.3736298665600044
54199,2.0673944429500013
17537,2.1461460932000076
14293,1.815007276980003
12765,1.5629870289050007
228966,1.7150896446800044
213435,2.3401085555350045
18796,2.4354449471650073
50501,4.405231403150001
67080,2.434672345515006
18208,2.150223600094998
18029,1.3899493150000062
109660,2.942937261670002
13106,2.3424097479150046
14068,3.056213993315003
328778,2.3705627913700003
224023,1.8643341969700025
11470,2.2038334570600053
77976,2.4282118786800027
329659,2.3563855847400106
18121,1.7483813287249976
74915,2.6955186565400115
65963,-1.937452391089999
384185,2.844277571594999
80886,1.0180274990500013
270150,2.5354542967900073
12771,-2.1882672069299955
69861,1.7540586069100002
17287,-2.737137745530001
56189,1.981964168724999
13714,1.7827511146100044
332578,1.8960049603949996
13446,2.324043730080003
11853,1.7916335718950052
12587,2.2576114480200022
13370,1.9444790340350018
106522,-2.492549908320002
21422,1.903154743740009
219170,2.1080984397900027
226896,1.827023039420002
70551,-1.6811695537550007
53870,1.8872471221000104
14168,1.4293826445599986
14345,-2.331064213740002
170835,-1.745960962664995
11625,1.9017543390500027
76645,1.4636534949400062
52024,1.933915833700003
14179,2.216447980955005
243510,2.3777875383050056
241452,2.010610921715001
16178,1.9850686475350052
73192,2.0166792574749985
21906,1.14245988740001
58206,1.4625085248350018
18991,1.475241492050003
20491,-0.8309871448349995
237397,2.2620094719500052
140500,1.0693408607500121
381319,-2.404178747599996
52892,3.301581095180004
76267,1.63290141335
76073,1.1187038745699986
269642,-1.8984966825749998
74782,1.7323882611950019
69836,2.713802153865003
22066,2.101917674355003
238673,2.4688814570100046
225631,1.7115111695050054
244550,1.2298351297999925
110794,-1.5044152125949974
383766,2.3238615541900067
11910,-2.0463005169649975
319229,1.1254508216999977
14756,2.3982012299850073
11687,-2.1378251815250016
66333,2.5579975516699998
117589,0.9217215773799978
14915,1.9901659302400025
16592,1.0401635243550036
74286,2.101248132945008
11629,-1.4401909518900027
245468,1.46632316048
385377,1.46632316048
16154,-0.9153012081350038
211383,2.6169193293200035
26757,1.6368492828650076
13537,-0.8552561076999918
78892,2.049809633834995
67198,2.3485660692000008
11492,0.9673007762950068
57756,1.5202459054700004
227659,1.0119725324500113
14863,-1.9901772215199989
74090,1.516149150080004
16660,1.8531563202400028
11569,1.1581421108200018
378460,1.419883219024996
100039801,1.6425784496450047
671564,2.3965723953400015
102580,1.3667746543900003
68552,-0.8283367318000039
67862,-1.2189382037499978
233020,1.7024651515450007
230784,0.9634488359850035
13008,-1.1780830381699978
75723,1.9692941659649996
227288,1.3812250580500036
68453,1.4266367364100052
12260,2.2619610014650036
20199,1.059335364199999
231633,1.870798999705002
16973,1.2172957900600032
14105,-1.7456449058750012
13340,1.3569389502749996
13644,1.8349701775099971
15186,1.0757541010350078
260301,1.6037967559849973
435626,2.270753317544999
12643,1.7054229703450066
17132,-1.6757255307099994
237943,1.6700423899849994
18636,0.8069477999200068
244199,1.4170162677000029
20201,1.265739778800004
114304,1.5247451048199974
13649,1.5897292711650026
56619,1.279695017805004
78929,1.517408659084996
76573,1.244065640225001
18946,2.3038866572400023
73247,1.6664315378650052
54483,1.0209224400350028
11643,1.8691924661500021
65106,-1.1951304540799992
108116,0.6248472116400059
16643,-1.1655389827999976
104215,-0.8150948993749925
227697,-0.958759986469996
232969,1.5791925251200007
20379,2.00944770094
208727,1.4311996343399986
319757,-1.2859859375299991
21682,-0.8840991965849998
94282,1.2888879545500052
14255,-1.1246196478550026
75788,1.2972105390750013
140795,-2.2843252974849966
14430,1.5748093113500072
233571,-1.5303776592199991
241128,1.110423541840003
66042,1.705764941585004
381022,1.4115914482050025
67703,1.5846879398849998
77701,0.7226486002500092
16865,1.248807324690004
268970,1.3339603326949998
223920,1.5744741755900025
12354,1.2314864708500064
108100,1.2667298591850003
67603,-0.7824239839249945
56501,2.1278264177200015
30806,0.7974430535000021
244853,-1.6787477352549933
55950,-0.8474555479199939
382639,1.6753142107600043
76498,-0.9605856803800004
237761,1.7718704283600077
73103,-0.84467423127
246779,1.1966861660100099
216227,-1.601799016614999
24070,1.5329578208900028
271564,0.9928869156499989
229517,-1.8419345656500088
67602,-1.0967386887899986
320916,1.2974058349450068
13244,-0.6408307563999962
12400,-0.9377607079499981
407831,-2.0324594757250036
13483,1.6033805645300019
12912,1.2878964502150012
22029,0.6355231477500016
217893,1.3481843183900013
70834,-1.0777403369649985
214359,-1.3931481439599978
320554,-1.7014704231849977
17260,1.7006987227450043
11542,-1.7056219726549937
14404,1.936944844640002
381199,1.3206175941899998
12075,1.907661526650001
56747,1.9705799978450038
14183,1.424271208789996
14071,2.1127597214700016
14744,-0.9189819093999922
13400,2.072417406290003
13116,1.8354461266599973
11603,-1.142559192770003
67963,-0.645019758399993
66085,-0.7981653721999962
332221,1.3544469820300051
21961,1.1250447706850064
20562,1.0501423532000018
56374,-0.7081449612999897
75956,1.4961048511950041
20745,1.8251840849650023
11979,1.2217522109450023
170744,2.39044517376
20530,1.2651730672650068
232533,1.493680292635002
14312,-0.9766727537499946
78469,1.6926519716900046
22771,1.3488393499750035
68346,-1.377469695664999
66680,0.7226833727499997
101565,-1.3700906110799984
56795,1.6972396206450018
13844,1.6282184114300051
14402,1.4557299397450003
106633,1.5603991247050057
69048,-0.9895240939949979
208890,1.290550446180001
68240,-0.8988533047149954
12518,0.829535224215002
640524,1.657649667100011
210029,-1.76913696066
109006,-1.0527389028999963
17937,-1.5062564295699996
20907,-1.133487955605001
74748,-1.481263425029998
67893,-1.6761248807549984
114875,1.895169455565
546648,1.4626776628850076
14884,0.7685258191400042
69640,1.1731092178600022
67037,0.8630822011000099
13730,-1.4242208462299946
14087,-1.963888224755003
18092,1.8677819370100002
16189,-1.4217208149300005
16156,-1.3028860133800038
218975,1.973758833905003
17305,-0.8093203450999908
21664,-1.9890121257850009
68423,0.7553221228849978
71986,1.2385167788250024
71810,-0.7256735262999889
71706,-0.7342778706999997
106565,0.9778206796000077
64898,0.8126130146550015
59040,-0.8096870921399955
211770,1.2955194369200012
217517,-1.4473851952949985
233066,1.2313612968900047
74778,1.0163164479000049
22062,1.2192235685699995
67272,1.2334266646300023
69583,-1.1165120077800008
59048,-1.166089940044996
84094,-1.360067774244997
70231,1.2977427843550053
12450,-0.8349329816900042
67800,1.0608628924600048
20661,1.7379855168849998
56205,-0.6977019274849976
71336,-0.5774521039049993
17454,0.8060212879500028
245886,-1.0468414068849938
76854,-0.8843411036899971
12042,-0.8404176798349958
20269,1.3131227527300018
110012,1.6750478241750013
12985,2.3060796619400024
21926,-0.7306407728099984
30931,-0.6320318205799982
12180,1.4112849265899987
14190,-1.3912319470249956
75751,0.620080608010003
20202,0.7649301502999961
140494,-0.8786203356649978
109674,1.648206157955002
76646,2.106248029410003
69398,1.409231824834995
15902,-1.6883642833349946
19700,1.5689031490500032
21934,1.1161570624750015
108068,1.340701646630004
24100,1.2316983344500034
13199,1.840224222225002
18230,1.5167174819600033
17150,1.7124384666650023
216157,-0.6427293594000023
71912,1.4127381522300038
12494,-0.904977787254996
69742,0.7512415684299985
15403,-1.753166720619995
72185,-1.469877569525
12767,-1.1810081936750008
58860,-1.5994491866199967
103554,1.1539587840600056
219072,-0.6752970282200064
66315,1.0305363328300015
22213,1.3983503456450066
212516,2.0996557728150007
72113,-1.1755470866099982
20493,-2.014268861624995
231855,0.6112052765100024
15945,-1.3144358036600043
235582,1.0373882968000014
110911,0.589437181080001
108123,-1.4031685071899993
67680,-0.5960537552999945
21968,1.2131535043500001
17248,1.027269726980002
18718,1.016803285144995
22196,-0.6849224536999987
12702,0.8435037465700024
66087,-0.7430744617600045
16975,1.513829552920003
50935,-0.7742948296849992
15007,-0.9256841935349982
50793,-0.6368984801199922
215201,-0.7480273647250009
74675,1.2945258895849996
217207,1.175453962430005
15114,1.8636883110200042
17268,-1.1163585128550046
76252,-1.0348431286949973
226861,1.722772321285003
433926,1.316190301685003
70533,-1.228574826504997
14284,0.8519290896800022
105859,1.9178047719150015
269951,-0.6115541802599953
14538,1.1263721884150026
232989,0.8306550234650043
241075,1.013073400245002
17772,1.7334195851950005
65099,0.7787419597000049
18631,-0.6535510122199959
72555,1.193858526489997
170472,1.287490476915
78586,1.178271205995002
231842,-0.7362784896799921
108121,-0.6431252088499999
17123,1.4900461454000062
71665,-0.6662712251499947
320816,-0.7798233835000001
74116,0.842071432620001
75002,1.1869338558650027
108014,-0.7364489999349981
76510,1.0192270154000056
12370,-1.3874732420949965
16828,-0.7534407339999909
67698,-0.9967949166199954
69274,1.3453936817450067
229906,-1.0591686176599975
19356,-1.2336402952849976
321000,-1.3515050225699987
19293,1.8055580617499984
26427,1.1792937737800013
70350,1.5561528207150017
69806,-0.6028249665149978
170947,1.1763414656600037
81535,-0.6627308929499947
245446,1.9494809780650035
29856,0.7185838329399967
66980,0.874414383105
50497,-0.6495341730999993
108767,-1.0035329255650005
17760,1.2639488475700036
387347,-1.2460395144949983
21982,-1.1878089052749976
11898,-0.6207828066299896
664994,1.8252780963350004
228491,-1.337396604864999
20913,1.5205314925550013
66573,-1.2040546129750025
99045,-0.6013503719400006
242202,1.3059668319750015
69064,1.5900406047100013
244059,0.8338943355349997
226823,-0.7831580656849964
67181,0.7275751947499938
101214,-0.7222501357150097
11447,1.3375737517300004
212518,1.9232741534450053
66164,-0.7594895841200024
15936,-1.5442966917800005
26410,-1.2051291892349978
225215,-1.2113752986850015
57916,-0.7083492855699944
26569,0.9885097901200055
66610,0.8324372699499971
72170,-0.795914114785
17763,1.3845074593599982
22648,1.4281148112550053
27028,0.8461366519850007
71908,-1.2057799325850027
15284,1.2857372484400011
229900,0.940234365130002
238875,-1.4518362734749974
53868,-1.5890509402300035
63856,-0.7801158979249951
56224,-0.6740200376949979
230582,0.6132957252950026
243339,1.5377403648050034
241197,-1.7936642500950049
11481,-1.048807768789997
240411,1.7199785768000035
110095,0.772242233300009
110135,1.3183549406149986
494468,-1.6041802412700017
76527,-1.1113288530799972
72465,-1.4886348855949976
228960,-1.493643277444999
69601,0.6497787408249973
72661,-0.7259437084799991
215476,0.893148958525007
67510,-1.7107545644100028
14562,1.0984738790200037
73368,1.4560544118350025
94064,-0.7223990228750008
229681,-0.7763934726749984
27426,0.7905977782150053
338467,-0.9155557922450042
66403,-1.4734148224149948
225651,-1.260356955889999
110616,1.0091678935800026
18675,1.9311692854350007
67454,-1.28490325796
71949,-0.6001541167500033
14130,-1.2328713474599935
230514,-0.768251632204997
231507,-0.7124999702999926
140792,-1.2486593284500005
50758,-1.1635124485649966
192292,-0.7410250828250007
54375,1.1345842159500013
11622,-0.9951805549750024
66396,-0.8619991771749991
93672,1.07431947222
100504491,1.4203118642050008
16963,-1.3237147439449988
319430,0.8349163732100005
104836,0.6865522877650019
14673,-1.5009055597999987
78251,-1.3463618624299984
12567,0.4991761862500059
76983,0.6843935026499981
242603,1.5107861048350024
69440,-1.5276511079199997
66978,0.9982062255100095
13681,-0.5725944466500028
13638,2.104534604420004
102103,0.8746697853000001
59030,-0.8977483242200002
328232,0.976973287154999
319555,1.3553211621000028
22141,2.3877820030849994
233056,2.0309690461300027
378435,0.5103850988599952
214593,1.222473389950002
230777,1.8917978831400024
21824,-1.7192584145300014
213402,1.217616036645003
17765,-1.2723470104899963
20292,1.0928282684400052
15040,-0.8173716287999966
66260,1.9247743517650022
18217,2.1207292918300022
22218,-0.5087407285999959
56488,-0.5949149441199939
18429,2.05391306598
72826,-1.3967612677099952
17149,-0.6502640364350025
330890,-0.7826000799450004
68499,-0.6171029428749932
277973,1.5386535624850004
226122,0.8379070587649977
26371,-0.902098823924999
72136,-1.072705229634999
71751,1.1897269368700032
14289,1.061972967940001
66197,-1.0431175581849992
20361,-1.0707799107950002
72900,-0.5247411409499954
75624,-1.2443559813200045
229096,-0.7951834529100026
16191,0.910135357540002
17274,0.7760797864400022
140780,1.0384642986250068
224093,-1.4693137912449972
54383,-0.56178461975
16162,1.7026904418200033
12977,0.9784244182399995
58810,-0.6537269321999926
103768,1.020470273875004
217588,-1.6446175884999974
19277,-0.8350424655400017
18822,1.316380690679999
21917,-0.6716592289699967
54135,-1.5867906801900018
101602,-0.8298795503499932
17002,1.978876344965001
105014,-1.692369473224999
66694,-0.6253558786700015
17134,0.6964863846000071
268783,-0.7900219780599986
16362,-0.69082130860000035
53626,1.5504207995250008
56529,-0.5891643840000018
24012,-0.7727104428999994
20541,1.4262999476150018
13079,1.229940975665004
110855,1.3443176895350017
56453,-0.6964630755499961
207615,-1.627928153374997
66917,-0.5612093837499952
12479,-0.6820479748599979
319653,-0.9165315272799983
69606,-0.7219529540200025
19662,-1.8249339907899995
668501,-0.657448300405
12915,-1.258985082004994
64657,0.5701206031499986
75302,1.0966461499349975
15476,1.1180522826900017
12369,-1.0592889704050013
11699,1.49704120132
26466,-0.5564954958000019
209086,-0.6741377865000011
21685,-0.649192948079989
16206,-1.1776073563600002
13682,-0.6669693576000029
234797,0.6328506508149996
14938,-0.8634056290000007
56772,-0.6281077736949952
18148,-0.6511565154000003
81907,1.4865045414450018
382083,1.2837217756400028
11538,-0.6141499770299941
16854,-0.8584059486000069
53625,-0.7904334643649964
14114,1.448119571520003
68742,-0.6540499813350014
70285,-1.1198023189250073
20498,-0.7315848582699962
13639,1.3352761750749975
236266,1.3354422193700008
74732,-0.6177777930000001
22260,0.46198147005000223
140493,1.1448372891800016
58805,0.8277160969400015
109594,-1.2253781399199988
100561,-0.6230771681499974
17826,-0.4232882132999958
16582,-1.1787937784099976
20198,-0.579923010349999
66046,-0.5525573255499978
17527,0.4526162170700072
216578,-1.7382742210299984
244713,-1.2479561839700022
13051,-1.0637507044599985
13732,-0.6002237481499932
56809,-0.5499855915000005
235086,1.223955935670002
94245,-0.5918221492849955
117167,1.7285903779000042
19255,-0.6881674725400018
66548,1.392687066269997
12834,1.481794456770003
330260,0.673041419845001
223435,1.9267524570400063
53886,1.142542765535005
17246,-0.5773932845399941
218030,1.5192384377700012
93728,1.9650447157250008
14675,1.1631555407749996
433864,0.619358397220001
211151,-0.5442395743899908
110606,-0.5442395743899908
80879,0.8675784233299986
381352,-1.2729255944650024
74255,-0.648022919949998
76577,-1.1913101296449957
243083,1.1558533429950009
67043,-0.6132983056099963
19260,-0.630124090124994
70363,1.104715930290003
16504,-1.1000383574149986
20403,-0.5904785811050068
68724,-0.6046876368449965
56338,-0.7968027061499949
107607,-0.6857216808899924
237823,1.233472097085003
58181,1.1929741651100034
66578,-1.5846705453199998
71839,1.0229472911650008
71840,1.1744833627849953
67019,-1.2371066285449999
19726,1.52786874262
76332,0.9674659501999994
268857,0.7850889492250008
16182,-0.7470808746750013
67604,-1.021402881234991
72775,-0.5052003744999904
70784,-0.5832849914099993
380686,-1.2222661069549972
56369,-0.488841824515001
67477,-2.0008558470250026
12475,1.3478874834549979
276920,1.060511566255002
69834,-0.4617522194499859
30843,-0.5997763838499939
16728,1.6023483918199997
68969,-0.5278795762800019
14635,0.7595254523249952
226144,-0.795491435244994
360013,1.4848250409099997
13401,1.095460881820003
52588,-0.5257490148549913
20630,-0.6244489626299998
67111,-0.9212652808000001
107477,0.8078896431950024
68263,-0.43280783584999405
67892,-0.7304289066199949
67784,-0.709096934734994
66480,-0.7650072061999964
102545,-0.6447401745199937
11438,1.2712326726499992
19143,1.1869062047100032
20227,0.6222971093500043
66733,1.1214464836149989
223775,-1.5048641006299954
22157,1.261999997920002
66975,-1.2572627720599936
246317,1.4024007734700001
73124,-1.3545755866449953
15278,-0.772458871725
66209,-1.3294724766199968
19276,1.0527252301400019
21944,1.4949244038250047
106877,0.9993710634350021
117197,-1.1385770777449986
100019,-1.0768391621599989
272636,1.1580430272050037
68774,-1.0192608740349938
17173,-2.0566411963599975
18588,0.7319251949500067
117148,1.3932348790000022
16000,0.6018528545000059
15242,-0.6930072029949965
16917,0.9851360067049999
217169,0.9007176208800054
72780,1.459527130975002
15439,0.7351052871999997
118449,-0.9824493984850031
15211,-0.4588269322000027
19057,-0.908414463570006
12010,-0.6354906943999961
56434,-0.9395162036749971
239827,1.389914815
108687,-1.2018562192699953
67533,1.1059900277999999
66532,1.1059900277999999
21975,0.5841874196650014
110175,-0.8065271417399931
58182,1.0521694686450038
237400,-1.3481502181200016
24030,-0.5676420823450012
19299,-0.7328505361999973
66482,-0.6518695915149983
217151,-0.6640014877499976
50887,1.1526107129949992
106143,-0.6984435509049938
56541,-0.9124541008649985
13528,0.7762220669150057
66421,-1.7258902310850024
320376,0.9329284565100018
66641,-1.0478488154799965
17202,2.1073670279250027
50754,0.7534117229850015
12266,0.6327941924450027
66665,-1.10604195086
21939,-1.114559235304995
208211,-0.9337851057600037
72098,-1.1328627301699976
212439,1.080967927199998
208628,0.8430595316750011
52815,-1.1427736747349968
110157,-0.7148417501450037
268451,0.690993345505003
70120,-1.0170020054199993
67941,-0.5643145720000007
14854,-1.3806100805999986
20360,1.5835662673049997
21353,1.1388806337550017
56079,1.2695455375
15258,1.0051408842000011
55960,-0.8221394219749998
212285,1.0738702440800036
15446,-1.6940903396399962
14733,-1.760705479909995
27081,-1.306653389350001
75689,1.0953537624599958
237211,-0.7381167006099965
12874,1.2704679490450044
104263,-0.5867762152749965
16803,1.8282270815000041
81004,1.0095772080450027
19262,-0.43319483015999793
664883,1.5203008534900047
75785,-0.9273152553549977
269473,0.9625548108200022
55927,-0.5257263896150004
67245,-0.6714875632699933
69544,-1.0761932967949965
66536,-0.7665958977599967
276905,0.6531559839400014
66743,-0.5518295257500068
12193,-0.5998063491999996
17828,-1.2237356086050006
13358,0.8487066384500022
68667,-1.050498614859999
74249,2.0492365962350023
52028,1.4315994303500048
13368,-1.2508039158450002
14186,-1.5474728970849974
215723,1.302691469280001
68910,-0.7445583445700006
67778,-0.6281772560899981
17476,-0.6636211237499978
19052,-0.5183176575499981
208164,1.0902555921849997
26572,-0.966399944174996
69332,1.052433332600006
70335,1.1288382368550014
66441,-1.066499058625003
68472,-1.9091923083200033
21843,0.4418456150500063
12227,-0.6440989376699946
57896,-0.736082571705003
12506,-0.6065845378499954
16370,1.197024705605001
54615,0.7992364368050016
66074,-0.5847056555149859
78416,-0.7346649235800005
231440,0.9977554962600035
16528,1.048311756985001
22325,-1.4548345374499996
67044,-0.40917428560000246
67683,-0.8193984910449998
240396,-0.8916004231699945
56176,-0.6812122740650004
218268,1.1973480392050013
68736,-1.140506179644996
74464,1.4787281642100067
66409,-0.5371432643500071
19074,1.6587199930499992
76205,-1.0393892698449987
21763,-1.613136351859998
17863,-1.257728826114998
67870,-1.7544000267399937
319535,-1.0372352431399952
12237,-0.7184016145849998
22764,-1.8245043926100015
14539,1.1331820365200036
74126,-0.7814846086499987
117149,0.8460389925299987
58800,-0.5876831070949944
13427,-0.6389897381999976
67996,-0.6753629304699942
209212,-0.8923912207099987
69608,-0.8314208396349967
71720,-1.1925288471150015
13544,0.9886337505500009
229841,1.2053646059950056
69444,1.2277757590300027
210503,-1.1708109926899946
73112,-0.6350842115500015
66510,-0.4525664116800048
14400,1.7915075563750018
108098,-0.914437401865003
15212,-0.6486599512999991
269198,1.2128603457550033
19259,1.2287210605500043
56334,-0.5628454206999969
109161,-1.3277752716499975
433619,1.3988354747100011
214158,-1.7977595751849949
20969,-1.350189755659998
243621,-0.7744660717999903
13196,0.5605060256699979
83814,-1.3311629036000028
12258,1.2030369818050026
109229,-0.6486561520199956
240595,1.3398256101899997
70316,-0.5167842235499904
13527,1.6392898242650022
13449,-0.5575396775500021
68039,-0.5055781259749974
71963,-1.3861416553499994
14252,0.8709656535000114
57357,-0.6626566861999947
106369,1.3316263825249992
56774,1.3444923533250006
66212,-0.4809012962000043
110639,-2.025365907504998
66495,-0.4464872608999997
18576,-0.8138372499200077
99929,-0.9980006746299921
30949,-0.9551703716199986
170742,-1.062664145019995
71148,0.9984829077600059
228413,1.1659465534200013
22354,-0.5642613097699947
19242,-2.6954612028950002
101023,-0.6167049434349963
226970,-1.1848880517549993
16542,1.1163494100000015
74455,-1.2133640711000035
13992,1.4944709662200015
109246,-0.7276674084149999
18518,-0.9091108112200041
70375,1.199773155275003
69185,-1.2134017637749972
67089,-0.9918932378349963
237336,-0.5140555714049952
101612,0.9699195083200003
209707,-1.401682832209997
223970,1.0315062594999986
72183,-0.7288779512299968
268301,-1.3488209901350015
66231,-0.5294949281700028
16348,0.6134701223199972
74081,-1.0560408266650017
68725,-1.229466860559996
98388,0.6911948159650052
13595,-0.4452914177999965
213956,0.5519605157999994
64010,-1.0581494134299936
58220,1.7456942122250028
76117,-0.7836743316549946
56863,0.9673797530150035
66654,0.6515441608200008
19079,0.9347104818100043
67674,-0.5605706884399986
18020,-0.7422986955099953
27965,-1.157156333985001
319944,-0.9873979921199982
22194,-0.8871385713750009
280411,1.1476928526450063
68053,-1.1927849715100018
327957,-1.0447236521000045
70099,-0.4758210037000037
13516,1.2241120492350017
19328,-0.8540526406150004
71151,-0.9529321824350001
11790,1.413549106750005
231871,-0.7099825518499987
268449,-0.5894513036999918
72383,1.5132859384100037
67755,-0.7380942246999993
67836,-1.3889034577050028
109019,-1.1758268632499984
224624,-0.6351367882399934
57319,-0.6022504308999963
20401,1.2643897768249932
66983,-1.1372307103499955
117171,-0.5410987194449994
72055,1.1931822392500049
74002,-1.177863106300002
68948,-0.9020563309899972
17692,-0.597358447110004
234463,-0.6985939023849976
21374,-0.9909817462349997
67072,-1.3254532012449998
56314,0.7157387060300007
72543,-0.4803506493999876
12223,1.6556801854800023
67201,-0.6588560147950009
17754,1.026115102940004
215693,-1.153194308129998
242785,-0.7030417449049997
21371,-0.610096055749997
246746,0.6733882204600068
12034,-0.5526417478500054
66131,-0.8371612469749969
212307,0.7432191726850039
69833,-0.4840886881649986
240023,0.5022403098000012
66308,0.6361591326600067
68957,-1.1442978140099975
76192,-1.2123345107050003
66329,-0.7919673215899996
100504285,1.3242432084099995
17450,1.163836787064997
13209,0.65176472162000465
68323,-1.1898875272849976
83485,-0.4222769942500051
19223,1.0100543716649986
26395,-1.183142068755
66624,1.5361603311050072
73078,-0.7006129242399979
66537,-0.429430884799995
71881,-1.51716996743
57814,-1.0630867525850007
75216,1.2361304393200054
15560,1.452601098055002
229055,-1.3092978792650025
21929,-1.7318333871
20348,-1.1072428117299973
320091,1.53393580376
74044,-1.5342665553799968
225010,-0.9285350286749985
16835,-0.8524215361099978
84653,0.8856079175350038
11928,-0.5039065650900056
77767,1.2124973274500057
12163,0.7176783801650011
194388,0.8282774792899978
232790,0.988965985715005
19411,-0.5310356037499986
75469,1.3115775438850026
100039795,1.0305867174049972
67384,-1.0967401492949982
233332,-1.0899497022749989
20930,-0.5552958923399967
241794,1.6809008706299986
20423,0.6253374531900024
97159,-0.5242573248850011
69131,0.8697118673199977
67295,0.6790035089600117
12747,-0.824858335690001
71461,1.4909906438950085
18632,-0.7489783390350038
218121,-0.6412822624349985
12368,-0.6570493781599929
212933,1.4320276737450026
231600,-0.4310823788849927
140629,-1.0292952175649948
268564,0.9217005304000008
66371,1.120404932695008
69151,-1.0348598781699971
70355,1.4800483220450023
66253,1.075758526265
74513,1.8799310975900023
19893,-1.1246781199650009
70397,-1.0772783399149954
228368,-0.42979954979999135
66143,-0.9939029091650005
110168,-0.9961913417800039
17084,-0.5519472336999964
11352,-1.2563890297649998
68365,-0.5534621570850007
269336,-0.7448318068349966
19271,0.6987770876650021
170654,1.0431769218000042
624910,1.2574075002350034
67935,1.3554797986950025
239420,-0.9333479558849973
20439,-0.7425054356
72999,-0.7939107225349975
140919,1.70467615965
70840,0.9497021066949984
56771,-2.020693081329994
238988,0.7009285394850027
226438,0.8987104475900001
22239,0.926779607115003
103583,-0.5253836403249945
100210,-1.3895168181999988
67681,-0.7010460896900028
225358,0.6644116432800002
15183,-1.235247970895001
52808,0.6661746350750031
66356,0.7610084931299994
17301,-1.385193842045001
72147,0.8562892139500011
12868,-0.39973030019999634
68576,-0.45290971441998984
18704,0.9448552463899986
17293,0.7088834622500073
28077,-0.45796947438499735
12750,-0.6134445416199927
67738,-0.5130980131799969
237500,1.2023361460000075
216345,-0.6464932985050051
24060,-1.4881788970000036
73490,1.152526530640002
77929,-1.5911174837599962
12328,-1.0068234777250034
75266,1.2133486568250005
57330,0.694672106355009
66556,-0.5878241070999977
76959,-0.4635025711500038
278180,1.0091668313450013
66111,-0.504962745850003
241201,1.1942239950400033
67881,-0.5027593903549938
217664,-0.7769736778049969
20867,0.6523396523400002
76892,-1.235234422459996
18015,0.9502919705500048
18570,-0.6295796284799948
52635,-0.7838680374199987
68212,-0.5166887758049956
58239,-0.693285914539997
17718,0.5802357860000029
17720,0.5802357860000029
13669,-1.3468559507849998
28028,-0.7466360833399959
108143,-0.5130227390149926
19349,0.5965008311800037
93747,-1.5203428959099918
17192,0.3878514688000081
66451,-1.1515029802050032
68036,-0.5251567106500019
104771,-0.4009517651999932
100126824,-1.0979050130099983
72962,-1.0979050130099983
13178,-1.3968074625200009
20437,-1.1216296021749974
213439,-1.2287038677649962
628870,1.0599763156600006
16341,-0.727222549284992
20729,-0.6033170079449999
58804,0.5996400822000041
14794,-0.763278720469998
22652,-1.1689338421400013
69550,-0.5813335442249983
68311,0.9734721878300006
14009,1.3615237980300003
212123,-0.8134204910199987
641340,-1.198889169014997
21821,-1.3944940400500005
84544,-0.6328407435050032
224481,-0.5753814834599931
668166,-0.8338101512749985
70771,1.0356520734400019
59095,-4.128233399215005
232946,1.4815401821700043
68178,-0.7811142981800003
63873,1.034971824214999
63955,-0.8164405727300017
14710,-0.5181424415999896
71041,-1.341436777864998
353242,-0.45508016061000056
66890,-0.5076452688500055
74383,0.9868556905300068
18639,-1.1845925778949988
381175,0.8178415763950011
14526,0.4294176147400006
78938,-0.5803881869000049
338320,-0.6086720468599953
319740,-0.6315805021900012
53332,-0.4642549222149981
20191,1.2740233557700016
68201,1.291062583330005
56196,-0.9266747129400006
12508,-0.667720180284995
67769,-1.5255663249949958
226791,0.7769197292199999
14461,0.6282695114450014
170829,0.9559515204749998
224794,-0.8253610549049997
56808,1.4500133085500035
66932,0.9456764494949992
11793,-0.5022394259449978
12291,1.3780634201950006
74360,-1.1673823745250003
104806,0.6666538551300079
319262,0.6974812885000077
17777,-0.838383495225
67381,-0.9650610996899989
56273,-1.0979809705299974
19650,-1.7567539339800033
14696,-1.137177509089999
17721,0.5292896481000042
23806,0.8165773477100009
26926,-0.47923162980500145
18674,-0.6151172124999942
53323,0.5554960013999999
80915,-0.9784368847550038
18612,0.8657867221649962
54342,-0.8749752611999986
52840,-0.47467887759500016
213760,1.0322622757700044
81489,-0.41252148554998946
245308,2.0901232918350012
16563,0.7266768936150019
83924,-0.9963309317000011
73836,-0.5784675681799918
224674,-1.4222188645549991
52174,-0.4990403565599948
14017,-0.6522675252799939
56336,-0.6260886661899949
67978,-0.8141081216300012
234219,1.5443476628999995
56249,-0.5381408399549983
17961,-0.771923965840001
212670,0.7426954113300042
11974,-0.45217535440000134
12865,1.428197752570001
69533,1.3172749370400032
27402,-1.187382997100002
211389,-0.5469529460349989
15565,1.3725082390550019
18242,-1.216122906129999
16869,1.1249714297150017
239743,-0.6072964283949975
66913,-1.5723039984599998
83435,-1.0906321018299998
83493,-0.5469785783199974
76800,-0.9318408091050001
28169,-0.4516346292999991
14359,-0.446127054259998
16545,0.8590570083000011
14735,1.116712013490003
56209,-0.6655948556500038
67057,-0.6665905614500005
67099,-1.1585849972049962
107986,-0.8238018417350013
18559,-1.0230464780299986
20524,-0.49900814395999404
233107,-1.1066329708999985
56786,-0.43207298222999135
83675,-1.6986844722799992
105988,-1.3902795903000005
66204,-1.2026525373050019
66493,-0.5196076418500013
228545,-1.2225712808799951
77733,1.2254441681500072
76816,0.7284814918200011
13661,1.0832380923649998
22785,-0.6999840518749973
68151,-1.1592890740899966
69707,0.9864208410250033
330959,-0.6635246597950033
56046,-0.6060424965399962
21885,0.898061736859999
216021,1.2596034827050007
14763,0.9866755526500022
11556,1.2738214781350035
26384,-0.5977540836099955
227656,-0.5534623226499988
59013,-0.6312413113999948
217201,-0.8268900599000002
84682,1.1650359333050027
237611,0.7930428579750028
16326,1.306448253290002
227195,-1.0360100542449988
19895,-1.2118087798000001
14991,-0.8739460891750017
57261,0.9842225701499991
57435,1.1749644364399998
26465,0.57430238251
19283,0.9178296891300004
20843,-0.4862499658349879
228785,1.1828320298650006
22095,1.3544364098
170735,1.2377190787799996
22017,-1.0051105460249996
66910,1.1041646682350041
380863,-1.038904398274997
77634,-0.8472424257599966
240753,1.8587582612699998
239931,0.9519940987550015
75568,1.633538288025
13709,-0.6243047414750009
26894,-0.43304109346000175
20997,-2.9353209047200033
18117,-1.2272027873199987
19355,-1.258804364855001
28010,0.4905957595950037
68477,1.4437927875900023
14605,-0.6478215877499984
17165,-0.5636356487949978
21413,0.6165944500350058
74427,-0.7338254798300001
71648,1.5214043102150052
69459,0.7962352487550017
68839,-0.5184369169900016
12638,1.1681456193000006
79560,-0.5094828872599955
56748,-0.6378067706699984
58186,0.981943607735003
21815,-0.5702561036849989
19668,1.1857310574950017
27632,-1.2720701016550011
52592,-0.6271168637149964
216821,-0.4925069234099908
78394,-0.38587776049999967
79059,-0.4634885523800012
68636,1.1830457987850087
16871,0.9716887612200011
140499,-0.4344466870999888
545474,0.7023334024350056
330189,0.7761608648599942
16847,1.4547945167400123
68970,0.9809597775500052
76366,-0.9786915361850008
216810,1.2245981249349995
14667,-0.7871238920249999
56735,2.3710609590850042
240215,0.8190071688650029
16434,-0.4862031972349996
71772,-0.7666239020999992
238323,1.8044859478250004
73067,-0.5132510931499894
12905,-1.3841385889049977
56857,-0.9132786098450003
16995,0.6671197695050068
75454,-0.4590045435049941
72556,-1.2994695625149975
108897,1.8473041542100024
66965,-0.49315548419999544
50759,-0.7581685565999994
12889,0.835806373720001
28135,-0.4456527383399962
70567,-0.6411702603199956
71382,-1.0692715102899966
170791,-0.41017966969999264
277978,-1.1655384302999985
77106,-0.548820155335001
104175,-0.6360204636649947
57264,0.6931585753950014
58212,1.4998698113800009
106021,-0.6317891719900004
23873,-0.6294929368399966
216151,-1.1278878765049951
64074,1.21889596319
20463,-0.5866528423999995
58178,1.209762352744999
11488,0.9658881580100012
74144,1.313733968615003
12464,-0.4286115064499967
102626,-0.5070976388100021
234072,1.3750327847200055
17883,1.1955729443650016
383619,-0.9314189419399979
330938,1.2833007618100032
12525,-1.0987771011099987
16783,-0.5126199099500006
13204,-1.6870275827350003
67830,-0.49612055207999894
226517,-0.4312458138549973
19663,-1.2144727892249998
66309,-0.5361644019600007
64297,-0.951273919264997
100039596,0.9641440823400016
14732,1.5059065277149983
240263,-0.9858074256299982
74191,1.1387840013950017
245381,1.6918931627950005
19038,-1.636928920829999
19172,-0.45431085499999746
280635,1.0108908448000014
74718,-1.4910164890599962
230809,0.9394920523900048
13496,0.5760233339349998
433022,-0.5744735498949991
15401,1.7912973523700035
234395,0.7798673178500053
67211,-0.5455636169000009
20272,2.2738505128250024
23830,-0.82744589821000325
50916,0.9787146581850017
15975,1.128395076164999
235132,-0.8380740101049975
54153,-1.2325215055799994
22209,-0.46177379747499536
12412,0.7365089228100006
52231,0.41542988968999595
56358,-1.1362454018249997
71673,-0.42392214754999813
67397,-0.5738512734999937
22245,-0.4362796654499892
75616,-0.5225372306749954
17354,0.7321877791000002
20393,-0.7657244471650042
14537,-0.764297761244995
69723,-0.5231962910699988
66854,-0.5660960130100019
105837,-1.2379077932649984
68140,-0.7831492295699984
102323,-0.7053880409349951
12226,-0.806067977799998
68032,-0.425940220150002
27049,-0.7952434879450001
110637,1.4351864244350026
380601,-0.8913597915699993
66616,0.6289390404299997
14950,-0.4772682840000009
66736,-0.8986367437699991
67446,-1.1647315493499972
56077,-1.2597113590950029
319481,-0.9302785767649997
57170,-0.8871768717550035
16569,1.1697540677650053
100043597,1.1475268788949977
13385,-1.26922489697
19073,-0.5237886945999932
320795,-0.43093412065000614
20390,1.2822612027449996
22704,-0.7555133942749954
99031,1.7200797928500018
68203,0.5407711180250079
17534,1.3063392967350032
73251,-0.4986782442449975
241296,-0.5068536999249957
23997,-0.422945199464996
76938,-0.6338568587799962
107769,-0.4705219330299997
235281,1.3591305875000064
380714,0.8246051561550036
214150,1.88458466324
24084,1.88458466324
67710,-0.4409526995000004
11614,0.7151448665000033
66999,-0.4103574296999959
68877,-0.4050314531999959
11909,-0.5483258115449949
60525,-0.6893610830299988
74614,0.8024015384999963
242235,1.2779247256800037
67804,-0.5548872727799985
270110,-0.5692323377899982
18519,-1.188164440275001
68520,-1.2309824906099998
22163,0.43845349548500323
74213,-0.5185855822399983
108705,-0.44487438349999664
387616,1.161976050299998
21892,1.1990846541300009
65969,-0.9352667113999993
67490,-1.5467305936300013
56426,-0.6270813865000076
80751,-1.1838388281249976
20964,1.3865997530850018
223915,0.9529317594300029
12212,-0.9899752159149999
78610,-0.5189680351499995
216797,1.070127604230001
23991,-0.44248020384999087
56248,-0.559507886945001
19225,0.5332910709600016
13434,-1.02414899475
18514,0.8432116845000035
104009,0.4552906253499991
66302,-0.6216058370800042
216705,-0.7879332935899965
69906,0.8077937338749974
193813,-0.5802158694299973
71793,0.5842502359150021
11502,-0.7870000239849979
243312,1.266342695580002
241489,0.9207434115700046
74463,0.9959286421050049
58217,0.7485277470600016
67489,-1.0948085516449986
240058,0.5482858351750064
64209,-0.49524380259999923
13169,-0.5685800230400009
381974,1.8480400400249994
110382,0.7060633963700016
56734,1.1562288078799998
56216,0.8560763531550037
231148,1.0683578174550057
14803,1.1496340750700003
232370,1.3154692592350061
675812,-1.040192589305002
70604,0.7533499841850055
68501,-0.5158779094100012
224116,0.7007141896349989
20639,-0.5110315138749968
12064,1.9901661292550052
353346,-1.3826027348349967
20713,-1.2714430589549996
66350,0.9081357541600017
328845,1.3752124688050031
14201,1.1235972912750025
67657,-0.5752863586099988
72461,-0.34382408464500003
14235,1.4284102841750013
16641,-1.2833391129149962
72133,0.768262261495007
74315,-0.360278858720001
70941,0.7545608738600018
21752,1.4956929136200028
17086,-3.187222987600003
94062,-0.5475337390799968
223739,1.0149449111500024
76295,-1.5872420926450017
72727,-0.5975210356549985
72759,-0.8162767560749966
14998,-0.6287231906699855
27393,-0.5818131747099997
75812,-0.7624601379549967
74424,1.29580489724
319939,-0.7663866508699986
106052,-0.653676589265002
246707,0.6404060264500036
52705,-1.079412673159995
18795,-1.263699962745001
232333,1.2047700250650042
230996,1.179185041824998
67878,-0.5892083523749978
58248,-0.5857719588550019
320508,1.3666559085750052
102334,-1.6623060318199991
22226,1.138693301425001
13804,0.8405234983750063
18582,-0.661020848885002
66934,-1.0776508346650004
68738,-0.5048036172500066
71361,0.9233854010150009
381201,0.3922371580800039
19934,-0.6155999792999971
80286,-0.6871936429999987
245596,1.2435635096199995
266692,-0.8175946416649964
73694,0.5185334743650003
19334,0.42573508076001154
22390,1.361968563995
209448,1.4419340881450005
16653,-1.0073713258449963
15384,-0.4945736107799963
68539,-0.4524309206799977
14056,-1.2483902804249984
13830,1.4118459746299985
56305,-1.1516415225449963
74392,-1.792775620595
27053,1.260816698350002
75697,1.3369727122750024
93679,0.46870086456000415
319899,0.6532756214250011
320024,-1.052235338404997
70997,-0.6852149175499935
67732,-1.3013491783349984
66511,-0.5152896122499975
17118,0.4716695154300101
381073,0.9471613765050009
66686,1.2183662117900012
11537,-1.5940548896499984
263876,-0.41088730708999854
77045,-1.248591241295002
66892,-0.9127820718199944
93836,-0.5183284422800014
105689,0.46023708054000423
14758,-0.8009619155599941
218210,-0.5593196410600001
211578,1.1738041777050023
67045,-1.3589364101499983
64051,-0.8456629179850008
21958,-0.9186371594450016
22631,0.7564669915450022
13666,-1.0284974573999994
20419,-0.9639544751650009
56068,0.7899667949000015
104318,-0.5749702525999947
28018,-1.0514615828200027
12499,-0.593423549289998
117146,0.504753301940001
19341,-0.9948423088099982
105439,-1.4486310108950002
12443,-1.276601475439997
99899,-1.3796176596850023
20410,-0.6731831694449997
56036,-0.43758502604999094
23983,-0.5228756447999885
225182,-1.063254843924998
11489,0.8913313420750031
101985,-0.9779057510549967
69256,-1.5443313537199987
12725,0.5507558165500015
271209,1.2623260008100035
52700,-0.43641576094999657
73690,-0.5484039348599978
54402,-1.2799930814900007
18451,-0.822363210594995
12812,-0.7493928521200015
15410,1.4212946069450036
83946,-0.8133347580700017
233877,-1.097973860339998
55992,-0.4932429017800022
68090,-0.6930689000399948
232827,0.7613395870949997
67105,-1.2913021816600017
76380,1.0688785480449998
327826,-0.6839495114649958
234728,-0.7828630270399985
55980,-1.0340213226849988
74448,0.9219193143000015
75796,-1.5432206149099965
68027,0.8459766348300013
110172,0.39709692055000545
100038417,1.1780774123350022
14365,0.8311747895750035
71889,0.7056686639500072
16412,0.7984298594950072
16600,-0.6706629302099945
328788,1.6401325759550085
75516,-0.7934087570400017
53422,1.0219291215450017
56506,0.6921582498000021
72324,-1.090436587484997
26426,-0.5400949986099999
319259,1.2590348305450028
16516,1.0683239238050017
100756,-0.6351966901550004
14236,-1.132536445819996
16668,-2.1364017414699976
68366,-1.7117342371200008
56280,-1.1298827532799995
66126,-0.38341158824999866
66528,-1.2005903084800016
104479,-1.350156243919999
116940,-0.6026201841949943
245827,1.3769413880500023
107589,0.9324613579500021
16679,0.856913904284994
52829,0.7505256685300012
70312,-0.5327886194999998
268977,0.7057786901899998
100604,0.6189951668450027
78749,-0.5522122807199992
50928,-0.8460468753549977
105239,-1.1983423444799985
13640,1.143398954680002
212989,0.9997667231100031
21859,-2.4675412401250023
16663,-0.9155891767600011
72754,-1.5908374318400043
13010,-0.5365447143499971
269693,1.1025716825350007
20688,-1.0587122457600007
627049,-1.3777178039749973
234549,0.38974891796500444
225289,-1.4114323977949965
20523,-0.44309651599499666
109929,-0.5143687095049945
26444,-0.3843915179500019
108015,1.2097356579800032
18949,-0.7117717130099948
272538,0.813501958390006
107375,-1.2619271446199978
67382,0.49261421527499927
71138,0.8375977643550021
55951,-0.5700625580600018
68939,-1.8767012067850004
246221,0.6202164074350058
21832,-1.1597816293750007
66307,-1.5508332824499993
13001,-0.4135912415499945
66125,-0.4442312887500055
18759,-0.5423362784649992
381921,0.6055318935899976
18484,-0.6796361161299984
11816,-0.5434133951999947
72554,0.7294754087150048
17344,-1.2440759904150003
232334,-1.099026155815002
20658,-0.5777287918749963
66056,-0.4514116970900002
14687,1.1854833047650057
66048,-0.5081578773699977
11302,0.8544686471099983
51875,-0.7711116375349949
67569,0.8990137560650018
11513,-0.4989295158099978
16155,-0.5401097173499991
11727,-0.8614980568900013
12876,-1.6695076364299997
14579,-0.9215954011649998
170822,-0.45391096574000045
11739,-0.4328259127999967
18457,-0.4012522173249984
60364,-0.8475748444349929
20239,-0.5182263230449955
66938,0.760763656210008
14254,-1.2181996321649988
13039,-0.9688315700449968
235574,0.47494378554999805
17242,1.1403839958750002
17685,-0.5180616911299971
216767,-0.3877452908799963
22385,-0.9951214699599991
70454,-1.118453487250001
20932,-0.3951065016499946
71795,0.767937059180003
69982,-0.950540098964999
14241,1.3483452066350043
259279,-0.5952786843850006
108150,0.504542151599999
170748,-0.8135025858800002
70625,-0.8279428741899952
56693,-0.45338658137500154
403178,0.5860055027450013
12033,-1.121297022434998
22019,-1.4236358355199998
19289,0.6303891056200062
27275,0.3737104916599989
27058,-0.5421924119799986
17986,0.5725068108699998
78893,0.801888161005003
73738,-1.1976220538600009
20280,-0.3772433502499961
76668,1.0868419693550013
654498,1.1475744069750005
215446,1.5015263916649988
19177,-0.4618128026799937
69527,-0.9102277746349952
237091,0.9118542168350015
56698,-0.6758874104999979
232821,-1.0201262794349986
20897,1.108616382460002
67903,0.5208148013450025
69241,-0.8660282812499949
67979,-0.7975974324399964
17250,-1.366565364600003
229675,-0.9257266470449999
12339,-0.8910216605599963
101867,-0.8018009753500008
74192,-0.7125539108699979
208154,-0.7273911556899915
22042,1.1472694058599995
14489,0.7277291245249966
217410,-1.62688542252
23999,-0.4798243057849909
212679,-0.9881206229150012
218138,-1.1498701744999984
12580,0.8788841269250032
71276,1.2855017225449972
107951,-0.4934306320999955
12337,0.7362183861050031
56788,0.9361519465500034
54394,-0.5138779543499918
16192,-0.6930161981149983
432442,0.9212430323000014
12325,-0.605179239104995
17423,-0.605179239104995
77836,1.0277308098900004
67487,-0.398247230844996
381629,-0.5217504042099961
22680,-0.4215921757750021
14027,-1.132317162879998
74097,-0.4285839485599947
13592,0.937728484345
216150,-0.38841570415000426
18128,1.4030481476449959
12857,-0.40095528899999167
66506,-0.679662497409999
353258,-0.49401092748499487
30051,-0.9484997263499961
15531,1.1774739723150098
22255,0.6117030819549996
59049,0.6449888176250029
54170,-0.8591740515049979
239133,0.7557491716500033
12894,-0.6978818418399921
60597,-0.9140909543799998
53612,-0.4145936857499972
71904,-0.5565949803299937
12793,-0.4311162082499944
105446,-1.203318424114995
269614,-0.6421863684299982
230119,-0.6274785899899982
72043,-1.5118083173900008
268512,-1.0702909024999965
71069,1.0584314986450005
71682,-0.6730400127700005
12169,0.5505589117049983
26992,-0.4325097981499937
239157,1.3045936847100066
67886,-0.6454701535999976
56324,1.020197621675
66313,0.4831205123450033
17448,-0.4100183285999943
16185,-0.609515227759994
56070,-0.9970130457149988
78752,-1.4769656114899954
12615,-0.7362916582950012
76500,0.7390305696899979
67228,0.5204376274649967
56745,0.9713586827050005
67789,-0.8172155568849959
94229,0.7530521963100041
66724,0.9632645738050023
381404,1.0198730466600034
67694,0.6436721384250053
70823,-1.2620269627599976
14411,-1.716176315739999
11746,-1.1827351188399993
53325,0.48036475045000415
67074,1.3233568547400019
52575,-0.8345073306999975
76485,-0.5521432184950008
57911,1.6260397011800007
69089,-0.4767026405500001
192231,-0.4973500487899951
71929,-0.4810635284000053
72552,-1.2035404741350018
16912,-0.48258333034998735
20359,1.0149662435200009
219135,-0.5172130718499925
56017,-0.5620497945499991
16650,0.8904015256300006
66362,-1.06640143112
66052,-0.5024199267849934
13040,-0.6461939979500002
72140,0.49313876653500444
26939,-1.1097380555750016
18113,-0.9159396649149993
71991,-1.1271899323099968
103268,-1.1462073207050043
64294,-0.7002835978499942
74646,0.7610488897200023
76487,-1.1368893989150015
73998,-1.8888339433299999
238024,0.8494548952150014
12519,0.6313287216900019
21976,0.7460083251049987
69674,-0.549158394980001
109054,-0.8993187231049973
13722,-0.44305438859999846
14705,-0.864166617149996
73844,1.0123112789849995
19384,-0.41084563899999615
320714,-1.2079047140950019
102462,-0.5065300076499959
73852,0.5858908694199982
67025,-0.47180769229999875
12387,-0.7428236421799923
100434,0.7569344740300004
54526,-2.1127021304750055
66044,-0.45644218687000127
74185,-0.6169926828600012
24013,1.2027820157749995
241636,1.3988666485800008
73834,-0.3869693474499982
27784,-0.5049423848999979
20845,-0.7933280955249993
109225,-1.07358734488
66065,0.6809692079000058
53856,-1.268917598329999
59058,1.0057774650550018
64103,0.5207252455900018
234138,-0.677391415084994
68052,-0.48166460380000053
17919,-1.1072994101399987
110006,-0.46219747574999737
211488,-1.3206289051499978
76688,-0.33919797414998953
12626,-0.7625371834399957
223838,1.239625796565003
108114,1.043590220865
229707,-0.4513017550849927
20430,-1.6273677303349974
71340,0.8382048241699973
223604,1.4764839626950046
74498,-1.6327818183799945
327978,1.0670754022499995
30795,-0.45508657010000064
106840,-0.9568514466749996
54601,1.6939652870900046
68550,-0.8944594054499948
74901,0.5435458475800026
216961,1.137707902385003
56185,0.6440325757400056
12819,1.2444363370200011
66540,-0.5093344886500013
13626,-0.4721498015299961
11890,0.8772302211600005
108075,0.6640949067900026
18120,-0.5749976337749949
545622,0.9028637854300028
260305,1.460435029084998
243385,-0.910470351379999
73166,0.6156351186000038
68505,0.6156351186000038
19656,-0.4448390915050009
338337,-1.4412457363599955
22027,-0.3882002050999951
14103,-1.1468696647200005
67417,-1.2811220150399967
226646,-0.49952433094999726
211468,1.0609347818800035
27362,-1.1441425473250018
13131,0.695824651045001
18573,-0.7475323296049972
20196,0.4861515198500008
28185,-0.6525504434099947
80857,1.3911599009500044
26611,-1.2942382583549996
12663,-0.809141256384998
72480,-1.2986843814549998
78016,-1.0842362913400017
245532,1.0024412691199984
237107,0.9866733741450018
74747,-0.5828366628000001
67579,1.4908486262299991
15441,-0.4106025317999986
240869,0.7985516527650036
64661,-1.6044222961600028
19211,0.3656937016499988
211577,1.3696838286200022
67115,-0.4877597232000017
15002,-0.5354636207999945
214547,-1.0157317695500012
14419,0.6950235732949999
52589,1.1868483279850004
57260,1.645335048805002
226409,-1.2608653447399956
67463,0.43998210697000495
121022,-0.5199997277100028
232536,-0.7605305285599986
640543,1.0404880151800016
17973,-0.9099411758599985
237360,-0.5092507671699966
16949,1.0448650396199994
67838,-0.3724419403799999
68966,-0.46303591049999504
66868,-0.7098999343749988
218544,1.0304879566800023
68177,-0.518093801415004
216131,-0.9667758184199968
20927,1.1793528563700004
83486,-0.5390895193999956
20908,-1.1675120052299963
74511,0.6996750227400019
228598,1.5723908386150027
20130,-0.3956241360299959
16431,-0.9475240127299998
20182,-0.4119405980999957
56382,-1.4907486173700013
242585,0.9279011657050065
268566,-1.190301070174999
76952,-1.4368674612599959
20400,-0.743768996550001
235604,1.094836546429999
20460,0.947650913345
52538,-0.42963798109999907
94066,-0.430624100455006
98496,-1.0523945282950011
26396,0.46088401989999994
212442,-1.2439753798250015
58911,-0.5795909491200018
19645,0.6149769809300007
67109,-0.43498222837500045
67414,-0.7505351892149967
210766,0.3870239860650031
65973,1.2525525583550046
66921,0.648769802040003
243819,0.4723671751350018
68255,0.4723671751350018
68185,-1.0095308521049944
216169,-0.48974127243000076
12507,-0.44290445939999934
103468,-0.4903484136099987
229776,-1.004669808889993
277854,0.9607408610899997
23988,-0.5082585802399979
69702,-0.6890626468949996
67951,-0.6338362864449945
78906,0.5931582018000032
18483,0.5931582018000032
71897,-0.7279911420400014
72821,1.3728080227300006
68558,-0.6637428811300055
223881,0.8054602078600004
104943,0.8956492601699972
71817,-0.3569330647000051
76302,-0.565698209375002
66515,-0.4267008151999878
27398,-0.4267008151999878
69129,0.7912661757200006
214469,-0.5784194701899903
216831,0.9171154813750015
215751,-0.8707515439499973
66446,-0.5877391734349988
20203,-2.2580394312400007
11517,0.6248663932500023
243362,0.6721918572100005
14083,0.9043369686550049
84035,-1.160501692845001
69697,0.7779948724250021
245638,-1.0821971449149972
56876,-0.5134892321499951
271457,-0.48724000434999404
387524,-0.7427084136549968
94093,-0.48529399244500393
18416,0.5177312120300002
66857,-0.661907413949999
21887,0.41436750095000363
22408,0.8354253691750007
26431,0.48840415395000925
53871,1.4269161481350041
58996,0.549704106515005
17308,-0.5126605817999952
55935,-1.1850832118749972
56409,-0.37739244984999587
50490,0.915988722845003
245945,0.7357160164750001
218397,-1.0995669815299953
140741,0.6390025232999985
216820,-0.5884191448900005
22437,1.1512112858100005
71989,-0.8666322980999945
78473,-0.3901245625999934
71521,0.8902701359300051
212392,-0.9706684268749997
19273,0.9548035953850027
100502861,0.9437535070150007
67528,-1.4296741287799968
56422,-0.5725529752550003
19346,0.38466283349999486
16905,0.4649005290350008
67471,0.7342950532250034
15135,0.9221891794800019
216805,-0.500500923429998
216799,0.8518298202300034
68731,-0.6433666620950049
23879,-0.4364754579899994
629499,1.3078195468000016
72605,0.9829001216350033
228026,-1.1177936793899965
68316,0.6409455252650051
67239,-0.6015010552949995
11593,-0.6376802981999976
14265,-1.4633699966249987
110524,-1.2741466812899978
380753,0.8440732735799976
59090,0.46497117190000736
14268,-1.0794101804149978
75841,-0.5038106161649996
69656,1.2695321067900025
18022,0.37438524484999824
76161,0.6022468614300007
271036,0.9987857282400028
170718,-0.47719307426499746
67848,0.5714059752150042
384783,0.46717137281000376
623503,-1.0437519635599948
18712,0.482742197210003
209357,-1.3702982053449961
102141,-1.424862620535003
14784,0.5494614542300056
106564,-0.5677645423099946
234686,-0.460565859815004
66399,-1.102402817399998
218503,1.0317790428650069
69573,-0.926676408614993
74026,0.4172795802000131
67207,-1.2061479149299998
225028,-0.8639717394449997
67725,-0.4092977502750017
50791,0.7140913922100003
73338,-0.7614000853050005
67225,0.4404404796100012
56047,-1.3806579667399967
69091,-1.2896994411549976
71756,0.8390435430299998
17119,0.6480994476500026
21384,1.1770399035500025
70294,0.5054529899100029
73945,-0.6699849007199958
381409,0.6914823822000011
14601,1.016738906455
107652,-1.047957780484996
64381,-1.068709205094998
16451,-0.403524093999998
15481,-0.42945135230000275
18778,0.7004012742550056
13476,-0.7800073162650021
100087,-1.0259062484699983
23922,-0.511830034599992
57441,-1.5476725594400023
69672,-0.7125788761649989
73086,-1.3466739816449955
269608,-1.1982694993649936
72199,-1.0080375480449986
17918,-1.115895747854995
332110,1.3874471245750026
14409,0.5561933670000005
224344,-0.5133824145199988
14923,-0.43382467289499616
17931,0.5203496546499977
69207,0.5730314345500052
78618,-0.7155509707449959
12729,-0.4973629532199997
227731,-1.0281340296800003
103710,0.6659798138399982
14768,-0.30689904300499116
21428,-1.4857174688450003
74355,-0.5553626752000049
18550,0.37284146377000127
338348,0.40278593731500045
78891,-0.580626931294999
75547,0.5108835979999995
76179,0.6875608290450046
385658,-0.4845787913600059
54712,-0.9791536546550006
214685,-1.0218753521999977
232714,0.8613016906500013
666938,0.6284239667100078
21812,-0.4845454289850082
381801,1.2288691189200023
239122,-0.9142238491999981
14583,-0.8258879042549978
67767,-0.5777073946199973
19082,-0.42244801989
224762,1.1665663042050003
72121,-0.38660828976499495
105638,-0.9532200338499983
18590,0.5207039620850011
114663,-1.2703928449400035
14761,-1.0856505810249981
229898,0.5870345396100021
53379,-0.41559243584999805
237928,1.190260422974995
19364,-1.306450564135
69478,-0.38853833399499393
83383,1.0506594473100046
209462,0.7199327943349996
67300,0.2862878558000066
19201,0.612006677820002
26927,1.0070925293950035
68135,-0.5113646695999918
52715,-0.9771458002650006
69349,1.0654915154200006
74996,-1.168291706744995
52857,-0.479633453449992
100226,-1.1002271032499964
209334,1.2533231785300023
68481,-0.7770644152300017
69923,-0.9035074045
12461,-0.46763545814999397
68275,-0.4321571723999984
18597,-0.9254665933199977
72828,0.47080682310000377
11911,-0.3420041227999988
114713,-0.8196996783299992
15259,-0.42294896347499744
68119,-1.2194570646150016
100317,-0.3787255729099961
75991,-1.0182638159799984
20517,0.7835313458799984
104444,0.6633252771100047
27276,-1.2707322190499966
26379,-0.48504880612999557
20723,-0.8567982894150017
94219,1.1142692142650024
78895,-1.0197424897849983
19106,-0.5646184602999949
216892,-0.736162691079997
98752,-0.6287353535999927
69634,-0.9996623308000006
94180,-0.6393922665149985
215449,-0.4004173611000006
66799,-0.7002370808150005
224650,-0.4896962343849953
218973,0.7467388148950009
13885,-0.39613821820000084
50498,-0.5680288798949977
101700,-1.0358486969749974
71846,-0.8841413921249934
24128,-0.6798056885649988
546071,-0.9737896814750009
63985,-0.3745220248999974
244668,-0.7124114201149965
219189,1.3435681414900014
14388,0.7815495431249988
102502,1.026683883395001
74330,1.0336712666350074
12575,-0.4202105444100006
13852,0.5764183419450024
14697,-0.8833966039299992
11784,1.5339179450249993
328019,1.027531591365002
23850,0.8279449007650022
226591,-1.2181051551149995
22695,-1.1974240981200017
80732,0.3874255962550004
19188,-0.3894373909500004
27103,-1.3964501740450004
73754,-1.0689948983700015
18392,1.1821125134550021
67966,-1.5906212421550006
19732,-0.5362274839449999
56198,-0.8893896264749923
433693,-0.4709443545799967
104130,-0.2972499576999965
71833,0.8678718113700068
170760,-1.2998477196000024
70984,-1.1307554125950023
73699,-0.8181775682999977
103724,-0.6878615130300005
104718,-1.095227978615
19146,1.0462818484700023
116914,-1.1354002197599975
233824,-1.3888766491400029
214106,1.0574902740250014
232984,-0.8358363624949989
80794,-0.7226253424999989
110380,1.145513641285003
71777,-1.2184733921299982
73666,-1.0650999062649982
214523,1.1753534938500012
69816,-0.4238027080000002
227835,-0.38510654179500037
67119,0.6686059356049965
18082,-1.5313444939999998
77422,-0.7705264335050002
69582,-0.606265431315002
223696,-0.3657148447349954
230904,0.5519476351300021
234836,0.7846404699300016
79566,-0.3376167329199955
72584,-0.8846995196799989
70373,-0.9878702160199948
71927,-0.3702269885100016
19197,-0.7752454397849986
224109,-0.5199078192999931
67936,-0.5918853199250016
12421,-1.3294790149050044
74563,0.7684908688300034
69019,-0.3782633950000047
56690,-0.4563680843949953
225659,1.0493952513850031
18817,-1.4716734806000042
268656,-1.5165638619350021
171567,-1.0085654159099997
24001,-1.0163907744200005
69260,-0.8168883404349998
18438,-0.5161068073850004
231413,-0.6341634867149972
216991,-0.8890008131350009
65019,-0.40995525859998416
227522,-0.9079467421949987
60599,-0.6156362487350044
76969,-1.19770059874
654459,0.9165306327449994
70310,0.5916966705000046
15370,-0.7776178822599906
242521,-0.42452827275499594
70911,1.0870513946750027
66248,-0.530034582114995
232491,-0.8331449717049999
18572,-0.904521762605003
14218,1.0847967707650028
70425,-0.4881523906449967
107869,0.729926310575002
103978,1.0508935634650003
140858,-0.5701234849749994
13608,1.528121031905
68607,-1.104327020274999
22417,-0.8555573140699977
77040,-1.3718586460249966
19252,1.1817405525749978
109079,-0.9326566241800052
14780,1.2916583121750027
57915,-0.4754250566899856
226652,-0.39144303454999374
17283,0.7723048266000081
66912,-0.38115842640499764
243983,-0.9906715669499961
57810,-1.123487614480001
16478,0.41066058190001264
22114,0.8157720388850018
74182,0.6294426958999999
52855,0.7705107939650073
66593,-0.5635412710849934
52123,-0.4767258550049922
110895,0.9338517234200028
73102,-0.6959842319849976
212090,-0.41584629127999406
22121,-0.4543523882500029
67946,-0.9862404652649959
22247,-0.5718994719149944
211329,1.2030096988950092
68764,0.9876310315149972
407790,-2.932316594990001
78246,-0.5954280349299914
69259,-1.5219624106900032
209588,1.124345582760001
213233,-0.8998178976249998
105349,0.8812636140750012
231051,-0.5687077381000005
13866,1.2058109763400005
244672,-0.7488191989349993
104885,0.9060685648650058
223227,0.6297620993250002
69792,-1.0979771174649988
224640,-0.3470901022000046
67203,-0.523441201914995
53319,-0.5183772515000022
75452,0.6389337796849972
13629,-0.4567719797000027
331623,0.5057073482200005
66464,-0.7081486592050013
69912,-1.8039464309249977
70882,-0.8246934705849984
73689,-0.4219454100399975
320502,0.7293134622950026
229317,-0.9392714159400004
76563,-1.161637438019997
214424,0.6647534057150022
50771,0.810290825885005
66108,-0.37001960135999035
619301,0.7959559886450069
14586,0.6614733402500033
269513,1.1288538082550001
20016,-0.49588725264999667
12015,-0.4183968380600014
15944,-0.4213283595899959
113868,-0.38230432489999266
67453,-0.3938926803299978
14272,-0.4287376875849933
74754,0.4274216190500031
19981,-0.3442210057999837
70640,1.3669611246500013
76041,-0.8601639077799978
13386,1.4014766472200004
13872,-1.1386399231299995
67877,-0.473808312289993
71745,1.0889568700649974
21778,-1.16073024751
14299,0.5003402063499989
14431,0.5398961836599998
16846,0.587223357330001
12151,-0.714106510449998
20869,0.5272453603350016
216856,-1.3068419301550014
381379,0.6217623652850008
76787,0.5130061734600009
16330,-0.43737530225000754
74504,-0.4235915605999985
66435,0.8108014619650046
228875,-0.37327598436499976
71721,1.2859503526349982
13429,-1.1921151265999885
232337,-0.39528302241999747
66887,-0.5054149901000038
235415,0.4863627986000072
18577,-1.163966673434996
19013,0.6865271114000056
18423,1.2901844882400022
217232,1.0779167924949995
74369,1.4715514091100008
19153,0.9680272119400026
56794,-1.0412137403499973
67623,0.3381148313299924
19167,-0.3921028735499945
52245,-0.8707320916649941
56456,-0.4128138909699999
217342,0.579982450000001
17449,-0.3659674939499933
76425,-0.32661717409999724
13560,0.9053523217999988
17966,0.8782300927399982
233977,-1.5361940405350003
170935,-1.2489808548949983
13435,-0.5301205655149976
72852,-1.022190575229998
230376,0.9826668092550026
17425,-1.3469278694599964
20855,0.8905563315300005
93683,-1.1648800436049953
319804,1.4234705352199986
29858,-0.5772838807599978
83398,1.376359944659999
211660,-1.3805029574349987
56043,0.8773738260200012
227929,-0.40441479074999265
77371,-1.1385043724150012
66201,-0.7048352511649991
65945,-1.3351546604899989
18763,0.4056484458450047
102278,0.9528233750650017
20648,-0.5416968946000011
239739,-0.6653250586350019
13353,-1.275389965669997
14154,-0.34871071289999733
72149,-0.6709495525999944
21933,-1.1587100158749966
692132,1.1494024833150025
109820,1.2344449063650011
386750,0.9915888773300017
20638,-0.3976496515999983
11782,-0.964213606595
66060,0.9063869157250029
107338,0.8934631964199999
19119,1.2854958676650048
15896,-0.40662752810001024
11843,-0.6206890489649979
68268,-0.6398622299999985
67204,-0.3381191753849997
76071,-0.34859742682000316
58194,0.5426975908199978
330657,0.4017086474999978
233833,-1.5679132324149991
240752,0.8278954089649995
232934,1.1334829566450004
67136,-0.8194558646350059
68533,-0.7901769946200004
224824,-0.404349884569994
57895,-0.5956961793199946
207920,0.8917367698850018
15108,0.337211678200001
19357,-0.5103547768599999
240028,0.5826033143800045
226849,-0.42800555264999396
12140,1.3890362322099983
26428,0.42807379507999777
11564,-1.394714565110002
233836,-0.739312742860001
72108,-1.049486193379999
110784,-1.1648990543050015
104416,-0.6244183138299917
94178,-0.4583888244299992
50767,-0.4583888244299992
66206,-1.4487968114449972
230779,0.8601633296250055
70451,-0.8167821218999993
18507,0.8731596248049991
231549,-1.3223533411149937
56372,-0.36005319287999704
12487,-0.4178154049899998
19226,1.4355630380250033
17152,0.9865701430800007
76809,-0.440305246014999
52906,0.37014794946999974
216049,-1.025099353535003
56615,-0.5879509593049992
52666,-1.1768610271399988
20937,1.0501006342900006
74434,0.8431777054800014
12675,-0.49589415574499895
64540,-0.7956082527049992
69178,-0.39324604072999314
67186,-0.2859235581500137
72338,-0.2859235581500137
19099,0.9650175983400002
66431,-0.5969744379699957
19265,-0.46837145979999484
69577,-0.5995131088149988
59045,-0.47165772089000235
241633,0.40808361086500433
260409,-0.608063136524998
208144,0.7757791246150036
27999,-0.3645980353950016
109108,-0.7935115762899985
237038,1.2537704321100014
22654,2.04008533965
218518,1.3350713253500013
243372,-0.8652363779400019
213673,-0.4341588645500032
13615,1.1067529314500013
545824,1.2813907757200012
244667,0.6577195975350048
16906,0.6592250879200039
319817,0.5265280952300024
26404,0.9061429195500015
71707,-1.5552990727899934
107071,-0.609363865529998
71982,-0.4768959853899961
66054,-0.6106720433749988
53951,-0.3568591669700041
72306,-0.5597504521849981
110074,-0.4110334521350012
20910,-1.2156412438400004
21390,-0.4662512731049979
70233,-0.7925174888849993
244721,1.0110314480899998
14945,-1.5817138053399997
244871,0.7184672740899991
72388,-0.7161417651399997
11440,1.007090094305
245026,-0.9805954286999947
18555,-0.6987599788549987
100465,1.007144991645002
15939,-1.214800757209999
20344,0.4984164945800016
67005,-0.406007241104998
13548,0.4298360459650006
114332,1.2847444412900009
20585,-0.49718808839500106
66526,-0.767278788605001
20679,0.9091629613950012
14239,0.8883998221000029
56188,0.5915829585000072
22433,-0.30427956484999363
67933,-0.8500165656799981
234129,0.9394870190350018
71699,-1.304111444820001
59031,0.4704650836150037
320135,1.2931863460500015
103466,-1.436785137744999
320405,-0.9303629157499995
108797,-1.1980400749199989
654824,-0.6488897358499983
68277,-1.2491487664149972
16410,0.7203109192500037
74117,-0.506707861949991
109700,2.031730302795001
23845,1.1106314651050009
56187,-1.3835476107800009
268663,0.6993380159800058
15204,1.1687187586500087
101471,-1.0738934742050015
74197,-1.1673950606549992
232784,-0.4720264659050013
66881,-1.1286175949899997
66964,-1.5455938085449992
67512,-0.4372712626699933
53602,-0.42229341575999513
50500,1.0404954251300036
57258,0.8062804815700009
12824,-2.1847850162749993
67952,-0.49251478609999744
71732,-0.5583788929999969
66923,0.5376136039900032
77087,-0.6932780687749958
213311,1.4931704089500024
12503,-1.2868351686049992
108071,1.0187218737300041
242377,1.0989117910400008
14674,-0.4277222170299968
56440,-0.4812528275499979
71330,-0.49607940967499964
195040,-0.8853198781249976
229228,-0.5473886238300025
15558,-0.9936256119649998
240641,-0.9747531710450028
19826,-1.8043012931350013
240047,1.0700304338750044
69188,0.49469985415001005
69113,-0.6125109198899974
21745,-0.7040744149099964
14527,1.3721893619050043
21809,-0.4831623998899959
217262,-0.9397385935399969
72615,-1.1801158916999999
77254,-0.3882467299000041
18100,-0.4270548024200007
15064,-0.8673803628049974
230673,0.290582767520009
16994,-0.6119533730999898
56386,-0.3171926243000023
13003,0.6272011863850064
13489,1.0780537877699996
17766,-0.5865022369599959
19181,-0.35316661244999814
17470,-1.6233887482199991
57028,-0.5710842825100002
73173,0.7240261939950008
75613,-1.0524332573749957
17474,0.46048479950000143
19035,-0.3812769094999968
70791,-0.605597735104995
276770,-0.3178591437500078
19377,-0.8460298129949972
77799,-0.8492163596249993
12416,-0.6805487281899971
242406,0.7361787858049986
14425,-0.8403295172399967
19109,-0.6116480930499981
71367,1.0173614998250025
16780,-1.1887281064299993
72745,0.912694532099998
14618,0.7348427562050031
103967,0.9199142548250019
193742,-0.556087303990001
24068,-0.31659200274999755
216363,-0.4384209521000013
67106,-0.37026211895499195
72514,0.9614249738500025
20597,0.36054413095000015
74385,-0.5708316006400009
81897,0.4425859715999998
16413,-0.4563468747949937
18969,1.1747723198850002
75623,-0.9555374037150015
99650,-0.3157249750999931
246133,0.5296307183299991
70573,-1.023425661554998
12971,0.9432192245850004
217578,-0.6859047781449936
19414,-0.6044679916999893
214345,-0.46500138393499935
16210,-0.5690203784999976
21387,0.9991946958850026
245857,-1.076541655454995
74419,1.598421008960003
11798,-0.5228691101249989
320256,0.6944898273350013
19336,0.37493075296000455
269952,-0.6824184079600037
231430,-1.4615293598699983
68662,0.7034879734399984
17776,0.505179783415004
74766,-1.0528977360050016
76479,-1.0926803997800008
20445,1.218632659850007
330222,0.797816275710006
212892,0.8702130118799989
103737,-0.9411831827850019
27015,-0.7403122975699947
13433,0.7601989386900021
13559,-0.7161797041999964
11770,-1.0172330083900025
30930,-0.6168352376250006
20957,-0.798928737530002
12492,-1.1933298274900013
432486,-0.9750016421400014
22330,0.8251554278600013
74841,-0.5546442314349971
69745,-0.4295286119949999
17347,-0.38894371169999786
20974,1.2566241980000044
15254,-0.42453599914999174
111173,0.7542699556050003
64291,0.9010089977549969
69826,0.7437947404949998
53604,-0.8781304315550056
19696,-0.6732649488299973
14281,-1.2748076163999995
100972,-0.904963250649998
76441,-1.3567233226099993
29809,-0.37529263530999124
13057,-0.49186114569999617
114601,-0.4048981692399991
442829,0.5362784786450003
56410,1.0192554771949998
16706,0.9588625114400031
20916,-0.44799045636499635
654801,-0.9661198773949984
16512,0.49479020552000286
69257,-0.6896963529500022
216344,0.4319706872600033
70093,-0.9684953973099999
271944,0.8603633746550012
15574,-0.7461513199849987
21343,-0.544631877594993
56210,-0.9257832107649975
21898,0.6374594093700034
623131,1.311528224149999
96935,-1.0164784632650026
170719,-0.5004182500599974
319508,1.2244792581049992
71946,0.9059236582850012
78903,-1.3331523181749976
228961,-0.5651396644050024
52469,-0.33238985274999777
23881,0.6424479920000064
21938,-1.2012574846549953
216136,-1.2028952206800057
237052,1.4089558902200032
210027,1.2579790884050022
94220,-0.8375375716200031
57750,-0.7817685971500001
67302,0.7430567241950037
11754,0.8800533894899996
229603,0.7905343697200022
69612,-0.6645792312949945
20606,1.170994456184999
17035,-1.4730668532149975
100043899,-0.6430940080799985
103765,-0.7601259735749961
74106,0.9734529517400015
80892,1.36123440835
12142,-0.9220917032799996
24051,-1.0040317000800023
15395,-0.8860893255999986
66787,-0.636012969130002
66866,-1.1335687482299948
66841,-0.7473095492199961
12796,0.7192316481250023
217166,-0.7759511254949993
23789,-0.620582932609997
227674,-0.5629024092099977
66559,-0.7229309809349997
252876,0.6518974869300029
81904,1.4527133758350042
66335,-1.3428547375749993
14939,-0.9724337225000008
230587,0.7073875393200062
545817,-0.7414336657900007
72310,-0.4116971432999996
99889,0.6558436605350035
75620,1.1976755287850018
246738,1.1575080278749992
214951,-1.2987204844999987
73902,1.2994117537150012
56399,-0.501567576829995
55943,-0.503571207579995
70797,-1.04188349994
20014,-0.3721657488500014
21453,0.5828028851500022
26394,-0.3698892835499965
11433,-0.5062760247999982
239659,1.2947415349999982
22371,0.5767875995500074
330460,1.1606874833250007
18452,-1.268989962734997
83679,-0.4367069352249979
67647,1.0410249665400038
14043,0.7532496182199999
103850,-0.560200862684999
75763,-1.080882270300001
102791,-1.1675555507800013
214987,-0.38380899309998995
218442,-0.4346134645699964
330790,0.8804715071149993
71978,-0.7087191865499953
52163,-0.6914620366399973
12153,0.5707858239000032
57765,-0.4110003796599955
18190,0.9064306318500037
213019,-0.42101723245000855
52609,1.1106733090400018
56363,0.8613350817650032
72825,0.6201996372800043
80880,-1.035169048384999
20598,-0.9270297753599976
98221,-0.3514926533499967
71883,-0.4455430974399981
27395,-0.37816979303499565
20382,0.5334896822400044
19876,1.4596457965999998
208994,1.6325454771700016
12777,-0.7208675296299996
75097,0.8376172962400013
99167,0.6010854292349999
232798,0.7829894847700025
69655,-0.6447037797949999
57377,-0.4001068181999905
16517,-0.7915409133699991
78408,-0.5641903544350013
55938,0.6591590331300008
214897,-0.4107631000499996
66867,-0.5886158841749953
218335,-0.4712338747349971
13205,-0.35401227484999254
67070,-0.3633248863399956
229521,0.5587261776600014
70574,-0.5127364274749944
68107,0.9205327494000013
53331,-0.32153522900000553
244962,-0.8129765017249975
19261,-0.44230414772499493
70047,-0.4827005964599955
18715,-1.2559470127449988
12757,-0.3715423439999981
72729,-0.3964449299499986
213491,-0.5524962070950021
23885,-0.539882066529997
15894,-0.5899267304249989
59032,-0.5808970847350015
60533,-1.0011800182749973
211651,1.15237568407
16491,0.6686437110000023
12922,1.4153098527299992
329628,1.0434325655200034
16774,1.0300405464700004
246710,-0.6969026568849976
58208,-1.3686440288599977
70358,0.9535892876799998
16562,-0.698977025219996
232089,-0.4577948108399994
381062,-1.0125681739249934
22335,-0.2775941764999903
231050,-1.0103325687600018
17932,1.0654611260350033
27360,-0.6040127018799915
233071,0.5407381057150022
67328,1.02902654853
64337,-0.9209417014100003
66889,-0.572962207169998
193670,-0.46426870836000234
53598,-0.3012733160999961
66361,-1.0424014154949992
279499,0.6914750598100019
20452,-0.49805444640000474
73658,-0.3797460946000033
20872,-0.4627887149149945
68837,-0.3734346444349965
83945,-0.5076588964300015
109575,0.7425942991550034
68098,-0.45426952446500124
68028,-0.5498663201999943
380785,0.7597620815950039
56177,-1.0081861381549988
23954,-1.0163701731500012
20516,-1.0436706605499966
20613,-1.0473064605499989
666468,1.0142423829300018
237890,1.533514979270005
18399,0.87014633107
110279,0.4424313246349971
19652,-0.5597634979499979
68591,0.5780112675600053
277939,0.6016060347050054
17068,-0.4279994396999953
13605,-0.5786197014000027
53978,1.211787612720002
209737,0.7699054391249995
208104,-1.1857166324500001
245537,0.4622035698500042
241877,-0.7149012661249987
234776,-0.62002526834
109065,-1.0731392644499973
76804,-1.1287605103299994
338403,1.332995956645
21419,0.6884582289349988
76524,-0.8958583574449994
15116,1.2288438304949985
67899,-0.5989295632950036
668173,-0.8829447102449981
76306,0.7197135561850008
622675,0.9195532751849984
330998,1.0876739066800014
170484,1.1284502628900013
11797,-0.4836180716400076
269954,0.629865786649999
77220,-0.8014249273499994
21681,-0.45919657166999883
67843,-0.49843186261999683
27418,-1.1351355131199954
67273,-0.40685595205999725
50781,-0.8984100760950011
54445,-0.5293427831000024
330914,1.0258678753549986
11479,-1.3601854397750026
12647,1.1665974177400047
76898,1.466728515810003
245126,1.2622871838300016
226016,-0.38818707300999655
230721,0.7430777274500091
102294,-1.4808395104299956
17434,-0.28503661920000134
19331,-0.3558453715549952
20788,-0.695714768599994
279653,1.085481770135003
19730,-0.4394975367849945
11651,-0.42667547330000133
12540,-0.45109715834999875
320487,-1.2617688099500013
56327,-0.689149156290001
51789,-0.47104592054999195
268902,0.8928797116500022
77116,-1.1162182256549995
52432,-0.3327229623399983
18189,1.4674724696100019
12348,1.3004501343500028
21376,-0.36765018619998635
70503,1.1817683685900024
237758,0.9437640879350004
70510,-0.31787184904999854
16647,-0.4404651800200057
74919,0.5049593918400026
52504,-0.6920471352900002
17350,-0.4785310377599963
105670,-1.2898497175350006
67590,-0.9619735177750011
52335,-1.0356342715249989
16163,0.7903847770500008
75758,-0.3162048117099978
68728,-1.1926054168899984
17955,-0.3220898984949976
232670,0.557777127949997
231225,-0.7173764830399989
246277,-1.4289030391500015
71735,-0.5802727633599973
64008,0.982871717755005
237222,-1.1195374934849935
22177,-0.523587216399994
66922,-0.40965837973499575
17345,1.049470762500004
241915,-0.7143722929299967
74914,1.4985422657300012
71932,0.38033524500000127
77781,-0.6409574226250001
56367,0.6485736545599972
72194,0.6834176635600056
15257,0.7826761423999997
235315,0.8034845020350012
74377,1.1432022240200035
72129,-1.0297266316000053
11933,-0.3910864934499987
14270,0.5950691837999997
13813,0.6043408843750075
21915,-0.45732442788998995
232164,-1.0163951967399978
73598,0.9776488439250013
77559,0.6384697135199993
320878,0.7309263137300004
320604,-0.9916790461899989
21853,-1.0180127617150019
218885,-1.3613598805299993
12355,1.309145821225
19674,0.7036091205300017
24116,-1.285903494184999
20132,1.2923516863500009
15900,-0.5264527968499948
244421,0.6617959137399989
109232,-0.9995284443499974
24014,0.5789889167899993
76007,-0.9817160207449964
230700,-0.5276343829850045
212111,0.30862901892500005
73254,0.6371198428000007
21367,0.8803090260700008
54338,0.6133752122149998
78935,-0.9241050426399964
56354,-0.41263145809499413
68080,-0.9764255009050009
63958,0.547948506920001
16549,0.6705020774000037
67591,0.6094655972100003
69576,1.2019182730649982
14057,0.3223703361249992
72323,-0.9707568639949979
56278,-0.8284782007749989
74203,-1.0014166966800042
69981,-0.39780315024000323
68350,-0.8442543225700021
22294,0.3628511608350049
84113,-0.8255862566699976
27756,-0.32352414102999383
66241,-0.5060060919999962
78825,-0.8294695884299967
235135,1.3199474617099995
70155,0.5702733675700031
67166,-0.5401189660849983
77595,1.3742779919300014
69101,-0.8343206120699991
338375,-0.7532274413900018
67760,-0.9334032375399932
59035,0.6543931932900051
320162,-0.41764514788000007
194590,-0.7627987158350003
320655,-1.0499285052150018
229801,0.7530606221300018
14600,1.4320296908050016
224697,-0.9938800679999993
22334,-0.46998911304998536
73671,1.2092766200800025
12945,1.155572708964998
22057,0.5247578717000012
18393,-0.7552826901949974
75029,-0.7994453867499978
380755,0.8989602952350007
208258,0.8959017845850008
72630,-0.3257607724999865
268936,0.9155502759150025
64213,0.3800244726450117
14718,-0.9783570561250006
50773,-0.33127342139999527
19309,1.1532351552750004
210417,1.3529775438050011
329954,1.0819160387050015
76233,0.4995935391999975
66113,0.9291751998700013
252967,-0.8094767701500007
70686,0.5286398064600029
16825,-0.36373612912499453
242681,1.0160477492799997
59009,1.1121520302500039
109331,0.4396778932000096
78937,-0.8982935217349999
78771,0.47779939381000247
77627,-1.035922372115003
320184,-0.6346765370299989
27397,-0.8855008987350024
667663,0.9700749485400033
21418,0.9873024042250007
67097,-0.3853435103999985
212108,-0.7270077757400015
56471,0.9469700850100029
223648,-1.1445766310299987
234593,-0.7291973383999988
12143,-1.2772841309050005
66220,0.6085974834000005
12774,-1.299474388840002
381399,1.2042401646150038
216846,-0.6316766623699976
239647,0.3016084312500027
234594,0.45770419341500457
227545,0.5365524260150067
170731,0.49405149033500173
68152,0.5837443151049975
52377,-0.5994015839349967
67149,1.0211618952400006
19210,-0.3401820262999937
233919,1.0063739860050012
231861,0.6360940853700017
18045,-1.3708595236949987
30056,-0.6995345419649937
18378,1.0163300218300018
57373,-0.40865209749500053
66811,1.0505966425600004
497652,-0.4202934902999971
56403,-1.0586283391499975
171234,1.14066705687
231098,0.7040889628900011
68632,0.5239018786950016
57905,-0.3879058600199947
71452,-0.5400889657600008
60315,-0.5216243043799951
228136,0.41818658496499594
58802,-0.9925963081149947
22709,-1.0250973232699998
109333,0.5767839659800043
20479,-0.5661974412100061
69590,-0.9236266305350007
211484,0.8073431222400007
276846,-0.4360749001099986
65961,-0.37846061649999996
16153,0.41069243335000216
116872,-0.9213348070399996
69487,0.9155926595400024
79264,-0.6773960903149971
215494,-0.9829534975299987
239114,1.4873371692049995
67883,-0.7199388212850026
68262,-0.35073873683000123
76942,0.5372708556749988
73075,0.6348148242650029
15228,-1.0316562876299993
67268,-0.3287757730000074
22282,-0.3174030874999971
50768,-0.8430076951099994
24066,1.3722038402750005
11363,-1.2969341076349936
19302,-0.5394844951149933
24086,-1.0199573658899999
14396,1.7916720457600022
16952,0.4656839640500028
16553,-0.8603480532549996
230936,-1.1968095219499952
76469,1.3200749791100037
17252,-0.39419743902999826
235626,-0.6100135822099944
13557,-0.98059332458
68750,-0.5279717957949988
103677,-0.4228076152399982
67511,-0.3650217415999979
22117,0.9057342437349991
320226,1.0362716220750023
12159,0.9453443240900041
77219,-0.885861542975003
11305,-1.1142598476350019
54709,-0.39728650606999416
13036,-0.46162736144999705
80289,-0.4108591496949998
20384,-0.39883574147500944
20103,-0.33955593750000546
57339,0.9886862019650002
18160,1.3874427490900025
241950,-0.7780761000899998
57274,1.1242677312949985
74320,-0.720558052979996
66824,-0.37100378240000076
353328,0.6524152596900019
327762,-0.9482877377050007
66258,-0.44782847208500165
50996,-0.591031539674999
20533,0.7274899528000063
228005,-0.8572930760150035
211286,-0.3059987548799956
13052,0.7977210996200021
74386,-0.6310738285500008
66684,1.2168726351299997
22031,-0.4314864782699992
15567,0.39051407959000706
69181,-0.9073215497349976
229593,-0.37933827144500043
14661,-0.3559394790499937
22384,-0.513548143199996
15891,1.0009324142550011
65246,1.0099924153150068
56520,-0.5112947191500012
66213,-0.526917250645
75458,-0.5886466030349986
57317,-0.4423492799699993
236193,-0.7718185028400013
70925,-1.0198883942299997
665033,1.3967332188200006
66656,0.36732240150000983
70495,-1.2071569761799976
12651,-0.41713041742499435
226182,-0.9160344521500008
15903,-0.7133503569399942
22174,-0.9664223223250001
269295,0.7120433698850022
67437,-0.3517017351050029
14548,-0.3606723083000052
269514,-1.7247022039350002
406220,0.7790163434599999
327951,-0.7606270010200022
233893,-0.31028070629499993
72080,1.3314664388699997
56032,-1.3691329134349983
13849,-0.532970971899994
331532,1.0917688898700009
19352,-0.6368090352550011
320634,-0.6712989091649995
64340,-1.2380781384499988
51869,-0.6769403591699987
320534,0.7857990015800027
230883,0.9041593829600023
434203,0.3602933145999998
69071,-0.8495320270650017
13445,-0.39952733074999536
330812,-0.7199441718799999
69121,1.1735360333600013
15937,1.0583076107749987
20739,0.787362516150008
12659,0.6356375843199968
12934,-0.4354455890749982
215243,-0.5048321835850036
338363,0.6879923206250016
70605,-0.7319433478649975
16404,-1.0393846026350007
225912,-0.4420643520999974
66190,0.6355765631199981
209268,1.1526334873150024
56437,-0.9750268377150011
18618,0.5443660302150004
224833,-0.7805362228300008
224143,-0.7398505056999953
16493,0.9479651781600023
214742,-0.6384129271550014
50995,-0.4928487663449985
17768,0.6279174332900013
66174,-0.8537544507599986
102093,-1.0240867064299963
13016,-0.3557612509499979
14028,1.2805386663899996
19206,0.8342288187500007
545192,-0.631622123639997
21814,-0.8640952980149983
231655,0.45739984110000265
76863,-0.43850868618999606
70717,-0.3027226911000085
11927,-0.344809124399994
13619,0.8230512689600005
56031,-0.8341815787699982
171209,1.030182706290006
26557,1.0838472608500007
330171,-0.7208365660650013
66661,-0.3446199326549966
225895,0.8977995490800019
66687,-0.4960283781100001
12350,-3.8728738802449962
21927,-0.7984183551699982
56048,-0.8466695930100006
15107,0.48904888336500285
14177,1.2174918813499982
67288,0.48019385886500743
14701,0.42225042045000194
19024,-0.9611767913350002
21946,0.4418238727099997
11487,0.34245317720000124
58202,-0.3686003431999971
66895,-0.6861929702249983
99100,-0.9760891168400025
18099,0.317654907100005
67905,-0.37762635654999954
99151,0.4793386884400017
94275,-1.2351483631400004
232987,-0.29118903009999464
21803,-0.29118903009999464
83409,-0.29112319509999196
17751,0.7449373328600082
28075,-0.6076774814599997
12367,0.701169613034998
30935,-1.3425856248399946
11350,-0.4502915810749979
109154,-0.6964048583299993
208990,0.508400341299998
54721,-0.9458153345950002
68944,-0.429463419664998
12428,0.8230742879850048
67197,-0.4744002237300009
208718,0.3082378749549992
229499,-0.47722855839500244
103841,0.7007078863549969
20821,0.3472891128700013
66455,-1.0807603169999984
234677,1.5053631858949998
338349,0.7552086730899976
13056,-1.1434000257549979
110323,-0.3106070171499944
68303,0.7686634043899989
54610,1.3077245210999981
208092,-0.7368365670349952
14175,0.6754636012850015
58807,0.779974223675004
13858,0.5495005150250023
27385,0.8250992906150074
16976,-0.9950794776350005
23917,-0.48135978048499695
20848,0.4477959123000037
17380,1.205926686150001
12988,-0.48295300865999735
228769,0.5946713869100044
67375,-0.9431002912450008
107513,-0.2942682026649983
22774,0.9377837680649996
66366,0.4488792505000063
13555,-0.5507574012700003
234542,0.8145489980850051
171531,1.0915620099249996
20055,-0.36056618329999424
11306,0.7618948854300038
112406,-0.29696092525000317
238276,-0.6949059749099984
24018,0.520052397155002
233060,0.8793919225600018
22786,0.7989368850500007
66169,-0.32889457570001035
329559,-1.3003501540350006
16184,-0.8678657240749956
17688,-0.5603935921649992
20481,0.8528808547800022
53618,-0.5628604721399988
71924,-0.8812727617099996
69736,-0.8694955379549993
69376,-0.7198233975650021
77480,1.3528485037500015
57782,-1.1860002205700004
270669,0.8324770051400048
100073351,0.8324770051400048
252838,-1.0002009267899945
56457,-0.30002477106999415
67392,-0.3369037598200002
14025,-0.5181277203000008
18389,0.6044720968500066
20815,-1.1611339435299994
27356,-1.2635273402900005
94043,-0.8957334207600063
52468,0.5922906919700051
16427,0.7909668757000015
22232,-1.2385292151200016
73162,0.7630603148549993
23876,1.0148651169250025
217143,0.844015545085
26380,1.0507657827250005
56550,-0.39500421974999966
19170,-0.3364447953999967
225348,-1.0517576695499962
66193,0.36901669920000124
227526,1.2409964034450023
170442,0.8853105263100023
15464,0.8485199120300058
212862,-1.1278476311600008
211986,-0.377895778414997
11717,0.9903521061350036
27050,0.34324647103000316
171463,0.738755754315001
99982,-0.3831661317949955
75581,-0.8451248776099987
319476,-0.6370019008799974
56444,-0.27427713624999406
14030,-0.3626527591899986
72020,-0.7903073599999999
11545,-0.6334262974749958
99512,-0.9868583105399997
20675,2.081800476890002
30959,1.178111335249998
20357,0.9709483385050022
216795,-0.646043166794998
230967,-0.7874315262799989
252966,-0.9141935673399972
18489,0.8731608090950003
53374,-0.7686485767800004
259277,-0.4379678924999961
59050,-0.38279265679999064
20170,-0.49536674203500297
107515,1.1981315242350004
66379,-0.3417781630000025
20674,0.8431579170049996
17713,-0.2689269459999988
22697,-0.4427062709499978
79555,0.3749267356500017
338364,-0.8135893455700014
71421,-0.8220642126199982
121021,-1.0991404790500061
67759,-0.30015916574499535
69993,-1.0992194490799942
13007,-0.3072875867499878
19708,-0.4344883587450017
100038725,1.0752408669800042
396184,1.0060526580099998
19951,-0.3535560443999959
237353,0.753323124920001
26886,0.9751929732450035
27060,0.3370126774600024
170736,0.5273789530999995
74769,-1.0747688016549963
81845,-0.3057041346999956
320429,0.5883745576700017
73683,-0.4252603082749946
234733,-0.6489241059399999
58244,-1.0671773279450063
100532,-0.5950534867799995
13074,1.0357848182499936
16798,1.117609432495005
280408,0.3747963131999992
110521,0.5490606649600025
381511,-0.8753104571199986
68031,0.5940221871499975
18541,0.483325505729999
449521,-0.811225105514997
66498,-0.35940570694500096
68339,0.5338687858200011
76987,-0.721109716834996
272428,0.7723072802800002
16408,0.34073360570000055
12953,-0.38804634186499776
22171,-0.5672098864550019
54197,-0.31395863612999797
12343,-0.5050042564499968
106200,-0.42076691634499674
225115,0.7692820158000009
27277,-0.7539509429450026
65115,0.6075334387299991
64050,-1.0982421611449968
108837,0.4113177242900026
665563,-0.6294790556799974
57259,0.4227388005250017
56362,1.0212134677150009
20544,-0.43487777555500173
235497,-0.684404667484996
66967,-0.9196531756449975
67091,-0.3002260315499967
66471,0.8768835405999926
60321,-0.46643097834
24074,0.9754084508750047
13033,0.31432212090000533
13616,0.6910562946150014
66914,-0.48023553144999553
66605,0.8463547283050001
93761,0.7993887306850023
22217,-0.37401894698499305
18080,-0.8622401292399964
333050,0.7053502916249998
66853,0.3833358358000112
219022,-0.6945177309849973
22632,-0.34194528352499987
50797,-0.3670244111399974
12642,-0.8446961668199999
22352,-0.4479996261500041
268996,-0.4279277433199997
11845,-0.5311788245300022
14470,-0.4247647554999947
18005,0.760973799419999
246694,-0.4594370203999958
57267,0.45512129279000213
110391,-0.6559779423849985
171543,-0.5371711965649943
15111,0.7348596185750007
22192,0.4724804359499988
13077,1.1891982173500013
11848,0.36121268694999564
269854,0.39348928298499875
80837,0.4590672652800034
14790,-0.3154667739500052
68375,-0.31132526399999705
74123,0.390370728400006
11486,-0.3740664691150002
70612,-0.3553721616450023
59021,-1.0788086271900035
117150,-0.3618113398549987
208691,0.548803039780001
214895,0.3091195270000018
75718,1.2947272260950031
74318,-0.5981335836699984
240354,-0.7292363922750003
18789,0.6288239236850046
66995,-0.6944877116650003
233081,0.6064835866049973
233080,0.6064835866049973
13713,-0.5422271169349973
69938,-0.9556976181200016
53624,0.9268480522000058
216987,-0.4731484763999987
104001,-1.3954231713099974
71715,-2.2064038102749963
19058,-0.3277483828500003
229937,0.49113586892500294
103836,-0.6604373185599988
381418,0.6973869943750008
56317,-0.349375198769998
14715,0.830384029065002
229600,-0.3582027377000081
64704,-0.29408774669999715
68427,-1.026378529375001
19365,-0.6570433735700014
14395,1.2270002290450028
55985,0.9825197821649998
228778,1.0502857757050026
319634,0.5254745892850008
58249,-0.3378881721399942
14007,-0.32878731059999566
11773,0.2829060708499931
18195,-0.392748818694999
66970,0.6410295904500067
80744,1.1882668703700006
16467,0.858102999689998
20397,-0.43538763155499716
27878,-1.0584685650049996
73024,-0.3561070929200021
26416,0.2783830032000072
18201,-0.4551750353149959
108946,-0.8447404627349995
621239,2.328710885250004
269209,0.8110553390200037
12290,-0.6920432386000019
216527,-0.45192506809999244
76357,-1.0301639152899948
56222,0.5688440619849979
66695,1.271044616060002
106957,-0.5439125717949969
66566,-1.5073398506450033
68718,-0.38195284034999055
72831,-0.36714312369999647
78826,-0.40317755828999147
24053,-0.7311330006449985
74600,-0.4008079910149931
67742,-0.5616803594399933
14602,0.7383880565550012
231326,-0.8732157338399977
56370,-1.317380854980001
271842,0.8207999810400017
243374,-0.39870758314999755
71213,0.6125129229050028
75320,0.4216985600350007
106766,0.8917916479550025
20024,-0.28118689080000436
105193,-0.6046917769250006
75647,0.9469776065450004
75731,-0.397826527334999
235283,-0.8485600204000026
57869,-0.9904747800799978
70351,-0.42224907060999506
19183,-0.8596096380599967
53420,0.8605788809950088
319942,0.6042277031550007
69802,-1.0519647183599998
14086,-0.91957364113
85031,0.930669709810001
67219,0.8014848898050015
71901,-0.6110954114250013
320208,0.6941189477250038
319583,-0.8167821978700003
66570,0.713043695360001
26559,0.8878964342000009
667742,1.0301612526700001
109263,-1.0157431157599985
12481,-0.40073729199998986
80979,0.8573485705750001
231103,1.4571705665600003
268465,-0.8555824588899945
218203,-0.8954730110649995
11829,0.83591912204
216188,0.7756023573950017
66902,-1.0232699045249998
66397,-0.4407334614850065
75311,0.9331608995150011
15519,0.2997364975499952
22248,-0.3498878919500026
58237,-1.1477275401599973
227449,-0.6378223900899966
76438,-0.5295078659599888
67008,-0.705574464445001
319845,-0.5697861163750009
225049,-0.3105149160999954
76572,0.7045347550699987
622935,0.9451070510999973
18753,-0.6116571471599972
72542,-0.4848366770199988
26896,-0.41966248435999987
109113,-0.35515945424999806
102193,-0.30780797002500293
77805,-0.38099901367999944
15162,-0.4034162321499899
433294,-0.863299463009997
380664,-0.9801363859899981
52150,-0.8492990610850031
246196,-1.226387364539998
21813,-0.4139301335999974
68776,-0.45238381267499683
319604,-0.39088267901999707
19025,-0.40851934989998995
14573,0.7086144001950005
12908,0.8987966680550041
170762,-0.5787828758549987
22063,0.9945247721650023
76719,0.7920744734150054
56535,-1.3020404324700046
11990,-1.1166556308099986
77914,1.3620702099500028
15216,-0.6382807570849964
19219,-0.975500819629997
71830,-0.7448785314199968
215418,-0.39865480433000045
100040766,1.1656734211450042
66310,-0.4617282351649976
56708,-1.0342607273599977
22286,0.6269632134549985
23939,-0.2858444299349969
15980,-0.36163956458499946
75782,1.1417196552400002
11891,0.545341473839998
74167,-0.2651616472000011
213464,-0.4929975378999991
70827,0.879245017775002
217869,0.4423757145000078
319934,-1.0303566596999985
67456,-1.0260915243199946
74610,0.3341091605800077
12649,0.868078403540002
330863,0.7983058759300019
12669,0.9885645892300001
12571,1.1036938314500016
72429,-1.0005888901599982
12032,1.0130028329800003
228536,-0.9387414661700006
72508,-0.29053856264999567
67863,-0.3199857398500008
71609,-0.31084798608499753
239706,-0.9550173742949983
225027,-0.40776749987499805
16510,-0.7227859638699998
18654,0.8013870910499996
108832,-0.8980891144799967
69215,-1.3981485575249977
74549,-0.7028268969699978
20496,-0.8273542512299965
11539,0.8682457633500018
83704,0.5396880907749999
68011,-0.44627921209999855
66432,-0.49271725208999584
12366,-0.2699173275999911
14739,-0.7272509837750016
56395,-1.2513790837700025
70439,0.6554541658850033
21769,-0.30395024415000194
170441,-0.7142720865299985
11364,-0.39997845592499637
71742,-0.818174487784999
93759,-0.3880614570549952
100732,-0.8783924248250008
109093,-1.2723708862149978
67890,-0.45129761537999613
99377,0.5155392451550043
67997,0.7817691916399978
69920,-0.312544097349992
98710,-0.931890178949998
244579,0.5820908286750028
73668,-0.6536631541099984
20664,0.8209729912850028
330671,-0.49381162054499805
67171,-0.38076057278499853
12614,-0.7709470388099984
634731,0.5583376873700008
218440,0.7546953063650017
329178,0.6235795961150021
14164,0.8251365720200043
56258,0.4393424420500054
57316,0.7403103126349997
13121,-0.9100583742899993
11877,0.8409734125600048
70083,-0.8206779635200014
234404,0.6819881667550032
18503,0.4942145253000012
71767,0.4168755872000105
232157,-0.33516061677499565
234353,-0.719482927115001
18983,-0.824332701244999
226442,-0.4405363646550047
19358,0.999056549205001
66443,-0.4518915953749989
68416,-0.7613047433649989
16885,0.3419725944449965
269615,0.9141968000350049
14704,0.7537047744299974
69146,-0.33294345849000706
75050,-0.7028907770399999
235661,-1.036532054504999
319468,-0.7089588738299994
13447,0.7469712135100028
72193,-1.2168463988500013
108671,-0.37938156339999196
232156,0.5811539294650006
228140,0.9778822611050026
54384,0.9880886396550017
74325,-0.564009464789998
18685,-0.8722893933699964
381101,0.80723506016
75099,-1.2419334661200017
194309,-0.7333420547400027
100710,-0.920095347954998
66406,-0.4057095316049981
320664,0.8075313143149989
210719,1.2335324426799987
19059,0.8235498294200014
78910,1.409187733070001
11811,1.5203025561449994
69942,-1.32186113722
100503361,1.0187087447450018
240255,-1.0488331640999982
77034,-0.33983396765000506
116701,0.5953421683700064
76547,-0.6507181027650013
27390,0.7790882169800009
66885,0.6146772630999999
16201,-1.2545237409399927
94214,1.47301404325
17922,-0.7252907860500022
54216,-0.8898178710999978
19171,-0.2755855554499984
17089,1.0522749223050019
15399,-0.5882980824999984
20689,1.0903633361299985
110958,0.7067227402999983
53791,0.8309507495650026
13859,-0.46401421651999364
27386,0.8150870112700015
69847,1.0271308874649971
382236,0.5168626369350049
75778,0.32358141334999946
269878,-1.0825932584849989
229949,-1.489283809199999
20286,-1.1004555894499992
233801,0.7359881350400035
244608,1.2028269984099995
21940,0.5034252485150024
21854,-0.31212930528999827
74351,0.8983730050100016
12505,0.36853160371500593
102607,-1.0087692942900013
13437,-0.34897807939999304
67768,-1.2067221860550008
106794,-0.31239566268500063
75668,-0.8267225146899979
26363,-0.742827864219997
235402,-0.5079590625700017
21856,-0.3559229164699964
50722,0.6005201477750006
12261,-0.44429224725000793
67880,-0.5500416217299948
67270,-0.6242616836200021
56629,0.8788339274199992
74488,-0.5223722139500007
22761,0.5026272352000145
211255,-0.647473774659999
73884,0.7052434577400022
30841,-0.4041281842450015
68226,-0.8698061483150017
52637,-0.34718386645999644
100041096,-0.719023651434997
72042,-0.5329299527999893
16398,0.4655059458650026
77573,-0.766535313839996
56462,-0.3111835359999944
100129,0.9129484701099986
56613,-0.5992563436200005
56299,-0.5522691090999983
23956,0.7726157919450003
18038,0.2713511527900003
226866,1.4413849274850001
68270,0.6882924397700041
170676,0.8630995685849996
66102,-0.6344835120499956
13167,-0.28712896184999437
72713,-1.2998002283450023
232585,0.7055946425850013
26451,-0.3793240125999944
107975,-0.4917226537349997
64705,0.764255231675004
595136,-0.30216220454999565
12321,-1.0373980661349984
107999,0.28144196199998994
18164,0.8197898826350025
321019,-0.7956712598799971
83428,0.8654957239400014
228913,-0.4420177272649948
60409,-0.34292302059999713
67177,-0.4164292272899992
12552,1.5553420480250013
15208,-1.1387366222850028
16197,-0.3733814225999996
17876,0.6940220540900004
26970,0.7136327866350038
56041,-0.4349826861949939
208748,1.0967954767049997
245847,-0.3061533524799991
319554,-0.8339389523049965
213827,-0.44742986549999664
212398,-0.3668218133249965
319618,-0.47227615197999917
66165,-0.36386455715500254
106947,-0.5135131393849974
15557,1.4676401604600038
380967,-0.8299900928550024
56640,0.5535935514249983
240444,-0.6230688569399985
208084,0.37357645672000395
14432,0.8368518510200023
268294,-0.6562347496749954
208613,0.6946178535149983
213550,-0.44600337602499884
240660,-0.9709834028549968
100169,-1.114042623999997
56397,-0.302730345559997
102442,0.2963835999149982
544791,1.0855624909500006
26373,-1.0270515495749946
233905,-0.9928103770450001
225372,-0.5273287811799996
21949,0.40403700075500204
26420,-0.8414824502599991
18391,-0.2942786101449961
170740,-1.047814656414996
142687,0.9546484749150022
20539,0.7852269678100061
56078,1.1148987395200018
11308,-0.488757634689998
14678,0.39675475185000764
215999,0.8567298614750003
234577,0.4577090500350014
72930,-0.6357394627650024
23894,-0.9340238089700028
215061,0.8568454361000013
94091,-0.4917226252299933
13614,0.43181318370000144
72475,0.49081648465999983
76915,0.623937828495003
76793,-0.9776520349499993
24108,0.8068175779250017
22601,0.3559396130349981
69660,-0.5010973556249958
230848,0.3664724107550015
230099,-1.3320297529
51944,0.9054973494000063
72749,0.4133061731449974
268880,-1.1389609212449967
68260,-0.7913286581949972
171168,-0.7053266130199991
23825,-0.43911747668500034
68493,-0.6242355625149969
235041,0.7243680081600008
75209,0.921555662349999
212198,-0.708444478849998
268973,-1.152265084165001
224008,-1.2553690999549971
21333,0.7148710567400003
545486,0.5996828746250014
66078,-0.3199849324449975
17136,-0.739922621669999
233490,-0.3194212288499987
80901,-0.4317355075449978
237504,0.9544580349150027
71955,-0.34229950849500135
20643,-0.41800095749499633
65113,-0.28862174314999933
21385,-0.5457764427500007
18263,-0.3699363841999954
243043,0.8081057693650013
53609,-0.39396017520000015
216558,-0.4170895350249957
19207,-0.2814828633500035
72459,0.4343213935950061
71702,-0.664480186905001
55984,-0.8645460843549984
234384,-0.9773100775149981
16666,0.7601498970350029
20192,0.7116441162450018
30791,-0.5588799076199944
231642,-0.4728326876949982
68794,0.7963383905800017
216963,-1.042561284984994
17001,0.985004834130006
20931,-0.9081154642849993
245000,-0.44133325621999653
100043314,-0.7592834816750011
232836,-0.6784157329699969
241639,0.7762119870150013
102075,1.3182480182550016
77056,-0.2961304163850027
218035,-0.47725498642000197
68964,-0.35908648919999564
26565,-0.4664848635199972
69047,1.0073087105549998
54189,-0.9301348693900007
66155,-0.2638081553499987
94185,-0.9382952985499999
399510,0.7103625530550062
114301,1.0227972345450018
217480,0.7708133984100032
70804,-1.2791472394500003
72416,-0.3794316200050005
217353,0.8434061481999962
15185,0.32442006560500314
71890,-0.30121498349999776
67016,-0.850249394735
106025,-0.34625911629999884
330483,0.7142152479800021
110750,-0.9274733364449954
207278,-0.6472876388549977
60411,0.7016181231750078
213391,-0.5936739125900008
223989,0.6054336772800051
381560,-0.6656792917400045
17063,0.5228804028550007
244745,-1.2235506024449938
14961,-0.5852213174999896
58205,-0.657564583510001
269955,-1.000514438319998
210973,-0.3122302741100036
170707,-0.5824743945150015
100910,-1.0160098683449927
333605,1.1423316309650002
14693,-0.37681770390000224
66448,-0.28128808355000245
67220,-0.33648270394999535
23859,0.7159332867100003
22259,-0.6431355634799969
50496,-0.34938191997000523
105428,-1.3026208349649995
109075,-0.33070854241499426
72392,-0.5513645717049975
19075,-0.8510098932900041
19744,-0.6609752667299995
71302,-0.823857076465
19647,-1.0938583714549974
75420,0.3299037091700079
217026,-1.1779578268099948
70930,-0.9924692944949998
14373,-0.8849788071549973
230751,-1.0919182971799986
244548,-0.4782184816999999
108012,-0.5134900079899998
170571,0.9524074811550016
70385,0.9558050532750011
406218,-0.507747112949998
23968,0.9545603983800013
224055,0.6464590678750017
67958,-0.9368369327399995
11758,-0.2732059833000058
71326,-0.3147446893999959
80907,-0.32405243633499836
71103,-0.7852078604949972
242509,0.817340407505001
17752,0.6127547184600015
67608,0.5158560439650017
228564,-0.6292015415500014
76457,-0.287569868764999
15126,-0.6613966352699978
12613,0.6882985959700045
66925,-0.31673297735000006
72972,-0.4253705596649979
68497,-0.2986102539149975
108097,0.3890193066850003
16500,-0.9144661129800018
497097,0.8317638358500026
93730,-0.7345194640749995
14712,-0.4487397111700009
234959,-1.0607285280449998
15466,0.9235898008700016
12752,0.3100058590000021
11682,0.6851411360900013
238799,0.3136146503800088
213469,0.6562141350700004
66622,-0.40495555647000003
11835,0.9820659198250006
75625,-0.8811456054999995
268822,0.2410016417500085
19264,-0.31330734990000053
64818,-0.6269558662599994
67155,-1.1371612010749992
12832,0.7485991522200011
230895,-1.0647975453599958
20231,0.8011044109150003
13070,-0.7008938392750013
12721,-0.451100224499994
227333,-0.47271827882500794
102570,0.6073121547950029
107656,0.6988888228300052
101540,-0.4563556015800003
12123,1.1574690253450015
70382,-0.32954199010000096
245368,0.6649464308450015
16430,0.7249852372900047
445007,-0.33996212306000473
226610,1.3912250626849998
11966,-0.8093879267699968
269063,1.1308555149250035
70020,0.570111126534993
14885,-1.0853257876050035
14613,-0.6655058424249969
93790,0.3507764291749975
28253,-0.7326786073399965
20536,-1.1845680002499974
102632,-0.9024654702699992
50799,-0.684243663714998
57439,0.5355368234150006
235323,-0.3628396692749991
69156,0.31498517892499933
320865,0.670783648950001
72469,-0.7152393908499972
64138,-0.25870155329999633
13384,0.5846425630150023
108853,-0.6546107278749975
51798,-0.3381360643549929
21991,-0.3215337904999984
53317,-0.3805684336500015
270166,-1.082088539865003
242653,-0.7213959497749984
209488,-0.8234881933199958
66413,-0.30527592069499576
66880,-0.8379187755899986
80877,-0.35548868717499715
12310,1.0178871868500035
66222,-0.42526337470000364
67153,0.40471239147499993
20840,0.7921433888350009
56312,-0.45776107828999457
217356,0.4469133479000007
192663,0.439262879815006
66196,-0.8154598416649987
260298,0.7594748709150068
214669,-0.6924071276049979
101739,-0.48351295257999816
109323,0.6798158151500013
74577,-0.6007336283699978
71887,-0.9047912163699987
76459,-0.6952292434199983
67369,-1.00526526196
230770,-0.8902738262949992
14062,-0.42419941006500306
15572,-0.7034159251599998
666794,0.8464199025000005
269016,1.223930290629999
21787,-0.4349042790449982
14390,-0.9120619063549995
269774,0.4486311959050031
56325,-0.3195937308499932
77134,-0.35160632750000076
94249,0.3536816124500035
13382,-0.6111620180049986
320727,-1.2505025237749994
78670,-0.9589117379699985
216148,0.6563910783100022
170720,0.6191882690000039
57342,0.7754036957600006
13075,0.8866502279500041
77300,-0.39211954374499935
15460,-0.7773612118249993
69757,0.5602727834899968
353499,0.5602727834899968
56494,-0.30830575457999565
77053,-0.673632936889998
72504,0.5919591778400024
114886,-1.4013541845849993
233405,-0.9959221684749995
218699,0.5927788220599988
54161,1.065839861645002
75062,-0.3755388837599991
171469,0.8178547805050016
19714,-0.4479630299299995
73822,-0.2826895846499937
76781,-0.9334632597849986
70650,-1.0848487734149987
11920,0.4797347411999997
75172,0.8423598199850022
26413,-0.2867339664049968
14247,-0.29404814859999284
320398,-1.305832248689999
57752,-0.47511990622000067
21886,0.511680528600003
101476,-0.2549302223649974
244216,0.3350142174500057
19116,-0.9825184900199986
215332,-0.7743193992800004
23797,0.32901360796500256
21416,0.6468735031049988
229588,0.6498924407550017
22598,0.840016768955004
76933,-0.4721168927000008
227933,0.905283739115001
75571,0.8915858237100034
231670,-1.251154055045001
217558,0.6367822856649958
12775,-0.4669082837999916
626596,-0.997582295855
52552,-0.42505861923999966
56695,-0.3982409267050002
28088,-0.3391371165549959
70465,-0.5282165456749972
70802,-0.7239017180049983
56787,1.0520254779050005
71753,0.9992299614649998
18198,0.7151817135650074
216011,-0.8070085625049987
14415,-0.5092739151349983
17156,-0.4706792669049982
109135,0.7462817686850016
243743,0.808929546395003
93742,-0.7161488474199995
12236,0.6156558093500015
230393,-0.5074968143449992
15901,-0.6834448648149989
11814,0.6523284101650022
18975,-1.0194120403899998
217116,0.6926493492100008
223754,-0.30424828799999304
230787,-0.4412869264249988
12524,-0.6411958198449952
353156,-1.0876731095099945
72238,-1.3431656404200023
229663,0.2715261993500011
18176,0.2715261993500011
14317,1.2533728597850002
208666,1.2213308111250045
68117,-0.714004910479999
109095,0.7218109097849981
66161,-0.48280354066499775
60613,0.5546854335000013
67467,-0.4831981857399992
218103,1.005893836830002
64899,-0.696308359969998
14423,0.6980368684449996
74342,0.9407283347250059
74653,-0.8452940274199987
232339,0.7795938873650039
21869,0.4085623629400019
15978,-0.7085610409799967
268448,-0.996662979634996
12572,-0.8138411314750007
73828,-0.4228313150150038
207742,-0.45013660737499617
69638,0.6138782609400035
68634,-0.30410905171999936
12504,0.3204603754500024
14788,0.3204603754500024
69815,-0.9951103561049957
67053,0.7665749916949975
66569,0.9602756990700008
12398,0.49153264400500163
233895,-0.340418056449991
22088,-0.4768924517249973
114715,-0.8636236533050008
26754,-0.26531014429999544
21823,0.5932801788000059
14765,0.9098149533550011
30800,1.1691234701450037
246177,-0.4024474043999966
67897,0.42933037394000095
66583,0.8271550396700036
237911,0.7569366372749982
13360,-1.0163962257100003
67287,-0.26730355129998884
12301,-0.36436623695499826
15166,0.3243193935000033
66557,1.019082916735
13846,-0.8121268093949983
12807,-0.5949079683499994
232925,-0.864391430155
70349,-0.5233571976649909
68526,0.8086996424000015
230801,-0.3202550698799982
213948,1.9184190836750057
59015,-0.5451465707599992
433759,-0.353981763649994
81840,0.8532097239949992
12363,0.27665405925000464
12995,-0.3082041082750031
77128,0.8291199538699994
67223,-1.151711768684998
18035,-0.28116291509999947
78244,0.4581152425449968
20254,1.0476230021550035
114585,-0.6954412799050029
57265,1.003026658210005
20318,-0.27729277595000035
216445,-0.4022337599499952
59054,-0.2807601323300002
74108,-1.419177238594994
66128,-0.30346689297999774
241447,0.583859535410002
53324,0.9062950785300012
14462,-0.4468835940899982
269338,-0.8118982559950023
53608,-1.069995732315002
53419,-0.6761867742149974
78283,0.6127104611749998
329252,0.9134455750249999
18021,0.5375058678700029
12522,-0.34891655245000486
110308,0.9305919433350001
18028,0.9304984612849996
16770,0.5344505162899962
71436,0.48339079328499945
268759,-0.5913854557200002
109342,-0.7232247687399997
94332,0.6235885560050036
108089,-0.5247497390099989
67763,-0.26610003940000304
21372,0.46969116402999944
11546,-1.1786223932299995
17355,0.30869177788999735
66660,-0.43609814645500045
57914,-0.33463154059999134
68655,0.7752734993350008
212503,-0.7410275029599989
12764,0.7401253933000014
56455,-0.5891649967499974
214642,0.6213573312550045
16426,0.6471560599250004
59288,-0.46337229740999497
26919,-0.721458183754998
17877,0.5263244437299992
381122,-0.6194361520599982
26564,1.0393492954500019
54409,-0.27794829776999563
28084,-0.27794829776999563
234378,-0.9203748380500016
15207,0.4419122674900029
67035,0.9359973691900034
104759,-0.3587593655799992
50790,-0.41376057984999903
50505,-0.8171267966699922
71956,-0.771180148930001
71435,-0.9141382135999958
59014,-0.8011054370150044
69106,-0.4727103784399942
99683,-0.6087247394950062
29875,0.4587926546499954
231946,0.6792273652600027
16364,-1.1868220998399996
20440,-0.4129281905549913
240960,-0.8411550251050004
17364,1.1005876281050035
66445,-0.2914041783499943
13088,0.4630682902600034
26891,-0.3306325545799975
78830,-1.3654121610799947
230484,-0.6393421868249982
12394,0.4324765250450042
271639,0.9418050471250003
60594,0.9218054583449993
11812,-0.9214949119799973
27400,1.1975861106800036
69401,-0.8336272861899983
140703,-0.6676383639499974
67062,-0.6158078738449966
20278,0.9110811824500025
320817,0.4517264287700069
330723,0.6835036572600002
330502,-0.5990200832950006
56445,-0.7245602570599967
72137,-0.6281051460750016
380718,-0.5918952857699962
14261,1.1799046687800026
107585,1.1491906259900029
98396,-0.861247601325001
56335,-0.3277164712650009
209012,-0.7847483297699989
107448,0.6576680747850041
23943,-0.4682790362249989
77577,-1.1390671031149955
17702,0.8263168318800034
59029,-0.6072671771899998
18552,0.6504429998400019
67088,-0.8585878229650001
14969,-0.5134665974000026
14588,0.5803382946999989
56792,-0.4793488998749993
664968,-0.7761309254799942
15277,-0.5761248147750031
16987,-0.7004388659499994
24057,0.791166311570004
244209,0.7875541222650035
29865,0.8633696440500032
106489,-0.4427787698750034
629378,1.1979567001900016
213819,0.3176508238250051
16438,-0.49836930509999533
69737,0.6337829913350044
30926,-0.3312143304000017
109901,-0.5554148621249979
208967,0.8643582631099997
233765,1.1378840463949977
105782,-0.3363111815299895
68911,-0.3034293136499979
67469,0.37676065077000054
78751,0.38803799835999975
171486,0.35472013200500463
14148,-0.38332232730499705
14357,0.3900987977000021
70118,-0.8073381067900014
17087,-0.5402043901999978
233724,-0.5748215635249947
69747,-0.36162865546000056
207839,-0.3047825487999969
11553,0.8331169969399994
56470,-0.3255570476999985
72723,-0.7139061943099962
11609,0.9694088450200025
229320,0.799279144825003
209354,-1.0067395783799977
20343,-0.4163925807499975
50876,1.318067408140001
72446,0.3544145252600064
80913,0.34848877596999905
71853,-0.35637873145000043
66294,-0.5928821218449976
18479,-0.8912606343549987
20977,0.39940837660000916
242557,-0.6405316361150009
67358,0.8114651551100005
74890,0.8710472829900029
54683,-0.37377723849999533
80707,0.5826254688050012
69663,-1.0857838233250003
69716,-0.6703482728700001
26381,1.0478008160949992
213272,2.4220799875400028
245880,-1.0280904596649947
100040608,-0.8520291839849996
78928,0.4188589537050049
108078,-0.5703568212600003
70750,-0.40538402485999914
23837,-0.3534304526449965
72693,0.657770095045001
330230,1.009432257944999
22025,0.5296534872400063
331524,-0.34827661479999605
18030,0.4405434719000043
66291,-0.36734436359999734
102693,-1.1750481022249977
23934,0.7911605341600034
16646,0.49242616811500284
71726,-0.7494978330149991
269397,-0.6288287930249994
17691,-0.6599734746950006
69534,-0.7620607028599977
67130,-0.35662534849999084
14555,0.9666365984750049
214579,0.7859630872299999
77727,0.8076297339800025
73420,0.42925772028500386
268903,0.35571990935500075
12921,0.5524669322649949
100929,-0.7156654098749966
211347,0.8491472655900028
71007,0.34872977410000416
14911,-0.40406711685000474
20441,-0.6213725669249923
108673,-0.9123408727749984
76408,0.6678610295949978
226757,0.5638855288500029
102209,-0.38674370113499634
66899,0.3369484937999996
12704,0.9746580684699993
19009,-1.1103277363949964
170574,0.9469920827950014
195018,-0.9364548068749992
23877,-0.5690351424050029
72148,-0.27255996194999454
230735,-0.9304138157899988
19253,-0.31509623199999837
68701,0.8360316362349991
74178,0.24598130115001204
68889,-0.5022975043499978
50779,0.6184683367099977
17701,0.647812393265002
76088,-1.280920478854993
11867,-0.32880563244999195
13014,-0.2638745151699986
67212,-0.2896147714200037
16981,0.3203442223500037
267019,0.9839600552750021
17878,0.7254129045500033
623781,-0.6409947939600014
226413,0.8221102978200023
227867,0.3103243071000037
14672,-0.56866216383
217203,-0.5129515062800003
404242,0.9135728358400015
106583,0.9047177980500045
214601,-0.5249580250849952
93884,1.3878360509350016
140482,-0.39158943182999373
73178,0.2666287354000083
71111,-0.8924029894599981
74147,-0.5641071124100039
19173,-0.2941608812499972
13124,0.7750421025850027
70238,-0.429986074084999
380836,0.5479491200549989
68149,0.389151567545003
23912,-0.4222935804399963
66931,-0.43223130646999586
68050,-0.2720657240449995
100637,-0.6990279084999971
100273,0.400718022545
94067,-0.31264977310000397
244178,-0.2593347497900007
19108,0.52942886686
56361,-1.1398079852999974
50765,-0.7459849759850004
57773,-0.4317562512100057
22634,-0.440761053884998
116891,-0.2359040516999933
75871,-0.9398023555300012
107581,-0.5643169771599998
67184,-0.2515063281999961
76893,-0.8632900366950018
18049,0.3659672474349982
68801,-0.5847313161999956
72180,-0.4623596803249992
15229,1.2096874008900014
110385,-0.42289445129999415
98376,-1.1166550537300033
18747,0.6202734894049975
212508,-1.1467498810400016
21974,-0.4164347495700049
14479,0.4303564766500063
15979,-0.27346400599999043
75495,-0.8427157377099981
66968,0.9970287176899992
231252,0.4783425035000022
50850,-0.2615079338350004
93871,-0.6647263763400018
75597,0.4570400138050017
226562,-0.9472977354649972
242408,2.742498259830002
108664,-0.7470404860549991
70561,-0.530894090895
22258,0.4319071134749972
17200,-1.1444757356899986
54325,-0.2603313059999941
17319,-0.28213536564999586
69010,0.2919317076999981
72281,0.6190259257100026
11639,1.6277890520100016
20971,-0.8793677842699967
22682,-0.31244098105499596
75422,-0.44662045645999804
12839,0.6214421922800053
58861,-0.9258930093750024
14590,-0.43985310571499525
66865,-0.5370545110700027
21753,-0.4467716888050042
14633,0.4659384254600032
71913,0.4835312216650012
68428,0.5454401480700017
74134,0.36352800409000174
70369,-0.8921342361500004
239528,0.5663183027500107
216292,-0.36145212493999956
66357,-0.38595825368499703
67078,-0.29299400744999815
26934,0.42693254685000603
319638,-0.38916905286499404
243272,-0.5778063950350028
242805,0.6799651544800023
105298,-0.7432630350149965
67690,0.3192055457000009
320825,-0.6821981211399981
214133,-0.46191746938000033
12554,0.5812512470200022
21969,0.388141637675
93681,-0.6246092225350051
18701,-0.6352449988899984
68364,-0.8314257208899987
56404,0.37037990534999565
18091,1.0898782331299985
213783,0.7007844106150007
12190,-0.8344141381299996
79235,1.4034563156900033
69714,-1.0446607389000029
97484,-0.24913175921499509
68023,-0.24913175921499509
20183,0.4458114883000004
217944,0.7237923861900013
69940,-0.29138114040500085
16716,0.6413581331850011
330064,-0.9137741311449963
217738,-0.5984643732200006
56452,-0.5715051449299988
213499,-0.3767844284200015
66834,-0.2578503707999982
12859,-0.26674180884999643
14456,-0.830300492624997
68273,-0.4302260484899989
53621,-0.38266164147498927
77622,0.7550820280750026
20646,-0.8155513905650009
192232,0.34611213217000625
16579,0.6396905087999993
52530,-0.2958153870999958
22770,-0.815582497074999
84704,0.7725609622650031
171166,-0.8207436099549978
22720,0.3999994956150008
75480,0.22977109300000542
76824,-0.23273284718999854
208618,0.756083668685001
66585,-0.5053251229200022
71902,-0.4740589372499979
68979,-0.6631688736449943
319565,-0.8854375256749982
15414,0.6327856921300024
71567,-0.9185521484649977
18970,-0.9333735267549965
14619,0.9764914226450019
22630,-0.2809668514999988
71198,0.8412991654850055
107723,-0.30822928443999764
213788,-0.6551976695349988
22628,-0.6947200814100052
77035,0.5613816936200013
66271,-0.799357424144997
110173,-0.3961418411399986
100608,0.5562370197700073
99738,0.8202236843550033
208194,-0.8962254911
243078,0.4109745808300014
53861,0.3321890643950063
60344,0.7354673768800044
19823,-0.303485806074999
216760,-0.4262683797499971
16172,-1.0571726474000007
72562,0.7520661069600045
19660,1.0158475224400032
78914,-0.5616429061049981
214552,0.43451658343500554
17288,0.8381802537500018
76737,-0.2486489932499918
22154,-0.31820588910000325
78809,0.6960106352649986
70611,-0.6496948125399999
76375,-0.6603846289999993
66385,-0.4143366303299949
380924,0.6111349392850025
67856,-0.8360636105949997
14544,0.3422698976000049
229474,1.0120419502999995
70979,0.740190853550001
20668,-0.28731954959998873
65970,0.4757030810199989
224840,-1.078514438034997
66508,-0.2958079429499989
241159,0.5417685894400015
382239,0.6143191996750037
20540,0.3260110150500086
15381,-0.31608331925000144
329504,-0.5155080139450012
26423,0.4702555845600003
12776,1.064619593605002
15434,1.387607752720002
12569,-0.6200614886249953
107435,0.9213058053550007
225745,-0.25390507224499537
20466,-1.2927316682550014
29866,0.8934943254699976
11604,-0.7866311098699983
17349,-1.0465097033650017
18595,0.32891021803000164
328417,-0.4266584527749995
13665,-0.273454832319997
16392,0.4159063611500011
75678,-0.918850147669998
14783,-0.7118347765749986
80987,-0.855857469914997
57246,0.594099007285001
23794,0.6308497473700045
15571,0.7911364897350017
18793,-0.40969999748000063
14227,-0.2608193316149965
320404,-0.7774295599200007
654818,0.8258410920749997
232201,-0.35704884790000513
67422,0.38480864980000185
14581,-0.6178825249949993
26968,2.457897657600002
21345,0.4845208418000073
65112,-0.9072458854899983
225849,0.6817158588299979
11984,0.239563362700002
67676,-0.2507365287999921
20503,1.335995699645002
22200,0.9596037783199991
26554,0.31047845085499937
26415,0.5599105964050004
19743,0.8381402442949977
269037,0.4807489448250015
227612,-0.3420252170449931
52858,-0.33177477849999804
225055,-0.6362552473599958
71325,1.0134464654499995
68342,-0.26211402619999724
241062,-0.8333966800499999
170460,-0.6834583766749978
13808,0.2773775063000006
70470,0.5147346922050033
108161,-0.6283077638549996
333883,0.7589013296999969
68603,-0.3212674532349933
231887,-0.4507210016999963
110695,-0.31585019179000007
69694,-0.9615308587399993
227707,-0.25414449926999794
619331,-0.7289176233249979
19338,-0.34212495624499617
70726,-0.6200658021349996
17240,0.976441879210002
70430,-0.6769287245650002
77771,0.9080000453050072
67869,-0.26418259514999853
26446,-0.28253244254999466
17196,-0.36917245969999435
245403,0.5685997017000073
54418,0.6406901839500065
242687,0.3602188523000116
22032,-0.3095289948799955
105372,-0.6539563028299993
223664,-0.7052203925499994
12833,-1.6771133257150002
66658,-0.6555227099149992
74267,0.9849619336550015
78521,0.2859158976100069
54473,-0.30727483438499803
269328,0.6166263652700015
224619,-0.3218783009500026
382118,-1.1833722061399978
19011,-0.7103253787800012
218832,-1.0185850619699996
75669,-0.5327817754099966
50518,0.693659607519999
228359,0.25250449219999815
72293,0.323290112965001
56515,0.41699298437500154
68559,-0.26195833034999083
16948,0.9186904761000028
12902,0.31862036809998884
77619,-0.44432173012999865
380709,0.5572778034550026
70297,-0.5795362503899986
67865,-0.2997529682999911
13436,-0.977716266299999
66940,-0.4093932792999979
67338,0.6171541467600008
243874,0.9805064122149987
74469,0.36506562974500234
114874,-0.7672575186499957
22700,0.7193378979150005
217708,0.6462556256299994
27416,-0.7446933529799988
19158,-0.33859044998500387
20935,-0.5114904905399911
66580,-0.836056938035
58193,-0.7063833842500005
227102,-0.5159740015249934
17129,-0.34919920120000114
71584,0.7824018905000134
77578,0.5772511192199987
105083,-0.3701960631949994
56743,-0.6659578187349977
74551,-0.3411794841099969
69535,-0.6693698502250012
57875,-1.122863454179999
215335,0.605348295615002
14802,0.662597068295002
14611,0.391726465349997
72662,-0.37366955212499686
17005,-0.7846738574750018
23888,1.0784011843499997
77777,0.996769902265001
225467,0.8052709172350037
218865,-0.5239425189150002
270035,0.5745141502499971
12520,-0.2529063243500005
210274,1.8363407820900015
66812,-0.45610179363999936
26950,0.9061473949299992
78920,-0.293473225444993
71711,-0.4088785725849986
71156,0.6934149407700017
18605,-0.8834942083849961
23937,-0.9859827354750017
74414,-0.4685524380799979
100198,-0.516264515685001
100038882,0.5462944327999946
11409,-0.8622950684849986
237436,-0.5701530571900002
229731,-0.5849276776099979
333789,0.4254855660450012
20928,0.9172525252649999
239510,0.3596044901200024
329777,-0.7735501957499986
67238,-0.22508350770001684
18542,-1.8417392172599962
207304,-1.172124714205001
209318,-0.30680233569999693
319448,-0.6694359434799972
14391,-0.40767614778000194
245610,0.6218445985850019
14211,0.3630378559000009
66706,-1.0787237212500003
72058,-0.7452305253749945
72895,-0.3197028369299968
72536,-0.2552139224749972
70552,-1.0971711015749985
20444,0.5564672586300023
13017,-0.6867091046349953
407821,-0.8898583896699988
20287,0.7796765780450006
192652,0.2304050757500029
13043,-1.0720068272099974
78405,0.5945354330300017
75409,1.1261319833150036
22626,0.9280920582900034
279028,0.8266727763300006
20621,-0.39435066978000144
53627,0.5772968166099988
64113,-0.5914369359099974
16709,-0.48471176996499743
84585,0.5162164790500032
270190,0.8704687702249978
67484,0.6736925566650029
76089,-0.7985878421549941
211896,1.0529804065750001
67749,-0.8983830203649985
20147,0.7660348432500079
14729,0.35304398983999974
56525,-0.6089874248999987
66491,-0.24547161339999768
75083,-0.24547161339999768
228880,0.35145268902000026
53310,-0.6105116369650005
109880,0.414420058794998
20909,-0.2899557655499976
56296,1.2144860287400006
229504,-0.7507030481450014
210992,0.3752375516300006
227099,-1.0305069378500047
19896,-0.34124129579999263
75593,-0.3001156045549962
80283,0.22674927580000315
212032,0.5986265015300045
217827,-0.8929108091499973
224902,-0.37031462624999634
14269,-0.39513339051999985
108062,0.4354709642800003
228361,-0.3659728895499992
242425,0.7114726181950015
68735,-0.3143761768899953
17907,0.722882819670005
108153,0.7648117260849996
50918,0.5212870824050011
192119,0.3158194455600052
217125,0.3885790291000024
69549,-0.472826995854998
15958,0.4730935608799971
19060,-0.7901622616249995
59038,1.0735725010850015
83767,0.5651896713200077
23964,0.6346365304050017
70059,0.370984173490001
68592,0.4228527246300011
11859,0.586584426865004
68487,0.2498894115999981
69116,0.3517018784500028
18413,0.751487340695002
268445,0.28750807302000325
16171,0.8454154906049993
257632,-0.6697257265649972
69976,-0.3173791485149984
22627,-0.3609632544500041
232813,0.7522398710000031
223864,-0.6045773790350042
326623,-0.5760369751450001
67495,0.3216513512800061
338521,1.1761053573399987
16880,-0.737098516269997
98828,-0.2712177214100002
53814,0.5833349446099985
230405,0.7021655418999995
226178,-0.2754385967499893
106389,0.3273163254000018
73389,-0.3084577254499923
216724,-0.8768652494249976
227619,-0.31112470797499014
380660,-0.46387595994499975
16913,-0.2957412289499999
53858,-0.8345072698500005
69051,-0.3196354450549954
192167,0.8424888955450012
208846,0.5303624983600033
66586,-0.5113117147849939
70078,-0.5496024541299969
14128,-0.4779608730099927
76608,-0.8164019502549973
72502,-0.7767257825649994
66049,-0.4199358295899973
26910,0.766400374459999
67036,-0.38344291242499473
101533,0.7516964324550024
17722,0.678160415750007
13495,-1.041702339204999
67944,1.1200178418449998
15405,0.8535760122600022
12982,-0.38627687679999845
235633,-0.30745831224500364
22061,0.26728832450000795
12491,0.7561936459300007
56791,0.2517472637999987
11937,-0.9026698258350008
69596,0.510942987
544971,-0.4102145341849992
329002,-0.6735993562799969
225997,0.5892741464149984
70080,-0.5124659065900019
66071,-0.34211723126500004
330450,0.86171697248
99237,-0.44677945200499813
71093,0.7634773251300024
14800,0.6289607784250015
13860,-0.7798334449749991
94227,0.7621641982499994
58866,-0.5793226292899996
381410,-0.3835237980999917
407819,-0.25959998423999586
14347,-1.0649351247599999
216781,0.7117433277900016
77704,-1.1234017378799992
319710,-0.5456594366600003
13198,0.4860759920200035
230761,-0.6561894457599955
68563,-0.32288350644998864
56381,-1.042191994935001
230824,0.7680193670800008
69065,-0.5682192585249979
217431,1.0027367949700046
103236,-0.2630055261500015
12061,0.8688133446200026
13383,0.651852297860005
68631,-0.667097448789999
244882,1.0997336149700034
415115,-0.3117880550450014
19347,0.24372310164999966
140483,-0.6774612648149976
231912,-0.7846355082600001
56357,-0.48745024846498985
23790,-0.31260256849999557
68991,-0.2997948896499949
109620,-0.6606682272499982
74440,0.3488963647000016
230612,-0.6853527855349988
19769,-0.23044594184999667
52712,-0.33249533085499827
18087,0.3633714455100012
19286,-0.38200250635999566
666311,1.2347379430500034
20020,0.5221366456500007
226255,0.9907786905499991
29861,-0.7164558335950018
24088,0.4182351232500068
16425,0.6931209425650011
20564,-1.033965514865002
140579,-0.6926682014299983
78369,0.8606004954599982
380912,-0.6526797012800003
235505,-1.1435946105799983
11747,-0.3474280545999946
12740,1.468702734039999
75671,0.5920937219700027
668940,0.7022013566100007
54125,-0.3083001279499946
227715,-0.24967270839998434
24017,-0.432631627100001
243382,-0.47857114094999975
94212,1.1976807707000017
67379,-0.2035880370999923
66840,1.034774613535001
80708,-1.508462222554999
226407,-0.9222175814600027
67236,-0.7187893670299967
67872,-0.21955692949999772
22781,0.3491253989000018
12631,-0.3887030886999927
12043,0.2626381488799989
66827,-0.29431940284499447
629761,0.7123588577300017
64945,-0.6061592124800015
66467,0.32337947360000285
12748,-0.38192350249499185
76178,-0.4772322554050028
66758,0.6171669034350029
110197,0.8682480543200022
14050,-0.279878848674997
27226,-0.3942933111499993
13507,0.6925210684400027
18400,-0.6274304089450018
12512,-0.43247890385000076
110379,-0.26690057821000046
71684,-0.24279924264999764
140491,0.9587697349300033
621080,0.9050483560650018
353169,-0.320308392984999
230101,-0.4360967001649989
22592,-0.6328991031249993
74164,0.4275393855700056
67118,0.27866977049999875
105663,-1.1283178736499986
218490,-0.20588607595000497
59004,-1.083481862784999
24045,-0.3269919695999999
74569,0.47188302999500653
20750,-1.7667656298449996
18024,-0.40406138697499827
67711,-0.25544239909999433
66199,-0.3051474744799929
70620,-0.3518434957900016
21936,-0.310373629189991
65105,-0.26195913679999805
12391,-0.8995893324749993
140486,-0.7781957933399997
72772,0.35936391660999867
20262,1.050001048090003
67292,-1.1079421973999963
224079,0.5775671048100022
16841,-0.6367654299149996
20418,-0.7091376645899978
66344,0.6980013646949987
320472,-0.8656252905749993
11857,-0.3344284900000094
67163,-0.92321756685
100043861,-0.6793246661349999
231637,0.6254867315450019
55946,0.47750728371500095
56643,1.3908799285400026
16669,-2.439936227485003
74080,-0.44837520618500193
240754,-0.4650438017099967
71592,-0.6852679464999962
20190,-0.6429638341400006
26987,-0.24293795189999656
231931,-0.37563179279999126
64450,-0.5187367523599979
20216,0.6786150184600004
246229,-0.6841452391699967
66634,1.0127221189500006
52864,-0.9754725137500015
70829,0.2961090127900041
171281,0.8396458650800023
13491,0.8936111114550047
20650,0.6200789431650042
75475,-0.7169050798099992
68215,-0.297779368979997
277463,-0.523382125004999
20604,0.3522713722600037
69961,-0.25819155649998926
217463,-0.8731929963849963
68259,-0.430563740114998
13836,-0.751559050115
108115,-0.914169848390002
74131,-0.3775487170700025
114889,0.7266160521649994
20303,-0.7335561779800015
246691,0.8592689441700005
382793,-1.0564240778550014
271424,0.6441567891600002
56055,-0.9443971922149963
11471,0.7466810253050009
13684,-0.8392276039649964
225152,0.9169858545250031
12023,1.1772953951750003
76916,-0.6549238748849988
216549,-0.2509709546799961
59027,-1.047130323270001
114584,-0.3085530934999987
14266,-0.7395998616749999
666173,-0.6290071369400012
329384,-0.8489696772849973
69367,-0.2350240347549999
15289,-0.23935815559999618
54632,-0.2794142573749987
76467,-0.8668842485699972
140475,0.7383288659900016
22364,-0.3369843943999964
353130,0.8816040240650045
109129,-0.2472151879350033
116870,-0.6470408575050008
217057,-0.4704366035699934
19062,-0.41482150690499964
68498,0.7698626158500006
19385,-0.23240745252499373
66682,-0.29464876974999754
14706,0.5136634517950025
56282,-0.3650997432249987
30877,-0.43233169935499927
219140,-0.6753964822499956
19049,0.9331708749750014
79464,0.2896410353950021
12816,1.2269836390450006
237465,-1.1680294990249989
319655,0.6809869111799989
17217,-0.3213739389499999
66311,-0.6536550179949998
66590,-0.4224244903349952
21945,-0.6200406615450014
19720,-0.2978789955500112
13202,-0.2963193753699933
277328,0.6624415106250008
18383,-1.2978463654950008
72168,0.7185706253550022
11520,-0.4762451052549945
106073,-0.27372729743999535
497106,-0.6149218128449991
56096,0.8866963392550025
74011,-0.6303465275149964
18516,-1.0761478515449987
16832,-0.4776334609000017
26386,0.750383243325004
78688,0.750383243325004
66679,0.3200963446199996
26876,0.5983365759400021
226525,0.6029167123250039
215705,-0.2937721479000004
208647,-0.6704745413349995
74895,0.2914018956899955
207854,1.4661689699799991
75894,0.30051172828499695
54380,0.35077672928500014
83397,-0.572008486585001
57783,-0.2750906449499997
12558,-1.1959900458600012
23925,0.6818160657000014
432839,0.4976685753550001
19664,0.36921430103000397
101142,-0.9712593650099981
18442,-0.7929010944399959
26445,-0.36692894036999846
20525,-0.4809377446850025
68294,-0.41417531661999973
15487,0.9425806985000009
16598,-0.38205268259999237
67775,-0.4348794411700041
53599,-0.27197191514999197
77318,0.6833693083500023
12684,0.8994084371300026
67433,-0.5761529497800018
69299,0.7343194999449998
13716,-0.2515291825499979
226180,0.44738630127000434
64177,-0.9644518809449982
58859,-0.8839053445999978
14725,0.7695110471000017
73301,1.0343784292900033
225825,-0.33996466879999865
17060,-0.36477182344999903
73711,-0.312838081255002
76551,-0.8789974709149986
17967,-0.5923504633550003
78286,0.7132460802950007
56368,-0.24078630178999916
14625,0.551466293645003
77629,0.6655271098100024
353282,-0.5808681400450002
192657,0.6565279745700092
68616,0.7768404861250007
252875,-1.0959595228249999
68865,-0.7679721967950002
26442,-0.19861089645000085
353188,0.8362112909200023
67466,-0.9783106427600003
27056,-0.3842248189799964
70209,0.3074094773749998
71934,0.6696496103600027
74479,-0.27676409615999376
106757,0.3477422140699993
18046,-0.2762057183000053
75712,-0.34166223347500235
66358,-0.3102939127549966
13392,0.8061373951800022
67455,0.5531611657550028
83554,-0.7987227786550006
12182,0.46848878939000205
217340,-0.7143444057150008
27387,-0.48991901345000066
75387,0.43181896241000395
18610,1.0500713776850024
56323,-0.7406698344449998
77980,-0.3726716870000093
53311,0.469050252890002
192970,0.4325374162500033
231803,-0.26524015014999947
12161,0.8322302455600008
232679,0.4064965638300002
140570,-0.42897772293499514
117606,0.9962643907000004
26944,-0.6732073182699971
329324,0.7387990268900011
74127,0.798125952260003
114664,-0.3491078419699942
70012,-0.5446923055549995
107702,-0.30721717822499883
20851,-0.3331433137899964
100102,-0.5313561986949988
69163,-0.7423314340900005
242860,-0.6878139431849997
209195,0.7958649534949997
77613,-0.6098916991999994
227683,-0.6552952155499989
56430,0.4217976236300025
14629,-0.7771157481150004
12696,-0.5652803488749996
14563,0.8806020239750003
67255,-0.721423381294998
67994,-0.6303571074649952
21943,0.6764487542350013
20890,0.5515298889850029
75552,0.48364749490000314
55981,0.7744938042500018
12273,0.8775773163000027
68836,-0.26823274570000066
238130,0.9259193877899996
15260,-0.8115099570349971
320707,0.4750536349750014
18996,2.1304249120850045
54196,-0.2629647854499968
71941,-1.1240202087799975
54140,-0.8157359054700009
57745,-0.6515427943800027
12703,-0.3428515202999991
330470,0.9766490618349999
14664,0.6932946487200056
246787,0.673158411605002
117229,0.5226139659150046
241727,0.5588955780550005
71703,-0.5062694242499965
67839,0.7618123415850011
26877,1.1723107668450004
625286,0.6982507152050017
15139,0.7868728962450016
12401,0.6341518976300011
380712,0.5564138852450027
240427,-0.8568884814749964
19156,-0.3577479691999983
78977,1.2202245522700021
13009,0.7674900559350002
51796,-0.3718620295499946
226265,1.2424848274500007
223527,-0.30031960037500127
11464,0.7876740475050008
232807,-0.25738269818500825
19303,0.8758531957600022
69727,0.8286355052099994
225644,1.090124219995002
234663,0.5725933507450023
74254,-1.0512296612749976
20224,-0.26163008474999394
14339,-0.6303392864799999
54200,0.7206953914500005
57276,0.5206637725899972
218100,-0.29247258027500145
11870,0.580852275484999
81905,0.6703682055850004
13011,-0.5263929311049971
22666,-0.31385066244499615
70122,0.554547119935
239167,0.6475946712950043
73412,0.9295872524450024
83603,-0.7332567204799991
24102,0.9570713256350016
54351,-0.2850028153199986
70575,-0.8190404596649978
70977,0.4216574395200037
99296,-0.8910916538699976
21930,0.8840396214450035
213773,-0.953804480539997
277353,0.9132906124750022
72330,0.7161781999800012
209760,0.49068158336000245
67180,-0.39552038949499924
21349,0.3024761977400079
216350,0.9289311883550049
12021,0.5866746311550015
68021,-0.2631449530199994
246696,-0.2811424275499981
68431,0.2950517901600058
70088,-0.32512610684499954
240476,-0.9318645735699977
15248,-0.6027252966450014
75426,0.6259905592599995
20311,-0.5071305280249994
107094,0.8931193773000023
57816,-0.2511716104999948
96875,-0.4708256676699998
19245,0.2960894184000047
71787,-0.2788614383150012
13497,0.6329555225650036
246154,-0.843765928029999
269400,-0.3549391831550004
18007,0.6068706730400004
22235,-0.30055240226499436
19661,-0.23357494039999338
214663,-0.6947867892499993
194655,-0.6267069262999998
223669,-0.5239460412299977
68682,-0.2839397037999962
224630,-0.5131115761199974
16911,-0.25257757824000393
51801,-0.358835921639999
27364,-0.8294753993099953
269704,-0.27101234162999965
245841,-0.4715737963400022
67724,-0.9356244734250012
52521,-0.27083119000000266
223921,-0.7439334610999992
142681,-0.5584312521100028
16801,-0.43307311680000105
13411,1.0209453911750033
28126,-0.4770958143099957
18295,0.6626722559600045
105727,-0.3996852868849903
209837,0.38599376530000207
56356,-0.2724462097549969
66249,-0.3006162861650026
74196,-0.7410843625549992
13660,0.20747752960000376
83922,-0.6661638662299998
56705,-0.44260402249499364
353283,0.6873986468300015
12903,0.982188114880004
18611,-0.3205289708649932
223272,0.9703101818750008
230103,0.3882184986550037
78248,0.4896915642049988
67561,0.3170182709850078
15478,0.608564198200003
22249,-0.744768548089997
22329,0.5134681749550021
12890,-0.7634954803499996
269233,0.825765687805001
52040,-0.6614065054700031
74412,-0.2581077377649983
26558,0.277323942005002
72472,0.5980208235300033
52665,1.0230916327000008
16588,-0.269444661344993
77569,1.1907269046050026
237891,0.7354850367549997
319513,0.2858026810749976
66994,-0.33163571815999937
21770,-0.6341261038899981
70484,0.424336722605001
19822,0.43664437900000763
66998,-0.24731284477500104
73314,1.322826377450002
109754,-0.5254617132549946
18081,-0.26785547419999567
74006,-0.26676115049499494
56642,0.8166044556050043
72614,0.8197287315900001
230075,-0.23311454572999857
57444,0.22867314350000356
329093,0.9685506164000008
66059,-0.2899953773499995
13170,-0.35044175975499314
56486,0.24500737210000345
320782,0.8478835142050043
387348,-0.6414672484599988
68778,-0.25702334160000184
18220,0.26481851549999824
269378,-0.7277533778650005
19280,-0.39764227498999816
22339,-0.7264443260900011
67526,0.3589105116000031
245595,0.656826625580003
75104,-0.4889849698450002
332397,0.7748924254549987
74559,0.29977613301000083
74244,0.3330730095849965
66997,-0.24874896748999298
104360,0.8984971624599978
66930,1.1652621804300005
12068,-0.4799822020449964
12362,-0.301663177014996
15368,0.4286776269499999
71843,-0.895375849599997
69572,-0.6233144561199975
21672,0.3064215878000045
52683,-0.2241816220649948
15492,0.6349339857700009
18933,0.8337780754249997
78689,-0.2931962868949949
66711,-0.20750251240999695
13685,0.2784391135500002
22143,-0.3406631044999937
27406,-0.2515045257049966
56089,-0.3895741740549967
15404,0.6050899874949982
54637,-0.5424060486449997
14073,-0.3665974598699968
26414,0.9800553987150034
217379,0.55857466203500294
434204,0.461945038345001
54156,-0.5296129413949999
29818,0.3280071270599998
226139,0.6105442034600008
57912,-0.22732450719999875
11828,-0.31629898682499835
237782,-0.5780147251000036
69379,0.6968863746350014
67017,0.677637821880003
98363,-0.5363869495100002
224024,-0.9251045686449961
21857,-0.6602690225049965
229004,-0.45901419512000086
66354,-0.24197045107999848
12840,0.9536572587750038
114641,-0.4336221355449972
68537,-0.2538568691400034
67050,-0.6399045492449984
26936,-0.31931284635499857
74051,0.6224172266250028
100336,0.4827353151649998
18293,0.3609957430500028
50529,-0.2526618108800065
63872,-0.5738099809499939
227334,0.48072371935000024
238377,-0.862208924244996
246228,0.8131339012200005
18553,-0.6581208251099993
30932,-0.28708123295499277
387314,0.6557842031500032
234723,0.28879578642000325
210762,0.7628413591349981
81630,-0.9498259795400008
226075,0.661366837740001
64099,-0.5019280228199996
18441,-0.5070419997549962
71865,0.604156277690004
23993,0.8081134709600013
75860,0.9517185833550026
100683,-0.5890278529499984
12835,-1.070080198344999
225339,-0.3734697025499951
18101,0.7468316401899981
217218,-0.6732700609999975
231004,0.5766675624500053
74322,-0.2894824504200013
72391,0.6989950474499906
93843,0.5821806425700027
72265,-0.47933301009999774
53413,0.7280154773650014
14049,-0.5103763248699984
20743,-0.3748979502050025
109552,-0.26363163775000054
12396,-0.6184320745950007
72085,-0.3832181228849958
18578,-0.3960123508049964
67452,0.8472561169400032
74155,-0.5867716431799996
67465,-0.4298026066849996
16548,-0.2873430058599986
320522,-0.5134512918900018
21399,0.5455194168450053
98365,-0.522986054855
18710,-0.7361743883199994
73132,-0.6995193871099987
71755,-0.8365552420100002
12662,-0.8799005995549987
67712,0.33863512590000155
70546,-0.25486064198999703
13877,-0.3474822286499979
632971,1.0603558243749998
109294,1.6738875592750047
19089,-0.29501190945000033
78232,-0.3257625416749974
52822,-0.731061816035
547431,0.5021599562949994
21335,-0.520599947754997
235441,-0.28383403268499663
74189,-0.7214959360749988
18214,-1.099947368439997
14451,0.9406994573350067
12300,0.9779628882600013
67457,-0.3149988642999908
67873,-0.22771477443999366
58867,-0.5490726979249976
170772,-0.5244003192149975
68219,-0.3736970002949995
434008,0.7353363925699998
28015,-0.36681844808500585
17433,0.7167706027299969
432478,-0.43071972871999975
59069,-0.4272449229999875
66863,-0.5693279491949959
104681,0.2504573573499975
319625,-0.6068171988349969
15424,1.029276775950004
56292,-0.2405664498349971
75210,0.9388496978799932
70317,-0.7663332639849987
218460,-0.8624028979449943
20671,0.7449050735150013
381411,-0.6940917332349983
109032,-0.42542909900000225
14958,0.8331669938800013
216874,-0.31919543909998893
230738,-0.5916045055049999
235623,-0.29670687001500085
320343,0.6749462355800011
14131,-0.34095142922999955
67687,0.8890872026450012
72549,-0.8672392356750009
22608,-0.23211525949999867
73373,-0.820483120275
109934,0.584411649345002
60527,-0.7343837969099996
14297,-0.35814296257999345
277898,-0.531250849364997
394252,0.6949964372200004
243634,0.5858692099050025
78889,-0.47356756114999854
243834,-0.7759390347499999
78455,-0.5819602355499987
17524,0.4988265618000014
226541,0.37483907977000364
383348,0.7251600512500049
53975,-0.5074252125199994
17897,0.5650050814499981
84092,0.852797039190003
71790,-0.7409664309849986
16468,0.3971728628300042
83602,0.3081005475800058
66989,0.36449940751000476
69807,-0.6361620204049956
268709,0.6805335444999994
210146,-1.0194891546300013
171282,-0.6073621519699968
109593,0.8706317675099995
227696,-0.3369533655999888
14240,0.6283333934550006
68904,-0.6099281263850003
15561,1.0830607630100006
22287,0.5315377894600015
66712,0.35578015219000214
66398,-0.3899266303850002
72978,-0.4142806358999995
320394,-0.7582104511149961
72119,1.3024547096700019
216543,-0.3379887545599969
403187,-0.3826182881299971
80509,-0.21783443305000105
77015,0.7324025345200003
70315,-0.6699414173199987
74326,-0.30062828853499646
69276,-0.2638871510499925
280645,-0.5444740168999984
108147,-0.5402080825399995
70061,0.5822210765249975
22137,0.6793896401750006
72899,0.8884571926600042
16621,0.8468189198899996
399548,0.6448138769850025
320435,-0.20351195216999507
67876,-0.7396758760349984
69094,-0.33157252555999683
17700,0.6533628686799986
83561,0.6017629843949996
244373,-0.6224691589049964
30925,-0.3615294193749996
19348,-1.0876923947200003
109349,0.6808301706099993
19267,-1.1022712495199984
64660,-0.2579284236500001
59016,-0.2529070500749988
12055,-0.9798166722999957
50762,-0.25662587075499665
104086,-0.311899646309997
56371,0.5415053368499994
266690,-0.9208270377699996
68393,0.8436226363650006
16429,-0.6855059301799988
60532,-0.2290834895599989
382427,-0.49915391593999914
18557,-0.7870679186549978
12918,0.7097639580850004
16506,0.33429620818000494
107272,-0.42899792106000056
74334,0.5299903473000089
13841,0.5908859256850039
57312,-0.27939927601499903
17237,-0.4085986301999984
252973,1.2088407705050006
56348,-0.6335255776300004
51812,-0.30014162190999194
212390,0.7532331210900054
140484,-0.290743491109998
20901,-0.5580990209249981
54219,0.2920628984750042
665775,-0.713945541239998
14173,0.5868982467999988
21762,-0.30186394714999665
68106,-0.4765473652200001
277360,-0.26423302588999853
66208,-0.4052581775899995
68995,-0.2670530929549919
30960,-0.22665057425000334
98403,-0.7844099088199998
76927,0.5434074512400038
70445,-1.1157752820249973
52513,-0.4803169962899929
72308,-0.612991856409999
230259,-0.9080803756749996
12029,-0.6220615977450006
235611,0.6855265184999988
19821,-0.7001954988649919
52013,-0.899168752089996
208643,0.4345273896400048
80981,0.6593701663050027
12974,-0.3022213767499995
27280,-0.7625922951300028
71096,-1.0946620128649993
23950,0.5036454908000056
66864,1.0148265769850027
22236,0.33957619253500937
394433,0.33957619253500937
394436,0.33957619253500937
12292,0.6117600211949998
19069,-0.3470359617450036
12051,-0.28577151724999794
68753,0.7357282198700004
11448,0.5778118017800002
72399,0.23849022789500474
235330,0.6891276724799975
114893,0.47989795259999823
269881,0.9033131048799996
13653,-0.5466204420350005
11924,0.5234984233850004
244859,0.60767707767
72656,-0.5786584129499994
13120,0.9524578856199977
66075,-0.2340128741999994
106878,-0.258375227649994
17228,-0.7434570990100005
214058,0.7563185416100016
382620,-0.8798193045949994
13076,-0.4125195510850008
15132,-0.7907298056299972
68813,-0.7325268370549995
70178,-0.35956993322999775
12424,-2.0673239802899976
268686,0.44885967537000226
66609,-0.36489970426500484
68142,0.4474619088450025
16768,0.5763593881300033
21744,0.7139011055750002
71884,-0.7132128216149987
109791,0.5625416818500018
72041,-0.34876332812499733
103806,-0.3645383552299979
14751,-0.3889089077999994
67855,0.5292962064800015
226418,0.7118382555000036
70026,0.4295556075000029
63959,-0.6650040066749989
20677,0.3463726584150013
52477,-0.31941960451499973
16497,1.0158001549100009
246728,0.4356502451100077
20168,0.2919279631200027
19045,-0.34447180820000334
140887,0.35845228514500427
68307,0.8792718914000011
110119,-0.6170817188699997
66855,-0.23678616049999412
245828,-0.3185012866450023
73914,-0.9013110927349972
54405,-0.2791528022999952
225870,-0.43093771449499974
17164,-0.20496083175999225
240843,0.8172427978599988
67803,-0.35739959460000037
99152,0.26397412660000086
215387,0.6058219519250061
76740,-0.4777545911050005
74485,-0.5262744815949985
69587,-0.8284507392349996
14680,-0.5524023227650003
319695,0.5609683059650026
16008,0.6932540192350016
22750,0.5988061642450018
235043,0.4569911171699994
623230,0.7992325600699997
14180,-0.8065796592800023
230709,-0.5610423559949975
22619,-0.7032623233699944
235386,0.8641980623500016
319984,-0.6271371113749984
65255,-0.48142234314999754
15510,-0.27377890926999626
212139,0.4015578680050069
14816,0.5946743162700008
232232,-0.5574108135349989
57753,0.29185820997000533
58809,-0.5577629892199996
67792,0.7618321198200011
67955,-0.2587493911500012
26399,-0.7765784950699945
18642,-0.4253958533900022
16502,0.760581214465005
235469,0.38221850074999963
12054,0.5518088891200019
27368,0.5518088891200019
320736,0.7629613579350023
74114,-1.0995689248699945
18972,-1.0697203427399957
14723,0.3482268437750111
26440,-0.2546328122000041
224224,-0.647626241079998
18567,-0.2982025817450005
15898,-0.7694397499850023
54354,-0.2554049439000021
76964,-0.293858407399993
72993,-0.7113803010849997
67815,-0.7708837768949968
114654,0.480591021455
20166,0.4315211989150036
11834,-1.1823273737749993
108073,0.783056133670001
69790,-0.3228642843550009
16543,-0.3162670800749954
16907,-0.22799327144999282
30055,-0.22799327144999282
269523,0.30191380775000454
12175,-0.20891144069999967
20641,-0.27501759572499473
237082,-0.5288766217799958
56790,-0.40879679708499683
269589,-0.2923132770999963
18111,0.6792075305649998
75645,0.874969150070001
22751,-0.5137358191499972
21983,-0.671940235430001
50931,-0.3509956600649975
66416,-0.22449615939999568
20354,-0.3530037775349939
234664,-0.7118544039749972
71918,-0.2347084674699964
116871,0.4150843308500054
22629,-0.3283446085999966
93723,0.5278733984050028
72567,-0.3183493987499961
69387,-0.6874697666999987
93690,-0.545507709009998
654821,0.8311247858400015
17083,-0.2941808357599953
622408,0.31846871119999776
15500,0.6726938718049977
20284,0.7291450879350005
66408,-0.6594080341949917
85030,-0.2926861606749984
68867,-0.7590443805399998
66632,-0.610936780004999
12648,0.6524915786900047
245195,-0.3886683798999897
24059,-0.6538286015099972
19881,-0.3422800699949988
380916,-0.7888530541899934
106582,-0.2513538320599924
71063,0.5666548237100022
75786,-0.38496130163000153
11449,0.5132567536800021
77519,-0.7902751489399984
56421,0.5176181472150034
83962,-0.2430351110399993
232196,-0.4430770107649993
70380,0.399807165940004
73750,-0.4899437016650001
20592,1.1315078941400003
12282,0.6275084337950005
107566,0.25994535965000054
14308,0.4609780823550005
72162,-0.4478350638399986
69562,-0.5065629373350014
170706,-0.3401148557050018
14407,0.6409218268050001
11549,0.6981917782799996
80904,-0.6707123683200011
98366,0.39123752860000494
329908,-0.7563437401699993
18663,0.4084060011499995
66166,-0.713683519059999
224129,-1.0385371716000025
18857,0.9569016192299991
269682,-0.40945317052499774
360216,-0.5213318923450005
232910,-0.20973037538000128
213452,-0.4379122101800017
71819,-0.7376884500849981
66473,0.5742440857400037
66659,-0.2603103899199972
17215,-0.3925924348799992
20345,-0.22368881484999825
13135,-0.2210624288499865
110326,0.6281373807650006
107047,-0.2934750834999962
107650,0.43645807245000157
229524,-0.3636868345499966
11514,0.7188177663999995
54139,-0.4204911571999972
102339,-0.4884268694949965
72175,2.209111666270002
223473,0.618681828955002
103573,-0.23102246789999725
56531,0.9168678094250025
140742,-0.2980923520999976
71743,-0.2560063741299974
70508,-0.9452493714300001
65098,0.6287450338250018
17175,0.650645675765003
21847,-0.48233964960999565
71037,0.9924979709350006
78787,0.536709458445003
19305,-0.9216883879749957
13418,-0.341829634325002
56856,0.9465837571350022
12365,-0.751332695059995
69253,-0.8003690623450002
14199,0.4153718221049987
56504,-0.5263599926549976
21935,0.5819474487650025
56758,-0.22389197875000022
319530,0.46873291324500155
67857,-0.22357728303499513
23897,-0.20990035940000418
67308,-0.8257877571549965
232970,-0.3736095851399952
64290,0.46374189627000373
76701,0.6157331080200033
68463,-0.23704211630000138
223626,-0.5434351405199993
233979,-0.5157855526050001
71704,-0.3070339435649956
69077,0.22757233245500252
12959,0.5258610173150036
27223,-0.4450738668949974
14874,-0.2612530825649948
70237,-0.6186199767499962
228807,-0.311107148529997
73845,0.8776549784800016
71854,-0.5727676140300009
17116,0.5333417957700011
545975,1.0149727476049994
77766,-0.66289341436
382117,-0.53600757247
17082,-0.32889166765499667
11875,0.5782993338050004
15416,-0.47021732935499827
15893,0.683838852690001
21788,1.0841509923350037
67229,-0.24160436379999695
13611,-0.41749496260499797
225497,2.1654791226
212986,-0.47633723200499656
73456,0.4273224968200027
231386,-0.2896664915499976
15356,-0.21178186936000287
18509,0.5532815883500017
29806,-0.23659562260000477
107684,-0.7277627570699998
270672,-0.744280857769998
223254,-0.9965273444350018
320678,-0.5453821654849973
21652,-0.24604558963999956
13505,1.051812983980002
68040,-0.4491154673549955
212980,0.2788296444999947
26961,-0.25780143929999966
54392,0.8192202433100002
71907,0.5331810618600015
239319,0.2746038503500099
12467,-0.734669200209999
70359,-0.5749650360900027
20504,0.4805449210500008
117198,-0.3644108486049973
70549,0.6174819042300026
64214,-0.37836149009999254
74388,0.3011779172000013
71240,0.7196396387250097
69456,-0.7483200390349989
268933,-0.4963428652549968
74140,-0.19529360654499683
330050,-0.5126371664400002
106585,0.5371254965050021
384309,0.26100861750000526
114642,0.32556848960000195
230866,-0.852712273389999
104303,-0.22343801894999693
56376,-0.6808707485699976
18194,-0.4764890926249956
68510,0.31498055126500013
219132,-0.3135676204000024
100503879,0.9074519274100021
70807,0.230249439660005
17928,0.29754675771999795
18163,0.9708316196100011
15982,-0.30113948799499823
50926,-0.23887188995000308
67646,-0.47086854738499984
54611,1.0565762593650048
18186,-0.6673564157099983
66714,-0.7865705541999999
629147,0.3590770942800021
22068,-0.5433810617999972
73435,0.49282548125499837
17444,0.4824430837800069
80719,-0.29716434104999045
56468,-0.9495034507499973
210554,0.7664854279550011
58799,-0.7718181257599968
109346,-0.4720515394350011
57431,-0.2665958367799952
12476,-0.4790846456500013
22689,-0.6239087484150012
237636,0.5260375064200016
75805,-0.46927921611000034
236899,-0.6947883695100003
223918,0.3236886133100034
56533,0.9119505118050011
93896,0.7729914005300027
23863,-0.5725182626849961
633285,-0.846596080119999
330216,-0.5225486566800006
13409,0.7194846687099985
71999,-0.40132388724000023
94244,-0.45730279250999706
243937,0.9107145747150014
18987,0.3630838125450051
78801,0.7030530380550002
20353,-0.33712662159999063
64451,-0.43777141703999956
240174,-0.6545949708699981
15499,-0.4928803126950001
69824,-0.44601197593499986
69082,0.30102193133000377
16776,0.5641327562650034
66599,-0.2302532071999952
100042480,0.570795241065003
16476,0.30675692392500054
68515,0.6510354596199992
14593,0.40471605991500503
245944,0.28090203399000124
66948,-1.1616875413649996
53424,-0.20653619239999443
72927,-0.6714490169249991
56016,-0.5958288986399953
109731,-0.6872236296099987
327987,-0.6175975515200012
16402,-0.4161742598199978
99311,-0.24617901270000075
15505,0.30788787803000695
12951,0.5036320268650005
14734,-0.6821861228799988
140580,0.49967154913999945
59002,-0.3008818197349967
18212,0.25971803909999913
52323,-0.6241716422300012
99334,-0.5134842959099988
228482,0.7922911728650011
76932,0.42410802437000683
72049,0.6201713187499998
234839,0.20351873825000055
14115,-1.1744975287400012
271697,-0.4576070083849997
23994,-0.21932484259999008
20602,-0.9644314365849977
19386,-0.5875585136799968
13655,0.8719303532249985
13819,0.3439160920000024
75600,-0.9070294959450016
235379,0.48110064080999937
233752,0.599449437000001
12418,-0.3622355123099954
20583,0.5675605352550037
18094,0.744614773155003
67588,-0.7105182524599982
12388,0.6193066320000042
108156,-0.938479059259997
12630,0.9479177056300006
213121,0.47036058395499936
216877,0.29403710696499985
20666,0.9740979729100014
110033,-0.4605469599999985
228788,0.7543007548500027
243084,0.7246473295100015
69602,0.6895264209300009
71131,-0.5420125661700004
54723,-0.5874134875449961
66707,1.0249584256199986
22083,-0.7357749861349996
66797,0.9222293487400033
15415,0.625647862245001
328801,-0.22866967053999687
19230,0.29962595339000053
67279,-0.8489141221850005
67276,-0.6930068725249958
52065,0.27985905145500745
102857,-1.3715300020999974
18377,0.578665501315001
16009,-0.6738781240149994
231841,-0.6594771024300083
56087,0.6906154784000038
12814,-0.7365694280499993
16876,0.7166216509799996
54633,0.2014504343100043
14852,-0.23296372145
20472,0.9266398385850021
78619,0.65567626188000006
75686,-0.5182980778249977
14468,0.5759268975400058
17993,-0.24732285800000398
11692,-0.6092998686200009
381204,0.7544198166050022
192174,-0.5725866450150008
14630,-0.28922403169999633
13423,0.27604052620000274
338372,-0.9334804297549963
13801,0.6126930993350026
99470,-0.5281853330100019
320528,-0.5132249288699979
72179,0.3800066032300018
68943,0.30772909630000633
17304,-0.3577327898799929
17126,-0.7668485547799984
27411,0.7704868594100054
78266,-0.3635671758949943
74150,0.47485418408499935
20469,-0.31039031529999583
271887,0.62668328066
22222,-0.5035411981199962
94226,-0.4617857996600012
69957,-0.32071282803499734
245866,-0.9209211255099987
229562,1.1103316408950001
11686,-0.48598602764000187
114606,-0.6163737050850022
50927,-0.4209595346899935
14367,0.6881283705800039
14775,0.22486396760000815
19879,0.8269317373249998
99681,-0.9101920976799995
209497,-0.2825284056349968
59001,-0.22583194638499293
16337,-0.5431196574699948
387510,0.9249609565300005
30928,-0.44015156644000264
20834,0.6512367262550041
70527,-0.2726152945799951
73259,0.8348701134950014
208634,0.8753615219049999
17300,0.6615905667400002
214498,0.2758053643
93960,-0.7652054802649979
231805,0.33529146909500085
235606,-0.2373854224400027
68709,0.48312051156500324
503610,-0.25334928784998745
212190,0.6252756397449994
320080,-0.5947909214800005
69665,0.4865417227400006
72094,0.6411637651550031
52357,-0.8311629026649996
68033,0.2126314057400016
16175,-0.5087100101700011
14081,0.4820701750000058
170749,0.42679089925999936
56463,-0.7559478689449985
17064,0.28542385656000313
66191,-0.19794503684999576
75710,-0.2871497524499951
67011,-0.4464992328149977
101240,-0.34306080566999864
79196,-0.3254291165900032
52639,0.6279851796849982
16164,0.5479395252249999
237775,-0.8160420595649986
195522,0.6072228275000029
78911,0.8261623940200011
12399,0.48802986593000597
227717,0.7095665236300013
622434,0.41206018064500194
67785,-0.7163206679749994
107358,-0.43475783484499253
12385,-0.2971437961599914
268395,-0.24658424203999552
56215,0.31723333679999755
12359,0.34483990780000084
110310,-0.5624895591199981
17342,0.4736230023500001
140474,0.5554873219200003
73813,0.6594290669550027
19175,-0.25621272755000035
66587,-0.24657199702999222
68723,0.9637386333600015
236732,-0.26142780910999974
66617,1.3004595066200046
319518,-0.9866792701349967
56088,-0.2563332764899968
14406,0.6783895495050034
28114,-0.20978476797999335
214575,0.45134851981000024
232944,-0.34528599632999946
30934,-0.7783462631150027
217980,0.24396866670001138
16420,0.6521936330300013
69683,0.3606295345300019
66822,-0.2796969599250003
234023,-0.25402732164999975
216873,-0.39024833009999504
71967,0.5066988288500012
27998,-0.22517491399999123
208795,-0.8371188715149973
21749,-0.31932763186499535
107392,-0.5876601379099977
77521,-0.7550038214899946
12295,0.8995993440550007
107895,-0.42105250396499994
75767,0.4494111081400076
329152,0.7022580049300009
57775,0.44326999746999984
18037,-0.728615937229999
105787,-0.36424243148500235
76899,-0.5516841347649946
98685,-0.6788495997449981
18475,-0.722385229805
69097,0.6674225071450017
14670,-0.23429891526500413
227743,0.3740404855150006
12967,-0.6693420309349989
11535,-0.5470812225899984
622404,-0.26875212194999776
27377,-0.7048757899400018
12850,0.42566670456000466
66926,-1.0392374802799997
243853,0.41670430094999844
28105,-0.4979171165149987
68137,0.277386297700005
20371,-0.5140548712749968
227541,-0.2677953854149955
83771,0.4233618358300042
229574,0.7738694503699985
216850,0.2821707848350048
225326,-0.3351569232849956
101490,0.48937204527500544
75415,-0.608105122319996
382423,-0.2153373430499954
12913,-0.9304523379800029
320595,0.34461053640000294
75019,-0.6422781448350001
59008,-0.26155892684999493
70796,-0.5870108853249993
320473,-0.6797765912700013
272359,-0.7668928203100007
234365,0.5445676975300007
66420,-0.24221069080000213
14420,0.4587104508750004
381356,-0.23577671545499435
242274,0.5658932362800035
56538,1.0282018244500022
241113,0.5073304342000009
14569,-0.1934993264499969
230145,-0.3805409005499971
17254,0.21897584929999958
236904,-0.5528795478150004
66525,-0.5092176447250019
382014,-0.4295366452999989
52033,-0.7089264391200012
20725,0.39661560034999255
68705,-0.37600042406500034
270118,-0.679024029115002
22419,-0.40660401688000114
104156,0.2631521551500029
74998,-0.6268434419949953
237877,0.5631517558500025
13667,-0.227013297760001
16878,1.3229835363100007
17125,0.812773857265003
235542,0.6027813384250025
54427,0.4997771470100041
27361,-0.32000550779999415
18744,-0.29849154694999847
16978,-0.2527151107699961
20521,-0.5994134960950013
235435,0.48998471403000377
106861,0.4979948281149986
66753,-0.7160058783999999
21804,0.24379576922499702
545260,0.8686190373650016
21761,-0.19534668674999445
217039,-0.17553220851499773
110877,0.5824640756350008
210544,-0.41426027606000115
18706,-0.6079229944949986
20391,0.9035025932500034
242151,-0.4954062627049982
14387,-0.36171034155999493
228765,-0.7189688055850008
215436,-0.5465108636099996
13726,-0.3506270683949957
26450,-0.5294541240850004
18707,-0.3173742768100034
233016,0.46005244040000015
12404,1.1446174543350018
106618,-0.4990754079899995
242700,0.5728735894399986
12829,0.6548144294150049
74735,0.42211794412500314
56233,-0.3869825070499999
24055,-0.4409919727699947
217737,-0.16863283350000202
230863,0.42710523252000154
242474,-0.5567788823449922
60611,0.7056704116700008
11605,-0.36097983529999844
67834,-0.34212190125500186
16889,0.2813105888800038
69473,0.7329141334450013
74365,-0.7498322547049985
21810,0.34112060455000126
239126,0.6496228814100031
80910,0.573625230330002
105522,-0.3446190687049997
234356,0.388788994135
18034,0.30508096552000374
223770,-0.8199639220050017
20535,0.2069174490500032
330177,0.4499962909200006
103098,0.575384805915002
13019,0.44811328078999857
230822,-0.45168579048499513
93677,0.8564308362900017
18845,0.6630862621050029
57757,-0.6283606619799968
18788,-0.7757396738049973
53617,0.9645672317900007
114716,0.6309102794050023
106344,-0.22772302224999486
234911,0.669222084454999
72008,-0.22578824022000354
73804,0.5973533550850001
56491,-0.28474334719000005
68916,0.2509608402000012
16765,-0.5233418569899975
78334,-0.2562273905599959
70097,0.6384671821100021
433700,-0.6271097137099986
71900,-0.4735516098699968
29863,0.8419445030850001
19016,-0.4123387713899991
14170,0.8301140099750031
232560,0.2988082480100047
75974,-0.2912209834549948
76843,0.8512621101600004
13388,0.2871952220599998
269224,-0.6153992299199982
319885,-0.27764855805999744
69617,0.2572780763300013
66877,-0.6036572241
26385,-0.28425868359999384
67504,0.8100494195700039
103534,0.5414681287599996
276919,-0.8927486326999983
79455,0.6471831672300015
71306,0.7357012978950017
111174,1.0983370168200008
14755,0.3435439802500042
329470,-0.5438674355449926
57370,0.251050758149999
72507,0.8565918654500013
58229,0.591215630465002
20290,0.5924597567600003
269643,0.6183330925299995
67141,-0.9579484739199939
18073,-0.6511711673849971
23980,-0.23205780204999904
239408,0.579768887360002
75316,-0.31186611537499864
74206,-0.4357715138099971
20692,-1.36091916154
21871,0.23718622073999995
16525,-0.6416984839200008
234857,0.43900263651000326
241035,0.6001628488899975
242773,0.7313151101749993
217866,-0.7372745337199991
67902,-0.7501645066649987
26965,0.27208653392000404
83431,-0.2755192923000056
53312,0.23259814927500422
171170,-0.5974774523900015
239102,1.2042130138950027
194352,1.0263047637650038
56480,-0.8247526504800007
101568,-0.19490347169499422
53412,-1.2701609855900018
68121,-0.3917113863699999
12570,0.8637329971600041
101772,-0.7381526546200003
14533,-0.22414809709999695
13835,0.3661505960399989
30947,0.23140878186499947
67937,0.5073342243149979
14417,0.49149571143500026
65247,0.517215717700001
15507,-1.4902379863450008
17169,0.3585025989199977
27054,-0.26336883861500127
380713,0.6251499798100051
15376,0.9708283744150017
77590,-0.35095926507499353
50883,-0.5326476797199993
319701,0.5850994349300018
22379,-0.6878071478199939
13837,0.8973648988800038
30940,0.3918583938499953
77877,-0.6114005323399976
68942,-0.8375622192400041
14657,-0.7711803908400019
229211,-0.4730598396599994
68243,0.7269579984600032
239463,0.5373699874549995
546729,0.7186406243100016
19374,1.4776289558599967
270198,0.2321040092000093
69035,-0.6080269765650002
53418,0.6659819599600016
277343,1.5155083090400057
320840,0.4517841095750006
68172,0.5841632458650028
72065,0.5055395701700007
67739,0.2743767080999966
73398,0.6885392112350015
67160,-0.2559071765999992
17131,-0.5887908361399976
623661,0.5797371653049987
80294,-0.5203960470700011
69309,-0.8302973258750006
225523,-0.5700494805349967
80752,-0.5349521521449949
319239,-0.5234882547250006
18125,0.492371332474999
17749,-0.2753377955499978
266645,0.6185048334700056
230648,-0.34054918339999674
53313,0.19578481084999666
27401,-0.524957354859998
28000,-0.4427415608899974
231207,0.5503282815550001
72960,-0.4598396139700007
69786,-0.2391780724999979
70086,0.5712892212449985
235627,0.24865286647499651
224823,-0.22901886893999368
217843,0.37002654046500183
19193,-0.48121442870499953
403395,-0.5173492565199993
244666,-0.6501520021200022
12958,-0.717129220279999
67824,-0.5457157249150013
17299,0.460970672250002
72400,0.6988913562550056
71718,0.27761779679999776
71805,-0.40595417937500144
107239,-0.5650869400050009
17285,0.4716434451600029
56844,-0.21063305408499922
18515,-0.2728983805499965
632126,0.718945245725001
71591,-0.8457691477950018
67811,0.2530525175750089
14381,0.3230751412500048
227325,-0.5861731111700008
245867,-0.22813708203499772
66388,-0.5443208278249996
26362,-0.7153716539299975
12830,0.7727832133250008
353502,-0.21719807593999363
13000,0.3207246875699994
20465,0.30953507123500046
108645,-0.2530148462499966
12000,0.8196918610650012
19360,-0.8089740202200035
70144,0.3994228561600037
245020,1.0546646036
11443,0.6202628120400036
99010,-0.6087090397250003
57443,-0.3771528688499979
23969,0.25147828160000607
235184,-0.3068130120549979
110902,0.3522108761100018
56284,-0.54023476025500194
225742,0.5919457836350008
75234,-0.2512337603000052
103988,-0.49650886265999894
73647,-0.4969053990649992
434784,0.8385103813399972
432628,-0.28166099900000674
30046,-0.4460881437249977
66412,-0.712060939215001
239852,0.7755084813000033
21848,-0.36192915513999857
107321,-0.24322641518000054
70945,0.3052510184000017
19142,-0.7497941156849972
320244,-0.4459176303099994
330361,-0.5115145087100004
101122,0.2175241884900032
56193,-0.260627758499993
22268,0.20022126101000337
66336,0.6319337605850013
66646,0.30812853218000136
72699,-0.27492130569999595
229007,-0.27492130569999595
57751,0.2174948339300009
74004,0.5650061089250014
30878,-0.48039312705499837
110109,-0.485436797194998
67988,0.3635735885850071
24000,0.5895298581750019
278507,-0.6777535446000016
52830,-0.24286784069999712
67095,-1.0852272218799994
105348,-0.2362042395350059
17711,-0.3228815554999951
66090,0.2151410335999966
15967,0.6155679673700001
214253,0.8538982134200026
66817,0.9196482965450032
192170,-0.3367717805100021
18805,-0.5706665862150002
229709,-0.6874774806100001
194744,0.46907302355000136
75725,-0.28702925580000027
240638,1.062522191680002
234076,-0.5626698035799969
272027,-0.6236207273949956
52440,0.3701929457500057
22625,0.5812591194300003
244867,-0.6997419440499959
213417,-0.4630805561300022
13030,0.38487048410000213
75953,0.41704559285999965
21833,-0.4845985752700006
100705,0.742703332805001
232947,-0.5759022535749976
66825,0.7690624513200022
217214,-0.5516867574049993
18824,-0.22232558819999326
103135,-0.9491750421349892
58198,0.8012005621350005
100061,-0.33901720944999525
12808,0.6805597155700038
53896,1.028429855520002
72107,-0.6721278828649995
16573,0.6266519551550029
11973,-0.2187412286749968
271849,0.7153493541500033
20873,0.43909683248999976
240514,0.6887215226199999
15001,-0.35192553745000055
103733,-0.7781069956250013
20662,0.7612801883850002
75396,1.015442761330001
330286,0.7038361387050003
114615,0.3000571015150051
94190,0.544388660090001
234258,-0.5863141774750003
217371,0.5428537582099979
67040,-0.31266127320000336
231044,0.7569594837549998
211666,-0.2616594674199977
21959,0.8516165814249992
71409,0.8229136022550012
18008,0.708945034060001
239099,-0.38700032319000055
387609,-0.5650010503949967
70129,0.6362546322650005
70747,0.279791873275002
106894,-0.204585729859998
26403,-0.3065455572499971
109314,0.4698060063799998
67263,0.22237225499500113
12576,-0.19672676544999135
223722,1.591585381605002
93887,0.7005616403450001
381591,-0.6131920544450002
76856,-0.48630907582999994
233904,-0.6136778056249961
12322,-0.519946140744997
78697,-0.4165405940999998
545554,0.935169419590002
74190,0.692882505250001
52856,0.19094472185500067
20416,-0.2538303946699969
12564,0.7673895064350003
235130,-0.42841621509499994
210044,0.5520053283800022
69263,-0.6381565681450008
230766,0.5946976921100005
102595,0.19220335750000395
73833,-0.27468683415999884
14026,-0.4051659087000026
319922,0.9293890893250008
106393,-0.6483091352549999
235320,0.3021017923100029
22640,-0.2637130520599964
50875,-0.33598600935
14809,0.8477072138499988
69159,-0.31066893470499934
66053,-0.24554247093999315
20975,-0.6952361923499994
320191,0.26496410821000005
110751,0.2907190129250026
20983,0.759281103850002
23890,-0.6584415176199947
18739,-0.2623362999500003
66198,0.7180467099400025
215378,0.7851675887700011
71241,-0.4039597593700006
14238,0.6005298409550015
103968,0.4507050427350019
20731,0.5753372529900043
107029,-0.3426934448099992
68981,-0.2746476072049955
74176,0.69596932969
16673,0.9182603404200029
67971,-0.58691118535
71701,-0.524383493334998
269823,-0.6594452170649978
18792,0.9445475063500024
68917,-0.250952781199997
12497,-0.43591134312999724
75706,-0.4750252611850021
218441,-0.6519085862799967
13190,-0.6524744839850007
16594,-0.3553062978549999
57355,-0.1771065254999904
110611,0.309679579135004
72961,-0.7153086454099951
245684,0.9000377732550024
71710,0.34283672142500077
270757,-0.27351565939999567
217366,-0.2605127624500003
72425,-0.6418043550150001
327799,-0.5898760493350004
215113,-0.33136443622500167
216119,0.6687259869950051
69191,0.627293245695002
574428,0.219647769909999
235134,-0.7375230477700008
56703,-0.22046376903499976
12262,0.4247439794200014
72902,0.9387698486200007
12183,0.2756762616000046
387346,0.6154448140050022
243755,-0.8183259995149998
69823,0.7470510838250002
66704,-0.5445592617099999
75578,0.6195930027749998
16872,0.589707465184997
234267,0.4992235011650008
18036,-0.247092926119997
212070,0.6895230048650016
14000,0.3716800233400033
12122,-0.21503112535000213
99412,-0.49023206252999607
69743,-0.5790442563500031
67283,-0.224137960209994
225160,-0.4433838391900009
19039,0.2667493103500096
546840,-0.55514961594
21767,-0.26460031127998995
12299,-0.3606540020700031
15488,-0.42116014026499116
319748,-0.22573164823500136
232414,0.7656468730249957
50874,0.3271893171649989
225283,-0.41522147989499736
19270,0.5978406738600022
244551,0.37331069864999833
67048,-0.40672068502999537
627626,0.366842230715001
218581,-0.6653192700699986
15490,0.594839159940002
69469,0.6846037072450026
18797,-0.5997281063149984
55932,-0.28816488781999716
117599,-0.3841562707399948
19684,0.2872736963300042
22214,0.5570433396499936
74309,0.4709269683650019
17690,0.4488369849750029
216974,0.5944884395350014
68597,0.3913237048799978
18213,0.47942978988499974
19268,-0.7781838437099999
67451,-0.5908980949599978
76630,-0.24100839810499686
67498,0.824457735315002
16401,-0.2952987877999984
23802,-0.21180334433499937
404545,0.4765493588800025
56752,-0.3985501900399999
66521,0.33616827025500307
58207,0.5000196753949915
14886,-0.2433371080500013
57811,1.171070514220002
17705,-0.1858697084999914
17710,-0.1858697084999914
78634,0.5757450126850019
108960,0.29581015290000146
56532,-0.2896519377349964
13396,1.0223474364950018
50706,0.3694519934149998
232341,0.35066031235500184
78943,0.43139875348499856
12502,-0.25389604889999795
66957,0.7638806863500021
69232,0.21253246175000662
20112,0.38975833128000303
17991,-0.19675383419999193
56223,-0.37197817244500264
20532,0.7871488173800021
233073,-0.17683566424999597
104884,-0.4184139913549991
12622,0.7759431333150024
242702,-0.5415687898099995
72354,-0.32411665104999976
12309,0.7871757025400004
81898,-0.6066955246100001
50880,-0.44282905132000216
237221,-0.5317397183749986
64011,0.27078951660000605
15467,0.41721632027000055
243816,0.2991886376600039
16428,-0.2101665120499927
15206,-0.42260704232499613
241303,-0.28072392884999964
76355,-0.5682603113400004
171210,0.7159883917200052
56429,0.19867337659000261
20846,-0.6294521563550006
233878,0.3203759310199974
654460,0.38674502823500045
71371,0.2787585214850008
59093,-0.827668869104996
229363,-0.5673343396099986
16886,-0.6469849343950012
66089,-0.47495378952000245
76894,-0.5865627793650008
212391,0.3275311437350039
74637,-0.5146207446400002
16334,0.42901381720500087
20019,-0.7487150581699984
66664,-0.37039593579500174
24004,0.5516145109500012
59025,0.33103341315000634
14645,0.25431227499500153
17022,-0.9852333078699997
15235,0.3892503254500026
20807,-0.2949680318199954
108657,-0.20460693519999218
14726,0.7705788522300012
51792,0.3124051282100009
22270,-0.5066279784749996
67013,-0.4569115888349984
19298,0.31019582268000256
56183,0.5210389685900005
225995,-0.2987005642049958
74868,-0.4029063964450028
22021,0.8914706547600026
140810,-0.702185963449999
16498,0.6804158983600024
20528,0.2496490361000041
75368,0.5230495473200039
24071,-0.2424827798000031
22327,0.46967802427499805
74776,-0.23875036022499607
70993,-0.5196239653199983
14700,0.2701217272799976
235459,-0.21608555990500022
74218,0.4943247247949998
93737,-0.28727897225500154
242819,-0.626371596784999
80284,-0.24349982028998696
75717,-0.5570186220600002
67065,-0.5214399089399961
19434,0.6686013446100008
11733,0.8079000947700052
14370,0.49436787759500067
22317,0.32134105258500156
24105,-0.20314376120000155
246049,0.5475293564950006
212528,-0.21249382859999777
66167,-0.21300938511499545
57740,0.5902718900199972
16785,-0.19704306129999338
631784,0.8678952739200021
109275,-0.21318040649499537
78100,-0.3827450320550003
11482,-0.27144360966000036
108995,-0.2615096159499988
117586,0.38090982580000077
235442,0.17447741694999763
271305,0.47027577465500237
80290,-0.32208919002499314
78088,0.5166083616850017
64292,-0.17664179220000165
14534,0.26124766780499975
75528,-0.5085633244999999
19064,-0.4023044418899975
19697,-0.28494559174999345
98558,0.5204389650949972
105171,-0.43489866710499836
71529,0.7492423263000001
16204,-0.46460779344500125
15354,-0.7902032248999955
11501,0.3572603341600047
280662,-0.7610380614600025
107569,0.4606643664000032
170753,0.4450739872600007
20963,-0.3265047209499983
93687,-0.2145390044549913
15273,-0.5527848733450007
16924,0.6587325785300027
240756,0.20644241166499633
53902,-0.5963367601699945
67515,0.39466952858500903
19128,0.30219019586500373
22378,0.2674534311000105
26457,0.5469452205000067
22185,-0.5206709636399971
13840,0.644333766284999
381760,0.3583176718149961
12795,-0.4893176587800001
26433,-0.2544867291900008
70110,-0.22008149922000086
71091,0.404205869100009
16826,0.6829013054100019
77862,-0.2123027724399993
16538,0.6788382369750026
20818,0.5148323380200015
235682,-0.7510662850199958
83408,-0.3013581090499944
228998,-0.2548718049499925
215051,-0.7112523243899966
15983,0.5435509874500006
211612,0.7773118072550034
106529,-0.2418676617249904
22165,-0.3063800695800012
73724,-0.307519013450003
12316,-0.37918313549999993
13521,-0.5112152324300023
223693,-0.2385737434549995
65100,0.6268485248099989
75533,0.5699206966650037
230815,0.5155970082300012
19894,0.8692382269850016
17769,-0.4180270175249987
21802,0.30713393783000154
13855,-0.4903109117799973
72720,-0.37948945837000014
18798,-0.533741035254998
68816,-0.48856954332499747
60505,0.5754425161700012
70300,-0.6752627358750019
239364,0.5677238096050017
15563,0.5022341482850008
319651,-0.6216974507150015
78600,0.38089932315499997
58246,-0.5970598072699991
69956,-0.33046773040500454
20852,-0.37953431093500534
14608,0.7481149038899972
15398,0.48524594150500144
100855,-0.29607366717999106
23795,-0.5836761858849986
71778,-0.3098184716199972
20591,0.24206149065000204
14695,0.44876651011000224
50930,0.2576902048150007
11568,-1.2616401586249983
78779,-0.5269091755100046
12728,0.5492948970050007
57321,-0.662879240875001
59020,0.6657463459850002
14226,-0.4071120719499959
110304,0.4746542716850013
22224,0.267876105954997
233871,-0.3224020006999968
105853,-0.5699587707850018
14731,0.37739835276500067
57295,0.4613915314200039
100037258,-0.47762532621499876
76626,-0.3334819099199997
230577,-0.5820527967300002
20973,-0.17930614855000826
54563,-0.27361572824999847
110948,0.5640722126600028
11370,-0.184716582350001
170767,-0.6334627027649988
54122,-0.5390252950199992
105844,0.5548197862249991
20698,-0.6920056182299996
15525,-0.3214566099500047
67701,0.47959583149000107
231712,-0.18372656555000333
20499,-0.3773903326300001
21401,-0.8875501134600006
245572,1.1391517839950023
13082,0.5851777005499996
50849,0.4029041489000047
225392,-0.3917802385899982
11650,0.49782325563999796
12723,0.6295080743399994
75605,0.26600030475000125
320590,0.601872686190001
17171,0.8238691902000008
215789,-0.5390474860899976
15547,-0.2463334246900004
67402,0.535371429700005
23836,0.8480091821100038
108058,-0.3061493826499948
19752,0.7572920364049995
73940,0.6169968976749982
69597,-0.2716848170550019
622320,0.39633377678000503
210094,0.4557804388700015
110829,0.22830102745000502
108900,-0.3906127879100003
19775,-0.31071071830499264
625638,1.1159251700950006
29805,-0.2210929925400027
76130,0.28814630818
14264,-1.1842117889950003
16499,0.38232910447000146
20981,0.6162285098299991
103149,-0.5515594780649948
29869,-0.5767702575449949
226548,-0.6087955831599947
57320,-0.2369038061000044
68299,0.5609774674400021
246103,0.3266672821000096
12879,1.1254618453300007
12652,0.3922013456300002
12069,-0.6483055941999991
67460,-0.2479345421849981
216792,-0.5688745486349998
13180,0.41090558329500215
109052,0.4011538354050015
64378,0.6731982516500015
237625,-0.702219275534997
18439,-0.5577268597949976
57257,-0.5961240139099973
19018,-0.28929940400000476
14282,-0.45484221929000324
218639,-0.27382536606999874
74585,-0.17571169539999687
54524,0.37549648384999923
21780,-0.2695883894150004
208665,0.5495953879500015
110893,0.476794042300007
72371,0.5116978646549994
100503884,0.46969842196000133
329650,0.4621549920900039
241846,-0.5898132653899957
22701,-0.541854319189996
66771,0.2310513870350004
66251,-0.7378350450999953
11886,-0.5188900969499963
16407,-0.5228107512249984
241066,-0.3464110548649977
74276,0.4375475708700014
230257,0.3328698892000084
20683,-0.8497209415450033
75178,0.6997485403900017
16323,0.47494058945500095
21981,0.26186902535000023
68842,-0.37946548456000073
105833,0.7330478582799991
75305,0.555417954960002
20044,-0.1849019532000007
227357,0.3874363037900057
238328,0.4959210423150031
243897,-0.3898651474849988
50493,-0.22257732173999756
320492,0.5442848558250026
13990,-0.5794397345550006
230157,0.5476113100250006
66552,-0.29407642796999944
77987,-0.3073437919249997
22661,-0.2139372161800086
208213,0.7951588056949999
23921,-0.7007620351799959
209047,0.6107406097900023
227638,1.7148262576700013
11831,0.7657852435100025
19735,-0.27759006104999706
326622,0.3048979215000056
67248,-0.2023529057000033
56364,-0.8702039493899978
232223,-0.399807787254999
231506,-0.4700932253250034
260315,-0.6330959504500004
15431,0.5189943783399995
54725,-0.4052561621899997
16010,0.4297866554800054
73748,0.9793981591849983
230935,-0.31629467696999924
14167,0.24457512441000118
11801,1.9523536879699988
94352,0.5258302225299998
83993,-0.4516205302350018
67015,-0.5926153012700004
27045,-0.29244591423999644
227631,0.7283118021600004
76722,0.6693469075150014
69718,-0.8241273181399995
73246,0.569143867905002
66181,-0.26517575629000056
215085,0.47981454130000323
14916,0.6113323398200019
18505,0.8208889209850039
66810,-0.48901974682499816
67972,-0.6233524390599969
13115,0.5286929294400009
214944,-0.6294185178600022
19056,-0.2009160157849994
432572,0.4686911237000153
170716,-0.4445633301250016
18286,-0.5417354300100019
387355,1.8202691536550013
70248,0.23108507000500467
214111,0.5373413367300013
72599,0.7983230833800006
252870,-0.27143698190999643
19718,-0.227147173350005
50785,0.4389235999449994
55991,-0.1705937973999916
20255,0.780773582120001
67773,-0.17169221840000404
227738,0.24444405905000366
268930,-0.24379863893999598
80297,-0.5776492941100004
241547,-0.7025085674700007
76137,0.38989821229999944
80280,-0.23573359779999592
12447,0.6945114466499991
76897,1.708418983210005
21454,-0.3210330311500016
217365,0.24127588752000761
320712,-0.659479287905
12444,0.2609409015499988
18260,0.3598823154000037
332131,0.5247064189749997
224617,0.6639411934650017
17827,-0.22439438607000106
74288,0.8829174091100018
76108,-0.2284971877149946
384997,0.7238026202349999
30957,-0.2515095295499954
546726,0.6424463706250019
100515,0.5786428874
72322,0.29834524036500554
241118,0.6774605882699998
20615,-0.19216434474500055
98878,-0.33260995977000096
245007,0.6064765772850018
18209,-0.5392753359350007
22123,-0.24739748864999633
21786,0.5838765871500007
17191,-0.18346183699999585
52793,0.5546920980749999
74205,0.5315686152550017
72844,-0.5570306836549976
243864,0.578438545205
15364,-0.5317171616950009
83703,-0.6793920122750006
381924,0.7642896753650028
12405,-0.4350706197900003
15371,1.0048005243200016
74343,0.19510936467500173
80898,-0.4993890031749979
68460,0.39888391671
233406,-0.507576696254997
74770,0.5486289941350013
76614,-0.26253796084000136
11495,0.32142437130500046
19248,0.2658853588800021
227394,0.4524572682250012
19376,-0.8069242751950005
319776,-0.5546127852749967
12769,-0.25151351243499853
64339,-0.7412182863799988
217012,0.594691369535
210789,-0.47633003724000034
226594,-0.2745576309500031
226971,-0.492498026664995
101497,-0.3491535899700082
382030,-0.19346019363999467
52004,-0.19389311804999387
16800,-0.2650407969500055
56424,-0.22966237944999968
14389,0.5020215727150021
17748,0.41619191142499723
77721,-0.4793527941699951
18609,0.5740227047400026
75619,-1.0549750240900009
381626,0.42231343199999927
22234,-0.21235915370500003
98238,-0.3583512483499982
16211,0.29853998366000134
93873,0.718999345629999
11787,-0.6904322516550012
18738,-0.24710100770000132
18598,0.6637419622650009
14160,0.5379632358650017
241274,-0.2283748947249986
18432,0.21976678219999712
241627,-0.49299910228499844
14904,-0.3029115821149997
20355,1.0084677995400013
12944,0.6067974295550016
18109,0.8939999172299986
78245,0.6245999624900032
57266,-0.6465626748449989
13176,0.45561917516000117
118454,0.5154918063000009
242418,-0.5880647235350001
71520,-0.24135554765000755
76884,-0.2891786984199918
215160,-0.5949192922600002
329934,-0.5364432430050021
75985,-0.45111006097499473
14587,0.5463725744300021
22094,0.5414936888800019
11652,-0.1543335777999939
107868,-0.5306410529199983
12168,0.4251358897400017
214952,-0.2500862980600047
20425,0.6343492966450013
216867,0.6673081480200027
72949,-0.8424438976999964
30853,-0.16541964509999296
244238,0.35601245938000403
13195,0.47776001993999895
69219,0.2078669881499997
233726,-0.47903870932000103
16855,0.26360276195499743
224814,-0.3320960181299979
229615,0.43468858180500103
73137,-0.9001282386550002
12550,0.3559287464399983
140477,0.757664701875
378430,0.42527150319500073
545370,-0.5748388437000003
64136,-0.7513246145349965
228859,-0.3650828349899973
17384,1.816673569290003
319822,-0.5148685958099968
320683,-0.4706710773849965
52535,-0.5352648644949953
70357,0.21573278949000052
211914,0.5391234274300016
110834,0.5313433231200007
72355,-0.19252356713499985
26447,-0.2680086698649973
329641,-0.5495388596500006
56710,0.7779328831950028
94041,0.7430977720399987
21423,0.4532867850350115
11674,-0.27801187079999323
16539,0.6118246702900016
67178,-0.4215610517449955
140904,0.4261406437000055
231832,-0.4244798051749994
241391,0.7618795241050025
227733,-0.8825272722450004
72290,-0.4634443713849974
19694,-0.553161480585
17868,0.6219600139900026
104831,0.3468015157000046
68795,-0.5360334937349966
15931,-0.36770148467999597
242553,0.6024901711950004
208198,-0.768427267434995
21849,0.25136277229500514
68598,-0.21051494389999625
69934,-0.530653476414999
210293,0.3476089376799987
239833,0.7421865788300024
66628,0.5073764134000003
207425,0.4329686273350015
242362,-0.44087061823999907
11515,0.3988839981700032
20728,-0.388081724514997
13012,0.6637097562950016
69955,0.2619333523750029
329244,0.780727535660001
117600,-0.4816980329099989
17222,-0.25254077147999787
218739,0.3844757590250012
100504156,0.42584358355500074
110821,-0.46562420356500045
69769,-0.22750975054999856
66496,-0.253970197100001
67770,-0.6243604600099992
110417,-0.5904256822950007
231999,-0.5624787178549981
66353,-0.3569131372899994
57908,-0.37810568926499144
56086,-0.1988682214500006
320181,0.7561783990700013
230649,-0.40019558902999997
18742,-0.5379371149899983
76022,-0.8316051155100013
269061,0.24208204099000064
66274,-0.49103196760999834
20733,0.4960644277000039
226026,0.5379661153600024
228812,-0.5143539429049975
16205,-0.2703303568999935
230596,-0.22833650795499771
213765,0.5797404114249987
18241,0.5781764376250025
319446,-0.4652941916549995
18124,0.2610216613400036
28035,-0.48001129256999686
435528,-0.39776850633000027
18619,-0.6525188259000014
211006,-0.3707428094000029
67370,-0.5239888698449953
435965,0.6666450957800021
20300,-0.42008851868999564
52710,-0.3888465211049974
320661,0.3958812394700004
15463,-0.5463643090699994
67693,-0.15425107579999597
52064,-0.3678858657100008
16564,0.5630022763650029
80859,0.4673666290700025
381738,-0.533732252264997
239845,0.5116844000249992
20174,0.2215150933000043
71939,0.3402551512250014
64602,0.3994119644900005
226841,0.8269599614600018
22591,-0.3913381499649997
12527,-0.2609335823000034
109828,-0.523078608429997
12224,0.5521820615050022
18637,-0.2624607118149971
16985,-0.3405160126999931
78523,-0.26151612625999654
70762,0.26032465915999836
242022,0.49092865251000184
18107,-0.17047919520499732
67707,-0.2158479855499955
233011,-0.508641834659997
73191,0.6229960829450016
209225,-0.3476643088999971
107526,-0.243352552599994
194952,0.5450406589800005
71564,-0.836165625515001
245522,-0.6511936835450003
217306,-0.5298647958400018
19090,-0.5031330692999978
13643,0.6398847324500005
93695,-0.8474879664449984
268297,-0.3094110329099973
21844,0.3888727925949995
105355,0.990129679989999
319876,-0.32090083326499474
70103,0.23746968858999828
11906,0.794859382000003
72726,-0.21906065110000483
22359,-0.5272024982099999
27221,-0.7806663845699973
233046,0.5065871098200043
330627,0.49453173332000233
15357,-0.5411807687999985
80861,-0.3919159188900032
22221,0.4137515352000003
21955,0.3104343325700061
15412,-0.43979609302499956
14118,-0.541991493489999
16681,0.6315692492500018
76594,0.4542384324000013
14174,0.973678146570002
30941,-0.49416758969999997
74175,0.5208617562750009
107305,-0.6649316678600012
70615,0.4497642154550041
68059,-0.17755581599999992
27376,0.5724899927650027
234736,-0.27075759022499746
77794,0.6064265278050041
208117,-0.49456623211999684
225207,-0.46459167926000156
104174,-0.6912772264349965
223255,-0.20240291434999236
56696,-0.20503270050000033
108699,-0.33460947581999667
18574,0.22805868488000236
75744,0.34302943883499726
70843,0.5345119834650012
68079,-0.2528792940449982
66745,0.4211121354399996
12166,-0.6367263440099973
76747,-0.1919514950999961
170483,0.38499423111500164
19274,0.5701946269500002
57837,-0.29710790500500117
72349,0.2244985494999927
231238,-0.4477317542949977
18823,0.23623837399999736
18420,0.40377766360000145
331026,-0.1854742428199989
50723,-0.29081261678000203
74649,0.45817544250499953
75735,0.5865687883900006
230793,0.39707684162000145
11832,0.6796711873600039
93736,0.47599884298499795
67500,-0.5470048967199981
215280,-0.20561220404999858
19703,-0.4746652960449955
16443,-0.30543881279998786
93692,0.4607228255000013
11648,0.46464296467500343
77864,0.6083654203300011
56484,0.4557129243050042
71522,0.5426943647099995
192187,0.53042120844
70435,0.23785346040000022
233280,0.5480313809200048
60534,-0.45573180221000076
71974,-0.31097964071499895
16195,-0.4870189808599976
14450,-0.7951599700649972
103742,-0.19217394635000318
74129,-0.5995649228449995
18601,-0.6135588723849983
170813,0.4258113553499996
338371,-0.29145215409998926
207393,0.6401293151550025
12334,-0.19312452754998688
66901,0.43628214545499944
12500,-0.22299471165000107
17762,0.8521508029950011
56075,-0.2615608025800009
230603,0.7533022203499975
69195,-0.4747734655550002
239447,0.5192563928049987
208177,0.5510231791000031
14525,0.49566453289999934
78757,0.28490329476000564
218476,0.4667854039400008
70645,0.728321001100003
71583,-0.5429431515699985
75659,0.45034005071500127
101206,-0.22788632147499222
20271,0.643918548630003
207565,-0.20872711569999325
215654,0.4783338811650024
110213,-0.15972835034999733
242506,-0.6588016635699994
68606,-0.23820427885999784
57080,0.3374296319550041
78658,-0.33800958674500325
219150,0.1925122657800049
67145,-0.23427727214999727
217337,-0.3073896541999961
228846,0.7610121318800003
18803,0.20486062472500244
233489,0.22295540110000722
237403,0.5548989149049999
105511,0.6311068991400024
29862,-0.5956485208099993
68897,-0.5475033857349985
18041,-0.5603205017599935
11540,-0.4742084684249992
76650,-0.21119818014999048
11769,-0.20179808304999902
21956,0.5696451031500023
230163,0.48479203888000066
107527,0.6148446970550041
54673,0.212732630200005
22427,0.5147272903600024
68209,-0.16224096164999402
218165,0.8009327921350047
319196,0.5654538399700044
320213,-0.40091665316000213
69870,-0.20657533927000138
235416,0.37253379646000084
70456,0.3546495371000056
320705,-0.43003263013999593
58170,0.4266371275600007
27419,-0.4068636271249968
11799,0.38453533182999955
55987,-0.6570383324150031
227937,0.41550326318999975
215001,-0.5189641815499986
17221,-0.5694224449099994
68465,-0.19647011894999444
14029,0.362721580310005
66106,0.5528836803800004
14228,0.27203697937000104
53381,-0.40768169561000533
215814,-0.20995840540999744
53897,0.6782856621450026
20669,0.48717815237500073
67112,-0.5033030779849996
12895,-0.5182485611900036
18095,0.6873382016250011
107932,0.2815677766000082
192185,-0.20565960127999539
192169,-0.25262963703999475
58176,0.49280508950999824
23805,0.43231460864000226
114229,0.5531900564300001
18011,-0.3015887891599984
216551,0.24488420676500056
228432,0.7125142925700021
228829,-0.3578642575799966
67671,-0.15763237239998418
66836,-0.1617075420499976
74202,0.5607642685099963
19762,0.6344834110649997
328424,0.7694425203849997
338369,0.5756564354050013
17686,-0.2728715168149982
208768,-0.3930834121199993
66884,-0.28249300197999716
19646,-0.18927249829999582
16980,0.9162659224200027
104080,0.5173613568400004
619310,0.6306608251500014
403171,0.7805952905900044
330192,-0.2074913518999928
240590,-0.42999265354499805
209630,-0.6334044934149983
69537,-0.20745495215999554
69926,0.4007889533300073
74450,-0.21307870872999501
80748,-0.19791197920000947
237988,0.5619626048700033
14787,0.5327089731650041
13123,0.42248317384000167
320100,-0.5961968408149989
67706,-0.2044653880900018
11922,0.5547431979500019
12111,0.8080787385500008
80720,0.41068013409000237
19229,-0.23484238104999378
328162,-0.22698597889499972
213541,0.19682760371000363
67341,0.6448865276000002
74359,0.6457413777150007
215031,0.71626446954
74187,-0.32621906182999894
239790,0.3369635708750014
21355,-0.2505876166500034
238247,-0.3183850538399948
231123,-0.23274510171499507
241520,0.41786907637500015
80749,0.45257549420500176
19687,-0.26376086230499673
223723,-0.4183666887000008
78753,0.48707876095500025
18938,-0.22614390699999554
72654,-0.15151075404999403
434402,0.20214787760001052
269344,-0.3605675066399989
244631,0.762356279100004
71960,0.5931268083300063
320040,0.677193486000002
69008,-0.23235700261499836
72114,0.6512220257900019
78309,0.5220459190750004
110253,0.32552495240000745
218629,-0.4702817994899968
66256,-0.22185797764500137
64918,0.6623481607400032
18426,0.7397338741400037
56378,-0.15646398389999483
22153,0.3140543504199993
59022,-0.18740794244998682
56350,-0.29814785107500086
13006,-0.36894170157999184
26407,-0.28181584623999534
56530,-0.2514281635599964
22344,-0.23487554714999703
16873,0.40717269977500203
18971,0.27041536912000375
16324,0.7887568541900016
21334,0.6875309769750011
21380,-0.37739856860499943
14344,0.5703422308699988
23887,0.44075390109000345
218215,-0.37374982381000077
11303,-0.4715703519649974
71519,-0.29689707609999694
17901,0.592255053445002
385674,-0.4980091957499959
192157,-0.29260253652499557
11772,-0.49826963457999174
51885,-0.25528513845000056
266632,0.5058470279750029
26972,0.6376364202150047
12677,-0.9109992608199997
195733,0.7849216014599998
19892,0.7060537161900009
21953,-0.28971374272999384
383563,-0.37611460483999526
71607,-0.1880411592499982
11941,0.6765141437249955
22782,-0.5534100972299996
66637,-0.29838076742999853
17101,0.4931063854100026
20383,-0.1717761340000017
13641,0.30720523190500426
104082,0.5309444882450025
635253,-0.527569600944997
241850,0.6005372605500003
21838,-0.321938556200001
66168,0.2795493612999955
69226,0.8271067567099997
12408,0.2536177656500058
12257,-0.17994331515000006
227615,-0.20483387452999935
71176,1.8014348976950019
436240,0.5271613475449981
74374,-0.4951891341000021
71685,0.514001004689999
16974,0.27453157449500587
19141,-0.25258461084999695
329581,0.5013142180850014
11670,0.2716689640500025
232286,0.24968592289000835
106298,0.20928073027499927
94044,-0.21302705652500187
69496,0.43877323849000316
22065,0.3737568394150008
76709,-0.25870264849999813
14686,-0.5164191046099997
19886,-0.680815342879999
19891,0.4596389563449961
56150,-0.3982763158049991
67534,-0.4901992766450016
319832,-0.5009251381749995
76014,-0.2530613167799949
216971,-0.5518970556849965
93734,0.8206100960000038
66549,-0.17375271084999078
68276,-0.7242812644649987
171508,-0.42522143758500075
67117,0.24760419499000008
76477,-0.9837567956849975
80912,-0.3397460302899944
104923,-0.24789157611499757
228866,1.223526575800002
98733,0.5149445701750022
16161,-0.45284372470999834
268288,-0.36325045259000266
219144,-0.5321815236799976
112403,-0.26193249808499885
232146,0.48747636704000197
23853,-0.27551053130000014
20970,-0.529969615939998
320717,-0.22774257484999794
14061,-0.5984490025399993
14559,0.7260242819199991
21951,0.592237248794997
210711,0.20422561450000565
231713,-0.8318517117749975
15285,0.4369013037950009
23986,-0.17420559398999735
14825,0.8703758865000015
333329,0.5184153201900035
66011,0.5849738048849997
94063,-0.3108341438499913
54367,-0.49247207403500326
73582,-0.5707284636400001
108017,0.5159435930450016
381293,0.7455751124400019
13107,-0.4997136419199997
15512,-0.5414998055649987
319924,-0.7741610150350029
73893,-0.4920428079550003
67071,0.418952340635002
432467,0.40018295939000303
272589,0.3455798380649977
93688,0.40471693802000264
114674,-0.9627256678349987
56707,0.7951660164850027
12766,-0.2396278193750021
320864,-0.6003641513149982
215641,0.6991557753750031
242297,0.5047318680350017
170779,0.4885368688649976
16440,-0.2624962015999923
226751,-0.5886466302649955
14571,0.7725604055600037
67158,-0.5455554191450016
52348,0.29866626432999865
216343,0.3165851767449994
102060,0.1834202179500064
18935,0.7532069753050012
72151,0.16651388621500018
94181,-0.21450692568999763
68770,-0.1707712341399965
67306,0.6330998073400007
111175,-0.6645505131949978
238384,-0.396516342375
75284,-0.2196366063099937
244198,0.37344952921499974
12623,0.5079670760750012
380780,0.3776363777700009
11736,-0.5763945552899976
233067,0.5241362425800009
433809,-0.3863650666000007
72585,0.4079360076100005
381990,-0.23873614827999212
211945,0.5395846355849998
228410,-0.4900669381849969
19739,0.46713664372499775
625249,-0.1991425082999907
217473,0.5285403511750033
18802,-0.2245135143999928
18003,-0.3206039715999971
214968,0.3700229361249985
216233,0.20906913142999883
56784,-0.361969861409996
67900,-0.4169573707850027
74468,0.5345324884900027
100088,-0.5587377110699956
74596,0.4052253890400017
75909,-0.17808946354999833
71998,-0.40971897208999764
235431,0.4644894946350009
331401,-0.42848466183999534
83770,0.6419703617550017
328401,0.49943223905999945
50524,1.9546004483100008
68588,0.3644202125400011
26397,0.2000365257099972
76411,-0.5742819823149978
18752,-0.38111394852000124
18216,0.4121050287650032
240119,0.5076135776300008
80796,0.6332080853300011
217212,0.627450250695003
319765,0.5738426332700008
74211,-0.3969989295300014
56736,0.28519836935000065
75406,-0.2076799376999965
12517,-0.25329577689999283
53867,0.5964171641599991
100504518,0.4708877833050007
12040,-0.4175631333000016
67235,-0.4593697555349969
75530,0.4879072922449996
59028,0.41211183739000035
17390,0.5218855558300017
116748,-0.2037148541499949
56199,0.2830077418049992
223726,0.5197230308549994
22156,-0.42077634746000125
12925,-0.22338011184999118
17916,-0.257270716330007
16779,0.5571750416649985
16649,-0.17602242475999752
629114,0.5814803378249982
212712,0.6537778983950018
114128,0.5960294702550017
66945,-0.23699180194999947
66626,-0.577565340125
19878,0.32123541657999954
68134,-0.333275326319999
171382,-0.494225100585
26549,0.4146543851850004
50789,-0.44705068139999504
72462,0.7024613174300072
11423,0.4768950057400012
72046,-0.565209115189993
19186,-0.16555877750000647
69072,-0.19084808004999942
53404,0.5026539778000014
56527,-0.602014795105001
234374,0.22141546240000132
20509,-0.6421493172149981
171283,0.39819176548
71770,0.4956080685150015
67976,-0.3056916753649972
11430,-0.1612513500750019
246727,0.5576393704700013
94175,0.4713318922600003
16423,-0.1565795457999961
19222,-0.4839943406649967
66897,-0.44084426635000273
435818,0.5209714827250025
66720,0.6997274457099989
17533,0.6957342240500006
234847,-0.1852645751999944
107351,-0.7614952981350003
20510,0.24894930617999966
329977,-0.40197026507500055
74201,0.31325239373500047
140740,-0.18230301952999906
211652,0.32059468651000245
74438,-0.5786512486949977
12964,0.5965153478150027
80288,-0.3267857827300009
214063,-0.7390675540699982
55988,-0.17350873509499998
19765,0.23273927230000524
11856,0.34209135104500454
75465,0.43590854029500203
28030,-0.28973547210999584
236915,-0.6998867729199993
69155,-0.45162995828999986
100678,-0.21388146902499905
216848,-0.2522589382999971
215512,0.3830463301000009
98417,-0.18264797945000666
18762,-0.6439969392900009
54648,0.713301243345001
264895,0.19290561961000385
57275,-0.5708465680699968
217303,-0.6880746485700011
67967,-0.2053139769549972
11975,0.23541078293999895
17427,0.3271099554599983
72948,-0.3180633716100001
67911,0.29370236590000065
107732,-0.18846853576499356
27883,-0.2297024661549969
78754,0.3573214904000017
14397,0.8216646819800006
98970,0.46108298723499797
21834,0.46523524715499986
66153,-0.43046481280499815
73503,0.4050606427399983
17256,-0.16776046728499772
234875,-0.20201235600000267
233199,0.4735690911950039
54366,-0.472744075619997
105847,-0.3301436875749948
26408,-0.407458950110005
72029,-0.4097506448599999
22041,-0.22326847620000123
432508,0.3315021166000003
380702,0.5408464378900035
382543,0.4830233917550002
67430,0.5522903376350023
108737,0.28830200482999935
80888,-0.5497582730550001
233900,-0.3521632096099996
408193,0.3832092148800017
102436,-0.4774702325049951
243616,-0.42805371083499955
78923,0.6471044840600015
66576,-0.14222617769999246
22642,-0.8048804191449994
11504,-0.2803827112049988
64295,-0.21834837560000153
210510,-0.66538828284
77772,-0.5089281515300002
225642,0.43179550164000124
67922,0.2346095933499992
17764,-0.4795843511349993
56716,-0.20303565603499507
21389,0.24652244554500236
226154,-0.4987570027249957
320145,-0.5359918409150035
75690,-0.5251784991249977
72774,-0.21216439477999494
67332,0.15538029410000398
19373,0.36116383565000065
319901,-0.4419317362950004
12041,-0.5809824551749951
14960,-0.25436691279999124
19047,-0.21057493689999163
18536,-0.4714889640150002
13179,-0.8584824677449987
207932,-0.43978698888499945
218341,0.40689278087499936
110920,-0.4843801333149935
68953,-0.14148383271499476
51960,0.759201831495004
232227,0.2532870738300037
70835,0.47530409292000186
64685,-0.21006176467500026
16658,-0.4665661210249983
244179,-0.4029746261349971
66151,0.19348846820000176
20211,0.43246833983000244
56513,-0.43537623970000006
229357,0.36379592254000226
19182,-0.18441127220000375
71761,0.6927138568600011
320609,0.40367810903500345
12780,-0.2765542578200022
22152,0.766038396219999
66494,-0.2103991651000019
74053,0.547228404600002
73910,0.21999852844000412
19122,0.4685358301900031
17535,-0.5189027826550001
75560,-0.2906140733749947
67285,0.46569878279500365
16593,0.2987742262600035
60510,0.35279152473999975
66425,-0.17031190299999466
15214,-0.5028385934599977
50997,0.5604978951850006
56637,0.24724848625000462
654795,0.2169603677000005
70530,0.5529488054250011
72090,0.3774059050300016
216565,0.3978747669649989
100163,-0.5634994882399997
12804,0.544795652495
75339,-0.2395618695449997
11810,-0.19874446969999937
474156,-0.2186762941299989
100727,0.4729137265500025
71733,-0.48437719690499836
73473,-0.3501200999199998
20623,-0.34887325162999794
66690,-0.4476547858749971
233204,-0.30941228301999857
11744,0.2387991514900083
234595,0.27152569197499865
66172,-0.18854769284999406
15373,0.43416912211500236
381582,-0.4005984627449992
66663,-0.19276335837500724
64385,0.8431806239100008
71994,-0.22141189166999808
11576,-0.18914420010999766
235169,-0.4470789256749974
216028,0.5482313219249995
243813,-0.2623286084749932
72433,-0.8626457808999977
244486,-0.5766498795199992
218756,0.23711757765000385
56407,-0.22691924154998944
16561,-0.448947838879997
70652,0.48669207533000103
72269,-0.6093537404449978
225876,0.25829832401000097
751865,0.29329230587499744
14084,-0.27775769692999663
15904,0.6115205645600019
109284,0.26512292839000295
170768,-0.1857783966800053
319758,-0.568255768610002
170458,0.603088613535002
77591,-0.38911693130499714
70186,-0.20413029062999577
12523,-0.1855931667649937
17939,-0.2229797608899977
624866,-0.3446549736149995
17025,0.4100054280549994
215772,0.47932370783000167
17912,-0.5836614140599985
19228,-1.055147977249998
29817,0.5241723532050013
67973,0.30519406583000563
320116,0.5069334846349998
54652,-0.3816154761250008
11694,-0.4461244284299992
94065,-0.19460159695999657
18791,0.7263598147200008
69125,-0.26198728928499726
12628,-0.5212651480400003
245671,0.4866283181850033
380629,-0.2207902913050006
628813,0.5121200927100036
20980,0.6354358617249982
110542,-0.5015439444850021
93696,-0.27147297117999614
319415,0.840924972685003
329972,0.35542731826999985
320271,-0.4814067329999956
231672,-0.5453741320249996
26940,-0.28577940699499393
76560,0.36091611233499865
11987,0.24586143337000088
18641,-0.6190639310349999
319909,0.8478722516500019
52668,0.3130144022000003
56018,-0.5178809752149993
67420,-0.45908240897999786
16565,-0.3104684613999886
12514,-0.26583628084999056
223978,0.2615102683100048
71988,0.4434888002900035
229714,0.4067807663599998
20399,-0.3116583139699962
20605,0.35392435761000085
68038,-0.343753042174999
83553,0.6499670498550003
19337,-0.4581148472499992
319504,-0.5742298745749981
18256,0.4188965669450013
26909,-0.5002655938349978
626359,0.3019425834800016
99375,0.44383010550000535
217140,-0.19908702781999565
50795,0.6020098581600006
83456,1.6591938589600037
15165,0.7425011293500008
110880,-0.5388495015349957
100042450,0.38262527137500024
269717,-0.21425394183999913
67023,-0.1894952853499987
54486,0.46503845988000236
12994,0.6251567564600045
15429,0.6730353122000019
72522,0.2586073961800075
319880,-0.27415942423999606
381695,-0.43868265968999864
18596,-0.4982801587599974
240697,0.5069678486000013
15526,-0.20587761439000118
66514,0.4605283716400015
93840,-0.4209923004249987
231646,0.6915885824150036
433899,-0.2708981134249986
386655,-0.4014363359300033
381884,0.44392829094000863
77446,-0.3440265043450017
227634,-0.2623603001000028
271127,0.4940195633400011
192212,0.4840152968000022
16777,0.7229362009300013
218543,0.27579633720000807
75345,-0.7806485755999981
71660,0.5132089375300009
80976,-0.33381069293499266
14853,-0.5064854200300015
12229,-0.1980144757050013
629873,-0.544109841154996
20274,0.42351188940000206
104079,0.49078638391500284
11778,-0.2372857091499867
75692,-0.24727197605500173
11450,0.9337352730800017
66966,-0.22799279567998987
67580,0.5896054500599979
12632,-0.4719079915799984
12335,0.22354112679499316
433940,-0.44026231400999993
433091,0.4845087517149995
66596,-0.20038300545999732
69090,-0.5260866356399969
24075,-0.18518591089999603
71972,0.6249855523100019
19194,0.5599632537099999
14977,-0.19132622659999932
17127,-0.5112249426299957
11998,0.4376787371900006
100043332,0.7202747925900006
108013,-0.32787155699999104
246316,0.36460223642500234
237010,0.31129650595499614
56373,0.3364767443650001
320311,0.40656730561999765
15109,0.4922506906099997
242891,0.4323841050050019
13842,0.4285259489550004
208898,0.36640591346499995
17395,0.43068415557999895
17536,-0.399047868939995
13803,0.20470888860000436
71807,0.2262835052150063
69032,0.3656391987699985
381677,-0.34746720375999907
329506,0.40360511311999936
14827,0.1628805720200024
320277,-0.4128859999399985
12326,-0.6095714714549958
232210,-0.23745391043000197
232086,0.4752893224300023
434377,0.4274594846600017
381510,0.3240167237200007
217333,-0.4585458274899974
20588,-0.33350460230000323
76138,-0.24556053865000038
67031,-0.6131865061749995
15360,0.5186441469450007
59091,0.6068718365000021
13032,-0.20600950640999116
11796,0.1573777164950041
55936,-0.2199958996999989
75338,0.5530672299699995
14104,0.42729303918000205
15486,-0.4789073825449961
72500,-0.28753925971999905
14343,0.4436222805900001
21346,-0.18433542589999874
68792,-0.41156676199999787
18634,-0.3481647002899999
76157,-0.3481647002899999
56878,-0.21498248770999417
18551,-0.56572877633499985
66676,-0.32452488949000013
19692,0.5690868176300015
73830,-0.1308474380999911
20732,0.4307027084750037
66911,-0.21345345334499832
269019,0.49247634683499886
64082,-0.3484571737199973
94187,0.5612863254600011
27217,0.5983937607600014
244650,-0.6590522028549968
333182,0.3043039842500015
320997,0.5135572987600026
27409,0.4373211098750027
224065,-0.7568209389699967
20387,-0.33162239157999895
230379,-0.5284182759999991
230125,0.3768227933000077
56726,0.21493932839999985
214505,-0.14409771904999857
18770,0.7970149776399991
58994,-0.2783041275249989
78373,-0.40327423570999876
17882,-0.9177910144949988
67666,-0.2545879823049999
54218,-0.20265965969998945
319767,0.519912981810001
102124,-0.659983979544994
56050,0.3198140738000008
74570,-0.49042064157999654
104112,-0.18104782839999878
208372,0.5638684463299999
21819,0.2527100958299986
67120,-0.44466530881500166
194126,0.3926389375700019
56057,0.5989364037349993
328833,0.21007664615999744
54324,-0.4353435515950004
67432,0.632658575389998
406221,0.4606368421500009
15976,0.20573603224999815
240084,-0.48987725705999896
12966,0.5190360069899995
230027,0.4860188571200026
76184,-0.4655667284899989
320078,-0.4020901881750003
78239,0.4673509329099992
15569,0.6131753101450022
72125,-0.5639300653049988
69890,-0.6083608084650036
235106,0.5213003518700012
406217,0.7033234777400019
14745,0.4080058572000014
11610,0.3221568431049997
19659,-0.5451673270599997
77305,-0.20541183071000013
18481,-0.5930366272099987
56433,-0.21432245783499937
74075,0.512750264330001
73703,0.49295911924999913
15562,-0.3311113231349987
109978,-0.28508643700000036
16672,1.5645657390900012
13482,-0.5438371613050021
28193,0.20675192415999888
51810,0.21727986920000397
13829,0.3486846247950073
234309,-0.44223817897499806
20512,0.5610457721350004
52202,-0.5878893976949993
19419,-0.20359375494499332
330369,0.4535743627000004
277203,-0.37300879195499625
226977,-0.6984097993200029
66988,-0.29217246361999294
11988,0.7248345858650018
171171,0.5361181438250009
208583,0.32995446337500045
668257,0.3958994370600011
67267,0.21121916835999954
67337,-0.20530499986999295
66148,-0.1895179236500013
66725,-0.23516434844999878
226641,-0.5020777087299999
22318,-0.27476827614999877
68291,-0.5655079927899971
80291,-0.27336753892499743
17286,0.46393236787500225
234396,0.489401626820003
13404,0.4945704331599998
233649,0.43254708208500325
170721,0.5214282374600012
105278,-0.3204471975799965
230025,0.4482398654650037
54634,0.66285136657
207781,-0.5028582566749984
68737,-0.3552415050799995
76281,-0.17193708724999013
16769,0.7298275255999993
16993,0.18701302950000454
66223,0.48978639635999777
71983,-0.5491137881200014
268935,-0.3783424299349991
243548,0.43813778210000054
29812,-0.16167502602999662
67213,-0.2006670132499977
69352,0.4866841864250038
27413,0.6967050514450008
53972,-0.8512097313399991
56289,-0.18737379420000444
67826,-0.17983435912999735
110446,-0.15655523408499228
98758,-0.20888768734999807
623474,0.5386005647849998
68988,-0.23341448203499837
67909,-0.40636810828000014
54188,-0.1728265620149969
74616,0.41967202047499974
213980,-0.6657723417399986
52679,0.4593711438700021
170833,0.39197277759499993
53890,-0.2799393187499941
227326,0.4766279232100037
68251,-0.15527603319998917
18044,-0.6503068700749983
228770,0.45292614164000167
26401,-0.19542447289999387
381038,-0.3123759165250002
58175,-0.33630063464999793
241226,0.597120952445001
233912,-0.2679806529599995
16419,0.1718353711500029
268980,0.32550210102999877
110196,-0.21617952853999434
228993,-0.37071376871999817
18193,-0.2545023877399988
11732,0.41363026432499694
22346,0.18217466401500104
14536,0.642863982250002
225638,0.3770517345150015
71862,-0.23295578411999873
67371,0.17789410283000073
101095,0.39477634229500147
71746,-0.6912581092000014
245650,0.4087332541949995
110115,0.4252855146099992
105245,-0.46580526309500225
208366,-0.33250190354499765
16822,0.2783968248100006
18779,0.5403890879850026
12346,0.41098420830000215
71389,-0.5913917393000006
332396,0.7970491601349985
234421,0.456757056605003
19055,-0.23153778818499937
79233,-0.6589218134349997
100383,0.30465633540001313
22044,0.6348083365000035
59289,0.40705403195999956
14058,0.2592404877500005
18750,0.20905594980000153
51902,-0.3823176162449995
17975,-0.1795280985499943
68652,0.1824864254600005
15413,0.4359061617350011
69310,1.7790665473800038
77938,-0.22034619400000466
20392,-0.3207488391049944
99543,0.3343793418250032
11761,0.387117913025
20266,0.47585508177500113
233189,-0.5005376952449998
57749,0.39259523170500055
12794,0.25544267564500256
233781,-0.23499783419500098
227231,0.43693313700000225
20737,-0.22271337139999758
20527,0.1770743282499989
20200,0.234676504600003
208169,0.7279923880499983
16416,0.2625166893000035
216725,-0.6133385871300003
66538,0.14483002012000235
269831,0.5123442195550014
228869,-0.1673708819999966
57340,0.42779935876500064
75777,0.5382784827150031
12511,-0.19207104869999192
192159,-0.28621300844999453
81906,-0.5729260070449982
78709,0.6892321854500043
99712,-0.19259416037000143
66905,-0.2069401282799994
106347,-0.5666575148600019
70603,-0.3814420926599933
210925,0.1857004848100008
232889,0.6658347793400008
22190,-0.2751717525999915
13038,-0.6497953693249983
60363,0.40457618472000334
18755,-0.3872998598799944
270162,0.5909069978900021
56469,-0.3403548907899978
433256,-0.2515364745799946
69009,-0.2051852833500032
18676,-0.40541279656499896
242126,-0.5649118053999951
60406,-0.45454647970499895
26562,-0.38693681568000393
214931,0.4197363278149986
547253,-0.2447626645200014
11468,-0.35414445319499777
382018,0.5362654324000022
17385,-0.4827585411099955
76846,-0.14338618399999348
67868,-0.5261897951550036
13853,0.5164295877400007
18131,0.32520555718000255
22439,-0.5067033333699991
230908,-0.1912594320499892
108800,0.5876791978349996
69368,-0.28442365339998865
70544,-0.22951907521499848
242939,0.4339220697550026
56496,-0.5979291400900006
78323,-0.3230293388149974
15184,0.14055523735000186
20614,0.2960786623000011
72668,0.39705098617000134
225131,-0.20237267165999562
56379,-0.646521087304996
269152,-0.3679573107349978
23945,-0.6275487752999949
66717,0.47602975595000174
58869,-0.3216105467999979
230899,0.2387922287900004
106931,0.5009924100399985
434232,0.5568246565549968
76615,-0.44375031562499867
17775,0.17487211315000728
72590,-0.3199687879299997
230597,-0.41462460595499806
101613,-0.49074609404999947
24111,0.3757403421049976
73344,0.3497380464349993
66355,-0.25456162903499724
231830,0.562996308715003
110826,-0.1279815561999964
229700,-0.38727658483999594
229725,-0.17265919351000036
16992,-0.2398382136599979
60504,-0.23793607277499085
74102,0.5043155053750015
50878,0.7623371404300032
74137,-0.3159400610450005
12192,-0.17468005134999665
235631,-0.3708189529450028
210757,0.300398572235002
73991,-0.34541347640499787
53893,0.19342678739999286
56208,0.30944405840000044
67059,-0.23430769118000327
118445,-0.6061908059349967
58521,0.16386571065000588
20306,0.3682704492300011
231329,-0.3838843050899996
546519,0.45405752592500104
69706,0.420690589044999
67133,0.5439210563250017
81877,-0.797426344584995
54426,-0.45211442249499845
11304,0.47678350466999975
27057,0.1698010974000006
268534,0.37182163704000315
16784,0.18284274373000287
246313,0.4920824970850024
56309,-0.54957580555
21828,0.46862418461499944
381373,0.47677695366999995
50760,-0.3853249539599979
68611,-0.25370104778999547
69217,0.6449364433299989
230576,0.27563352894000337
223827,-0.21481798195999957
55944,-0.18070450459999243
20296,0.289436567050001
240322,0.26337914354999903
67912,-0.24769355334999776
12307,0.4963389527499995
235636,0.5092011384150013
237934,0.5720873701200024
23893,0.7417128344150021
26378,-0.35763803530999816
18510,0.5157305165100015
68859,0.46404930696499846
68556,-0.18096242861499334
228876,0.4246600178000022
77647,-0.1878576464699968
218630,0.4645876221700016
211712,0.5743085131100001
13034,0.3346922505500025
11480,-0.5119162032249998
227399,-0.6546945382299958
71984,0.3873667319550007
230162,0.24517639890000087
14412,0.6202465909000017
338417,0.38341478998499934
218763,0.5752465606100037
21351,0.13150936709998717
237806,0.5939965908449993
71835,0.40962705761500295
270097,0.6314573038000009
77782,0.43743523472000145
23938,-0.19653089314000738
66645,-0.6498722967999999
22420,0.6769500293150035
11541,-0.26983724009500065
66121,-0.18626947245000025
217707,-0.18323859334499737
100177,-0.46943522559999806
56742,0.48032818227000185
66701,0.26719172550000536
53601,-0.4013710060399993
100040591,-0.46245219430999907
230082,-0.3935137335499963
320873,0.3517544073050014
116939,0.5977837418349994
17927,0.4267979231700032
72477,-0.38793110948499976
116905,-0.3132487024249988
246257,-0.3132487024249988
57253,0.7991765772300008
69554,0.22320306508499765
19247,-0.14286529599999298
56221,0.6322517458700014
15353,-0.1652990692499987
18227,0.5996893733100013
22269,0.41393773925500366
216393,-0.7976883488500013
70160,-0.16585847824999433
237716,0.6223543481800036
277010,0.3495770592850036
241134,0.47855146802000004
15425,0.4793091932250002
210126,-0.5594733896199964
16159,0.7148969930599982
16574,-0.4479923521699991
628100,0.3491520728949995
18624,0.2957555978500075
71837,0.3612179370549997
66748,0.5627138271549996
77744,0.6898270010250016
246709,0.28653189721000194
77018,-0.5975864600549992
229665,0.33653998471999724
98682,0.22755673713499824
229706,0.6098324989299999
17188,0.5675599436800018
16664,-0.5168861521249974
66262,-0.48160823498000216
69556,-0.1877950322399986
13478,-0.1775565657749958
209200,0.27670153934499986
14156,-0.23135214527499848
69539,-0.655944349784999
56349,-0.4383222047299995
66279,-0.5003793683200017
23807,-0.16674221805000222
12039,-0.15443645732000277
235339,-0.5454801828199987
66401,-0.5382537899349984
30936,-0.2955682506099979
109151,0.49533643585500897
22670,0.15386113459999606
67039,-0.1914497514949982
83669,-0.3696820903600013
620235,0.4344549213449991
67771,-0.1769050691499956
56720,0.5200557972300008
20513,-0.39649060144999737
228911,-0.5811566270349977
67525,0.4862048416900002
64144,-0.2794889457649967
677296,0.3860986317750017
19729,-0.23756956175000177
12846,0.1443281272999979
56195,-0.5013202635849936
239038,0.6819654089100053
94089,0.2932971576100023
54399,-0.2059964345499985
107747,0.35960755962499924
58233,0.34900634960000154
77011,0.6919688164299997
70127,0.4669757650000004
13481,-0.14862379408499038
58523,-0.2594308462799937
14738,0.2638126497200002
70591,-0.3073928356649982
213988,0.3970136506449986
140723,0.426702627740001
18171,-0.36990983998500004
12057,0.5954645466149984
81703,-0.3925963486949975
71774,0.4414675354100037
69024,0.36127362029999865
12577,-0.5216503089600018
269356,-0.5310011674499959
70998,-0.5456597384899995
15213,0.43534876111499976
109689,0.16912383025001
101809,0.47653842245000133
27399,-0.15277829450999647
72325,-0.19069885055499824
16524,-0.2761912051899982
237073,-0.45309275615500155
108682,-0.29232293875000037
108052,0.23005176123999682
233799,0.6190185391800016
19152,0.4131223415850016
218314,0.2742724690800067
26441,0.1597140808100015
214444,0.27645866401500374
23849,-0.16655923529999228
207818,-0.20463652760499507
237940,-0.2434973016000015
72674,-0.1649991851999939
71951,0.6069043219000019
94216,0.26862254397499896
382111,-1.3908397263000003
104721,-0.17783811655500337
214162,-0.41537749898999987
30059,-0.16763805958999534
23900,-0.19184407374999246
64934,-0.36744965042500244
23808,-0.23132231094999334
17859,-0.34813193800999853
52331,-0.5237178165450018
12768,0.5468158191950012
231134,0.3980980233299998
319930,0.42685765964500355
98404,-0.30993080211499446
76857,-0.39499714205000114
54710,0.41733552184499967
16909,0.18803883510000574
66973,-0.18493999364999958
11876,0.39049583410000466
209011,-0.21315698130000094
66072,-0.17683549144999589
268721,-0.21271340421999696
240442,0.46199820937500036
97884,-0.25399746347499885
53376,0.4092940605600006
17909,0.30903965379000153
66320,-0.15752638599999358
21411,-0.21034839394999594
414084,-0.4790782583200004
13072,0.4746191718600006
70673,0.5941747994900011
14840,0.44173148579500054
268741,-0.34747743099999795
192160,-0.1919725579999927
68332,-0.19837727334000022
71916,-0.4577811510900025
66163,-0.15298566000000058
75456,0.48018789799500095
68799,-0.538871019364997
101994,-0.44485294643499884
193003,0.37923126453999956
233328,0.2815570630000028
99571,-0.34553863984499955
230909,0.5320698760600013
327814,-0.41472103435999585
56190,0.40072145513000024
20962,0.4175642993150017
12361,-0.3323731663549987
17085,-0.6323614126450021
22320,-0.15397637935000397
15426,-0.4510707742599984
13206,-0.703553788929999
408198,0.4359450938100018
209558,0.35878128306500034
67345,-0.16921185724999788
241514,-0.35851197203999785
270084,0.43433162292000116
107733,-0.17706155436000337
71458,0.1802133500400025
101488,0.7557550626950005
100502876,0.5707453516099985
21807,-0.1732977259999977
216080,0.5138518664750018
191578,0.3400333350849989
17888,0.3874102700799993
67619,-0.5666030115149976
72947,-0.5105867423299983
19192,0.389793358815
226101,-0.36403445954999913
77853,-0.3430957019300038
20844,-0.33471957606000036
107817,0.2550609419250005
218952,0.4296484362700026
66861,-0.15153179112999737
70362,0.5055270048200007
71313,0.4657238674850017
26903,0.4374017970950028
16923,-0.19933553933000248
76187,0.33694851359999856
217364,-0.2623476933549984
620779,0.32485973104999966
60530,0.382871624315003
207683,0.5497833892250021
52055,0.29911833092999984
18769,-0.1813785851499894
21987,0.285042167274999
243923,-0.5420884516199989
71764,0.6404833839350061
272381,0.6843516982299995
59310,0.4267115358200013
54670,0.4703804871000026
333424,0.4147789091300007
100978,0.6005964963750028
228983,-0.2276076610000004
16336,-0.6851941800600008
22772,-1.1348925579700007
170439,-0.29083998675499334
73122,0.5005907572950017
56427,-0.2551029613850009
71667,0.18853365294999946
26429,0.49270385571500164
52686,-0.40046141567999705
75604,0.28703031631000364
19946,0.206999915744996
83965,0.6975332994100016
21677,-0.42819906775000316
67222,-0.4372896414449974
18566,0.48815515782500096
104271,-0.6203320817199987
320484,0.21784392308500422
13998,0.5919437466200002
21427,-0.33472018922499824
216869,0.1494787565800042
17203,-0.42790200654499966
67046,0.5964622796150003
73826,-0.18123732880000354
104601,0.5857569608349982
71354,0.5434300790200015
226123,-0.48166615942000046
56749,-0.18177628530499668
26462,0.3618066416500021
74571,1.2014713947600049
73261,-0.28256335826000356
11434,0.40724460460000245
26400,-0.3842581218249981
77626,0.21776162534500365
404194,-0.3753936575199992
244585,-0.31306214218499573
104625,-0.16467098920000112
171395,0.5453878618549997
53872,-0.4524592751999972
71279,0.5676912760450028
100647,0.6082296511000043
17184,0.20435012083000004
622117,-0.33424814095000066
20518,0.4154459101300003
14262,0.3544829279599977
76448,0.2279208763899998
14457,0.27015166909999966
69136,0.23122026837000043
108912,0.398824477015002
170765,0.3317762442650012
68642,-0.21749025615499828
241989,0.3128582479650017
329207,0.6429645576599996
20204,0.43510586184500033
26918,-0.4553525688200022
235610,-0.12294596470000307
75986,0.4621251316600006
69190,-0.4610974056449981
216274,0.3465953831850035
231997,-0.3746009109149977
76947,0.29425038051500163
50770,0.20509311790999973
74008,0.342563997560001
75599,0.24020990425000477
381338,-0.4571067331150007
11656,0.11755446989999996
69568,-0.2673000288300029
235504,0.24815705610001437
12845,-0.39916429835499967
215627,-0.4209909002249992
67821,0.47411463359500283
29857,0.3628249169150024
16199,-0.49432981651500185
22380,-0.43867841100000415
241769,-0.37757456431499925
108654,0.4038378520450001
18105,-0.24794230277499807
16433,0.4679002488499995
76574,0.5450184779100011
224111,0.36677533651500127
100009600,0.22443694872000464
14178,0.3948607186299986
67812,-0.4709759381299987
52615,-0.17240690091500355
12842,-0.9187863740849966
74132,-0.13854710755
433702,-0.4418925941149974
329064,0.42428309270500186
15451,-0.3225223604549994
67305,0.3110316084600018
211978,-0.4982886509949962
12028,-0.15198227239999085
14348,0.4196660027049983
30944,-0.41364139950499634
231605,0.5072985599250002
66140,-0.5427517856149997
15516,-0.19044629510000455
231532,0.6125067869199992
66091,-0.12101991969999659
18583,-0.26344805180000463
330817,-0.14523136612999288
83558,0.3935256981550017
73728,0.38101098024000635
232816,0.12060477600000397
12789,0.3095903783050016
72736,-0.32090106051499934
94186,-0.24034103326500222
67753,0.4201200674950014
664799,0.34766180196000285
30946,0.2560672125700032
12556,0.395638438555002
268490,0.17929957350000691
217154,-0.40875368682999547
14628,-0.13633975106999507
212326,-0.33021920453999876
12960,0.36151578000000395
73569,0.5815661179550005
194974,0.45097585739000046
317750,0.4661967700700007
71782,0.5589721681750035
26895,-0.38937864764000096
12592,-0.4783859729999995
277743,0.44697662185500286
83702,0.607091687640001
78004,-0.4042817125649978
17261,0.14394571070000417
231279,-0.3866333555599981
17977,0.2231831014350032
228576,0.7293962495100001
70296,-0.38226413186499375
22775,-0.32864217317000133
217325,-0.2342413567249908
118446,0.333890396614998
66400,-0.18704298065000202
20520,-0.3797260147349979
233276,0.4705413776149978
109685,-0.339372429055
67529,0.1936298235500029
211499,-0.3221412100700043
381359,0.4962479057050011
50788,-0.22192720670999666
104110,0.5730216783250004
66447,0.47034385527500255
18102,0.1853357933499975
71864,0.5760657755450023
228994,-0.13757133605000327
210808,-0.3693698395299978
116732,-0.3693021329950006
17968,0.3390809176800005
67667,0.21303661802499896
12653,0.31992112037999876
66073,-0.18749888139499582
227606,-0.22477904432000084
106068,0.24545738311500642
211586,0.28582467020000024
16772,0.3271594265249971
22030,-0.15275403895000395
232717,0.23452978160000004
13047,0.25621946780000115
231290,-0.4278169462100001
69187,0.1640397131700002
671535,-0.1642011217999979
16202,-0.15001122410000356
77097,-0.23130123498499966
16450,-0.5158464433099996
320696,0.7714009697150015
11554,0.422706518894997
101502,-0.21362679247499727
16897,0.3209717886850023
11931,-0.17609076454999872
11431,0.34083726095000166
67938,-0.16237708260000083
74734,0.3160449557699998
66977,0.6444981405850019
18114,0.19762088510000808
233335,0.27266216155499867
21452,0.18839005206500659
228731,0.6488690631050016
105653,-0.4296869667299994
71078,-0.42041915223499826
12319,-0.3224224464849965
230917,-0.3781102960100009
28064,-0.14165474320999394
75617,0.47198584794000276
68015,-0.3895950836700006
73274,0.22965513790000358
12738,0.6303239014649993
13723,-0.17156127868999427
50724,-0.1496772766500012
17898,-0.8373484736700019
26356,-0.13493475494999885
68968,0.33466080127000275
14570,-0.37897139400499924
16523,-0.4783760117599982
17896,-0.18029906471499935
241322,-0.3312784691200026
56722,0.17478845445000424
73010,0.6376216779800004
114712,-0.57548442048
66177,0.12562768024999826
69162,-0.3873435234449971
83964,0.49674701824500156
216456,-0.38514438035500076
29808,0.3616414004900017
66935,0.4264464539000059
268345,0.4017442459250016
26908,0.5242309772849998
68565,-0.17584126345500017
654812,0.443186169520001
72747,-0.3690147500399945
67845,0.27602323329999834
317755,0.6714800363799998
93686,0.6598232475900003
20264,0.6087754480050016
219105,0.1305972705499947
16661,-0.42044674489499956
192197,0.29869595942500027
69384,0.40281904582000205
434484,-0.19298754972000154
387353,0.39891487141500104
66365,-0.3398536984550047
12465,-0.15074856105000123
54169,-0.3677374336700039
16651,-0.5971627044700005
15932,0.2511814020000074
14607,-0.4583490235699985
64296,-0.21246256932999685
380705,0.36897861612499927
66433,0.15123010155000394
66848,-0.506820993809999
244864,0.34030356059000333
16068,-0.16398177978999406
75212,-0.16398177978999406
320027,-0.38838784277999894
20480,0.16035594667000197
16764,0.35598657555000024
226922,-0.3772482132199997
140546,-0.38092456286499843
170461,0.42457147266999806
225362,0.27482816300499824
13492,0.29629294511000115
24136,-0.235954473665001
228775,-0.5158292189949982
17681,0.6560655865899996
15387,-0.1547849015999958
12892,-0.5389291846450002
98910,-0.45902679601499674
56274,0.3494255138
23923,0.5291604496350004
68524,0.19697377806500782
66377,-0.15496505754999212
14221,0.5883928829749987
16792,0.14863610555000228
245688,-0.17517196127999313
233908,-0.32757793896499976
22110,0.2147006912500018
239273,-0.273852193709998
626834,0.3519785532050008
224045,-0.22632813702999588
13871,0.19376003095501027
381107,0.586529655455001
26425,-0.1627674034999984
621976,-0.4727307620399994
266620,0.33737456248500397
13680,0.40426000368000103
230098,0.33136628461500095
211482,0.44497056894000453
327954,0.605681548505002
71750,-0.15382310695499868
65967,-0.26722453155999837
16667,-0.4081922063200025
19401,-0.16460609860000908
76308,-0.11773157620000241
225908,-0.6114552917700005
18786,-0.3585903866300004
78656,-0.6463862589149993
382034,-0.417556869080002
170725,-0.43084412927999827
56174,-0.5274504515850014
30045,-0.21866916082500243
68420,0.17500655363000384
58875,0.13368763079499857
217369,0.5123697730450028
268417,-0.20504738464500427
20377,0.8525080140649992
12751,-0.42714098149999646
26912,0.4976922998050002
75173,0.639282570315002
56214,-0.19178298504999702
226115,0.5282610734899995
117591,-0.42713894644000394
14187,0.2722063270000037
12393,0.443984607430004
56449,0.1490167978999981
22658,0.4141852291750032
280287,-0.35452491560499944
546336,0.3715877679550026
70701,-0.4543134614350022
74352,-0.25751854228999704
77264,-0.49507424474000317
14531,0.45958046201500125
105722,0.32657713842499714
13363,0.3236169457100022
15168,0.6279655153300006
11806,0.22788614252000228
60365,0.1614304528300039
23871,0.21706901570001058
433638,-0.17068606333500114
83396,-0.4009909402049967
67860,-0.3773324805650011
629754,0.474126478660001
15465,-0.41954394333499767
50492,-0.4679501456650015
272465,-0.48707973580000097
67041,0.1573470945499995
170743,-0.3194549468700014
208624,0.32732175527500473
57743,-0.3425773382649986
228608,0.19798322320000672
66878,0.23546442000000134
21432,0.40980170975499997
17995,-0.14988413065000472
13831,-0.2723972614349961
195333,-0.41873960310000147
230235,0.5156705183400021
70950,0.3329699931800012
76654,0.3609350100950013
22134,-0.1381754445499972
52014,-0.162202031289997
226518,0.7082963210749984
15194,-0.19095950097499426
18301,-0.15670454994999794
22589,-0.42949633156999667
15985,-0.29620309149999713
66242,-0.16774861154999243
20319,0.39384362065500245
15442,-0.15880147879998852
66691,0.23975179056500195
229003,-0.2715792880499972
12578,-0.35935178873000106
68440,0.21638274815500758
238564,0.4300750264950013
11964,0.1760921642300044
211936,-0.3786733377349969
54152,-0.1878695944249955
109889,0.39311956960500094
231668,-0.6789415886800008
59092,0.25267324164500504
231380,-0.4360824137449981
72823,0.29643768323000064
110075,0.5216505532949998
503847,0.36624222456000277
100763,-0.3424436996300022
218232,-0.360716734589996
434756,0.3847404625300004
67675,-0.14001695285000082
23963,0.5178054420899993
20926,0.1595283183000049
69543,0.403432795225001
14545,0.3719317457700022
74741,0.476379908780002
58522,-0.3111677526349985
73739,-0.4029324321799983
20823,0.1221674654500049
13356,-0.21623931938500185
75553,-0.13267104885999892
224671,0.3034542777900029
232879,0.2262346213450055
239393,-0.29432568668499925
23965,0.43396187052500057
225579,-0.3186380485799991
72171,0.545079509665003
210297,0.4264478026450007
18602,0.27499668860500215
230872,-0.5998559153949987
108011,-0.40570670255999675
14828,-0.12649873270000356
20358,0.4148131238650006
74043,-0.218087545599996
16848,-0.28605710347999747
18174,-0.294098582449994
78767,0.3957544912700022
14567,0.20748984041500051
71130,0.3280147653849994
213211,-0.23902405935999482
68977,-0.21891442372499803
12181,0.18589995820000205
338367,0.37336579746000353
66522,-0.39895719196999835
108079,0.3659187834800015
83429,-0.2541790093599987
320981,0.4638950328000009
12176,-0.25594249097499855
66070,0.13050739240000553
66614,0.16624918226500007
105504,-0.15571972402999812
56727,0.3511638253050018
71566,0.42659634053999973
72843,-0.3985425983449993
664805,-0.37816324657499933
74480,-0.30808343231500146
269109,0.46405295453500184
16447,-0.26860031146499974
20316,-0.13514615045000333
338346,0.5453786963100034
243537,-0.2557668759900005
12590,0.43932119672000125
19157,-0.13985447069999424
384763,-0.4303378355399978
17532,-0.32517075745999957
29864,0.21458959959999824
67993,0.29119296214000245
234725,0.5761931105300016
19699,0.25464044941500097
330836,-0.3716877689999958
18150,-0.3187500156550005
330962,0.3456631818350022
545136,0.549393873545001
13430,-0.18383783889999172
67726,-0.12438697359999829
330267,0.808008578995004
16979,0.40305434023000064
50917,0.22308953800000886
245527,0.5495056863500003
17183,-0.4478191405049987
78926,-0.16842870265000442
243961,0.31023496748500445
78444,-0.38020808044500276
227197,-0.15617527562000078
240873,0.29019379980999904
74477,-0.19195251784499767
76405,0.4770508819750008
239435,0.5459042966400003
14912,0.5094577659300019
75497,-0.37433693743000074
19272,0.48905897351999883
105501,0.2473317637000001
76742,0.20143996654999974
242109,0.4165253302200016
18799,-0.6817510946499992
317653,-0.3239843055900016
75512,0.3374937853150026
235599,0.35805385055500016
71169,0.38943097511000335
623046,0.4844260003800023
110082,0.39987086614000056
71670,0.37650603670999994
140559,-0.41040423558499395
69161,-0.15246672675499973
18784,0.5214521177700009
14067,0.18256045375000163
140709,0.6816027437100018
12288,0.42335737857500133
14711,-0.42589313506999815
74120,-0.15026563644999946
76484,-0.32479060955499683
76132,0.38111748356000286
12144,-0.5197213600599975
12287,0.5048907132299996
208171,-0.2569171660300018
22365,-0.38073698344499807
386649,-0.1441580609499944
50787,-0.3547655383699988
68475,-0.1844311073900009
667118,-0.15331503690000226
70579,-0.15331503690000226
15233,-0.724124079010001
14464,0.3062700345400007
94218,0.1559790525000011
70008,0.5500438886050034
20185,0.27664703287999615
233549,0.46157191198000147
76561,-0.29799980056500086
11532,0.36371931113499834
72431,-0.34156354435500047
55961,0.5110114664350003
234729,-0.5506476209149982
67164,-0.7293533725700012
58200,-0.5381540265149978
110147,-0.17802404274999795
68678,0.496149027585
269800,0.3596280686100046
16833,-0.4294447832900019
102371,-0.43647299548999774
216965,-0.15726514599999497
229658,0.3993979457600112
16449,0.37929350416000185
12856,0.42924104173000055
26412,-0.20100842116499784
381337,0.18591558133499753
53356,-0.1563275599999958
94280,0.15181870885000315
18032,-0.45285407562000035
67298,-0.3404629101549972
237313,0.44883943937500126
23936,0.18574060483499544
16196,0.4069936210500007
170759,-0.16735307132998756
207921,-0.4553686154900003
68975,-0.40279280934000017
79044,-0.14274327004999954
320679,0.3822668848649995
239337,-0.48435241382499994
19208,0.6781992986150014
100900,0.21962960760000527
20405,-0.1638909166649949
209361,-0.2189567152049996
13207,-0.15490942019999565
70881,0.4240191046800037
278795,-0.36428615744999915
16693,0.33885561214499926
234699,-0.18364049094500778
100038347,-0.23526094516999496
214779,-0.4067094655350014
58185,0.25239999160000437
12005,-0.20625144101499693
16006,0.26003051733000104
238271,-0.659732210189997
71816,0.3549306755149999
237759,-0.3995433225499996
67138,0.32934534822499817
218236,-0.4186403012899964
272411,0.36243579954000094
67151,0.23299716906000167
386611,-0.3850582871950019
109270,0.14760229954500126
18390,0.19816100550000115
69270,-0.4192833397450002
100503185,-0.3470023654400012
56294,-0.408906326374999
94221,-0.15452223687499966
73467,0.2982042109449985
320506,-0.4350236679199977
74711,-0.3493513214650017
76967,-0.2801921273900003
56709,0.2662918762899995
231571,-0.2022849214600022
109168,0.26883452130500185
66330,0.24011986637000327
110957,0.5372534929299992
211798,0.4005507311999983
226419,0.47028221575000106
68666,0.26200336326499984
18126,0.2180817235150041
67429,-0.3364451631200014
18223,0.6422747813250025
97031,-0.8367123139149983
70325,-0.5496245573499996
56191,0.33534502933500043
77683,-0.2575218942499937
68184,-0.2786023544299967
240518,0.37288607828000053
20230,-0.2614813689999895
19227,0.4466006979150028
622665,0.2917645661150017
11671,-0.5031935692899951
76788,-0.21419121326999857
233315,-0.4576303467450007
12709,-0.29114284245999666
27218,0.19223238251999852
68509,0.46714308830999984
74251,0.23426793859999862
231932,-0.15452621234999686
211961,0.3911071117400011
72017,-0.4261925955549941
83766,-0.6470204567199991
27403,0.1364570158000067
231147,-0.33960754638499946
19184,0.16959306701000187
234582,-0.2563511147250015
494504,0.4268172611050036
67917,-0.3900299729999963
268567,0.13501205800000804
242667,0.32725360798000125
30948,0.14860276165000208
170787,-0.1800121033199975
29810,-0.29760063921000146
12818,0.5296436770400019
80718,-0.19858654406998788
66374,-0.3087963984250006
26357,-0.21598437655999891
66875,0.3402470051850077
66500,-0.2693015331749926
108755,-0.18138535846000003
12483,0.16485437746000287
17884,0.6444027619299986
214254,-0.2668110069999985
14366,-0.39689439172999474
12209,-0.5263286038899992
54561,-0.689274952204999
75770,-0.4475444557849988
12173,-0.512454707059999
12978,0.17675987940000937
81879,0.6243627577449997
75400,-0.38645798193500003
11421,0.29284645742000137
14378,0.35685491748000064
18648,-0.1751825936999989
21379,-0.14317509157000075
108105,-0.2325321746050033
70461,-0.3511397110549961
216964,-0.15415157482999753
66098,-0.24380878570999887
98432,-0.2879127796350005
15458,0.48749280326000166
74781,0.2081053740050045
18534,0.4492189318900017
20257,-0.3549634731250011
69137,-0.32105770743999695
13026,0.15441327711000064
234788,0.4221353288000014
57254,-0.2717345703449996
330820,0.4867098293299996
320790,-0.23923400515000282
18826,0.1984005854499955
229512,0.13969742973000088
75477,0.529682125655
96957,-0.3379139148499961
22678,0.3920595931000004
67991,0.19780240336500654
20338,-0.3581133504300009
75691,0.4783275538700007
66673,0.7167728637600019
230657,0.44498015020000103
381979,-0.5275481607250017
13864,-0.17294400237499374
56228,0.16021084062000845
214597,-0.133235126349998
66716,-0.28800741793499673
18626,-0.27357717003000026
14309,0.32143339304000085
142688,-0.1598946326599915
14107,1.2427216147000006
15239,-0.17692246089999308
170789,0.2535275199999987
57279,-0.31542264949999765
105351,-0.31432709569499817
71375,0.10523460460000678
21990,0.10523460460000678
12873,0.4249696264200029
11636,0.3300274843149982
17687,-0.22989859053999684
67628,0.11833690485000048
52132,-0.29494818335999895
30839,0.1532787327499996
20587,-0.2155652760699951
63993,0.45569127319000247
13857,0.18102373609000288
54130,-0.16638699869999662
104069,0.3816379342400005
58250,-0.4562468764500034
21942,0.2881094774300017
13663,-0.7339994650700037
13549,0.16768497503000468
14113,0.16768497503000468
94184,0.25456324422000165
227632,0.48740508624500123
56365,-0.4064566585099998
23984,0.3959968864299994
16559,0.26927183281000033
11522,-0.4672530985749983
27279,-0.3110343131299942
433904,-0.31024740093500025
208449,-0.31936642727500164
319998,0.2361002865300037
22754,-0.28170098251500164
270120,0.7975654840000006
56030,-0.2368047279949934
15433,0.45870210604000095
381546,0.3338713136949991
20464,0.3712094898900018
75642,0.3205274106349991
233890,0.6601898144749967
217119,-0.18430087917999316
76687,-0.1785630971249983
20186,0.4108941661399994
243371,-0.21978448010499996
108124,0.18346720640000846
52036,-0.27782904006999587
330355,-0.28654606932999993
550619,-0.295388013360002
58240,-0.49418929548999824
108660,-0.11060584804999252
338359,-0.30292660726499765
14609,0.22003755056000118
237958,-0.31041604644499987
54393,-0.401880194389999
243653,0.26943454827499913
22773,-0.40081011690999624
26875,0.2207374578649972
12286,0.3380554363949999
14719,-0.19195041788499267
442801,0.25610522807500047
12815,-0.47733021883999704
213236,-0.217814831220001
27410,-0.14034135562998706
93890,0.552941219635001
19072,-0.18398942978499822
71164,0.3745976355649976
72401,0.4816751436600013
240816,0.3919905928149996
18985,-0.19759056064999925
54214,-0.1771006509650057
109821,0.639546471315001
545156,-0.1575855732399969
170790,-0.3609544916299976
14793,-0.4262891110599982
332934,-0.3375813481099974
84112,0.4265844856599994
101869,-0.16670265163000053
77975,-0.12537681080000418
333639,-0.29431445521999766
104015,-0.15129853976499597
240916,-0.6436216680549989
75430,0.2634941834650002
208908,-0.31655262619999824
16997,0.30581779642500617
66411,-0.17319529774500353
73090,0.6452087027700002
330474,-0.2897626587199973
225187,-0.3834047310949993
16165,0.4520881090700022
229759,0.5908441106100004
105243,0.3542301067650011
73174,-0.20057682305999336
229323,-0.16964360600499795
210172,0.5530265087049999
329421,0.25275276478500786
23886,-0.3362210306200004
208076,-0.31231074304999673
54635,0.4122437658600022
18088,0.3466415885050065
353344,-0.32966133129000097
319478,0.5297647613150049
55925,0.5559724170500022
15218,0.4955323973000003
353190,-0.31732447654500184
20853,-0.37828689669500104
194401,-0.3892141315199993
244484,0.27584051574000146
242662,-0.36582364942000023
73296,-0.37242408395499726
170745,-0.49936534636000207
319601,-0.25028218360999865
54326,-0.30116602405999915
208638,-0.11534076989999775
66170,-0.13852174687499996
69519,-0.25166732746999987
66179,-0.20684076672999474
104859,0.32504711473000025
67440,-0.20300715651000178
20494,0.2753808896800005
71538,0.2512763342000035
625098,-0.35533647140999847
332359,0.29201577013000035
19212,0.30457878565000307
15552,0.49040138563000246
76080,0.16392956926001112
320095,-0.2788074513100014
76072,0.4369638603900019
106707,0.36742585237499714
74104,-0.3381880814599967
233902,0.18555035289000088
16475,0.3339334062150012
76378,0.6192202382150018
17925,0.1660048661000051
27967,-0.2536361372249978
320720,-0.43049751360499666
14356,-0.15371838000000082
20028,0.4201053554549987
230753,-0.1807876347500006
504186,-0.4306600123349993
93889,0.3101921180200007
12866,0.1909959639999972
270096,-0.13845972633499848
108907,0.32198021325000425
333433,-0.3657026055849988
75695,0.3733032467949995
67832,-0.2100239992000006
238011,0.3150253614200005
208715,-0.13247479654499905
27371,-0.19168920900499842
231382,0.4227148421100022
19340,-0.3722748176899957
244058,-0.2297469237049965
20451,0.6285265783899998
19218,-0.2940979348249986
232441,-0.2662040956949978
320365,0.2191504362000023
50530,-0.4626481449099993
78390,0.4672139658600001
78258,-0.4622601616300015
641376,0.6887060127300009
224727,0.16996338560000268
93838,-0.3836891722249991
16391,-0.17606194389999885
170729,0.4010820969800024
71405,0.38595993631499903
668212,0.47336742676500254
19353,-0.11075046769999908
66790,0.17869105943000374
66067,-0.22533387604500188
103711,0.2638110768999997
212127,0.38914337233500085
99586,0.32025651257500076
228071,-0.4990835564199978
233065,-0.23170180107499938
53415,-0.3639607499400004
230857,0.3477341563050018
56451,-0.13583207441999612
235472,0.18293508925000168
246104,-0.29644566242999737
21923,0.3539713288100006
22412,-0.35965563411999746
51799,0.28321806800000715
27061,-0.13272477529999627
74112,-0.141724613574997
52551,-0.1310616627749983
66816,0.46606088112500155
93760,-0.25865964479499937
329154,-0.18009827201999684
269941,-0.13828470181999997
80743,-0.1743409026850049
70729,0.22153184650000668
74490,0.4064502436149997
13013,0.3630599313999987
16591,-0.33331836011999894
229699,0.6316338132000023
207352,0.18744365299500565
387356,0.2885928177000068
56460,-0.23949098704999194
57385,0.4011094897599996
216238,-0.4239481472600035
17235,0.38328971124500155
382066,-0.32652108349499365
11945,-0.309750761300001
329015,-0.34284437082499775
100043254,0.37520839067500056
14473,0.3578104636700039
71766,-0.15887871110000873
74241,-0.22816867813999586
11737,-0.18220569884999627
94109,0.27475672529000006
68527,-0.43537700363000065
15118,0.32582396158000115
232288,0.4560542354949977
15587,-0.43007562907499874
107770,0.3296499545850029
56505,-0.19404446896500538
97387,-0.23878541734500125
12986,0.13016531720000657
13417,0.2025254540500061
629059,0.3870227267199984
14773,-0.14778395712499837
54381,-0.2600407503350004
67092,0.5615620564700023
19383,0.2225213054500088
380698,-0.5054414595849996
18247,-0.12825188290000433
209131,0.22162024388500257
63828,0.44582901356000093
381113,0.36321830945000233
108030,-0.3296652661100006
99003,0.3426109110999995
382406,-0.40296405479499686
268481,0.29099319630000053
330941,0.3657484929449981
67888,0.5463036549599991
22418,-0.4294688861949991
18861,-0.35762804622999855
327655,-0.30515407332499933
18643,0.222900393350006
67866,0.4351700017100004
70239,-0.24606077406999738
66757,-0.47912172519499574
71223,-0.3001584233949979
14126,0.49944934097000093
56551,0.13265398265000528
14008,0.5372769243750026
73710,-0.1604109115599961
24132,-0.20849722095499423
214301,0.476330205995001
13543,-0.24237223629999605
320974,0.5204930488650028
207227,0.2581423009449968
50913,0.5880051559600012
232237,0.4643329966050027
71780,0.19606152694999857
19244,0.11877418530000661
55979,0.14777467267000155
67493,-0.29523555959500314
329693,0.1407262966999987
12566,-0.415215727375001
66171,-0.18347154136000832
18146,-0.6760957507450023
50877,-0.3083362198399975
13717,-0.32163839738000055
54644,0.19498856420000088
12568,-0.39994213972999493
13142,0.4153382859899999
232566,0.31211630816000024
216742,-0.16677513532999555
12557,0.42379741853000086
68310,-0.17098314568499262
66394,-0.14444426311499647
12555,-0.32056027959499733
66156,-0.11928767410000063
268591,0.534590148795
14829,0.6161314971700005
77037,0.31954285098500046
19165,0.1306690014699985
68925,-0.2877783727000036
216825,-0.3670124212600001
18181,-0.1468061642249996
56620,0.32802774090500364
20663,-0.20950274043999872
22791,0.20843212667500133
12545,-0.3206246116749991
225994,-0.6746849535900008
216766,0.12435750008500612
69528,0.5920769705800026
319622,0.2614467965299987
56277,-0.48588020897500206
67073,0.26276349849500313
243168,0.3280940527700018
228852,-0.5364914179949976
435653,-0.24238704189499938
386612,0.1419164521950016
108829,-0.13761948410999736
74405,0.2837591717300003
15161,0.21683959822500043
16773,-0.29534293763499875
236920,-0.4215770765099993
72634,0.5069208323949996
270076,0.2904400389599955
66615,0.30536907779000355
73172,-0.13025262522999093
104910,-0.2112239461549974
13602,-0.5408143655849997
16470,0.2649407364400034
654470,0.20697556820000074
67717,0.3603292892500001
433099,0.35847437590500064
194231,0.5309631303450004
237711,0.34140843255000064
30945,-0.1213633215299943
50934,0.2254446929800018
67026,-0.29947020804499935
16859,-0.19735118728499756
69317,0.481063236015002
26878,0.31359561126000246
193452,-0.40326033256500127
70082,-0.4004987773249953
216019,0.19882453571500092
23948,-0.3003315772049948
72569,-0.45765245489999806
12234,0.30029038967000155
19400,0.14518738649999818
83995,-0.6669767787399983
320139,-0.47892910346500006
67702,0.18288812710500224
67553,-0.4120097123500015
69080,0.13703125259500304
238076,-0.706836432020002
385354,0.5227685012499999
53330,-0.2129486877599991
18628,0.4337823213550007
12012,0.3605956744700016
18096,-0.2683838366699982
380614,0.49138857439000105
319579,0.34169648852500156
171286,-0.35795196614999636
74194,-0.4546102885400023
12848,0.32072959203999396
435286,-0.313783103185
71145,-0.29653425657999666
67609,-0.15984035123000062
18119,0.28633506815000054
69237,-0.3151025092400026
216749,0.24197241823000226
16495,0.19304555335000373
232087,-0.12480212254999934
103889,0.33140069241500303
17761,0.43881209348500416
12581,-0.14232231865000422
56744,-0.12911399809999757
268420,0.17655919245000362
263803,0.5104791386750005
68628,-0.31489611189499644
12155,0.5489829018700019
69983,-0.5085881588349972
72318,-0.1613240936499949
11552,0.4019544370400032
15417,0.39352833754500116
72701,-0.5156302373949959
54645,0.17888111985000776
268749,-0.1667667749799957
15170,-0.2210937895499967
16190,0.19981210797500104
239839,0.32704015932500097
16367,-0.3190631241000008
17930,0.6414738366750026
11698,-0.31010495261500015
73095,-0.27192395941499914
14172,-0.3656196161699974
72692,-0.19343544218999487
75398,0.2843558650100011
98488,-0.3856461243600027
97440,-0.26761352730500043
387349,0.3036811901350003
54616,-0.14591494368999847
270086,-0.2009808531000008
238161,0.3737169253099992
320438,0.3075468182600023
68094,0.38085093091999944
70568,0.26383914872999714
75677,0.50568405738500255
215456,-0.582472143345
226169,0.3034020134050017
225600,-0.27815869158999895
108067,-0.3336752418099991
29859,0.5150095107300041
72088,0.37854175124999934
50786,0.41841956876000097
20624,-0.2508623213500023
207212,-0.3318259398149994
75667,0.14887959686000052
70769,0.1871637489900042
230971,0.21734867484000286
72607,-0.4006167983649984
18973,0.40334765760000213
66233,-0.1964730312399947
216516,0.42906638743500203
76808,0.4822791918550009
14654,-0.350442753625003
212514,-0.1583866333549988
108653,0.4229532549400026
67102,0.1639414484049979
17441,0.3055878623250017
68292,0.18025946220500622
116810,0.5551031024850017
330660,0.16580796578499957
72244,-0.35077402223999954
22228,0.19050826690000378
240057,0.34374930098000167
66343,-0.1823303513349943
78933,0.46260428336500237
109136,-0.19691679105999604
14184,0.30337060740500377
16328,-0.4275072697949991
73835,0.272279261395
57778,-0.5625590005350007
192236,-0.4019732610899984
68183,-0.13145447904000385
13424,-0.16297383800999654
19416,0.793724151595002
227800,0.7626215324800114
12837,0.2942075989700017
213990,-0.1527518761399893
12460,-0.13982881414999682
414801,-0.14217878919999904
13419,0.2778935261700033
11972,0.17459807915000347
12831,-0.3260180056350013
19777,-0.550807862120001
16568,0.22013874567499592
67006,-0.18833602128999516
17207,0.18719488961000152
212706,-0.18402848133000127
56275,0.21171206120000186
20972,0.300978941310003
18640,-0.3046836077799986
320355,0.36026669159000146
14069,0.5065678590999982
27261,-0.14916684844999217
259300,-0.43377957791499977
269003,-0.19798125429999835
72068,-0.13877798933000562
219114,0.278027524080001
50764,0.3006136324499997
228858,-0.19429469793999932
18408,-0.3146924214349971
18768,0.2076048571200042
237339,-0.39820567847000277
628779,0.4349313329499971
66667,0.4701145845500001
21937,-0.15129514822999468
224613,-0.350022932209999
76238,-0.14699371567999542
239405,0.33670383512000157
18504,0.35750190817999883
665119,-0.3224961312399981
235040,-0.12125733515000903
269999,-0.1357656914500005
22423,0.3714352297600021
68612,0.2336890707000041
269695,-0.36235752916999964
18016,0.19345798362500055
66689,0.18131253790000734
268807,0.30831184924999855
16956,-0.34436788358999726
108096,0.32115044274000093
26405,0.3533751553499984
108989,-0.21782873049999552
66597,0.4641943260799968
13177,0.13433837736000243
270201,-0.20577059249999863
11519,0.5308537703900029
433178,0.5198350448050011
67444,-0.1372493658000007
382089,0.35133311964499825
257633,-0.22778501540500073
101706,-0.18438403264999437
27494,-0.24879948895999915
231863,-0.2910718968600019
75656,0.27355527209500075
12238,-0.15920785206999
69878,-0.1384343197550031
142682,-0.3721280679600003
11991,-0.19421768718999566
446101,0.3317416190899998
12091,-0.17288584652999894
66705,0.27407566275500006
108069,0.3173179188600006
13983,0.19239791822001173
19215,0.2589185273900032
22436,-0.32963848882999924
12488,-0.16191885038999665
14824,-0.20367532966999846
319520,0.3731923114400004
66218,-0.11297185590000502
52846,0.26114810726000215
15468,-0.14709201899999869
114604,0.33848289041000257
232236,-0.15035857072000347
241770,0.6333758540950019
16319,0.18287165207000733
231986,0.2890002766199995
20817,0.13464282140000883
56464,0.4124193643100025
75273,-0.35381386215999733
18187,-0.2207357584549987
497071,-0.454238424634998
16418,-0.15175653649999532
72102,0.27073714779500424
54720,0.21463641817000045
18477,0.13129373934999578
68352,0.3236962723600003
71950,0.31073179875000356
66278,-0.1997597163250031
56447,0.11762224389999965
14560,0.2850043945200009
76858,0.32647803212500115
105000,-0.25090983590000215
210135,0.29636792540500423
269593,-0.4360846132399976
381476,0.48745101469000396
56812,0.28393956530000075
24058,0.13505885542000584
68236,0.36666178020500295
240614,0.4359568457399998
67747,0.41582850565499907
93746,0.2986202726649996
104776,-0.21665956034499345
13078,0.3552900030250017
14621,0.26281692338999996
73032,-0.3515401187200018
68082,0.3146154452750043
74030,0.40044066915000043
64435,-0.24595295335000023
70361,-0.20317372080999974
11668,0.17331336079999993
100039672,0.501117821305002
66257,-0.31674330706499987
78038,-0.34143356141999703
269639,-0.3170516761999984
13081,-0.24920490755500024
12952,0.27916548604000013
12049,0.3975948695299998
70450,-0.1353646569500011
110350,-0.3463712174999998
378937,-0.26421254260999705
210582,-0.2557292600449985
16409,0.20347936240001196
70556,-0.3237120272000009
114640,-0.48176233826499626
19711,-0.26664834234999857
106759,-0.2884781514199961
17187,0.10234833104999908
234796,-0.26207278408500034
14453,-0.34111185880999884
76246,0.43550650737999863
17113,0.14209310155000487
434437,0.535053859985001
104346,-0.3923921505700001
68729,0.2918577962700013
16648,-0.16529198812999812
12036,-0.354243370329999
75753,0.3359707655750004
227644,0.1683964425550002
15221,0.4389609653800002
236643,0.3163115039100002
12482,-0.16797059284999527
57781,0.2775690965100033
104111,0.38279051837500333
264064,0.1947187041750027
353326,0.35993594531000195
271844,0.3796192982100002
18667,0.43843659502000154
22253,0.3949733505300026
245424,-0.25661396588000107
93691,0.12680992704999738
15568,0.32527038482000314
18245,-0.09039000039998868
76260,-0.5559185989299968
192654,-0.3855238212499925
277250,-0.3780098045649982
65079,0.29698512182000103
224903,-0.20768737553999372
219228,0.6822225786800007
53333,-0.16023761727499064
239985,0.1876827776150023
22070,-0.09029070830000308
74157,-0.12322353409999387
20612,0.2536920547900019
20288,-0.4436575946200003
19164,-0.1485715435300019
54215,0.4971073531950001
319636,0.23129534450500255
14012,0.4179446581800006
56473,0.3102014139550002
16874,0.2607078790000017
668158,-0.3767283042999958
12828,0.40088611653500106
18141,0.12769164733999894
240131,0.6893539636300039
227377,-0.3105749103200015
54160,0.19277593566500162
13132,0.4136000586199988
93671,0.45904107595000143
15366,0.19104937200499883
59033,-0.35234500602499974
17999,-0.20289907499000126
237847,-0.2145763999849981
13172,0.3283990345799994
73744,-0.2246618456500027
15566,0.43378139486000133
338354,-0.24162972747999767
67443,-0.10363138109999248
241589,0.1846693831499966
104382,0.38223930172000387
104099,0.3087949450700025
26943,0.13372359259999733
15438,-0.34152615461999947
229644,1.1767877194549996
59083,0.3385688338400028
12683,-0.4204070240649971
100504446,0.40338038561999934
235406,0.23271717017500126
68857,0.30036351541500217
19731,-0.3560668626899979
11548,-0.259170928149997
433667,-0.49131725962999795
227289,0.2867144175449994
15461,-0.18329452917499367
68828,0.38199640136000257
108672,0.435419489660001
17122,-0.15939036394999917
207214,-0.13780260133500022
209692,-0.4134066168600006
75705,0.12292359030000455
11981,0.2971488257049977
67458,-0.29890276220999557
239552,0.22435222097000374
13656,0.32255671805499997
209003,-0.1561087951999971
12048,0.17678241579999643
16601,0.2681858173300018
66286,-0.14950042814998987
19733,-0.26074567880999844
66830,0.18593177661499993
20389,-0.24728000424999852
408190,-0.2939785412599978
223332,0.4079727374500015
93842,0.22173070640000248
269132,0.4066713811200007
320452,-0.2614563970199981
233424,0.3936577449149983
67772,0.14678598255000352
77522,-0.24238802486499944
22018,0.5022629818750008
74107,0.27860204950500034
12020,0.4784781215450016
11435,0.5013309632950032
271005,0.5886783899900001
71738,-0.4012106389199981
94092,0.373698500925002
81003,0.5838008682900009
71803,0.35482884380499957
108652,-0.13203986550499636
192285,0.1593710768500003
72345,-0.2827033864500006
56428,-0.09763071475000018
259302,0.32923330223000224
70481,-0.3358057921999982
214580,-0.1731865462650024
67509,-0.3475363289049982
18127,-0.2617127120299996
24056,-0.16898081405999754
11936,-0.39787588779999794
11989,0.44551524690499944
244219,-0.16923000249999554
71797,-0.3444399867849981
11749,-0.1889126116500055
69639,-0.1207365733749981
73453,-0.3704700394299998
71752,0.18470932908000393
12737,0.783740904810001
22319,-0.2712015053499961
107182,0.1731567944050063
67733,-0.22389050164000324
75608,0.2808543719000056
18766,0.4091267419099993
170738,0.42434611854500304
72685,0.5311270245999999
116848,-0.3424848135150018
14836,0.4261067556600002
68743,0.3907786302400016
239555,-0.2338410056700031
16852,-0.13693257924999713
242523,0.3981622417950019
23829,0.4360080227550007
170828,0.4487517102250038
239017,0.47830217306500034
98303,0.2799708041100031
78785,-0.3147043356200019
19378,0.32224808504
54198,0.16135345
18554,-0.17880655999999995
72103,0.24882314966500108
17195,0.23664906491500393
56773,-0.6264718130550029
11688,0.3064474249549991
101544,0.41755059540500117
108101,-0.14585007992999444
382038,0.23029731294500166
71760,-0.5746837209549982
73360,-0.5723085145299991
319207,0.2463121151699994
67067,-0.10078716369999974
50776,-0.16228526596000314
66847,-0.12482699174000089
53881,-0.1460164061800011
238021,0.4104630132000011
74760,0.4541861819750004
74340,-0.16654656611000185
105352,-0.2759214883950003
22416,0.2996331771550018
68147,-0.19300159965500008
72373,0.3757654809250006
217682,0.29837115684000004
231630,-0.374627520345002
14171,0.24939457035000245
380684,-0.4045483791649973
73808,0.27384869042499993
93721,0.2657025227200016
215384,0.27252478310000017
18741,0.3328632356749983
207792,-0.3784348738950012
16536,0.34906732484500314
27055,-0.5166080787049978
52696,-0.10838052364999662
12352,0.2768395291199992
621628,-0.27757574271999585
78052,0.38702749597500175
227154,0.20425418355000602
52502,0.12857144329999315
108937,0.19371092757500108
241694,-0.4539403519499965
20742,0.10979481220000409
384061,0.38600401978000276
101943,-0.19508061199999815
330010,-0.29774240009999353
19124,-0.2533817324849972
66894,-0.16514857925000115
233532,-0.2978069114850017
12340,-0.11040861629999554
18830,0.1745765217400006
67399,0.12255230060000066
21386,0.41968695021
53970,-0.2765651255250008
59290,0.28751475223499945
17695,0.3557567896499978
26889,0.2372624677249977
382137,0.22889562676000086
19363,0.3333909263299999
239789,0.327728188775001
17341,0.2052222812399993
58909,0.24546358506999777
78372,-0.23330104819999242
240168,-0.1660008773699957
67470,0.3378758596750009
66454,0.25062420342000635
231915,-0.16151888967499772
26893,-0.11131321960000307
66337,-0.32766478197499893
67269,0.35878981038999935
20841,-0.33088540933999866
12544,0.3651296773850019
622473,0.2814714471200013
209584,0.4986956909700009
16332,-0.18268647480999434
72515,-0.15627814136999696
320495,0.17567087689999994
12562,-0.27693791673499835
68349,-0.11975127479999514
242259,0.4953356834200022
19290,0.22282160870000212
434341,-0.18446062720999556
12891,0.32527686550000023
13607,-0.3783376119549997
75772,-0.39589269727999854
665574,0.26941059444000004
70859,-0.30339323465000057
242960,-0.4902971253349966
67530,-0.15636033234999935
230868,0.5047546383000006
368202,-0.28239492436999836
72084,-0.1464458263600008
73942,0.46452278611000075
16782,0.3091729092850013
76217,0.20315930118500125
70208,-0.39207979003499904
74393,-0.28563552161499883
20505,0.5240874577099994
74087,0.36493966328999905
66595,-0.29133258173999943
57784,-0.13047316539999798
219249,-0.1997890378450018
57746,0.30598623197499997
378462,-0.26698186799500423
75612,-0.16897231633500098
228019,-0.43588040497500113
330921,0.4167184884600008
69339,0.32368981927000107
234407,-0.13403180140499948
338355,0.1564691139799983
22715,0.1657943426549977
219257,1.4413892449850025
65971,0.31052571005500695
12154,0.48441870782500196
11861,0.2567024074300086
67042,0.12758975821000362
94315,0.19171874470000638
68833,-0.26949298532999943
12565,0.3373252532400022
52685,-0.22584722207999874
68267,-0.2476460767900015
66642,-0.11085904810000002
67154,0.1087590670000047
12962,-0.2908970920699989
268379,0.32582929145000117
75470,0.2858537329800015
11444,-0.2752331233000014
17386,0.32813209924500253
68490,0.11556307289999701
68680,-0.3385229807349983
110596,0.5350320297350026
71619,0.4266300824550009
14060,0.1751996645900018
12332,0.12487293729999926
109222,0.45908968795500016
108903,-0.26467348441499894
75425,-0.1862730920049973
56489,-0.13520413849500024
20924,0.1768750933000014
235028,-0.10588295534499004
74204,-0.2800721126099992
70967,-0.4898020650149997
434215,-0.2894594089349951
67727,0.19352642647000273
234967,-0.26989059742499766
238205,-0.2572795536599992
93888,0.39054585047500145
230579,0.3189118236399997
68918,-0.2335013012250009
192166,-0.2986234704049968
19014,0.11139936100000014
74277,0.1782913207149992
20409,-0.09929566884999375
110058,0.577017493705001
66284,0.1459297057100013
17758,-0.1979834162300005
52708,-0.19469359573999956
65107,-0.1391038628450012
74198,-0.15255814573999338
70433,0.4709023675000008
242384,0.31965634097000173
19204,-0.17007134238499866
230737,-0.4714229565299979
77038,-0.1350337326499993
74413,0.4871195741899994
242691,-0.22683681973500036
12608,-0.22176383926499632
20293,0.24485041594000245
12217,0.33334579294000033
30050,0.3374543748450005
18781,-0.2719990057849988
11750,-0.11519564506500224
67980,-0.1855757689349975
67459,-0.3329782464100002
78081,0.2912570419050007
23967,0.305771597080001
74764,0.11173297467000509
74337,0.3196343518400009
69642,-0.3159752595200014
18986,-0.1879593245400013
226243,0.2939976217499982
226856,-0.17564189300999722
16842,-0.14396059750000312
227327,0.33575722790000073
217449,-0.17456096419499012
229389,-0.38268093379499746
74772,-0.15810494779999829
78250,0.4158101600099995
15551,0.37017102533000035
12843,0.5537333889349965
330908,0.5459787593050018
230590,-0.28414791264999817
212168,0.32198262111499965
338352,0.3894839746200014
14319,-0.08540775179999116
18782,-0.25369314182999503
99890,-0.32329433749999925
12308,-0.2863253204599996
76407,0.16736209190500162
83796,-0.15594071628499684
18226,-0.12594752570499956
27027,-0.13093024094999528
58916,0.5543639125200013
106512,-0.1439643818999965
11852,0.35315474630999955
244431,0.2772174459400034
110651,0.17599813799500197
12017,0.09684361709999578
17155,0.21106425944500184
94215,-0.3224761321099976
12991,0.39844069579499974
50702,-0.32042886193499687
13637,0.42282888266000196
231798,-0.14886129740999987
229445,0.2824151205050045
30954,-0.19326622980499586
26456,-0.49266401637000135
74252,-0.10853480580500197
78070,0.34014614166500046
791260,0.4239902201850043
223691,-0.11755759734999316
16533,0.3663315626950001
72535,-0.23994591957999756
232430,0.10759474017500281
272382,-0.19012938544999436
101883,0.1289918987999954
14063,-0.27379591195999975
66765,0.3265748737750007
218194,0.3364734431399983
71146,0.21806996585499672
268510,0.25019332915000625
234329,0.33840203240000166
16532,0.2838475167800012
64176,0.24123230912000038
381085,0.1472796013100055
13171,0.353073854795003
20678,0.43008516483499903
207151,-0.39713614496000105
17159,-0.15970414264999455
228756,-0.21306665930499769
114141,0.29862037472500225
69876,0.13385434332499901
268934,-0.36540691998000074
20193,0.17301472489999448
97287,-0.14219764346499986
14013,0.44321909860500197
81896,0.2733989981100011
21957,-0.2487717742849993
269053,0.32599010436999976
70240,0.19654127488000395
110094,-0.1818166588149932
72056,0.38291672088999995
228421,0.7930455143900028
11428,0.25660938657500854
545276,0.5070266899000009
71544,-0.5100477655199995
67655,-0.21160458750999211
16522,0.2556975949099991
17969,0.1307038664250033
11883,-0.1912815561399981
70918,0.46302053211500116
214922,0.4588010890750027
17829,-0.3410454721749989
19387,0.15237604261500692
68279,-0.20742629369999577
80517,-0.11144199334000326
19359,-0.2264839385399986
353155,-0.26807288379999994
98732,-0.3165801213299977
18772,-0.6022809950199979
77582,0.14067862881999815
14376,0.12620416559999725
71878,0.6243068997450028
243499,0.32621581894500107
20356,0.3462691221549985
66898,0.40164387019999914
17190,-0.10626888384999944
624224,0.9181902656900038
18700,0.20309134112499816
66314,0.11710393668499819
269610,0.30437402725499973
69499,-0.31170828832499886
20847,-0.17961597398499407
68691,-0.24455598443999538
24010,-0.1888367996500051
66269,0.4862130335599977
23966,0.1377717064000059
100609,-0.3803208090549983
74023,0.3130872221849992
64384,-0.1453440970699944
192775,-0.24261571389999803
100216474,0.3089917060399987
14055,-0.1293885152000005
245386,-0.25154915743999684
242316,0.36035863344499974
14677,-0.4193790940200013
72611,-0.11022695404999894
58991,-0.21769512395499824
245474,0.2544624788050074
210573,0.29982029056500004
195208,-0.33904696031499926
237310,-0.47428527050999936
268932,0.41072428445000186
67661,-0.4658413971949962
13839,0.19745509330000033
68223,0.4560993509249993
66211,-0.217870756735
228801,0.19866745940000285
208158,0.1342599696000022
17984,-0.2738092541299979
19220,-0.3943516759399981
208439,0.2788930590800023
232875,-0.3250121065749987
382867,-0.24670161694000026
71966,0.13262476312500304
23908,-0.33255362169999625
68338,-0.27908289276499687
74025,0.46210593648500087
26951,0.8329186008449998
380993,0.30937312667500194
19766,-0.21087833903999886
12836,0.2790057115499973
71281,-0.25082301932000206
67841,-0.16141664089500019
74253,-0.24522362032500356
68668,0.4679332834400016
230959,-0.342882932614998
233064,-0.08405635539998713
93886,0.3887874635400035
66272,-0.14725007126500067
70788,-0.47860903309000324
229214,-0.2348561834349998
17257,-0.20841568063499416
74281,0.2034110971750005
19877,0.16768458456500124
229279,-0.12484805469999394
67874,0.289520420145001
27392,0.33726648730000086
68545,-0.3081457906749998
192198,-0.2574967200099971
320119,0.2477206914849992
74100,0.2821603397199999
230752,-0.10890247305000322
20534,0.11904438901500747
21766,-0.10710022519999463
72739,0.10700258128500373
20619,0.2384035947999994
14634,-0.30206671787999806
210376,-0.22635268799999508
53817,-0.15305485835000177
12496,0.41002029416000063
105559,0.12775964634000303
243846,0.26735889624999754
433323,-0.35872439576499815
216033,-0.24810716788999931
72748,0.2708976895400017
71200,0.341763058764998
320718,-0.29682004699000064
16411,-0.2155157168649957
69297,0.4103523129800015
76866,-0.38164713797999994
68075,0.3389508439850011
230972,-0.5533116225999981
12167,0.40310545897000205
20273,0.2313587500200054
18705,0.4676117743900017
58864,0.269244034560002
269529,0.3095329381799994
98386,-0.11298313669999871
100043057,0.26764269211000036
69234,0.1525364135200018
320924,0.3791398703250026
223828,0.19301718847500027
231834,-0.15570030385000777
269788,-0.1063549173000009
16371,0.28886660143999876
12583,-0.33324561828500165
20408,-0.33503839408499925
19725,0.3487810003000007
213084,-0.41261240962000034
13134,0.4158166109449999
68646,0.24017637050000218
319991,0.49469554605000177
20194,-0.12302437299999092
11658,-0.19548471942000223
269252,-0.3626501582550006
109904,-0.2942891233699996
68192,0.17345356955500257
192897,-0.24919010210999826
12425,0.35897140334000177
54598,0.3317412021650039
21928,-0.17325188347499854
27029,-0.1534766986499978
209176,0.2092972116000018
16508,-0.34479083114000053
211556,-0.34245206885499835
17933,-0.2649603579799984
231464,-0.17805784339999775
18508,0.3943023114000024
12062,0.2970919698900003
70790,0.11146350567500107
14681,0.28951235130000263
68421,0.14844583383000298
211739,0.45194611379500094
16703,0.3334900570499988
212167,-0.3897558507449981
66489,-0.0892518677999945
17864,0.3427938029049997
67230,-0.125107133189994
12477,-0.2878187972549995
73158,-0.13806990738999758
12386,0.32492097387500163
79362,-0.3575306686950004
74018,0.26681424636499873
227157,0.26681424636499873
11550,0.35785559638500164
27421,0.3476757484100017
27225,-0.12538200579999526
12606,-0.35070858606499833
21429,-0.1766350126999967
21420,0.2599226413650002
214240,0.27191482033500236
67199,0.18736184032499814
19281,0.3231325104500007
20874,-0.3690378738450013
448850,-0.2962893515099996
12861,-0.09552283749999901
68396,0.25647623126999886
17391,0.4166659585500021
22271,0.26870026949000003
83453,-0.29656838294000165
69038,-0.11705222084999356
57780,0.2244148042850016
19288,0.4422818498600001
260302,-0.1554297990999931
320558,-0.2780773599949997
242607,0.2515745641700038
30840,0.24541645276500024
29870,0.33484989764499984
16590,0.3016813421299993
224912,0.24753132427000413
75863,-0.35790288958500227
21952,-0.2995310443699992
545893,-0.3173351414850001
74156,-0.41080143038999983
69865,0.3949583109249999
54132,-0.13361660179999824
329260,-0.4245599973249998
14166,0.3069685153350017
12611,-0.21538094447499478
68473,0.4581828975100031
17095,-0.10839018045000337
12733,0.4511466632450003
74246,0.19219688613500008
103172,-0.09867806800000167
75939,-0.26440675822500115
218793,-0.24183390179499753
234371,-0.14692281557499953
236539,0.19298135267000127
14685,-0.42452299954999884
94230,-0.26799451702999555
57748,-0.2589681610149963
244813,0.24259561744000013
219158,0.10969098188500226
69908,0.32205995166000445
30937,-0.14751893671999827
69662,0.14466147725000233
69076,-0.12217502163499816
13144,-0.28253103576499417
20681,0.31325230239500224
387513,-0.25414247272999857
69574,0.5219701272350026
192650,0.30263050537500114
269254,-0.16388070045000447
67103,0.41873116513500275
13175,0.37882193631500005
237868,0.3722852101899985
58227,-0.30204502551499823
77630,0.3718484761700016
14566,-0.26858571763500105
13728,-0.3348996791649963
101320,0.2754544917099988
18023,-0.3213197722150003
77531,0.3962562265950007
67790,0.49472310058500213
24115,-0.29441432745000284
233537,-0.34240725661999916
245902,0.30397307843500254
70767,-0.17890540397500132
18159,-0.3474589936799992
73284,0.3280580319650035
70894,-0.4258159117399982
20297,-0.23444706945999982
227059,-0.34960134394499676
328110,-0.20751352707999526
76965,0.2639106332099992
22034,-0.24070980754000004
76775,0.23823608359000215
56431,-0.18934170116499516
11863,0.1458392081349995
72313,-0.1740762878250024
27215,-0.20023405060000155
15400,-0.2646276245000019
19279,0.43714278849500143
54003,0.2384352263150018
69922,0.18695381016999946
100040972,-0.2604373612849993
14233,0.3176611621499976
13610,-0.25266070624499903
72144,-0.1391827913199961
114255,-0.3973944895749968
71175,0.20345970263500224
20111,-0.14988639419999927
56220,-0.20326548695000035
22693,-0.30350515398000066
75540,-0.3321354608350031
21417,-0.3712004999600005
20768,0.24173140708999874
93881,-0.29077625859999934
59036,0.16235188660000022
380683,-0.3007412319999996
52023,0.22848704007500054
14426,-0.3359417505850013
232539,-0.2782144093600003
269855,0.38988294387
11642,0.3074733981550004
20322,0.1349000271500067
15209,0.24988544865500018
30057,0.13112564545000538
66352,-0.24375878195999956
66568,0.4180824837100019
21340,-0.27737407475
26417,-0.10376161434999709
64707,-0.1800223744500009
224419,0.21762457268499968
56839,-0.28832750984499933
14584,0.390329266560002
381668,-0.14870495940999895
231162,-0.4067992511749985
64817,-0.26529620932499665
18386,0.2898955133300003
226245,0.51308926458
53421,-0.10414305069999763
13542,-0.15088496978000343
12841,0.2887419140749987
17970,-0.2501406776649979
80281,0.2773768070600031
224742,0.12995885019999776
19339,-0.15438639656999875
12162,-0.3274529051199986
226519,-0.25327231087999813
67367,-0.14927702220500194
12289,0.2536468289000018
68126,0.20731313178000743
224907,-0.16663146145999796
22594,-0.1371478388199936
80884,-0.10571606094500474
14198,0.3129269191849975
59006,-0.2158701979899993
78581,-0.18479579198999918
14582,-0.13499653509999288
331004,-0.3917778917199968
30952,0.39783551662499894
17886,0.17995282450000438
19063,-0.27332876929999994
228003,-0.21327117141999974
72640,0.3751928938200013
59026,-0.1698627770750054
11490,-0.11659953061499628
56412,-0.10866061044999498
108043,-0.22571623766999993
69635,0.18001387391000723
20776,0.16726704392999725
73873,-0.29992059792999815
53761,-0.231878890755004
212999,-0.35180481480000125
20276,-0.2467640999349996
69632,0.23727115061500115
52020,-0.38263995780999993
238057,0.30071062658500036
68479,-0.14209446311000562
22409,-0.2794051793600021
67630,-0.27636184306999745
66795,-0.2774810354449988
243612,-0.25957770271499747
214812,-0.22784490418999503
546144,0.294416712624999
329003,-0.25023812801999945
69168,-0.273945648119998
545798,-0.24657008889500043
12561,0.4457431865400019
242608,0.3870441346650022
18647,-0.31582407701499715
30933,0.20837661643000516
230757,0.4475633655600033
11429,0.11636187372499585
59005,0.1273370177000004
74105,0.12001886106499704
330122,0.26308366481500256
235293,-0.14365045512999064
213696,0.2633493095499997
19159,-0.19575869247500233
77042,0.3770946216900004
13706,0.25173595237000246
67776,0.22003641088500725
98741,0.5327724746050047
21907,0.3417450312000012
16554,0.3078641366700019
17079,-0.2651278810550002
278097,0.18105379150999923
59043,-0.372024710749999
269120,0.3411151510150039
16188,0.12446108494499519
233802,-0.12939414879499367
217127,-0.1832428680199989
74153,0.084368287200002
56691,-0.30923001436500064
286942,0.16509566373000517
16169,0.1947880083149922
114570,-0.427080893644999
74354,-0.2430881601249979
17904,-0.31712467421000046
216459,-0.31712467421000046
74091,0.38907089187500077
243274,-0.3000211143249998
27993,-0.11433463088000018
240087,0.12456269413500642
50933,-0.305316847604999
252837,0.44928589589999923
21781,-0.26109965529500023
170952,-0.3426921253499997
102747,-0.1630449520800008
271813,0.3830531885500026
66175,-0.227160933675
23970,0.09396907480000039
19679,0.19744311529000313
18285,0.36425530145000007
50796,0.17045059672499985
208836,0.2599803152350004
65254,0.20481263534000327
54525,-0.3009963836449967
216285,0.2650781696500042
18777,-0.22747728597499872
76263,0.14717567244000485
240041,0.17996874402500218
73847,-0.17272724045000132
71275,-0.37707652483999876
84036,0.3405437864950027
19727,0.18207590980001243
66592,0.1184343191200039
244349,0.13277265517000458
72160,-0.23712392769499946
58887,-0.2646096255350008
75801,-0.4128567474499989
215632,-0.19002679249999588
72190,0.24483401301500418
20888,-0.2731216389499975
240672,-0.4970959196199982
99326,0.3634751853849991
14940,0.32020407491000213
17393,0.32321401123000193
52187,0.3316615174599997
14360,0.14413277606000197
73106,-0.2962288839399978
81601,-0.08977972669999446
70422,0.32692547451499987
230861,0.170188369060007
244701,0.3113757258849992
69726,-0.2988811637650004
71914,0.14745518200000163
238725,0.32206946365999967
52633,-0.17104473552499755
27428,-0.2474966070449982
243659,0.2506412459000029
12296,0.3433529450750017
70060,0.22720372488000073
28040,-0.15328734933999666
66442,-0.1622496805900031
17096,0.12966632563500546
11534,0.21510985277499906
13448,-0.13138369114999549
235628,0.2453850964700015
110816,0.12081557424000522
70356,-0.105655126884999
14134,0.28554818358000045
65221,0.22000386526000337
75276,0.34645857568500027
19250,0.3673409923700035
20482,0.09588475754000036
67264,-0.09460666839998844
20649,0.20896635913500727
23989,-0.20114141054999024
17879,0.3168790924050007
72946,-0.13037935712999804
76799,0.08242031250000004
213119,0.23894934896000297
56503,-0.1913417702949971
68875,0.32716947345500813
223825,0.46610142082500117
13875,-0.13995256510499665
72351,0.130346178825004
224022,-0.2147923889200003
102680,0.09479161270001057
244958,-0.2979988009049981
26568,-0.23260503082000028
17339,0.1739723046799999
18221,0.11722619134000212
67241,0.11023610259000449
76273,0.39475141368500344
210198,-0.23952712131500098
171211,-0.330739993009999
76131,0.259497169480003
71773,0.33601925351000217
231293,0.29985525766499865
226278,-0.243057842964999
12579,0.2870440350950032
329416,0.3210535316900023
17180,0.3426715503799973
79263,-0.17426246689000635
73693,0.39219912536999857
20778,-0.19082157204999461
68196,-0.10352781575998904
76303,-0.300721623464999
22778,-0.2566868837599916
226982,0.3088645959650007
18143,0.298650684410001
18415,-0.1623986344850028
54120,-0.24843798016500251
21357,-0.09271789604999725
11637,-0.1141737298499983
328580,-0.27161449888500044
12563,0.2714377946000015
244141,0.21135542687500042
12803,-0.19307373603499745
217265,0.3067426832850013
217837,-0.1530845111700021
239618,0.24077088424000204
51813,-0.20002036333499973
224796,-0.29080948402499907
245049,-0.2536062985099994
74154,-0.3314239317949994
56746,-0.28895730503000383
15288,0.3548131496699991
74716,0.2999134943750028
319848,-0.23431673307499823
16363,-0.13034094978499944
665113,0.14385995856500333
319953,-0.18983457669000092
94346,-0.10471674150000254
20388,0.15287753177500019
74522,-0.28144147066500036
18167,0.28410468126500144
225898,0.11499871805000161
23942,0.11499871805000161
81018,-0.13450119089999646
210529,0.45671162243500074
107328,0.20496696469500097
108735,-0.1238079919899917
69046,0.09593937890000603
100041581,0.31933677303000163
101100,-0.09711607919999032
66047,-0.11284723689000131
233876,-0.2733439841399994
64654,0.1668563133000056
75124,0.26504194064999975
239436,0.2594930099000017
100503572,-0.19732867470499826
243979,-0.20590269261500094
11783,-0.47036255113999736
270058,0.1717426239100046
56492,-0.36934072530500073
99526,-0.26993541428500123
16372,0.28258914589499806
19263,-0.30372654021499645
83984,-0.3196060483049994
227620,-0.14987038806999387
19017,0.34228856094000193
73340,-0.29532715683499955
109115,0.2155803225300028
380842,-0.2899425229949997
234094,0.22823056172500333
76813,-0.1875736849849945
71233,-0.2995443474100026
241263,0.3204744973249998
382571,0.21450047329000288
30955,-0.42902882631500194
11601,0.26420853425000157
69885,0.4148906005999997
225865,-0.20877773624499874
19042,0.13495983500000008
54614,0.25436016888500035
16870,0.24271823924999847
11475,0.15985481604000107
12539,-0.10693610540000265
12495,0.24490952786499953
330406,0.2405188270450016
12724,0.2754530092900014
210108,-0.2985952068749991
104445,0.4038147474500029
15375,0.3510682373950007
13865,-0.3162710452099997
67871,-0.16871433104999767
72155,0.3651665442449987
74174,0.2219314083949997
23972,0.26327859215999716
56321,0.1198583439800025
20447,0.3295772983950016
243328,0.3533703446149996
332937,0.37531872612500106
15930,0.2860440618149971
74142,-0.1318495842999976
76886,0.24857852372000133
15444,0.21868936184000098
387285,0.37143229121999966
18188,0.17896628200000286
67216,-0.27808564111000056
71827,0.2552273427450009
93897,-0.3712149430999996
51897,-0.10369817871999665
18548,0.26448595216000204
19693,0.22027952842500165
72565,0.7811907282299986
21947,-0.2340817722899997
72112,0.32420425958500143
17153,0.2631003656250033
103213,-0.20515688092999884
13809,0.20893406122000124
64085,0.2289023894850004
64095,0.28127436309500453
12532,0.3447376382549985
215748,-0.2527210471949948
66373,0.1519498378600055
70584,-0.13083006714999534
68972,0.13445723130000253
21336,-0.30467969891999935
667772,0.2978651291999994
69171,-0.07911165129999809
329941,0.4115554794300018
76960,0.1899793669850034
665270,-0.3472426860200004
208518,-0.26051243908499977
12862,-0.17016809241999908
434130,-0.3732324456949976
66154,0.1118833603350069
69860,-0.08278504624999705
12274,0.3151662130399995
84004,-0.16231821500000088
67678,-0.1336273220900015
71687,0.20758043493500278
73720,0.3208476566500007
243911,0.2731479611000003
28199,-0.08822846714999599
215114,0.2810515396100044
244954,0.3570366513250005
67474,0.11652577003500575
230661,-0.18553404114999683
99349,-0.13180377141499822
19243,-0.10836476335000178
243906,-0.2951417628999975
74143,-0.14515796821499727
229672,0.3410458154650007
15502,0.40789094137500026
320799,-0.13352685901499495
11496,-0.20365387566499926
14782,0.11539478275000192
12870,0.27617448252499877
381280,-0.2514867122399993
241073,0.23954971012999948
270906,0.3850149244400023
67921,0.22166986454999815
217705,0.21511665833000126
19185,0.11971543280001384
22276,0.1544276247250025
208426,0.2397888676500015
71373,0.2827769787399985
14651,-0.3494492808649987
18412,0.2122355135050089
18974,-0.24045884140999885
67333,-0.2858924468050006
68810,-0.3234399384900013
231769,0.2603408499950026
383103,-0.25099211344499794
233208,-0.1072978887999998
20500,-0.2629588469199966
14176,0.244461438190001
103537,-0.19720101560999836
72023,-0.14205866841499848
28146,-0.08970604904999036
14810,-0.25116084525999716
67544,-0.258387417225002
71355,0.20204034792000103
213649,0.268710646940006
17160,-0.21055888239499776
16181,0.3813360893050026
53334,-0.12091955673499832
211922,-0.1414229707350021
70235,0.13270651214500084
94223,-0.3219082713149959
69863,-0.2838162777349975
13805,0.27928109986000127
66237,-0.22048547001500118
78912,-0.1813935363899981
217217,-0.25179009044999834
70683,-0.20645211856000323
21872,-0.2278533799999991
74521,0.4123455761200012
270192,0.2737906180150018
13850,0.2304227504600007
20429,0.4211300801899993
71602,-0.31836934264999783
18211,-0.3801380413350013
21463,0.23206979537000194
17306,-0.224235177534998
66244,-0.10824324711000166
78240,0.2853833906950012
18458,0.10789126950000139
11767,-0.12702551415000762
64075,-0.5872612173649978
22084,0.4020709080750029
226251,-0.18742936945500155
16814,0.3081576033649984
19015,-0.2117256907699998
18506,-0.24471765595000106
381903,0.16472564483000074
171530,0.247398132789999
328370,-0.20963858392499368
70974,0.12810930549999888
68566,0.21024445042000295
67139,0.2434205415200026
71729,0.256540215870003
353211,0.27416766315000096
211228,0.17179902756000143
209645,-0.18441718119999795
22324,-0.12332842185000104
12035,0.5232996482950028
380921,0.20299758739500273
14371,-0.3381955655400004
14813,0.2588925949700016
227525,0.1333181819500009
54150,0.25536469262000017
243725,-0.187687148169994
68198,-0.11599431839999674
22242,0.3491910061050003
52850,0.21032082671999808
107767,0.1515415510850051
18816,-0.34096744820499714
83674,0.3567788804049994
17873,0.1242898225900042
13139,-0.16755240855000153
66972,0.3512538857050025
217316,-0.23906807810499675
269582,-0.2865832828299988
69281,0.27616303830500266
67689,0.13504780621499712
17172,0.13166907399000127
55993,-0.22405800109499907
67842,-0.21591895901499925
14427,-0.46788003956500024
233040,-0.2229611381249983
22225,0.12684015855000474
66277,0.4042068443400004
433470,0.3674747982800026
69363,-0.2443466051349965
71532,0.220958796040005
67003,-0.07672178849999689
14311,0.24551751331499982
207495,0.11674892570000672
238463,0.25523519230500025
620709,0.20122540565000868
54391,0.1637867807500033
16490,0.24962395903500045
80285,-0.1317092930200019
19734,0.2497484332350024
109658,0.15471819523500585
15402,-0.16528138324499952
77827,0.49704094541499977
53378,0.12802174510000341
18711,-0.2602640506049996
102414,-0.13915400964499547
76582,-0.09813534260000445
215090,-0.282015517829997
110198,0.10504743624500179
16763,0.2221398988100045
56218,-0.2999745406799974
213068,0.34386767746000135
104418,-0.10226274840000471
30044,-0.1885449092949969
71888,0.3683420181800017
211007,-0.10473413329999381
11944,-0.21309477112999753
21973,-0.21626164358499977
100042150,0.20959091489500237
22780,-0.34220840069499747
107586,-0.1303818567650037
233805,0.268028807474999
12293,0.2038696890999998
17069,-0.15559463409999275
57256,0.27562533398000166
16453,-0.2656078924349954
17151,0.1089260154999998
20378,0.31409748231999934
383787,0.3093138211049995
246048,0.3300199945250011
68644,0.14200201364000264
64658,0.0924390314450001
277154,0.26564243920500097
226778,0.2504966861850013
219148,0.17440779668000328
80883,0.19867622194500179
16174,0.2089021743049999
16531,-0.24754165565500053
100072,0.16684982490000255
234740,-0.18732732857500078
16518,-0.30734821747999774
20277,-0.18652245571499648
83434,-0.3103196801499992
75423,0.0937391710250024
71997,-0.11345418258499684
74376,0.13894960041000637
60595,0.09579721136499941
71300,0.32154829815500197
14620,0.3962784351800024
75965,-0.270989454559996
78177,-0.17397300708999808
74145,-0.10200111995000327
20607,-0.1766540625300017
27008,-0.1280199752399973
225518,0.2993925882350026
107373,-0.1271540874249979
21425,-0.13883607860500113
20917,-0.3075920786450004
19133,0.28095724296499913
17318,0.20020287418000215
213582,0.1696279246650061
211673,0.11517565352999704
75580,-0.10598635930499611
20568,0.13355338054999955
142980,0.2926383463500004
15483,-0.09313922538999542
192156,-0.2533974996350006
22146,-0.0779594139499924
11676,-0.13059296076999694
68980,0.09234477201500191
114249,0.2075022640900004
75404,0.31583248133999975
66245,-0.10824389140499768
77057,-0.19040220151999598
107522,-0.3191993536099975
246190,0.21609006656000274
231821,-0.09280526954998791
20616,0.2691946932150002
93685,-0.2551264078949984
12607,0.14898160511000036
67889,0.09690050434000241
70207,-0.30557068651499986
207165,-0.1300114320499972
79456,0.2582392933350013
214459,0.3275885596850001
76829,0.28123063692999795
76478,-0.08105840604000036
71712,-0.24230530403000117
75914,0.19547605826500014
71834,-0.11867484302999731
193116,-0.13607748463499725
77296,0.18507477309000286
114566,0.2474674756300006
27204,0.232116481770003
67750,-0.20193219745000057
231003,-0.14714783617499982
231002,-0.14714783617499982
22635,-0.2819466117650009
27059,0.44694948005000334
71597,-0.27254403638000113
13838,0.32547956251000354
209416,-0.11973973373499724
21877,-0.11236495768499566
106821,-0.10284630542999729
50721,0.12638276955500238
64580,-0.2569990713800001
403205,-0.20084609943499787
69288,-0.24397494480499748
320011,-0.12072254321999942
70699,0.11025144447000557
21339,-0.23870214633499698
14776,0.13285280423999968
17112,-0.2668059134749985
118451,-0.3216726398199947
338365,-0.2629017593050005
94111,0.33861051220500027
240505,0.39911797483500155
75627,-0.2911518026649986
19935,-0.09251426814999775
12452,-0.2294334622799994
99371,-0.2918212117100012
16509,-0.2397437860499938
15396,0.1608974091300004
110805,0.33762483877000005
12797,-0.39806857445000343
74694,-0.35203072574999794
246293,-0.21456788392499782
20249,-0.11321539900999689
59126,0.3773779004049995
24069,0.20537446915000324
17179,-0.10042637265500076
330401,-0.2959487348699952
13166,0.20158966049500338
27984,-0.20819260678500218
20744,-0.2476081568899957
59011,0.40134087149999953
64659,-0.10985455246999898
22353,0.3076745195949986
217946,-0.19109113527999888
50884,0.12063948126500179
28019,-0.07372170047999482
269113,0.09897496060500366
213054,0.1693554319650037
434423,-0.32042190487499855
13048,0.21757207174000204
11781,-0.30840183424000056
50701,-0.11022370079999355
77579,0.38428066727500276
17220,-0.10397101081000315
76920,-0.26540000174499845
74270,-0.09537294988999712
66916,-0.08431428709999622
67948,0.36063618408500187
72054,-0.13447510729999834
224480,0.21217357407999993
27414,-0.14136801524999676
72309,0.08944638300000385
85308,-0.1040721823250017
231503,0.2571216574150017
224997,0.3057530887350026
109264,0.2738856059450008
233826,0.2812173686150041
20670,-0.2143571574049976
18591,0.15924274885499834
228796,-0.25066529882999866
260299,0.34166758701500033
231125,0.25050691232000144
231903,-0.26608587080000046
14191,0.17891196244000085
16558,-0.1972128323550013
13494,0.14372112892500155
11807,0.1297302194500034
71801,-0.1527516502000008
17245,-0.27920695473999757
57754,0.25829289443999937
435684,0.1939994944350012
68312,-0.29083019484499717
319263,0.15771460173000484
225896,-0.09171244525000688
93837,0.3408229215650005
378700,0.3834928416149985
70799,-0.14259385208999653
69202,-0.09379126669999494
71791,-0.3724855968099994
76167,0.17682697423000704
71683,-0.0891712914999907
268878,-0.2191277327799992
22201,0.1221849454000008
73674,-0.19452728454499457
78887,-0.2753250889699981
226654,-0.24358284902500138
16882,0.25684918154999803
15369,-0.09892291030999978
215303,0.16564980338500046
27222,0.36482807900000314
109697,-0.281739978454997
66144,-0.07344443120000044
16400,0.2370185399949989
320127,-0.26598108099999607
320007,0.1510198187800018
76795,-0.1029465757449941
14137,-0.22293506540499886
14897,-0.2680724235549983
213522,0.24852420217000226
317717,-0.2474438475499987
223917,-0.16986332486499922
330485,-0.21706868279500036
212880,0.1286148077949978
52626,-0.10273168377999653
67605,-0.28734338562499673
19085,-0.21332741791000398
83813,0.30463750736000694
72789,0.3431641772800056
13002,-0.13217317989999877
110208,-0.12034225174000035
83691,0.27037163844000034
74442,-0.17957949313500077
66505,-0.14319575637999726
330428,-0.17941128505499826
240186,0.21756953724000194
19763,-0.2431174554499993
19258,-0.21869828463000118
234199,-0.2405064617900008
269623,0.16257388735500022
30962,-0.357498253759998
223513,0.34382751420000224
69917,-0.1166452638999953
73225,0.17171563357999986
66437,0.0828718359000078
432779,-0.17200222683999877
286940,-0.2593927029000014
15191,0.07089864895001163
18549,0.39625612805000454
19719,-0.10570676339999707
98053,0.094348338850007707
239932,0.18919654100499983
18526,-0.42518829447499895
17075,-0.29542047640000035
21909,0.17778921905500011
56458,-0.16207542764999694
239759,-0.10206162551999842
14843,0.270167545780001
12778,0.5027179820450014
216198,0.2604898525300037
226041,0.2416728489050044
208869,-0.09385997379999367
100039781,-0.2618649240399993
232664,0.3666867376650007
241324,0.32897337056500175
76568,-0.09919703939999458
14369,-0.22757290046999845
239667,-0.29654184219000257
72039,0.23387718177999872
224661,-0.2390061626199973
26945,0.25655027381499984
114652,0.25510022271500343
71393,-0.349285636824999
18670,0.19204280721000266
320940,-0.1170574349049911
57014,0.23631404995000338
215351,-0.254289680744999
21897,0.0862573433350029
237754,0.22386631566000004
12954,-0.1563314465900021
232023,0.16276643460000528
12667,0.3003944672899994
14866,0.21290289642999838
74013,-0.1528730741950035
14814,0.23380433389499977
386454,0.30941303069500226
12121,0.23186288859000115
213234,0.26965235233500096
319642,0.1857057099950019
93834,0.09958114970000764
114714,-0.12749572975000056
70417,0.2847461911450013
97761,0.16251202563499945
217082,0.21212408403999916
71263,-0.26975699156999955
18071,0.24110091064500505
240888,0.22651854455500242
20811,-0.21861007933999899
56315,0.2889803104200057
100017,-0.08678095671999841
59047,0.08986276095000179
11789,0.20321245303999813
270624,-0.25920670597499784
11657,-0.2568979098399975
19325,-0.07758201264999798
238505,0.1366979952099978
231602,0.32633470686
11720,0.29520087323999933
13796,-0.21558476481
76025,-0.239764362639999
16526,0.3434996439200013
12304,-0.20067536372499895
54446,0.22885365570500138
170758,0.15177516724000384
104027,-0.22803636643999603
270004,0.24486243110500094
319352,-0.16225540499499935
18569,0.14331058080000147
20586,-0.1352981111999938
192199,-0.3768382348649997
14760,-0.14609600394999855
68066,0.12808757035000085
68891,-0.34794635882999625
20637,0.08015695369999065
68092,-0.2495984848649977
214572,-0.09472784916499499
54006,-0.11917414548999616
67538,0.23149034633500065
231858,0.26201809333500314
224836,-0.35606822042999964
69692,-0.08982354830999562
232413,-0.17756707617000078
20538,-0.3610346196450003
72123,0.23737754371000008
56461,-0.17402081345499898
56420,0.08440479466500506
77006,-0.1069225096849884
71116,-0.09477939718999728
57376,-0.08968630927999577
27078,0.28488349881000374
170756,0.36411203576500206
229543,-0.17285708044000003
116904,0.25999285283000173
66084,-0.09568013590499724
16147,0.27884756788500153
71909,-0.11228280725499751
17960,0.20112520048000082
67629,0.24544777519500194
16173,-0.20376150043000063
56175,-0.26902515050999964
57434,-0.3231100142899983
76444,0.41935891898
433586,0.1509671865950022
18129,-0.13083753917500118
57247,0.07384362197499961
230718,0.17865534288000084
109077,-0.2684182868249998
66611,0.17008164688499772
218977,0.29003210866500284
170638,-0.17108327704000192
216134,-0.11791013201999867
58188,0.2190876448599992
192653,-0.2212988923449979
110935,0.14321425597499982
12549,-0.29250424229999705
12053,-0.09419346624999925
226564,-0.25396761510999877
11607,0.22614141837999702
54650,-0.21442885989500127
18166,0.20848802139500267
14561,0.26082332723500024
18708,0.1528380808050036
17921,0.21945670026999942
436059,-0.2198860122999986
16179,0.08696096760500183
219134,0.2502848216300011
102866,0.23901513938499974
76757,0.21579990645500313
67622,0.30397301808000154
14472,0.2815181084200007
60322,-0.1889549673850004
66292,0.11453704055000635
208228,-0.1301613780649955
74015,-0.11310821085999656
317652,-0.1767918860249975
56523,-0.18215815887000186
30927,-0.2788747226349999
20299,-0.18515404746499975
12235,0.11356263760999674
66375,-0.10251588399999711
27528,0.161687070710002
69470,0.07166657489999828
78890,-0.24494032652500053
11925,0.33413155121499916
27052,-0.23723571947499789
69700,0.32645226655000226
14862,-0.22346950464999882
68047,-0.08006917924999968
21679,-0.1668774138399991
328234,0.3971753207050015
208146,0.11370596390999665
75459,-0.2710891272400002
12306,0.11786101940000471
12660,-0.18410862449999943
74111,0.1273451257000051
17716,0.12288799900000136
17717,0.12288799900000136
240332,0.3801824996450005
72722,-0.09381806456999975
381318,0.21497210088500118
74068,-0.3102900242399973
75820,-0.18250359842999675
73472,0.25910501442500156
327959,0.16460140100999432
69454,0.21194276477000162
22758,-0.184849194089999
70394,0.09273717158000139
81702,-0.1264719164550021
106952,-0.11745648184999347
15234,-0.24344535437000037
66612,-0.10045892894999042
11425,-0.23209422331000162
75292,-0.10942913384998931
223843,-0.2090057986649989
268291,0.2551065985550012
67378,-0.3101282096100011
268752,0.20441529537500092
21426,-0.23074165238499944
209232,0.26124940506000094
230796,-0.27087286569999947
74589,0.38495921919000065
24117,-0.3557021564450005
16576,-0.3039175557049991
60345,-0.22791272765499881
329910,-0.25868439874999805
11689,-0.13751366915000318
72117,-0.12477984099999961
69719,0.23177364862500038
233410,0.08964611835000014
234130,0.24625948446500168
17451,0.15388955258999815
110265,0.11207068722500324
17480,-0.2932857111650007
19367,0.08278157235500139
246198,-0.11703190234999639
18231,0.43429859551500094
73825,-0.11989619992999856
56753,0.3437713427600002
73341,-0.09476358430000076
66359,-0.07463958604999732
71713,-0.23681328277499691
227292,0.07012876335000229
320995,0.29254441220000116
13194,0.07772523269999532
68441,-0.12530358644499806
17750,-0.22359579582499745
21881,-0.06470119449999068
11757,0.10170218451000324
12468,0.09431054140000583
320951,-0.0809800747500038
105785,0.34375749392499966
50798,-0.10361755396499817
53322,0.18193056224999982
18854,-0.13637398158999758
110886,-0.2335552658700002
207181,-0.35783606892999975
71492,-0.25945730251999777
241308,0.17241251574000316
74256,-0.10952413308499409
71891,-0.08162034947499386
245666,-0.24226134593000026
217734,0.30676488986000106
544763,0.1173549025499998
78797,0.07386493430000485
209478,0.122421265685003
52915,0.11567375708999883
19134,-0.2821334212450006
18104,0.27011881837000384
215210,0.12316668522000729
12022,-0.18680458544999912
81799,0.24724091984500252
13654,0.2738725175999992
20515,-0.08825128074999355
18142,-0.2172285209350009
80385,0.13686335958999507
19736,0.24187294088000044
666048,0.14796271922500148
12788,0.12503797736500477
236781,-0.5510759679249979
20021,0.14636545994999572
12125,0.22447527428000225
20222,-0.08387366889999726
56459,0.1332853733199979
69149,0.17709420220000194
21785,0.18590731307499997
67652,-0.2815658438699975
12805,0.19123266144999906
57278,-0.23450228444999954
277414,-0.11509618505000141
70314,-0.1247126172199966
213208,-0.29224834080500006
207596,0.23735630257500073
332427,0.2099575218000025
75964,-0.28683805312999766
15378,0.30133266098500044
223753,-0.07174316269999714
26459,0.23688560062999908
70225,-0.10685411137999701
17957,0.279132997825001
56807,0.3369372331300031
67210,0.09593195435000546
72805,0.21850441274499932
70727,-0.23705571042499685
70536,-0.2560198006900025
381413,0.26277376527499996
64930,-0.17151245399999748
72344,-0.2807530280999959
330217,0.23996049132999975
26913,-0.11140600727499894
18807,0.0760884752349984
209018,0.145704321380002
13589,-0.07849436386499775
635169,-0.20024334769499985
229534,-0.12796778749999937
80911,0.0893791616200037
72297,0.4165159736249988
26372,-0.162802964644996
15388,0.1456521617150015
67709,-0.2052719619899972
217835,-0.1868776321799981
83925,-0.1844071252099999
15874,0.2746657368250016
15437,-0.2716535221850007
30805,0.23282985261000277
214105,0.19430211649500206
269784,-0.2844241760549986
72236,0.3534408604799988
20167,0.1576307236100032
77889,0.09767747631500256
20497,0.12804900326500146
12478,-0.11733475115000225
18025,0.29704966176000225
66152,0.07768246260000389
22035,-0.18555770640500224
236900,-0.18473572525500082
66338,-0.18826510230499727
53416,-0.31468302877999843
16541,-0.09443556824999533
381269,-0.3033495106049995
20415,-0.2804171330300025
226777,-0.16994684265000082
72667,-0.21001013305500038
16515,0.19243342177500145
22273,-0.07805508671000005
228061,-0.099321538044995
381157,-0.16679416716999906
74032,-0.18043521027999798
18424,0.27309715933499934
17158,-0.07394411351999963
231086,0.08095511734999938
16796,0.2662472816300019
93876,0.2573295589700013
192786,-0.125863055429992
243535,0.18606739233500313
17135,0.08437318817499673
74467,-0.12737864832499657
71448,0.12688907780000136
29815,-0.1370067228200007
104443,0.28157352351000053
13162,0.1963873243749994
20947,0.09337678655500703
50911,-0.1099373455499908
68041,0.07877559774500753
68035,-0.11347412394999878
73327,0.2336972391700023
18430,0.12968403837500198
14125,-0.18299888291000155
225929,-0.17462701519499735
12389,-0.39259463586499743
72792,0.24236237760000368
70661,-0.08265741745000277
13138,-0.17758853405499675
76123,0.12866512624000315
19300,-0.11567437100499944
217695,-0.24025525825499638
239652,0.15147428246499972
103406,-0.37876421064
13984,0.2035051597949984
67096,0.22612423655000136
170826,-0.2567413997799992
329679,0.29721093860500236
403174,0.16187604835499858
27205,-0.25990206153000006
270066,0.16130349434999935
226250,0.17231250665000042
101685,0.10081466977500675
107746,-0.1180152258450029
14155,-0.1001769638499912
54484,0.07325403499999794
107766,-0.1263421771999962
381142,-0.25072259599999747
66949,-0.10724972904999674
19132,-0.2531066031450009
225020,0.07952558238499918
27274,-0.17149000160000094
171212,0.07007459490000123
330119,-0.2453549066100016
231760,0.31292807758499963
225363,-0.1911513191950016
75122,0.39392399917500054
17954,0.22564056803000243
13193,0.29613572503000274
97064,0.25002839145499944
78919,0.1753459186799997
207728,-0.10839530769999683
77552,0.18761995552500155
104709,-0.0884223437349938
245450,0.27417555464500154
21858,-0.11576887030000016
75502,0.11879546503000338
233863,0.16260681076000338
208440,0.28732635083500213
12825,-0.21980462343999818
18720,-0.07627934117000024
78317,0.08458565315000577
238266,0.2593194854500007
215890,-0.23874624939499967
54208,-0.09000600012000248
52882,0.23190347312500226
11704,-0.2829198448200003
27966,-0.16463757096999387
14871,0.12445269798000425
17979,0.09502307290000722
103161,0.15714540604000016
66821,-0.1318072293850001
76429,0.10323077286000526
22173,-0.12944212939499966
11847,0.2789335476850008
78894,-0.19107346090999577
211949,0.23525496006000157
71206,0.41145385625500097
69671,0.18562649264500175
22367,0.13438956642500077
13380,0.22021908014500013
223752,-0.0776612036199964
71990,-0.13248397230000286
241688,-0.25631066072499964
100121,0.161122530190001
13122,0.2461499463050001
12821,0.2116797899249998
71728,-0.11414787930499593
66606,0.12482176294000435
13405,0.3606197357900003
353187,0.23825715690500004
21985,-0.08376667519999792
20740,-0.14602185685000002
228790,0.09612840780000909
56873,0.27979570574500157
228836,0.0753067712499984
227693,-0.10332339230000187
21818,-0.12388018265999534
74763,-0.09765408059999281
208266,-0.10290433993999848
67387,0.16633278407499397
19771,-0.1925067645499996
18472,0.06723032379999694
22410,0.166266482910002
13636,-0.2571334550799973
15159,0.0842714889000078
20352,-0.17103092730999414
76293,0.20021567252500105
68097,0.07792237202000152
76936,-0.07311626040000263
59041,-0.0956245937100011
101202,-0.21969432297499747
228787,0.1588029238900015
20922,0.10037812850000272
237256,-0.17631649496500312
11596,-0.19776520542999831
68379,0.08974518205000592
268527,-0.1699981062699969
414872,-0.15547568491499497
109245,0.16722947776000208
64383,-0.07776680977000439
14428,0.16258064919500148
19824,0.21305344184999875
77832,-0.21107631997999743
107503,0.10763684146500374
268958,0.1322522300000024
60507,0.2543123063949979
107829,-0.11935908892999514
246700,0.16975678889
116847,-0.2044156283599996
70428,0.13315401984499253
66092,0.09343012100000081
232680,0.22152707741500066
14399,-0.1958888676649999
78796,-0.23272696980499674
69306,0.22172905073000138
20850,-0.11980653160500232
18716,-0.22858421271999863
53611,0.09965739880500468
20265,-0.17657034862999854
217310,-0.1002345955849897
233918,-0.2882640100700016
12931,0.3624070590850019
14405,0.2764634701800017
66809,0.30459310267499884
109979,-0.21746905769499936
53614,-0.16582771249499828
214531,0.298251565600002
212073,-0.24864077100999982
93732,0.2530648847200032
433766,0.2653802075900007
22272,0.0998918898000003
12353,-0.20778558655999824
11484,-0.3661589069399982
14106,0.21206507117000362
15117,-0.19231570276499887
108723,0.11832373940001162
26411,-0.11058874304999122
19092,0.19102658517000215
68468,0.08664785599999547
239530,0.26865897812000217
213262,0.38283849553500104
76763,-0.3228407489099965
11818,-0.25893938638999714
217826,-0.15347501095499627
50753,0.11547899925999694
207592,0.15624131183000234
245860,0.1131356535950081
14182,-0.16228246478999697
20832,-0.09052070265000012
14679,-0.07398524339000367
14823,-0.14754899519499842
11881,0.3157167317450016
225192,0.22799246728000178
70396,-0.05933855379999642
54651,-0.15781761562999996
171285,0.20071198526499767
12904,0.15240882091000074
234814,-0.19194224340999888
12294,-0.12874429997499748
17463,-0.10918743830999844
239188,0.17373287680999816
74136,0.15134666370500316
241556,-0.15395287495500032
18014,-0.1540779125499956
65960,-0.11751804444999703
50523,-0.07497471463499217
74186,0.17210889450000044
140492,0.07482900330000009
252974,0.17112486761999968
74094,-0.18388625401999903
74039,0.09949471825000344
211134,0.13279294730000757
12785,-0.07920802534999893
80287,0.06863390004999737
56380,0.1365750061850015
353047,-0.111502051069996
51886,0.24579186423500055
13650,-0.17012445605999726
67196,-0.1798961669349981
53883,0.14969854957499962
18587,0.19031109140500124
12801,0.30185078224500295
18754,0.2042246873750022
271981,0.3508860521550021
77974,-0.07900495829999876
230903,0.23998940341000186
219094,-0.22295811743499971
69551,0.27710889834000074
67665,-0.07931807487999798
16815,0.223880989205
269470,-0.11181692684000044
53380,0.10227539587500445
18173,-0.10883789244499553
12349,0.1797489032000037
12715,-0.18390127163499947
18387,-0.29647157209499886
231151,-0.2469516798449991
329872,0.302096263805002
545085,-0.2814941878149977
106504,0.08346202852000317
381489,-0.16301304492499824
242409,-0.2217022628749996
244049,0.12039205608499959
84111,0.16888608225500068
101359,0.15434992814500337
55994,-0.17830383635999603
75607,-0.2033537355799968
74052,0.20135423484000015
212998,0.2483161999850032
639634,0.2513345633700008
52897,0.1825667385400016
224585,-0.15749199971499905
238333,0.18427778366000114
73680,-0.21727142423499757
404710,0.24197595520500137
13522,0.2630049009599995
108072,0.24720953356500175
18436,-0.12261782334999438
75570,-0.07821593123500392
224014,0.24015291497000124
26409,-0.06839256030999685
89867,-0.1774173015549998
108954,0.23532510439000376
231470,-0.16829532175499873
13591,-0.13762100642500386
108099,-0.08927535265999786
56636,-0.17830942281499773
21684,0.4798137585800015
383491,0.19465883493999936
68048,-0.0803674791849982
110796,-0.11179864148999918
66629,0.07525204346500125
21884,0.23792069198499988
19249,-0.24108858834999936
72973,0.24523028676000092
16656,-0.34900993249499734
233187,0.16477727363000172
99662,-0.14765721721000125
212114,0.256506602085004
226090,0.11747720485500146
108154,0.18587703635000086
14208,-0.13364542958499825
108160,-0.0686687834500006
260408,0.19892156640500236
319742,-0.27113241931000154
14815,-0.08776075829999819
73353,-0.2107445660449958
107753,-0.29170508628499814
17880,0.26122233512500204
208936,0.17200951783000162
58223,0.15423897583000112
11833,-0.1737525872999992
14362,0.19669274470500042
545428,-0.12977741142499966
20526,0.29221108329000245
22644,-0.10826882786499503
13426,0.16921294234999706
240068,-0.19625454490499816
233870,-0.09094734589999653
227723,-0.1229106610449957
78925,-0.1640100489400007
209776,0.12693734188499928
27762,0.2433669708900048
68755,0.12381302255499982
11764,-0.07598437229999533
209550,-0.1689735170300013
26887,0.16674457635500062
20652,-0.22914016895999545
72413,-0.15449863113500228
97998,0.24318683642499916
73332,0.17094941588499868
246747,-0.22487404468000083
320563,0.16240930132000297
69541,0.2148403224849993
217847,0.20360540033500207
75736,-0.093895918429995
18646,-0.06803538589499958
268890,0.4411466115100007
217692,0.1126014969150031
100689,-0.14296402616499915
19888,0.2619770889400028
211232,-0.18949187705500004
22116,-0.19368174163999896
14159,0.09473011016499733
240880,0.14758667307000195
72982,0.2429012533200039
16514,0.32719198177500086
26370,-0.08877416394999926
18693,0.2671696259950034
223267,-0.15664585850499702
67781,-0.1558948384250023
99035,-0.22594403260499796
327747,-0.23925695040999884
72341,0.17906057076999904
23985,-0.2006076612199985
14302,0.2383682136300016
76507,-0.1735565454149981
218294,0.09783974073000046
28036,-0.1384277270899954
15586,-0.06736626804000423
12585,0.12628444170000463
67134,0.0803055278999949
99439,0.08431272269000267
104799,0.08628211875000247
57755,0.40037623781000065
237178,0.147383768380001
26563,-0.19059280222499897
29876,0.08387385959999527
24052,0.13639564696999784
54131,-0.1032517867999978
13856,0.2515748762000012
108655,0.10812971350000211
68955,0.2240768103099997
319945,-0.1294770626649946
16424,-0.24400882746998853
54368,-0.07140850809998334
54194,0.09022452151999794
75329,0.23069777726500273
227095,-0.08890158368999757
17846,0.11271779915500346
224805,-0.2087309803699977
192120,0.16684142080499953
30938,0.09775573800000359
238386,0.19724404422500053
240675,0.2489624751950008
12351,-0.07430244629999905
67981,0.16535957516500233
216161,0.16432967408500154
74717,0.2166247749500032
58226,-0.18397225296499986
71981,-0.2517167280949999
98999,-0.10524215292499406
12038,0.22858462260000145
18530,0.1524719396399994
18821,-0.20081258310000027
217666,0.15954702498500417
18751,0.1651765940999983
72007,0.19570454465000076
58203,-0.08468221268999265
21912,0.3296051633849988
69536,0.15969988749999775
19094,0.11424689567000001
380711,-0.15595907426999922
320158,0.2057091922300045
66603,0.15644838600999922
333654,-0.1885746419649994
52563,0.24610225345500059
636808,0.1884485451399991
69547,0.27449782612499973
207521,-0.2392996950400006
23874,-0.10228272011999806
215855,-0.21004254865499838
252903,-0.07407235592499539
232174,0.19040324978500145
11826,0.1254926293000036
76784,0.06349082480000767
103136,0.23255412972000222
217031,-0.1848278217399999
12344,-0.2615125580999993
217302,-0.24566324706500042
211948,-0.19973905543499892
74493,-0.3528746602999977
320500,0.06935677659999762
238803,-0.2025704912750026
11980,0.10964963071000344
22295,0.15984847837999983
18545,0.14886206671000313
213539,0.22764511844999902
20347,-0.26748355194500206
16439,0.07765443874999889
23959,-0.1307993502349971
110842,-0.07385012736500052
67592,0.4529581488249983
20747,0.08581815170000162
20655,-0.05418204150000072
11878,0.21876694220500248
68564,-0.08179022094499899
12014,-0.12492455164499638
72587,-0.10589609688000223
27273,0.1359927092699995
20215,-0.20544078220499795
330301,0.20605879029499974
30054,-0.2365708578449981
268859,0.15604989707000083
83382,-0.07792937904999064
71449,-0.20273968627499706
320183,-0.3199545722649981
27041,-0.07075919234999262
226098,0.2139272763650042
54607,-0.2265288053399992
83762,0.08318982420000509
11655,0.08775163996000579
11735,-0.21422702510499825
12593,-0.19217247264499893
56508,-0.1842534135199987
208820,-0.2234454278699971
11803,0.29935252417000324
217593,0.28099162323000026
271970,0.17397455850000076
207952,-0.07857068369999709
140571,-0.18883143847000028
18994,-0.17279532568000056
109785,0.10552080550000476
116838,-0.1448334205299986
225266,-0.20052293231499707
13711,-0.19337623555999972
22184,0.16324327468500233
72881,-0.08581612363499591
381813,0.205783636735001
104871,0.15673965763000064
17528,-0.17980887930999856
108151,0.1811531083250002
19335,0.19396641071999854
15977,0.13873601571499794
102566,0.18162827941999904
69740,0.07663461271499195
103655,-0.17032994963999837
243931,0.18474976917999975
19043,0.06426056150000292
71973,0.09428513740000177
20442,0.09081287245000347
13797,0.29913849912000234
269181,-0.13781954676499986
19130,-0.20021464112499787
192986,-0.12375989587500325
26361,-0.11833327351999623
636931,0.2811320178050005
11776,-0.11612380673499523
78593,0.27091855326000314
12927,-0.1692885248999989
227682,-0.0710475269999975
228355,-0.08877830329999625
76789,0.13417670539499937
236690,-0.1437177023949996
19046,-0.07481328899999617
98845,0.25177247264500124
56717,-0.1520407502849972
78118,-0.24773614008999933
19120,-0.29492207317499997
72278,0.07149289124500235
14688,-0.06524323387998976
231872,-0.06379544620000566
70891,0.16862533194499996
15199,0.1768762123500025
55963,0.1396810406050033
67864,0.12912463270000174
230584,-0.061972135309995124
227720,0.1896457953800006
27219,0.4837120922350038
11536,-0.1530369306250008
209032,0.2962960178400005
380928,0.22164438840000056
67249,-0.22862401381500153
75137,0.2086757659300016
105866,-0.16119882643500194
22130,0.43224416566999757
23919,0.21754858301000057
68703,-0.18284527474000267
22341,-0.2913770866649994
11830,-0.16773136618999818
13390,-0.18993722919999856
68404,-0.19643485403499739
11516,0.19069297838500088
18717,0.21412686845499884
102058,0.15403385708000172
81006,0.17131353728999965
11977,-0.11750567714500004
216560,-0.13304795605999864
269275,0.15122099649500065
22351,0.08425466963500838
69731,0.07821342134998588
69312,-0.1666543098649984
77044,0.15119284740999994
12961,-0.23229422217499973
19087,0.1910891068200038
94222,0.2038569714100018
228550,-0.18397203184499666
214084,-0.17196319017499917
106326,0.0999797250150003
20259,0.2411586611900023
14077,0.20675013634000194
11768,0.3458684827999994
20620,0.23196326339000306
18491,-0.2287354045299983
231296,-0.13913692238000053
12589,-0.25221033968999684
17714,0.12703176776000102
229584,-0.19674657769999815
239283,0.21890528717499924
56072,-0.2493932718849985
11567,-0.1300284293200007
20238,-0.14556083831500022
107065,-0.21204940369000003
12311,0.14398548102500053
241764,0.19149055475499877
71514,0.06789413847000247
22690,-0.24391097617999868
319713,0.14525837438000533
54519,-0.11331720903999987
19691,-0.09488834321500139
72432,0.22499259689999818
68854,0.16881643809499813
228543,0.3333246835600012
434325,0.2856617752950008
15379,0.16166268536999828
270049,-0.24929372255999915
17258,0.12172237285500387
229277,0.17054547820499888
56741,-0.12659806009999786
21835,0.1660577824300038
20866,-0.05999729754999983
75823,0.24704853526500026
55983,0.1730123876000036
269180,-0.17055064208999848
237553,0.18867569673000162
55942,-0.08305142306999258
68187,0.3890846284400018
22113,0.28780629686000037
80902,0.22096888967500083
110532,-0.14819663965499963
71877,-0.23869253791499734
97827,-0.18417918190000027
11745,-0.19028309109999686
319719,0.1310241614299983
666528,0.19168333665000015
233210,-0.17538103279999895
243910,-0.07920186234999527
23947,0.17829677029000157
276952,0.269998826860002
76051,-0.1354677922099956
12810,0.2843208683299996
217648,-0.20700841285499827
74486,0.12347028191000176
73230,-0.1692144848500008
19246,-0.05801753203999915
140721,-0.20134835386499894
83961,0.0971196798450018
100048658,-0.17398090366999508
14460,0.06907801130000202
15408,0.22865667592000127
207785,0.18877258988000012
16535,0.20771994806000027
17708,0.052829652750009615
17709,0.052829652750009615
109648,-0.08749523989999908
13807,-0.2530882644549992
16977,-0.2530882644549992
71562,-0.09096502237500381
224105,-0.08282260102999928
67299,0.17887122577500225
227753,0.06104540545000425
381110,0.13564383306999872
13642,0.19915496136000232
13197,0.13966482638000777
56045,-0.09097177074998797
213575,-0.2271030962699987
13731,0.17486820612999754
69754,-0.10572910819999493
65114,-0.18643782480999693
107368,-0.2500958025649984
19395,0.05726812770000578
381305,-0.05221673218500378
56264,0.17668918172000048
64436,-0.06917093728999468
227648,-0.06917093728999468
12705,-0.20333340157999835
54364,-0.18065062497000195
11905,0.26987208541500163
216859,0.09510363820000656
216858,0.09510363820000656
229782,-0.15962806620499315
241230,-0.12928716359500125
53382,0.19375789712500158
57442,0.22970214875500172
67150,0.09500499908000037
373864,0.3006448965700028
54613,-0.08400868359999158
106042,0.14868310084500447
216835,0.13385228353000178
101187,-0.13286491520499766
75746,-0.230276433004998
382062,0.05807194960000395
52662,0.16601082287000146
208677,-0.18170971693499816
245038,-0.1981895507499991
320938,-0.08706104160000194
69017,0.1337720153499986
23920,-0.09504094589999923
244562,-0.167515070259999
67391,0.07851302070000621
218613,-0.09764634568999941
384214,0.30520064084000254
225608,-0.2519244416450013
15559,0.18064289250000165
240121,0.21237752395000076
117109,-0.07692581800000298
192287,-0.18882487792999392
192950,-0.28636664307999915
74775,0.06971330464999781
328795,-0.07981244284000333
17992,0.07959975415000109
225341,0.15770409819999998
78076,0.18115539982999973
14163,-0.13754752584999697
319734,-0.1631313414999962
217219,-0.22647853601999968
276891,0.19656949326000017
242735,-0.1511878989850013
22026,0.08543781939500228
243958,0.0701832954650019
75510,-0.2507567419749974
66124,-0.15652720498999795
228839,-0.11710723217499641
72040,0.18728722041000223
68895,0.23474176402500024
66082,-0.10607743611500453
13490,0.15031413366000113
16560,0.13251853135500635
171167,0.14254921111500085
231876,-0.22080365625999576
574417,-0.2252356947699985
20751,-0.06883811934999962
16890,-0.1631658400999978
58243,-0.3356453429099995
54630,-0.13060552091999522
217011,-0.1422761256199978
16521,0.1275100781850078
11846,0.13480696186000207
17885,0.17274483724500111
53414,-0.054858782394997974
66959,0.16466793310000094
238555,-0.1781280209349978
69675,0.13727415316500124
245536,-0.13186804970499644
217344,0.13123748050500517
230734,0.10272335289999823
217194,-0.24579228141999998
213109,-0.11153281420999761
70572,-0.1422718649650001
74978,0.20728083532500197
232973,-0.17881046227999509
22193,-0.11667505580000004
268482,0.14474902662999956
269633,-0.16571823972500077
68947,0.18501682597999958
104725,-0.07399141903499995
70427,-0.18062686463999977
234515,-0.09227611945499703
22293,0.15476094502500226
11666,-0.2126708938099977
76294,-0.1335144334049989
70892,0.17730359617000246
75564,-0.1770787261649982
382913,0.11446202659500093
93735,-0.1960565198399964
140498,-0.13954261073499863
270091,0.1766247663800007
432763,-0.10978365046499938
224705,-0.07448538464999999
74302,0.10133306760000238
16891,0.14764590519999787
27404,0.19986909040000178
232976,0.22703622120499922
240055,0.10257867969999879
14283,-0.16414140495000185
381112,-0.16432749888999698
17387,0.17953623808000252
71474,0.13078326383500016
171388,0.1535316128750006
15275,0.08508432795001042
269389,0.22687825079000135
494448,-0.08460199945499447
14042,-0.20590218912000502
384281,0.22065172418499923
77593,-0.11329400203999729
50780,-0.06060667749999027
225872,-0.18304930638499783
69228,-0.09845682734999883
20474,-0.13377808961499937
20256,-0.22436668742499855
83815,-0.07562783893999914
14394,-0.13933339631000052
232493,0.1992423430550021
99382,-0.09343917471999674
213081,0.1847067505499993
13506,-0.2330346490099986
77110,0.05722408528999878
234366,0.09246230638000341
76453,0.23576606519499954
68874,-0.16037782269500056
14127,0.08926055055001392
320234,-0.13444594897999895
19291,0.06807885946499681
20563,0.2305146778150009
26938,-0.21136517555000012
74682,0.1919046139350007
236727,0.14250478976500247
219149,0.1400558324650012
106407,0.17042578304499756
232035,0.15322155579000096
94279,-0.06578150255998949
21960,-0.13300164433999795
140781,-0.14668930598500296
238257,0.183906504465007
73809,0.16434935744000168
238880,-0.24128683038000087
56212,-0.07919068654999784
214425,-0.20616851780999967
227700,-0.04709862645000129
66734,-0.1359710422799969
71599,0.17319853154000242
216853,0.05332472455000037
240913,-0.1510664803299986
67393,-0.1131353148949934
241494,0.11771596618500002
237781,-0.1876085200499995
11858,-0.2364930064249977
21350,-0.12955383900999928
50528,0.15692982414499967
22289,-0.1385688830150027
76640,-0.1379996365849987
241490,0.07232801901500174
69028,-0.0982345074199964
68205,-0.07355090070999992
110891,0.1364847499299957
320267,0.18708471334500665
216860,0.0646148852700037
192188,-0.15503179776999954
64406,0.17915945271500222
320752,0.31103932986499894
20813,-0.06647381149999454
21673,-0.19106531242499614
102423,-0.16321680567499897
72795,-0.0532856106999926
67128,-0.15304029506999584
12411,0.14130379771999912
56389,-0.06043264854998931
16150,-0.06363206765999507
70408,0.18247420461500052
100737,-0.17639156610999773
67291,0.12547686223500243
242248,0.10379443510000463
246788,0.16407043225500129
320460,-0.22395697385999735
223499,0.12172480740500191
230828,0.1836152079250004
74237,-0.1883704511549995
209378,-0.17177564278999835
319370,-0.051231976350003094
226025,0.15541680346999875
29807,-0.14048807595999957
20495,-0.1311734888349978
19221,0.18014008692500116
70383,-0.14129226611499845
21899,0.0927919238600019
11518,-0.058640553999998346
71768,0.08575363235000166
15394,0.23067934083999786
52670,-0.18278271497500098
101861,-0.112765764789998
67290,0.12078395630500172
378425,0.1884113380750012
56297,-0.17138304921999925
16452,0.051855355249999846
11669,-0.0620876006499973
56490,-0.06578680275000437
56543,0.1380558446100011
330319,-0.12301458459000036
69627,-0.15967990052999959
67896,0.2957242022600024
20218,-0.075941744244993
66929,-0.07450601118000222
238217,-0.3670731587449998
270685,0.11009162521000526
12970,-0.22617094219500178
68133,-0.06891405398500261
18291,-0.14458180651499974
67634,0.11454684295000117
17292,0.16173877516499902
77697,-0.14722434981500054
244416,0.09829200845000408
20657,-0.20028622668500073
70785,0.08452453889999845
244682,0.1694501895000018
21338,0.19947878320000045
78908,-0.2323806903849972
102614,0.14915196259000174
21808,-0.17662793356000073
17168,0.06463676665000051
320869,-0.14139243370499965
56418,-0.07835738361999312
210162,0.14936004658499957
69305,-0.09777239008500338
68214,0.12842211849000051
242838,-0.16950075928499997
17189,-0.2956824596799974
231070,0.17446676228000246
52250,-0.139216854814999
66427,0.09614399111999994
72787,0.1605747683800054
320747,-0.2603392648549985
19885,-0.2603392648549985
23872,-0.059249367180003176
242466,-0.13716003682000055
16969,-0.09550371839499938
20163,-0.05374910729999627
78816,-0.09775209494499926
241528,-0.2503674711299997
266744,0.22007676114500052
227746,-0.17486388067999759
77411,0.1756371285600018
18858,0.105066526165003
21855,0.053941187249998634
54401,-0.05234802535999883
20979,0.18497810641999646
16177,-0.15421815895000002
101543,-0.19753125935499938
633979,0.17319551936000188
76580,-0.07232276525999382
68054,0.202863884205001
20660,0.09298441694999582
11684,-0.06998426604999608
18984,0.08290613659999835
338366,-0.06784566901999689
21689,0.15028871504999985
20462,-0.14684018690000045
77809,0.1143331945950008
631304,-0.15232292633999922
212377,-0.08956575400000055
22377,-0.05758801529999502
29820,-0.21985404796000108
21388,-0.12830246534999823
103743,-0.17082134967499885
77739,0.24911061524500155
225030,0.1929544676299999
80750,-0.11314126406499803
328365,0.10306653590500936
72075,-0.04872338909999563
619605,0.064736972700004
80986,0.14360755217500154
18002,-0.05891435875001072
17201,0.3596278551800065
69710,-0.09122871239999775
18607,-0.051838351934994975
12616,0.16107338280500372
19712,0.10017751758500282
13110,0.17525488546500068
237860,-0.09897964218999533
230674,0.074461182590003
75734,0.09558735069999535
69772,-0.24212598693499965
74843,-0.12882681547499875
381823,-0.20086887336000103
66326,0.15555066291500275
104582,-0.17143122219500118
12265,-0.17831604702000092
668929,-0.1792985252049979
269604,-0.14237279949999504
71690,-0.19327091297999655
102032,-0.05836728201499497
211446,-0.15329354757499836
73388,0.13300433402500023
22668,0.07780474502000523
238330,-0.07269898336999425
78834,-0.11549910740999891
244885,-0.12758424579499916
227120,-0.23297973888000012
448987,0.14353425699499844
193034,-0.1796982893000001
239336,0.18836179108999662
13346,0.0739609291699983
68671,0.061042948900002614
14011,-0.1483270629299973
14123,0.1432464998500036
19707,-0.10278042967500234
66230,-0.06832303027999842
74443,0.17395140451999946
14121,-0.12547997728000038
328789,0.17645045481999988
14804,0.19382482921000266
76499,0.2204477908750011
55934,0.0623491871499926
329547,0.25262272636000027
272551,0.19036426958999986
68797,-0.24636356909000012
234724,0.12331945472500294
15160,0.25945317503000354
217331,-0.06051600250498801
18108,-0.12508176072500188
52713,-0.06166572530999659
68796,0.0690321105050078
13163,0.06153484645000695
140806,0.1574769131100009
266781,-0.05359813234999322
69784,0.18214816543999746
12591,0.15336174641000344
22688,0.2141901742100023
214766,-0.11450182501000095
11820,0.14612245801000157
277468,0.2349307928550015
107449,0.1431159310999992
11932,0.23195377617500235
22421,0.1506762100250012
13389,0.19003975021500086
73316,-0.2292113139149965
665525,-0.13344935961499882
231727,-0.14425101721500067
20609,-0.056048081399998395
67187,0.14952775744500446
226781,0.13853682485500096
68014,-0.11980450133499776
237422,-0.095265604695002
68614,-0.07463466171499711
347722,-0.18782565282000085
18746,0.05411828019999909
241196,0.18863355426500084
11775,0.16065607334999932
107146,-0.28430979578499915
66229,-0.10538100364000336
12228,0.08920673805000412
118453,-0.19045728866999934
18218,0.25781914266999806
217351,0.1061751794050032
380918,0.11884022264000471
70601,0.08971512241500434
66818,-0.0824365608649984
668433,0.14772570824000208
170771,0.1583843071900013
68519,0.1894927653700007
215819,0.165928613670002
208943,-0.19824164585499693
320587,0.21746611086000112
68385,0.15495889636000193
77963,-0.16209564080500005
269870,-0.15069871087999864
98711,0.23722674267000432
353148,-0.12513081182499963
15550,-0.29025136674499485
12259,0.17604827117500044
20860,0.13660012222000528
16492,-0.1141300998899979
12955,-0.1037851932500029
67068,0.050259640900000235
382010,0.17059128147500502
13848,0.05156302259999279
56485,0.18897583683000096
237926,0.15026192236000302
12672,-0.1246601002349994
67027,-0.12060031212500189
69020,-0.08361876429500192
52466,0.11665005353000346
320632,-0.08130586000999962
66648,0.10743833054500396
66952,-0.14853976722999773
22229,0.08342571120000741
59125,-0.051052432749997934
83410,-0.049862822144998376
23821,-0.1871075391499959
269536,0.05972381587000086
74626,-0.11145136726000171
380773,-0.05742213060000623
101513,0.054096257950003945
108112,-0.11314510104999442
212898,0.15613504587000104
103775,-0.15793550469000017
64424,0.08893434937500366
76251,0.08823005575000309
74338,0.15805236125000022
228357,0.2084806380400024
18417,0.09557278177000317
54422,0.14135306102500245
68344,0.16878745625000224
22428,0.04633050910000591
15251,0.14009416034000255
233079,0.1040860114349984
56207,-0.05115153635000347
57437,0.08661874390000257
18488,0.15848359072500173
114774,0.21526482530999935
242620,-0.17751299645999685
269116,-0.12017115528500089
270163,0.16428910402999897
208188,-0.12879503077500098
71911,0.06484388988000767
668110,0.08132012688500101
224092,0.06407346834499705
380669,-0.18030607066999726
214568,-0.2065846218850016
67819,0.04977847365000443
239691,-0.1647498272750001
11864,-0.1863329407449994
71183,-0.17609635610500263
57890,0.10237787440500057
76265,-0.057726740724993064
56699,-0.06350355952499953
217653,-0.18052941788499854
16950,0.11079907963999958
242122,0.16154684014000065
77286,0.27444105276499986
18013,-0.14953308464499937
20787,-0.1793251539049976
66282,-0.11627647281499698
69962,-0.11347807063499715
18414,-0.15244906057999774
14257,-0.12360242825999901
76454,0.1024531128000099
70616,-0.07843234199999394
232878,0.12155502110999983
235587,-0.18429233108499776
16597,-0.12021971351000227
100340,0.23802199294000292
16581,-0.15506437394999928
24087,-0.11764028582999986
56398,0.08006489249999582
218877,-0.1310455860049986
13512,0.12740565358000122
19354,-0.08958513299999815
22051,-0.07966076375500108
72568,-0.12525683003499566
11624,-0.16933267312500133
320118,0.11036820582500351
19362,-0.17596041688500286
207958,0.08833067565000086
107260,0.09045596572500259
101314,0.05380122964999501
209446,0.05288118586000756
75563,0.11786018722000069
56095,0.09904609206500137
20682,0.10102728911999925
13867,-0.1465352414500014
231214,-0.1419928544650002
17865,0.1005368664800006
26879,-0.13135168431000022
268706,-0.1119328265250008
50914,-0.09472458974999975
53375,0.0671692229850045
72195,0.23612076859500286
71345,0.1524834908800008
21825,0.0650705860500036
64293,0.16100715309000124
73379,0.13155898390000065
208777,-0.11969155062499937
16005,-0.16282862850499757
21407,-0.18640730226999924
78134,0.1567207886900004
210004,-0.09534979058000115
18997,0.18747007829500006
54447,0.14124447224000303
230726,0.1641097632350066
14547,-0.058710390859998185
12426,0.15544231970999967
381549,0.11457255081000195
215008,0.16793796589499888
67568,-0.13742126469499905
12822,-0.1392956466449986
69029,-0.04168870269999658
224829,0.2304633797150002
20775,-0.1422766626050036
22788,-0.1880876775649991
14598,-0.1828311488099983
16599,0.06038502029999293
101401,0.10498633264500201
14245,-0.1128221271399994
327956,0.1120564790049996
330953,0.19914468065500168
70497,0.05205201085000688
14079,0.1914742628600008
56406,-0.09462200978499347
80890,0.1934495260700011
224440,-0.06430975772499359
30942,-0.13771110317500135
98956,-0.11307026143000432
231093,-0.13717090538500365
67719,-0.13958082512999592
67554,-0.14028425569499792
432677,-0.14937240171
94242,-0.17913216466000037
23924,0.05501647370000029
14812,0.1544493753100058
114741,-0.14812086808499725
50782,0.06442568000500515
26359,0.08676751423000217
57315,0.06521642796000648
59308,-0.169303806749999
17773,0.12052508985000188
17855,0.04326140836501047
381246,-0.20130930080000065
110862,0.12329216439499957
331046,0.1389975493850013
78913,0.13885455504499955
64706,-0.17997252380999962
18040,0.31965128190000147
22045,0.09795306628000278
114873,-0.17724893824999866
207259,-0.16669520844499752
104252,0.049077681499994696
12317,0.05469179355000264
27354,0.12099675728500436
66971,-0.15956589769499452
67122,0.2133371364800043
13710,0.15867680812499962
20017,-0.13288144241499467
17388,0.17080243839000087
66871,-0.13820447064500208
432516,-0.1467394160499964
213053,-0.15125249688999887
242083,-0.14269224701499628
20370,0.16128134314499976
16904,-0.09372304838499712
83379,0.15751274300000162
241516,0.1460192638100013
105675,-0.06779630410999715
58180,-0.15080406134999436
11416,0.1479314063550019
23857,0.13994531839000235
242443,0.18250480358000054
67795,-0.22358031671999834
74375,-0.08432082274999964
194219,-0.1398767655099986
11432,-0.13666270476999642
195359,-0.117374306224999
13421,0.11486280926500392
21366,0.05766083234000874
14314,-0.1343519811599978
327958,-0.11026908323999862
22779,0.15271983545000456
229541,0.061641499000005595
213945,0.17181926901000333
225164,0.10286307120999982
80985,0.056031054900003596
16477,-0.14532139537000166
217882,-0.06586094419999355
207911,-0.15949859490499962
67615,0.07119466270000707
381457,0.13779897066000135
666060,0.1174166428000003
54377,0.15020852243500116
231130,-0.07566906584999877
13593,0.1732669311199979
72027,-0.05887863240000257
67573,0.15347417455000079
67914,-0.15416564110999786
269713,0.1425821509750005
21894,-0.08644494449999485
17926,-0.10490529582500052
11838,-0.1628259978149984
12867,-0.05794027820000025
71310,0.12915593250000246
71254,0.14390585808500145
241612,-0.36948060059999843
12957,0.10136838211000132
211064,0.10582199978500029
53869,-0.06991161370500265
52184,0.16948945010000038
12823,0.15096349023999966
67020,0.1947157370900019
11441,-0.17095429361000036
14682,-0.051981592595001125
18072,-0.25553808343500073
71765,-0.06972097774999853
246782,0.06630858183500443
12006,-0.13750013389999882
276829,-0.17684186052999618
72931,-0.04081040169999639
244911,0.1418520233600029
13688,-0.05894580154999218
12753,-0.17853410196500086
76877,-0.13075083395000053
67473,0.13199160314500258
21337,0.10463614600000604
214384,0.131228155665001
239857,-0.13517115193000162
195727,0.13000709014000256
69453,0.13916060654000217
407800,0.14419321003000007
20514,0.05168262367000942
50766,0.15949845666999973
18132,0.12488352857500207
232854,0.10681471898000083
11571,0.13403991047000297
215095,-0.2021598382900014
13498,-0.15010329882999862
66468,0.13965593421000122
70571,-0.13115980947999795
214804,0.2029582060000017
338370,-0.1700403940350017
242894,-0.10117351596500157
20501,0.09559309117000048
241624,0.14457291170000452
330409,-0.15554143244000063
58231,0.06066962240001139
239570,-0.0376439821999881
14580,0.1369892615249988
20522,-0.13308341792999911
105445,0.13461589396999907
76421,-0.1300677360199991
12145,0.05799831490000251
13645,0.0610202305600005
71943,-0.0942675660550023
69511,-0.0940748944899985
17128,-0.05306839791499662
15469,-0.049739915500001786
243867,-0.1017914863749958
13664,-0.05738969324500154
66643,-0.1575859608399992
77891,0.07575564719999761
27260,0.11597934186999925
76707,0.08349948671499696
320806,0.06626484383500397
83490,0.08064808157000236
56626,-0.05994570817499145
22195,-0.0418109404999889
83395,0.11087200385999996
22349,0.1290559752900009
244310,0.1289928695000011
17294,0.06509967558000618
16998,0.0916311023900036
67844,-0.06858807536999834
14622,-0.13013748900999866
20443,0.13851481725000347
29816,-0.10378400416499467
12331,-0.048812961699997715
65103,0.06723231034999877
107250,0.20340317181000334
13617,-0.16310205198500238
93835,-0.15056605110499888
16168,-0.11387338235499644
208098,0.15192828062999952
17684,0.06435084403999802
72074,-0.12174514705000039
105513,-0.05085948774499549
66423,-0.1892511957549976
74691,0.2134707358750001
328949,0.12117050581499944
170788,-0.08507110496499681
66904,0.1654689919900001
22223,0.14985868679999736
19713,0.10848649291000134
78832,-0.11018417521000323
18563,0.21206002711000238
67231,0.06003681570500241
232975,0.08072018005999837
19123,0.16558486821500118
102098,0.05911031699500313
104394,0.14809072787499922
69481,0.12121128804500092
338362,0.18954449505500026
70884,0.1831169642199999
109910,-0.0643805052899955
67200,0.05194062361500773
26561,-0.16195468455500261
14799,0.10927308009499992
17330,-0.09502512682999686
66264,0.05382234305499978
27278,-0.16854573063499778
15430,0.1660914897100012
14169,0.187777939650001
79043,-0.04651663959999652
54126,-0.055405861370006804
235439,-0.03746172475499243
13347,-0.10209298366499642
269585,0.12013249392999992
98258,-0.042698840549997286
20899,-0.136036312174999
74762,-0.1452741133049944
231128,-0.08780398183999338
70031,-0.12557647080500045
269994,-0.10850751471000031
78541,0.05310337284499944
103694,-0.09755180409000008
234311,0.14753528700500285
78772,-0.13025376127499833
50769,0.15125814558999728
14165,0.08141433568000167
329727,0.1279059369150044
53623,-0.27632104532000046
70370,-0.15629425834999866
227618,0.16810311438000314
64009,-0.11756211229999991
16834,-0.044977897099999
235033,-0.097852788264996
381678,0.12268185916000096
170728,0.08871649066499909
54376,0.09244799546499882
67217,0.10252864428000308
68730,-0.04765611994999297
67849,-0.06492244102999845
78733,-0.10329812747000133
74737,-0.10496854867999783
19698,-0.06272492449999945
217335,-0.1350499966699994
54373,0.1310617829900007
110962,0.059996772835001266
67085,0.10149134109500269
20404,-0.17364609533499742
107934,-0.13825160695999905
216154,0.03555172659999073
19224,-0.08586100861500157
13870,-0.0970491179100037
74499,-0.14227754621000077
12263,-0.12697527492999683
14962,-0.12697527492999683
108934,-0.0547694180349918
210148,-0.11934582552499684
18976,0.16432981981999806
213527,0.20375096439500462
70405,0.123976233855001
18175,0.0817296472800022
22413,0.16140199455999893
50912,-0.08539815299000075
14463,0.11705661475000051
19701,0.11864226346499862
236285,-0.1120057078149932
331461,-0.17518467746999988
71020,-0.12431217894999946
21678,0.12442728449500207
16399,0.07456102799999975
71769,0.1614738125600006
237542,0.1614738125600006
237560,-0.15531612708499942
18584,-0.13686975574000204
100504689,-0.13405591679999995
268882,0.12418302888500055
74022,-0.05413034943499717
76497,-0.039980670399991425
15112,0.14084358082499904
320360,-0.17584730661000103
30785,0.07537036748000148
11855,0.11851062884000196
67618,0.09404162525500137
215445,0.08984930811000336
19344,0.13718053314999956
223666,0.050239906310007854
223665,0.050239906310007854
26422,-0.12319381449999778
71869,0.14259287093999973
270151,0.07750123476499837
22323,-0.04392600197499519
244694,-0.1286532961049982
108943,0.15346370186000335
212632,-0.12234103876999747
21391,-0.059182303824993454
319613,0.11481995071000206
69900,-0.1223632918650015
98660,-0.13182967342000262
66395,0.052253815150008265
100494,-0.056375107339999175
19084,-0.048952885299989646
19091,0.14841782046999885
72649,-0.1069246743099983
56310,-0.052957142649992406
12928,0.04484170683500288
66962,-0.10973859810999986
107686,-0.043893004999993934
15205,-0.09504441308000011
19883,-0.15142718561999846
12231,0.07769397795000366
107371,0.054157577765002074
74257,0.047745743900009074
66674,-0.1226059029199984
11841,-0.05563058412499089
108760,-0.10254620007999948
50932,-0.07251312626499562
13046,0.06546749620000014
19155,0.053231116430000114
117160,-0.13712354607999888
18027,0.12745433567500353
12445,0.0424279861999981
74362,0.15189846342000202
68159,-0.14103253758999745
13041,-0.060731715770002026
14702,-0.04391110249999741
66077,-0.045028762549994994
231580,0.08421170950500212
13350,0.126522117960004
17210,-0.05979041974999433
66066,0.04727736080000611
14225,0.0412740318000111
56644,-0.06836318639999384
18185,0.08657285522999958
66789,0.16950529059000008
64242,-0.12029744694999733
208659,0.09324173229000188
239318,-0.13078271298999988
67968,0.10039285602999914
67809,-0.12469940778499833
23796,0.09688499588500044
23992,-0.12393208939499889
12534,0.1386459104799993
16194,-0.05621467574999173
75388,-0.10165567950999899
242125,0.18806362512000296
66813,-0.16066822121999902
171095,-0.18297042044999756
13874,0.12971940654500314
233651,0.09921365044499675
64656,0.036452061850004824
84095,-0.09324358417999967
268281,0.11060742052500228
435811,-0.07323917007000036
57390,0.18788194459500218
70885,-0.0702873434400022
229011,-0.07084784264499788
332309,0.09512149477500165
100213,0.12145287804500082
68525,-0.23032195591999827
26971,-0.10262696883499878
223697,0.046935512450007266
78806,0.11416551848000145
381983,-0.10110454596499929
320685,0.13044138607000022
77125,-0.14154070078999803
100504183,-0.1074648088500001
59046,0.18045200603500167
12799,-0.040290626599995605
243914,0.10659553403000377
245622,0.2679614914799977
18787,-0.1378935358249982
104245,0.0833416639900002
233246,0.1158681002750015
20537,0.12794872916999944
66627,-0.04564327186999684
16180,0.11836140578000443
75901,-0.1056856559899968
67448,0.1415758602000059
16513,-0.09675060696999926
77055,0.07639812122500089
11992,-0.07504489744999887
18671,-0.10486196353499899
66296,-0.10408380406499873
319586,0.09730984130500264
224860,0.04332338325000684
18571,-0.05660838109999311
50772,-0.06294213812499905
268782,-0.1449208491749987
14623,-0.08746057451000011
78808,-0.08364498370000018
20617,-0.0500454020999932
11815,0.18167367437500115
68153,-0.051013578310000085
78321,0.06695289446000263
381534,-0.11774161252999749
15163,0.06493021985000524
72898,-0.09942969734999707
11529,0.08512581571500011
214305,0.15473388534000154
211480,-0.15333074680000003
19671,0.048301903109997824
107971,-0.18999344107000127
22671,-0.1364758092450007
217718,-0.07639978116000101
232371,0.14144060191499896
18537,0.04541214484999756
209512,-0.09296224453500024
23882,0.04508509771500613
77041,-0.1525476259949965
68760,0.07124114280001059
321007,-0.13442345076499862
54419,-0.12065429028999786
72404,0.13123464491000103
434778,0.13551581852000094
329738,0.07132552246000223
66069,-0.055218734369995914
242505,0.17576031746000087
56711,-0.11448358031499906
73062,-0.06679044862999994
68845,-0.037062149949996126
20741,0.13111369430500375
56316,-0.08849831667499863
17182,0.13008105863500008
71472,0.05466220591000415
328572,-0.08719547448499654
232801,0.1296132638150027
252868,0.1519256884999982
53603,-0.140181297774999
75590,0.14884098956500047
19933,-0.16247995005499938
215690,-0.14406559913499528
240832,-0.050852684579995255
56226,0.15433332246000298
23928,-0.10847234576500142
14767,0.09737849958000222
74492,-0.09878904931499832
104816,-0.14057552390999994
328381,0.11360449083500157
53357,-0.0806412439149975
218624,0.1006568491700035
209027,-0.12218698346999979
78783,-0.04301093355999974
56384,0.05543750303500339
104248,-0.08638796097000023
14066,-0.14228060698499867
28113,0.05363117421000041
22368,-0.045656569130001046
100201,-0.08905665654499817
224020,-0.06629070355000088
71968,-0.04119775670000436
13845,-0.06159937614999045
235344,-0.09440535545499706
544817,-0.12010851024000058
77485,0.11143049305000297
235533,-0.11050019968000058
75572,0.13557410168500184
70873,-0.13394798965999932
64143,0.05441910489500579
71693,0.08494145437000089
328035,0.11852848672000249
66407,0.03502799051000416
16403,0.06579204024999896
21841,0.1360596161400025
23832,-0.15419536254499766
81909,0.0869052646999986
14632,0.1264232008050019
24046,-0.10294731510999888
243025,-0.13245098808499733
19417,-0.08454420357500103
56612,-0.04343796669999733
66142,0.055746560599999384
67645,-0.1171631922149956
170823,-0.06172429197499785
216871,-0.0788666336149988
208431,0.1867625429900004
16432,-0.032265219099993914
327766,-0.09780339444000052
241525,-0.1518758530050004
232943,-0.1255654131699977
68961,0.03731903885000243
15110,-0.10841793524499721
20148,0.0443362394500042
69542,0.06190626041000158
107476,-0.08880001194000542
207182,-0.151336120479999
117158,0.11581926081499994
239096,0.12812272032000127
50907,-0.04883606145001096
76483,-0.05235229326000024
22762,0.10216108248999944
76917,0.13065862671500117
238896,-0.07332762052999886
12211,-0.10763425592499853
74580,0.13613349017000154
69480,0.099045584405002
233744,0.11206258146500492
22360,0.12827451093999986
330188,0.11690169239999859
232345,0.0931649448800016
14421,0.05157102845000594
12336,0.03543006380000158
97820,-0.0550206314499988
72254,0.0724134373949985
23971,-0.10305116493500144
239554,-0.10986013691999563
67895,0.03882985304500153
18033,-0.04954812193499958
18968,-0.13705016359000055
20129,-0.17079816979000118
14151,0.040484948500015605
107995,-0.12964512673999984
71207,0.05051090379999579
56805,-0.08397240684499785
56522,0.09649154201000032
16665,-0.16614345587499812
16186,-0.06475220185000019
98193,0.03160184095000318
240665,-0.08814475597000015
320051,-0.06478016591500069
73130,0.06107520900499708
18521,0.03387120795001586
140476,0.13552610780000052
101118,0.10344824270000252
76282,-0.07062367445500062
18760,-0.13722681116000102
21683,0.21319484846000147
56631,-0.08544901705000196
216739,0.19490350814500124
76376,0.13990609629000073
320415,0.04652706585000921
72141,-0.14446431426999906
54353,0.04658268815000177
16589,0.040554342250006314
78651,-0.05468226479999849
14806,-0.09784736267500005
213603,-0.17785636806500005
97212,0.13410508227000495
14080,-0.10764542017500123
73182,-0.047376572764999736
224088,0.11767150935000359
403175,0.12263056677500117
11774,-0.04553801074999697
14699,-0.10439037441999943
68166,0.13840054374999955
66290,0.04000011474999887
13035,-0.11381646550499713
99011,0.11116949418000033
74591,0.1538573477350007
69538,0.1146882330050012
75826,0.043946687405002294
19126,0.1098918104999993
73046,0.05070374329999616
55982,0.11608828027000229
266614,0.1034164208850008
96979,0.0717999439100021
242851,0.05984679357499978
78388,0.10547554257000247
94090,-0.07618987852999748
17199,0.17659702410000033
76365,-0.11239604505499878
269959,-0.08510511037999935
54667,0.15918564857500117
257635,0.06467495021000147
107528,-0.04492942157999735
215653,-0.04719321329999815
26942,-0.09961782024999888
320844,-0.14200251924499874
243574,-0.11654897132499897
228094,0.12543190878000487
385668,0.25314998487500073
68567,0.16251473755499912
234086,-0.12313490896000001
217716,-0.13491451846499825
17913,0.05527994988000273
11993,0.05478788375000221
12267,0.13220729910000184
19179,-0.03868881179999839
20449,-0.04438028368999625
140557,-0.15141565974499782
353310,0.06309692990000215
14161,0.12649341601000064
328329,0.09569383275000032
170752,-0.13621241031999887
11705,0.1549798861700009
57138,-0.06502014550499702
192195,-0.12141354019000072
229715,0.09599891559000095
671232,0.09747934897499944
228677,-0.12323912602999876
55947,-0.09675259397000202
15529,-0.14847417235000115
16680,0.1223090248999994
380728,0.07208492215000106
109205,-0.14673220378999918
67418,-0.03931572848000009
237831,-0.10921660354500062
110593,0.10387556427500133
14748,0.05368274588499933
26424,-0.09070325717999905
19214,0.12192891893999969
51786,-0.0803233339049978
171504,-0.07091179028499361
83436,-0.048884646219995886
16494,-0.11064352838999891
13511,-0.07562611804499797
229302,0.12881716685500155
18019,-0.07103517453499464
71971,-0.10814468642500064
320538,-0.06367234037499969
16775,0.12695728835000208
67929,-0.14984166481999805
54609,0.08518569976500334
71985,0.040631986600004666
12741,0.14650587326500197
331487,-0.10872199626999812
194237,-0.09813694229999959
72145,0.0921543603850008
66882,-0.029688620294999524
12469,-0.04074345542999325
26382,-0.058300226440003655
20849,-0.047102543154993626
545389,-0.08450999795999703
22793,0.04805654439999607
73139,0.07692255719999608
329251,0.0994354165749991
212541,0.1082032859050015
192176,0.07299597740000152
67143,0.04849375360499941
224813,0.09568252231500018
210009,0.09440283557500129
192192,-0.04987747396999964
71709,0.09128959747500076
71046,0.10518873632500458
11771,-0.051420234384998764
16875,-0.11460230972999863
75416,-0.06532962251000196
76895,0.04274389973499915
77532,-0.10226127953500264
27374,0.05845017678000097
320111,-0.09103515969499831
17428,-0.04838265364998762
224938,-0.051660352265002984
22210,0.05211573150000248
20656,-0.039083057499999185
17755,-0.09471976783999914
11907,0.06456209219500053
107227,-0.05411407662499279
240690,-0.06979227165999902
18771,-0.12073577283998738
66255,0.11309461928499953
233987,-0.11520965010499129
109218,0.11048405828500174
230678,0.13680218515000275
94191,-0.09662594163499971
225724,-0.08030022717999863
237987,-0.11963793994499872
20321,0.09696386100000076
57432,0.057978369609998026
72672,-0.07509228407999746
103284,0.04246123304000449
433292,-0.12347558189499441
69399,0.09819393788000674
67867,0.03513139506500629
16193,-0.08621881800999809
72307,-0.047038178429999356
269437,0.1913121771200017
76223,-0.1035752477050007
67252,-0.08207646030999882
73047,-0.09363022756499806
53892,-0.053295541974999416
622645,0.12560259502499882
11837,-0.028891919199995897
65972,-0.04675524914999585
217864,0.05361582596500192
20665,0.0942953522600023
100113398,-0.08783436635000363
74840,-0.04334147145499401
217198,0.13317728189500233
66722,-0.1157277161549981
80914,-0.04959207173500069
218772,-0.07170269031499688
212937,0.1562819031500018
71287,0.09786223456000132
233271,0.07907100378500154
66497,-0.06490432850000083
433938,0.160676627640004
268780,0.1252066445650022
228607,0.04422060877000078
100986,0.05322163452000517
11555,0.06531161685999542
20351,-0.04304286680000047
54352,0.06204635222500077
18431,0.08703916770000308
16183,-0.031124573449995196
18203,-0.031124573449995196
16322,-0.09150077029499659
68938,-0.03829143920499156
263764,0.14818761369000022
18815,0.1134339567300029
244448,0.0955654954800007
17133,0.08479609615500205
76299,0.07411848817999633
22376,-0.036319232999995066
76612,-0.05709206980499992
69721,-0.12485213838000409
56044,0.03382884370000028
27359,-0.05027578069999805
12686,-0.1125595768249994
68337,0.07119362896500014
214137,-0.12433873380499794
214704,0.10157169053000192
546611,-0.12605799042000054
73466,0.09575914471000058
14612,0.08937111747499937
108686,0.09548496292999697
12817,-0.07238581364499685
140489,-0.1141591002100002
330721,0.09235462635500014
74020,-0.12160938416000011
18053,0.04463068304999851
20402,-0.05932646079500081
93966,-0.05207499344999533
22590,-0.03260690129999766
93961,-0.08022990145999964
56697,0.054346897765002566
16421,0.04023123200000711
227624,0.04539819866999473
66671,0.09152735991500371
107173,0.03356234322500029
231583,-0.09654747797999974
54124,0.08753425762000244
57230,0.04345260810000173
74243,0.06461473532499973
67758,-0.0738559088299997
69083,0.07881138319000014
27062,-0.10637826114000148
22283,-0.09683681101499841
216881,0.09471284989999784
12374,-0.09702766361499826
381798,0.08940938862500225
76183,0.10889472977000292
382051,-0.06593328275999877
14085,-0.06752288312499832
68169,-0.09800280279999996
231474,-0.11442389351499882
75739,0.09663224134000092
21888,-0.10986541699999908
108155,-0.05220970568499794
71861,-0.0764931801099964
192662,0.041770762600000566
70928,-0.0861396757049997
22145,0.030949422600000887
78339,0.033762369400006875
12847,-0.0518707873299995
237362,0.07106737902000049
71481,0.10669975848500268
77031,0.04053802770000381
228777,0.06622224032000545
74229,0.08838219518500123
74019,-0.09685566672499668
14676,-0.10527503062999344
19345,-0.04159325380000034
320713,-0.11803095713499889
109272,0.12102462738500108
76779,-0.048720450995000775
386463,0.1166932273450012
56229,-0.10795433921999908
20878,0.07296001726500467
22422,-0.07971546250999939
218271,-0.039310139314995496
246086,-0.12166937977999703
224090,0.13433425599000248
11921,0.06445790431000242
30052,0.06573125325000184
226470,0.04986515372000255
16331,0.053254107050006994
98415,0.04321793007000174
26949,0.10958856812499995
19023,-0.08924518267499826
75507,-0.0925786951849954
76768,0.10491434933000088
245877,-0.03711314044999625
71101,-0.11191078653999753
547176,0.16473151425999877
213171,0.09494203168000137
66079,-0.03859272123999524
114230,0.11155511827000231
268739,-0.11073450582499955
70466,0.11207580499499992
67468,0.03674543250000539
20754,0.08599428262500242
69748,-0.038726942399996744
216505,-0.04274321035000561
71365,0.08046044975499811
72124,-0.05080494550999859
53417,-0.09534453841999913
20346,0.11865543731000283
14088,0.12504185663500422
70024,0.13333693819000114
67224,0.06010773289999971
217138,0.1084845683300002
207607,0.10963066853500036
20492,-0.07801935702999785
242721,-0.0342604362000003
619289,0.10956233257500081
112418,0.08429328020999982
56012,0.07800345903500183
68328,-0.09627578171999929
70864,0.06959272296000085
327942,-0.08585590576999902
20773,0.06154996334500318
209239,0.09806738362500411
16151,0.06892959221000261
217304,-0.05745553976999851
16396,-0.040590026309999416
382113,0.14907549626000272
71099,-0.07254922457499546
21925,0.13407098253500216
27973,0.03153569595000327
16572,0.05671049505000081
216439,-0.03301573262999824
107568,-0.09316272198500108
83433,0.05911118815500327
22169,0.08102884105499708
68802,0.08611687693499892
74121,0.10742258192000165
19654,-0.04818430805499574
18993,0.12213457088999968
208982,0.10098217825499978
56706,0.0780823146250027
18222,0.07846840635500474
56760,-0.03315527340000379
12933,-0.10968170790000009
217149,0.030204571200007635
68846,0.10311966994499855
215854,-0.06908153015000007
109145,-0.03139889258499906
67161,0.09449507485500153
72267,0.050710993445002295
13618,0.11808473691000021
71838,0.03285412286500389
14615,-0.06898238964999814
11477,0.10316998771499897
54608,0.08770571456500242
15245,-0.09856136407499871
223774,0.1324537509799999
17929,-0.06968927796499802
57741,0.03971405880500001
20589,0.055713648485003375
72482,-0.03411375451499765
66859,0.07599188170999671
11836,-0.0399346559499989
18679,-0.05476934652999965
19672,-0.03986677990999077
103199,0.03134808137001244
56846,0.07589695195000168
627191,-0.07827216620499922
114602,0.08712368249999969
15432,0.07057530541500023
207704,0.07168396342499683
171580,-0.045811967949994425
74268,-0.030962931210000377
54123,0.07884991734999858
11827,0.04387362049999943
20340,-0.05775105579999007
224139,-0.04176999530000458
218989,-0.1265523416050014
14865,-0.08202897684999932
54369,-0.03759040676499659
71228,0.06632500189500146
56739,-0.04778580766499729
15530,0.12974119491500335
207209,0.10272572738500196
56838,-0.10885943176499913
64452,-0.07998992569999963
68058,0.03875618437500172
71059,0.04146098490000938
18012,0.08430185976500226
22415,0.08401834975500178
68585,0.040774412715002484
103844,0.07333687118500087
56298,0.06902977319500181
67516,0.0559908291850002
73919,0.11011976324000194
14275,0.0895718846800051
74035,0.06887888359500227
217109,0.0649164630999981
140630,0.07321667711000313
77090,-0.09303691569999728
20618,0.1033110120700016
14859,0.07713534442000203
22059,-0.09891282921999434
12560,0.15534568298000195
67075,0.046892636780000885
211550,-0.05643438736499462
12305,0.07253415861000079
106628,0.05818480944500681
69804,-0.03130604489000177
666279,0.14220859685500153
66805,-0.09356055602499591
67123,-0.03841524079999914
75221,0.03054549713999677
58172,0.033945009875001375
381605,0.058497261160009195
67729,0.07846785113499788
14313,0.07980197795999988
20339,-0.15641914615999886
268396,-0.08489366479999916
15929,-0.02700545329999038
13058,0.05107278196500076
66601,0.08562109366000348
105732,-0.14040722267999772
67434,0.11395464150500345
105835,0.040799414200002104
319475,0.06219027994500337
235527,-0.09689756505999902
75196,-0.0702555295900007
59056,0.07321844222000085
83560,0.07138705935999923
12671,0.09866934803500182
14065,-0.10189095863499853
73324,-0.09242749828999886
11632,-0.036107576549994747
15925,-0.09384773733999907
67416,-0.03282335925499957
16527,-0.05353664917499579
26570,-0.1089216599399978
17906,-0.11533312882000057
75219,-0.07495380276500097
210801,-0.06853703430499847
12877,-0.07994970437499971
14616,-0.06421513114500055
55990,0.10757748617500296
67728,-0.041983721709998534
17988,-0.027706054849996775
67610,-0.03889672574499947
381686,0.06287640126500094
65116,0.03374435759500294
75729,-0.08466466629999747
11842,0.029844699250013207
29873,-0.08291209118999898
14256,0.030393746950000633
217378,0.1326509793549988
399558,0.058514787334999596
68971,0.09716499420499947
14595,-0.02665153774999851
80334,0.07900231523000079
94213,-0.0744757203500015
107221,0.1053193559100003
241568,-0.08635318783999857
20248,-0.07250117950000146
53605,-0.024813587979995333
14610,0.09054296224000158
71893,-0.07766758087999737
319455,-0.07078774247000119
226976,0.03567617943500245
100043757,-0.07657269853999615
18992,-0.12832966199999785
14778,0.11662836958000167
57436,-0.02903364374999562
13191,0.03506153580000415
382077,-0.0767135783699997
381339,-0.057734511779998776
218038,0.11255258848000071
20336,0.07289815280500278
18979,0.03841944386999829
11307,-0.04367806986999767
24064,0.09481872560500015
18302,0.09309287850999759
100045792,0.06682748921000137
84505,-0.0754310595900014
171180,0.06485487524000044
170780,-0.09166900218999885
22337,0.06738138457000176
212772,0.034388452799999136
108148,-0.02973014460000023
226999,-0.07917737778999712
104383,0.1044256685000029
68202,-0.034897204600001785
56632,-0.03481763170000285
18736,0.05987113509000075
26932,-0.07340603578999971
231452,-0.03230291558999454
226747,-0.03647334713999495
18633,-0.025020086834997457
24063,0.06635258815000178
67121,-0.07388583358500078
233887,-0.03800349706999917
67684,-0.036992325200003506
330463,0.07121517832000013
21412,0.0839220310750024
16971,0.06033125746000234
243967,0.049998402575001766
433931,0.06445635814000106
665180,0.06847626158500209
230126,0.1086364936500015
74245,-0.0769442307899979
52276,-0.07751432694000027
114142,0.05316945630500136
67049,-0.03636021667499634
69837,-0.0877609275250002
77951,-0.0692596258800009
26419,0.09889560787000118
17281,-0.03389381716000006
78798,0.05407698693000462
67578,0.06347508587000128
14658,-0.11723645858499898
14089,0.07026597237499832
100503041,0.0843348775050008
17181,-0.06473066205500011
18806,0.08709765554499604
270893,-0.10636352010499861
15203,-0.06157911657499593
93757,0.049341651544999365
52463,-0.06033975070499853
68146,-0.049935912395001836
75828,-0.07630828400999778
70052,0.0788185420350036
320299,0.11620491773500508
19088,0.0232469727999991
15485,-0.07230510440999804
75869,-0.03548171992000171
240776,0.09807791316000003
78653,-0.031744616599999276
239606,0.040817031600002274
13876,0.1018548257350016
20473,0.0678765956950036
19127,0.07839382344999901
18613,0.032562782910000365
17920,0.11752756055000191
12798,0.02649856960000463
18575,0.08013927188000025
229595,0.07487650029500426
14375,-0.03304135027999244
14263,-0.030953562345002794
226744,0.03570960956500002
110595,-0.0767742799950013
22401,0.0690039953750059
78833,0.0253060752499934
17279,0.07772706942000207
382253,0.08015370072000083
75291,-0.09041363311500028
14660,0.03936712664500064
69354,0.07345856177500032
22166,-0.029643323699998447
71804,0.03957545904999371
56847,0.04874522451000107
13590,-0.061417655290000095
93872,0.07887568714000004
70713,-0.06780580138499381
224656,0.04063479484499943
18546,-0.0834162142399979
56013,-0.09317513708999936
16351,-0.07817760498999782
66513,-0.031567124780000455
210622,-0.05368203672999794
14051,-0.08123054250999662
239250,-0.07381364210500108
75288,0.07419399704499918
14459,-0.07189224166499919
72479,0.03770207049500662
110648,0.0783174403000011
11889,0.09053016756000609
21406,0.04563316271000328
67182,-0.037878140899993085
13599,0.07868447180500171
66449,0.021688943650001846
19332,-0.07934093428999933
108811,0.06327830315000238
22275,0.05599896120000736
170734,0.07626491116999956
74552,-0.02944181485000641
76832,0.09409159755499896
76652,0.06684678991500181
434903,-0.13998900556999816
233033,-0.037906820599999946
23831,0.11902500281500128
18004,-0.07680556689499785
73916,-0.04351573654999541
108911,0.043882073135000255
240899,-0.07482477608499849
23996,-0.02409542759999006
67052,-0.0554056079149996
76850,0.04609517918000172
22129,0.026810543330002545
215194,-0.03424523144999547
101437,-0.0365750502099953
58988,0.05654892053500138
209815,-0.04200829932499239
56085,0.03965268574499703
16002,0.07706647879000172
277432,0.06258785467000427
70999,-0.0322854184099981
106338,-0.05364515926499802
13612,0.058187193054998865
73068,-0.03840399769999614
218811,-0.03840399769999614
66235,-0.027748430300002624
14709,0.09947833069500067
52076,0.08266282790000368
11602,-0.06783170164499941
208884,-0.02966957743499954
14772,-0.07035450417499511
106763,-0.07366901213500032
211401,0.06675083809500482
57776,0.12438928440500119
75317,-0.0671177281999995
106639,-0.04500365015499952
263406,0.03888729900000243
60441,0.06802927675000081
433485,0.09009200095000214
227960,0.05504062889999961
12501,-0.024120611949996373
16678,-0.050121882094999126
68653,-0.035392646814997875
20476,0.09054320837000018
21410,0.055960724410001994
231866,-0.10353843004500085
436022,-0.04639816651999773
78795,0.04750605095000093
20667,-0.051739845924999806
329877,0.08913932365500088
626870,-0.06070905637499857
12773,-0.06991608201499933
71954,0.053760129054992944
241289,-0.09012690783000066
108841,0.057964398600000244
18703,-0.09592405006499893
170750,0.026319026850005756
17475,0.04296880687499982
223658,0.0950173156350047
105450,0.06700916797500112
80908,-0.06769293202000215
231327,0.08740763269999885
22637,-0.02787945735000008
17311,-0.06128812861499888
12380,-0.03922819859499693
53895,-0.0298818518199937
12156,-0.06345911254499637
58222,0.024131641985004393
75622,-0.08036560809999926
271786,0.059732139030003406
67586,0.03493805122500149
16578,-0.06323487925999949
94061,-0.04210710732999878
72230,-0.08558123173000087
227210,0.0507627057100013
382864,-0.03616684967000161
56443,0.0294083188049985
72201,-0.09146544591499417
81500,-0.027870561564995455
192140,0.0724099535800029
71829,0.07589165462500125
230767,-0.030118544209999598
192190,0.08862905628000473
226162,-0.035299644724998025
71147,-0.05980927193999808
245469,-0.08023858197999711
80292,0.0704268754849986
22348,0.0435378804600024
68926,0.03447322905000583
208650,-0.07632026071999665
54646,0.06743220821500451
19773,-0.07011076993999632
214899,0.04351835285000405
94176,0.04421929106500144
71836,-0.07152356555499928
18232,-0.09418717266000032
226539,-0.07755335548499787
66147,-0.02384606639499509
228662,0.06158761499999921
68295,-0.029605944829992126
20317,-0.07274532560999969
195236,-0.057986138329998216
70779,-0.042657474730000366
14708,-0.05541605201499866
27979,0.030761114490001518
66273,0.05736528760500459
69752,-0.03138424470499501
15201,0.09726660035000112
232313,-0.04830232317999794
21400,0.06469620676000165
100039139,0.11001845204000116
70675,0.03363560651500208
14287,0.031283708930006426
12448,0.05550584776000056
330096,0.0648269034600002
22757,0.0268349053100021
225998,0.07816272113999911
193796,0.028463033705003582
21789,-0.059069885279999124
27373,0.024414459780002673
68992,-0.06267033337000072
72167,-0.04002506490999469
70598,-0.09739853554500133
108909,0.024839460400002622
241327,0.09033665600500074
22160,-0.06789976915999851
243912,0.06913274867500263
215707,-0.0244494549999974
240239,-0.06945354729999842
170644,-0.022165292339996867
435285,0.0672917385950047
18606,0.0885561168000013
240725,0.08273997417000167
14149,-0.025069395304992526
109857,-0.07218732522499316
13508,0.057599480824999105
76491,-0.05237640629500184
76980,-0.05082350520500034
21687,0.06496463355500248
14234,-0.07545497819499847
11777,0.03303142143500004
23957,-0.10369712938999864
67731,0.03663743939000241
218820,-0.07016093751499941
69780,0.037407924660003644
631797,-0.050965152399999436
97487,0.03785130136499948
244556,0.04395268764999649
14248,-0.031068382399999095
73713,0.07360784564500067
381259,-0.07664891581499944
319660,0.08749537835500298
12909,-0.017745143994996937
329502,0.05405845769000095
65111,0.02270897929999549
319200,0.04026291321999942
13394,0.06606265396000399
67801,-0.0566158847399989
23801,0.060672622660000286
241431,0.08349426773999902
73649,-0.09383316043499867
244281,0.05616772659000269
78558,0.060053072720002376
78506,0.05707398739000258
210741,-0.07186946609499856
14936,-0.03552115895000085
67596,0.024084264504999453
11500,-0.07912277803499723
52430,0.05502434602500639
77945,-0.03834652903499958
72053,0.03188381960500397
56322,-0.07269551708000144
53607,0.035757295145000256
26556,0.057997102165003867
212531,0.027081232749997852
170625,-0.031892020255000375
14368,0.04274424722500125
20450,0.05494366828000041
13609,0.02806346180000574
269702,0.06867270988499996
56737,-0.05482003571499661
109778,0.03443848824000462
244879,0.06521798763999875
14652,0.06368384107000402
15377,-0.05803107330000046
67480,-0.053461335855000236
14919,-0.0761339283199991
50905,0.06832326060500016
70054,0.04666199938000393
16519,0.07452451336999788
20686,0.04692156508000256
11491,-0.060638455864998164
22004,0.03988223228000631
18948,-0.054764090049995495
171207,0.027241895650005787
21356,-0.02212077499999765
213326,0.07121963937999976
74096,0.028340889700006144
21405,-0.06559495013499905
110078,0.029363612790000104
234852,-0.018630612579999095
22342,-0.04695487803999843
66120,0.04968399370999954
11600,0.029732547884997018
213248,-0.06025000878000064
319594,-0.04812195468999647
219181,-0.05420683812000071
57277,-0.07797772156999905
54711,0.03768884632000624
66844,-0.06442397640000141
236930,0.024751577160000426
140765,0.04490381952500222
21954,-0.05262925644499994
16198,0.06972774257500003
12854,0.055241946335000236
18783,0.03851964596000279
230676,0.020276227210006326
66141,-0.02706700869999601
72184,-0.06005033649999536
387515,0.05314107048500194
18749,0.01938094885000119
22215,0.06277364402500396
16671,-0.04445985417999854
101631,0.05024579662999873
53619,-0.04961082216499335
319322,-0.024238794650008444
24127,-0.06976138065500237
54371,-0.0799833864699977
63953,-0.057302604650000255
56351,-0.01836838809999719
20529,0.07045309882500295
67537,-0.061513674699999576
228942,0.08997064253000175
210356,-0.060336564069998655
16414,-0.0248441144999898
78306,0.06529422715000166
22038,-0.057023857134995914
16551,-0.05804502521499666
52717,-0.020323317364997706
17872,-0.039406413749993874
15926,0.060377615989999356
14805,0.06331637026499948
242570,-0.037364481950000084
242341,0.04578120409999986
78255,0.023097164330001974
630146,-0.04424398193499979
227485,-0.06008794889999525
109332,-0.05651495358999892
114565,-0.04730121815499988
230558,0.042944558495002116
75079,-0.052950905654999936
319670,-0.0739149335849989
234854,-0.03373489048499678
27096,-0.024275006814995947
19820,0.06416964550500381
252972,-0.02421642610999797
237615,-0.03540650347499952
110835,-0.0538925720899992
319197,-0.03452863703499709
240261,0.05872764178500134
19943,0.01808648420001191
330554,0.08246999017999723
11844,-0.021144507300004278
574402,-0.060129647690000176
13603,0.04485715377500288
20687,-0.07114027025499947
93891,-0.07315224984999968
231691,-0.08285637222999931
100504663,-0.0203518123499995
207375,-0.050046446405001
76826,0.06392372408500169
20334,0.04800165280000179
380840,-0.04855092071000211
22388,-0.018035218599996128
213753,-0.03766211880499615
11923,0.08131024532000186
209456,0.06418120014500239
78267,0.06984645130000011
378431,-0.04411011417500443
72205,-0.026562417459995658
226551,0.05430158090499848
67974,-0.05289016634499788
329795,-0.046266424594996636
50778,-0.06568392330999995
16867,0.06910560279499878
606496,0.018175448900001
57329,-0.05510447097999949
217124,0.01905133255000635
67959,-0.024796408494994537
232314,-0.03728258325499212
17392,0.08483485010500003
22092,-0.04870157964999855
12419,-0.06914895263000176
328092,0.05545905628000636
13487,0.044409766489999836
223780,-0.0568448608750014
108000,0.05406516781999926
14158,-0.03946545859499917
224897,-0.03817242118499653
21826,0.03675226341999949
66492,-0.01804741139999244
75750,0.0727547169900018
12896,-0.01883460927499847
98932,0.0186412377000007
233115,0.05436146065000269
17869,-0.04195037013000036
74451,-0.014363213399994024
67492,0.03848638811500127
239556,0.04117207055500316
71586,-0.037287702149995994
54141,-0.04577780700999945
75646,-0.06752493307999918
244144,0.05115601766499989
213498,-0.04872476290999561
50915,-0.05020439535499843
241919,0.07519953039500038
328258,-0.03795095378499891
11551,-0.03797471197500002
74159,-0.03778173709499644
214901,0.06356078781500063
71137,0.055755068064998525
66985,-0.019977141969999224
74055,-0.06201036179999786
16675,0.09899499817000024
107587,0.0501790479600035
380969,0.05129358698000441
236511,-0.05001691509999606
74133,0.03488794998500078
21414,0.022655749049995677
20471,-0.09133646110999649
78803,-0.05744620178000126
227290,-0.019473012659991795
13854,0.015407880500012183
108086,0.021114208084998864
226304,0.04842544546500083
30939,-0.0216191685999938
74148,0.02103822642500397
13361,-0.04329365718499911
214855,0.017178253450005343
22024,0.058619067895001375
72077,-0.05767809337999941
20810,-0.02866730058000222
219038,0.044005136879999185
70472,0.05436255961999947
225443,0.08545743314500065
66183,-0.046375224539999316
241576,-0.02618861989999921
216197,-0.06888769075999956
72778,0.048856586630003473
12640,-0.04945270171999727
240633,0.06484959268499857
17936,0.01794671909000023
13982,-0.050029473669995994
21846,0.045903507240002916
13601,0.020184147499994864
12462,-0.023842617649998843
75766,0.05642965899000174
237930,0.047843832985007495
54390,0.020286087390001484
74470,-0.04724390137499812
228012,0.014334552655007826
242100,-0.07366586973500322
69371,0.03476661453000052
22288,-0.06504278755999415
381853,-0.03699987180999731
51795,-0.047444568670000464
54167,0.020474795384995303
83671,0.04159517882000152
65102,-0.01860001620999796
70426,0.054618765570001226
224807,0.030359708034998434
71323,0.04893510232000109
73094,0.05051367527999684
353025,0.055143111490001395
234344,-0.020336814259998448
328967,-0.05419449025499912
20672,-0.04951191998499871
217951,-0.05327012982999779
434246,0.05225004240000075
210673,0.049450483000001544
240064,0.03644802627499777
60367,0.053882119285001195
227801,0.050155133120001416
383075,0.037319491585001696
72393,-0.04276216140999978
56874,-0.042705281809999995
269060,0.06931234255000174
245683,-0.046983802109999306
12700,0.0669256586350011
12364,0.039086157770001684
70560,0.05458565087499778
69060,-0.04105954890999941
328779,-0.06204677907999567
242285,-0.048600189864999255
227331,0.025480549685006793
192651,-0.04950772911499968
14237,0.0456982635150025
76571,-0.06295605031999951
245670,-0.04723848183999646
67846,0.04022229791500642
17698,-0.021050161699990966
20350,-0.039988394569997254
15445,0.07761018243500262
114143,0.016942757630003413
69698,0.04598672998500142
209586,-0.013262213799999145
434156,-0.035292840105001666
54411,-0.018244674529999116
381538,0.04655306914999979
70354,-0.05164941621499608
68626,-0.021332770394995038
12298,-0.04809803363999965
319965,-0.01962985624999014
24099,0.041397996504997536
21393,0.08216979849500206
22431,0.024716616160001426
22099,-0.015819600694998215
17219,-0.019745118649998616
16790,0.05992558613999943
68818,-0.014842530600004622
16816,0.04640268745000009
63954,-0.06797744239000014
192113,-0.03595882119499905
78330,0.014059113000005397
54636,0.024797232599997443
70423,-0.04273791007499472
72002,-0.03562651171000297
239796,-0.04380030140499791
629747,0.044870058125000334
51938,0.07718832323000235
18476,-0.022343674799998325
217733,0.07001531973500041
12466,0.04772795075000058
230696,-0.040673157999997045
226412,0.020446685300006706
67296,-0.029138458419994073
77706,-0.03794581933999952
66440,0.023423290320004675
72003,-0.04521669583000154
67445,-0.0602680850599997
73723,-0.01659494769999803
66259,0.0421303400550026
243300,-0.0449416676049994
18010,-0.012673424450001747
320292,-0.0200966028600007
213389,-0.036626391685000925
71132,0.039390569360002736
244891,-0.024452323505001594
29813,0.03574563535499564
109254,-0.04914815069999845
12516,-0.014733828300002472
110749,0.018762279000004156
66801,-0.01546406184000304
12790,0.04796886718000204
225432,-0.03965113167999945
66383,0.018947374599999733
216613,-0.05718329572000069
101113,0.048085175089999765
29871,0.045025590645005664
193736,-0.034109335680000186
100504234,0.03574136175499998
74316,0.016868607910001998
21827,0.040318984649998946
12914,0.01381872754999769
13486,0.018482488154997867
99480,0.015575619900008775
69592,0.030378204629998518
216156,-0.019934381545001045
408068,0.024488215875001274
68815,-0.017770936349997157
73447,0.017413795445001767
107765,0.051715531240001944
140917,-0.04595475581999864
320165,0.015566617865003352
382562,-0.04501462889000196
68401,-0.015466793799989276
76943,-0.046587910499997776
26406,0.01373878731000211
382985,0.034434752770001076
110809,-0.015592832249996746
70810,0.07961984104000042
67010,-0.01902337111499719
20724,-0.08792183338999982
74435,0.04406975161500215
68693,0.023074709195005205
72033,0.05875670524000176
17120,-0.020197647279998066
69540,-0.037178539264997035
259301,0.03614481728499941
20779,-0.044199144059998474
20877,0.07728898190500066
72560,0.04420365524500269
57314,-0.0210548607000014
240025,0.05092957731499759
74239,0.020688417735009956
17381,0.05540359713500109
407786,0.07598282407499646
14020,-0.027994305509998263
76890,0.023059295099995936
20181,0.03627549720000278
237253,0.026480231315001213
14232,0.012909021149996036
50817,0.04337316476000108
244757,0.04251903099499854
73681,-0.0366165166399961
237459,-0.026481104610000195
75660,0.01392653933000787
12455,-0.0415814988499994
22350,0.016381403550004947
66283,-0.033004324449999345
242093,0.0398379188650031
214230,-0.06588662325499861
102774,0.04000305247000657
19366,0.02752365520000044
17523,0.04294542449000094
244202,0.039536306675000965
19326,-0.012416108950004556
100502841,-0.038369242875003984
381810,0.04004533200000182
94179,-0.030440504749999153
381290,0.036723388605000906
11634,0.03156873187499887
18627,0.03852946460499851
19649,0.035160806775001774
56436,-0.014337343785001622
66696,0.03467612461500247
238455,-0.03449606462500032
214189,0.04238667901999982
109305,-0.020569421345000727
272347,-0.026248092239999465
320709,0.03713418535500068
16373,0.04038501402000083
103963,-0.011624376499996814
67226,0.013593590835007774
12345,0.012035224100003461
76900,-0.013083988424996917
74648,0.032114013255002405
18130,0.03710676062499951
52428,0.033779056940004715
26458,-0.020116579689992697
73677,0.023199477640003963
99138,-0.013164328739986075
320910,0.02550940911000188
22355,0.03168889735500002
15372,-0.036470803559997655
22784,-0.035050498215000836
56375,-0.024465826204998375
29819,-0.03479333084999858
66530,-0.010860274549994386
66096,-0.011723182649994612
433813,0.04237977165499984
19051,0.037197915375001944
93739,-0.013704410099990127
66618,-0.01256294969999594
94088,-0.05981989104499741
497113,0.037119503215000904
83672,-0.019412622870001783
332175,0.049277011549999195
240667,-0.03352756528500045
56417,-0.011992782049992101
12395,-0.033607790149998706
18440,0.02722747872000042
53857,0.018718520520002002
235050,-0.03529307663499992
216001,0.01022652385000633
72621,-0.034027940874998386
233733,-0.03590052559999801
623279,0.06644055402500326
75141,0.021496089455002476
12330,0.013186126595000403
98256,-0.013998495949998357
20467,-0.00899786899999988
215015,-0.024216706584995862
226049,0.036858089955000395
72181,-0.03657192783999896
14528,0.035392598889998794
107701,-0.019908920829999843
244071,-0.04325140576999775
74528,-0.03047438084999765
17193,-0.028934963634996258
110084,0.020882325280002334
117147,0.03334289589000239
381580,-0.02589462735500092
73660,0.029785102035001287
78308,0.010782215610003476
76338,-0.014096198745001232
72832,0.05973415053000064
28240,-0.03501742306500155
17978,0.014091314070007854
20475,0.028163884630000524
16529,-0.03437352204499966
320560,-0.012868244199996326
94253,0.02078678885000329
381485,-0.03455592851999967
231801,-0.02022514623500271
333315,-0.03217586941999917
244698,-0.035709021404998875
108083,-0.015234502119996662
72082,0.0459738480700036
107815,-0.02185382427499505
235584,-0.020025602309998725
27660,-0.043968334829998845
239037,-0.021020025229996353
384071,-0.026946156269997523
213989,-0.026946156269997523
19651,-0.020844105770001065
228850,0.01627691857999558
74568,0.03447526645000121
23892,0.058410914260000446
102920,-0.028863021800000332
67547,-0.034799456980000976
26946,0.025874908175001377
71723,-0.020286117004994608
74306,-0.028103937444997396
77065,0.033024217904999986
30951,-0.03088809379499935
70166,0.02975854172000192
235567,0.022635534590000894
22691,-0.032100538525002165
384009,-0.012171154309998045
24113,0.024480886285006775
22284,0.026492009300003616
19144,0.03218152210500058
17847,0.02708357913500503
71722,-0.017803419799999887
22326,-0.027565073180000788
19361,0.03148286961500091
105855,0.01583191131000561
11628,-0.030778109219998573
66109,0.009976960850000438
217038,-0.008278586399994126
11938,0.028786567435002297
14714,-0.03781863894499837
20511,0.02632890482000061
230837,0.0282703563550033
68070,-0.03037759413000085
236852,0.02582042858999989
226040,0.02389247491000024
116873,0.03239762628000342
52837,-0.028453399200000007
238055,0.032317611449999006
240726,-0.020531782794997788
69654,0.012153051800002146
17346,-0.010704165339996408
18810,-0.014866634599993489
278279,0.04266567802000054
12458,-0.017273704549996438
239546,-0.019479151334998335
234825,0.009288571750003527
241275,-0.033866305369996574
68758,-0.01121247976000106
242642,0.024970687215001952
23827,0.02886824921500164
320808,-0.03166018057999764
68188,-0.012274811810003783
109242,0.021201526900000545
260297,0.02351091001500194
23854,0.0164114828000006
21784,-0.019612056859996674
69085,-0.01364915729999261
53321,0.022144837254999494
52690,-0.011272171184989688
30924,-0.02371582930499816
14447,-0.026371143049999546
70478,-0.030294012599995312
239027,0.027718405985002192
225861,0.019337897314999353
66870,-0.009652060800000584
21750,-0.012616944759995974
66058,0.05132732792499528
218506,-0.024375049960001505
170711,-0.02454591632499703
243963,0.018515573300002863
77407,0.008978540100006427
74012,0.02099366402499747
70044,0.034263072654999505
109637,-0.027987082300000132
18767,-0.029396757465000256
214791,0.02110156886000203
140488,0.015951341705001454
224405,0.03267525120000103
20911,0.009848932650005082
270160,-0.021859890929998294
12916,0.016610813299998917
244329,-0.024182666654996687
20448,0.020943736660006707
329278,-0.017833211759998857
67620,-0.021902731284999533
230789,0.013671374125006963
216440,-0.010894101199996342
545291,-0.019162695865000412
433375,0.009301158099995988
22685,0.028530763065001352
320557,-0.03157137332499893
27407,0.007701960970006638
382074,-0.02745235867499929
17161,0.018218899810002576
12449,-0.02104465390999799
66715,-0.028708527684999208
69724,-0.008315285794999738
381077,-0.02595043353000026
330695,0.014401461165004292
69186,0.011516753000002211
320106,-0.04799410034499818
12283,0.008061383150000268
24044,-0.008585690609992369
20719,0.008160894250003992
72258,0.03643272939000264
54137,-0.014519641209998824
66422,0.00863299190000788
544696,-0.02122007811999982
234155,0.01871165694000254
18600,0.011479440610004943
170677,-0.04306117623999883
22256,-0.01173990524999624
20842,-0.012663990234997868
12827,-0.03988935953499695
73242,-0.021279301505000348
21941,0.01708471471000106
240283,0.01926173771999995
319974,-0.019152559884998865
279766,0.010349896529996627
69666,0.012543056320001966
545481,0.034829275924999514
12490,0.018399421810001648
12454,-0.010528211849996083
431706,0.011151785180002705
245695,0.02789893860999948
71919,0.008438549354996994
68044,-0.027391016014995273
72454,-0.010622682479997536
72022,-0.013851104014993787
20018,-0.008021217000001357
69564,0.019719999050003878
17874,-0.009236622899997826
12617,0.01919884636500324
18511,0.024848645965000582
15422,0.024786605795002803
56622,0.03745593708500117
19213,0.029317228570000076
68327,0.008144000365001958
217715,-0.007600430449997475
93893,-0.027178794580000165
239766,0.022505692855001147
170459,0.01659152428999633
71781,-0.018149195694999065
67983,-0.018973008180001028
22138,0.0285850721650025
100952,0.020945326495001027
227699,-0.016700563809995295
70432,-0.011288491584997118
80905,0.02142437525500318
109181,-0.021298431609999113
18261,-0.025354360494998396
66594,-0.008966335599991382
116731,0.018754964210002
68879,-0.011490067665006265
66340,-0.006607974299997821
11419,0.027244788845000478
22673,0.022796570405000605
112407,0.02184286015999959
66860,-0.04344667766499999
93762,0.008858930330001513
382056,0.00974794281000868
14617,-0.029298460875001098
12802,0.0104322307000011
231724,0.017363974580000274
230979,0.022545107900004524
68233,0.019397598945001704
80860,-0.02230748900500057
17972,-0.009102888649996643
74410,-0.00978770007499108
81000,0.014111918305000692
13631,0.019667606965001028
108138,0.010734644450002051
67898,-0.005814943449998111
381644,-0.010201415909997458
64933,0.012251424295003588
70893,-0.018596131619999845
252864,-0.018993347705001273
18813,-0.011619023954997587
15171,-0.02488510443999825
234700,0.018499404509998207
77583,0.00861767505000266
11819,-0.018229707489999747
102644,0.02885709631500255
242864,-0.013120543759999492
15182,-0.00847874914000002
17719,0.011944713900007287
19139,-0.007409303059999317
15421,-0.03141314090999803
11472,-0.018775829219998208
74761,-0.017009627849998488
18205,0.02284587654499548
12929,-0.015265473295003495
98170,-0.01484861542999516
110083,0.017598108850002347
12531,0.010047389099996806
66306,0.006322907535004418
67425,-0.0162637012949971
328643,0.01804824418500317
16011,0.014688560219999758
17436,-0.035294896539999066
19724,0.01164030969500196
243764,-0.02722212129999768
76872,0.021892339145001216
20184,0.01798853655999899
66653,-0.014848002374994174
68915,0.018134628235008776
26398,0.013374082570002166
50868,-0.00884889878000017
246179,0.010049292759998885
22178,-0.030849237019998643
194597,-0.012164415670000928
21816,0.013428529525001398
56405,0.007840169765001015
21948,-0.009817703029996405
12215,0.010319054999991195
237979,-0.011314924899998857
11640,0.020109122025003145
19655,0.007550643469998342
20680,0.019764769704999186
14048,0.008864839849998418
12661,-0.02561489635999914
73181,0.016236040800004403
67486,0.011836605135001399
257630,0.014131152820000992
19216,0.017725546150001215
67621,-0.008929578244998737
320635,0.013973178430000122
11804,0.006273739270003631
21415,-0.025137198474997735
13395,-0.022112042434998536
22414,0.012963798309998609
207215,-0.017371312409996342
268860,0.017926332125002276
211187,-0.019991177830000595
60531,0.013385996259999366
320150,0.018304869965006354
72434,-0.012920885629998935
242050,0.009061410934999348
13628,0.009267983624999587
15220,-0.01697011861999531
74370,-0.006708128624993037
66105,-0.0067034319999965675
97086,-0.018734711955000982
93689,-0.015288995355000168
21754,-0.005605658029995908
72750,-0.005992202144998515
13004,0.010471486710001088
66202,0.011098329260003759
30923,0.009879799190002814
59007,-0.014901947574997187
192656,-0.011147245784997928
238831,-0.010742462779995243
140481,-0.006687750014997995
12338,-0.02514972186499964
73469,0.005278220080006335
72026,-0.0062508873350051175
242484,-0.009415829885000448
235380,0.01099112868999974
16534,0.004621137874996961
215274,-0.016647526940000823
387512,0.011677885335003246
268905,0.010941951860004906
19330,-0.007676910819997218
12826,0.005267493440002102
27220,0.011946676579999593
66541,-0.006740546059997854
18764,-0.013709986419997655
12493,-0.0064027150499903485
54343,-0.010203794825002888
208606,0.004749520005004726
23834,0.01002667370500232
56194,-0.008949233154997849
67030,0.0052869356750004926
320633,0.01474607153500429
224826,0.008089366195002334
59042,0.004042889820002671
83997,-0.005539886619999379
67356,-0.013376829874998997
232187,-0.009682599970004091
67472,0.005677173820002324
17314,0.0055114581600008705
66266,0.0033524167400020843
195646,-0.013556759854996159
214112,0.007553007755001673
11792,-0.004408397389997987
75482,0.010076647324998689
110351,0.017218429015001924
54624,0.005428511134997649
15423,0.011239477530002429
66766,-0.0060237777999923026
16511,0.006977042670002209
15200,0.010138648305002107
110312,0.01289675315000105
233038,-0.010027340759998893
70789,-0.008273124184996483
21408,0.01207337834000155
67920,0.0057829388099985835
66083,-0.004821116419998717
239083,-0.00973910689000057
56534,-0.00949658025999911
105440,0.0044031532500063975
16552,-0.0065629460999989675
12521,-0.003959426800001609
97165,-0.0038250675499948983
22241,-0.0038926569499970753
75773,-0.015238176899996958
18740,-0.01018488406499829
216643,0.009102732049997897
23856,0.006099326784996251
67606,-0.008273907584997353
94246,-0.00874758511999918
69852,0.012802788709998403
21817,0.008105665495005354
94112,0.0039673504399999615
18761,0.003640481655004635
140859,-0.0048558541449938986
78284,0.009415801165000737
74287,0.0025278009500055987
27681,0.002446003350003778
14924,-0.00766502240999678
103425,-0.003493161849998927
20502,-0.010615962815000213
70387,-0.005126970729998348
76686,0.007987668635000666
14119,0.007005224880000327
22343,-0.007564549579999635
14811,-0.007912827464999772
319266,0.008589646745000401
218461,0.012638063754999429
22278,0.007619173115001487
233529,0.0021862338999909525
329274,0.008063495195002712
69693,0.00850011937500117
66254,-0.0031295865699938474
170799,-0.009117747710003066
218454,0.007526276485000594
14842,0.007881242190000748
67374,0.0070366612399999084
114644,0.00835820154500233
79401,0.006288637145002163
72572,-0.007183342704998985
17329,-0.005523061984999522
619665,-0.008094030304998334
54403,-0.010172790794998221
67439,0.0034403848300001982
245533,0.006273292300000399
208151,0.0073213474449982385
78781,-0.0021976888999972743
229780,-0.006964180504998474
71785,-0.0062042570249953854
18018,-0.0031860453999996707
268469,0.0030770632950058996
330149,-0.008681369290000074
170737,0.0021014253250015713
208922,-0.006666250179997668
56069,0.01286869413000069
66849,0.0026461377650033313
209590,0.007287216864999557
18998,-0.005376941879998487
73936,0.0046417728049994444
19329,0.006131606480000329
83430,0.005584576575000444
12160,0.005248168910000572
106572,0.007810695035003867
193043,0.0059336793749995564
20833,-0.0027499710999965288
16570,0.0046021366350075255
238331,0.0015459588999959806
26377,-0.0021388445299930225
67087,0.006476157030004259
13712,-0.005969056454998345
237213,-0.004242376615001042
234683,0.003138324845001428
54485,0.0030341382500003178
544963,-0.004133715084999601
545030,0.0025315008000017514
233789,0.0016663554850016027
20197,0.003834089495001969
14792,0.0016484429450027704
56200,-0.0026187209399974876
545279,0.003015682440001388
104010,0.005432425379996886
219026,0.002880075055002429
243771,0.005973887475002826
22787,0.005195459695002569
12124,0.0036636858400007632
213011,-0.004587580534995972
237387,-0.0035261527949992377
72275,-0.005156535024992692
67556,-0.0026323829599999016
225875,0.007879101524998156
68929,-0.001739799154998778
238252,-0.004426722549998097
330662,0.006694040400001988
232941,0.0040134611950009
229542,0.004097537985001232
246102,0.004198447920001236
19737,0.004553111680000388
26432,0.005582877680001097
23792,-0.003103995934998771
213012,-0.003565223429998987
12813,0.003883933465001377
320858,-0.0034634273449993813
13869,0.003827414850000377
19882,-0.001230661400001054
140577,0.0029772022600056403
109900,0.0016994622100048318
209224,0.0018489094800013817
381741,-0.002906011515000806
72357,0.0010029919250076347
14585,-0.002408359854999542
215474,0.0024208379800034763
360213,0.0023781644299987192
230316,0.0018518818599986275
15223,0.0023903328449996764
76156,-0.001995627714999948
101185,0.0015622077150023728
434439,-0.0022711933299985887
230654,0.002053414939999776
74446,-0.001655385659999009
21873,-0.0017150582000002856
194908,0.002027581600003714
217069,7.127374999988945e-4
353165,-0.0014713977499951625
68145,0.0020174901200018525
108961,-0.0016573372300019429
53885,-0.002429773274997604
353170,9.971155700005951e-4
12453,5.531311999966704e-4
57344,7.325188850018094e-4
63859,9.610188249986606e-4
22022,4.376219500041856e-4
11765,4.553966550044919e-4
331535,0.0011376251249979319
52443,-2.79207700000228e-4
503558,0.0015018835150013565
12371,-3.7383312499805754e-4
59044,3.585241999957134e-4
320982,2.7930930001041077e-4
73016,-6.023253549969354e-4
100504164,5.61579280000668e-4
16918,3.3564421000331635e-4
13371,2.9846583000336935e-4
74335,4.3316683500016495e-4
381314,2.6754621999725003e-4
50794,2.173184899945113e-4
21375,-5.03347875001392e-4
244923,-3.0429274997523237e-5
12279,4.167818000055945e-5
