MM.Entrez,EffectSize
320202,2.502037491119996
26934,2.021163374600004
17082,1.7016338326249985
74383,2.5455292450950022
66680,1.292529924050001
15227,1.9310407471050004
66610,1.644446115799994
67331,2.1859909223850007
19074,3.6679957740150027
20460,2.595760444749998
21676,2.0759346228749997
106565,1.5957153704000007
12258,2.3983435601249994
70729,1.5676746955500018
21968,1.9197175167299978
14158,1.9743390636699978
12266,1.1664972026949947
237761,2.4275446873450006
20926,0.9920590392999991
12153,2.1229022843999914
69742,1.1124559342050002
69861,1.660043698089999
239827,2.4297705009749997
11470,1.901872971409997
235604,2.4800817293199975
235086,2.0490881478950005
14270,1.5520465385000008
56184,1.7533213371450005
18417,1.5184482951250016
244550,1.293862396510006
102502,2.362352331095
18636,0.9542607789249935
78787,1.9691566167549954
226359,1.7801519815999969
18587,2.1621459199049973
319229,1.1513198617499931
72133,1.4926991817299964
11827,1.1466124394500081
53614,1.780076820105001
110135,1.9086445781449992
102103,1.2867062614499947
14807,1.4924896201999989
18436,1.3420474794500024
72147,1.4856786908499995
18230,2.005190331599998
22114,1.7570131201600008
110095,1.0934082923999995
106633,1.9340632364799983
27204,1.9617097902849983
170835,1.5457277975250001
545902,1.5794341877950018
233208,-0.8389184821500031
17123,1.9409469913349948
110794,1.3863559661600018
58206,1.2949540000500015
68971,2.497019854705001
17855,-0.6318839601799997
214498,0.9223951705999962
232333,2.143424220309994
108114,1.9938330295250006
13483,1.801395527829996
19204,1.0675935677749981
18796,1.5634798967999997
71833,1.697003670785005
21946,0.9997051058100066
320609,1.6634434494049959
380921,1.5428817863100015
243621,-1.1539484513000016
11898,0.7823279900600006
237107,1.8024704013049986
73847,1.176069668750003
207495,-0.874805421159996
19700,1.832987315785
69640,1.3101387579299963
76483,0.8940845851750012
245195,1.1540022956999962
233079,1.3319497638750022
83771,1.324375211299996
15565,2.1271978202799997
108100,1.2982533695900038
226896,1.3980715073849987
78118,2.5320940994950014
226438,1.330698135905
66435,1.5386004430649987
212989,1.6659426965050042
21934,1.2626960524550066
11687,1.794406023955001
76560,1.406913046175001
93896,2.278100150025
66220,1.2334111387749953
11981,1.6137049491400006
107566,0.7434510942999903
240023,0.7083876974999974
217169,1.1754590843399946
74778,1.0867413686000003
12977,1.2012011188600038
14179,1.680742834614998
74915,1.7946918544600008
225631,1.3667719810199994
18602,1.238064372804999
228839,1.2076886295550011
14218,1.9075097552100004
50930,0.8201606866250017
394252,1.8527998313050018
93723,1.4457980728500042
14611,0.9384455849000002
12728,1.7345251641049995
20361,1.2713093370050013
114304,-1.3522893050150042
353310,1.0437560189500044
12955,1.1980579477499997
98314,1.2263776624599965
19276,1.312893175820001
21906,0.8518054353000011
270669,-1.6482761977200049
100073351,-1.6482761977200049
18663,1.106848423939998
70527,-0.7621386625550004
245468,1.1615942288899976
385377,1.1615942288899976
53870,1.3155539835100019
11655,1.6218365895550004
14262,1.4427680076600016
67037,0.8577983518000014
18598,2.1117189871300024
15451,1.315849914110002
13446,1.5773100092799988
22066,1.5787860481849965
68653,0.870979494354998
243853,1.1621157165449976
22117,1.7108007467100004
76640,1.4200995690749973
330010,1.5286669464499987
280411,1.4887619530650005
19659,1.4241889900700033
242022,1.5756232138549997
58994,1.0076030412399986
16819,1.0045931470099934
71797,2.3943082321300007
69129,1.253684869879998
211578,1.7226758688949975
24012,-0.8769781545000068
380918,1.3014285212699992
16156,-1.2566042803550017
235402,-1.0089892945900019
20568,0.8622759849999913
69926,1.2884453733900028
11689,0.9989796650049971
109660,1.6350155612550026
668303,1.552750353589997
11890,1.33076916
72514,1.6324608070849962
68709,1.2702208211999988
53422,1.4595943062199996
50772,0.853782421445004
19347,0.5483421893999978
225861,1.2146553129699988
242603,1.6034205890200015
26970,1.3872755905849932
13808,-0.6012098459000015
328778,1.3066899411550033
73166,0.9181710799999987
68505,0.9181710799999987
18946,1.8889918075699983
22287,1.2840377124299982
16995,0.8895231337799974
233875,1.1029651426750018
234595,0.8998935585249965
244416,-0.9635689278499981
27371,0.8129048537000028
14312,-0.8811216211000072
219170,1.3338236962500014
216019,-0.871900729495001
170947,1.175724097789998
56358,1.521885249810003
18008,1.8985132150949982
52163,1.1337094449099991
13079,1.3013768377300003
69065,1.228667112924998
241989,1.15299117154
319430,0.8558506176849985
75671,1.2899765535600007
17752,1.1701756272399972
236852,-1.4381900353450003
68566,1.2273220408200007
67463,-0.6329054589400034
211612,2.130081211524997
241128,0.9050435024250021
17969,0.635934563164998
69064,1.5575064507449987
13134,2.0779323573750004
16178,1.2930540032050004
623503,1.5253997135900033
223881,1.1571053056799965
11501,0.9676766822649991
332110,2.0295951628249993
24113,-1.2829572060700043
234724,1.2105024812250011
71840,1.2550623357699937
12839,1.2427013788650019
56619,0.9816380887549983
12794,-0.8444951578900008
17203,1.5137179708450041
14409,0.7975507970499986
72278,0.576894569504999
22260,0.479587986450003
110911,0.5384768138749951
74251,0.9028717503650032
271127,1.5558249464449982
74675,1.1892127342949959
118449,1.0530851006649984
106952,0.768457251074997
332578,1.112994054039997
170472,1.1894750246550014
54636,0.8581477659499992
56543,1.2533742880499972
213956,0.6145936624999901
211228,0.9552873840449987
19662,-1.8233334817349998
433809,-1.133716346395
640524,1.3773612469799996
104709,0.5987402786900002
13358,0.9016772341900001
246746,0.7519647628099957
73181,1.4854185359950005
23948,1.200592403829999
56191,1.246713574314997
384185,1.5166102918799966
272538,1.0397813853449946
20498,-0.7228947208849998
20290,1.4214408250600004
72555,1.0628096650099987
107869,1.018593044750002
68416,1.2947415617600004
17394,0.7612549023249988
66970,1.0610678034999985
192197,1.0307037559149972
228966,0.7560010852199994
12354,0.936093072999995
12834,1.4606161907500024
72373,1.5950271242949992
71839,1.0157199915849988
330721,1.3742511583100008
26757,1.0648811457550007
12765,0.6810801336650041
234836,1.0830410925599976
11770,-1.4929228398649963
19252,1.6462500275550003
21391,0.6621908452099987
171469,1.434947578084996
237943,1.1681179141900024
12654,0.9666555017449996
17293,0.7772037898500006
108013,0.9614458508999917
238875,1.2868025137000005
194590,1.1411373829750007
16189,1.1303556340299954
320051,0.8051896575350002
235631,1.1311555715699964
70310,0.7974529576449996
93737,-0.6939956965700036
18175,0.878506972379999
73690,0.6566160279550015
17986,0.6996508762800016
13003,0.8817225662499997
11622,0.89323185775
333050,1.1056879446999988
11998,1.2656813009900012
66042,1.2337335154549933
76510,0.8683198709999935
271697,-0.9966458192150003
12771,1.13277138554
26569,0.8600455782349972
66609,0.7488155246999995
14131,0.689407708634997
20496,-1.3107495128200028
69454,1.2463665865750002
75777,1.5961725057400002
16703,1.4573495977300013
211499,1.033705395970001
16706,1.3398046900799985
94175,1.283202081109999
17125,1.7826523472549995
20200,0.6880807461999989
94191,-1.2827423033050027
107815,0.9533146659200007
73332,1.148342687115
76905,0.9272121792550028
18125,1.0954388183199946
103655,-1.2000411394799997
228869,-0.4886233263000008
77582,0.5907816624249964
56312,-0.752371913490002
12700,1.9670220932350047
98828,0.5594349463849966
100608,0.975040823019997
94089,0.8792197816799945
12351,-0.5042617240999991
74464,1.436843641764999
68027,0.9792055443150014
60322,1.0725863826049986
67862,0.7758707455999989
332221,0.9992745090649944
18030,0.7502261341600001
320799,-0.6465587279050098
19400,-0.5257181860999989
208869,-0.5083137508999993
68713,0.7985800844600064
72102,1.0139441028449987
20527,0.5090166413999988
54139,0.8544474280499958
237758,1.3627011317750015
14186,1.4856817615500004
11875,1.1807211217900013
231712,-0.43010943455000117
209176,-0.8882897028000021
50905,1.4963255469149992
77462,1.073924814219997
76498,0.6730716902500005
21345,-0.8405286844499997
68428,0.9292742733349986
11298,1.1146634434999978
17768,-0.9042923084999988
72500,-0.7897174524000041
68591,0.7927610722199905
19661,-0.4388568445499992
544763,0.6704912742499953
18014,0.9608658227150002
18208,0.9162932291450021
320522,-0.9721898929450052
244431,1.1119360750900005
12402,0.5349900566499901
73835,0.9791842584899979
223970,0.9885265389650026
58804,0.6059448538999952
19124,-0.9782135523300006
13638,1.7658785890549993
12587,1.1319784074799992
72585,1.0406453200750008
66060,1.1505058266100026
76646,1.5912762297049996
67800,0.7862131567499988
50796,0.7455018464650012
13619,1.1593102440800003
12518,0.5952455542249968
101612,0.9140196969750001
14284,0.6540169371400024
76376,-0.7119277541650022
69826,0.9659412515999986
67881,-0.4962620594749989
380780,0.9399085105449974
19242,-2.512905730765002
208177,-1.3206800879899991
217340,1.2679876184400012
231633,1.1401041950050006
140488,-0.7901581612799973
268958,-0.7763084193650034
380686,-1.0628065407200014
12802,-0.6319727375600017
66849,0.8451218742150015
212111,0.4125606157800039
232827,0.8195097221299998
66548,1.198453385819998
72383,1.4190032559999999
20692,-2.7950478170550026
269589,0.55717379775
59001,-0.4479001401350047
14057,0.4291199660199947
214812,-0.9558285021600028
16570,-1.0415317879600057
53627,-0.9665229174249994
55925,1.7979939063849981
20517,0.9248204873950012
100043597,1.1843133548750044
16822,0.7432357649500032
14539,-1.0219247665400024
545824,1.5845653516650007
20199,-0.6325200138499998
208890,0.8903470086099992
233081,0.8510951690699988
233080,0.8510951690699988
16764,-1.0450774124299986
16408,0.47210853709999867
216795,-0.8940792011450003
18126,-0.6745640266300024
68328,0.8590996973199978
21786,1.2923463947849987
67903,0.5612018280850002
21809,-0.597628491790001
16869,1.0917062691650017
225207,-1.0588363738700002
13714,0.8347718669400006
242653,1.0732527250499997
16905,0.5255945140950065
11676,-0.6071279592900005
13106,0.9518670381399996
320982,-0.5724033529000039
14582,0.5464727877249977
66712,0.6351365724400004
77296,0.8636674218700007
227394,0.9889035382749993
77300,-0.5816932177300016
52892,1.691066531949999
17159,0.5992692177999945
240047,1.300557044355001
98660,-1.2338812675700006
54199,0.7093005882849974
226777,0.9127267951999976
19664,0.6174256977699981
230673,0.3529880841200015
67855,0.9512479578599979
171382,1.1656361665099988
11492,0.5305564943300016
68545,-1.1667249375699997
230917,1.071682814499999
14768,-0.34554866950000296
68910,0.6427198911649974
16162,1.3478068574500002
15216,-0.8795568514350034
57260,1.801218682325001
14613,0.9707630760099999
12512,0.7097766420000013
16917,0.8253861919350012
17537,0.7296449143249983
11650,1.0467439890249994
16833,1.271898891090001
23936,-0.5509226702900012
70604,0.7539625718599954
54368,0.42606392429999573
71767,0.5758639815499986
14043,-0.9158519434800025
17754,0.9123624943549995
13088,0.6853484418949964
71914,0.6003955807849977
20540,0.505027650045001
15186,0.6183379558050053
72469,-1.0229425817750002
69332,0.8937413610100027
74127,1.319883515435004
66733,0.9217203515200016
17441,0.9842040517399955
217306,-1.1540088256499956
56215,-0.5918310397500051
23985,-1.1720560930299988
58859,-1.445060863994998
71361,0.9160579603749985
67085,0.903461989099998
72148,-0.4062228830599981
17063,0.7303974175199963
18209,1.1392579056749996
14067,0.5253892676499916
68968,0.9225915169250012
11643,1.1004540007499992
387348,-1.0749279124450015
11979,0.7905938058250026
20181,1.1293609027149962
74140,-0.3526218728800039
17304,-0.6541193487649988
245126,1.5505259434850012
93889,0.9451977769600015
14159,0.5473186179549998
319586,-0.9236724932599998
235106,1.2761568100549985
20604,0.5701132852499988
21452,0.5174318403299925
21957,-0.8867955214549981
211961,-1.1407522615700016
107581,-0.8358791408800039
77733,1.1280408309999963
12824,-2.529288160735
21419,0.8261829039649986
23920,-0.6085117278500043
226778,-1.0920557317449986
235627,0.47178649326499666
71986,0.8084921406850034
72205,0.5712029718850005
11542,1.0579262500249946
29813,0.9756710052500006
22022,0.42903413514999933
17897,0.9462637399099982
27226,0.6189952049999974
22177,0.6293399421999961
319475,-0.8389098005050055
72055,1.0124943225599985
75530,-1.0888125277699983
208158,-0.4774110052500067
19207,-0.38141711210000473
19261,0.5210915914300038
21858,-0.5971381355849967
215751,-0.9046669848350017
78933,1.4416142269549974
18383,-2.03516840399
102693,-1.6806870008650003
20810,0.6497233825500004
12334,0.4094626976500013
75284,-0.48385702634999816
22351,0.5059141903449955
71706,-0.47308632958499786
20197,-0.9196978851950011
382137,-0.7617173990250032
17534,1.2192161396250003
53608,1.4798528148699983
57756,-0.7792801342850009
14702,0.3882574922000064
18399,1.019966107710002
216505,-0.5114040463000027
544817,1.1356238316700002
74116,0.5720708282900002
140792,-0.8878670350299993
20202,0.4982694690999896
67872,-0.3340666656000124
29856,0.49323120319499836
67434,1.4975705842750031
22354,-0.45943308345000844
58860,-1.0476239783350012
56417,-0.388240629300002
70423,1.08308032303
381073,0.8906777674649997
20677,0.5715648275249983
214112,-0.7229696799499998
231805,0.5853899954500008
237930,1.0930716188500025
239393,0.7918043047499994
20203,-2.285813782810003
331524,-0.48720552134999906
16568,-0.6692815675150019
15277,0.7934527929249988
22608,0.3735272975499999
73910,0.4906050590849995
20668,-0.4124396940000068
71146,-0.7400796302099986
77583,-0.4953929026000008
98682,0.5528049275449973
11717,1.2125316489649975
73247,0.9124693880050039
74427,-0.6465409179100021
415115,-0.4631625740300036
77974,-0.4159607082000001
640543,1.0236938027449987
64075,-2.355360410660001
70574,-0.5797531360099981
18217,1.427174989800001
78751,-0.5309216077900025
237625,1.3515963970050002
75751,0.3936725863849979
12475,1.0039323724099978
21810,0.5998985121999976
68490,0.37771224235000567
68598,-0.4165911262799966
68423,0.4637394623700022
245945,0.733875395250001
18053,0.49218954085999833
22781,-0.5168598705100012
99010,-1.090173111465
68338,-0.9429387953550021
76267,0.7416322211099979
13075,1.1647140290999998
20768,0.8507786640750004
66711,-0.321693429105002
104943,0.8844587916750024
244864,0.8666855746549995
70894,1.4925871458399982
13180,0.779769932649998
18121,0.6713463092999952
54483,0.5487023613250006
192653,0.9971711526800009
12293,0.8099444094600003
237754,0.9502652656949988
56622,-1.8185332376749965
230971,0.635609255009999
14168,0.6102042595599979
22754,0.771815468049998
14538,0.7280918731400021
68501,-0.4622281583749981
13537,-0.41047340960000156
381314,-0.69254303543
228880,0.5013512202999983
19108,0.7194838372949999
624910,1.01980095513
245867,-0.3987973678500065
208084,-0.4661087546199987
215436,-0.9290432230149976
104174,1.3630914848199973
233046,0.991887026749998
17474,0.48963802295000036
83561,0.9357365866049987
72713,-1.608623315720001
244859,0.9625499696950008
230162,0.5660309670049966
56434,-0.694722492024999
15370,-0.7869049896999982
14171,0.7664821383550007
17748,0.7903067915350004
67703,0.8885940653249973
17118,0.4202390554700042
52840,-0.3929023099950033
12895,1.0293877499400006
260297,0.9083152180799967
16876,1.1729903112499995
243967,0.6537916226899987
112403,0.5293481000199991
73192,0.8760168355699953
17268,0.6995176501249967
12224,1.0711545566699998
12350,-4.441831045970001
12260,1.1325690415099992
319942,-0.7191690398400024
14756,1.092189825214998
69806,-0.3873592365749996
73873,-1.0432584371800022
67784,0.5107609793499996
14201,0.9824104657499948
101185,-0.7298756596049998
52609,1.1915170638849997
75209,1.1406401428349988
234723,0.4342739622499998
18566,1.162216280714997
67455,0.804605396479996
55938,0.7099121818799983
15444,-0.8034172793100023
54646,-1.0269438050899993
14184,0.8630088283300017
114714,-0.5357109190999996
216157,-0.39182213795000287
216560,0.7307151116950017
77701,-0.3899159512000008
20449,-0.42016034211000264
16428,-0.3734240976999992
399558,0.7291071846150006
268970,0.7190313278099998
15206,-0.7477320695500023
70099,-0.3662726082999992
11537,-1.3926618770850001
77038,-0.42296680660000874
15901,0.8630403403899995
57814,-0.8202028969550019
18824,0.38265309529000646
12970,1.4001950214099956
213391,0.7290655142599993
66821,0.6195415463800025
230393,-0.637776644340005
217304,0.6399358652699982
19201,0.5890952625499963
11853,0.7095061137399981
381337,-0.47238824930499934
104079,1.0392408197749967
21804,0.3997293101699988
19734,0.9553215393699999
235320,0.5204790695249972
12579,1.0221321397149987
56212,0.4760191260999971
15465,1.0287636077950024
11796,-0.3353065261649988
67848,-0.543712901144997
353156,-1.363168129239999
212032,0.8174087499599958
20201,0.6342977057999946
100504663,-0.383545822020003
16667,-0.9927670915849989
74614,0.678313296799999
64011,0.4734698780500004
27354,-0.8483510632400018
75656,0.7744123304100041
243537,0.6394263391199977
66980,0.5474098898400008
30923,0.7102217957550021
102442,0.3559888383949943
80287,-0.33210572174999875
73130,0.5437859641250018
50918,0.7064001506599986
66394,-0.389692070815002
12569,0.8138056000100002
71984,0.8564207256950009
18105,0.5761498842049981
233071,0.5625156553400004
12567,-0.32432804025000195
78771,0.5132318610499969
70432,-0.5263979594200023
330890,-0.5106407210000015
15572,-0.8569229801400029
56016,0.9286814784750046
76073,0.47353740760499363
60597,0.8108581163150008
56863,0.7175621891750028
140474,0.8808005376750003
20681,1.013191604195001
64451,-0.6830563000200014
83379,1.0820155547849968
97159,-0.3972903614400032
58522,-0.7556108375900004
70999,-0.44447758750499755
13115,0.9364659535249977
381110,0.7420281374799966
50916,0.7987407920549972
17258,-0.6525732285300005
329421,-0.6469770753700033
107173,0.34082523489500005
211652,0.6304771232099986
216767,-0.3351305507000024
22248,0.39489730910000276
226791,0.6057471283799969
230779,0.8418409307299966
406220,0.8416144044850005
105853,-0.9803847350649995
19064,-0.6878729372299999
75604,-0.6469252580100058
78521,0.372603181099997
18190,0.9205287782000013
12876,-1.4302985199549987
15507,-2.3977901693900003
70363,0.7459845523149995
171504,0.6524849863849997
14417,0.7910068396799996
17878,0.9176052100649987
73660,-0.9118626119349997
17536,-0.8122485609749992
75316,-0.49848945884499773
14127,0.5106336678999988
320747,-1.5539494547850006
19885,-1.5539494547850006
211134,0.6214430025999942
14029,0.6722416648999943
232533,0.8092588921049968
17868,1.1155054699399987
64381,0.9739173905650009
12517,-0.48702888605000894
80877,-0.4233445768450004
232821,-0.8669803238850005
72054,0.5157207216999975
20823,-0.29049358759999677
13194,-0.3275820106499978
53619,-0.8400928137550032
50928,0.7071824678849996
13805,0.9930367623699992
66395,0.39662106110000295
56490,0.3833614403499972
18022,0.33720386265000535
19300,-0.5051799278350009
268465,0.9480601947100009
76612,0.5561268436099969
23849,0.36259250074999194
58193,-0.9030657856600017
54125,-0.40691484316500137
70510,-0.32376574840000316
407790,-2.7353057484500014
78248,0.6765274689599989
74734,-0.7176195406100021
11928,-0.36857916629999643
69202,-0.3579580238000073
11449,0.7507296064600002
17210,0.45517586709999946
140795,1.136126743864999
14763,0.7639476543949995
270624,-1.0283402574300005
56047,-1.2327304622200006
17700,0.9253993210150013
53313,0.3101707476000026
231214,-1.1176174628100006
94282,0.6359826521450005
246707,0.5180526810000021
213765,-1.0217312240349998
241201,0.8831787677699987
68857,0.8235068349999999
70020,-0.6580945903400028
57316,-0.8203190488950023
11475,0.5388477722999996
66868,-0.6097545476000024
55963,-0.6965549915000029
13056,-1.1940048855700036
243958,0.3749145319199947
338370,-1.1665632573850027
74998,0.9590922486049971
170735,0.9445535535700014
378460,0.6324336897300018
223915,0.7536466455999982
106389,0.4185163763999995
213211,-0.5539075171250021
219150,-0.34387282870000213
333329,-0.9545047747000055
16918,-0.6166413276199996
11568,-2.086396882135002
12967,1.0121337903249996
58217,0.5960581231249975
18590,0.4634981092100059
19262,-0.2928203173500048
21886,-0.594206638150002
20997,-2.2344725484500003
216551,0.44033695411499885
18572,-0.8238231927650084
76238,-0.38570629469999673
277939,-0.5953985612999988
56615,0.5511630940599961
75723,0.8876811437649987
76652,-0.8567764303050001
67080,0.7462195970100023
30936,0.6146292964099995
20274,-0.8314291717900018
11945,-0.7707454862349992
12814,-1.0925017174949994
217124,0.3404908975499996
103968,0.7174982985349985
217738,-0.7228443460000031
320398,-1.5061577196749996
320534,-0.8058702947000018
71803,-0.9644397211800011
227720,0.9360135618249994
17701,0.7741316030600025
71884,-0.9955130728400019
21385,-0.6058954007599993
214685,0.8931354933449978
67773,-0.2887711281999934
75512,0.7756554430499989
21453,-0.5610368011000002
319207,-0.6731038046800037
12561,-0.6920316197299989
233836,-0.6824413641100024
16434,-0.3694812401400043
52024,0.7354244741099993
67753,0.9133484250499979
18642,-0.5935763614899994
81703,0.8163015457049987
18131,0.6463876106149988
12265,-0.7320731628750012
212439,0.712596372740002
17916,0.5004859444000012
238673,0.987341053979998
170790,-0.8673807564450016
57752,-0.5430649491699988
74267,1.2107983738749981
320119,0.7293536539249992
15377,-0.8803177663250001
67241,-0.3556843594599979
70497,-0.33076927185000216
12874,0.8388266806399969
268490,0.38493387229999243
70546,0.3446369317799993
16981,0.3781965948000021
11694,0.8463132820399997
50701,-0.39925781600000754
71869,1.0242579878999996
59054,-0.32322549907500253
14239,0.8176278273599995
103775,-0.9693849140650013
72168,0.9205638800349982
11423,0.8667043148350002
19411,0.3728945602650011
73728,0.8151004686149932
140494,-0.47184029268999916
67978,-0.5921436754299982
93961,0.7507161006100005
14282,0.7409708390250014
217310,-0.4327091468300033
15234,0.9598885550199991
246293,0.7613371886099971
225895,0.9050858655150007
380836,0.6437232435199984
53868,0.9157381292000011
14293,0.48218288818000055
67198,0.9766607851899995
67819,0.29982865524999447
12520,0.30739724629999365
72459,-0.47325386933999525
17762,1.464166930544999
109246,-0.48796927622999764
12267,1.102736327085002
53972,-1.648656168090001
12494,0.4838843902649934
108897,1.3732938128149996
12571,1.1632061850500004
28193,0.39723159860999857
67895,-0.3112186140300004
435626,1.0009922887050022
17451,0.5960616047100005
23964,0.7753147043850008
237038,1.1371720576200017
19309,1.120293792484997
66443,-0.4770596645100067
15531,0.948968534885001
12511,-0.3752447245500026
14915,0.7977365850549969
104681,0.3322797827499926
14169,1.2765096724349956
53857,0.4936521136599996
14945,-1.430058146470003
77683,-0.585462843100002
26416,0.28728435619998827
67119,0.5793577784899986
74754,0.37654488475000036
23854,0.5511483253499989
56703,-0.33886885550499635
64707,-0.5369445902499965
104910,0.5152630955550039
18609,0.9636968894249986
30944,-0.8666698333250027
11811,1.5943955417800004
67702,0.44590047075999806
100040766,1.2084511256050003
13857,0.41611844955000166
72978,-0.5471221978550016
28169,-0.32361386225000643
101476,-0.2818320012150046
70713,-0.7996475612900014
242894,-0.6600913130349992
16871,0.7046751941299991
107328,-0.6435664463400004
103098,0.8241942689200012
140741,0.5272066963449991
215335,0.7191190660499984
57254,-0.620160924159999
212670,0.5283426766150017
109284,0.4826771196249986
56418,0.42451343203000214
239691,0.9678436977499985
74245,0.8644642169950005
12331,0.32305210799999706
74717,0.9757061655900001
109242,-0.700080436605
20193,0.47632018225000294
12953,-0.39075608333999945
11536,0.7203819970949992
56873,-1.1532026356699991
66537,-0.28904996065000965
12507,-0.3625361473999966
21418,0.9431649679399983
330914,0.9696268851349994
13723,0.36150281774999904
245522,-1.0781083532800046
239759,-0.36424869099000157
230883,0.8808239057249994
329152,0.6631739232699987
70445,-1.469652028669998
76983,-0.39210321013500415
235293,0.43050978204499923
16477,0.9148648819499963
235505,-1.3641662170550015
64704,-0.2965093309000011
74490,0.949351942399999
75659,0.7515624018999998
20845,-0.6319532538399972
235281,-0.998905344640006
320995,-1.1320158249199999
52592,-0.4492698428400015
20348,-0.730241750470003
207952,-0.35848421625000526
69028,-0.5134548260850043
14828,0.27423620720000486
240514,1.0214602387649978
242785,-0.46547750273000155
16398,-0.4823983927650035
68316,0.5598200734949996
23831,1.4354648222499993
22239,0.6281514483499997
268822,-0.25804390809999234
99152,-0.3486382553000098
338355,-0.41244327722499996
64297,-0.6901435821400046
27373,0.3294735031800009
223254,-1.351981024735001
217038,-0.25122286049999687
67430,0.9815396086950003
21928,0.48462301731499835
18789,-0.6244580236499981
68874,-0.8178374114250002
21892,0.8766715326249974
269295,-0.6818161754350003
14784,0.4479717255999951
16842,-0.3872181170500024
108900,-0.6029028549
68215,-0.36091157218499514
381678,0.8126202019799988
171212,-0.27855541895000435
54338,0.5704666269349978
21679,0.609325464764999
218215,0.6316012642699969
71973,0.42828232379999776
12021,-0.7295168832050001
245536,-0.6512853099300031
170728,0.5861808714599963
18557,-1.0159533277549988
94275,-1.184168262265004
171530,0.7982292745049993
110351,1.346551691200001
19268,-1.1445502983100022
63856,-0.42925095747499675
20383,-0.28968423295000356
73469,0.3428176230300011
14289,0.6082706218500018
320558,-0.7763590384250039
628870,0.7381874039599996
214523,0.9792714960349986
69363,0.7956496234399992
56644,0.4723040960999967
56297,-0.8000606940099986
74039,0.41424384734999187
245308,1.4163746198049996
170753,0.6751583547699984
11625,-0.6679832868349971
434008,-0.9319120670750021
73010,-1.3181631363499995
67287,-0.2875941254499992
13380,0.8651330657750003
13664,0.3637852897849978
66241,-0.4669253386050016
109305,0.49287878096999993
381319,0.8746169258949976
68275,-0.3536044504000042
21645,0.5840330182049991
19334,0.3116962484449992
20609,-0.308279912599998
403395,-0.7276653979200014
210510,1.1530766898599998
20020,-0.6142263903500051
74276,0.6706953279049994
269536,-0.33576167315000127
56707,-1.0112463577349988
71772,-0.5380324054750005
77422,-0.6361797025399998
327958,-0.6672026484150004
219189,1.1023023961750038
231130,0.46346192182000046
432442,-0.7028909759499999
21958,0.6744668536849989
53321,0.7118104671899994
99662,0.6195630345049992
73075,0.5917888546200007
12769,-0.39188936864500334
16528,0.6518182357600031
239606,-0.45022779168500104
14190,0.6960935807649946
227699,-0.6691174010350025
13870,0.6364261197849999
12229,0.3531144972900009
332427,-0.7889169155449998
66810,-0.7522818776750038
20747,-0.3771567769999997
30052,0.59343295545
214547,-0.792415218224999
69009,-0.3804109972750016
12696,-0.6841494154849972
27275,-0.2814274112600037
16669,-2.887940345185003
68054,-1.0685328472149997
109075,-0.34083269940500216
108071,0.8766696673749994
628100,-0.6603863028750023
22428,-0.25956452240000516
227753,0.2931575773999988
244421,0.5996997311399959
232313,-0.6201507815900076
22648,-0.7651895678750051
12842,-1.8238962887549994
74747,-0.4523834543000014
75750,1.1927608352850032
21685,-0.3713233641000002
27361,0.43833964859999064
20615,-0.2957532444000055
15945,0.6591868036349959
14682,0.31597126722999835
12182,0.5616204673249969
14765,0.9671231262699989
58188,0.7829514834499989
12061,1.00296630886
12925,0.37378903450000145
83691,0.9231639947000003
52463,0.654722388605002
329581,0.8210971611450013
20014,-0.3266441171499963
17221,-0.9202988418200015
77106,-0.3793089324700034
231440,0.6124456933799962
14027,-0.8471024378000012
78506,-0.777140064814998
234740,0.604406280260001
12659,0.5898489152149979
84094,0.66732818925
228770,0.8231488667650009
233210,0.8076978629549973
71908,0.6409390438499987
17684,0.4032344149500009
23967,0.7889259040049992
497113,-0.9115372965500015
432478,-0.5333132801850011
110382,0.5071604979399997
23908,-0.8833861664700011
74143,0.4419105614899994
13033,0.30044952879999975
17436,-1.4775334576650003
15284,0.6829891893000015
97165,0.3176178553
266614,0.7906262844649978
17476,0.4041672916500012
243510,0.8238155052149958
19684,-0.4122062003200053
72672,-0.614414391135
99167,0.5247711778299964
58800,-0.3594956795550033
16780,-1.0117296818750017
104080,0.8306763133200015
329727,0.817541378575001
50706,0.5336119898099998
11778,0.4123791018499947
78808,0.5834327377899982
66790,0.3952685162799945
239647,0.2724282757500003
11789,-0.697419353359999
67070,-0.31632411653500014
56501,0.9426426458799986
217708,-0.7187669135450054
12951,0.6519766058500016
11482,-0.3936673346449986
93840,0.7284614713299931
12322,0.729242626875001
19159,-0.555538872929997
21859,-1.7893416844400045
230582,0.32406119250999943
12560,-1.5149362236599986
12647,-1.0251997381700022
19735,0.4138222383999892
213582,-0.5391591556600019
12505,0.45912347244999907
208164,0.6540366844550007
20728,-0.594685819810004
66283,-0.7381620084600011
327799,-0.8233855005600006
217826,0.6041315521749979
11438,0.7351308010500031
12877,0.7974600109849996
57314,-0.45511168009999636
21884,0.9643720258299995
19331,-0.3113089143800014
66333,0.9329206931799989
13368,-0.7450912865199992
71099,0.6556185808499997
74191,0.775729404794995
619289,-0.9804170886299999
18127,-0.6324956482099999
12667,1.011229819415001
117589,0.3367533982849995
11684,0.35710815740000257
12308,-0.7179874542399993
53375,-0.3751093971100037
18146,-1.4951152574399993
70941,0.5234320478699996
245026,-0.8105258922550007
240590,-0.681033303990001
20194,0.32456107889999863
16559,0.5693382293199978
408190,-0.7011657930550097
68178,-0.5034917825400003
22329,0.6068343518149995
76477,-1.5753029760150037
114886,-1.4152292720899995
387513,-0.6790479669650007
67591,0.53453559581
21854,-0.3021559376999967
629873,0.9206061285350016
58807,-0.7114137782599945
103677,-0.37783653129999806
16192,0.5021394156249936
20353,-0.43228271970001053
15404,-0.7191102173099999
106894,-0.28291482912000454
66467,-0.3642898714999987
214951,1.1004484526799994
69938,-1.0104926724450016
18301,0.3123608355499954
216742,0.3660314401249991
70945,0.4159342063500002
68481,-0.5999998617750055
74342,0.9526728786249983
66949,-0.3984358017500025
13400,0.9291231905199995
242939,-0.7714808404299998
215723,0.7659009113249984
20536,-1.179093890879999
319604,-0.3695314104250027
78321,0.4491015111599994
21825,0.35912278312999746
241452,0.6818942045200016
11944,0.6610433777949987
330554,0.4273408952199995
12752,0.3073297125500023
234542,0.7388373400299972
12914,-0.279466311100002
241624,0.8669983428099979
69635,0.4914414522900019
214162,0.7642044771599963
320116,0.8515769744299995
227120,-1.1910440720200008
17970,0.6760913458049966
14803,0.7839182806249987
80708,-1.6852843833000017
71281,-0.645156236590001
56722,0.3389462968500023
223838,0.9127164206700011
53412,-1.6964950237599976
382117,-0.6671539612199977
243535,0.677999462319999
238057,0.5898546253000001
11921,-0.5471418218999995
66049,0.460139487299994
227095,0.36246201360000185
13076,-0.49576306642000123
74443,0.8814071895350013
226525,0.679375771300001
19672,0.36173621597999706
11747,0.3859775123499922
54326,-0.637456109069999
20515,-0.3137570632500015
20957,-0.6613123980449989
67690,-0.3339887132000019
69697,-0.5793480477150004
69824,-0.560408713630002
15563,0.7149647341350014
16979,0.8179497571200005
381921,0.4247252773449999
71562,-0.40423845097000477
380863,0.6752447836299993
109019,-0.7080047200200035
71093,0.8367260678150021
71233,0.8457100538650009
72008,-0.29702563043500874
209737,0.6484221090600011
213248,-0.8257732729450002
99296,1.0216768113199999
330301,-0.8490238758800008
80749,0.6988741360299997
229543,-0.5820989623650021
19691,-0.4113287848750016
233246,-0.7642862783500006
11744,0.39183823975999843
244556,-0.5571981738500043
57754,0.8256495442649983
16147,0.9392783924799999
73723,0.31532218769999965
74246,0.49965692663499706
270086,-0.4413790004000031
19120,-1.2438312442650021
16716,0.6695114971599989
18770,1.3394161864899994
51810,0.3684385408049984
27528,-0.5494708526550003
77056,-0.2843747607000129
70950,0.6476394353500008
277010,-0.6200849431549962
93843,-0.6775731349650025
75368,-0.7219036796800022
210108,0.8431550177500009
17955,-0.27187507277499634
66077,-0.28385154979999605
81535,-0.32825539450000285
22253,0.8996445236649979
23963,-1.0076942272700027
244667,-0.523960459625
432572,-0.6695713651000084
16952,0.4038324711500092
232946,0.9252602193699966
67538,0.7714288627899988
64450,-0.569567778190001
84682,-0.7480713219049999
69536,0.6459963821000008
56760,0.29324475229999436
66407,0.23890596982500334
59006,-0.5733065295799991
223227,0.48869372850499815
18113,0.654430168930002
18720,-0.277383266350002
230784,0.3665215127449919
17448,0.2913500518000003
64051,-0.5726407488500018
239188,-0.6573119049400002
108652,-0.30475809632499384
17172,0.39184999630999595
212518,0.9569085754899955
319710,-0.5919197837050025
12982,0.4166262616999994
232879,0.4375370099399998
381677,-0.5708900258650011
665525,-0.6739677603099992
384009,0.3236844415600011
14068,0.8104721024699995
319655,0.751865656730001
57890,-0.534399907250001
22245,-0.28641578159999526
71452,-0.4594182023400055
209361,-0.43298172227000187
27386,0.761035991735
73172,0.278321240735
106564,-0.41887811034000677
77480,1.187946047365
15894,-0.4850003564749992
170644,-0.27230140930499935
57816,0.2829877727499994
59007,0.8347213065800005
56315,0.9336663607500011
18491,-0.965916468875001
231162,-1.0652551284200014
14732,0.975760810779998
13615,0.8726133384149999
71091,-0.5538342192800023
65945,-1.0291205694700012
69906,0.5328332102849975
666528,-0.8261733142499983
74770,0.7776140812450008
74123,-0.34822279388499844
12702,0.39833186540999854
14062,0.40519501152999915
20174,-0.3222791669000049
12813,-0.8876093795200006
16600,-0.45294687085999996
13848,-0.2614510042000049
20474,-0.6108045582300026
74013,0.48572783949499865
75288,-0.7724097156900007
22330,0.6574721526200031
68980,0.27536084006000117
213649,0.7715423769099976
13196,0.31989949936999906
11556,0.7969023949899996
72536,0.2672794038700026
237397,0.7412558014999888
12424,-2.413753124255005
77552,0.6681356878299991
231580,-0.520743383750002
17395,0.7012113072500012
242259,-0.7296474516550022
71522,0.8007410715699983
19290,-0.5184743673999996
214766,0.5619484607350009
193742,-0.44010601278499983
353211,0.7962734952399986
223435,1.023860950294992
72881,-0.347681897420002
80879,0.4628917325899966
23984,0.7959645642999997
23956,-0.7094290465799986
20445,-0.9641277612799968
231148,0.6995992018049959
77569,-1.0832170363700002
21416,-0.617184288929999
50765,-0.740970383145001
17132,0.6347856746749976
108143,-0.3108026406399951
270084,0.7652594416550009
217951,-0.8833963132150009
384281,-0.4345633594949989
56327,-0.5603691401999988
68705,-0.46899464786000156
20377,1.5869690305050002
68559,-0.2699788060500037
57080,0.49363708616999347
29862,-0.8710905910599998
110695,-0.3230021985350007
118454,-0.7262610126200002
235472,-0.372511150900003
20888,-0.7223788636100008
72775,-0.269833191730001
77018,1.0266985148900005
72121,-0.2825600363850036
66353,0.5086374529500004
18807,-0.2614766799600048
223864,-0.6332335951249952
241589,0.4100265778999965
15567,0.3294877092250026
268741,-0.6080484394000045
268445,-0.29992375417999995
16447,-0.5095918049550008
14782,0.32269685395000103
27053,-0.8273174337650069
20273,-0.5674046846749992
26942,0.7016509798599988
226976,0.33702598980000076
78803,-0.8881676702800019
11992,-0.47038105380000417
56317,-0.3070436762850086
17222,-0.3594376033099991
56541,-0.49519695548000175
329877,-0.5709644992350018
239319,-0.32628349075499763
545156,0.3131427627800001
75812,-0.49227582887999866
18393,-0.6218511438699998
380709,0.5726259931699986
23939,-0.25476503235500303
70061,-0.6644384460850001
77006,-0.34279217806999895
83603,-0.8058736265100004
239796,0.7711916525000007
68243,0.9189646594799985
239790,-0.494120500170002
237958,0.6109252019949984
74610,-0.2960270337349975
231293,-0.8003358506900016
56838,-0.9643981044599967
107371,0.32693906253999927
12527,0.37067942239999674
75642,0.6308867780399998
68421,0.3638133214000021
171209,-0.8696414098699972
330428,-0.55432928422
83997,0.3614848212099986
18632,-0.4374123095949951
105243,0.7028252301949967
24136,0.43014841095999934
54720,0.46154814871499816
71200,-0.8256958690399991
239857,-0.9218595890700008
18803,-0.2970765238800013
320816,-0.3653959120049972
22236,0.3867599122250027
394433,0.3867599122250027
394436,0.3867599122250027
75863,0.8823437135100001
52856,-0.2452928937450043
54160,-0.4209393207850054
56839,-0.7275599735749991
22210,-0.38480648940000606
14625,-0.5929993221150021
18858,-0.49311603724000364
234797,0.32329431143999976
20913,0.7240459132150034
17002,1.0001733437399984
106068,-0.4409807716800005
68137,0.33787352281999716
436022,0.5013567055249988
216856,-0.9664684498700042
213491,-0.4382022307900053
15414,0.6271097677800004
68032,-0.2681864240500058
100504156,0.5981161544599995
18441,0.5584206941549983
12642,-0.7251489304800005
17235,0.7722978211749978
27999,-0.27714914527999746
232975,0.4566992734549977
73324,-0.8433357650200004
11610,0.5150452457850019
216725,-1.0012354971049984
22153,0.45805070453999797
81500,-0.3092645253399997
11936,-0.8756739704149998
83490,0.4534435206799987
100043899,0.5011473862049973
11764,-0.2842463414999976
11828,-0.34658924405500535
72973,0.907565672065
215418,-0.34799467522000427
13110,0.817308371430002
16153,-0.33712361941000335
329244,1.0957127200650025
65100,-0.8262804194350002
71897,-0.50402361101
14125,0.6233453143300034
11847,0.9651851604399999
50911,-0.3727679250500042
70997,0.43875909400999724
216850,0.3413549927299986
13866,0.8823574628600008
433700,0.7697903178099939
76441,-1.0399721526749994
212198,-0.6362093848599981
74480,-0.5667266454250011
56351,0.24201688954999767
30948,0.28293519435000114
18481,-0.9419919025300012
19652,-0.4409387534000029
445007,-0.3117333324799958
16440,-0.38732786069999925
236643,0.6752977929250008
217194,-1.0600363340899999
15944,-0.3089667288300131
14402,0.615369419754999
235610,0.21433341410000395
67621,-0.418162626395004
66513,-0.31487506513999364
73173,0.5547289593449993
52004,0.26500530175000314
76378,1.2161441702350002
235497,-0.5757487795700049
270096,0.27263076413999876
12835,-1.171632465565001
16784,0.272114125069999
73598,0.7751441111650004
332359,0.5693384587149994
329659,0.6275247929700019
227288,0.497458272974999
29864,-0.39568612670000647
18096,0.5459735198399995
13845,-0.39109697359999984
69544,-0.5768379654249998
76943,-0.8839191387400014
76645,0.44414165244999815
545291,0.5661353114299983
634731,-0.48547408437500117
170743,-0.5775544832299992
22032,-0.3056135868300025
69654,-0.32485061220000766
105372,-0.6449387916099987
56228,-0.3042075954100021
26466,-0.27777032770000076
170744,0.9899526362499964
70784,-0.299242072280002
110784,-0.8593829279399969
68169,0.7523062616849998
53604,-0.6675196028699997
242443,0.9489862741550015
72605,-0.6800792544049994
74156,-0.9815403351249992
14537,0.46974204446999845
59049,-0.4268664727749991
70127,0.7648210977900023
276891,0.8225743015349982
20657,-0.9023606201850005
78923,-0.9695196782749997
207181,1.1561089971299991
56013,0.9150023161799998
170789,-0.4795884909500021
66861,-0.25741305739500575
74147,-0.5334774952849992
15204,-0.8707927406000042
244891,-0.4277508188050003
73368,0.6874165695599972
14264,-1.5508058354350016
53625,-0.3954404997850016
75528,-0.6525763647749998
66344,0.7160100154649998
244813,-0.5838955995750013
276905,0.3476158350099965
240614,0.9183381736200005
14748,0.37256333982999745
72040,0.7707687476599991
76688,-0.22718742840000417
217333,-0.708442469735
246103,-0.4267527919399985
56210,-0.7006359833050011
14734,-0.783914750745001
74895,0.30060768167999896
192188,-0.6791326405300007
17260,0.6826669903099987
73671,0.9539816065050011
20908,0.7901944968199981
22693,-0.7333706239249986
214158,0.9713726078149989
70350,0.70864124647
237387,-0.6058288516750019
230809,-0.5701603411650034
94064,-0.33974174842999894
83396,0.7129983100249984
68760,-0.4338905581500043
665270,-0.9203641995099989
13449,0.3010873038999957
56193,0.3188753626500045
18049,-0.346787270270001
12833,-1.6330073203150013
228858,0.39494096761000463
245403,-0.553885585799998
448850,-0.6995867810149985
19401,0.29049807325000465
382111,-2.3037418228700046
74504,-0.3058750100500003
216961,0.7596769788599995
106073,0.2812633421300017
26549,0.6063028563200001
235606,-0.27552091673000056
20163,0.24138334154999264
245533,-0.6894132801500006
22326,-0.6861010378799999
16476,-0.35105713168499975
23872,0.26557609830499906
433022,-0.3469376256150003
67399,0.2665250423499934
246709,0.46185023105000056
114143,0.276360589914999
56489,-0.29862140303000473
244958,0.7545042898250003
83428,0.7532573706849992
72022,-0.4507298944900029
21853,-0.7854464895099982
18187,-0.4528083629099955
65970,0.45466550661999827
30937,0.349159224150001
22259,-0.5610910370650011
20669,0.6777932409149967
67263,0.27280723980499477
54402,0.7978604570600014
106861,-0.5831366742200026
13685,0.29401049835000137
12036,0.7277268712199989
217149,0.24395979359999487
246198,0.24395979359999487
16424,0.8911395548350001
12228,-0.4148216849499988
76775,0.5694522167999994
12416,0.5000958434400014
65221,0.5535231741450009
17187,0.21108925429999914
15439,0.3740945214999982
107817,0.42213278745499494
79233,-1.0201703468350019
21351,0.210348111599993
98932,0.26072656700000074
237611,-0.46265823266500217
66922,-0.31410039657999533
67416,-0.28550377013500405
76969,-0.8353039856499969
19225,0.3250427702499996
22422,0.6100597243450023
13370,0.5493655023849957
19935,-0.2599339160000067
231128,-0.48021487160500165
93966,-0.3842080833499981
211383,0.8494343008599983
70683,-0.5499141142750013
100072,-0.6405621035200011
231134,0.6512839539699997
71302,-0.7170198683500004
13032,0.31168529493499797
52829,0.47146875392500043
65113,-0.24855176994999972
73694,0.31688683020999875
227731,-0.6933939928100008
623781,-0.5886815665799991
14704,0.6358602565199973
433638,0.29775943220000123
12279,0.8787590122999989
76582,0.2657781451499943
66140,-0.9092389443600015
620709,-0.5444169918099977
208718,-0.24593827591499995
212531,0.31732187139999546
19646,-0.25989769464999846
665574,0.5802690502749996
225745,-0.24040810605500162
56079,0.6491553245149957
14617,-1.0139383277450005
93728,0.966931437985
22360,0.8055329716300008
271944,0.6339596897749993
22785,-0.40285483848000325
544696,-0.6459584355799999
13829,-0.5281649571450071
69274,0.5938740467849977
14601,-0.6821890437100047
66208,-0.4318302461149983
66058,1.4091850807999995
230766,0.7196080795949982
76407,-0.368220131404998
207792,-0.802465110195
72554,-0.45510655614999873
16431,-0.6211453767999977
217109,-0.5397627183400022
13867,-0.7106248413299996
16517,-0.5813754820699994
14545,0.6538599590599992
399548,0.6820382440250001
330361,-0.608663940629997
29873,0.7176031788799957
67967,-0.2935880868800016
71183,-0.8299261381250012
15220,0.8140564138149999
239463,-0.6319840398100025
71156,0.6634877552899989
110253,-0.44738222810000394
216881,0.6939620537299982
58867,0.5736244179350054
80979,0.707284989669998
320560,-0.29056736880000145
13560,-0.6367384724699985
330460,0.8557475870150015
18826,0.36267787725000566
70375,-0.6313531729149986
15458,0.8734778526249998
212980,-0.307249185500007
21827,-0.7087133438699986
21770,-0.6457934530650009
78394,-0.22396686588000314
108735,0.31004310001000057
74032,-0.5756019108650019
67062,-0.5504122259900024
71728,0.5463866133899984
22715,-0.3538216054549981
21912,-1.196386466495
66921,-0.42302226303500046
12986,0.24593237189999329
226122,0.38992181402999826
214345,-0.33671761931499944
243834,-0.8037999196900021
30843,-0.29573391669999616
99543,-0.5126926471200033
17128,0.27691569482000133
56216,0.5131282221949975
67117,-0.34045690242500726
16554,0.736526736635001
245532,-0.64844384461
26377,0.2800080764049966
66766,-0.39043142604999836
17150,0.7148980583450033
12111,1.0975151012149995
67623,0.23497973984999554
100042450,0.5608678871199992
58802,-0.7519886666600035
19263,-0.7561171968350013
19265,0.32924369340000226
17427,0.4612633212399988
105349,0.6039952212700017
76161,0.40019727566999963
100504285,0.7052769321600012
239157,-0.82158341379
94221,-0.27402125826000123
72607,-0.7718209055500007
66912,-0.2610394149499946
110208,0.34012155824999546
12519,0.40087107281000023
13839,-0.43643976731000045
635253,-0.7155857569100013
102580,0.4559594628900028
241639,-0.6468323169450012
74107,0.5681461001649986
100504446,0.8154325072450015
75697,0.8063330819850001
56470,0.29005026305000037
17772,0.7426002691900004
226861,0.7300944698949987
21819,0.37278974151500144
71911,-0.29990587290500414
70382,-0.28189398315000247
234219,0.8535822762049983
237716,-0.9691975992950042
270198,0.2687733432999959
269180,0.7081203799299987
74315,-0.2139091864699978
14590,0.3973466390599949
140500,0.3156070042999932
26407,-0.3821347918650009
12822,-0.6685960844599985
19773,-0.7289649622299992
66090,0.25178053620000007
20587,-0.3870492863949977
20665,0.650496130044993
59016,0.26182196618499987
215814,-0.28104688253000276
20293,-0.5234723578450007
76942,0.40825235006999705
22348,0.4486128443150008
97487,-0.4219655635450019
66153,-0.5996424037100017
213417,-0.5408410776350019
67049,-0.3193355698250038
230822,-0.5098124382650022
66809,-1.0018920749850015
27217,0.8687487017099986
17113,0.28137525539999864
66170,-0.2532208236000031
69367,-0.22814001497000724
11636,0.5876877092599972
245886,-0.42447704203000214
76626,-0.4089890466549999
19299,-0.36020685053500046
20287,0.730842112285
67402,0.6590876233000014
170823,-0.37097357459000246
66409,-0.272682943350004
232679,0.39904465682999657
14174,1.2593441671400014
100504491,0.6399105331299983
18637,-0.339148941845
272428,-0.6138274106000012
16553,0.6470662319749989
70615,0.5862576646750011
67749,-0.8436344401500011
54652,-0.5461783446000021
74167,-0.21342066800000126
67871,-0.42045273962999863
230099,-1.0982495649300024
69860,-0.2074340089500044
17364,-0.959152546334999
17300,-0.7244642101850003
338467,-0.4054188458750003
14172,-0.6934059184750012
21948,-0.40026151144999833
257635,0.409489953829997
103468,-0.3128030340149994
257630,-0.6039058946399987
14063,-0.5773868439200007
75305,0.6840829163999986
20975,-0.8117813692949989
18420,0.5266483781850004
215446,0.9018693773649993
242377,0.7658294913999981
67812,-0.7572047053049991
219026,-0.43771879873500064
24058,-0.2635683409649996
71801,-0.4171287147799987
106947,-0.4212974219099994
27392,-0.7366677180499988
17219,-0.31147210670000014
217707,-0.2810141100299983
78308,-0.2346514359850005
75482,0.6246989043899989
14588,-0.5058307036999992
105193,-0.47719402886999873
224014,0.8080462225249985
67041,0.26436301644500304
320878,0.5347405194899952
68203,0.30967452002500195
12212,0.5711548702849987
11444,-0.5758246745150015
73828,-0.360971515969994
21390,-0.32219390705500395
216877,-0.3171841885250011
58176,0.6384982523550016
19215,-0.5022410978700016
68537,-0.25444376658499834
442801,-0.4545890778399979
19337,-0.6459688135700006
216169,-0.31004215469499563
317717,-0.6806486958600009
242425,-0.47423886718499997
17385,-0.7160473285500002
14431,-0.36299905535500265
12190,-0.7435943304099997
18974,-0.6003082463149978
15903,-0.5362032736650022
232337,-0.26702570015999605
545192,-0.4743914612250011
110379,-0.2526726938900019
18430,-0.4023107748149952
240028,0.3959279416149979
76251,-0.3959681580000023
83558,-0.6294868521400008
76987,-0.5548013961950025
14407,-0.6721586181900001
70503,0.8808820085450009
80334,-0.657126884240002
269209,0.6333122058749989
246317,0.6692422316850006
75828,0.6664988407600001
71943,-0.4723121482000021
53413,0.7264041728949979
66929,-0.30787485930500225
74142,-0.32189479430000745
236915,-0.9528776135350006
108903,-0.5452625426650011
71367,0.7061944914599998
69606,-0.3283905619200027
64436,-0.26187191602499915
227648,-0.26187191602499915
58233,-0.5320201284000063
547431,0.5009775547999968
66423,0.9621873889449972
66978,0.4405562041750013
58229,0.5498935238450007
22418,-0.7759141135400007
330817,-0.2315213545250021
237500,-0.631307749490003
382864,-0.35863640294999843
72400,-0.786423647825
67374,-0.6479402128100027
108943,-0.9172152662600017
13544,0.488569336200003
210573,0.6338586141450016
381741,0.691492427605001
18302,0.7820831362049976
93897,-0.9124414026299998
27061,0.23859534304999563
52055,0.4653505343349975
22241,-0.2641887857000036
224129,-1.078050804870002
213499,-0.3325833945699985
67725,-0.2593680859150034
76332,0.45236654879999705
71138,-0.49553731779500065
14299,0.3359649683499981
107250,-1.025312146634998
16852,0.2724148333499983
19288,0.9043180959150017
74270,-0.254331204449997
210162,0.6159667196749989
13178,-0.7378478156149999
22323,0.23291808391499913
78134,0.7202628337849974
57340,0.627106652689998
235574,0.28192332053500024
230587,-0.4938403056400027
102566,-0.6424164540349953
57264,0.3816014868750024
66442,-0.3801310589699991
67511,-0.26823258475000067
85031,0.7186205708149975
70083,-0.6445172158899979
69754,-0.3954752814000013
17755,-0.6209960651600026
13057,0.33892254069999517
19194,-0.7830595975250003
16549,-0.48196758550000496
276920,-0.4930747856999984
227700,0.1871202884000045
227659,0.3142761227999973
244879,0.7151941399999977
109674,0.27745981184500224
22166,0.26360502064999736
77976,0.5802615082600004
232089,-0.32228363793000625
77727,0.6948684665249996
192652,-0.20830252744999989
72999,-0.41105279800500316
66789,0.9014931635050001
11500,-0.8587594929700031
228368,-0.2217231448000021
268420,-0.3239478257499986
208146,-0.3262270081899974
214704,-0.6944070704200009
17926,-0.5078856647500007
68050,0.2344606234099924
56188,-0.3966544295499901
208213,-0.9886352042650008
57373,-0.2943770936700041
14714,-0.5627532565900002
21376,-0.2598766502000007
66120,-0.5690841324949996
74412,-0.24870855406000203
59002,-0.3158553500050001
106757,-0.3268942395250036
13388,-0.6210019582800013
20404,-0.8904247767499998
68149,0.333880943765001
71720,0.5796745269850021
51799,0.4998108135999999
76425,-0.21522488790000338
13595,-0.2216313238000076
20866,-0.22773937925000176
72023,0.3486279869750035
19088,0.20047380639999446
74775,-0.26287333225000076
230909,0.8109363317499989
11932,-0.9828999223550032
73067,-0.28031110005000137
30946,0.39753439152500114
72821,0.844961732884999
52589,0.7240117351699977
56506,0.3982465439149987
101631,-0.5848617096900011
81845,-0.22928109820000486
212892,-0.5918951012600013
67739,-0.30180394820000345
21429,-0.3779555152000036
11841,-0.29042919081000385
72075,-0.20051183480000034
74511,0.4269920192000014
170571,0.776848799774998
68058,-0.2967191198950001
68957,0.5723167597950001
12615,-0.43680352825000135
11933,-0.27634875705000184
22774,0.6936804081950005
52033,-0.7565480319600009
80910,0.6178544201450009
20713,-0.7123121532900036
55993,0.559103879230002
209776,0.41614715314999806
12557,-0.3962778021750011
13844,0.6043354531049978
13643,0.7939507726950032
73693,0.9087226291949984
70103,0.2936737261299971
226610,1.0981552077349988
230996,0.6620032123299984
72313,-0.37945134565999616
70891,0.4360529810899978
26447,-0.3262369162100036
67772,-0.28289849070000095
19775,0.3651119097900004
13170,-0.3355877386200028
107528,-0.27338113620000204
268780,-0.832705706800001
67755,-0.3656903064300021
74596,0.5282895033199995
239167,0.6106473574900013
20419,-0.5464405532050001
78100,-0.43968910561999763
100042480,0.590599773404997
207425,0.5239048834000002
195522,-0.6377730638350094
74763,0.29994859324999723
56017,-0.33394713703000534
53419,-0.5569914791549992
15967,0.688590795370001
14461,0.3275368057149981
100317,-0.23829325694499914
72306,-0.36914230693999706
408193,0.5042320438650028
271844,0.7227219038049992
19059,0.6385555184999983
18452,-0.8668823034799971
14115,-1.2110070956250016
72090,0.5073354994800017
74446,0.5313703918949968
230075,-0.22212409355499396
18994,0.5912783966050008
235406,0.44171978758999764
230558,-0.5065838533650027
56698,-0.391198287885004
78938,-0.30146558939499535
109113,0.2703234655400042
12332,0.2497425474499959
20937,-0.6890909114999992
18386,0.6321671208849988
11464,0.7483487303999983
94346,0.2416950254000021
105511,0.7872296644100003
636808,-0.6352044845299987
11941,-0.8608978683849999
50768,-0.5974329440699995
238323,0.967387095134999
56523,0.5071099338699989
230824,0.68655862478
66801,0.24784319547499756
101202,0.6676212964850023
18033,-0.28584750700500017
208628,-0.39417264536500074
71916,-0.6805329477000024
68897,-0.6794150412249982
381538,0.6985482019299991
54214,-0.30073742254500324
12531,-0.3567716928999989
27225,-0.26464777569999143
213469,0.523464865824999
54710,0.6199649720100018
20184,0.6610544836099974
69453,0.6553809906699999
320604,-0.6863309196099996
382985,-0.5778796840099956
171167,-0.5284909362300043
57261,-0.5186898390000074
329502,0.5617229642050026
75619,-1.2575999111050007
56473,-0.4821969491449991
11370,-0.21327048680000082
77767,-0.603430913600004
380924,-0.5247125921249984
15388,-0.42102299275999755
67693,0.18694361990000097
98396,-0.705411019659997
71949,-0.25144476079999833
20535,-0.21947537734999933
67392,-0.245453353970003
108075,-0.3926631769150033
17988,0.2186565612500022
98845,-0.8604878672650003
103573,-0.22999296635499888
75758,-0.21822512619500145
19181,-0.23380916320001255
21947,0.5435837452550003
22068,0.5500040438099987
15492,-0.5989481958750016
216343,0.40143200289000003
668212,0.8108685794399966
72123,-0.37212061400500573
27028,0.3468793839299966
71137,0.7894028191399971
387512,0.5858543971199985
66870,-0.2402657848500045
16515,0.5613627843800004
78892,0.6052058720299991
100383,-0.4243677409999975
231470,0.5338502983349978
121021,-0.7997196825549979
84092,-0.814766661244998
238505,-0.36515872675999894
382571,0.491608212850001
242521,0.2664945172249986
73852,-0.3422364892050025
22034,0.5097327253699993
24117,-1.00221650819
16769,-1.0093010100899997
80837,0.33702977337999407
212108,-0.5053804839849994
264064,-0.35870764425500035
435684,-0.49757519767000247
114642,0.32710191099999086
17195,-0.45286644061500025
225608,-0.9141599932800002
242274,-0.5886705033599999
63873,0.526656452114997
114715,0.5519083476449991
317652,-0.4851438435349986
14827,0.2202329836699981
69923,-0.5511790264750012
330217,-0.685912210825002
66948,-1.1740199143350019
231004,-0.5433549077149991
19212,0.46566673107499845
56856,0.9369919279999994
11745,0.6723453651849987
12273,0.8033610477850002
227325,-0.6237481099700002
14840,0.6478703230999985
68926,-0.32883383377500053
16909,-0.2741677956500119
74302,-0.376238122500002
11699,0.6461558995750005
77125,-0.7474279726200015
17533,0.8919994757950009
97440,-0.46932645548000274
18442,0.7139826004749992
20682,-0.4415924298700009
21371,-0.2950928515500042
56077,-0.6711745548099968
210808,-0.5546234613550016
232174,0.6256369181399988
12575,0.25837056646
70544,-0.31928162941999894
26450,-0.5482734404300018
30044,0.45943304035999777
242721,-0.23822091514999855
18675,0.8147614350800008
68550,-0.5216852776100005
23873,-0.32943111826499916
56746,-0.6472185321250032
67451,-0.6528781094600014
110616,0.41050642510499724
71934,0.6050203174449988
67005,-0.26235337054000496
12850,-0.437840889350003
17215,-0.3855679269100012
218543,-0.36626555575000275
66611,0.45929301919999777
50786,0.7371340989800013
329252,0.7435938429049997
71988,-0.5866054561800009
216869,0.2209913204999978
244911,0.6564781574649983
16512,-0.3239954775599996
664994,0.7303405225900041
69551,0.857427082100001
67484,0.5814058136
99011,0.6449702109449973
16552,0.4059847773249996
212377,-0.3534678378000109
22129,-0.23719511702999796
23966,-0.27576233020000807
50496,-0.26963461199500216
19228,-1.3834008133499989
20539,-0.597431317379999
83815,-0.2825968717800018
22256,-0.3236530000000091
21808,-0.6848336690149983
108960,-0.322466290699996
107769,0.24995992535499667
76138,-0.32771161749999855
67200,-0.24946528222500497
68039,-0.23700891447500005
213788,0.539670350750002
381974,-0.9904738898100032
83762,-0.2738969779999998
269233,0.7558983706799989
20311,-0.45576977878500013
214895,0.22366757023000083
12469,-0.2469822361049996
218203,-0.6559611785350024
11629,-0.40866307414500547
67382,0.5111468252850022
19671,-0.25301967841000206
228785,0.6080539508800005
320736,0.7558036982650016
68066,-0.338456846999998
14081,-0.48493364084999513
269994,-0.5187614706000012
21857,-0.6081384812799984
66812,-0.38984411133999775
80291,0.3671913233249988
217517,-0.5264237532949991
228061,0.28286576134499697
52846,0.4665625905299997
18092,0.67246633332
226041,0.6233017613899978
71597,-0.6674429862800011
320554,0.5856689887499957
14676,0.6999772379849993
245537,-0.3074717528199997
18119,0.4934767168150014
380705,0.5562720713150009
110895,0.5746437605999994
15412,0.5232774319800004
14573,0.52207022175
94090,0.43744346234000275
74376,-0.3350917738100012
66044,-0.2613123978399994
18100,0.2735784967000008
100336,-0.4433221827150007
58249,-0.24438420703999775
21683,-1.1977699274299978
195236,-0.40905979327999864
18778,0.41421512334
234374,-0.2782186829949955
331623,0.3116908286299971
66425,0.2184397025499969
66147,-0.22347943800000358
19248,0.30304759644999635
14411,-0.9703830100949995
16998,-0.42642498892500313
237253,-0.44957598437
23805,0.5196844609150002
23934,0.6337620656500018
239528,0.3368287315150056
69085,-0.3198651877500076
68263,-0.22256743609999852
12672,-0.5058181404500015
68346,-0.4819751077450052
114229,0.6650823079450001
232560,-0.30651175288500365
106877,0.4393569177049992
76233,-0.2234728200500058
66309,-0.2767343511200018
77836,0.5724989329600021
16197,-0.278025743649998
21959,0.8969010031399987
22141,0.9784453833800004
70080,-0.43614209945499915
216021,0.6398359828750002
14263,0.254383121910001
105844,0.6135402335749962
66935,-0.6360945737999995
26445,-0.3215618650100023
18150,-0.4918578370149982
110446,-0.20979776976500375
56209,-0.33419606066000185
56471,0.6393831554649987
224022,-0.4693028567600006
27054,-0.2723317826549998
22193,-0.41666871885000667
80719,0.29031949590000394
13649,0.4941452489799971
94213,0.5672174231099971
18423,0.7957109032850012
15980,0.26200650355500166
18788,0.7893776893399984
227541,0.2676842879700043
21961,0.3892176250599988
58866,-0.48993560494500077
233893,-0.2131363482699964
50912,-0.4120110147900027
74145,0.2435289607499893
12389,-1.1144744849450015
16504,-0.47383046374000326
56070,-0.5574540853749994
16429,0.6285371325699973
232441,-0.4363393174850021
11867,0.2632662979499969
56399,-0.3235629191399987
56515,0.34420541793999604
210554,0.7456352420000001
214253,-0.885823617955003
78809,-0.570613244555001
12335,0.28912113792499916
16569,0.607005977580001
209225,0.40424680421000403
210711,-0.24886157730000846
230972,-1.0969930569100015
382113,-1.0209429140050004
66375,0.271829546099994
11652,-0.17593551114999784
21887,0.23879836429999912
11486,-0.2646120762250028
14632,-0.678102852759999
29861,-0.45316383155000084
54418,-0.5286931474000038
17877,-0.41200403361000326
73284,-0.6746065397300036
57751,-0.22562514928000255
14687,0.6437312214049999
118446,0.4856379113449987
208372,0.7356956148400009
14799,-0.5104182647750015
70144,-0.4125441811950017
14792,0.2218919644649997
243931,0.599686174895
11576,-0.23991724816000026
76757,-0.5406986146750028
14412,0.8478193790400015
223780,0.6784457415650031
208638,-0.1865581474500022
18707,-0.31947254549500137
383348,0.44842215856999923
66482,-0.28738299451500104
83675,-0.8445835191650009
71683,-0.2196492329000037
18171,-0.5093568529149999
13640,0.6188710617250015
17096,0.277504879464999
20733,-0.5674424917499987
83922,-0.6179266005450001
15552,0.7961122861999992
238247,-0.377670707890001
237979,-0.41817463969999835
329559,-0.896805064225001
85308,-0.25411862880000413
69473,0.7477829553049995
18018,-0.3065139721500074
58200,-0.8302353453900015
329954,-0.7174376509650013
30947,-0.23444093329500149
223828,-0.38053821353000306
77629,-0.5989566251099996
20437,-0.5409470235450042
243923,0.7664830136900003
71862,0.3065316085550016
59095,-1.9981034229600025
74492,0.5158614736949976
15550,-1.1536586412700016
54419,0.611744873769998
18392,0.6934663741149998
56374,-0.2410768932000078
242570,-0.41053577093999394
208846,0.4424163064899975
27029,-0.3024197678500098
319263,-0.3839941393950026
66338,-0.5220966327600016
70771,0.5036523661849999
18071,-0.606553074305002
277854,0.5431488925099979
103768,0.4146376751249967
18857,-0.8991152056849998
233489,0.2594604395000051
239447,-0.6030503506049985
18667,-0.6870389924799993
13849,-0.35900648080000686
22271,0.5321708831249952
214058,0.6920154772799982
16494,-0.6412255265350018
13803,0.26207622209000014
14473,-0.6015811544550016
66066,0.23058530839999491
12994,0.7921564943099977
67645,-0.6163862970000045
12306,0.30854410149998834
16492,-0.4511196091850014
330998,0.6982490314899996
216821,-0.24548656912499212
19056,-0.22134143131000528
12715,-0.5512910061300009
233549,0.7010401236249986
235323,-0.2709483542800033
54725,-0.4400948985200026
18286,-0.5930321863650034
16334,0.45241262453000086
13383,0.5432358119349967
16373,-0.6912427834700003
21664,-0.6870226746200014
13175,0.7591067968549989
18213,0.5030746295200004
18766,0.7360913345550011
245666,-0.6457180564800016
78795,-0.5584082069100007
214580,-0.3081258304200034
20813,-0.24137331220000213
84653,-0.4097909914649982
16010,-0.46877531601500255
52679,0.5960713378049949
51792,0.32890508542999974
74252,0.21572573737500278
195646,0.7329814603999978
15214,-0.6226976057050013
17228,-0.6764342466200048
16443,-0.35072484060000164
54384,-0.9762881381799997
71461,0.6932105476850001
329278,-0.4314625317900016
19255,-0.2862257013750078
17450,0.5301193847350008
94226,-0.4428238225900021
225028,-0.4904495345749993
328381,-0.5811418071750012
67615,-0.30828673310000454
218639,-0.2946208443500016
269951,-0.2258829813999963
11515,0.44585022121999796
72692,0.32096689753499774
59058,0.5490918356050001
12583,-0.6476833860600006
18129,0.3346386465499993
23807,-0.22559611659999845
100017,0.21656231084999789
72145,0.5318348569049989
320997,0.64372729856
16493,0.6291657625900013
15571,-0.6329979477499981
17776,0.31121685897999996
69983,0.8413728521899984
328370,-0.4700663869849979
56461,-0.4390131295399975
240041,-0.372770030215003
72795,-0.19227287010000715
15205,-0.44974126506999923
244059,-0.3155637942299965
20501,0.4214996792899983
72572,0.6356950659850003
74486,0.4063371466700021
56208,-0.40896049620000596
56183,-0.5417691989850013
18515,0.2726505852350005
100503185,0.5251645847700006
231279,-0.5461476385799964
12231,-0.3688498240000051
66371,0.5183824289099999
218865,0.4208506349149994
269941,0.22116086464499496
67445,0.8603480088599982
230119,-0.33809975711500506
74600,-0.2762768792750059
52915,-0.30621608547500223
53951,0.2157051877649998
18991,0.3718838495499952
18508,-0.7719585233199999
170765,0.46867809959999907
18542,-1.4843591228350013
71532,-0.4993356169300007
66011,0.6922275978749983
101023,-0.27493790340000146
14612,0.547189761654999
18821,-0.6139278531749994
22421,0.5758350623700013
630146,0.4769977541900019
54342,-0.4174610467100033
68240,-0.3030820097850011
18550,0.2113053339099995
21815,-0.2796188196799978
223843,-0.5402939739100021
23969,-0.25249117400000287
11910,0.5338041550650008
83560,-0.517423776835003
654818,-0.6556439030500028
241197,-0.6815293335800003
72736,-0.44913336049500074
110326,0.5790753867650005
69534,-0.5833396731699976
319974,0.5060280623449964
15426,-0.6136431439400001
26557,-0.7178391947600025
320343,0.5976946176299984
381979,-0.8109847617900008
16728,0.6677654160199964
81489,0.19609279090000342
140919,0.7975792917399991
319259,0.6537514483999982
60594,0.6955015189849973
67811,-0.2510504077400011
69263,-0.643726710140001
68606,-0.2711317695850006
66605,-0.576712314549999
216197,0.8384006966549986
72170,0.30023183167000056
381373,0.6274061714150014
11927,0.22746274130000188
72750,0.25349672601000073
14621,0.44196073160499916
14187,-0.3930839884199999
116870,-0.5372785487350047
19692,0.706100837420002
110417,-0.6489499473050016
231912,-0.6361614601700021
16407,-0.5555890489700008
57810,-0.6491634282050018
24004,-0.5670787722650008
11732,-0.5278115052550003
29865,-0.6499757298000013
69008,-0.2673179123200047
12499,-0.3032415154200052
19762,0.7221001244899958
20672,-0.6294456409949989
77035,-0.43774380611499897
72477,-0.5096015848350008
233056,0.7892142195500007
234686,0.2566211721949987
105000,-0.41976092978500157
67900,0.48762059266499946
238257,0.6447148529900009
68911,0.22939416924999811
12840,0.8246214031250023
110595,0.5978567468849989
257632,0.5363410781399969
66079,-0.24559409713000058
16588,-0.2306850409150023
71816,0.5289185370799974
22423,0.6209070883099992
73658,-0.23626586890000034
18718,-0.3622001856899981
219158,-0.212197138649997
232236,-0.2519266438799992
103967,0.5562462390199991
668929,-0.6625364993849989
664799,0.48316951145500076
13197,-0.45815855926000104
107829,0.3325224181249915
94249,0.25708354151999835
214593,0.476005044389999
16191,0.3537812818099999
65969,-0.46095025004500023
21413,0.29653852200500097
231452,-0.2395854226800047
268564,0.4191462430699966
114255,-0.7787106614350021
59043,-0.7461281648450093
96935,-0.6139625804549977
78283,0.45622063824499826
231863,-0.4821828852150021
231326,-0.5916038004099997
19170,-0.22291562870000092
100503361,0.7065830087849996
102626,0.24743769297499796
378937,0.4420175655500005
12235,-0.2873293309399978
68552,-0.2338654430500018
30045,-0.31087263082500005
14269,0.3149163448299994
12180,0.48820950460999946
70747,0.2779243360700061
14842,-0.6246574645000007
99375,-0.5407920326900069
93842,-0.3786363808100095
20911,0.22972798919998993
231147,-0.5080195390150042
259279,-0.30802496091500053
107065,-0.5098338450349997
227327,0.6041172687399974
71997,-0.2545398535400025
70235,-0.28917726808000044
50874,0.3287286004349941
240816,-0.5698988598550025
21789,-0.5362340446200005
58178,-0.5845184908100025
66291,-0.2760426581400015
195333,-0.5959167309150004
407800,-0.6146844182199982
108121,-0.2327090482500065
68396,0.4860596586649981
12912,0.4103479186600003
12798,0.20318416030000108
11820,-0.5477199757900006
74434,0.4938809564099982
142688,-0.24034284619499857
69870,-0.23132849883999995
78523,-0.2854415371300032
20970,-0.6076755624000016
68033,0.19847445717999435
22601,0.249576065334999
338363,0.44323852921499807
67892,-0.29828146308500436
84004,-0.3432324273500047
58203,-0.252712325089993
12283,0.19785658380000015
69577,-0.3498202166099995
211550,-0.3871302560350003
228998,-0.26182531381499885
81904,0.8780382860649993
67039,0.25026316762000356
207854,-1.2006478995300043
110012,0.5716771940400012
28077,-0.20811249029500445
13612,-0.476754091035001
12496,-0.7619229080500016
474156,-0.2615256899800027
18082,-0.8583544876900024
71846,-0.4929430395400036
20276,0.4855644861799968
18762,-0.7528676888850034
66260,0.738452441575002
76459,-0.495583232515
69981,-0.24854665743499815
11819,-0.5605303371150017
70325,-0.8098917435600015
51902,0.4774975490449993
14761,0.6008086405699977
241514,-0.4815406587450015
72181,0.6482178660849982
12359,-0.3202150270000015
26972,-0.7214632546600002
68223,-0.8383636797000027
238205,-0.45431323935500156
28240,0.644093193745003
70086,0.5529102244049975
619301,0.45489647947499545
74255,-0.2603412166000112
52348,0.3415482311899982
13179,-1.011940381549996
12934,-0.2793048708899999
214568,-0.7989980538200006
215512,-0.4460553465999997
18293,-0.3061021733000011
109934,0.5002367809700008
110891,-0.47183543454
228564,-0.4440003634600016
20147,-0.5997922836000065
65106,-0.352044375540002
16664,0.6662596990949998
195040,-0.5187692359700007
15251,-0.534937320105001
66932,0.43388597963999764
63828,-0.6902593817749993
230103,-0.324655642705002
622473,0.4896888272000002
240660,-0.670471561280003
20500,0.552030375969998
74551,-0.26342072827999985
19229,0.2622996492999974
17960,0.49146134398500063
194126,0.4840088029599996
21926,-0.2454990097300005
66885,0.4192741576600003
384071,-0.5045888261050009
213989,-0.5045888261050009
217882,-0.27159783950000005
54712,0.5324170876550021
56398,-0.3106550235999972
268783,-0.30533247145000253
232087,0.19822087165000113
72068,-0.22396659998000246
20731,-0.5639946256950035
59044,0.2554920839000001
67946,-0.5511346042150063
20964,0.6722935590599972
211577,0.7231637186599977
234733,-0.422331584680002
54351,-0.23479747419000319
110350,-0.5686518189900012
75767,-0.4150650082700009
18797,0.5932336571299972
18740,-0.5985559627850026
100756,-0.31703751590000095
17872,-0.40456946190000664
16765,0.49170155300000573
12545,-0.5004158161050012
227800,-1.2183632323449984
227738,-0.2534610627499987
17112,0.5937595738699999
71538,-0.3775594705500058
103978,0.5877750716699977
228026,-0.5984864760050046
11964,0.2478688103799982
14580,-0.5786707534999991
54122,-0.5442520049399997
243764,-0.8771693350749996
22229,-0.31347041200000625
108151,-0.54326041241
68792,-0.4965177428349943
56459,-0.3392356166800017
16012,0.4161608098149996
243634,-0.50063990693
17190,-0.19139758249000316
72399,0.2050189508749991
319776,-0.5782008739350006
16500,-0.6372643372400009
56788,-0.4765115753550013
74154,0.6680318135200007
80744,-0.7793985965300037
24057,-0.574896706245001
213234,0.6354575855149993
68626,0.27713049506499665
243362,-0.3545724202750016
320500,-0.2051480868500093
217331,-0.22075509919500114
12054,-0.4782866757650037
27368,-0.4782866757650037
212503,-0.5324044488700057
629059,0.5865657808950004
12785,-0.21865832420000153
104923,0.27713596810500185
59025,-0.32807834255000046
66177,0.17066429599999644
17523,-0.6661705539899989
15207,0.32120236890000164
66330,0.34635415626999233
110902,-0.3360875517499995
78890,0.597165065989997
20334,-0.512185696825
73473,-0.4102381131349979
16155,-0.27184417887500345
94178,-0.2621976709400009
50767,-0.2621976709400009
15400,-0.497925105564998
225358,0.293423229794997
74343,0.20279848584500115
15526,-0.24522558516499693
233271,0.44911093566500115
225872,-0.6111738793600012
240913,-0.5130823157800006
24046,-0.5016209973500017
244867,-0.6684100015850021
13636,-0.684893387559999
56224,0.24200770134000127
12366,-0.1796244984000026
12652,0.39707033500500133
16564,-0.5984210146600013
80281,0.5297154676400018
238333,0.5127543428349992
19183,-0.5618440728950009
140557,-0.7696865668500026
224661,-0.5547766446600009
68332,-0.2569003300099997
76265,-0.2189866834900034
18128,-0.7115355358200004
225341,-0.5062426561350044
50782,-0.2534189529299997
67909,-0.49559578295499973
19271,0.30662814538999683
67983,0.49795285396000066
29858,0.3242531648199982
67238,-0.17177802669999664
12311,0.44164234165000105
20306,0.4585248943249991
632126,0.6809874130450013
15162,0.26510917725000915
26431,-0.2567883269000042
207227,-0.39263997121999905
78753,-0.5336431918249991
213550,-0.3007347325650045
107975,-0.3289257726099981
15446,-0.686374730795003
328092,0.6026333524849985
71743,-0.2234777370500023
107146,-1.0364651181350015
71785,-0.5437131471000014
218476,0.4978342021400004
227210,0.4190919489699958
12395,-0.556326066775001
228911,-0.7347239185500007
68961,-0.18291952385000343
216363,-0.25288052773000125
65255,0.41212547084499995
98221,-0.2069562301500003
18188,0.36120541994499433
217344,0.42287027481499795
68603,-0.24123043133999644
20617,-0.23243863800000497
242418,-0.6061954912450025
17086,-1.5214491606650054
68981,-0.26354473498500575
243874,-0.7354833423700007
74488,-0.34711691954000123
72899,0.7422178763199998
97212,0.678781253715
66131,-0.35487397238000007
15108,0.18869710530000816
67149,0.6196973107249999
271849,-0.6754126580500017
227682,-0.21023787830000806
234371,-0.26895082247999547
53317,-0.26190513240000435
239932,0.4299873301750008
67384,0.4685796619999998
229389,-0.6614955429900005
208727,0.4135635548800014
18429,0.7569354015649994
433470,0.7736661409249956
67973,-0.3520629176149992
320825,0.49534711068500314
67356,-0.6623389671750015
20969,-0.5533039257650012
77771,0.6752538026449963
236930,0.23816511415000186
65972,0.2594017800500019
215303,-0.37039573019000027
16169,-0.3711804281600024
67726,-0.17257771630000285
17874,0.23368037616000237
170768,0.21387278281499889
74268,-0.19744922467000237
20670,0.4710244062050011
208990,-0.30329694338000035
241794,-0.7362356621700004
194974,-0.5981854298600027
16709,-0.3640614256699992
93837,-0.7596852423199985
320484,0.2818409623549982
64290,-0.3983352511699998
234463,-0.29548683362500405
19698,-0.26936153084499814
22390,0.651227096635
20410,0.32488094024499947
56443,0.24057465395999955
50917,-0.308735837400004
231842,0.25121234274999615
77626,-0.2814405627450025
78323,-0.39214154585499994
217843,-0.3415872359199996
108012,0.34591410151999913
72747,0.4923305773800024
67181,0.25532670309999794
219114,0.43093276831500127
13404,0.5891336972999994
15519,0.19285005144999623
216549,0.19555860051999474
140483,0.5138257877749979
19733,0.42025596323500025
666794,0.5826819216049985
15228,-0.6225721196700023
69156,0.21471434759500418
102644,-0.8430860311550039
381356,-0.2123848731000031
13496,0.26523532861500065
19230,0.26318599130999054
67495,0.24277534828999947
72805,-0.5403375332550016
239510,0.26779108498999626
72140,-0.24599781820500155
237711,-0.517431443824997
353283,0.5528567595150005
216964,-0.21899651762000438
56690,-0.24531484817000404
16467,0.542566236975
212862,0.6989334305099986
623230,0.6760765252799992
75578,0.5849145497299997
27274,0.4347260032599989
81601,-0.1725028624500009
67731,-0.32346194486
13855,-0.47736002486000206
56277,-0.726455847
67899,-0.3486362182550007
57896,-0.29636159300000386
22590,-0.18567880135000436
11973,-0.2038452351350042
13202,-0.23023561911500323
14238,0.5740449749600023
231866,0.8078622455549982
66092,-0.24346738760000086
28135,-0.20257765356499746
18036,0.23427215162500126
330188,-0.5677684728899997
66197,0.3806146844750016
231887,-0.3306228369999946
13512,0.4756916476650006
215113,-0.3119745505850062
67065,-0.5008043710149979
71660,-0.5895055285749962
235435,-0.43934176497999733
216853,-0.17504598606500288
14166,0.5555178542449983
24001,0.5408823804550025
75753,-0.5304374523200037
14462,-0.30878967200500185
69354,-0.5379286715550005
17306,0.4603561377399972
68616,-0.6047433144500012
20750,-1.3483352931150003
74030,-0.6312227475000016
76108,0.2276256672349941
67634,0.38215100215499964
109820,0.6808808049349988
16974,-0.29461125035000535
20347,-0.7596559878050027
101861,-0.3746331699400036
109032,-0.3464593826000044
228432,-0.7722178181699966
229937,-0.3093671250800014
269774,-0.30348295495500466
277343,1.3832414449549972
214575,0.393499424904999
239743,-0.26868641281000194
12921,0.38935351707499777
245670,-0.5800186812150026
67425,0.49181789093000017
77446,-0.3888144976700021
56488,-0.2156773502500009
14048,-0.3017075474999924
20192,-0.46981451909999983
74450,-0.22583659632999975
11769,-0.21090629215000156
26442,-0.15430573214999477
56708,-0.6563385650700013
14696,-0.49447982634999743
71904,-0.2739557753149988
66528,0.571912052620001
76747,-0.19868118439999805
18263,-0.24335409840000466
56384,-0.25734443276000185
269132,-0.6532223004750017
66994,0.26404421878999784
114774,-0.7826392025250035
66745,0.43494544326500106
13392,0.6253357133099988
76890,-0.33636575350000086
68273,-0.3085866871100027
14167,0.24116652383999915
229323,0.2422557932199947
237831,-0.5603906423649989
103284,-0.22907875652000165
71687,0.408895026999998
208643,0.35612763502999556
12483,-0.23012392604000098
230979,0.6017728292350011
218341,-0.4501775862800006
22174,-0.5809254225349978
64659,-0.2361303270050037
13875,-0.2672379478550013
239766,0.569769639645
225187,-0.4824023720750019
26992,-0.21286600290000024
94111,0.718464739849999
21844,-0.39721533374499973
320938,-0.2675099261499998
66515,-0.21481439449999762
27398,-0.21481439449999762
108078,-0.397834893115002
20319,0.5249675326949981
67019,-0.46630846520500135
243979,0.39468263034500106
74176,0.6463442264649983
240168,-0.2715454634300034
54366,0.5177991649950009
228355,-0.25473320630000096
74112,-0.20543053282000123
72972,-0.2824345160900066
75689,0.42872921043500156
66998,0.19582373274999654
59092,0.33756755614999534
14456,-0.5911467648600004
434423,-0.687462608055001
12455,0.6092943189799991
18020,-0.30318737155499953
622408,-0.2652012684000091
14654,-0.5285817769250012
217682,-0.4808356273650003
56348,-0.5137606645099977
244209,0.543504453689998
100048658,-0.5219650461399983
20497,0.3112287269899996
212190,-0.5416068578050011
83485,-0.1746953529499926
72433,0.4771132504949982
23950,-0.4097537150500017
18087,-0.270701736040003
94062,-0.2536002653200047
101240,-0.29674740998000093
13709,-0.2754608711000017
112406,-0.1807722383500021
26417,0.18807160970000147
67694,0.31479124219000276
12075,0.5678794415099988
12464,-0.19163972175000588
320502,-0.3885754095150036
66048,-0.24244821431500974
12167,-0.4833650799500009
72017,0.5858305105449979
629754,-0.6235068070749992
382639,0.4837515848049998
11496,-0.40266645859999883
386611,-0.5197009080150017
230612,-0.5093249264800015
18575,-0.5680465275500004
12460,-0.21040461934999577
77220,-0.4565037088050037
66938,0.3617803263399946
14459,0.5220184217599995
72515,-0.25322355553499776
105722,-0.4293667830250003
16768,0.47028367099499846
214444,-0.3382479691800002
12733,0.7973965581
11302,0.40354889341500044
67448,-0.6243490807300001
20927,-0.5860845733599982
212933,0.5967385419649998
66799,-0.3616479226950027
23924,-0.20504951755500045
330921,0.6638439984000004
245610,0.4480975046650002
21415,-0.8763346416350006
320679,0.5168055612500022
218271,-0.22454822073000713
52713,-0.21085801875000598
101543,-0.6524987802850024
110115,0.4936606190699995
67469,0.2581872307149995
244579,0.3685969673349989
69339,-0.5283149489099994
107868,-0.5188348855400005
15191,-0.15480478974999912
74646,0.37021257829999676
66771,-0.22115794205999872
69638,-0.4110278799750029
101497,-0.34268209585000164
77809,0.3808661224949965
50498,0.2928613352799978
21935,-0.4858791171700001
15166,-0.21758030959999886
79560,-0.2244135768200035
17433,-0.5659790435400014
66962,0.46416349541500335
217119,-0.2564009036849999
74392,-0.8123247994249967
16433,0.5866459802849997
215061,0.5491578962099997
14121,0.42945003160000095
74257,0.20230041670000531
71805,-0.36142141382499915
13014,0.18217723034999977
11554,-0.5389440612200014
269152,0.6112012610450002
77057,0.6124633989500001
217140,-0.22188517332000046
381853,0.42062490920999895
105732,-0.8941292359300013
104721,-0.21599745765999856
74782,-0.39955438248500386
66274,-0.4857800336100011
19089,-0.23203693655000635
16000,0.22700239910000342
622117,-0.41427251556500266
66643,-0.6190624322599994
671535,-0.20894319940000017
27376,0.5763419247699995
66385,-0.29234212314499786
54427,0.4340547733150011
234593,-0.41961231372499963
211484,0.4693574764849995
27276,-0.646409213944998
22775,-0.415168374544999
227634,-0.2910346088200013
12534,-0.5903773007799984
12348,0.7365977919900004
243963,0.3853667146000008
75234,0.22413540709999857
238130,0.7059395889600006
14378,-0.48374085278
20476,0.6855450081799996
56043,0.46494233938499985
242864,0.37156758203000084
69542,0.2854552946199993
16511,0.34923125773000185
75219,-0.48766602875000054
14399,-0.4960203239700025
224624,-0.25564994389500306
12978,-0.2403050497000052
108017,0.5440981360899984
16514,0.8723050795000002
11859,-0.4233169620549999
20384,-0.23264884900000027
208439,-0.46790083129500193
20538,-0.813898076754997
58220,0.693528912460001
232023,-0.35417143319999944
20130,-0.19380492215999823
68259,-0.31779335710500334
60527,-0.5748244854950002
238055,-0.6168227632099978
14177,0.718091559340003
269713,0.5417692734199981
20656,-0.20204730199999332
245622,1.1628146497349978
18613,-0.22581650476999648
54683,0.2544132808500006
58240,0.6764829715799996
12160,-0.4730623498800006
110075,0.6795028296399988
67468,0.20976690879999538
434377,-0.47753848621999984
214968,-0.3863797989000002
112418,-0.48665189826500077
109205,-0.7311583553100007
234353,-0.44550640201000213
56325,-0.20791037889999586
56422,-0.2819090372500028
15562,0.3738279092899983
12282,0.5058718252599999
16370,0.4608742843400009
239652,0.36312302775999905
237211,-0.27947147787000404
271786,-0.4644926040500006
68420,0.2243166383299986
66583,-0.5456207319700024
214952,-0.24352130727000088
13835,-0.3207736143700002
71371,-0.25502186962500417
72535,-0.3925316063850026
52639,-0.5288643454500059
76895,0.21860865756499948
319653,-0.32553775418000175
21340,-0.4883083583650043
15182,-0.2417002208700021
67154,-0.1745549264000008
19155,0.22287760162499737
231583,-0.5255900234050026
14729,0.2509027656999976
68183,-0.19250115575499827
328788,0.749692986544999
320100,0.6066997046049973
23797,0.21435421431999657
78473,-0.19126873039999914
140917,-0.6156569972750008
18094,0.6172372759449978
209558,-0.4320677436600002
20021,-0.33974312515000094
54411,0.217006991329999
80985,-0.21031904805000856
50934,0.3225202551099988
12959,-0.427842079545
16772,0.4057048582949987
12944,-0.5841794175200006
14584,-0.6836208989149997
381077,-0.5594147700049978
22342,0.4182973542099986
76294,-0.40716810637500167
70551,-0.34972835653999557
106489,-0.29624758427999787
330222,0.4286911614399971
67896,-0.9437206495300003
235315,-0.4484892525150048
71750,0.19492871118999666
19260,-0.22876946766000295
215707,0.2005650044499916
68972,-0.2542684892549971
211468,0.5087873920299977
116872,-0.5245415468250005
232371,0.6147733140249994
12796,0.3900606128499957
14923,-0.2149138182249999
93835,0.5917271875849988
114893,-0.377416207200012
108015,-0.5548287261050024
17329,-0.42253799425500116
13489,0.5703526947249995
208211,-0.3500026884849987
68344,0.5812117619650028
66694,-0.21926594530000365
106042,-0.43409959496000106
268527,0.41635766801999985
54003,0.410993259369997
64540,-0.41505867364500126
14126,0.7053208415149985
98376,-0.7523648530900013
230904,-0.277813414900006
21826,-0.3705714275699994
74206,0.37505806868499914
67759,0.17821425259999835
207259,-0.6042452463049992
66665,-0.4108188729899993
12400,-0.2657066678500044
73647,-0.4240362263950006
69185,-0.4678047865650017
67290,-0.38182520358500494
67460,-0.23092299696000218
12502,-0.22876904425001143
232717,-0.290237440500003
14156,-0.270434179040004
75062,-0.24222321423000892
75608,-0.43014903919999803
75560,-0.3092373477300008
16980,-0.9140069568549993
102857,-1.1291744021500003
12163,0.2865072132499993
66471,-0.5187657068749996
14085,0.3665234208299992
78783,-0.1897946334700027
54709,-0.22593458426499602
12495,0.4557488563849983
18432,-0.20979923780000043
24063,-0.43638833641500074
76308,-0.14815649035000433
71145,0.4203352025049991
70186,-0.2191251616400045
76429,0.24788665982000246
20729,-0.24733956456999984
14814,-0.49972116497500174
68059,-0.17405469436499743
223726,0.5355770032800002
19179,-0.1867607783000036
50995,-0.2834938758000032
245572,-1.047036143129997
224419,0.3768959037149995
12789,-0.3776636076300015
67153,-0.25785433284500403
65102,0.2053655358600004
30806,0.21988960945000002
110304,-0.43756083492000153
17261,0.17602371949999807
69707,-0.4125277737449986
28010,0.20720955501499994
20167,0.36422851480999885
66541,-0.28072187578999497
11733,-0.7271696621600015
17933,-0.44152743015999985
17240,-0.6716038266450006
11876,0.46252322512500044
71994,-0.235062630749999
104418,-0.20151881654999393
22772,-1.35360512869
110308,-0.6064898698350016
75736,-0.24256570931999732
208982,0.5948691685100025
23959,0.3483466015999994
18025,0.6917688611800008
15242,-0.2530131033449994
72341,-0.4626557176500006
245860,0.2783591008499977
71492,-0.5840875563850023
66957,0.6818072315649983
99045,-0.1953924801600042
11727,0.3906929018349974
12985,0.6978249063699993
57138,0.31060916541999806
76454,-0.35395463120000237
14813,-0.49976968083000006
75841,-0.24372192589500763
71213,-0.35909850587500003
20680,-0.617924957229997
80517,0.17879728327999622
12319,-0.5038265388400016
14602,0.43953598517500003
56274,-0.4323012146250047
117160,0.555614312514999
110805,-0.6808358954699987
18193,-0.28185639329998935
319901,0.4583684439749991
13195,-0.4519998224250035
105727,-0.29681927565000166
14924,0.4521600951799991
20737,-0.24760340170000283
171283,0.4112727272499974
20401,0.4880235867099971
21426,-0.5140856475700009
71907,0.425019993544999
623474,-0.5468103574200014
545428,-0.32885301014499824
12028,-0.1824430150400005
19055,0.25671197681000457
66654,0.2524713443499995
71746,-0.7583394262500001
383075,-0.4145991347550009
244672,-0.37551766755500093
78833,-0.17064034795000182
66254,-0.21506888570500493
226418,-0.5489902090050034
269693,0.4938820550799998
17022,-0.8790072682550001
51789,-0.2567714701000021
14106,0.516973939734998
171543,-0.3121829451950049
56278,-0.4550535178600077
12660,-0.4039326232149989
216831,0.45018723090500057
73182,0.21903155110500183
16495,0.27012665391500157
22359,-0.41335787365000076
18708,0.3318926660950021
15233,-0.9254920933100017
20971,-0.5811830181900062
70427,-0.5327309112900007
353258,-0.2262586001500022
433323,-0.5785314606649989
18438,0.2560651299700005
17001,-0.6036978240750006
14760,-0.31071800294000074
328779,0.6997855859250004
13641,0.30466435007000214
71966,0.21358240922499405
13511,0.3634632275049978
67628,-0.15488834015000563
15171,0.669153645939998
59126,-0.752066600920001
22629,0.2550094470499946
76768,-0.5780901024099996
22793,0.2347228983999976
53324,0.5793189144200013
269959,0.3951184150250002
263406,-0.280034488350001
56878,0.23070885610000502
68539,-0.19752723726000454
18541,-0.278275675559998
30959,-0.674789601965001
100039781,-0.5442957585550001
666938,0.3021937067899989
13864,0.2248145070499934
12487,-0.21283518568999504
65254,-0.3573843574450031
436240,0.5251259679999993
269614,-0.2931824135499994
20259,-0.6562772604350022
67844,0.2593264770400001
56527,0.6099924748149972
16371,0.47058686215000023
18117,-0.5049139952300008
22269,-0.46695996111499927
211914,0.5047015222949991
208426,0.44351537822000253
77532,0.5021791035999925
19656,-0.2068749479599976
13017,0.46852011265000026
72522,0.27206165885500155
66966,-0.2422587217150003
268807,-0.44243206006500113
622935,0.5536653573599928
52276,-0.49984536334499996
20379,0.5257418137149994
80286,-0.29685090940500025
64337,-0.49034721313999885
76380,0.46889009358999933
17859,0.4005344734399996
13142,-0.5696984229600011
23886,-0.4418344337100004
26425,-0.1991709544000031
66525,-0.4162264873200012
66805,-0.5617868236500008
67606,-0.43205328950000066
329977,-0.4071062374549985
21677,0.4988743199300014
215085,0.43653890199000145
233802,-0.2241382136450074
228836,0.17721667849999356
21379,-0.18525362533000056
19274,0.5434781073550026
631797,0.4084128524999979
18408,-0.4412148866899992
234395,-0.32658143112000193
69587,-0.6338889667800034
74044,-0.5884033377500044
245688,-0.2136185156999968
234699,-0.23344383210000608
269695,0.5118383191349976
53312,0.1931806245450005
71755,-0.6174286031300023
22200,0.6443277783299992
59083,0.49402457589000104
109880,0.28206618449499743
13004,0.3741927530350013
26386,0.532595968209999
78688,0.532595968209999
22666,-0.22769267442499874
228003,-0.365153439155002
54208,0.2096108358500004
70422,-0.5755931748900007
210925,-0.20343736084500463
52014,-0.19925028674500034
11600,0.2547011195499973
56150,-0.3913958927250034
170731,0.2689188662200017
74485,-0.4008925881500005
67991,0.2549291785100056
14211,-0.24655792747000227
67510,-0.5497148090000019
170711,-0.47793276714499777
234138,-0.3089972680700068
74448,0.40687943881499944
237560,-0.6024807102850036
67839,0.5478473711199987
66720,-0.7049552470500018
12991,0.6243893656800004
70209,-0.21781795460500142
13628,-0.31257890216000117
209086,-0.2280304051500046
140484,-0.21850617297500108
72307,-0.2343105185799974
280287,0.4315878134999993
15002,-0.24648505865000736
110074,-0.20739185195999887
21766,-0.17151213245000996
19701,0.463120341365002
74097,-0.19222288645000596
53791,0.4912619365999982
56436,-0.200956249345003
20371,-0.41273022508500024
208748,0.6577229497550006
67815,0.5873278110949993
14871,0.49773470296500033
14457,0.316180971485001
68776,-0.26182071737999557
58799,-0.6070594025699982
57431,-0.21010432880500218
106878,0.1942295717499931
218630,0.5110889263299994
387524,-0.3444831939950017
27059,-0.8690307807599984
76866,0.6048177550700009
209586,-0.14960112989999885
50501,0.7235852262699991
68014,0.38308051897999995
56249,-0.2156994612449985
13717,0.4328565806300002
22276,-0.2814532819750042
106628,-0.3426792847199991
269788,-0.17155579360000317
106200,-0.23997662510000595
241308,-0.37707818322499875
107732,0.18989427954500293
68969,0.1840809063999913
14843,0.549147929225001
207818,-0.23213967321999895
106821,-0.1998669154599959
22640,-0.22415749617000458
387349,-0.41786253967999754
21847,0.371179594144996
67911,-0.29478815707000017
12867,-0.20792822130000843
12363,0.1729690446699994
78250,-0.6393226761800008
381204,0.5978349456749976
108645,-0.2103674099500008
20591,-0.21293387279999898
75599,-0.27947479680999976
93886,0.613483873269999
387356,0.38220822591000037
16956,-0.4788497815400006
216292,-0.23443203868499918
78317,0.19470885539999294
331046,0.48113342556999994
23937,-0.6583512117999977
83962,0.18538795922000162
15559,-0.5084204752149999
68453,0.3432669405149982
66705,0.3840009839999974
54645,0.24509169303999556
241576,-0.26602588605000577
52538,-0.19738775630000482
27058,-0.2385773560600004
229499,-0.26411509392999744
664968,-0.48675325924000123
74682,-0.5605426554900013
21877,-0.2164036723149989
328949,0.44982689508499885
107351,-0.7559747407500024
66096,0.16849175904999925
574428,-0.1847291110799989
78558,0.48047574975499874
21346,0.19263130549999552
56745,-0.4346307404750025
56736,-0.280189524199999
74012,0.40436519009000094
16597,0.3996937418099984
15200,0.47739340650499695
52575,-0.3701453280699969
380698,0.6612811860799983
14373,0.5324279688399978
15376,-0.4868039317699986
217325,-0.27385296299500084
13631,0.4898695362600023
320865,0.4070623928300017
22217,-0.21195154618499856
73353,0.5135494848350017
84113,-0.440618649860002
72330,0.5116200897800014
12501,-0.17009847470000672
108767,-0.31165358523000286
15505,0.23932326120499603
76573,0.30916334639499965
270201,0.2863958994249973
244448,0.47530102107499905
72151,-0.16221999480500315
240638,0.8846298450400001
17769,0.3623736453250004
74192,-0.3139889888050025
278180,0.3871060237600008
22221,0.3832111310750026
20890,0.38816038330000024
14405,0.6335386171749997
11735,0.5502111981150009
15194,-0.23098228481500271
235416,-0.35159906097000704
68854,-0.4546636979899983
70357,-0.19856573140000222
67666,0.2655028044100005
15466,0.5542306390150009
319651,-0.5395312872100018
268782,0.5056892022450006
19352,0.3443517548449977
18012,-0.3469335606399988
50529,-0.18201069814999826
80794,-0.3424172321999981
71059,-0.23617087460000263
70059,-0.25074871119
11495,-0.28964295410000096
66722,-0.5659679886750024
235439,-0.1396944837450036
53418,-0.4231658333200006
381546,-0.4231658333200006
230899,0.2573138377399946
67283,-0.18915388171000025
12355,-0.687969529920001
15364,0.4756286464499979
52850,0.3869520826299997
632971,-0.7638577381600005
30940,-0.3185466674500024
23795,-0.5038245399349996
69543,0.4895114309649995
210094,0.39840116868500264
68667,-0.3718678464599998
52331,-0.5841767432700022
74159,-0.36638494524000276
216161,0.4097860665800006
228796,0.48749189647999636
225876,0.42754669443499793
66308,0.23636214494000285
76457,-0.17214928581500466
76355,0.4827918032799996
81004,0.3559427069049983
16523,-0.5596578622350004
66449,-0.14458340664999803
73703,0.514450361279998
246700,0.39031928560999773
22029,0.16948913406499777
14593,-0.3110373156250059
19087,0.5013091540149994
320244,-0.365690805664995
16963,-0.42072534840500264
217262,0.46823040969499985
70726,-0.40125970054500204
20450,0.4412516066049994
103765,-0.38413148642499984
67877,-0.22784126037000085
338403,0.6864551540800017
73047,0.44742618641999954
17119,0.29826148129999375
71207,0.21920781254999788
233781,0.24848190532499714
17160,0.3779658568199977
71310,-0.4563760331150015
66877,-0.48189929020999855
15139,-0.5501254813200012
22044,0.6684644193650016
14375,-0.21218795144999802
328365,-0.3131268546350032
26422,-0.46996208244500126
16978,-0.20065652745000584
75770,0.5591586772399983
12827,-0.8443480722599999
74075,0.5299861962100003
94279,-0.1903760336950011
27055,-0.7513568155600021
319594,-0.4018496659150026
57274,0.5990403639799995
192170,-0.2761625812099968
13865,-0.5490036571150001
13728,0.5343108085549995
65115,0.33590263688500066
12349,-0.4260470077000029
26926,-0.18595666639000363
21953,0.27444753741499994
59288,0.2848499228200012
170787,0.2235858497349934
13163,-0.19173187575000483
319965,-0.2179038246500049
17149,-0.20865004709999724
66934,-0.4441698522800026
19663,-0.4885091569099993
242805,0.4325904476099973
19763,-0.47699538952000164
71521,-0.40439368683999977
80981,0.47994196647999665
69511,0.33885210214000105
27078,-0.5830679852899996
66310,-0.2605415437700014
20344,-0.2447178781600039
67075,0.267899657260001
68192,0.27002882510500203
259277,-0.23971101769999414
245880,0.6398058544800005
66901,0.402983728830002
21985,0.18853839585000465
14751,0.28383178269999476
215819,-0.5219787139849998
381199,0.35068385875499786
30059,-0.18468376120000407
14715,-0.6017294995500015
208606,0.18986061674499943
51897,0.1807998404199953
216227,0.41738211101999845
243385,-0.40060870886500055
53856,0.5569735178799968
21974,-0.2623225938500031
238076,-0.9348972810949996
19211,0.16255608120000176
20231,-0.47445012342499915
21987,0.3205873584199983
242687,-0.23282571730000434
18933,-0.5862634369000022
212528,-0.17943115525000053
72309,-0.1711342392499997
52857,-0.22069713254999712
54141,-0.43386718491500353
320782,0.5962674810700008
225896,0.17640418149999526
14371,-0.6111557499750013
269116,-0.384859462495001
229715,-0.4338329594800001
19364,-0.599872342770003
212986,-0.35649193866500184
14394,-0.39350838824499856
213236,0.27311592054000045
70396,-0.13723131530000465
17133,0.41191081389500006
243272,-0.3637332757249965
69727,0.571978985454999
380912,0.4322406867299948
66867,-0.29591627674500565
104001,-0.7681345335950045
69077,-0.17015610273500315
20183,0.28073900909999594
108660,-0.13827430790000328
69847,0.584072779055
66887,-0.24123527454000104
57267,-0.25047552752000257
20227,-0.21002987030000675
625249,0.18918636130000266
18771,-0.5676191062850009
26459,-0.50767553787
192663,-0.259255949645004
110006,0.20261757795999635
71693,-0.3510732705800028
53424,-0.15656890649999866
212392,-0.4393138079600023
230648,0.27162301814999523
234577,-0.2635050739350042
71206,-0.910446795375
12764,-0.4472437605999975
69573,-0.4156769755249998
320135,0.6285592374450015
233280,-0.49925464664000074
17136,0.42642902377499503
68098,-0.22999857640500565
56786,0.1667907613999997
408068,-0.2946814364300039
209584,-0.7164083342699996
69885,0.7108908182499984
66972,-0.6330675116199993
16975,0.44029764217500134
380753,-0.3785257988000055
72065,-0.4042031180350012
19345,-0.20968164409999446
16414,0.21191103015000046
212167,0.6008516313099994
101437,-0.24343976213999863
67017,-0.4729689994749897
116904,0.5240296103899986
19668,0.4622875156400039
245828,0.23028295580500036
18186,-0.4953899220400033
319622,-0.3385754477950016
66813,-0.6193012588900002
20472,0.7022455267849992
69568,-0.2993491722399977
210356,-0.5133866993799989
242050,-0.41906397444999977
66256,-0.20526920743500376
20979,-0.5447438380250023
71382,-0.41783971855499846
18772,-0.8971539536600024
16451,0.1815484713999993
15353,-0.1759191087000005
17285,-0.37882544258500017
217039,0.13644960119000515
17775,-0.18262437754999716
28253,0.429340652859997
18633,0.1498568325550007
26889,-0.337815737035001
240121,-0.5711511003250012
216820,-0.2615742382099988
19377,-0.41106834772000234
100900,-0.26289935760000915
94186,0.2686409908849994
18987,-0.2715949210850024
217449,-0.256440740600004
75266,0.460983698739998
237313,0.5363310002649997
18573,0.325265078459994
209478,-0.25734268694999773
17863,-0.438402294384999
13642,0.5258248447349994
244219,-0.2370745711300053
18029,0.21772943893500063
70834,-0.2777328260099985
11670,-0.2520937141500017
20425,0.5582180655849993
77591,-0.37920701536500356
216440,-0.2080106762000007
17921,0.4435162434750035
99890,-0.5046914555000068
79566,-0.15523052474999943
108912,0.4390690164599995
14376,-0.1880503634000057
71807,0.2253373624099968
239038,-0.7261052435400006
14865,0.44417427686499966
70248,-0.19735959144500015
22339,-0.8783827073000046
24052,-0.3289836481750008
105278,-0.32565661609500296
20196,0.2103830799500006
67048,-0.3314561451050029
16337,-0.4077465165750018
72431,0.40503303229500043
226757,-0.34253877415000744
53902,-0.49013658423000184
13603,-0.39645368548000004
14061,-0.5479119817499991
269604,0.423040506099996
233073,-0.1445872019500083
668166,0.30936930283999686
65099,0.22526777619999194
22099,-0.17090518473999694
208943,-0.6019779365800004
58186,-0.3785381847150031
77862,-0.17602202287500646
68943,-0.23003459480000643
19245,0.2012741715999944
231871,0.25026767483999457
16891,-0.40429017578999993
226090,0.2727704169999958
76252,-0.29477165805499794
79043,-0.16585118030001134
19264,-0.18088530575000306
56046,-0.23057850279499803
20522,0.45815117867000055
66614,-0.19396561651999988
66233,-0.2571875439300051
17179,-0.18594185893500814
69608,-0.2857353677750023
64654,-0.2782493751000015
73254,-0.32110197510499905
66202,-0.3704463066099999
319530,-0.3412448059149993
26415,0.3490114036999996
71836,-0.4999408326250001
213208,-0.6102780809050001
69957,-0.2401405548850022
68948,-0.31907902436999613
225875,-0.9053044584600025
104156,0.200143424549994
69747,-0.21667479903499576
12952,-0.3789191284850002
241636,0.5978939983200018
67471,-0.32242136498499807
13244,-0.16324445073499838
13363,-0.3713398459099988
14569,0.14645914560000328
446101,0.43884167818499975
387285,0.62428707737
104263,-0.19869712246500804
66071,0.21954702575499496
12361,0.35622722248000205
17388,0.562626631500001
21652,-0.17996026321000613
54561,-0.819133453870001
244199,0.32933788784999685
67196,0.4038593618599977
16319,-0.2419977973200087
224055,-0.36851346931000073
272465,0.5562804929049996
20339,-0.8710218930049995
68953,0.13448668347999337
67860,-0.31301626653999914
102124,-0.6523791583899987
72125,0.5560338525050001
69106,-0.27791453485999984
226751,0.5442947061799988
108043,-0.3542222506199977
320256,0.3321532488549934
208715,-0.16345067022500892
214359,-0.3544494494850081
70297,-0.3608042231400024
224742,-0.2034187566950063
320095,-0.3418158899049999
15481,0.18913246569999664
66359,-0.1520872570500007
26458,0.2661020915950001
20776,-0.2621881809350022
71458,0.19292604203499764
241769,-0.4117087979150016
218629,-0.42335045274000116
98417,0.17129900995000114
12683,-0.5675115256850014
214899,-0.3026191158850011
260301,0.3664673398199998
93683,-0.5372447655950028
52551,-0.1626612727849981
217733,0.771602956464998
70237,-0.44420275800500075
319555,0.4147519000150002
19361,-0.4999255982749995
12703,0.22731531862499743
68991,0.19180369494999105
381489,0.36726516148499977
269523,-0.21453829090000553
69675,-0.36436077014500157
100647,0.659984224795001
54391,-0.2878447500500041
94220,-0.40206479992500643
213522,0.4648289497500011
26877,0.7781786326500013
117171,-0.1905894172300009
52023,-0.35329226799500013
26378,-0.36614366195500025
226413,0.4932893337699995
320106,-0.9310084470299973
320376,-0.3089001298100005
12443,-0.5107196537850003
54711,0.30098812905499717
17906,0.6492069066850004
15235,-0.3142457850899998
66514,0.44822872979999984
14232,0.16143687600000334
70864,0.35288802299000155
22017,-0.3777649116049986
50849,-0.33142337780000375
54376,0.32842594140000125
27205,-0.4627518030000015
76469,-0.6680318735050035
244694,-0.4696930215649977
225164,0.33857699774000416
107971,-0.728364012240001
67834,0.2582289841550054
239133,0.31411597224000154
68487,0.15702038034999966
104318,-0.2294649025999984
16420,0.4857859483499998
68701,0.4965057621150004
213439,-0.4461465478450002
14119,-0.3886466532899995
13371,0.3019965964299982
12393,0.49671191359499955
108832,0.482909078775001
16832,-0.30877358048000225
11993,-0.23438991605000403
94253,-0.30778993757500395
214305,0.5955489218450012
20511,-0.42852615337500044
269529,-0.4575676997749998
226781,-0.40720470025500033
13607,0.5264189647800004
69257,-0.32767907529500206
217366,-0.20596296959499583
75746,0.39741129476499903
69260,-0.36724304010499953
15932,-0.2783471376500053
66451,0.4151302399650012
226123,-0.5989091297350004
66454,0.3470928083549989
382056,0.21699105605499547
94244,-0.4903459164700008
22634,0.2633926793750003
19727,-0.28852624463000254
328833,0.2055368999399949
18400,-0.39952629575999765
233805,-0.470507267009999
57895,-0.27346694269500116
12039,-0.15989724367500457
64918,-0.5888452357799991
76179,-0.30011154430000175
78267,0.6062460273250005
240055,-0.2738046720000007
218793,-0.36443494225499995
217232,-0.4895570484349996
231151,-0.5531111252150005
71421,-0.42349097866999985
14610,-0.5105582330049989
226517,0.16365291351999822
109168,-0.31169094541000053
11889,-0.5645951244649998
56749,-0.19402314245000163
50770,0.21952803039000557
380713,0.47629837341499925
751865,0.27708605499499583
633979,0.49274272708999867
68070,-0.48898147186500207
666311,0.7813730240899979
21872,-0.38527489620500033
320460,-0.6184839555650008
64085,-0.37213473518000084
68750,0.2642704444999957
12525,-0.41423553404000124
20860,0.4053155674249975
17292,-0.45270701402500046
631784,0.6935026598149974
50518,-0.463609991109998
22412,0.43727425083999893
53603,-0.5444407794349999
54216,-0.47475476416000095
66446,-0.24996146414500586
208967,-0.5021503087250014
234356,0.29054014981000087
14080,-0.44463783924500166
69032,0.29670942005999823
67381,0.34992490526499864
66536,-0.25326527298500423
56273,-0.398041784090001
69048,-0.25472529162500024
22637,-0.1852678193500008
12209,0.6097574970099995
231691,0.703249312655001
15896,-0.18446574260000048
320435,-0.1384974226049973
504186,-0.5153848187050007
21406,-0.2829219182450018
229949,-0.8025044438150006
16872,-0.45821723203000086
100503041,0.5886913912199994
75820,-0.3590768680200034
224836,-0.6783552146499989
22157,0.40331224288999934
328232,-0.29466625795999946
14534,-0.20798920289499634
27414,0.254981296575
671564,0.5201599771199996
236511,-0.4563865282550017
16949,0.4390626102349948
80720,0.3611306449049998
75454,-0.17213201076000395
11502,-0.30094746934500094
93834,0.18778608130000052
72007,0.4523726980099969
217869,-0.2347409660000057
12490,-0.3717882435700002
12144,0.590371380345001
77697,-0.4091538759149982
66627,-0.17031457977500075
20922,0.21358139539999677
13528,-0.25121941069499876
223693,0.19049626988000234
68036,-0.1873905135000058
231050,-0.4801323824599999
20562,-0.2654467553500037
319832,0.44304806624499893
18640,-0.384838986125001
12345,0.15476194144999766
20505,0.717798425275002
21802,-0.24837607334999978
16643,-0.2700860190400043
231803,-0.17116767905000607
12122,0.16724893398000162
66213,-0.2622041188950037
30841,-0.21843891867000664
104382,-0.5017084994399998
14083,0.38193018409000157
228777,0.3152839477899949
67994,-0.4046476411650035
52670,0.6240720528400008
116731,-0.40593860232000045
75564,0.46313163905500065
20389,-0.32512585990500265
11987,-0.23049817579999932
73666,-0.46231298560499834
17528,0.4267218576099996
242773,-0.37796548284000053
70359,0.4047779166000005
57256,-0.47574451996500144
320415,0.18809134429999652
18004,-0.47888247738499956
11607,0.42918572851499803
52882,0.41652625084000316
67771,0.17952487429999842
13390,-0.45285633638000133
11846,-0.34622335408500016
50759,0.27915137740999896
28146,0.1484981275000017
51869,-0.3347649711150007
26382,0.25231167624999706
240595,0.4495098115399987
234700,0.44132357255499866
20817,-0.1717450929000055
60534,-0.38930358036
232854,0.3509936453949978
69922,-0.2781472187350005
71228,-0.3468573425099999
72180,-0.2694154022950004
381810,0.4955946202750008
110880,0.5037573360599943
19223,-0.3455971108499991
15160,-0.7427979505750004
12523,0.17158632126999684
80886,0.16783511885000024
260409,0.2732799378200026
241391,-0.6326470330150005
12340,-0.14768463200000603
67921,-0.36332786088000546
101994,-0.45636553002000113
76131,-0.40797571383499864
14233,-0.47281826472499855
18163,-0.4188474316199988
73649,-0.6814373292499996
19143,0.3733826599349994
14368,-0.3157772366300007
79196,-0.23345442673999806
70533,-0.33431212772500185
18484,0.39006688063999917
66053,-0.1865597313300036
27965,-0.38646450346000183
75796,-0.5965476581650035
230316,-0.35619634525000343
170758,0.28279970871999893
19141,-0.22050032692000165
73804,0.4385157433899982
67515,-0.3083045153950046
218820,-0.4976212346650013
20867,0.22796920936499632
76920,0.46757985747500097
67603,0.18648383795000179
117586,0.2928529468649992
68724,0.18729082357499394
30046,-0.3335446876550012
383103,-0.4099524262550003
78943,0.33323045197499734
67596,-0.1758438958549995
78906,0.2446125732000013
18483,0.2446125732000013
246747,0.5009174747800023
109901,0.3148883993049987
68342,-0.154879726099999
216873,-0.27996797879999846
320139,-0.5858514610900007
11518,-0.158493444100003
56772,-0.18984732188500075
22652,-0.40978970314499996
11431,-0.36120969650000667
66296,-0.3829799708300001
21949,-0.2148693935049968
268721,-0.2160623010900018
19771,-0.4013336121100006
226278,-0.3752367156450007
66075,-0.2812941984300039
79044,-0.15990052840000146
21832,-0.45011343629000233
386612,-0.17140167102499682
13206,-0.716691443040002
77891,-0.24927055280000232
20916,-0.20585699696000326
68592,-0.25495822658500344
18032,-0.5052764091250008
30952,-0.603622278305
433256,0.24290997391999625
13176,0.37023256637499813
108079,0.4022432650749961
26465,-0.20706523399499766
14071,0.5183032986799994
56096,0.5584624214949994
21897,0.15674129988000196
75826,0.17806222308499642
227357,0.3081549783850015
234309,-0.41640150026000367
12922,0.6589389735950029
71838,-0.16436869139500132
67073,-0.31620745286500096
70120,-0.32040999543499904
20534,-0.16783114262500298
54353,0.18586786115000287
23832,0.5888477726399999
14128,-0.2891213332350038
26372,0.3244995863450013
215632,0.2901008503700018
66229,-0.2997102962850011
19073,0.19330338739999853
20297,-0.3424370314449998
110094,-0.25163175328000165
69535,-0.39406918811499736
224440,-0.19682736706500137
12166,0.531661005919998
65971,0.41631828636999924
244631,-0.6531086113700013
19206,0.4072716218100014
66141,0.20843193840000396
18596,-0.4590508768749997
11739,-0.16885400020000496
69444,-0.4008381993850021
625286,0.4427881591500009
76365,-0.4565053645350017
77254,-0.17484712539999947
72895,-0.19051750337500195
218975,-0.26548877727000253
69387,-0.4605043578550032
233406,-0.4071492235799994
68628,0.380983663524999
330790,0.406397677549998
24075,0.17033317999999653
108934,0.1862594820299961
111173,0.34224418861500006
98366,-0.2649262237000034
231093,0.4157971507099987
19082,-0.177255104010003
93696,-0.24727808958499864
245368,0.35821753828500125
406218,0.2746603685600002
66329,-0.2634905117800006
69541,-0.47162359714500024
211151,-0.16508320060000337
110606,-0.16508320060000337
22057,0.24893045780999845
17470,-0.7220239827249975
66898,0.5502261924499985
329934,-0.43081430486000105
66111,-0.17318291905000294
12048,-0.2262361646000013
101095,-0.37372556549500224
219140,-0.41494254917500406
93690,0.36612233774500247
230700,-0.24823437272500115
229776,-0.4060356566900012
75785,-0.29489941451500457
238896,0.2845380228200014
619665,-0.5209296721250012
13386,0.6095283947499994
170718,-0.19740832684501086
266781,-0.15055718140000351
67917,-0.43399379359500134
56421,-0.3482008331750066
69982,0.3670577603899998
12805,-0.3715060629
24044,0.15879529524999825
67139,0.3989459883150035
214424,-0.2855812655650025
71130,0.35465456674499674
21778,-0.5002659674649994
268930,-0.19364966722000077
18088,0.3965682524200034
71519,-0.252905340349999
18549,-0.7042945554700015
171282,-0.38816996667000137
68842,-0.29686914355000127
78390,-0.5401838236000005
243961,-0.33621569302500376
230752,-0.1517931824100014
11639,0.9274879917349974
67299,-0.4332801591850002
214111,0.42894648809500024
26919,-0.3969433069050021
19210,-0.16201356775000164
214150,0.6910524742399993
24084,0.6910524742399993
230777,0.5439848221450028
230735,-0.5224897861200004
13340,-0.2900640166650019
67161,-0.46211822965500104
66840,-0.30526813680499654
22031,-0.2079047967500003
212390,0.491451636319999
230101,0.26538520549999944
171486,-0.19724414113499833
14069,0.6218029179600006
245944,0.19254103822500213
57315,-0.1979252899800077
114604,-0.6418184044949999
67378,-0.5858463243400012
16174,0.3482209418699993
21976,-0.29479720971500356
20216,-0.4139219233100029
68837,-0.1723661324099961
109245,-0.34259065378499987
68588,-0.3144087765399992
58182,0.32529252498000183
67938,0.16847144684999726
219038,-0.38833032631000153
170935,-0.5352415774250026
96957,-0.37644414743
71733,0.43270346694999695
13001,-0.15750698810000507
67727,-0.25607566660500325
229731,0.341214917474999
17069,0.25882253034999536
68047,-0.14977422984999578
12394,0.23731714190999753
18783,0.2909254236149934
80976,-0.3024817716049988
18148,-0.19174712800000648
70584,-0.20419317109999646
12829,-0.4647256227799996
233908,-0.3441234730000087
71745,0.4655508740550012
210198,0.3642881624399994
213673,-0.18984232025000125
21818,-0.25053805285999964
547176,0.7648403129249997
17319,-0.1592415859000038
216797,0.3890122052449989
330355,-0.3236762017199988
69674,-0.21647861344999875
16950,-0.32059274193500364
217057,-0.28457260355999914
243864,0.45359012683499955
213980,-0.6205819369650047
12503,-0.5653491722999986
17686,-0.2281742902900028
17449,-0.15737936475000147
11609,-0.5394502408849995
11516,0.44217852876500086
13819,-0.23464929040000548
72902,-0.695784638065001
52357,-0.571254001925003
320191,0.19525657432500054
69072,-0.16543591504999533
26893,-0.14509200740000416
213233,-0.37962017621499555
19023,0.4102668571799981
76872,-0.5364858116900009
209588,0.4766355703850018
106369,-0.42569579610500075
68895,0.579373120005001
228875,0.15912147625999928
232784,-0.20737100988500146
191578,-0.33786073582500187
106347,-0.5310689763750034
16491,0.3032635956450003
16992,-0.22626602111999627
71287,-0.38737579486499785
211007,-0.17295633690000223
102607,-0.5165325933250013
57783,-0.1680895921500003
227334,-0.30466655847500235
382867,0.33647334064499956
192159,-0.2692002136500058
216848,-0.21906484844999596
327951,-0.3609242840749989
329178,0.3179622134000004
320595,-0.24010201109999585
50785,-0.3432482698500001
53861,-0.18867396736500552
94044,-0.17989703279000224
19270,-0.4429986047550001
13611,-0.28008810103000137
16419,0.16013586915000033
21787,-0.2314574609099953
12705,-0.48821434170000266
98365,-0.3299889365200013
69469,-0.5085835128000027
19892,0.5941462294500002
66046,-0.16303150964999524
319757,-0.2858487472699993
13605,0.2610513008949997
15183,-0.411163246535005
19197,0.32310795233499867
69399,0.41636655083999763
14266,-0.43267703226000087
11472,-0.4409735538399997
78925,0.3497094361500013
328643,0.4275812442799998
76568,-0.17446631099000065
107586,-0.2136785360800033
53897,0.5624452246400011
14396,-0.8410910225850019
104130,-0.122823391599999
140482,-0.21786818136499875
52443,-0.13010205154999177
117229,0.32074142821999896
12023,0.706605716534999
66065,0.26587683616999946
227197,-0.16699728823000015
15118,0.37352895004999986
23938,-0.18821084628499918
208076,-0.34863880503000066
194401,-0.43577370514499947
57443,-0.2699787232499995
19165,0.15190763546499575
16202,0.1535459635999974
73360,-0.7267701347550011
13120,-0.6143062051950006
234875,-0.17488205050000438
328795,-0.19309987764000258
99586,0.3604286720999972
70572,-0.3506302432800057
67530,-0.201119522700008
51801,-0.22170199835000304
17075,0.5151850127350013
108097,0.20350723923000302
14710,-0.17568958709999904
73398,0.48945160994000014
70893,-0.4148366452000003
14183,0.33607762838
15529,-0.5918395395149996
23996,-0.1432598486999943
16416,0.24436369999998675
67369,-0.5273837805049997
66865,-0.2989656436299972
246788,0.4195580168550004
269608,0.48334813570999735
231003,-0.24450538877500527
231002,-0.24450538877500527
268345,-0.4078720935899991
116871,-0.2716572750800008
14555,0.5349640003999978
76615,-0.4158855270699999
70928,0.38482788584500227
12793,0.1659900665499947
209011,0.2079253304500046
11972,-0.20804562789999714
66559,-0.3178442890600026
26462,-0.35836504894999877
11350,-0.2143358050999975
66354,-0.15184656481000225
170791,0.1443029939500029
66253,0.35401341621999727
19016,-0.2889194809100024
68092,0.4444907977700012
20972,-0.3586216794100032
104082,-0.44467560367999903
67109,-0.171695438380004
233887,-0.20502958888499911
18612,0.2942235426799993
77704,-0.6549137696700029
70979,-0.4173374750749992
378435,0.14287075212999767
56275,-0.2516532563300018
69612,-0.29224553036500023
70785,0.22025868290000616
243328,0.31456662133
56451,0.1534839485549977
381339,-0.30390917298500275
13645,-0.1911916775899991
16563,0.24702083940000108
17164,0.13232961883499605
22791,0.24015140397499835
320910,-0.31196358486500175
268417,-0.2121142521500019
11637,-0.1715012576500019
12916,-0.2792009460799969
19224,-0.28239203594000095
54446,-0.4035163899950005
70454,-0.4191556684950024
14359,-0.15341433556500128
67239,-0.24036450613499838
210789,0.3695863796299994
72194,0.3098279869350016
107999,0.14282628004999331
108664,-0.4114424658300031
18597,-0.3744581180800033
75416,-0.2684399907500019
54124,-0.3845562512450007
99480,0.1659290451499924
239037,-0.29488043200500114
77286,0.7781432549599971
353148,-0.3415836533850021
271564,0.22664450123499957
56693,-0.1698963224750063
70882,0.3429058660300015
13122,0.4849976861249998
226922,0.6532908951149983
75705,0.15191299144999704
242409,-0.4578089402800014
217151,-0.20070618015000008
278279,-0.6560183598999991
12812,-0.2747465096050057
15402,0.26525868384500084
75778,-0.1622793768700026
381122,-0.32866925876000064
21925,-0.6244090272100005
19132,-0.48283712898999953
399510,-0.36259739799999835
19378,0.40191713264499906
56406,-0.2759423641549983
18095,0.5625636873850008
67590,-0.4307269240300009
67867,-0.14707143160500102
107071,-0.25828220597999696
223918,0.2153086097200001
101490,-0.33410209945500036
74239,0.23025523106000012
245469,0.4997227791399972
238555,-0.4306686356100018
15356,-0.1396536799450061
235442,0.1286521958999991
14755,-0.2385715146999985
232201,0.20029772719999173
53382,0.45638107952500295
269389,0.5606785305450037
380702,-0.4622958386750011
208518,-0.3979705083649985
338375,-0.3421995061699956
11468,-0.3221550823400019
30839,-0.16635884564999515
17708,0.12381980084999
17709,0.12381980084999
67211,-0.19168715349000287
227620,-0.22481390608999696
20614,-0.27281404650000596
17025,0.3565953381099991
13661,0.36709905962500056
72108,-0.4415308435350038
269437,-0.7932105033600005
17827,-0.17227177178000552
56031,-0.3890070898249993
13434,-0.36391430945000103
55990,-0.5529019949149991
241770,0.7531832294000003
50497,-0.17172989455000298
13716,0.14996263177999225
234728,-0.2868214279900023
54630,0.31339671973499694
231801,-0.2738854436700029
319922,0.667691527615002
142682,0.4267376362250008
171234,0.5249418726900017
69574,-0.721188380365001
72184,-0.4403617093150025
19244,0.13474757524999426
11450,-0.8218061469799998
19226,0.60635258766
14148,-0.20509697226499846
23881,-0.2793846396800035
67023,-0.16556407160000397
12890,-0.4649501885350018
269109,0.4817832702349989
217588,-0.459454878855003
237459,-0.30026775596000377
242100,-0.6505983906750008
26408,-0.345106329650001
13036,0.21269259905000304
17344,-0.4575450410500048
56697,0.23521858953500008
76123,-0.24587593888000292
69908,-0.442262072250001
105988,-0.465841412645001
22225,-0.20144934275000637
67789,0.3072241327700018
102614,-0.38477285521500004
71101,0.5040408264250029
68279,-0.2725603115000048
69976,-0.18043631873000532
54375,-0.30898209280000266
210673,0.4556025015299996
20928,0.517188960825
56508,-0.4011544356900032
22154,-0.17616978199999345
20807,0.21383797899999735
140742,-0.19307613455000627
15558,0.4177188802749998
331487,-0.4365291549000032
236539,0.2644756279349938
14308,0.29682031621500204
21372,-0.24743889069499936
239017,0.5909078686949991
22088,-0.24887330945499997
66396,-0.23551062287000413
24099,0.39441954770499876
79264,-0.30935706584000133
64143,0.1953221424799949
228778,0.5049560787550007
66292,0.20396407794999583
406221,-0.5516311293849974
71345,0.43166486972999785
66366,-0.21027849200000404
320091,0.4896814765099986
17428,-0.1974389010500044
209837,-0.23252047150000266
207182,-0.5616660688100001
67444,-0.16132159539999869
431706,-0.20778302508499813
69719,0.421871880024999
66857,0.2569550239999998
243025,0.4761884930599969
74244,0.20216059810000075
381884,0.38523535247999874
71721,0.5295760111850036
15425,-0.44739560915
232035,0.378302520294997
18948,-0.3812953516950053
15110,0.39217799428499855
27218,0.20348977025500226
269854,-0.18660952202499903
280662,-0.5570020310849984
108961,0.4241611395900007
67876,0.45866503729499986
270893,-0.5705822717250006
668158,-0.4515840018550028
12479,-0.19100118489500595
320365,0.24010501130000428
14661,0.16364374065000042
12257,0.1462581820499924
76967,-0.29430254050000126
11602,0.3973999313049985
494448,-0.24029027419000393
30960,0.14116436785000097
54373,0.4173972589199968
14425,-0.3566267925000002
68632,0.23580479276499666
67857,-0.14407074916999996
64602,0.3102257320249997
12964,0.4967011300850013
28105,0.3312374556799993
320718,-0.3954705631050026
19353,0.1222789874999961
77087,-0.2924735259000002
433375,0.15569986109999334
12837,-0.3392430674500031
229603,-0.3393256776700051
97287,0.18406184477999865
64095,-0.4202550348450016
68133,-0.17455720489999393
20544,-0.20593168522500527
320840,0.30899859796500007
14562,0.2916163104200038
13035,0.4296751195249975
98752,-0.2495551386500079
66890,-0.1662686140000016
217365,-0.1807470170250003
17896,-0.17897087816500523
75706,-0.33429798555000234
237823,0.3532059017299982
76916,-0.37802264175999767
230125,-0.3281620897000046
16184,-0.402747962560003
55942,0.18830689714999949
78619,0.4286832724799976
101869,-0.18018583544500544
75645,-0.5495800701650015
67963,-0.14800813490000309
110948,0.411866387214995
22701,-0.40051536914000163
212285,-0.3185826432349961
387346,0.4360890209249981
18752,0.31255302305000043
18753,0.29293199136999526
66653,0.34745879747000075
58875,-0.1336742829099986
239985,-0.22290523098000392
243897,0.28607190270000515
81906,-0.5135275881350032
56404,-0.19939862579999978
238271,-0.6839617837250023
28000,-0.3019506398300029
26913,-0.2032756833399998
20350,0.36723468306999996
11864,0.5152727352499995
216965,-0.16268691980000582
330267,-0.35678828298500154
260299,-0.5580590432949988
216131,-0.3636485203750013
26910,0.4380858562700003
85030,-0.18467549857500742
66155,-0.1308669639999991
105866,-0.3558896104549998
228413,-0.35561401714500196
75516,-0.28314099735000386
58181,-0.3395063888849972
56629,0.4299432342650018
15469,-0.1512604839999998
57905,-0.17370332651000986
50797,0.17278373210000098
67955,0.16168607569999516
108841,-0.34259663908500304
269344,-0.2866850044250029
84095,-0.30969521255500254
338320,-0.19801493064000475
56444,-0.1271610401000025
66245,-0.17204479836499686
18554,0.21590771689999677
56298,-0.3281939211700031
58212,0.5080368745749997
27060,0.15687502878000004
17888,0.36228909245000107
381352,0.36138168761499756
11814,0.3328754281149964
14618,-0.307386735865002
243659,0.35989793785500046
80284,-0.1738561205299991
71810,-0.17167597750000319
20499,-0.27415345791500556
11593,-0.24408485958000092
72621,0.4123149641149988
72587,0.22535629687499004
215015,-0.2978605905049996
74360,-0.3777087515449997
72745,-0.3812938231949996
74002,-0.3636465897950032
114654,0.40070588589000167
433099,0.40070588589000167
56045,0.20719074384999203
56335,0.16998654946499592
66087,-0.1837073764100019
12399,-0.3187037789650038
56205,-0.16694522421000357
215008,-0.4128888681900009
433940,-0.37504606372000016
68682,-0.16820384034999947
233033,-0.21338918519499828
229277,0.37948269877999996
67121,-0.3802861880599968
66999,-0.14072395225000278
71682,-0.2469497597000032
230761,-0.36734661588500117
75860,0.5712472497400003
319262,-0.22620932050000242
212123,0.2614432631200003
16011,0.3303575458450001
96979,-0.26742399791500304
224020,-0.2312931293000009
16412,0.282128032919994
101471,-0.4411042237600036
442829,-0.22460226618999712
72392,-0.27360343585500146
110323,-0.14129113799999438
381101,-0.3869088127099989
27407,-0.12733241058000644
67526,-0.21237466770000069
106512,0.18050466399999365
76892,-0.3918492369400033
78070,-0.42868343890000205
320271,-0.40441197935999895
239530,-0.5202670094200017
18782,-0.31874434216000047
71756,0.32031195868500095
71985,-0.15637020540000002
215201,-0.18465125881500555
226823,-0.20107431575499923
384061,0.4671067745599995
54390,-0.17317945641000243
12626,-0.28205223232000165
381668,-0.2023362490249987
239789,0.39972771404499907
18805,0.38852193047999695
333182,0.2605423124499975
226744,0.19039491358999427
12259,0.4602770152950004
14191,0.2890026433649986
50790,0.2118488723449996
14221,-0.5752934858749992
107094,-0.5208341605400015
66923,-0.22113562281499988
319535,-0.30675430650000024
71223,0.3277913319649999
72033,-0.6156413953050004
242466,-0.3433171683950005
69207,-0.21975437954999855
67878,-0.202663606225002
68041,0.14517711249999543
13639,0.3679108864949976
241230,-0.29318583249000074
54156,0.3138981620799983
110173,0.21090528563499777
56314,0.21927232901500027
65103,-0.20323409660000102
233826,-0.45101470495500084
68652,-0.15932269800000753
66743,-0.1617474387499982
21939,-0.32201182579499843
16924,-0.6459244947300014
50868,-0.20832136140500168
66432,0.23138974591500094
231832,-0.3156433401350034
74126,-0.23132825760001552
109270,-0.15045440271000032
17901,-0.5810616168350036
233824,-0.5396885871950037
23850,-0.42980591510000066
381629,-0.18878789190499745
71607,0.14783070470000226
72774,-0.1738039607100017
14991,-0.2858068609449962
54484,-0.13520920950000104
14311,0.3741036791099983
64817,-0.3578339114950033
64082,0.29447243762499653
271424,-0.3621288395550022
15379,-0.354136019940003
244882,-0.52372164778
108655,-0.22037592165000497
66521,-0.23334198491000446
71982,0.19367232102999843
384763,0.42847957885999843
108737,0.23459194627000368
15510,-0.1674614680000026
11698,-0.3425118430499996
54644,-0.21264852429999515
235041,-0.35124565747500114
53334,-0.17977698544500154
382083,0.3497034383550037
12504,-0.16092428100000156
14788,-0.16092428100000156
320404,-0.41320335519500073
57266,-0.47983102189499993
66431,-0.2406679873950015
170442,0.402436577015
110886,-0.40548995830999957
18167,0.4007185200800012
12453,-0.1813215389000078
233060,0.39721360073500156
72590,-0.28158910995999964
208647,-0.3815425135100008
56440,-0.19620754964999954
17349,-0.5542516560050004
270110,-0.19257646026000153
218335,-0.19833122389000835
16770,0.27058235394499786
74148,-0.1702734605350038
272551,0.4835316730799999
68938,0.15592777018999548
18120,-0.21082588809000669
26876,0.33714893040500016
319579,0.3755123580899986
224860,-0.14334547290000543
66179,-0.21654756750500503
208258,0.3860311226199977
21367,0.3781646869000017
241274,0.16784856631499956
69083,0.3298621822250012
57755,-0.8074208119000024
74090,0.2833883457299988
68196,0.14549259540000214
26559,0.41097189990999894
22065,0.29019965188000185
20249,0.17816501562000298
108073,-0.47794087371000105
29810,-0.30200828178000094
67809,-0.40035498602000263
73738,-0.4210973532750044
108907,-0.33852197140000584
69724,-0.13625967976000375
76829,0.4371394720049988
53404,0.3887261477200008
19660,0.5202344981399993
225443,-0.6947665846750013
71355,0.29581616621499984
240725,0.438650345115001
12804,-0.442400737519999
52040,-0.38001181572500187
72828,0.17882796714999571
17454,-0.1876131208049987
66356,-0.23512116525500204
208836,-0.35751488675500376
104010,-0.4772426954149953
231044,-0.2382368290549972
78920,0.15747971022500096
233335,0.25729709574499626
627191,0.3544906180499985
19354,0.24101681720000023
70394,-0.15975525518500078
15460,-0.38176313866500244
19146,0.40019975357499904
22761,-0.23750344150000835
56486,0.14169265709999657
75580,-0.16267737913500468
13592,0.3343989671950025
20564,-0.5633634937299998
235135,0.5677507423799995
26432,-0.5801129838449999
114566,0.3804177146650001
216643,0.3709311145350016
77031,-0.16962270720000383
30931,-0.14789710014999713
19085,-0.3402685351350003
14609,-0.22925271177000095
11549,0.4261644208950002
69082,-0.187943271465004
239102,-0.7884772640750022
18099,0.13979342046999932
22160,-0.42230187366499816
13034,-0.29390819429999127
330319,0.2957478648100005
103172,-0.12833392370000496
103136,0.47448075802499723
56534,-0.37091313707500007
17885,0.3498238597450012
71375,0.10741260379999318
21990,0.10741260379999318
20256,-0.5227670889850011
76448,0.21008482426499864
233649,-0.3683719103250014
14670,-0.14955711740000233
230590,-0.34512187394000016
100732,-0.40557001637999957
19119,0.5064908517249975
56812,-0.31915340980000195
66707,0.6435858142049997
19946,-0.18928423467999878
229615,0.4428280896900012
76302,-0.2073662787300048
71837,0.3133746996700011
20613,-0.4380506314149999
75050,-0.3239467552900015
20788,-0.2919694044950001
269800,0.3560353615550014
381510,-0.268892713605001
218506,-0.37153043304000466
233890,0.6748146335799969
16509,-0.37245403245500075
69706,0.3665670400249965
64296,-0.2011835626350038
70796,-0.373191924184999
216805,-0.18489084239000064
69772,-0.6001827995450024
104009,-0.151336339300002
12873,0.42983514608999673
208440,-0.5218823847900023
74469,-0.19253445781999723
230828,-0.4339661138799995
50490,0.3379767102100004
22194,-0.2607656767699993
74121,-0.4694307014800003
55960,-0.23212343716499895
75612,0.20173126276500675
77593,-0.2616795916849961
211329,-0.4619332909800029
233789,0.1396220798799952
74055,-0.4882129964550015
94092,-0.5927279692649998
194352,0.6676482304399989
791260,-0.5181136343899992
71254,0.40553181343000055
18569,-0.23449276969999744
52250,-0.33650329369999854
16665,-0.5756810330250008
76846,0.12297721850000265
77037,0.3358881973900023
13731,-0.38409875276500216
17882,-0.7619645191350015
218035,0.22499558841499834
97884,-0.22698319345999884
56457,-0.13287326053500337
18606,-0.543479237600001
68202,-0.17134673460000016
54524,0.26436986121999695
228775,-0.48684258516000156
223696,-0.138765221195003
622675,-0.44370465829500016
23971,-0.3590561627650022
193796,-0.17350267680000364
23871,-0.2079112336499982
171531,0.483082751265
71520,-0.17409077590000166
231252,-0.24430333697999895
30945,0.129569689240002
235504,-0.2277485504000012
68145,-0.48265387200499976
229588,-0.3157127171250007
74499,-0.43028701610499986
268903,0.17926974202000068
73844,0.3619370179999981
66945,-0.18578501934999814
242523,-0.4606372139350028
26400,-0.34881950897000014
235626,-0.26133815372000235
11477,-0.45558528438000145
12365,-0.4516120432100008
22678,0.39228271484000166
20910,-0.4755275937299981
16341,-0.2246432547900028
434204,-0.2634510232749987
73750,-0.29320844740999874
230721,-0.30824433430000475
17283,0.29418928969999314
105835,-0.19059369310000385
57740,0.4023261195499992
64384,0.17798459176999515
55932,0.1936281122699981
22094,0.38903297927500136
224833,-0.334055980660001
66894,0.19200804355000045
58208,-0.5582923964349966
270091,-0.39936818521500683
56195,-0.4397475158100006
106298,-0.1596840726800064
242509,-0.3876153955000028
73261,-0.25612265198500417
76894,-0.3962444301850043
78373,-0.3335940900350005
69317,-0.509785034535001
21769,0.13814461425000246
14700,0.18305618995999673
16205,-0.1958772691000057
319239,-0.34016119517000076
19011,-0.36849440796500144
19385,-0.1266479315450013
68533,0.3052680521249993
108672,-0.4945261676900019
235527,-0.4508498928999982
268709,-0.3920884293999922
269053,0.3967510165099988
101985,0.3292385620199987
52626,0.16109556130000335
241226,0.5032611901199981
11937,-0.4764399408900015
242406,0.2915282288049985
237091,0.3141742616899985
17220,-0.1599107684999943
99035,-0.4391659755200008
21673,-0.443875713905002
213696,0.3483032833000008
360213,-0.39281253613500233
67758,-0.29757198604500257
12398,0.2377425140699998
71888,-0.5404644729549997
16551,0.4022930029100005
74019,-0.3943483108450012
71710,-0.22635261357000136
74919,0.20786513634500192
69368,-0.2400238765000111
320452,-0.29561744286499536
66204,-0.3745285616300018
21355,-0.18783677014999967
16841,-0.339795477105
106344,0.14400909891499758
15064,-0.34006966174500075
24074,0.4302354009349987
22594,-0.17848421785500257
20650,0.33416183288000223
71760,-0.6586155547350026
13070,0.33223554366999686
448987,-0.34897385392999913
12570,0.5543024404550003
53617,0.612389354420003
433619,0.4009686674299999
72480,-0.4577535370300021
19736,-0.40946945903999854
20667,-0.2853522890999982
14252,-0.24883996619999849
12374,-0.38777769885000213
170779,0.3712867823549999
18777,-0.30279934769500105
224640,-0.13177070130000246
67952,-0.19268002955000085
12291,0.37579612189000233
320864,-0.45387222904999946
22185,-0.35039115993500136
67544,-0.3664883247700006
70122,-0.3056277213000058
72754,-0.5338094160849991
66910,0.3470385690149982
219072,-0.15604192068000167
100494,-0.17092877480999746
56876,-0.1835319764400012
666048,-0.2508436411549999
232227,0.19795347232000005
232969,0.31182702294999665
27260,-0.33402448492000314
57775,0.27464190298999824
11416,0.3989253446500012
12915,-0.32457327562500105
234129,0.36739298728999925
54325,-0.13018525540001136
18387,-0.5579872973400013
225283,0.271665929614997
75317,0.3655396528899999
12411,0.3251103515349998
228491,-0.32041240944000027
75985,-0.31833558124499906
70351,0.18749293379000243
74585,0.12088260270000362
11878,-0.4298008583049979
16589,0.1401111833500046
106583,-0.44695988153499755
17287,-0.39983775528000276
102075,0.6114728510499985
217364,-0.2308516454250018
81897,-0.17292169409999936
73739,0.3788006465749971
80884,-0.1361195832699984
11488,-0.3043684989900015
13644,0.3422700260199978
235344,0.30784594380999675
12468,-0.15788438155000506
230126,-0.5271611838699997
78895,-0.37144398809999934
69159,0.20126610800000133
270685,-0.25654195680000136
67996,-0.19023535555500892
13205,-0.14180846270000558
16874,-0.28725791120000643
17381,-0.55101109807
27279,-0.30624578268500446
17702,-0.4005253161049973
56529,-0.1510685006500001
110816,-0.1609676189450031
319468,-0.31721685071000394
71766,-0.1619484798999995
70791,-0.235118581835005
54197,-0.13663177557999973
270163,-0.41547759191500244
12865,0.4367160399000003
319742,0.5081485424799999
27883,0.17614540590999894
108072,0.4621255502499979
22035,-0.3180401721100017
78658,-0.24518116953000124
52690,0.16172744135000272
54635,-0.41012493578000164
23893,-0.6263329812600027
72107,-0.42993623666000147
16499,0.2598626870999996
14347,0.5546179372150011
433864,-0.1626359428900077
544971,0.21340769438499763
68736,-0.31692387587499926
12592,-0.42789968776999565
216971,-0.41112760904500334
75597,0.22527947531999803
13522,-0.31280603527499995
30939,-0.16593487959999464
209497,0.171667251909998
56744,0.1350040381000035
52440,-0.23700210695000834
16826,0.4520114518350007
12684,0.4812848742200009
69149,-0.2982178328349998
18706,-0.37434073970500314
107503,-0.19223894559000954
20266,0.3922726590550001
234847,-0.1414624376499951
243548,0.35487779443000056
215384,-0.30852937223499977
72661,-0.17697187176499973
110751,-0.18764321876499945
77772,0.3894291028599999
67937,-0.31810096635999763
384783,0.16661949019999867
13877,0.19365186669999623
72948,0.24220599229999973
213119,0.31689942050500175
11856,0.2605635054099986
68465,0.1430966929999986
22061,-0.1380490773500025
246728,0.24964346202000165
66074,-0.1618451510799943
22334,0.19232974464999586
109754,-0.28835840220500586
18574,0.16343139946499718
70060,0.3488305525999986
12669,0.4353699008549987
19712,-0.23700727329499838
67592,-0.8861713055549991
74455,-0.33888305083500025
72461,-0.11071425091000187
76668,-0.36460305281500194
67719,0.3648261362299987
110385,-0.20747970994999854
15395,-0.3470354059250029
333789,-0.21633688048000366
223527,-0.16272877023999577
12064,-0.6369066603999975
68310,-0.17403094788000306
353169,-0.16802684084500363
217378,0.6131068797049979
20688,0.3486596509550042
545622,0.31156993636999974
68646,-0.2911661480000092
233410,-0.14752629124999395
215890,-0.41816166445000036
17191,0.12612343104999546
21754,-0.1455327298000011
320111,0.3343345673149978
105428,-0.5956961054899983
15566,0.32672788064000136
14118,-0.3834129976050016
207393,0.4572350785349979
71592,-0.36015977893000173
240633,-0.4962750489900003
68813,0.4148066582199954
67433,-0.3779742434600015
14852,-0.13958045482000436
106572,0.508703870925002
68468,0.15532362790000498
110796,-0.20764778917499882
234515,-0.20127552564500029
14237,-0.3832977397850019
214669,-0.3220284755949985
15223,0.40061645061499895
56199,-0.21172943622999973
19014,-0.12826934785000077
242681,0.40857333416499975
18506,-0.3406742366650004
238799,-0.14410996296000178
22041,0.16977288854999273
108723,-0.21252454320000247
50926,-0.14094095670000684
228550,0.37172786170499883
216150,-0.13016104010000618
16490,-0.35893569642000056
71861,0.2982699172649994
215641,0.5180442028649996
22286,-0.2741564859199981
77980,-0.1987989652499973
58194,-0.20258208409500078
16997,-0.29864252753499887
64818,0.28953605761999945
103963,0.12347512160000207
14464,-0.287714517690004
17131,-0.3668757220600041
94245,0.1525152335300035
69309,-0.5163908368650008
382253,0.39597301241500027
12508,-0.19918656942000545
319601,-0.24552534846499796
69617,-0.15831400813499563
75593,-0.15227193972500253
232976,0.49434031840999637
66167,0.13953439097999798
70129,-0.4069073651400008
67010,-0.18439304867999873
106707,0.36138698750499465
276846,-0.17837490514999388
78834,-0.27297150992500097
209268,0.4772026551299984
12580,-0.29327833639999845
333605,0.5193208601149997
212073,0.4428993424649965
71330,-0.18874509255000582
14225,-0.12378182640001612
320587,-0.5260687404750013
54135,0.3963868909150001
74764,-0.12887673138499878
71673,-0.13227243389000876
234023,-0.15319057670000902
67422,-0.19092126068500104
109332,-0.3818300457700001
24128,-0.24446065215000345
116905,-0.2598751332749991
246257,-0.2598751332749991
21817,-0.31905213730499593
20388,-0.20131962424500172
66667,-0.4914034741950024
12305,-0.31918036087500035
68797,0.5746472204349993
18810,-0.2017156816000032
268379,0.37017680222500005
230751,0.49497658549000256
66223,-0.3912758862750003
66511,-0.16535066740000204
109272,-0.4749728286650017
239706,-0.4140628389500023
240444,0.27553090201999986
16524,-0.23409043744499947
67092,0.5600707843249983
27421,0.4196710144249982
27008,0.18338155125000277
66244,0.15068714971999952
207212,-0.3413049839049975
11931,-0.15673111323000022
22327,-0.30439251578000537
77015,-0.4065674110049997
74440,0.1789473633999954
69790,-0.18337615214999659
13665,0.13487755216999808
66447,-0.4137701938600049
69459,0.2414952217399957
17681,-0.5917594669199993
74393,0.32041623198000035
70799,-0.21049916253000145
12321,-0.45761580740000163
27062,-0.41156059458999916
227545,0.21595354506500186
22419,-0.24504160352500381
67043,-0.15818543207000246
66445,-0.13720493349999963
23808,-0.1446859539749994
238011,0.3066219215549979
52377,-0.24141680293500478
235415,0.1778059103499956
217356,0.20387319069999776
72088,0.3891191316999958
227331,-0.21007500906000232
64945,-0.3108795590950022
546611,-0.4778701474250009
17750,-0.36198062957000143
75772,-0.4418944942050014
81000,-0.25888685002000056
22627,0.18215554239999854
331532,0.4488266346799987
68723,0.5787425027950017
230718,-0.2801074608149996
12848,-0.32550367338500763
66690,-0.3398631658349984
63955,-0.23971465504999934
212398,-0.16223246293499827
109006,-0.21955141935499967
27261,0.1550909285000035
67296,0.2534385589449988
66183,-0.3494823249400021
78004,-0.3514566766750016
230163,0.3449826587899989
245450,-0.4670990244300004
66508,0.14463637609999935
14699,-0.3502999356700003
52150,0.3610366739950024
276829,-0.47415634988500166
232910,0.1191090745000043
22762,-0.33041332436500026
56407,-0.17300888670000525
12891,-0.36343184884499946
72772,-0.1848888793100052
66248,-0.190905861460001
20512,-0.43941682336000065
333424,0.35377397673499855
75620,0.45872259048499586
66480,0.19721458699999594
94063,-0.22563584751999777
627049,-0.4436669054250002
15254,0.16122649890000496
22436,-0.33874253813500266
114128,-0.43853434273000147
100929,-0.3381113983950019
11504,-0.2082035837349987
15467,0.26602739289000077
243083,0.29373296347999833
232536,-0.25686533033999925
20443,0.3804415457299992
208936,0.3158993307099993
64138,0.11710165075000667
100710,-0.3970303917300013
69480,-0.32168132672999983
59031,0.17464291601499582
28199,-0.11778995729999941
245049,-0.3255344193850025
12738,-0.28648750079499896
209760,0.2585374894700019
11519,-0.5486196227850026
12362,0.162010719319996
210027,0.47942424000000283
11604,-0.377381329230003
17189,-0.6697459763950016
12933,0.4484211556900002
17763,-0.32185816721000116
53325,-0.15925615190000286
67569,-0.2842242682299996
93884,0.6493853831900003
67646,-0.2709873178150004
55987,-0.46062584935499995
99650,-0.11879204285
71514,0.13497377891500228
67341,-0.4533278243999992
66383,-0.17195923849999772
232807,0.13541416801999162
71932,-0.1487453851000069
55982,0.38981591203999866
108153,-0.38133691586499996
70612,-0.1489724128599974
69596,-0.25491888911999894
22110,-0.1894959119000017
100502861,-0.32372737028500165
54563,-0.17777841274999773
73296,0.3548571538900003
18700,-0.23276750655500145
29875,0.21203712419999832
218581,0.41554478393999883
27979,-0.17001601762999918
56711,0.351401471405
75099,-0.5334493505300033
619605,-0.14738604360000274
17698,0.1721982886000024
56321,-0.15698192762500085
497652,-0.1673375224199951
227154,-0.22194646895000147
17079,-0.329981644140001
209815,0.21320768654999966
11545,-0.26050686735000106
271036,-0.3453070703100014
66811,0.5007181869950004
101320,0.3299243959850009
13650,-0.30034174335500197
50927,-0.24451580067000123
83767,-0.2796062970450075
73808,0.2986221636849993
217265,0.39455803751999907
56375,-0.256393788025
26409,-0.12271752389500001
66847,-0.13466392776999747
50773,-0.1304052781000049
66440,0.15372842419000232
245386,0.2888087828800012
67031,-0.47004735221500216
67836,-0.3796824664850016
16650,-0.29297334042001033
12544,-0.3993597443499999
16452,0.11413355609999698
19888,0.4739848095899988
66163,-0.12747750845000283
109151,0.40510585208500416
15357,-0.3680935980300015
384214,-0.6254767460800013
20741,0.40157756341000006
76917,-0.4202273845949964
69632,0.29143896825500093
18142,0.34775317078499945
29807,0.3069310331750019
94093,-0.1641892804499996
243274,-0.373809919535002
13543,0.2367793859599976
19035,-0.14138980330000095
11657,0.3852568658149984
20462,-0.3312642451950021
20623,0.2601652224549955
104582,0.3862191074700001
65247,-0.31058361770000076
217473,0.3773748035349982
66682,-0.14999025089999662
18744,-0.1760802327000004
67052,-0.27770500841500567
231798,0.1670505057550038
80509,-0.11758296824999803
12988,-0.19641775098500425
66841,-0.28002293266499834
11532,-0.3280497490449994
218739,0.2615560477300005
53374,-0.3148341519500004
668173,-0.33782408982499934
70652,-0.36590600998999756
73373,-0.43851831969000443
107767,0.20629236423999586
14528,-0.3903738191400006
19339,-0.18682223349499516
71132,0.3391890361999996
216558,0.1817526236699969
226243,-0.32671920666500043
241303,-0.1765527939000009
20017,0.33474218061000105
624866,-0.255390273395002
70591,-0.24988868787499907
245424,-0.26366333741000014
24059,-0.3623219699400009
20495,-0.28526368800500546
74354,-0.3020608952549999
93681,-0.2942550679050022
106766,0.37223911130499765
16656,0.6214057795749994
72729,0.1504040303999865
67295,-0.18857708217000457
14745,0.31271371034499973
20742,-0.1186399873000088
67914,-0.39883777857499947
74111,-0.19775367333000027
654460,0.23880019142000064
70383,0.3061557732550044
170441,-0.29816762117000106
216345,0.18141075404999718
117600,0.5414462785949992
78894,0.3177759848600026
17920,-0.5523647583149991
215194,-0.17216970205000415
242700,0.33525072135499556
15403,0.3771123137849992
68048,-0.14271429345000364
17999,0.21090474427500094
228765,-0.4208648686949985
12817,-0.26773345537000015
17758,-0.2179708084349965
15561,0.5743263541400014
382089,0.3564222096199998
17961,-0.22202345655000144
104252,0.1232079781650004
74256,-0.17313507000500294
320118,0.26721697707499636
27428,0.30810515439999975
18173,0.19051837677999295
228576,-0.620812138455002
60367,-0.42372181142500187
270118,-0.3947117513600036
18201,-0.1882299545499997
100102,0.27089045294500114
320712,-0.4312380974450005
240641,-0.35441304372999927
18111,-0.372214897120001
74106,-0.3618680336750053
14680,-0.3008806041099996
26946,0.3069751657200004
66056,0.1422672014949935
66797,0.36177584295000065
12581,-0.14055144635000794
21955,0.20892855466999372
244713,-0.30623500502499823
216274,0.29116323284499757
105083,-0.1782680571299995
26440,-0.13925866965000466
209456,-0.43323203045000014
224840,-0.5084725508200014
57277,-0.4817886972249994
319848,0.29320258992999726
239659,0.4830381656599978
230576,-0.21758223101000196
67071,-0.2973331554450023
18510,0.4115608186899995
76507,-0.3108864138250014
76273,-0.4929288121499993
13347,-0.41458596576500106
57437,-0.2049190203500082
14548,-0.14183899040000725
209378,-0.36985489334500077
223669,-0.2700875662049995
107656,-0.3064494389200041
13430,-0.16371387020000938
71704,0.17073710165000477
69478,-0.13199878150999922
98258,-0.11600589410999973
12192,-0.13759174255000772
68499,-0.14556756270000193
67216,-0.35531095364000187
217217,0.3330824596150017
214901,-0.45031122938000134
229474,-0.47643821185499746
70727,0.37696396535499677
14479,-0.19893074979999525
52502,-0.13678544589999753
72720,-0.23500841145000262
54613,0.16865889046500193
71116,0.14221822198500078
320806,0.1753149739650013
19192,-0.3187561648500026
216028,-0.21215041068000096
70611,0.303273103079996
13527,0.43433552351999927
56088,-0.1469058695449963
330695,0.2109521798899996
83602,0.1625575369100023
14313,-0.3377613509650015
280408,-0.15136964767000904
57912,0.11825557565000011
14664,-0.3518140202350004
12819,0.4810596311099995
58809,0.300430741185
67067,-0.10645079375000144
216134,-0.17874180209500068
242702,-0.33328287562000103
67204,-0.1199808164500098
104099,0.3207486597599991
20423,0.17169456005999928
208666,0.5392359141099998
16912,-0.15549174610000627
321019,0.33598912527499714
72789,-0.4920613503100002
210719,0.516911948729998
330863,0.3293542416250008
381175,-0.3613125601800018
70362,0.41353401961999925
53881,0.1541755611300033
67588,0.3967405551499992
22027,0.12635186629998962
20563,-0.48415403571000004
67177,-0.17658641821500076
17087,0.24439065491999923
14787,-0.364362922334998
19765,-0.16548561382999516
20778,-0.23727476127500058
381359,0.5260549896199995
268395,-0.13955079763499612
210992,0.18092625500499881
15422,0.40025899123999853
18546,-0.39389209765500155
52468,-0.2355623880800053
68441,-0.19368133549000177
66573,-0.2680830925700004
231668,-0.5906200572799989
63985,0.12760239059999634
12896,-0.1299658183750001
19395,0.11338548040000163
77963,0.3716606647199967
66222,-0.1853341795500114
12145,0.1515888860999972
76594,-0.30264577177500307
226419,0.42152904489999443
26565,0.19879051516500112
68730,-0.13001081915000157
50787,-0.3113779115100015
21938,-0.438292259079998
66473,0.3122753117199979
28028,-0.20664340505999856
17527,-0.10962148303000596
97484,-0.1151534425950036
68023,-0.1151534425950036
243084,-0.40817685381499924
209550,-0.2977903277449987
67235,0.31999832773500003
243755,-0.4938575472450002
268567,0.12196941339999867
19079,0.24709421582999802
13680,-0.34422311706500075
244585,-0.2567193424399994
18389,-0.2387808947000014
69639,-0.12535670208500171
67710,-0.1307086803500006
73158,-0.15740591595000453
230514,0.17571338840000372
67579,-0.4811294772750001
23925,-0.3383063930749959
246133,-0.19118318786500055
99100,-0.3821136591750003
16792,-0.1267286055000021
70428,-0.22109608539500059
13871,-0.16485034158500156
68385,0.35562918973499835
244721,0.3578385104400006
71354,0.4441406210550003
11774,-0.14542968941999845
237436,0.3222907610099979
55979,0.13999882579999934
69757,0.2434888010949967
353499,0.2434888010949967
13653,-0.28888251287499855
382562,-0.4063918519250005
78914,-0.2600448529500037
69834,-0.11380428610000415
621080,0.44019574383000304
74202,-0.3785484655549993
56292,-0.12522084056999994
70354,-0.4126539758000023
16409,-0.2040340582000013
242851,-0.19264455275000136
56386,0.11352222020000369
72297,-0.6543880647650022
65112,-0.42196626650000013
68904,0.31577142759000054
233537,0.3951831232300007
330627,0.32668998274500094
19186,0.11649265479999293
66492,-0.12214800070000287
14800,0.3062280523099994
74043,-0.18795043632499997
108811,-0.30040341073
75744,0.22710437830000085
23957,0.5592946460399997
22335,0.1022212902500037
13853,0.3946637248099987
216867,0.4299284756249957
14525,0.33070441616000057
99371,-0.3984277721300007
28114,-0.11795536190000888
53895,-0.15286561466000492
19730,-0.16313133643500244
14381,0.18936632484999727
212114,-0.44212082382500295
14708,-0.2918030113450003
13007,0.12154580530000025
20204,-0.3527065515650012
18256,0.309390200760002
22084,-0.5243323742950032
214552,-0.20002825334499796
56642,0.4145518718249992
19122,-0.3338015565899983
66676,0.24012970903999964
12426,-0.3710173705100015
57781,0.2786656070249993
70361,0.20135672420000184
234344,-0.1525838163950013
333315,0.36031171160000053
16519,0.4171398122550003
68655,0.33719216959499887
217944,0.33142878423499855
52231,0.12060642743500694
16678,0.25074437112999926
230837,-0.34718143387999945
78284,0.35921665682000015
231474,0.407539578469998
67429,-0.29542709085500096
101568,-0.11269932569999597
226646,-0.15935994005001497
242691,-0.2426496146250008
18984,0.17987697985000217
99681,-0.5040694415399996
74735,0.2402902373550031
68140,-0.22758013270000088
20439,-0.19977968987000327
14950,-0.13914156074999973
69161,-0.13267335093999932
104110,0.4720424591399972
57258,-0.28447152427000066
74468,0.36837810166999985
227290,0.1366911415699974
233020,0.28504489528999777
56427,-0.20418202620500026
17873,0.16254502937499637
74178,0.11043443760000393
654459,0.3095932086649995
69876,-0.14547399312000042
18628,-0.4158905702299993
74326,-0.1558802124450036
68527,-0.4027221214700005
56748,-0.18190142342999494
11656,0.09568492649999527
69752,-0.16510178680000465
67226,0.1333837706750014
11833,0.2986493049599952
380683,0.3475304186900017
93893,0.4332554429850002
238880,0.49072277228000116
17880,-0.44847801774999985
78733,-0.2738453189800003
56464,-0.4050294723000061
232944,0.1907433131499996
15163,0.1865018012499977
11832,0.44572501126499997
16534,-0.1237030416349949
68262,-0.132589295739999
18081,0.13515502929999812
11352,-0.3356022829300018
18046,-0.13574255499999488
67091,-0.11861990430000624
67160,-0.1470885728000031
68404,-0.36278755218499903
208154,-0.22459011164999865
235533,0.32720816032000055
14587,0.34730257264500164
74552,0.13979873125000353
54673,-0.14077389810000618
70358,0.3476723131699999
69740,-0.13923902922999964
66078,-0.12365962200000524
217125,0.18230436594999588
241516,0.3542122599349984
237940,-0.19052328140000974
216760,-0.1932494784050025
69178,-0.1364491761499984
207911,-0.3932940079899998
67375,-0.362369569594998
18507,-0.30105293113499965
74051,0.31395518239499953
280635,0.2900505531950013
22353,-0.4254414700450013
77951,0.30430854235499805
66646,0.17818822627499653
210973,-0.13082448712499684
19891,-0.30942980512500284
56513,-0.30380993998999806
70369,-0.399249530610005
20646,-0.36268273897500114
74288,0.5521409646300022
72124,-0.18906010763499825
67846,-0.3101459132100013
13448,-0.1574096851199993
69671,0.2958167901450013
72472,-0.2976805324149989
110058,0.6076384500849996
73447,0.15120582342500377
27984,-0.2806796441849997
230577,-0.3540772322900043
19298,-0.18534737756499275
71276,0.39384419988500063
18181,-0.13674927439500095
268451,0.17049946941999927
224065,-0.5472794863849995
71950,-0.3025814686399997
26397,-0.13638661817000575
20821,-0.13309990154500362
268936,-0.33892417434499933
210297,-0.36164983746000123
70207,0.4037536826750019
11601,0.3230397584800002
269633,0.324421702265
68277,-0.43256545380000233
74359,0.4272923158549995
54598,-0.36597740621999986
13010,0.16069052665000072
76080,0.14793470607000536
16574,-0.3448156107150018
81840,0.3661310395649986
17826,-0.09943626210000289
230861,0.20281053195499688
51886,0.4079561148499966
75398,-0.2686751778400023
225995,-0.17779744829000244
80294,-0.29607431212500135
12815,-0.4248062325150004
227485,-0.3704631255749993
211770,0.2714425189499998
69737,-0.27679331882500424
58207,-0.29531880826500156
68106,-0.24288734075000207
22165,-0.18465579091500572
22320,0.12083688350000088
20391,-0.5033119698400039
69151,-0.2725883222900052
69010,-0.13001863819999748
234796,0.25554632334999816
193043,0.35367902198499745
76799,-0.09864558800000367
16426,0.27985786451499894
14000,-0.2174896099349981
216543,-0.17114950730499956
66538,0.10755402438000061
328162,-0.1502806079550041
27762,-0.4147158048350019
56632,-0.14956292755000256
17152,0.3406431587650016
245000,-0.18181920854500255
67629,-0.35350420158999896
56491,-0.15958865625000485
72792,-0.37667231457500083
66902,-0.4030910288850036
78455,-0.2929166159400012
240675,0.42847793307499904
68634,-0.12936985410999569
75624,-0.28214366507000044
338364,0.31242209905499774
84111,-0.2811439290749993
78416,-0.1822390722300007
223978,-0.1850907239250006
110084,-0.22163344170500165
19878,0.2186728302999983
239555,-0.23462846785000124
22070,0.08869106359999179
545136,0.46389930075999875
22235,-0.14738613124499977
66597,-0.44465301872499996
54153,-0.3483638691200017
16681,0.404105156234996
57247,0.10672234878999731
378430,-0.2678233266049985
67605,-0.3946232473600011
109264,-0.3680663382399998
71804,-0.1788697127499983
68818,-0.11631008130000176
11364,0.1598016664249986
213389,-0.2970461600750012
14160,-0.5178962735899999
170748,-0.2453510726000001
66897,-0.2992020970949998
320183,-0.5575056795650011
105559,0.13884518030999793
12162,-0.373807540855001
98170,0.2751105323749994
78801,-0.37549869937500047
23988,-0.1596515868300017
67821,-0.3818430937799997
52184,0.4167330301349992
18759,-0.16134436389500273
12677,-0.6003007510250007
26429,0.38635959549999743
228846,0.4926560797799988
100504518,0.3181661585800013
13082,0.35369349656500004
11844,-0.1335898540999949
68742,-0.15130215263000402
667663,0.35409732559999973
101502,0.17198942358499814
17711,0.18418402210000373
328329,-0.30182457731000145
50788,0.17786918752499936
18242,-0.3282329124500043
107047,-0.15336693690999503
54380,-0.16724008735500284
631304,0.31710381068999993
66871,-0.3280895058950004
63954,-0.5288943969499997
74442,0.2451269253349988
16198,0.40837743528000114
22289,-0.27653524589000344
240518,0.32102097263500085
22625,-0.3321749159400018
11669,0.1273866831499948
84704,-0.3446528114600005
19725,-0.3790586285749997
60599,0.20243520440499552
21849,0.15748246535500776
71780,0.17869956399000309
71752,-0.1834337159899988
434778,-0.38258625898499954
15983,-0.32229696046999656
11433,-0.17769355639999596
226747,-0.15426916439000404
94066,0.13469419335000055
244682,0.34789781711499934
68859,0.34730086117500036
103694,0.24988028993500055
101187,-0.2518914833200041
12632,0.33262290304000075
217827,-0.40613031292999846
208665,-0.33184935283999994
57441,-0.4899622038350042
56089,-0.19089332366499612
84112,0.37488675485000034
98363,-0.262992511265002
75002,0.39099366011499903
76898,0.5253544939649997
17879,-0.37596428105500035
269400,-0.17239783644000184
56620,0.29874294514999633
18114,-0.15909602610000206
70827,-0.34439725690500644
21681,-0.1639006954800024
319719,0.24187064273499814
103149,0.33002516956999894
101401,-0.2438513721850013
66884,-0.18327420275999984
227867,-0.1340994547000065
17035,-0.5123488083299979
232210,-0.16862835140500287
19731,-0.34658362004000054
78244,-0.192403141000006
19127,0.3418613586000001
214931,0.30599297839999906
56200,-0.1933933835100028
66166,-0.36474770673499934
328417,-0.1895092830750027
11567,0.2342048410300004
67865,0.13462750239999544
74653,-0.35071568158999966
57753,-0.14851220890500372
21401,-0.5249585890850019
13039,-0.28612831669500594
15114,0.3790544772900013
11924,0.26245931264500033
17242,0.3373583384049974
23928,-0.30859193873999935
67229,-0.12564075160999977
74769,0.40736843599999784
116891,-0.1026886269500018
211446,0.3224496640000005
545260,0.47445631624000173
14114,0.3290326639450001
66500,-0.2288410707199997
71909,-0.15906173744000185
19283,0.24967570820499763
27426,0.16959811930000157
14874,-0.13576841830500186
99512,-0.37057750322500116
68810,-0.39773761070000013
240690,-0.22828059371500053
233038,0.3183989215250005
208820,0.3890862220149973
22234,-0.13033651376000144
19766,0.2235152833599976
214505,-0.10207553269999714
23972,-0.31405002080000255
73472,-0.3755226615449989
246221,-0.1817171534200046
76479,0.3730475450800004
56221,0.47083638410999873
629378,0.5078641487550009
14744,0.16925406191999492
17929,-0.26271001188500076
546648,0.2778299972149991
14356,0.13514451424999585
18802,-0.14808668360000432
94181,0.14129497849998707
13423,-0.14648032420000057
79464,-0.13539001860000255
12521,-0.1303241143999987
27223,-0.23002076281000328
14836,-0.4173165400300003
75568,0.44314324819499884
207615,-0.3635659927099999
71148,0.24596499160000196
381582,-0.273268184565004
12558,-0.5608267527399988
19126,0.33508806831000015
211922,0.1741815535600022
19687,-0.1698648007950041
217593,-0.48801959928000027
242557,-0.27089681092500406
94216,0.20193718015000117
13656,0.30559635940499863
338348,0.12675767831999885
18755,-0.28035050304499975
51796,-0.17719524470000714
15530,-0.49755119544000337
320495,-0.17539679618500514
16594,0.201528300075001
72136,-0.2348986942699991
102423,0.3229569285900027
226026,-0.3331940495600003
22249,-0.355951152634999
74153,0.09567571634999616
22631,0.21595785463999384
208922,0.35740891272499997
21807,0.13243673124999233
11553,0.3527007325450011
67676,0.11068628439999628
67687,0.4366723492499984
218121,0.16377204245500288
67078,-0.12712195465000242
56520,-0.18592040508000096
21337,-0.2525202122000003
70699,-0.1425417060799994
100061,-0.1891010995000073
74287,-0.09480746020000197
67698,-0.20464362677500247
327766,-0.28235163594000134
23983,-0.15000120090000202
286942,0.1868293836200028
382030,-0.11696838159500089
12957,-0.24239099778000117
13487,0.2529231489950008
231380,0.35259180333000195
545279,0.21691045455500024
20719,0.11339475389999976
245446,0.40135518748500054
23892,-0.6331856527599999
68031,0.22299761083999936
381534,-0.32403643311000074
212998,-0.40270178555999925
56233,-0.20907279732000106
219094,-0.35673473834000013
28030,-0.19200930370000435
19362,-0.39010354795999813
12966,-0.36277487083999826
77045,-0.35269739097500175
70160,0.12248799355000095
108797,-0.3984427178099965
68666,-0.2171106151100033
26561,0.40272021358999854
68121,-0.21301683621500356
67845,-0.21713994015999916
114332,0.4273274651000003
66108,-0.12008459743000444
53322,0.26118197327499537
22282,-0.11382247899999776
387616,-0.32192225205500247
17101,0.3146921551849964
26564,-0.43455788412000196
27660,-0.4722792298800016
99311,0.1274287666999907
17254,-0.11653182379999194
331004,-0.4316394812999995
55994,0.2865613583800002
231238,-0.27798128978500225
75311,-0.35430028060500085
71963,-0.33363994716000445
78798,-0.226531649065004
237178,-0.24406784757499933
69379,0.3341850142249996
16410,0.24039361027000083
26424,-0.28172510190999844
66437,-0.11034491690000259
68339,-0.19892818451500194
381305,0.09567995683000063
19330,-0.199203725790003
29819,0.3286270640799964
232491,-0.2648672841650006
53333,-0.15135060142000611
12780,0.5260101555049999
66154,0.13254967627000092
100213,-0.32257104278499904
19175,0.13439832794999873
76561,-0.24379032832499892
170638,0.2378697087199999
18563,-0.5216753790900022
94180,-0.200070973225003
14701,0.15317060888
76863,-0.15883498010000707
72699,-0.15092365264999508
229007,-0.15092365264999508
668110,-0.17643070901500124
19703,0.29351967589999894
27413,-0.4938872745550009
80385,-0.197747780830003
18216,0.2680815077499994
22273,-0.11549511921500333
218138,-0.3339137391950029
18458,-0.13112563370000174
69487,-0.3252458127200004
20878,0.2521417565400004
244349,0.15005929256000172
210148,0.3006542653099986
13549,-0.14125836788499946
14113,-0.14125836788499946
51944,-0.3545238713000014
56190,-0.29892602011499925
192119,0.13997039159499902
328789,-0.36843666980500167
67512,0.14445507720000528
270192,0.3320654450100009
75426,0.2951703051149983
13713,-0.20238123460999802
93739,-0.12995187200000302
69051,-0.1421614288550046
66343,-0.1654705758550019
268481,-0.25320960415000293
11806,-0.18383952067999898
269682,-0.20486759747000072
70790,0.11696526061500023
67711,-0.11542958304999829
12000,0.4446504630650008
84505,-0.3040674360100004
51885,0.16126969529499835
64214,0.19220894599999738
233799,-0.45795207649000025
227289,0.2720146855300003
219249,-0.19587388563000108
79455,-0.3462559872100006
57908,-0.22831036282000028
67042,0.1255066927549997
320292,-0.1557380100000021
67893,0.30802166955500176
217214,0.3008116960299976
237806,0.4272486447949997
11640,-0.3991283546700011
70823,-0.3679333888000018
11989,-0.42654546483999933
13162,0.2891887836300002
14419,0.20692824039000346
74080,-0.20239212053500122
16510,0.26316785616999994
76577,-0.2668843469200013
72027,0.13700870830000333
28113,-0.2196700666150031
320705,-0.2654518063850011
239435,0.4363899433600005
110648,-0.34212502858500127
208768,0.24498153830499536
56551,-0.11557955350000526
67981,-0.2722387902749981
232334,-0.31044217835999977
76338,-0.14402377022999957
12816,0.5542631907050013
192654,0.3585931263649993
381903,-0.19932563730499808
78081,-0.2888530121400015
21814,-0.30697962482499896
224024,-0.4356611915500004
114664,0.1609392234499918
234404,-0.258649632940001
67652,-0.40347294811500056
16006,0.21287439076999837
71007,0.14475110765999943
12790,-0.37516440059999967
239554,-0.31454194508500066
13424,0.14663006728499894
80913,0.14395230394999636
12563,0.30840745137500036
238217,-0.720341182620003
67230,0.13012529124499927
29812,-0.11209258340000439
12788,0.1793770578600027
110083,-0.30860752917499834
20773,-0.21699764394500232
11674,0.16492725330000546
11922,0.34246888955500054
18601,0.37775455232999944
16693,0.276814839800001
74198,-0.15095508460000673
67197,-0.17089565714499777
72656,0.2803083965899953
100434,0.22116605691499558
666468,0.3432040125549989
12289,0.2744384570150009
30800,0.47365745727499764
14369,-0.29793480467500144
192285,-0.1508304999000014
83770,0.409357074429999
170749,-0.21828300971499548
22409,-0.3048935226250009
12818,0.43228200473999845
434439,0.34893919632000037
74035,0.2592459789949988
74776,-0.13414356130000193
224807,-0.20838454608000134
22690,-0.42570512621500445
237781,-0.3571733178100027
208092,-0.26383640911000406
69297,0.4216557336750011
72355,-0.11445501517499679
218442,-0.1455780210600004
108671,-0.1437176342000015
263876,-0.11374685505000492
17279,0.3298403390600009
109263,-0.37604227279000035
29817,-0.3470696731700009
17169,-0.19063962270999824
69047,0.39082351702999896
277328,0.2965231401499975
20606,0.38881441055500066
14388,0.24277272713999842
67944,0.48996596476499743
18221,-0.13184057651500147
242891,-0.2918592105400011
13602,-0.47154282667000125
74410,0.15417012072999547
21824,-0.3620446730900051
213990,-0.13698492540000018
67868,0.3681961956599995
53611,-0.15141120640500016
225825,0.15358834924999876
18591,-0.2022572097950004
56452,-0.23898076640499788
71738,-0.3733347374649987
12995,-0.13076858596500607
66848,-0.31515387564000097
20660,0.18492683149999678
76130,0.16437912933000298
13609,-0.14814060310000166
69080,-0.11999253238000307
110935,0.19270196202499879
20239,-0.14646899000499936
73677,-0.2109959030549997
68151,-0.29820886171999916
13198,0.2125387129150047
246154,-0.3832497054000026
241324,-0.4305008907450003
14275,0.3363585342850026
242285,0.3436006108299998
218454,-0.32594375416999766
56525,-0.2629681068200025
387609,-0.3032767148149995
20170,-0.17827870403500512
56368,-0.10887654067999897
72825,0.20640472509499475
17937,-0.27027817013500055
67561,-0.14620291661499962
23829,-0.412516490894999
230379,-0.3542328402400017
20852,0.21354603059999988
68075,-0.34727953221499863
67883,0.24852660599499732
105787,0.18600196751499531
11816,0.15274296829999834
67245,-0.15519151405000287
68845,-0.09931321420000039
81879,0.5087028621799985
105352,-0.2604563690599955
381457,0.3142756043950019
80288,-0.20825284627999974
109552,0.1230126050000031
226541,0.1759079768149956
55934,0.12598718490000493
224938,-0.15981153542500692
78258,-0.382231832135
56349,-0.31135313257499764
11807,-0.1635768840999976
110651,-0.1728384007399999
218165,-0.4859680520750005
238564,0.3328154300000019
320429,0.21143441050999812
66054,-0.19492703228999986
73191,-0.37235854141000146
15424,-0.4820230854749976
215693,0.2763545897050008
18035,-0.11202815004999778
67689,0.1616098863599973
52662,0.29654839264500055
224826,-0.21691834866500148
19128,0.16736452113999611
71835,-0.2882297090799977
27401,0.27782057328499743
15569,-0.4106287885699986
54198,-0.15093954300000512
329003,-0.266757511029998
53893,-0.13434456025000685
57780,0.23044471387499854
213945,0.3873194084499989
217893,0.2318922614749983
68867,-0.3677122705800002
224656,0.17094177024499402
18007,0.27760962189500127
269060,-0.47861578766499946
66586,0.21994797864999693
382427,-0.23605269000000195
67020,-0.4454355387550004
331401,0.26677305836000365
70012,-0.24378068614500137
64705,0.28660992909499505
73178,-0.1087895437050026
243910,0.1381239066499962
69554,-0.15692181919500658
12516,-0.11261268529999846
18822,0.27724685056499965
320181,0.4427192555750006
66656,0.12771490139999742
66272,0.14743542443999758
107746,-0.17051474648500253
11758,0.10469611499999587
381142,-0.3601057777749994
386655,-0.2641286514850014
66231,-0.1245067565500051
68291,-0.3800541781450031
15126,0.25599546662999995
94088,-0.5504616220950025
20112,0.21244768089500532
22341,-0.49042281594500015
56710,0.45303070932999834
11771,-0.1571293836250014
75196,0.2655645607999997
240058,-0.14581373317500024
68431,0.13331713490999597
22784,0.32203142794000206
20787,0.38083875192999983
56874,0.29347650270999903
19699,-0.19850773329499916
84035,-0.3381699052200018
319322,-0.1346148244999963
12801,-0.462016768819999
68475,0.14486948482499962
78749,-0.15196071272000644
140486,-0.3349533046200017
70575,-0.3684495904200018
235611,0.3220770258949983
232566,0.26423015608500044
57376,-0.11888423857500108
101533,-0.3215947640749999
22116,0.3034675346800011
230793,-0.2354713588200017
56747,0.3402774960399988
12262,-0.23097101207999948
69499,-0.307218707160005
12562,0.25950386388999913
52513,-0.2250513062500037
268706,0.23836181238999998
320795,-0.1135383147500022
13481,-0.10508716670000418
74134,-0.1484026283650035
18526,-0.23094032222000171
209232,-0.3537713650799992
60525,-0.18071497559500216
68977,-0.16928760140499932
240068,0.3045720124949982
230815,-0.28310738436000094
606496,-0.10858317790000349
19182,-0.11795536030000164
20299,-0.2484444647100008
107684,0.35303914395000113
66704,0.290317588759998
217558,-0.2464238092600013
320557,-0.40065053133000106
226255,0.425892478249998
50915,-0.30829345906500105
223664,-0.29304352702500314
16815,-0.3397781437500029
16497,-0.4794147900050021
21744,0.33545206231499947
234155,-0.25397361540999874
19099,0.30241246922499965
20222,-0.11659614310000244
245595,-0.2993941747000015
56289,-0.12578982125000415
116914,-0.34094117243
12051,-0.13391996825000518
241950,-0.26574289829499786
56258,-0.1602004638350003
622320,-0.22096038111499983
100198,0.21553926802000145
70779,-0.20104213191000042
210274,-0.7680888562999977
109333,-0.1950214193949975
78977,0.5423547179250003
268752,0.2757525912749976
68718,-0.1368135148500027
320267,0.34833316173499984
170759,-0.13096338490000115
110958,-0.25965871855999545
21333,0.2690251932450005
13508,-0.2808289353000024
17391,0.419637376569999
72949,0.4805791632999963
53890,-0.1874163732000067
14561,0.34412308755000076
114570,0.45331121843000144
76260,0.5003764003900004
116701,0.21814239898999865
72085,-0.1743967976750005
11428,-0.2492328711450007
15199,-0.29091805084999756
12606,0.3527601081949996
230848,-0.1365850473499961
52635,-0.18950519980500147
67490,-0.4046495021749994
21672,-0.13860844210000423
230579,0.302723859214999
67088,-0.3364123790200013
20602,-0.4699905623450027
246179,-0.18299258157500375
15429,0.43457445279499884
20321,-0.2952570760499986
14241,-0.3717279947800005
76813,0.20734743332999805
12803,-0.21033175311999752
12825,-0.31258796983999826
69527,-0.24771758639500074
93679,0.12439292609999697
14387,-0.18288808591000105
12121,-0.4076635761350009
210009,0.2791821659500009
244666,0.3338750332399991
19823,-0.12365809333999955
12931,-0.5305949373349987
629499,0.37976902185999917
12643,0.258171327100003
76709,0.15635073219999107
108154,-0.28550329542000163
100041581,0.34710620143499993
71365,0.26924172921
212070,0.3643372938099998
23970,0.09975286765000213
230027,0.318858538439998
15007,-0.17341704792000634
20265,-0.4079963461900018
232156,-0.2113863203349995
14630,0.14149639629999555
23980,-0.11827762060001135
503847,0.2759728304799989
235380,-0.2585650645749986
76572,-0.2514024028150006
20981,0.3386443198549989
66836,-0.09568349690001021
105298,-0.29905604198500146
228983,0.16237510220000395
64176,0.23011274341000076
235040,-0.1043585360999959
237360,-0.1444044520199963
21393,-0.5760719139049986
20754,0.28525238496000016
67279,0.41209683869499436
20451,0.5116437971049987
109685,0.24661795569000056
244698,-0.3554582495400007
243374,0.1416780264999975
77519,-0.32985875842500256
17116,-0.25319598790500164
84585,-0.2141607907299985
71472,-0.1411317413049975
170826,-0.3569485115150002
75404,0.37620310361499865
330401,0.35491873186499845
56299,-0.20139822674500873
73744,-0.19980452629500256
16392,-0.1681860035800007
76574,-0.39103434055499964
114741,-0.3146856194549974
50887,-0.25198891501499787
68188,-0.13986903963500552
16154,-0.12724228525000925
19133,-0.33273468314
74355,-0.16157188040000747
55983,-0.2905837734000034
68731,-0.1852517430549998
12029,-0.28430365043500316
666060,0.25857886290000165
52717,0.11156809041999516
210544,0.20820677958999845
68564,0.13008456245500355
27409,-0.2837884427199988
26939,-0.3064102706350056
74189,-0.3254059122250017
69496,0.2623344088700006
15378,-0.4105826666399994
140781,0.26539936116000273
19293,0.3441075316350011
14227,0.10579787193000278
14151,-0.11000106980000623
75422,-0.17800276835999806
17975,0.11929257709999774
52815,-0.2500031952799988
78372,-0.21311585834999924
244608,0.4351539301649989
18260,-0.2004658002550017
68276,-0.43275797406000205
171095,-0.4510012096650007
71795,-0.2071094185999982
69131,-0.20375325715000514
434156,0.2436486276599985
320869,0.26367357495999855
74190,0.3584505629899981
17828,-0.2690454374500044
103836,-0.23080936312000144
20491,0.10723530909999823
12217,0.3100122063799988
27041,-0.11254810240000168
269582,0.3281403487399994
11792,-0.12137345883500394
30962,-0.44449902675499775
234683,0.19649736275999707
434756,0.2889027705899996
22414,0.25473680717500136
22324,-0.1408485246499982
18194,-0.22599058333000333
223753,0.09751181684999999
102866,-0.31081461949999856
13601,0.1276848160999986
12412,-0.18686999630999956
99571,-0.24085132112499918
271887,-0.30328814615000343
12585,-0.19443007800001233
76857,-0.2726209256499992
56735,0.5917258119249995
353155,-0.2557701878449996
232973,-0.3130480019650017
17200,-0.4532477700900026
14348,0.2987058422799995
68440,0.1610631086049974
56773,-0.5643368950350007
229900,-0.18151631167000293
208624,-0.24343709354500298
52428,-0.2905289171149992
239122,-0.26214652424500073
50764,-0.25535039624000033
56357,-0.20301413568499882
18715,-0.3997649763850024
68497,-0.11062053754501378
108052,-0.15852193297000383
78887,0.33390824824999576
56196,-0.22266914977999974
320808,0.3578956695949991
244562,-0.28553555096000194
70835,0.29324419881999964
78408,0.17830782377500132
76491,0.24874679339500005
66864,0.46122216103500024
66151,0.11953364930499788
74374,-0.29229246420999555
11966,-0.2997994847999994
17939,0.14013404066999868
67053,0.2895935855199996
72084,-0.1337138053300002
230235,-0.3830802117100003
14077,0.33870720992499725
225865,0.22034551675499925
260305,0.40414668153999944
59040,-0.1413698194199977
237222,-0.3604209143650019
18285,-0.3762017364150019
207521,0.3709461408299948
269610,0.293467035765
237310,-0.4530512652900027
26403,0.15683741666000017
68498,0.3286245334799993
12909,-0.08624018875000239
14089,0.27106551663500156
64294,0.19030349163999993
27359,0.15431587040000672
17993,0.11843629910000253
380785,-0.241518862555
102339,-0.22761145663000448
228807,-0.14545323715500302
78908,-0.4288896334550003
20262,-0.4413447980250007
67044,0.09026953754999845
225010,-0.21287727539999945
26886,-0.33329633011000226
243168,0.26987449419999976
434215,-0.2661939323150042
66913,-0.37936771133000136
223825,-0.5057647136299992
72322,-0.16321894220499988
231997,-0.2644638790649996
74175,-0.2960922196800002
20182,-0.11458709935000222
12156,0.27879792092000155
83433,-0.1963838072700037
12540,0.14468636530000545
72898,0.248105097859999
109052,0.21459720368500124
14866,-0.2620316008300101
22630,-0.11146267650000219
219134,-0.3238847651000012
66433,-0.10914929765000636
56324,0.2761213707749999
21899,0.16850610782999986
231386,0.1358156071500023
193003,0.2640242766899985
320685,-0.3211591941900016
66530,-0.09428257819999963
15396,-0.1906833411599993
14453,-0.2937421712200008
23945,0.4131625690999954
230145,-0.18528292456499784
107368,0.417955562945
67866,0.3503608364650024
71939,0.18954619726000121
15208,-0.4064977546149997
320683,-0.2609655589649984
19328,-0.19268595443000347
329641,-0.3046879661049995
227292,0.09225331959999039
72568,-0.2526651132349995
23853,-0.16178844470000264
15929,-0.09663892335000668
68735,-0.12807207096999562
77622,0.29627987979999926
20664,0.28742858075999944
100039672,0.42787614267499885
317750,0.329902996585
22704,-0.1887016904499994
77407,0.10489137009999894
19038,-0.4064538693550004
53867,0.3547794382549987
271639,-0.3572852584099997
327747,0.3601082298699989
210529,-0.48440818532999996
18817,-0.42639662868500317
114565,-0.25629825572500087
69716,-0.25634789996000507
20775,0.2916130450900001
229663,-0.10086701245000462
18176,-0.10086701245000462
16948,0.3689008473399986
13681,-0.11212428954999432
215772,-0.2944804691149985
17168,-0.11816903910999521
13590,0.24177371032500083
68644,-0.16232157376500034
14272,0.12642458589999706
319455,-0.25803754586500105
58810,0.1303770520999965
75104,0.21065273508000004
14017,0.1555878692299988
17966,-0.25988655881000167
18426,0.42838001107499846
77578,-0.23014445282499985
223754,0.11298241014999455
101488,0.3789854903100003
71409,-0.41505038545500117
217302,-0.3785011609800004
60504,-0.15561617367000125
17685,-0.13682712809999664
20447,-0.35390061018000063
65098,-0.288868074935003
225392,0.2070555066949975
207596,-0.31530833211999854
225326,-0.1606085038599998
17120,-0.15669972127500031
73916,-0.1789778203050023
212514,-0.13064591193999675
77521,-0.3607664596500024
16543,0.14381567095499737
104885,-0.26410811127499745
74772,-0.1451128161499966
71481,0.33410924730500025
54526,-0.5711005167999996
217154,0.2856784857299992
18534,0.34213109100999795
14767,-0.24423861520000179
269623,-0.19561806258500436
11765,0.13301523819500005
78016,0.2930379226150004
80915,-0.23150788605000017
546071,-0.2769166048250016
14370,0.2577942220000011
13077,0.4028194358199988
73230,0.2774735760950011
21885,0.2153721104899997
245684,-0.4553618892150011
19893,-0.2574779813600019
56050,-0.20102303363499985
73683,-0.1433993861600058
21841,-0.3472178735200018
17967,0.24202931445499987
234094,0.24105070918000226
13384,-0.2126034824450036
17122,-0.1372009977100035
16179,0.10982997365999658
381813,-0.3201909905549991
18588,0.15247100574500205
242126,-0.3636149560350015
19707,0.1918252245700005
208613,0.2503153111949974
319713,-0.23326108183999938
19387,-0.14140285016500087
103711,-0.20689434429999665
15112,0.32460193521000313
68184,-0.20893533004999565
21366,0.1216736942349943
56309,-0.35769867794499977
18521,0.08968538575000551
21375,0.5767623258799999
330096,-0.2972672806299994
14960,-0.15270242550000113
19267,0.4854906985599996
240697,-0.2821995805550026
20418,-0.2882034470150008
16165,0.34940831777000136
228071,-0.3909009381399997
54194,-0.1350609301650021
12493,0.15649076384998573
13856,0.3753998194749997
208583,-0.20907440157999835
230801,-0.11855045685499732
12022,-0.24446146743000075
217219,0.3761004870350009
24070,-0.12209376763499513
14916,0.3222402383149996
52808,0.15204811581999778
116748,0.12006542908000029
74330,-0.2931366258000061
14544,0.13337706429999585
26428,0.12636234551499914
18845,0.3213075165849988
54667,-0.4322474279650015
252837,-0.45569815567000127
217335,-0.3047576799599989
83431,0.1343726217899981
246049,0.2898979168099993
319734,-0.2727904612400014
353346,-0.34485216318000234
56469,0.21794568618499177
11925,0.42193093824000005
54132,0.12848460509999882
22025,-0.1986324467150018
19824,-0.29406648390000534
170750,-0.11225338194999956
12500,-0.12425288285000491
13990,0.3056687338750015
70472,-0.32405893025999966
236781,-0.7164593610600019
19882,-0.11682057170999904
171463,0.24473519314999947
16404,-0.3371767449500007
14811,-0.2752976201399999
227801,-0.321856433075002
11490,0.11542772964999948
69232,-0.10748019084000404
64050,-0.3672972272849986
213068,0.38329762019499913
108014,-0.13314861254500343
14939,0.2944174346500006
269615,-0.31510082390500394
66400,0.1293728027999972
107338,-0.2612424238750002
56485,-0.36019383748999845
319415,-0.5092615453600002
546726,0.34601596155000003
77805,0.19535858937500095
71405,-0.30083148529999937
71474,-0.2219529714699986
108687,-0.25008036641999976
13712,0.3519052751799987
76137,0.20615705247999916
12450,-0.14209789853000032
56072,0.3941436065749997
78245,-0.3362092393000018
16322,-0.2688099023799979
57436,0.1043830559500023
74760,-0.39281359140999506
319352,-0.19690560310000205
216835,-0.2192359923049998
216974,0.2989019670000008
53332,-0.10767949194000082
16506,-0.14554640803500263
57370,0.12077434967999601
13521,-0.2616496388800025
94041,0.40128188550999955
171281,-0.3417074274150007
245683,-0.2995535045600004
29866,0.3452163134950017
15211,0.0950950458499964
16332,-0.1595320434850045
408198,0.29052924549000014
70873,-0.33290121353000135
14164,-0.2823022100700001
237615,-0.18729240830499982
16188,-0.1237828462000028
69071,0.27182747281000097
232790,0.219700260315002
245671,0.29270981131000084
57745,-0.27126225489000433
14958,0.3596507485699991
77721,-0.2534439249000009
11852,0.318191621215
11434,0.27487696268999784
319991,0.4619667907749978
252868,-0.3723247501350011
14123,0.2636773738399967
27015,-0.2203189285149998
230726,0.3266098567949989
228942,-0.46247253927999976
81877,-0.5103950190449993
15405,0.3208865474299989
108030,-0.2558607770550019
18247,-0.0992513874000096
21767,-0.13180496306000045
100040608,-0.31564516948000065
74570,-0.3006932880500006
268749,-0.13351674424999693
99899,-0.34514108831500057
21942,-0.2149473370050039
19417,-0.21104645951499856
194744,0.22858168139500057
319197,0.18562149936999983
74237,-0.3285937014499982
231724,-0.24406127484999995
56532,-0.14508051244499853
75710,-0.13283662547999953
17354,-0.17668693345000008
100637,-0.26233103968000027
319613,0.2625329252499986
74781,-0.15433712868500393
56176,-0.14372325025500388
497097,0.2938517843149979
403178,-0.14999588018500098
26406,0.10171122340999972
80748,0.11035865619999541
70408,-0.31632592097499934
21745,0.2064017015149915
66599,-0.10488013750000036
13051,-0.21098411465999867
244484,0.21067303753499989
69878,-0.11253968100500522
59036,0.15737109958999884
52174,-0.11533897520000025
71667,0.12585898703499687
50875,0.16449797481999795
12467,-0.32813607621500207
13009,0.31779248063000143
18005,0.2500709207599989
24066,-0.4319883455349989
17173,0.4186644567450024
67182,0.14834969119999464
20343,0.15319016695000265
68028,-0.16675470779999735
11705,0.4128602397049992
56637,0.14524045720999368
207352,-0.14356828036500424
234857,0.20765717691500152
19714,-0.1594582831650051
94067,0.11624412700000519
74094,-0.25537616739499835
76025,-0.28640536058000077
19933,0.39419967132500133
235130,-0.20969559401499893
217371,-0.2642257626500002
434784,-0.40395940645499984
12721,0.15866566700000106
70456,-0.19466712570000766
71967,0.2331458184699997
57295,0.23399665465500163
192176,0.20136985729999424
66489,0.08270970789999055
29820,0.39193857028000245
194388,-0.18222178394500066
75019,-0.2966210511999998
627626,0.1804990089549996
595136,0.1030881530000034
18536,0.2731499567549953
67573,0.3165641005549995
15410,0.35362939511999913
17865,0.19578388149000148
52430,-0.2588728285750008
654498,-0.29207048327500207
107723,0.11676929419999738
12425,-0.3309811430950016
17972,0.12886315029999906
13730,0.23201243042999753
17751,0.23754658818000252
93761,-0.2569812608199986
74129,-0.3230261490150004
230405,-0.2709108579349988
268857,0.15585821826000235
22021,-0.4435986723300003
67492,-0.21496277537999653
93687,-0.10784416815000064
12183,-0.13498330850000428
27973,-0.09933881490000473
216001,0.08706392179998801
76500,-0.19045197598500074
59289,-0.2507653568250001
246738,-0.34456789131000143
68995,0.11462691639499667
67717,0.2807777959749993
22349,0.2729235911599974
102058,-0.23556182343000032
11484,0.4989340422099988
241489,0.2222709210999998
52563,-0.3779686980800001
30951,0.2974571110149986
11430,-0.0920617141850002
76453,-0.39835583387499884
54447,-0.2759348666299988
239556,0.2289775030900003
12449,-0.243366331855003
68944,0.13699075732999866
217031,-0.2712083880250038
22691,-0.30785130999999843
72042,0.1803751073999944
228361,-0.14177228966500088
381038,-0.1912668411100018
242838,0.29623036957499993
240263,0.23076082867500336
319767,-0.31357012128500283
14130,0.22612111704999904
193736,-0.24119147201499747
22757,-0.11783404675500364
109136,-0.15615870512000285
319636,0.19070187320499699
18390,-0.14243307030000452
76551,-0.3524743479300012
20359,0.25982758455
93671,0.3788932005099981
216565,-0.23121898362500026
170484,0.33911844875499764
26570,-0.3800547206950009
20524,-0.1142392891899977
623279,-0.5585351867150017
69723,-0.12429244017499741
89867,0.24818156720999696
107585,0.4146940199499989
14008,0.2709027545300011
18567,-0.12973970829999537
53323,-0.12568276630000597
22697,-0.14186194455000134
12729,-0.13314229329000327
381022,-0.21089925189500036
212127,-0.2924030146049983
15135,-0.24541200869499935
382066,-0.24677965648000288
69181,-0.28179581688499944
11632,-0.12337971440001105
76484,0.30833724715500255
20897,0.2790439421700004
18141,-0.1045155084600049
231430,-0.42420497824000414
215274,0.3675717600600006
69692,0.10695186401000178
18671,0.24393132292499775
12035,-0.22737475995499912
14463,0.25521672212000013
52685,-0.1941492909950071
381113,0.27760459204999943
217116,0.24349131511
216871,-0.19289420107000055
16661,-0.2849099171850016
319909,-0.49843403173000045
217734,0.38276434660000014
56372,-0.10238469418000307
217379,-0.20199601702999548
19711,0.21556697794500046
20648,-0.15274948580000114
66191,0.0897693681499998
94176,0.18854631149000056
20503,-0.5030482335900013
13019,-0.20848386562000387
53605,-0.0863269932600037
76965,0.26697178032999824
72982,0.3419134120949985
66102,-0.21331538887000168
77987,-0.1561409052100018
74277,-0.1537448022800021
65246,-0.31354773147999637
214742,0.198450454749997
15275,0.1407715867499988
140703,-0.23894645693500216
224045,0.15408450851999866
74463,0.23883392951999838
435811,-0.16726250964499867
55944,-0.1130307211500039
75302,-0.20828642191000135
385658,-0.13028759118999744
12868,0.08751217979999915
75570,0.10808521475000177
74008,0.22611710040000244
74438,-0.3268916740200032
27056,0.15374000712000502
94218,-0.11026191050000911
320664,0.26854323246499945
67446,-0.2729131554350035
72074,-0.2565111988500015
211187,-0.36783538857500364
26413,0.1003853723999999
19374,-0.6915470120400018
215854,0.2177911054549968
78752,0.37222297260499637
246177,-0.14238160619999896
70031,0.2705865415199966
17760,0.22338328689999898
237353,-0.24013452287000048
71670,0.2660095324900009
229542,-0.2872441326150037
98238,-0.1846620125400058
56847,0.18273794728999881
20840,0.273282884114999
209318,-0.11637633720000373
18676,-0.24745471170000322
103724,-0.18557027900500067
12461,-0.1256023700500073
13030,-0.18244453310000885
19303,0.35205782212999637
224824,-0.11363190262500211
13836,-0.29336435432500174
239337,-0.3398414145799995
13840,0.3180928761049997
170813,0.2283000604549974
14309,-0.23026103611000082
19376,-0.41350503151000106
52637,-0.11553553907000058
16675,-0.5538224769250029
56640,-0.18489881531500085
66983,-0.2399382152100049
233863,-0.20965354138500114
76467,0.33811580076499936
100504183,0.24541432304000077
194908,0.29436301806999765
13193,-0.3809449981750008
77044,0.22753716885500186
16173,-0.2406478533299996
19356,-0.21337811557999764
22156,-0.23319613969999953
17245,-0.31032691955000136
14829,-0.4662871434300011
209357,-0.35945450738500195
83410,0.0914005015499999
213262,0.510654536769998
106407,-0.28041112899500176
98388,-0.14431219459999944
227933,0.3134368235949996
209212,-0.1816596582450014
245596,0.2956941312900012
224907,-0.15655785146001122
14366,-0.2828016156550017
330962,0.23927187048999832
209239,0.2964904911149997
19152,-0.2614675899300023
22138,0.371225400910002
21335,-0.21336651573999887
231655,0.14106499470000067
12015,0.11456072765999359
209590,-0.3317573532700018
56057,0.3529259486549998
12481,-0.12895870729999537
214137,0.31688893093500026
20932,-0.09717572425000043
15116,-0.36205215473000063
216825,-0.27553348560000046
81905,0.26693618861499857
72634,0.3849884211800001
19358,-0.3259328242450046
66326,0.271630526550001
211064,0.2125301082050024
18791,0.41879278989000035
227638,0.8558217252850007
227683,0.2583130512049987
56379,-0.39295295792000307
73124,-0.26385707828499605
72479,-0.14122484336500385
17995,-0.1019598231000014
69961,-0.10034581245000496
54383,-0.10401161410000448
52076,0.32213103382499897
75686,-0.2286106626149973
76132,0.26222941440000014
78893,0.19686830373999342
56226,0.3626378017199974
69306,-0.21647734218000014
72961,-0.33741076587500274
22591,0.2025371409549983
235599,0.24542315582999885
64136,0.38340625233499726
268482,-0.23031733194500115
214579,0.2791716296249991
227697,-0.13640982979000071
320078,-0.23542525931999903
22758,-0.2197408150500033
21835,-0.24856284035500043
140481,-0.13729087238000215
67706,0.10925315671499725
67089,-0.2031563220849968
18704,0.2028712217949975
319939,-0.17998675044000034
75914,-0.20933329799999978
320981,-0.3173325067499997
67678,0.13368298374500043
626359,0.17195487954500077
192212,0.2811421808649994
68044,-0.338406895024999
80718,0.13979083629999778
214855,-0.09587234804999945
66175,0.2156111722100027
12927,-0.2462820071799996
83397,-0.22224938463500443
80911,-0.29262358844999525
67675,0.09498119709999564
72749,-0.13690794242499926
69642,0.2676521548850008
57355,-0.08318634689999982
12962,0.24247954468000277
320299,-0.4138015372300021
228357,0.37725530399500107
68251,-0.09217806965000186
74218,0.2371871474550007
320713,-0.3424549589950008
100037258,-0.23176058265000243
216154,-0.07562128670000234
666173,-0.24016117761000277
13617,0.33616628146999705
74157,-0.09734198364999891
67474,0.11659453767000016
14339,-0.24628112208500053
228012,0.08298912958999871
269823,0.30872426805500464
14051,-0.2987072897549998
18641,-0.3517065687400036
218973,-0.1968747468249985
72112,0.32155979758499953
21689,0.25584945413000115
72082,-0.40805005349500245
17192,0.08348055399999943
14652,0.2894510258000009
12857,0.09887369650000011
71954,-0.21209818188000007
98910,-0.3034869554350008
13394,0.29393910218500086
66124,0.2428602281049983
21785,-0.22684921306500128
67500,0.2832592600499986
17248,0.16907132003999692
170734,-0.28694847049000005
675812,0.23976499008499896
15366,-0.15114536190499983
235469,-0.15953587115999923
18102,-0.12001810555000603
50791,-0.18441422406999752
171395,-0.3477814676500022
243813,-0.14719409247499726
433759,-0.12171915729999938
68839,-0.11588885483499922
56371,-0.22070970440000082
69672,-0.18416920267500814
12010,0.12339850939999764
27081,-0.2559274528500026
338417,0.23267701264999818
52504,-0.20089157760000198
71753,0.3401835708199994
68614,-0.1316998979800008
211586,-0.1855150863999988
21380,-0.20155241759500164
224111,-0.23476583216999725
70155,0.16774094645000126
73456,-0.18310710211500325
94185,-0.3082245585300001
59090,0.11897875594999796
66269,0.4173796253349975
81006,0.24844600614999912
68509,0.3233310218399996
72685,-0.42728221781500064
386454,0.3463285710199999
22598,0.2837087239500016
67332,-0.08600702885000189
396184,-0.3101247252299997
68267,-0.2045742048100001
104771,-0.08588722495000845
101772,-0.33315639279500076
76571,-0.382233730790003
268935,-0.22932734443000324
11881,-0.40994474405500103
72722,-0.10993391848499989
20639,-0.1180265255499986
230737,-0.3926115240149999
13492,-0.19453032249999946
241688,0.3234612925049998
15437,-0.3304855318550022
12020,0.37911590765000014
21408,-0.3166702169500013
240916,-0.45410030802500057
73467,0.2043904344799996
268297,-0.15800716508000612
19651,-0.1845302173500043
72236,-0.43429736010500086
71991,-0.2762150126500016
77264,0.327586722735
18781,-0.22602005209500087
56456,-0.11085180322000276
216156,-0.13575287147000203
67897,-0.14536120500499727
30050,-0.28088421626999427
70640,0.3660254092900006
71751,-0.2139006658450029
69865,0.34648619716999907
11907,-0.17037597181499908
100113398,-0.2365356764899973
14815,0.11777965025000015
102098,0.12107326249500083
380728,-0.1833631200350041
210417,0.39619380523000025
66388,0.24546190229500198
13490,-0.23067648550500142
12556,-0.2527411163999993
12671,0.31841456772000054
58861,0.323758472665002
108086,-0.11516927865499937
229363,-0.26533974335499977
78697,0.1897797271399959
329941,0.3955924568200002
276919,-0.39754999608000663
270160,0.2342812187949992
21339,-0.25264735534500016
74334,-0.2137259465499941
76156,-0.2422248578049997
11838,-0.3174294475949999
12843,-0.4612922721199988
239618,0.22944896989499775
59042,0.09334653271000093
12576,-0.08986389479999701
433813,0.33077390108999793
219148,0.18108449832500106
545276,0.4284404690900012
269198,-0.24025330574000048
56696,-0.10470479339999983
14758,0.18538556984499888
20405,0.11158549110499827
236285,0.23359523642500069
68299,0.2725342748049999
20533,-0.21503243700000318
93760,-0.18571891440499755
110310,-0.23952100614999994
14154,-0.09353022335000638
224585,-0.20751805865499584
21411,-0.1295513686350045
108058,0.14701827279499824
27096,-0.11863704869500502
75901,-0.2323588042900031
15461,-0.14315717618999813
97820,-0.1306392500000051
102462,-0.12358965310000336
76411,-0.3079917484550023
414084,-0.29479602975499963
103406,-0.46306765674999806
241159,0.1935455109699995
11447,0.22753325531000002
93960,-0.3280086790850003
192174,0.2433709228900014
20523,-0.10428806974000082
80890,-0.3589948284499984
68753,0.29237771416999925
14598,-0.3362856827949994
20269,0.20673889339999985
11569,0.14658003774499662
243616,-0.2330934233500006
68970,-0.21589798170000307
246104,-0.21015834192000105
68015,-0.24887219842499952
67370,0.2621149601699999
100683,-0.2303387427050021
225467,0.2899506461100021
67345,-0.10431629449999846
74451,-0.0751586715000041
70925,0.29963957310999767
15229,0.4216404847449988
230863,0.1873090283100005
66336,0.28463420276499907
277414,0.13741744774999454
13047,-0.1628603913500033
213452,-0.17993218552500068
69241,-0.20593382710000085
211666,-0.11859901145000684
12287,-0.3366876878599996
16855,-0.12999205165499905
83382,-0.10809635464999978
103236,-0.09680062444999749
240899,0.2749950464650004
75617,-0.3011181096749995
320635,-0.2340860597549983
59093,-0.38264436257499934
56214,-0.12435445515000332
11555,0.17569560860500122
14783,-0.2512934242549987
69993,0.33142922986999945
70843,-0.26934750615000036
11605,-0.1573541190000043
12555,0.23040949325500115
17217,-0.12048374925999816
19694,-0.27273408799500043
193452,-0.29466597543000095
66262,-0.28560154357500345
74309,-0.21650693991499814
77889,-0.11712002019499579
16399,-0.15477035880000223
268656,-0.3907452301950043
140629,0.21112198930499737
104759,-0.12062260391500068
66498,-0.10902587321999846
80290,-0.1495430862150009
621628,-0.21973143240499926
15394,0.37084615997499926
50996,-0.1715612399450004
218877,0.17793989353499917
237891,-0.2837491466100013
67059,0.10620540206500273
22671,-0.3015501530650013
67504,-0.3547502125900004
26373,-0.3263659399750001
76701,0.2513128876049988
214663,0.2654250824350024
77110,-0.08969306533000498
218624,0.22651306563000162
21821,-0.29244679142999974
93881,0.2586223628049993
64292,-0.08190676835000055
633285,-0.350429123855001
192192,0.12847959094999162
11441,-0.3282647296199981
20846,-0.2886574584250008
353344,-0.22902426204500115
70561,-0.18323237625999944
66875,-0.23029984441499707
244486,-0.30862034467000043
22661,-0.1020362179899994
269954,0.17639851814999652
329470,-0.2372990604549976
66816,0.3299101416999992
319200,-0.17015301163500052
16163,-0.22359338752000069
68510,-0.13034976117999975
269181,0.19142106924999958
243300,-0.28415048665999976
22038,0.26808140598000385
59029,-0.20318504833999995
18002,0.09694677274999819
72927,0.2789561582200015
29859,-0.37648187475000405
66905,-0.11906078550000387
140904,-0.20771222550001234
18760,-0.32293591606999916
380993,0.25734432180999534
13016,-0.10388735969999985
83493,-0.11591082275500053
16834,0.09136904359998965
209003,-0.11888704199999811
19272,0.32209922728499985
68152,-0.16693556124500297
69401,-0.2771648239700002
75805,-0.19459044051000074
12775,-0.15283251429999645
66659,-0.10583952599500179
18439,0.26198643687500045
75956,-0.22001250139500073
110157,0.13541842889999067
229214,-0.19611878046999953
97064,-0.30260105467500065
328401,0.2630683719449993
101809,-0.2849435522350001
57439,-0.17278548656000048
14470,0.12775435109999478
105439,-0.32809797045
12310,0.33022346023000004
52906,0.09868230798999988
20340,-0.17427922479999935
18973,0.2935622596500016
71685,0.263568971525002
319476,-0.18561786461499885
15958,0.16845921715499923
108112,0.19555144316999673
51938,-0.4739478144100011
328801,-0.09534506265500475
17846,-0.1499609193099971
232413,0.19407054866499873
66878,-0.1511605223000121
18489,-0.25961910816500033
78052,0.30645292913999844
20148,-0.10133966984999532
68992,-0.25544006305
113868,-0.09856699274999947
53379,-0.10385328345000211
66172,-0.10143991598500257
19092,0.23679387003000008
319880,0.14917028883000416
57435,0.25043237285499753
20292,0.1891945094299996
230959,-0.28526545359500144
228598,0.37947223796999996
50907,0.11224878829999874
66854,-0.12411027600000679
94280,-0.09997792215000878
75669,-0.18598110423000058
71817,-0.08678240070000776
71340,0.20047191090999483
12894,-0.16409010301000215
16777,0.3921612619349988
57778,0.40840905633999913
106794,-0.09668496209000388
74370,0.11840009671000118
17246,-0.10397757140000685
76563,-0.29786133516999946
18545,0.20056110333499788
56189,-0.19907893226999995
240427,-0.3175764454650025
67537,-0.2816120402450011
22317,-0.14582083078000174
403175,0.28988944387999993
50528,-0.24336155310500063
242341,-0.21464315564500014
22355,-0.23623636811499837
18504,0.2602486853599988
381318,0.24226686319999757
67980,-0.14814485540499867
237336,-0.09990537850999992
77318,0.25078160495999935
12466,-0.2906872856899989
28036,-0.18145202306500074
74337,0.2560368035100016
72230,-0.32637466718999963
52132,0.19690800933500086
57748,-0.21942837234000034
108089,0.171135490659994
74187,-0.1637428030999981
75939,-0.22456907487999977
105653,-0.2662451672950006
83674,0.3494723319849986
381259,-0.31624319691000213
14772,-0.25726809083000113
56437,0.2775895036150038
269397,0.2097989812349974
232984,-0.20915558010000623
11975,0.12283282706999898
16401,0.13230639404999955
546144,-0.26005881787500007
72404,-0.28452679877500575
66825,0.3328547189049993
545474,-0.14908892564000453
24086,-0.2867105626849984
217653,0.31222406831999994
382793,-0.3807546667400006
214779,0.26228173835499913
212772,-0.11039808072000135
67707,0.10437710829999425
13497,-0.17550743752499898
329795,-0.2272729839849994
72900,0.09001671004999423
67046,0.358718292404999
73713,-0.30870398141999944
100009600,-0.13565525185000205
23992,0.2583768428749966
22385,-0.22668432658500137
12142,-0.2456669097900006
18741,-0.2564612969199995
242506,-0.3227723802150013
104027,-0.24491891492000217
263803,-0.36108154048000074
66493,0.10817378169999792
192897,0.2056646225449983
217342,-0.1482252063999958
228094,-0.2981202724650016
80280,-0.11011767314499998
11749,0.1436782639999965
75533,-0.2581806676150018
71609,-0.09375715510000227
26971,0.21573156942999905
232164,-0.27884030419500405
12704,0.32325779476499594
16969,-0.15140113430500257
65116,0.10580349250499843
72039,-0.245983656915004
23923,-0.3290683954100011
238384,0.20181180476999971
228812,-0.2459894536199947
24102,-0.35380333584500123
56068,0.17507858821499944
11977,0.16207577724999744
27027,-0.10443170070000463
103425,-0.10343801405000086
381801,0.29967327363499674
13038,-0.3635449091350029
16502,-0.296784627490001
12290,-0.20368006617499956
78825,-0.22792459271999999
58239,-0.13978637604999378
17925,0.11242810419999216
381798,0.24044485662999815
15371,0.4703255443750014
12482,0.12421494640000041
22431,0.14478503134999787
16164,0.224570647450002
241327,0.3633440208500005
72565,-0.7210843206900002
319945,-0.1683980708000039
72434,-0.21940319268499975
17957,-0.31905247001500303
272589,-0.1742310269499967
70884,0.3523255653550006
114606,-0.2511326759000001
69718,0.3802710562749976
208908,-0.21064176017000147
19249,-0.30466636144499937
70701,0.2823148886299993
69597,-0.124218141670001
74340,0.12655748140499767
319448,-0.2296822921399997
15278,-0.13907014182999689
668501,-0.11313983128999805
66257,-0.23090889112000124
28040,-0.13677504568499543
319625,-0.22906579078500222
15417,0.27700408470999927
71946,-0.2390610099400039
77579,0.3891380224499983
78232,0.12281821570999973
240239,-0.27788595860500065
207920,0.22716763745999557
60611,0.29567022320999836
68737,-0.1935734924599961
22190,-0.15307450199999906
230757,0.38750650301
67111,-0.1642193265900005
74419,0.417544045200001
17749,-0.11709657185000033
212168,0.2526966567150044
58185,-0.16241133600000346
93732,0.3047362352200005
22152,0.39763744621000097
14616,0.19853944602499762
69564,-0.22597086175000092
224619,-0.1099278288000054
69920,-0.09348289590000114
240057,0.24314773254999889
20271,0.3127667904350009
70616,-0.1345160357100017
233204,-0.16152960624000023
240215,-0.17100789800500138
277898,-0.20071437262000158
192662,0.11123294099999725
94043,-0.25621158508000264
105348,0.10152446087499634
18518,-0.17156861901500164
12288,-0.26685230371999946
78806,0.23683417904000015
22750,-0.22960510177499982
100177,-0.2660748446700012
67470,-0.2558480082299983
78255,-0.10618093865000233
232970,0.14700227798999776
68565,0.10726615542999518
105440,-0.11033958563000112
18736,-0.19138858675500092
12124,0.20678594532500183
20605,0.18555380198499938
18619,0.3069696086749998
241850,0.2988249332799988
212706,-0.13099611374499887
80904,0.2609339755349982
497106,0.22009280864999958
17305,-0.10812901564999677
69190,0.2730978423599977
72852,-0.2578570926449997
72823,-0.18447173478499845
243937,0.3637834381950018
228608,-0.12293416730000573
50758,0.19139413842500197
67976,-0.15496353329999657
21414,-0.11623027075000358
74766,-0.2723585801699979
15201,-0.37433939053499987
16649,-0.08930435997499941
93721,-0.2004269889500021
75823,0.5114002934999995
15369,0.10094549940499675
67306,0.3173088418500001
20687,-0.3360647003850028
252864,0.2496393561349981
239250,0.24913548020999787
67785,-0.28930145531000306
226075,0.24544760960499667
27419,-0.19747392088999938
116810,0.38891218898499824
14254,-0.27244248092000145
60507,0.30358682808000026
14693,0.11633282349999696
432516,-0.26020044569000245
171508,0.2103631219699995
67556,-0.16007666862499814
52187,0.2912863000049999
108682,0.16823974896499871
12043,-0.09212362572999666
57444,0.08415210240000448
231637,-0.22092568260000167
52710,0.18403963678500368
77864,0.2913461537699984
269593,-0.3125831645450017
11798,0.13593107657499814
213464,0.1453857156649958
21843,-0.08146452179999919
72357,-0.10469236801499804
73833,-0.11823833729000377
109108,0.2006864307699976
11481,0.1686535739250008
12686,0.2879416788849998
219135,0.1180345874400004
11923,-0.39069346882000033
66696,0.24512716036500004
74205,-0.24524445907000025
216516,0.2989575278849994
237422,-0.1549677792400006
56194,0.18698035676999947
93876,0.2935218335750007
19253,0.10236883779999673
64706,-0.3140806205650013
74338,-0.26370793340499965
67138,-0.20988842854000023
71241,-0.17154245647499922
26936,0.11780351678499379
20671,-0.2774528532300016
109222,-0.3514986117499981
29857,0.21352641125999838
383491,-0.24126326779999907
107526,0.11517357429999997
18795,0.27094264233499743
209200,-0.15600457983499538
217069,0.10360383419999586
234199,-0.24592157813500037
22628,0.22797562141500372
19719,-0.10813492035000216
118453,0.25564022773999895
54324,0.2337871235349973
242642,-0.2295398293600015
100226,-0.26266242445999666
330820,-0.31333277338999954
68375,-0.08949794009000023
56087,-0.2851252128399997
14426,0.2798072782500016
240087,-0.10759271274000426
27410,-0.09180173879000009
268301,0.25239245990000114
71971,-0.25873424584499904
76781,-0.28846076152000055
14658,-0.3750431815849993
360013,-0.2598264841549991
16663,0.20035265741999808
102774,-0.2733717199050023
50850,-0.08549347219000225
233724,-0.18133014513499734
67128,0.22896381949499656
219144,0.2604800883099978
218613,0.13771576902499927
26385,0.11723788244999511
19286,-0.13107447167999986
332131,-0.23928266981499657
237759,-0.25040871307499835
83435,-0.21700294347500737
224705,-0.1082961976000032
105837,-0.25739987696999833
66230,-0.10871628440500203
67184,0.08150586549999694
76022,-0.38467369415000263
69663,0.34626329548499957
266620,0.20259543703499983
22700,0.23965786003999945
18767,0.29063282353999886
56462,-0.09244663554999732
71889,-0.15286059945000297
252973,-0.45022143691999617
16391,-0.1163973382499961
30877,-0.14974017000000206
237010,-0.16309856125
13599,-0.2681171509250029
74626,-0.1818977215400004
56018,0.26651744181500003
30785,-0.1465034601750017
66506,-0.1507050760750026
11991,-0.13690348004500486
69299,0.2596100145500011
16498,-0.29472038195500083
72446,0.11274349922499383
74136,-0.1811936354950019
68728,0.3155329718999953
78781,0.08343255394998828
58887,0.22699643722999951
238988,0.1349946736100005
68607,-0.2673598141699962
69602,-0.2710652208700006
20255,0.3510896408600015
70918,-0.36038825900000093
269955,-0.2985175215250031
20526,-0.3676087760350013
68205,-0.10904333460000437
12298,-0.2718735635400007
224023,0.15944306777999984
224344,-0.11913252185499879
171211,-0.28843548145999875
27399,0.08619819840000353
12918,-0.266340556854999
80283,0.07635902739999523
217410,-0.3597521630100058
65961,-0.10245106759999878
78754,0.1791294981250009
73699,-0.19532443656999643
66196,-0.24881398053000048
224814,-0.15170500206500126
433938,-0.4006274139350019
333654,-0.23879690367000173
240726,-0.18214115596500147
20917,-0.2934964673299998
14853,0.2635797943249987
434341,-0.13788642822499497
320655,-0.27952166575500037
140570,-0.15086407126999823
16159,-0.3953448035649987
12608,0.16853247096000068
229228,-0.13790484650500012
140579,-0.23550798545500218
52064,-0.16854711927000032
224116,0.14688369736999363
100040591,-0.2533933717500023
241062,-0.2741967699150001
74352,-0.15446147857999915
12386,-0.2585687761300006
26754,0.08206722724999693
94315,0.14332652015500003
80285,-0.12359387203000693
231070,0.26474479249999927
18571,-0.11545528727000409
246710,-0.18046525317500262
12042,-0.12171387651000387
68925,-0.19225961243499512
74068,-0.32894750382000293
238266,-0.2953655499500001
16911,0.09021020059999074
208691,0.15484247511999882
22379,-0.2809918199999979
14812,0.2627225034699965
16592,0.11459607518999881
77522,0.17525724665999975
385674,-0.23831698297499848
58246,-0.2591272996050016
72058,-0.2473870047749962
68567,0.3683897757450003
171567,-0.24086888633499992
12774,-0.3459310977200021
13445,-0.1086395370000055
19281,-0.25741909177500144
103466,-0.3576863219950024
404545,-0.20420437979000106
217166,-0.1969942933800004
78286,0.24765152554499448
101113,-0.293154009360002
54126,-0.10353814176999698
67728,0.1254917427500004
67158,-0.26357475715500023
74748,-0.20597494361000557
108837,-0.11504212562000049
329064,0.24530500183999848
72701,0.34807133181999905
14104,0.22126141586499948
14245,-0.19027189572000314
66691,-0.14400845347000057
67099,-0.22776148650000394
225870,-0.15841191937500287
30928,0.1712531828000028
72429,0.28284892809999906
18488,0.2563233743750004
232232,-0.20728921833500058
241525,-0.3231546067700011
74243,0.16407956828499515
18013,-0.2455902450100016
17886,0.14849970665000178
234130,-0.26139489972500307
107986,-0.1614878249750049
75097,0.21447252915499782
67393,-0.16468023150000555
53598,-0.07769942400000573
70097,-0.2567555426999997
13144,-0.22631341215500278
66109,0.08477776859999864
71326,0.09358708959999085
50935,-0.11423031141500317
18611,-0.11363991540000029
12767,-0.17231940373000398
67763,-0.1019544961500074
109294,-0.6009660439300006
214301,0.31165749417499944
26891,-0.1022655837450035
104245,0.16418137554000012
71827,0.22308260632999977
14025,-0.14245872222000244
66689,0.1244904105499991
69113,-0.15193371116499854
67465,-0.15372448784500392
11429,-0.09651734746999807
635169,-0.21853459451999901
66904,0.30256690977500256
226519,0.20537266504000407
208994,-0.4242409712150006
240756,-0.08790574765500203
58170,0.19626655484500066
228850,0.1296997542349967
56695,-0.12028555778000438
68966,-0.10374725740000734
14432,-0.24573190705999925
108123,-0.2041543955900007
12861,0.075332476899987455
17183,-0.27091868314000234
16396,0.10801084165999875
16172,-0.33716367395500235
14319,0.06413137039998773
56791,0.08349930259999283
23845,0.27151451498499934
433667,0.3445787188249998
227612,-0.11063749991000194
11790,-0.2575950578099988
71198,-0.2680082805900019
19164,-0.10376843905000221
21940,0.1443065031249997
74351,-0.25800668609000166
214531,-0.3432191437250003
22222,-0.19337868165500005
72759,0.1675869036799984
78796,0.2651137316049983
192185,0.09549523979999464
64685,-0.10366526924999775
320027,-0.22631388906499916
11571,-0.23690240835500198
20465,0.12613304439000128
13360,-0.30484297422500095
330064,-0.28976797683000033
22123,-0.10881218115001268
50778,-0.3028814824649988
66603,-0.194313055354999
55961,-0.31211121198999914
76809,0.10683035044999656
80901,-0.12607320575000358
72504,0.17724394986999936
21407,-0.30758990724000057
19359,-0.258690818709999
170459,-0.18497517802000107
27273,-0.16969967309499978
14938,0.14086039739999912
70430,-0.21731411666999811
67459,0.24418869532000098
30930,-0.15249307370999965
56706,0.2081678919649983
54486,0.23346153057000096
68153,0.10161725566999635
233877,-0.22848556507500195
68875,-0.2760415849499971
71989,-0.19469355522500287
74914,-0.3862865096650001
18261,-0.289604095575001
215280,0.09394825470999812
378425,0.27462508646499906
215090,-0.2585056105700003
16541,0.10283900174999694
18985,0.12398674169998536
94215,0.24059263111999662
66899,-0.10438432366999884
67291,0.18103360351000308
239546,0.17041704911500055
16439,0.09702368320000154
56175,-0.2696201490050001
16536,0.2404672103049994
622434,0.15931921298499985
241556,-0.17821062375000007
11835,0.2879664787149956
73998,-0.4106315201800026
64658,0.08509948889000007
22284,-0.21576491925000063
70008,0.3317932409649975
16985,0.15269408149999641
68729,0.20067717228999626
68975,-0.24288840798500022
74164,-0.14228619708000068
17714,-0.16326289523500215
72831,-0.10185016900000754
77573,-0.21882645261999834
16521,0.17487088881999924
67935,0.2518628859549987
12193,0.10472328659999519
56504,-0.19515116481000305
14257,0.19855507310499831
73032,0.24092347062000075
252903,-0.09171488210500378
211739,-0.18967529048499898
11883,0.14319217546000118
68177,-0.1146624689200042
13885,0.09119765470000907
66557,0.3062591389449967
16545,0.16631584570999758
319984,-0.22488760436499922
66959,-0.22517037851999966
12741,-0.33400090061500176
217835,0.2006374908050006
14806,-0.21032372835000235
75430,0.16389861468000344
58244,-0.2890384633900016
240396,-0.15562383217499764
20909,0.09386141494999656
381085,-0.10976024047000088
104215,-0.09948020707499872
208117,-0.22260595947500228
320633,-0.29994596140500285
100515,0.2517646432449996
12766,-0.11276708938000013
18798,-0.22403795038500274
64340,-0.3260444741299997
665180,0.20846971909499867
210172,-0.24677188452999932
114874,-0.24433481459000106
15218,0.3092069051549986
50779,-0.19012708040000348
98193,-0.0675154383000045
110172,0.08228191311000188
67778,-0.10895486953999445
18631,-0.09512309105999961
235043,0.1650699266399993
67102,0.10791283696499931
71829,0.26839599624499977
14056,-0.2526834413750043
213527,-0.37494584709999934
238831,-0.1868461437300022
66161,-0.14302253303000256
54634,0.28151394793000106
27403,0.08287655259999482
320528,0.19326347542500066
24071,-0.10056305551500522
19713,-0.19365905984000076
56055,0.3126070679349997
22416,-0.21198108290500128
19045,0.12341542370000269
69833,-0.0875550771349971
18241,-0.25386931656999945
619310,-0.28855899624999815
667118,0.09142557009998953
70579,0.09142557009998953
235033,-0.17804372388500056
77914,0.36522616570000155
268291,0.26208489932000045
224617,0.28808417709499823
234663,-0.19463922246999932
68942,0.32897998128999895
22018,-0.3486432161899997
71709,-0.20990460766499908
244701,-0.25595685221000064
18223,-0.3860184438400016
14030,-0.09757521240000067
53612,-0.08804361840000041
80292,0.24818352911499986
192157,-0.13492759358499917
54369,-0.1025997969050021
75869,-0.10924167901500326
320472,-0.28505872699499957
20502,0.2938384126800013
215690,0.2866504212250014
12578,-0.20885369236000262
20935,-0.16274965890000637
224008,0.35639304727499965
56484,-0.20367756591500097
353502,0.08582751761499985
67674,-0.09978030170000096
21749,-0.1215295945200019
16601,-0.18483011592000054
23894,-0.2644372885749986
216781,-0.23004168161499727
18624,-0.15564562880000565
223691,-0.08651512579999832
50914,-0.15173261249500047
271842,-0.22466479172500042
12462,0.11764945630000234
20652,0.2686443983100002
18639,-0.22159634686000285
93672,0.1652950518499985
353242,-0.08527889541500677
11489,0.18129105899999942
57743,-0.19781579077500577
66143,-0.18013569874000268
12296,-0.2821633824000025
20198,0.09346779770000069
19729,-0.12617173569999984
14977,-0.09452891079999581
353170,0.16566078025500452
104086,-0.10946010939999962
210376,0.17063570557500451
66494,0.10121169289999798
100043861,0.22219213506999846
69187,0.09160556250999541
56044,-0.08127793165999542
66152,-0.082058499749997793
209224,0.15002739965499856
66505,-0.13625168964500212
55980,-0.2107754976399967
77590,0.13709525204999728
76826,0.28117175917499626
13842,0.2127468301900013
18159,-0.26673295555000065
102747,-0.13163291547000222
213053,0.24902914587999625
67732,-0.26227215819500316
14427,-0.4320103353300011
67187,-0.2593743610250012
80907,-0.09297249780499861
27278,-0.3001799951400024
53378,-0.11407809704999927
381280,-0.21589055011500236
11781,0.2859569731450007
14778,-0.3405329786100011
68311,0.1801866154900038
100340,0.3751308840750003
329324,0.2491727455599988
14695,0.18572230105499976
18479,0.2647773706850005
17005,0.2461184513199992
50883,-0.20657015172000026
83702,0.3371960013650015
73316,0.3437261283399988
101540,-0.1313051696550005
12958,0.2782476719749978
332175,-0.33813069277500496
76800,0.1740526583449995
21954,-0.2133805567150011
28015,-0.12678520394999815
114713,-0.18284196961499966
170625,0.12281360079999892
212712,-0.27290953741500124
11514,0.2597280108300004
170756,-0.35939882372999854
110391,-0.17512970247500093
226250,-0.18399316421499856
50723,-0.12900971594999966
671232,-0.21278292290500023
105859,-0.27185089655500105
14809,0.33630947241000175
66590,-0.13875932372499555
69398,-0.194951569165001
194219,-0.22726167539500253
381983,-0.19366849525000074
239099,-0.1526937994849975
56787,-0.3052115586149995
100972,-0.217392225140002
20612,0.1694931038800016
107733,-0.09458002218000061
12902,0.09932567389999392
78926,0.09819322504999306
227615,-0.09338896137000496
23837,0.10576647436999842
72345,-0.19240879664999966
66277,-0.35571868655999905
232146,0.22314000679999868
14086,0.24883678221499972
67300,0.06358987314999709
50702,0.23015401395
17936,0.08630368241000141
69710,0.1326989480500007
73225,-0.16186284170500542
140477,0.30329541021500095
19193,-0.18521862690000024
12847,-0.12690608019500083
16870,0.2011378159149988
26371,-0.1381812408900025
26441,-0.08416236546000277
231464,0.13346081369999752
107435,-0.2659888992499999
18793,0.12622963250999852
77975,0.07611433025000025
56426,-0.12260011460000442
210757,0.15313301460000073
17311,0.20601455918000067
18091,0.33163427870499795
67733,-0.15322989305999712
20638,-0.09209515520000267
239405,0.21611246126999895
66606,-0.1346010423749986
17719,0.14777105209999775
19289,-0.1292784226350001
104303,0.08109667893999983
19329,0.23735301256000163
20834,-0.24017479509499795
14084,0.13207299469499922
13000,0.12380315461499691
66105,-0.10482390550000176
330671,-0.13191203632500192
71990,-0.14244877574999926
237256,-0.19050437957999922
71584,-0.2425398821000062
72401,-0.2900790444300032
75415,-0.22666932258000205
75495,-0.2495956795500014
66725,0.11592781261999718
58227,-0.22761785544000013
320040,0.29787283484499794
224092,-0.09856645860000057
68693,0.13801286699000137
432779,0.1595323425799986
234258,0.22889011385499725
330662,0.38278091096500066
667772,-0.24751146113500067
26356,-0.07434118575000781
20473,-0.20464271283500057
270004,0.23457941580999808
232493,-0.27028585274999983
12040,-0.1906754096000025
98878,-0.1385951786250006
74053,0.25681791103500107
56726,-0.10451012837500073
22051,-0.12358929534000129
239839,0.20545578804500053
14961,0.16296615889998733
26875,-0.1316062381499954
67863,-0.0859031775499961
77739,-0.239291210235002
231630,-0.2548541510050013
12447,-0.28813689279000076
26940,-0.13650993046000615
22376,0.08527090369999968
76438,-0.14125737760000057
57782,-0.3043368672350022
80902,-0.2790078139650003
112407,0.24132656544000142
14794,0.13837222629999602
26894,0.08133360826999692
383766,0.23283555787999877
244179,0.18569711379499987
16009,-0.24415760928499974
68337,-0.16668604247000296
50932,0.13180655561000165
230654,-0.22948259635500268
66977,-0.3514709644800025
108067,-0.21110787641000073
12062,-0.22117912526000083
17713,0.06969073050000496
242662,-0.21835627462000318
103742,0.08370345509999133
76899,0.20298279842500122
70650,-0.30681533363500435
52712,-0.10478710314500361
194952,0.2338132173449976
382236,0.14011752042499914
66320,0.08219514140000506
75480,-0.06913063770000605
13356,-0.12192856334999469
99889,0.1564715038299962
68159,-0.25565413101999956
109889,-0.22049000293000187
227231,0.2167407668900001
69662,-0.10871639714999759
75695,-0.22419285016999968
56535,-0.3454849533849993
71768,0.11874339805000034
620779,-0.17099986334500183
216749,-0.15167273638999834
74006,-0.08868733121499872
77929,-0.2814589135500043
244144,-0.2299661360100016
215445,-0.16081582638500347
329504,-0.15563121841999905
234776,-0.1486533265550012
12371,0.09728482406999639
320011,-0.10773550115000141
14723,0.12092499675500079
53416,-0.32332235949999877
72674,-0.08554480290000832
20833,-0.11222611665000315
194597,-0.1646247883650016
12808,0.2606876439699999
29806,-0.08415335769999821
99377,-0.13730245050000267
19243,0.08997849112000544
238386,0.2278321823099989
75964,-0.2909274796500032
53618,0.14283562183999976
68764,0.2194127853900003
331461,0.3110499413850025
21871,-0.08911506739000252
22325,-0.24093344441999953
12353,-0.22244964698500036
237082,-0.18275466398499773
231642,-0.12877102986500333
56739,0.12531106954500082
654824,-0.14949908164500236
16151,-0.17107262317499927
381823,-0.28527507529999774
266645,-0.2333395027300007
20853,0.22398069772499873
74521,0.346055669484997
18415,-0.12948460250500204
83924,0.1793117530749999
57028,0.13198888266499864
75338,-0.17497496961500003
13516,-0.21100237527500143
12344,-0.3100935806150007
22751,-0.17724001658500033
268902,0.21550437632999797
52696,-0.072953007750001575
23877,-0.1654808381250028
230753,-0.10783509025000626
18970,0.2768728767249975
54137,0.13961453722000172
98403,-0.2643145926300008
67974,-0.22599401594500002
54123,-0.20320289635000144
67268,0.08108137785000125
71713,-0.23295775315499778
12821,0.2225235147800002
14163,-0.1754157655049986
69807,-0.21259179877500234
53311,-0.1506227638949995
223775,-0.23762322530500413
76742,0.11322251361999669
338369,0.21692926292499815
56792,-0.117032726990006
234366,0.1230302712250051
332309,0.17449659819999797
94184,-0.14772223743000534
67681,-0.12299848350000353
14007,0.08521514640000305
21687,0.23118074402000177
75273,0.22553366888000337
320924,0.2739676065449981
68889,-0.14581127282000228
239283,-0.26904385971
14645,0.0992295979249942
20354,0.1218964239250031
18220,0.08658980239999714
56365,-0.2361180427750007
80986,-0.2009520555300024
231646,0.3246568517149999
69017,0.16957806090500105
266744,-0.3089756417350018
241727,0.17877293277500028
23789,-0.14486398033500159
99151,0.12077492005499835
20674,-0.21472490211999906
106052,-0.12518471435500267
68770,-0.07587050185999367
244281,0.2032385400749983
108800,0.2875603353399985
226970,-0.19561255486499807
170719,-0.11587156009499999
66201,-0.15636051395999928
19886,-0.3009288917600008
231290,0.22805580336000064
71956,0.2180509665149959
57784,0.08837805499999973
71529,0.2869476540799991
211712,0.28480206721000023
56631,0.17132173127999906
12215,-0.138765520399998
67103,-0.30793489094000215
108138,-0.12104111759000169
233064,-0.059908948700016396
218294,0.11066957363999919
17301,0.241436358345001
15442,-0.08748620425000375
100045792,0.18744961297499785
71927,0.0806321741999998
68815,0.1005406439049974
16194,-0.10158718385000398
226654,0.21791116472499716
104601,0.30374856239500136
21936,-0.096523478805004
20360,0.2546953212349994
70567,-0.11854241694499912
65111,-0.08202635249999979
18969,0.2691877437049994
353190,0.18468620177999906
15874,-0.2756075237899971
68270,0.18372054975999674
381418,-0.1780805861950001
52202,-0.2791296835350021
53871,0.2990339566999989
107449,0.20513301518000038
319508,0.28454112303499945
102278,0.21122325487500238
208777,-0.1822445893150002
15904,-0.28123997992000227
70026,-0.14424089179999733
16904,0.1466826579950018
242109,-0.23144499602499913
14049,-0.16618110107000028
18132,-0.2016579711049995
16068,-0.08793308396500166
75212,-0.08793308396500166
227835,-0.0829550279350002
69256,-0.29587749600000013
13984,0.20727776454000013
13427,0.10473354440000726
237052,0.3260841305250004
76884,-0.11851085695000307
269336,-0.12804198612000128
68294,0.13006375585499974
106393,-0.24391304888499965
67516,-0.1442472088200013
109910,0.10745169624000273
435653,0.1463762952600005
71583,0.23066009398499965
383563,-0.16277572041
224088,0.23698546541999832
77097,-0.12133837986500051
338365,-0.2276676948650005
11829,0.21531059707999933
75668,-0.21785674946999745
213827,-0.1191401538850041
230674,0.10368279576999839
14420,0.1650067534449975
56795,0.21248374048999796
19069,-0.11543315758000361
14608,-0.2929891370499984
68865,-0.24083138299500018
67841,0.11353370322499323
69547,0.31300442236499926
54196,-0.08315056250000197
72413,-0.16945304618000145
56041,-0.11451767522000189
338362,-0.31717985852499986
101700,-0.21921667563000113
70601,-0.12862829200000014
12617,-0.19293099878500097
224897,-0.16331186881999482
18607,0.07184453399000112
217201,-0.14773603596500173
66988,0.13736767949999695
59308,0.28569702685499854
218518,0.29695150893000033
72931,0.06537782960000094
80905,0.2211555829999985
234421,-0.21808090893000198
171180,-0.17855123527000005
227326,0.2266628963550006
66335,-0.307462869434997
140709,-0.20470059906500016
83766,-0.3639584324200005
110596,-0.3596396531400008
28185,-0.13206238991500374
246313,0.2403983636049971
66190,0.15488032371999694
252876,0.1490533312849971
69020,-0.12017349625000495
26444,-0.074429969199997
330149,0.30472571709499974
67302,-0.16952281754499943
14173,-0.19373098316000137
67219,0.20390338661999952
71791,0.33000076599000083
67528,0.29408836414499984
76932,-0.1468241740950056
217715,-0.07725987655000921
70316,-0.08420150480000288
69352,0.23165203224499997
60321,-0.11746743444000352
70598,-0.3351148608100014
19280,0.12695461638000083
56453,-0.10283746804999971
74840,0.09506339724499746
56496,-0.2861114817050048
66686,-0.2305150222850001
330953,0.29781595359499846
19017,0.2675638062799983
56405,0.10240073252000137
252838,-0.246919118260001
16168,0.18772321496500055
208898,-0.16842376583999963
76205,0.16683382150499781
110750,-0.24555267821000104
57869,-0.25051614900499963
70349,0.1439590065350007
67684,0.10226865899999993
140499,-0.0783326453000015
70285,-0.16640900798000224
16527,0.14230201012000077
330177,-0.16127334124000292
353165,-0.1960649322549992
226594,0.11015689469998691
66540,0.10218937080000146
64452,0.2029666267449981
237073,-0.22447643957000185
13618,0.2911590589300008
18412,-0.17038429456999538
66496,0.10307317440000574
54519,0.13497312009999618
68743,-0.25352075729999957
17954,-0.22713189809000145
195733,0.33521274713000127
18509,0.18822197813000052
19227,0.24858040266499737
319513,-0.09062688464500113
53420,-0.21742565910000078
11419,-0.28628540916499956
67568,0.20678355445499896
384997,0.28649846134000123
27993,-0.08580263192500226
210135,-0.18332194264500146
320007,-0.13249006941000196
68473,0.3266929328950017
93688,-0.17512977942000063
22589,0.22847560156499824
100763,-0.18281704331500315
13610,0.18221902511999755
56612,0.08185313675000039
13396,0.38577564139499865
19744,-0.17523820718499827
233332,-0.18216248714999939
15464,-0.20890633832000205
55988,0.07574639202999833
54608,0.2141311482799999
17165,-0.10044008913000013
269328,0.18015564364000047
67122,-0.3222417470100001
623046,-0.26270772715000046
70620,-0.10625139459000188
233424,-0.24934356929499835
80880,-0.23483382750000015
237504,0.24955493672000095
94219,-0.23111345602999833
56223,-0.1407467461099996
102595,0.0712168550500003
71830,-0.1879674761350003
66264,-0.08825665692500095
20352,-0.1732469765250002
72615,-0.2593224772899996
225030,-0.2605078359000004
15977,-0.15781992759499985
77794,-0.24791529783999922
269224,-0.21789367883499988
56463,-0.260585341285001
72041,-0.11448809892000256
68236,0.2272715390549993
19726,0.23001019645000031
11517,0.12747897467500202
18198,0.19203242482999983
15982,-0.10215941725000377
66916,0.07230003404999685
78239,0.21315062036500132
66355,0.12061742614999549
71078,0.2142989284899981
23912,0.11847354280000211
239667,0.2612491372499992
67843,-0.11324792682000151
67724,-0.29173772321500113
67586,-0.11089235904999839
54426,-0.21441540897500078
104175,0.11337307131499585
19171,-0.06994184430000594
338346,-0.2895387697050009
14178,-0.2000325670049996
77799,-0.18690568036499933
20493,0.26096335002999993
71449,0.22693675737500296
14317,0.3381782962050006
212541,0.224787866099998
229524,-0.12089481498500021
107934,0.22983516376500024
245650,-0.18969536180000057
66585,-0.14250652156999788
52615,0.08717511866499628
53601,-0.19026472833000074
15239,-0.0982936589500003
54401,0.07014917642999485
27416,0.21316945788999853
13011,0.16280637677500032
18231,-0.2643432975250013
56095,-0.14441797550000324
237860,0.13362885007000003
68799,0.264051409004999
22092,0.2622395977050007
226162,0.1125009606550007
211482,0.2278093200649991
22293,0.19183431733999923
230259,0.29136882706000033
21952,0.2095578042049997
56075,-0.10651236341000203
21349,0.09332097429000719
20541,-0.20492237141000036
207728,0.10695274384999465
118445,0.28576648784500147
225912,-0.10506559260000081
170772,-0.16534264625499695
15434,0.39285714965500107
121022,-0.10271676152500042
114716,-0.2217271586950007
12631,0.11489111429999355
14182,-0.16650652606000005
68964,0.09305283710500056
233016,-0.1610131286000005
74325,-0.1413992839349998
330812,-0.16933002941000286
108909,-0.08303399240000253
230796,0.2505915481649996
19355,-0.2193393633700058
27360,0.13618984370000042
109929,-0.0964709299800024
66830,-0.1158173276050034
268882,-0.20799327461999972
69634,-0.20428465244500416
22350,-0.09500412314999984
78779,0.1991789509199995
110957,0.29167550986499924
14009,0.22930255978500025
235050,-0.22246205991500023
18530,-0.16635329150999967
241066,0.13231164308499999
67712,-0.10631628040000862
18503,0.12506911725999892
434437,-0.32680363385999955
15360,0.23376783994999917
66052,-0.07340233522500128
71131,-0.18287803491500032
19934,0.11177626789999451
73893,-0.20625475913999924
216456,0.19959922129000018
67920,-0.12058745781999836
12903,0.30427055094999966
98404,0.1501771627550026
21425,0.11403028431000095
225644,0.33384413718999983
109637,-0.23431201913000166
94091,-0.12598505110000247
320538,-0.12945303075500547
216859,0.11384299070000203
216858,0.11384299070000203
75388,0.1732454720600014
241263,0.24387203309499927
19346,0.07648971020000239
72190,0.17987361987499995
382074,-0.23679482087500148
212090,-0.08656565411000017
12336,-0.06656697805
16825,-0.08406507631499949
228756,-0.14070502332000023
66362,-0.2035574083000018
246190,-0.17682262407499927
81018,-0.10072318760000698
230082,-0.18604683288500468
237362,0.15898139040000236
68519,-0.2556929679849995
80743,-0.09887179147999525
20440,-0.11125271893999944
59125,-0.07116728915000081
381924,-0.29619074921000044
223272,-0.298517154125002
211986,-0.09032941080999635
15213,-0.21029743739000128
11720,0.2631267400399988
67057,-0.11379648080001559
67959,0.10085871811500091
13177,0.08006293848499979
66645,-0.30659026550499746
641376,0.3864490319799989
83408,0.11248506509999423
100121,-0.15819616562500194
54399,0.09842652263999696
26395,-0.18998526369000324
209416,0.09903230004999486
18703,-0.2932927000900003
100169,-0.28046980240999986
243911,-0.20877584449500075
18519,-0.21120915055500156
171170,0.20742235583000035
320234,-0.1679808039100008
268469,-0.10342244239500431
71787,-0.08510349937500195
276952,0.3143127881449992
12807,0.15741203426000006
11440,-0.21446361518999968
66925,-0.08169924605000212
76959,-0.07633923965000733
17535,-0.22326631695500065
243816,0.10945477979999829
81799,-0.23069861246500256
12709,-0.15637849716000218
242735,0.18117711575500017
56369,-0.07194429803499602
12033,-0.20875725158500025
66067,0.12500999645500244
24060,-0.24419147091000148
106522,0.20676026817999826
99326,-0.2664225934800024
18028,0.24735407222499983
105513,-0.08032813899500368
66880,-0.19299725644000087
242316,-0.23925944700999935
56397,-0.076379378700004
60505,-0.21488175337000204
98053,-0.08110138099999453
217203,-0.13952830961000195
16180,0.2037783618149991
14073,0.3112400137350013
77134,-0.09154647030000262
53609,-0.10024136715000154
320508,0.24549739656999936
219149,0.17534828329499952
12737,0.4861273353099982
73095,-0.15782359473000174
234267,0.1810435970100004
214459,-0.26302754634500003
94214,0.36526092702000046
28088,0.08875250540000224
227644,-0.10142881554499716
114584,0.0908230006999915
232664,-0.1977922131250014
21334,0.28124381159999956
17330,-0.15047203542500132
11784,0.3090108158499998
20686,-0.16521506724500323
66824,-0.0853793137500034
213272,0.6500377484300008
65019,-0.08354040410000607
68828,-0.2331298812300009
18164,0.20616733582499958
14149,-0.08251067736500062
17930,-0.371174055145
378431,-0.17397115699000043
18747,-0.1689202495399984
330485,-0.1840616383600011
17202,0.3133002053149996
58988,-0.16462733616000413
69683,-0.12166194412000042
170574,-0.2553338669199996
17083,-0.09456182056000628
18218,-0.2784274263450017
20618,0.2540191602500004
13616,0.16600559423000005
72275,-0.25369702681000383
74150,-0.15798443895000158
19674,0.15695556862999593
14824,0.12009402021999982
218397,-0.21450907793500118
215449,0.07997606250000366
217480,-0.1943162674900023
11845,-0.1269233760850046
216860,-0.08088858033500124
69666,-0.11642696872499947
67729,0.19473867335000072
17932,0.23415626648499988
216810,0.20959152952500304
107476,-0.16121552442500153
77647,-0.08686859497500343
16976,0.23221567875000382
17722,-0.19307994970500353
100465,-0.21239541084500146
78891,-0.11510713363000313
234086,-0.2371893765149986
319554,-0.20526746614000313
16848,0.14647327171499924
66403,-0.19697676034500056
16539,-0.23570696014999948
19084,0.0805347122499942
67776,-0.15592165338499964
66126,-0.0696255009500053
50724,0.07456622384999889
14709,0.29064161500499797
116847,0.20001939925999856
333883,-0.20982353594000003
56389,-0.07542877054999941
225115,0.1627717874749992
52065,-0.09225006002500713
12945,-0.2591176518649987
270162,-0.2667874107550019
209195,0.23794932266499957
18073,0.22242559883000013
380718,-0.15510166563499705
19158,0.0945885947999976
12590,0.22596727047000043
66757,-0.2671676232650011
23943,-0.12382395951999925
22030,-0.07540978209999771
231727,-0.1921367530500011
71591,-0.293079915169999
24014,-0.12845186805000175
76850,0.1323080984450007
227715,0.07142281849999321
71819,0.23485570756499552
22788,0.2691199278850003
54364,0.20859313157499848
64898,0.0970956974850008
654801,-0.20616593059500232
108124,-0.09828216780000076
22371,0.12452064299999854
105504,0.07988724157500116
56758,0.07148563854999956
15001,-0.12308918310000472
72167,-0.12812997737999776
68327,-0.07789813358000153
237782,-0.17442149551500208
72748,0.17808541324999716
17913,-0.10620366742499421
68877,-0.07054269500000032
15368,0.11304389061499975
56085,-0.11432112270500028
73830,-0.05714146390000252
74996,-0.22955334944999706
214987,-0.0828589665500008
327762,-0.21545626839499832
214106,-0.21202769498500063
75553,-0.06758631457000419
329693,-0.07818573715000099
320709,0.2162478806400001
234911,0.22674060805499963
321000,-0.17204338632500082
231207,0.18973446211499656
12309,0.2824209496799983
67968,-0.16689117673000275
21917,0.09271058989999226
14208,-0.13656819764500305
80898,0.18688879563000427
214944,-0.2325922990299949
74120,0.07767118455499933
216439,-0.07499632883500418
26918,-0.21908705785499993
232989,-0.10458544979499784
269702,-0.20224830198000188
226562,0.252701358605
497071,0.263695332604998
69060,-0.18763620638000011
72826,-0.188878213589998
57253,-0.3667633142350004
72003,-0.22263002687499966
75607,-0.20323979490499866
50754,-0.11047823162000192
21812,0.09443594733500227
104859,0.1756291633300009
18746,0.07187357034999486
54403,-0.310652673035003
23917,0.11083742002499442
101314,-0.07474190800000002
232670,-0.12243058165000775
269378,-0.21694005745000222
223604,-0.2769648051450009
14460,0.07838909055000265
100038417,0.21000739548999814
239126,-0.22073571764999844
18992,0.18601773770999896
216739,0.35707568872499884
252966,0.21065806075999927
19130,-0.21494027029500096
19153,-0.19697543498000325
66734,-0.1661229586549986
20392,0.14277010150000002
207704,0.16739553178499733
11861,-0.15898799889999715
53872,0.21509191854000065
68090,-0.12287959260499726
74377,-0.25149329959000033
434402,-0.0803841450800018
229600,-0.08411340220001051
80908,-0.2024513605000018
268934,0.25050177612999835
66420,-0.08046917649999585
93692,-0.17847289196000027
105670,-0.279179159095003
14066,-0.24254031193500003
73710,0.08825403384499708
27280,-0.23229915137999946
66399,-0.21207846994000068
102371,0.2219932728049998
434130,0.2707208752250003
55943,-0.10669897806000073
11855,0.18912326746499986
12369,0.14479175390999988
72141,-0.2634770251499976
16531,0.19375840211000028
387353,0.19582620837499887
101943,-0.11921071625000224
19273,-0.1781746622099991
68879,-0.11251501375000217
64295,-0.09035459949999947
66352,0.16637453354999732
17286,0.20311914146999976
14013,0.2827176686250015
230908,0.08532665334999123
15574,-0.15640276773499995
13852,-0.11268598846000089
23796,-0.15950037409000029
78928,0.1091102671099975
73902,0.27574504999500027
107766,-0.1181539269000016
20397,0.10228810728499838
20111,0.10181515930000096
13123,0.16678716736500077
50780,-0.0727146573000077
75605,-0.09640051775000202
74528,0.193181743974999
13418,-0.10755878952500453
57312,-0.08485564676000301
78088,-0.18394488159999955
107569,-0.16410669725000382
72739,-0.06959905500000474
67657,-0.09901116028000345
14161,0.23998276266499996
68988,-0.1021706852300035
229302,0.2479866324099973
94061,0.1257011615749981
69539,-0.2988493433750028
225348,-0.23990686218000068
75456,0.2228580490650005
70750,-0.10519080237000367
71702,-0.16189669569999854
11804,-0.08096493569500218
14810,0.18798757097999808
216987,-0.1097534503000066
66121,-0.08393704415000514
100088,-0.22382267488999918
66510,-0.06769255977500066
12405,0.16075273332999984
100210,0.21448313873999858
67171,0.09081634756000234
54633,-0.0648573891300046
223989,0.14851769185999952
12908,-0.2123296355800015
54140,-0.2373613314549985
67143,-0.0946194475400004
231670,-0.3142216269700011
55936,-0.09405425580000504
59014,-0.20282289691000077
11487,0.07690969170000272
20532,-0.27649088658999776
68794,0.1941778791349984
73834,-0.07118438715000153
71881,-0.23294171270000064
77619,-0.12007678615000295
59008,-0.0859074842500025
60533,-0.21059216373500078
20607,0.13772737536999902
20529,0.250614098929999
218772,-0.19263633240500067
226539,0.23462840179500066
69655,0.13554459039499722
21915,-0.09918440653999738
277154,0.20693597041999912
68312,-0.23224924888500187
55981,-0.24855388330999784
66413,-0.07594410641999794
56846,0.17288424939500135
13667,-0.07435582375000571
545798,-0.16708308430500107
227102,0.13926242534999922
227707,0.0683511247499915
19340,0.19746633654500023
330657,0.08071463514999522
74091,0.2687660275399999
20481,-0.19335174197999994
77053,-0.1677309540549965
110611,-0.10633969620500494
56338,-0.1109727742000004
78251,-0.17652829320000052
327959,-0.14264854686000028
107375,0.22067574435499893
218885,-0.29197641543999886
77613,-0.1732520048200037
237221,-0.18505234622500044
17156,-0.11772580959000045
54525,-0.20883985012499862
18582,-0.113296256885004
19218,0.15460089951499967
224796,-0.20509455555999967
66290,-0.07309867069999676
21336,-0.22112436131500024
214230,0.3596435891699983
20492,-0.16907423598500237
320024,0.1803358033400002
230603,-0.2869827771149982
15372,-0.20903909729500114
67742,0.1296831620749952
16150,0.07676643351999601
17425,-0.2664293731000038
140498,-0.15907695720499992
20044,-0.06644966590001289
14823,-0.1403922134800002
66952,0.1950078421800021
69253,0.1950078421800021
17089,-0.24886562713500116
55991,-0.06186815665000189
67993,-0.14373019036499857
23922,0.096915012400002
64177,-0.27247832159999597
19220,-0.24793865175999974
13807,-0.2793374842500018
16977,-0.2793374842500018
69590,-0.20036818579500348
140492,-0.0727397290000007
18792,0.32453853679999867
320226,0.1811798682700001
26370,-0.08901258404999979
67273,-0.08590246498999754
234594,0.0989781174299953
57257,0.2123993601099965
50776,-0.09590838302999494
17907,0.1957435001650012
12236,0.15251892099500042
70405,-0.145778393545001
56742,-0.21362802184999996
22163,0.07337025219499438
67270,-0.1464811595500013
100502841,-0.20982928764500208
97998,-0.24152705009499797
66314,-0.07325247786499922
17912,0.24327122672000145
30054,-0.24371200839000062
114873,0.2551601929850009
93757,-0.12611432321000127
56222,0.12977172057000086
12613,-0.16619580048500282
217837,0.10756651249999827
270757,0.09289769780000157
76184,0.19475329643499784
93747,-0.235297440290001
269643,0.20303417910999766
13426,0.16527027791999993
216578,-0.23492544208500377
268566,-0.21676611526000222
71891,0.07106870886499728
69090,0.21770387061499807
217143,-0.18845658060999826
20336,0.17827973179499867
242235,0.21278033290999643
78586,0.14295764828999769
19018,0.10203783839999758
69089,-0.08536123940000095
19341,-0.16894738575000012
68295,-0.08805099357000579
66679,-0.08883392562999148
18717,0.22612961493499828
14268,-0.20002915956000145
209692,0.23805281338999906
56699,0.08377245880499551
73668,-0.15103600261500016
228359,-0.06683008714999872
69305,-0.11811565007999647
72599,-0.2846944065899981
18823,0.08808222849999225
56362,0.23174973269000132
16508,0.2159236811299996
76527,-0.14017484244999956
19213,-0.26659638617500026
17434,-0.05958417957999984
67534,-0.18881155651999926
54354,0.07677602240000958
16470,-0.14208093435500757
213171,-0.20153448943000196
12879,-0.39568541288500203
22169,-0.17656985685000048
14365,-0.14220010000000194
20463,0.0950605249999974
22196,-0.08137390140000456
229534,-0.11334928965000302
17201,0.44252239486999834
78593,-0.28153872842000105
27966,0.14978637329999867
230903,-0.22970037306500224
22213,0.1648599199799996
99349,0.09432137900999393
21951,0.22990204949000237
23792,-0.17763369505999815
54352,-0.1232320955999997
234396,-0.20596244429999722
12367,0.1540260854399964
215999,0.20179435623499842
246696,-0.07986211404000798
98432,-0.14470346967500003
14256,-0.0730570039600007
60613,-0.13561291134499953
66629,-0.07275943335000079
100129,0.2132608579449986
213435,0.14477075580999887
54624,0.09735615034499467
64385,0.3389324510999985
12300,-0.2829680649250008
228769,-0.13002061237000007
171171,0.22432567064999898
232801,-0.2143246261100007
24064,-0.23033704796000176
18245,0.05094934129999373
244923,0.10220827532999932
13361,0.1708658884949985
380629,-0.08526078331500742
330470,0.2854188472849999
110279,-0.0912149621899978
70930,-0.23580601080000196
71389,-0.24973336076999963
268591,-0.2832597285650005
66374,-0.15421860469499826
76117,-0.11512010781999749
77531,-0.25427728244499903
75729,-0.20304901359000294
230376,-0.19049766381000044
64339,0.26363322016999646
381062,-0.20701281679500205
214897,-0.08357898286000243
12778,0.39519284444999947
66408,-0.1967466074900006
22255,0.10691643110000193
16562,-0.1427433383249994
170742,-0.15291369120999931
23794,0.16287452433000293
329506,0.16457389903000053
14733,-0.24571758000000088
76281,-0.07174530259999834
78709,-0.29056098406000075
319266,-0.2124821663250005
75387,0.11928772666499654
27220,0.18621001800999792
14581,-0.1594451850800045
59056,-0.17097294940500163
109904,-0.18323845821000084
59038,-0.28331807078500226
108654,-0.18403431421000072
17387,-0.2030950295249987
237400,-0.27540400511999863
245841,-0.13198034075500242
110147,-0.08665089574999563
72351,0.08865199566000292
227960,-0.15183364652000186
270049,-0.2649437609500005
217737,-0.05363786364999967
110835,-0.19353369322500225
218232,-0.17133682464999644
72201,0.2604968625250006
381738,-0.19284193139000294
66422,0.07149545284999448
74211,0.15167116509999978
216393,0.34492091506500167
67225,-0.0803390278900018
23991,0.07234423970000314
67201,-0.09665098951499829
319817,0.10253235767000213
20345,0.0665676226499965
67292,0.2970567776949977
70466,0.23408172484000023
240332,0.3138104114149991
24105,-0.06857560650000494
71151,0.1377634295599961
242484,0.1393791306299983
319845,-0.12712657334000177
75292,-0.09158991059999799
140810,0.23625291901
233744,-0.18954823766000173
69136,-0.10395330340500131
18440,0.15381645449000025
69940,0.07364868514999401
66278,0.10939382836500045
240186,0.1689023423949978
56187,-0.26986711265499785
75345,-0.3123216780100009
70380,-0.11804441817000111
53892,-0.10196297367999829
83704,0.12150580394000077
545030,0.10325228294999178
665563,0.13710036730999775
17314,-0.09401224265499941
71883,-0.08982223553000424
232947,-0.18602548631000104
654795,-0.08511773330000239
73139,-0.1419074170799952
330189,-0.122124288485006
102545,-0.08690795470000268
20869,-0.09979276016499661
73068,-0.10373224565000072
218811,-0.10373224565000072
19247,-0.06121596980000632
28126,-0.13215606033999894
66787,0.12547185983499975
53896,-0.33472317350500136
54130,0.08238702284999988
54473,0.07881525133999823
12419,0.2537872862400006
12307,-0.21201100250500104
14579,-0.15542877015999945
16432,0.05400658799999647
60344,0.18572719991499964
17884,-0.31470649829500097
56373,0.135470119709999
20624,-0.1327859495000041
71735,0.11837292073999883
72778,-0.19176038716
73016,-0.20134998029000073
217218,-0.1882047162799978
52855,-0.1437247646549995
271813,0.2525321232049986
17444,-0.14449899486000284
16647,-0.09008693382999944
67151,0.11268239098999722
56720,0.2243757003749982
320158,0.20011873551999892
108937,0.11038240928500187
68725,-0.17556341095499928
65114,-0.19845925760500194
56734,0.18698235890500303
215653,0.08299801154999287
78240,-0.2049327190249981
12828,-0.22015796762500095
74132,-0.06209809774999897
68671,-0.07398464710000496
109323,-0.16003574390000175
23856,0.11918265044500131
239096,-0.2135389352899999
66827,-0.07777813116499743
67902,-0.23551741280499794
24055,-0.13753373402500024
26446,-0.07180536589999775
71567,-0.22948523427999667
102680,-0.06312235840000824
52700,0.07178530479999701
75660,0.07167806773500018
75400,0.18741204158500224
12750,-0.0907361012199992
77832,0.18745771130000044
26949,-0.22204984451999898
14345,0.17776132750500118
240667,0.18507159041999977
239833,-0.26060944464500047
22026,-0.09176527215500307
68350,-0.171452693235004
56264,-0.18782944781500266
18555,-0.1335040766200004
105445,0.188865774805
73338,-0.13651628133499916
69094,-0.09368011855000447
97827,0.19144814017000034
109697,-0.2146853676350009
72930,-0.14333857498999958
27385,-0.17457022962000224
50505,-0.19464811055000553
210503,-0.16177632847000023
55946,-0.12564738492000416
110380,0.14606357723499874
18130,0.2001192291399989
78935,-0.18701292080500131
270151,0.1150493167199933
227723,-0.1155405782299983
12846,-0.061301233400000044
574402,-0.21231860928499913
20400,-0.1295264091600039
229279,-0.07521412419999507
18618,-0.11351578980000099
58222,-0.066518479064999525
12091,-0.09193602964000114
73112,0.08803944054999668
74616,-0.16977825454999973
26456,-0.28603516382000116
268977,0.11599122708999587
11480,-0.214040619765
56409,0.06632764019999726
12159,-0.19524306399500269
23993,-0.2250017428350013
11793,-0.07548268422500293
192156,0.18376199731499732
227195,-0.15761776218000279
18291,-0.16465317111000122
12014,-0.12194331307000361
239845,-0.18032490819500113
12564,0.2449462822000017
17250,-0.2273066273250004
14058,-0.10524332095999966
72144,-0.0867882864500027
14165,-0.11767007436000165
22275,-0.14367659950000444
109115,-0.1441003860000043
107701,-0.11432180302000283
66593,-0.10267366695999769
67016,0.1925730356649975
270076,-0.14757795043000055
16403,0.10622220459999632
242505,-0.27644732216999923
18377,0.17210263530000036
56198,0.16017711175000393
11421,0.14032935307999672
17928,0.0878739439499987
382913,0.12411036327000025
21400,0.18426588547999945
21930,0.2378552408799992
229512,0.06708091299000252
328967,0.21740810143500067
11905,-0.2818431042400027
110521,0.11678577458499895
11651,0.08480381929999936
104444,-0.1181386205700008
68082,0.16658788033499672
59005,-0.08096132645000154
21941,-0.14021531142500177
70571,0.18781263960499972
387515,-0.17374822902999876
12237,-0.09833336012000515
21753,0.10886763594999316
21752,0.2365047010000021
328019,0.18385141524999682
30935,-0.278084138075001
107029,-0.10809677019999953
18679,-0.11481889762499975
68802,-0.1767953831499991
241915,0.14120589361999603
170729,0.196771084149999
21898,0.12218590758999781
56367,-0.12846678910499776
16790,-0.25461221802999967
69823,0.237882199335
30949,-0.12963453285500215
69656,0.22128953001999996
223626,-0.15400051881000154
59009,0.2231435774699997
59050,0.08019632480000283
78651,-0.09123963460000084
11471,0.19225460933999816
216344,0.08252112127499522
229445,-0.16135197062000284
12175,-0.059186491349999315
114602,0.1844848713399978
69601,0.0768503110150025
83430,0.17428377121499938
18968,-0.22431816053999842
21763,-0.2184475741600007
69456,0.2154709121649967
414801,0.07354379830000113
26357,-0.10182807214000089
76580,-0.08317010762500487
13052,-0.16128464563000033
69528,-0.295837210690002
71929,-0.08046199000000698
67134,-0.07526266710000407
244049,-0.1086406945649987
232237,0.23115310877499962
16421,0.07679779720000468
19943,-0.06181267269999324
218100,0.07751537168999612
66218,-0.05892105870000641
21353,0.15094780729999613
16579,0.15483992949999692
19172,-0.069431411750001
11624,-0.20590370369499933
217666,0.14974543589499856
75965,0.19180810648999724
13494,0.10495169539999871
56296,0.30270604523499856
69556,-0.07758442783500108
26404,-0.16787255069500162
68520,0.19037055959999982
67547,0.21097296140499822
20441,0.1465448307049968
381290,-0.1828469848150016
381605,0.12811510649000013
234852,-0.05849367586000298
78913,0.1777963289349982
56403,-0.20992416494500077
320208,0.1475251636149988
26961,0.07392713989999855
110639,-0.27395581647499956
66089,-0.15100854673000175
69540,-0.17803498356500302
56370,0.276349097390002
24053,-0.15514310035500145
17692,-0.08318903834000402
71955,-0.07546468844499898
50530,-0.22347235200500037
67775,0.11262496115000253
66284,0.08188241023000176
67035,-0.215996177584997
66198,-0.22420475593999845
67922,0.0869181911499961
214189,0.2153076845600017
110312,-0.2226283358250014
69748,-0.07680369549999888
20663,0.10368169024499618
18648,0.0819700392499989
67166,-0.10617434672500004
26420,-0.18288973303000056
320720,-0.2065172865400049
21356,-0.0683191513000061
19348,0.29582459492499513
74479,-0.07163430460000164
19650,-0.25480666594500345
66658,-0.1591560225699995
103534,0.16233418676000122
66421,-0.2237192057850006
170439,0.12274214459000454
386649,-0.06598460909999737
108946,-0.1764672231700004
101867,0.12986332320999416
230868,0.27830622285999906
71854,0.16020085193999822
380755,0.17755291437499832
237403,-0.19323852406499675
217353,0.18555864009999823
66307,-0.2470984475499982
216151,0.16875595879499805
107568,-0.18710501185999906
18166,0.16156155610999923
217351,0.12469106422000209
18477,0.067667423649997
22346,-0.07115359124499676
73132,0.18500984332000048
69470,0.05574996225000817
244650,-0.25165718517999824
23859,0.15771897471999985
66618,-0.06646679545000289
545817,0.13987352428499733
16923,0.08346936889999945
107373,0.08873874570000062
13131,-0.11541430070000125
233040,-0.15224703669000306
76763,0.278192971494998
330409,0.20689426361999796
330836,-0.16702066503000168
231532,-0.2604935888800002
66128,-0.06920968186499898
108853,-0.14483038044499974
75600,-0.25661598128500174
74096,-0.08671469154999834
71707,-0.28310621950499915
69097,-0.1939912271400015
381644,-0.09360484671000346
224650,-0.084969241889997
23790,-0.07772877260000399
20356,0.19596750238000027
58864,-0.1548052310150001
210029,0.17927199697500207
22171,0.11655613254000041
234549,-0.061654157215004446
12168,0.14114407864
320916,0.1264728403450004
192190,-0.23533546416000029
74498,-0.26800446834
77011,0.28150281445499914
80297,0.18802999784499708
140740,-0.06573132722000086
26398,-0.13781117616000227
14773,0.07158564085499997
56284,-0.1620334717650005
12675,0.08962099784499955
233187,0.14683000093499832
269831,-0.19943431859500205
209047,-0.19835151048499933
74901,-0.08932712017499966
69962,0.13712257330499789
20393,0.1148017655099931
433702,0.1861358313450001
67889,0.06747178072499871
272347,-0.13242670163000358
545481,0.2776552779899992
219181,0.16703823994999922
215456,-0.28880037076000065
330369,0.17349024634999566
17345,0.20100463475000296
244141,-0.13407345954500194
217847,0.1820550297899981
277250,-0.1939522430249987
72137,0.21159364296500183
18799,-0.3041439539600024
432508,0.11987008873000349
23994,-0.06209774629999387
101883,-0.07214949324999687
229675,-0.14668536531000065
72649,0.15132739576499965
231841,0.18724400152499854
244548,0.10275103309499656
209645,-0.12328569349000151
217303,-0.24670117361500044
54650,-0.16324037157499927
244058,0.10853140478999901
14607,0.19701733236000063
50753,-0.09844133359999852
244202,-0.1942555646849975
68080,-0.18671202859000147
68226,-0.18444750403000043
224674,-0.20195434066000217
382620,0.2358725377300015
20658,0.09095069535000277
242585,-0.15281233338000177
269473,-0.12414309505000531
66624,-0.20870873666500245
76843,0.25045061637499844
208366,-0.12807871123499925
77945,-0.11240112454500029
54120,-0.15603717424000152
69162,-0.1652871321750009
56844,0.06275391568500233
58523,-0.10465939508500455
13401,-0.1364517148000033
546729,0.21356599260499864
240960,-0.1898684895949998
72693,0.15105325467499853
231946,0.15314823997499927
69863,-0.18619318232000204
30056,-0.1351301638650071
433693,0.08067959588999862
268510,-0.13875905282000112
50760,0.15090494212499816
63872,-0.14874064428000366
71701,0.1589509053449989
232314,-0.12701743284000333
109346,-0.1316846424699989
243653,0.12505723520500167
243574,0.19110872381499888
20588,-0.12473161529999643
14679,0.06304612087499173
56078,-0.23807042844999993
216705,-0.11764323794500697
14297,-0.0940886329800037
56395,-0.2592030107800021
243983,-0.1712685285600024
101685,-0.08199534491000104
225724,-0.13901162785000087
171210,-0.21994692707000052
72290,-0.15166777288000155
50500,-0.18813560467000112
11688,-0.15963986288000065
107650,0.11893401307500095
76722,0.21333816477500012
104799,0.07751336377000406
20355,0.32743274202000006
252870,-0.08710566168000256
244178,-0.059584572240000355
18040,-0.3942648679699996
59020,0.20795127368999822
665119,0.15953627489999977
545554,0.280069472410001
21388,0.14153265646499813
20018,-0.06388869495000016
16890,-0.16436564573500156
19344,0.1895189537800004
246048,-0.22758093699000126
226412,0.08490427679000234
16803,-0.23283059037999854
50795,-0.14847601528999999
12611,0.12392478836999832
18475,0.20504375008499842
67272,-0.12631906476500632
11552,0.1955926505299983
66098,-0.10920600769500055
210582,-0.1285969396000013
71843,-0.23025344613000165
22384,-0.09969601385000182
74052,-0.17342440422500083
101565,-0.1353013264999996
629114,-0.20450019719000068
268932,-0.22835619301999976
231876,-0.2209808705849996
73162,0.15115297355499724
50762,0.06746157990000334
16423,-0.05501299390000369
52715,-0.1623908662399991
52432,0.062229749550001046
67667,0.08925597263999574
66212,0.06240831989999229
14247,0.0639630865500056
16878,-0.3768905180650002
170767,-0.19664970003500137
66612,0.07651566414999955
67457,0.08161373104999292
13013,0.16847540494999924
78076,0.18009970583500046
229906,0.115421516609997
59011,-0.2763716634450013
100609,0.20930507845999813
17347,-0.06994346269999951
94179,0.14738144882000004
11491,0.17794238543000063
21357,-0.0573596141500019
98970,0.16343558273500092
17350,0.08879773700499705
625638,0.34836400963
18511,0.19796953473999945
70312,-0.08173220905000811
54614,0.15863647961999927
56538,-0.290441074684999
14681,0.16353201292500152
18080,-0.17169941376499942
13660,0.05242413164999249
71723,0.1176159426149983
14940,0.1946635238699992
75547,-0.0846622983500076
15289,-0.05851683500000249
233571,-0.1397872637300006
66069,-0.08087519397000431
225651,-0.14170706512500164
12385,0.08297560615000243
214469,-0.09406788055000348
72308,-0.16010087637999781
14635,0.09251695905999746
66570,0.14402490365999787
50722,0.12413275657999989
73809,0.16973739511499986
16578,-0.1618191560150013
18815,-0.20127375272999926
67105,-0.19490533077500238
102414,0.09191827745000047
218490,-0.04975594555000207
338366,0.0736123549999963
68558,-0.10708965613500077
14344,-0.19344947790000422
19696,-0.12084151253000108
72119,0.33666050410000103
338359,-0.1352987177599987
12862,-0.10734900088500066
23827,-0.18527263660499926
71063,0.15080243336999644
192775,-0.13347383269500046
12445,0.05857837019999579
271005,0.29881458925999826
100986,0.0930020208250042
231931,0.0911551192999962
17256,0.058785537799996845
66073,-0.07725854810499833
28019,0.05069656011500001
110842,-0.06649018684000474
239083,0.16391522571499895
319748,-0.06734214700000152
268294,-0.13585179432500638
15245,-0.193398874125001
16193,-0.14860212812000118
20675,-0.40717554038500037
66866,-0.20293882931999807
15257,-0.14459944005999503
20278,-0.20065422685500156
56531,-0.24459832014999883
245638,-0.1738802316600001
229658,-0.17082392574499927
19123,-0.21598706690000125
29808,-0.14955847958499824
230872,0.2558359002749979
53624,0.18357004413999967
228866,0.41449599338499876
13482,-0.19887530731500203
108150,0.07722956370000134
18416,-0.1927701991900017
16816,-0.18512281986499968
14107,-0.5508130431050002
67767,-0.09501183050500117
433485,-0.21911955494000068
232086,-0.17389637669000102
353188,-0.20375414238000378
320634,-0.12799611489000018
16548,0.07298557629999536
12338,-0.3231267309949981
74649,-0.14868522751499746
12799,0.05690156009999292
17181,-0.14275311687500025
66059,-0.07282587505000215
230584,-0.05680543209999733
81630,-0.2394411329599997
74761,0.15984504281499756
218699,-0.12626901055000062
67222,0.17473406845499984
19743,-0.19193217915500504
268512,-0.16476827138999894
105239,-0.17980241572500333
77938,-0.08213885480000194
74182,0.10570006549999889
13663,-0.32570550574500245
243914,-0.149783327435002
212898,-0.1766682967349995
211389,-0.07574098429000031
66661,-0.06616624747500133
13138,-0.1385565762950014
15387,0.06435107457499889
194231,0.2501004833099998
227632,-0.21565503874500003
69700,-0.24079156219000186
100855,-0.08996829999999889
19383,-0.10218563372500711
16648,0.0812339359699994
26912,-0.20754368947000223
67580,0.21163656747000026
329274,0.18287592420500154
17979,0.07580114929999304
26950,-0.2096580998700004
12388,-0.16745779311500364
66684,-0.2295026535150031
20619,-0.13060716920000104
20811,0.15479520643499978
74648,0.1552383290049999
11803,0.268661955199998
52837,0.1735522697949996
15260,-0.19802093733500215
53607,0.10063518265500271
330450,-0.26163130478499896
21909,-0.12168645626499996
270035,-0.13186235382000167
63959,-0.1709034892100041
59310,0.16864922643500035
67027,-0.1336789716600011
12444,-0.0807994239300065
22417,-0.14321709006499628
242608,0.22248327839999948
109821,0.2832829372100014
16364,0.2550785293200004
320487,0.22787491405999827
228410,0.16429883047000082
70231,0.12839668098499502
227631,0.2234052242049991
20586,-0.09589559000000847
52477,-0.08221281894500443
217980,0.066550397094991
16885,-0.0681181011700005
213948,-0.40855370298999727
11877,0.16717593027499777
212632,0.16265477446000087
140546,-0.15494302648999891
192657,-0.15736309909499724
14302,-0.20482475978500014
386463,-0.20896353952000002
12428,-0.15548984667500498
50817,0.19564968965499974
22695,-0.19513737404500375
71393,-0.24171082842000224
22228,-0.08967561579999916
71313,-0.18173606280000065
14657,-0.21704775256000008
170780,-0.19218092256499952
207607,0.20216857062000138
223648,-0.20927396729000325
229004,-0.11244244255999813
227717,-0.1919268127749989
449521,-0.155201265285001
18750,0.07649711072000542
15109,0.17409239840499957
22408,-0.13157621617499693
13447,-0.14848066231500123
69955,-0.0820052204649997
67647,0.18317765034999756
641340,-0.15875850741500308
67418,-0.0626405738600031
16475,-0.1485630220050007
20382,0.09402141493999672
231872,-0.05718251049999168
77577,0.24361807096999755
57230,0.16833153298999992
268449,0.07487855884999739
71878,-0.3310318539399999
229665,-0.1266626683250074
17188,-0.21418650850500054
12649,-0.17029985805999992
14261,0.2524521052299993
108155,-0.09184965789500055
68755,-0.10374559301000374
13629,-0.07511480990000585
11534,-0.1261324663250072
103844,0.17331528535499974
14526,-0.057141028140001104
15203,-0.1328599450199981
14026,-0.11568818790000002
23857,0.16561178801999699
69592,-0.12743084610500066
56429,-0.05824366595000052
66455,-0.2021106147799987
72155,0.22027924618500094
16646,-0.10610159344500047
66973,-0.07099367300000026
70769,-0.08724053417000377
13593,-0.20831611220500035
18643,0.10025389805000273
171286,-0.1647247677800019
194655,0.15004017317500074
69191,0.18029496008999946
26887,0.13878733193499926
170833,0.14114465169999857
73094,-0.18174397344000148
84544,-0.08387792633000224
244551,-0.10747508435000341
403205,-0.1294934090950015
20467,-0.04515257990000521
27681,0.04678389805000016
18764,-0.18604003956499948
14105,-0.14195995014500262
228677,0.1914754496000004
66580,-0.18602949068499797
109900,-0.09515851271500164
232941,0.1681673720099992
20924,-0.09056101350000212
238252,-0.18169848747500028
239436,-0.15422767593500142
20630,-0.07294669799999554
67849,0.08294951920999605
232196,-0.11322710909000655
76787,-0.0843777189200079
218461,0.27078111495499924
11538,-0.06997201260000097
74335,-0.17698181465500085
18595,0.07264417807999912
228994,-0.05470947130000425
13557,0.17870964942999912
106338,0.12544084183999882
21944,0.17537457500000286
76263,-0.08465770482000501
66552,0.0881789508949975
15485,-0.1551556451999998
217127,-0.10473496989999731
77371,-0.18723746684000364
22780,-0.216526424215
26379,-0.07737184630001259
15159,0.06551017259998737
269120,0.1938629489150019
12274,0.19005867793000153
192231,-0.07454562718499957
20724,0.378773303005
69562,-0.128993795300004
93742,-0.14800710677500195
11682,-0.1390962969449987
11551,-0.12422359026000018
238725,-0.18552846154500102
66294,0.12545014020500123
231382,0.18347221573499795
217716,-0.20701151018499964
13435,-0.08695751178999966
100503879,0.2356610071650005
278795,0.1509545398249994
66401,-0.19998334781000082
20751,-0.06517856780999942
140859,-0.08834859846500187
58237,0.21954689731999988
67795,0.26137245148000066
243771,-0.21964109451000002
72843,0.16313752513499935
239027,-0.17666639270500184
269514,-0.3125736055449986
30932,0.06968151068000417
67870,-0.21168916820999328
69186,-0.07887323160000115
73086,-0.20932506194500178
12151,-0.11664294188000213
67905,-0.06971533775000438
73689,-0.06875770539499904
140580,0.13065853944500105
56790,-0.10309690325000265
56280,-0.16263612880000444
211978,0.1926653717049991
70239,-0.10921536832500323
109857,0.1871126535950003
30955,0.25066014153499516
76246,0.20541598428499785
21956,0.17854406466500006
13139,-0.1043616524000015
11831,0.22795103004999984
79401,-0.14443378518499994
104776,-0.10080026593500158
677296,0.1418848717800003
56381,0.23392448449000192
108148,-0.06112754370000317
69934,-0.16157131126000301
29870,0.18032559768500134
29863,0.22803708297000114
20589,0.10350138971000256
99334,0.13277495049999732
71147,-0.14469458424000337
503610,-0.06644088510000223
100043314,0.150854710495
65967,-0.1061553754150033
58250,0.19288274140499784
13830,-0.19839056584000225
432677,-0.1680873871100017
329738,-0.09733761364499793
73825,-0.08550530599999995
217138,-0.19212892169500018
60531,-0.14471861285999932
21432,-0.1636811123050017
53761,-0.12819862798000337
70536,-0.18760238980000032
213311,0.24878827816999882
214597,-0.05617118709999325
74868,-0.114748906285004
140887,0.0887971375550034
15478,-0.14411354439000146
17393,0.1829471425250011
58226,-0.153034051085001
20977,-0.08336986309999972
71599,0.16782868128999784
235132,-0.11356713814000141
15978,-0.14329675754000437
18516,-0.24783456863500497
233066,-0.11645642883000384
236899,-0.1782174845250042
20408,0.17442765934999827
68323,-0.14737138707499664
26896,-0.07913522024500175
21423,-0.13617435431999958
329628,-0.17715115733000042
66860,-0.3397775657500013
13506,-0.22164412665999844
74513,0.2372674933599992
75276,0.19753718677500132
231769,-0.15575527684500212
117591,-0.16829613633500173
104069,0.16126999514999918
20248,-0.14539063125499974
319446,-0.14030675121000336
66302,-0.08528465935499874
74194,0.20301556820500188
544791,-0.21098109069000115
104445,-0.23422275257500047
227526,0.22841552752499972
74369,0.2364922263849989
192292,-0.07827490638499768
18610,-0.24191886731499945
27390,0.14922562612500023
241431,-0.21921936222500182
18739,-0.07293050855000338
70233,-0.12954155594000483
19697,-0.08087536850000099
13167,0.055345686249994586
13655,0.22314746759000137
239931,0.12643921844499895
13419,-0.12567966174999823
29876,0.06887862029999603
12226,-0.1090308535000073
17180,0.1947498049100007
93734,0.25975639886500046
26927,0.1550194286399993
22364,-0.07614450129999284
72349,0.06865087659999425
209630,0.19737946403499507
217316,-0.14431072909499942
100705,-0.2026126297249986
13132,0.1924969978149993
109349,0.1640244308200014
229707,-0.06667892745000081
241134,0.1711094238149986
18514,-0.11449810209999889
22427,-0.1575543535600028
353025,-0.18928204278499994
226470,0.0856013804999991
12032,-0.18986856166
233107,-0.14201029533499643
56012,-0.13725292939999933
108116,-0.051326271170006876
67267,0.07231386543499241
233189,-0.17302907895000086
26903,-0.162016591185
69549,-0.10291363268499687
100273,-0.08319029587500637
19060,-0.17132599943000137
100201,0.12060914790499933
12408,0.07937135019999175
68219,-0.08843228274499992
69237,-0.13760234901000334
217369,-0.19907253318999985
109129,-0.055631304464998976
18949,-0.10002420517999866
19365,-0.12039415854000168
66497,-0.10418018158500164
14400,0.2110845451400012
16847,0.1915237561800005
108989,-0.09795386162999797
321007,0.17926343227000086
13876,0.21360184028000084
22294,-0.06223168071000096
16560,-0.12088598913500181
629761,0.15788548938499902
16776,0.1419782406349963
17341,-0.09848378338499941
13711,0.16048094272000002
140559,0.1630710008399987
59069,0.10058014910000246
231713,-0.2597270704050034
60510,-0.11545479713499995
60409,-0.06541191235000632
74114,0.26569695522499703
227525,0.07952964174499222
233870,0.07222646274499489
15161,0.09406798978500142
107239,-0.15018356892499973
14712,-0.08776609583000372
20257,0.14582828860500374
12261,-0.08433639585000385
12889,0.11023427207499781
83946,-0.1113454168750021
74477,-0.07624602414000137
57434,-0.21675014202499998
13209,0.07899546204000174
380842,-0.16246784347500087
22145,0.05148389704999978
320752,0.2973762523650003
78832,-0.13185671337000038
66671,-0.15132235813000428
11692,0.15359236668999987
74108,-0.281195385750002
234072,0.1803965386899984
66616,-0.08357057029500226
78177,0.10600289323500034
382010,-0.17681580636500138
21780,-0.07675638733000056
13726,-0.09105243690000187
327655,0.12920473201999538
241846,-0.16751177092999914
76824,0.04866529870000136
13417,0.08606400509999901
75986,-0.17128534444500065
71711,-0.0869468935500004
66569,-0.19131330634499966
74589,0.1279999014749995
106763,0.16520048802000176
75616,-0.06894276591500592
210146,-0.23928318932500225
224813,-0.14568580205500226
64242,0.15364513457500006
227733,-0.25849007755500253
54189,0.17708804302999503
13385,0.16738097421499987
14533,0.05876071909999503
18674,-0.07768904354999862
72117,-0.08596437225999942
268396,-0.15971824048000105
13486,-0.07273088686000584
15898,-0.18531446894500192
76088,-0.2600085940800003
58909,-0.11558454874499935
110542,0.16332243389999768
72556,0.16808739238000214
17991,0.053746853699999875
19142,-0.197380950054999
272411,0.14566134535999842
368202,-0.13390777514499685
20469,-0.07795236264999872
329260,-0.2180284433599997
13507,0.15134198320000136
18986,-0.0910552949500012
110920,0.15416387407499954
217026,-0.22442999087500137
58175,-0.11380621130000179
21374,-0.11754046543000118
75773,0.24160052047499825
52013,0.21147446957999794
80860,0.17249011534499914
72726,-0.06479169570000742
67864,-0.10739272975000702
68477,-0.18489278718500302
68918,0.11205827678500091
104416,-0.09840913109999505
233199,0.14972291536500126
21684,0.36976750861499896
56445,0.14361890035499947
52335,-0.1721366821850019
69288,-0.14849808147000143
57319,0.07121713995000256
67068,0.051287023349997796
66818,-0.08389571044499888
22709,-0.17371924280999806
55927,0.059444931440006954
73813,0.16550448933000084
107522,-0.18996459625500073
229898,0.08730525099499786
26879,0.13912097179499838
67489,0.1447043203499998
75452,-0.09772980756500083
235379,0.11943734949999874
59027,-0.22820007576000112
329972,0.11457704551000081
101142,-0.21303614410499616
60364,0.11600294177500281
30795,-0.06479157199999896
14255,0.09132622703499838
225363,0.1358007518049993
80912,-0.10332841847000118
14199,-0.09971576420500128
73826,0.06546351140000084
27052,0.15817503037999536
15486,0.15728908479499815
15416,-0.11413447201500082
18685,-0.1591681652000041
237636,0.12821873552499952
16186,0.08968339224999866
21848,-0.0944493093400034
14011,-0.14600988101999945
77627,-0.1707802217950003
17869,0.12672887084000006
20358,-0.15894487883000075
434203,0.06172008581499533
72416,-0.07111714798000612
12339,0.12233277503999584
232813,-0.15889416554000135
223739,0.13452503298999652
100604,-0.08373881467500421
192651,-0.17096887347499923
15975,-0.1453925470699966
231855,0.056766541749990296
75763,-0.17407019970000093
434246,-0.17543532139500106
23890,0.17293452688000155
54343,0.13017924011499993
14198,0.1625934725249989
246787,-0.14821722194499865
320162,-0.06952670499000213
319934,0.19439495609499646
27374,-0.08784045234500404
72310,0.06597581060000124
320632,-0.08247410762999685
12057,-0.20811219056500185
78600,0.103806288939996
71175,-0.10420211352499908
207565,0.06163762809998907
432486,0.15390922630500192
243312,-0.16586593307500141
66997,-0.056007910250002624
22365,-0.14679909515000222
320355,-0.15531447024000045
67186,0.04430392439999409
72338,0.04430392439999409
11614,0.09341084994999882
13191,-0.0669425320499979
104383,-0.2013028798200045
70568,-0.11250340568499784
208228,-0.08523717548500276
23836,-0.23254603846499977
382423,0.05370960084999865
13706,0.13470986124999706
68079,0.07373413151499975
57916,-0.0692927134000012
237877,0.14050997778000074
12826,-0.06433383859000186
67655,-0.1015052931999989
75497,-0.1429604778499982
27784,-0.07046052933500313
20873,-0.11437151026999715
12478,0.08108179359999745
70314,-0.08539814809999591
21894,0.09573673570000452
74020,-0.1915018815100007
21881,0.04333410180000463
71648,-0.19026451283000245
22146,-0.04614749159999931
21923,-0.21840815047999884
233912,-0.08847392806500043
17308,-0.07333191305000142
109275,-0.057057083705004175
320277,0.132260138925
26427,-0.11223811112500037
70859,-0.1368229701599999
67115,-0.06837428760000641
12550,0.10045664898999984
319998,0.09302751660500164
69217,0.21681563906500045
17384,0.5105505465350006
227449,0.11225748875500052
12211,0.14381843323999988
238455,0.1479761189549995
16201,-0.22460712921000248
100504689,-0.15947900747500032
71790,0.16742422023500048
224405,0.1956564545450008
68146,-0.09774867577499968
231903,0.16026383472499983
50931,-0.0814213720100021
18034,0.07584710879499923
16561,0.1400441486550008
107951,-0.06678891210000337
70355,0.17312232380999948
111174,0.272354287164998
52708,-0.09059616979000396
14802,0.13550719812499912
330959,0.0814412868349983
16785,-0.052062618500009705
66448,-0.051584803400009704
229595,-0.1486392547749995
319953,0.10113169396500066
104725,-0.0643795063799999
11843,0.0649343955100008
236690,0.1145992281649999
69804,0.05596119119499576
72465,-0.1432337133750039
231125,0.14966630783999957
14314,0.14383035197499972
76915,-0.1127680694199995
668940,0.14605613374499837
22433,0.04639172859999974
83993,-0.12132202079499921
15421,0.25516360924999937
14678,-0.071780741199996
69836,0.17666162203999924
67212,-0.05635531333999566
57278,-0.15671528676999902
109331,-0.07146134794999881
239273,-0.09955415249000055
73435,-0.11622495286500101
117150,0.062483440569995
15381,0.06299039994999944
66622,-0.07447553025999909
15891,0.16587816751500029
19094,0.08786720380499702
227746,-0.16235270757000198
57265,0.18809364272999884
20592,0.26164537981499913
16195,-0.13830363615999985
100216474,0.14654883544499864
66844,0.16641036595000092
20841,-0.14834733506999775
19679,-0.10210725055499736
235134,-0.18842282702500146
71968,0.0528767238999972
17876,-0.12390272109000389
107182,0.07632311744499454
494468,-0.15260971998000095
56220,-0.10106165423000135
21399,-0.11980508758999697
22779,0.16284025952499448
18830,-0.07812901066500366
228136,0.06788185227500065
76650,0.06036690424999769
73340,0.1571332343000007
15502,-0.22227597137999933
72393,-0.1385416930199992
433292,-0.1824253932699973
140577,0.14698743795000002
207215,-0.16879986990500084
225638,-0.12118640605999964
20983,-0.1930504410499987
70225,0.07094380514999621
213539,0.174796684805
207375,-0.13963523739000028
242384,0.144485467275
69726,-0.15433873439499912
65963,0.1050075016099985
103213,-0.1106768988549982
11870,-0.12405125307499931
229700,0.12613652007500065
22024,-0.17602040832999988
74117,0.07635856409999242
11782,-0.14215491580000084
15384,-0.06297811955000654
67951,0.08722553446999903
80883,0.05757196730000036
16671,0.11598951538499813
215114,0.1514290448900013
26945,-0.1563607366900004
280645,-0.12020254049000023
107765,-0.19495360464499978
101118,-0.13717552256000065
14904,-0.08264346447499982
66985,-0.059282801615001546
26405,-0.14766529482499813
246228,-0.17612768234999843
68703,0.14465120623499939
232714,-0.12114227677499878
26414,-0.21192216299499922
14428,0.11309361379499983
14430,0.12197026160499824
68816,-0.12748941831000504
14718,-0.15597605437499418
18041,-0.1583124406500005
66361,-0.16204521351000167
21350,0.11420986390499843
67680,-0.05316351634999705
217337,0.0867197050399966
226049,0.16533500580000027
24087,0.11632878096500132
72149,-0.09895230724999138
22626,0.18566224186500335
11837,-0.04244064170000783
11863,0.0715522479799997
74249,0.21953980903499914
229725,-0.05598199015499716
69281,0.15424785763000015
20848,-0.07426134140000684
259301,-0.1387200284750012
22619,0.15669868619500082
16402,0.09621896879999614
57246,0.11625082872499926
52245,0.12679542784999853
73137,-0.24510733507499882
108653,0.1738660380699999
75627,0.16729531411999865
243499,0.15030641454000104
14623,0.1055624263599988
108657,0.0522901025500051
24051,-0.1523740420549986
229782,0.13089121695499806
384309,-0.06006459639999839
242202,0.12102943627499663
229096,-0.07774912919500387
332937,-0.19749596694500138
27404,-0.17083367436499808
110749,-0.06742399953500566
66817,0.2273876325550006
108069,-0.13141645119000067
231858,0.1605274294999992
26394,0.05651388005000335
22214,-0.1591485095299987
93746,-0.1855957658450036
19655,0.06761954681499649
252875,-0.22647730344500516
230936,-0.1914427460450021
215332,0.13964969644500158
54610,0.21534499499499882
11409,0.1700122970549982
338349,-0.12346492404500431
382018,0.1534643404549989
77128,-0.15210533713500407
100039795,0.1155780429000064
244216,-0.06075892559999829
11550,-0.16909926121499952
13860,-0.15562653835000084
20649,0.10713924422999987
667742,-0.17437840474000232
20191,0.1483435857050015
97086,-0.18515618690500402
66664,-0.0935531366950002
71279,0.19279358534000046
54377,0.1574089218900001
12514,-0.0804087172500001
380684,-0.1738547041749996
213019,-0.06414038710000369
14234,0.17501084394500266
210762,-0.16349145676999965
382239,-0.11858747282999893
11308,0.08467201911499878
13850,-0.12500261692500114
216792,-0.1479914749400013
142681,0.11731183188999683
20874,0.17372089078500075
73024,0.05954741197500368
73822,-0.05096466845000158
225020,0.052915503594997304
59026,-0.08337159994999865
66193,0.06038125994999177
14395,0.2054107249849988
68833,-0.1186787381799963
17532,-0.11686671673000504
74386,-0.10012500961000192
11750,-0.05139886207500233
229211,-0.11322305064499716
18295,0.1381383780099994
213783,0.1328819930950007
28064,0.04897952392500571
66911,-0.06530289931999533
12161,-0.1707632505449994
11303,0.13252883827500028
243867,-0.10904520261500039
15185,-0.07329011531500296
14397,-0.23948079671000144
75622,-0.1697594741500006
54215,-0.20729141944500018
55935,-0.15905111812500206
71769,-0.1815583009400008
237542,-0.1815583009400008
230025,-0.13810887302500152
13353,-0.1824865464900034
52028,0.15002058569000187
244962,0.1224364678899974
12723,0.16100781956999866
212880,-0.1000122198399982
235283,0.140917433944999
56458,-0.09516296094999888
11539,-0.1464121250199999
100532,0.09723273898999629
66717,-0.15042530810000043
213011,-0.1510561361200029
11520,-0.09624678023499911
20211,-0.12792850250499965
70573,-0.15021909546000511
218440,0.12816635210999827
103583,0.0587823532449967
69572,-0.13011853444000465
234854,-0.08801593717000245
108083,-0.07074457005999868
14567,0.07357966287000028
270066,0.10555763843999344
54601,-0.2219494892000009
15500,-0.147341588385002
381695,0.13091911658000033
71765,0.07257523170000546
109095,0.1288401590349979
230657,0.1641308025500008
12488,-0.06572983097500007
22272,-0.06794732915000345
18584,0.1525403750400045
20494,-0.20582417391499863
74023,-0.14118653850499951
67145,-0.06403025810000251
75396,0.24548642835000134
19250,0.1831632752600001
14884,-0.06227600360000096
15107,-0.07782093304500393
19981,-0.04847411030000259
66365,0.11659354268500177
225362,0.09474732857999957
18505,-0.2118910234899989
15441,0.0539424193500011
67971,-0.14239239316999708
19173,-0.054306746050004406
54394,-0.06550228474999642
320311,0.12134930096499907
246316,0.1091644776700007
114712,0.19726943823999976
24000,0.1409055314700014
279028,0.1584665872000004
20464,-0.1370436541850002
98733,0.14397874490499962
330192,-0.056916665400001065
22218,-0.04778124944999895
16478,0.056896537599998354
12831,0.1282490492000008
74201,0.08868427909499577
56794,-0.14558359627000073
109135,0.1313918908199998
77219,-0.1367972268500024
171166,-0.12309693103000363
23986,-0.04856481435000504
239336,-0.168811835435001
16886,0.1587876575150018
109229,-0.06790560555999825
19063,0.13018597022499634
64580,0.1408035447449989
15168,-0.21599264138000063
75029,0.12193238114999616
327826,-0.08349480861000558
83703,0.17491443004999851
72323,-0.1471322178500003
16779,0.15699050098499923
17927,0.13502274920000001
56323,-0.148437041210002
320858,-0.15685747657999904
18578,-0.08182031122999511
74362,-0.17041865293000003
76299,0.10605639287999935
105171,0.10673763310500117
56207,0.047844169999995856
239420,-0.10161298710000288
69583,0.09127725743999804
21784,-0.10395033987500124
320438,-0.11931497198500463
67458,0.12157533140499766
18670,-0.11036153849500607
11815,-0.21122906663500185
21856,0.05948317048000007
22083,-0.1628981174199975
27057,-0.05263736719998846
74018,0.12136756493000078
227157,0.12136756493000078
108098,-0.09397166988000372
64657,0.053809421950008485
269254,-0.07575490034999532
230484,-0.11342974342499978
268860,-0.16335879893000183
11777,0.07323312629000078
27215,0.09247999422499831
17524,-0.10342311670000193
16328,0.1660560293199982
233900,0.09924991312499998
12532,-0.1741187462150009
104836,0.0625839244299975
93790,-0.06018134759500171
71436,0.08523201544499992
109791,0.1185890283549984
20744,0.13612021312000167
57339,0.1516209963400006
60345,-0.13802260004000066
229681,0.06940839505499596
328234,-0.2377740923000009
12387,-0.09382613522000582
626870,0.12176681515999954
380601,-0.10309507192000567
259300,0.07802569395000081
231098,0.10767370815000055
71300,0.17160551619500009
74213,-0.06060157452999526
94352,-0.13170924068500156
244871,0.10068778016499902
20641,0.058356511430000424
211945,0.14884621858499925
71998,-0.11268079515000018
252974,-0.11445108766999823
18232,0.19445309564500057
621976,-0.15869253621999846
56691,0.14571262522999895
12740,0.2797107021849987
12234,-0.11437006606000288
18996,-0.42185498106000185
235587,0.17112370897500195
226115,-0.1786921760350011
75329,-0.16210572158500058
26562,-0.11678460822500192
18577,0.15886359447499654
78937,-0.13395664407999952
234825,-0.047030764400005864
71742,-0.13194534368000177
26411,-0.07275085275000492
18971,0.07273881536000282
237213,0.11928506729999988
73379,-0.12408222892000076
27756,0.04818063902500036
56361,-0.203672293084999
433766,0.17490339588500037
231861,0.09525354540999853
56354,0.06125785644999837
230257,-0.08216391700000791
16418,-0.059455073350004994
268890,-0.14004949147999834
74522,-0.13673241138000414
76795,-0.05718467148499862
77042,0.1769324085700017
66085,-0.06108884979999907
19332,0.1486109344549993
72183,0.0744799694499978
268973,-0.19079586397000092
117149,0.08526548151499735
16598,-0.07437854659999665
29809,-0.0532768505800032
240832,0.05886012725499867
65107,0.05872515283499702
13854,-0.04272460810000567
50933,-0.1436299965949983
77055,-0.0861112152599981
16326,-0.14520774000500136
170952,-0.16155429967500057
56174,0.17518862259499723
12452,0.12292256757999809
259302,0.1320983168249974
30791,-0.09244412752999587
237775,-0.1460595999250014
110893,-0.11687390069999637
67255,0.14043642536499767
74026,-0.05402828045000696
17182,-0.15099109000999844
50789,0.12208415876999812
78656,0.2143484743150026
228829,-0.09396995501500349
78541,0.05561504611499757
229504,-0.13866946853000073
67842,-0.1115210531750046
19896,0.06312056349999651
60441,0.13176730829500372
20504,0.10205486541500175
243912,-0.14715520045999764
20338,-0.1248693740150042
216033,0.1088690340299987
20620,0.17093451678999916
105638,0.12279898828499558
319695,-0.11723545217500053
219228,0.2667667922999968
93735,-0.15456275254500262
66113,-0.13641738091500244
544963,0.11789154512499866
13608,0.2023532248150035
23863,0.12195481026500055
110197,0.16359199482499864
18979,0.06458549685999992
237928,-0.1536194773699986
105785,-0.20389581491000008
17695,-0.14529886727500108
66070,-0.04375569660000522
18626,-0.0952491458500031
71793,0.0673076355849993
232875,-0.1389250923950014
74549,0.11072133707999576
19062,0.07906328261000262
319642,0.1039691494199988
77827,-0.2553241433599993
76499,0.1898560955500006
170706,-0.07066188884500413
101613,0.1452947915849956
53421,0.04733505905000257
105501,-0.0830211210500007
72029,0.11193365140499978
68526,0.1367988553350008
65105,0.04935026935000231
66416,0.04639517464999621
11920,-0.07971656422000528
223827,-0.06404094734000054
11857,0.0628702053000012
170725,0.13973809282999827
69371,-0.09927579585499835
73453,0.1460753429499988
13542,-0.06812814521500066
16800,0.06563083444999762
70417,-0.15889154285000018
224143,-0.10994716155000095
235028,0.04357658207999826
231086,-0.04931719885000341
27406,0.04956783085999916
56185,0.08058351513000117
14042,-0.16225481723999913
57259,0.06478435476499733
20832,0.05837173329999601
17777,0.0903738653249988
16897,-0.10413300655499969
26878,0.1142925075849992
20689,0.17332039466500104
64144,-0.0841112856050028
14343,0.12571721367500022
11425,0.13613396113499965
19024,-0.14297974324000062
67308,-0.1711377775999976
319370,0.041531803200006934
278097,0.08279843377999896
11448,-0.11626542671500095
18451,-0.09532744953500227
269642,-0.10991061889000164
114615,-0.06814531731499862
105675,-0.06408466255499867
353130,0.16495477156499838
111175,-0.1751911118249998
241919,-0.19855733795499964
83554,-0.1513105017699985
14726,0.17924709720999976
238328,0.11913155400499953
22439,-0.17061762041999717
54392,-0.17133027034500214
68212,-0.05418871561000316
57432,-0.07661978324000085
329908,-0.15520382892500173
140475,0.13813158465500042
237911,0.127865957950001
170745,-0.17307654858499788
69076,0.05344885363000351
330938,0.14154793964499568
12391,0.16728965674499863
228788,-0.15905324899000117
20316,-0.044611452250002515
64008,-0.13970842480999934
15288,-0.16648039177499996
30878,-0.10775136609500002
60595,0.04900451351499768
76789,-0.09425638431000216
246727,-0.14824686545
68576,0.04676691770000119
16518,0.15626852335999786
224727,-0.05979452694999665
271209,0.13115966727499906
22019,0.1668471001149996
71782,-0.17455055436000144
14447,0.13346394998499989
215095,-0.1977493545400013
72432,0.1580317417849999
67665,0.051131803979998836
53869,-0.06678697426500335
319634,-0.07972184669499915
224613,-0.12985023421500408
320790,-0.08123831609999854
13998,-0.18128785740000541
272027,-0.13781413622000294
54609,-0.10679992261000049
140493,-0.10335088994999886
12651,-0.060862444010000516
378462,-0.10649542131000178
71712,0.1243877737249992
235636,-0.14829114587499914
12506,-0.05845072075000246
67936,-0.0758068606800002
14711,-0.1398331078650017
66171,-0.06541687715499833
407786,-0.2655433022449998
21982,-0.09809325139499414
12892,0.16875704868500074
380712,-0.1048979773450025
70810,-0.27087676568500063
56643,0.25411485625499974
211006,-0.09096735737499717
216188,-0.11842387407000032
94246,0.15339019470499782
226245,-0.22583268351500152
76893,0.14710601920500466
234677,-0.22186524903500038
24111,0.10860808783499998
52666,-0.15469804373999896
11984,0.04192999659999508
224481,-0.05947100552500295
234967,0.1083011429899976
78911,-0.17459683581000007
226169,-0.11036150425000368
14571,-0.20040016729999977
69215,0.21393472309499817
19654,-0.0701314282400034
215210,0.07148788488500202
12294,-0.0805597115400003
56636,-0.11632866584500068
105522,-0.07372448035999746
20525,-0.08892456679499894
232341,-0.07944942415499945
17922,0.11181023419999825
78797,-0.04261127149999666
22642,-0.21222191550499936
56336,-0.0658454743799961
71960,0.15014424514499947
18015,-0.0969686967150043
53975,-0.09808552592999842
22173,-0.07875135953000356
75540,-0.14379605724999944
20530,-0.09234161200999758
67036,0.06830846459500073
70356,0.04809398744999882
260315,-0.14816586395500053
15170,0.07966488154999496
233904,-0.13461925836499944
332397,0.1473926755199999
13666,-0.1151540167449987
80752,0.11565213788499928
22670,-0.045120907550003864
268878,-0.11333487324499991
19732,0.06742418943999873
12904,-0.09498215406999755
210801,-0.10757696295499786
209018,-0.08471055956000129
226856,0.07057366131500054
17252,-0.05607817945499782
13813,-0.08387945349000248
78816,0.07855636134000044
15399,-0.08966797166000218
76282,-0.08200249045500119
109342,0.1183279861449984
68307,-0.17304444917000072
22059,0.15139535809499716
66995,-0.10318365818000075
110855,-0.11750857103000012
209462,-0.08869859861500196
70294,0.06178430666000345
11772,-0.12568050149500465
227693,-0.06252326000000963
381379,0.07959412488500117
241547,0.16453536065499996
76192,-0.11910281689999902
104271,-0.18323513755500054
71619,0.16887569460000007
207592,-0.09668886138500277
67269,-0.13912283079000343
233895,0.05505540015000143
76089,0.1392053146500034
106582,0.05004011273499742
70892,-0.13315385040499983
22195,-0.04024750100000496
99003,-0.11860477676500114
56356,-0.05091367849500017
20346,0.1664974494650009
109731,-0.13965454758000106
20452,-0.06761889225000317
117146,-0.05613417487999861
240869,0.09444172930500105
232345,0.10562850185000094
75423,0.0463263145300008
11980,-0.0728504578049991
192140,-0.13761745674500236
18124,0.06291997852999875
11363,0.18185493252000295
74133,-0.09024376997999894
26568,-0.10487883764499895
69481,0.11738717114999808
18222,0.1115463844200022
70804,-0.19738352990000063
18559,0.10608759997999773
67141,-0.20334988558499845
83984,0.14566971280499796
230935,-0.0731055709300037
19222,0.12357058342999672
29869,0.1312615724949957
74320,-0.10116664536499798
23882,-0.04834623865000154
50997,0.1472560036599999
67136,-0.10433871484499946
15557,-0.22466469334000028
68463,-0.047113802549995754
621239,-0.34298602501499786
64930,0.09804846932499345
13433,0.0998910246050011
20471,-0.2374415363049991
72293,-0.05544519716000451
217011,0.10419787400500002
21933,-0.14706163452000176
72611,-0.04451100055999646
13869,0.15565008979999995
216233,0.14764401890499812
230661,-0.0864999586049997
216136,-0.158852598664998
12552,-0.23673752806500126
16522,0.10209996115999864
225266,-0.13372664498000297
18019,-0.08614249987500067
72371,0.11875439246000097
50799,0.10709281831499773
67333,-0.1339211060600034
192198,-0.1047375192150013
67553,-0.12784451258000074
74087,0.14083122768500012
240411,-0.13987742457000163
225642,0.1120366494899998
18583,0.07869556630999597
16987,0.11289798375000082
67338,0.10521298839999638
18205,-0.1584016187849997
108096,-0.11476074167000005
211673,0.05644425270499731
66340,0.04036827464998893
75782,0.11892558768499839
71699,-0.16745801980500552
66169,-0.046884026650012345
21869,0.06504387344999873
72454,-0.06061178720000093
72388,0.09176232071499868
403171,-0.1909928581999969
67760,0.1272995744999985
16828,0.059414341699998374
78369,0.1502372584450029
15433,-0.1480955464300009
20521,-0.12386693165500029
233315,0.14746190203499854
69769,-0.05358392169500448
66859,0.11130345077499904
80892,0.17855716102500008
71999,0.08007093931499654
74004,-0.12013138877999863
70762,-0.06148893435500291
110078,0.06267171527499826
18109,0.20686998793499933
54445,0.07090426819999074
110637,0.1515338933250021
16658,-0.11869303487499838
20132,-0.07596138292000143
239364,-0.12558610384500213
66072,-0.05093472447999936
76897,0.39103054574500007
237988,0.13662144100500218
26987,-0.04277359410001225
54721,-0.13199345460000256
72026,-0.059744321140001944
382406,-0.1356200861649981
23997,-0.044818270655003545
53970,-0.18317104264500195
11658,0.07881124956499619
110119,-0.11730547137999991
75647,-0.13769816763499598
103889,-0.11463810482000181
71020,0.0810122581649999
246086,-0.16310362501499753
11761,-0.10634316724499904
232414,0.16541770762999963
12870,-0.126580628909998
74388,0.05929296761999936
338352,0.15092542462000047
70093,-0.12464312862000071
209131,0.07464196247999766
76687,0.05832890083000031
108954,0.14559756107499933
218977,0.1543850487499996
228960,-0.11929461456500245
69024,-0.10260049610000799
270058,-0.07661320115500736
233979,-0.10057321992000112
15939,-0.15299269827000295
71046,0.12790402967499936
243372,-0.10905784266499907
257633,-0.08025952435499839
269470,0.06810147681999545
20745,0.12777301948999842
241035,-0.124224303270001
347722,0.1514827170999986
212307,-0.07060747045500015
16199,0.14551586049499754
75613,-0.13419589219499795
108686,0.12266192871999859
83814,-0.12277944688499964
117109,-0.054269199000005486
16796,0.13489375152500038
213081,-0.13610410390999972
140765,-0.09701200111000219
546840,0.1185565686300003
67030,-0.05539340425500505
14415,0.0787320784099963
213084,0.16374155457500272
108068,0.09918684531999844
268663,0.08831464661999888
21427,0.09602426593000057
20378,0.14873646560499942
16576,0.16384236149999953
55950,-0.05641081634999878
70118,-0.12747087725499906
72960,-0.09474990531999872
223332,0.1477023133849995
22295,-0.10125432965499925
19419,-0.05401508345000572
70385,-0.14460018326000146
13166,-0.09819914586499934
75623,-0.12124412126999928
171207,0.05689051030000236
50523,-0.044850975024999684
22224,-0.05861591549500389
76816,-0.0726218184400027
226025,0.11711909289000033
17380,0.19784619226500055
17978,0.05546966302999934
22688,-0.1695663169400028
19047,-0.05306895090000374
18457,-0.04388560040999856
76007,-0.12875882622500434
93872,-0.1298605948849998
14859,-0.11218977076000147
232925,-0.13210660348000047
170828,-0.1644716734750009
15209,-0.10289421642000018
22415,-0.12036719011500097
17193,-0.11222794286999971
14583,0.0963009461100004
68597,-0.08320512807000213
229644,-0.42026712514999787
70110,-0.04757010250999727
230738,-0.10737800714500167
64660,-0.04742325370000344
67824,0.1112887402400009
118451,0.15441613588000092
320405,0.11546228401999992
17718,-0.05280743060000148
17720,-0.05280743060000148
23968,0.1429745196549992
12143,-0.16992236346500622
11304,0.1292888318099994
14228,0.06389691018499466
233532,0.10922648799500045
193813,0.06032773552500004
67367,0.061607318679993917
12653,0.09318358801999826
11836,-0.05554324800000643
229521,-0.07146093888000227
208098,0.13881422415000078
108911,0.07451725151500099
319740,-0.06156450075000386
78334,-0.05161523126499823
52469,0.04215946949999605
13796,-0.10927665845000067
70885,-0.06993389081500556
22215,0.13436678865999951
12795,-0.10459488299999986
67305,0.0893829610099992
67337,-0.05363178484999942
66673,0.2238844330349985
15931,0.08290444739999803
226144,-0.06789515208500241
235661,-0.1483783352899959
100038347,0.07251856271000356
11767,0.057942844899995904
100504164,-0.12904210124500182
67276,0.13375830185500082
269855,-0.15859637884000222
67701,0.10346304865999922
99439,0.05229125327000084
72098,-0.09827107831499582
93890,-0.1736614298900001
69890,0.15683385051500043
66758,0.10416952904999865
217082,-0.1062707501700002
11754,-0.11081633630500232
20931,0.13313596960999696
381485,0.13421428927
330171,-0.0969140843500016
76167,-0.08590254252500173
110593,0.11845956135000435
52530,0.047150940550006126
245381,-0.17043170360000026
72046,0.13659366016000707
67948,-0.17326262395000036
12591,0.11847834594999851
56376,0.1287183391200033
19157,0.04215950949999403
56727,0.10537235972499648
96875,-0.08169079783499988
233733,0.12922371950000056
18044,0.16938071273999977
108000,0.1266966692100011
11818,0.15009557145999874
24010,-0.07210568410000029
52686,-0.11219854693999931
52793,-0.1223076183750007
72043,-0.1638715630700016
12476,0.09072736007999715
67480,0.1078250626100008
14079,0.1605916800649987
77116,-0.14320847783499957
78670,0.14278342020499757
17463,-0.06305614081000321
117197,0.09646200607499189
78038,-0.11756252147999913
76357,-0.11168354966000216
22437,0.12979319068000095
108699,0.07587596850499878
50798,-0.05486740131000012
22004,0.0806662701250005
20444,0.09026968795000023
70807,-0.04339750141499543
73569,0.16488904625999945
27878,-0.14579740272999864
30057,-0.05247879060000393
73174,0.06288433427999607
13043,-0.1738856442450052
216846,-0.08170930961000078
22063,0.13897853356000134
30853,0.03666740235000354
11826,-0.0774254257000031
93689,-0.12602002518000033
20186,0.12800280292999577
13801,0.11645389480000068
13688,-0.0515155714000084
381269,0.16536971657500077
66632,-0.11192242275499797
13204,-0.16679289756500193
210741,-0.13981222402000082
78306,-0.1117200884800007
72103,-0.0880655244000037
233115,0.12611479110999735
51812,-0.053719500950000665
74691,-0.19129927727000373
212937,0.1869363598199998
68836,0.045792541350003546
93677,-0.16773213467999915
18551,0.14222937545499725
74711,-0.10545289284500026
217695,0.130060159040001
75124,0.11216115065500176
66931,-0.06632495662000348
217866,-0.14497067205000214
54131,-0.06238350120001179
56447,-0.0397564364000047
13495,0.16814600316499995
212326,-0.09155981058500284
192187,0.119446417985003
56480,-0.16188456998500111
114640,0.16395871357999958
105689,0.04691866689000257
67790,0.19315615621000148
235567,-0.09034795378000116
57749,-0.10054704927500069
51786,0.08968428032499887
18037,-0.13852723146000123
107221,-0.15387549705000092
56626,-0.05283852498500252
192195,-0.1339122190950004
56705,0.07579709862000072
74571,-0.33021520783000113
58180,-0.12466980788499793
104625,-0.045540987250005216
244885,0.09529182864500108
70240,0.07273548200999791
18424,-0.14578352770499947
17705,0.03801665814997435
17710,0.03801665814997435
268996,-0.0578999582300046
243371,0.06730162953000018
67150,-0.06310661011499885
102334,-0.16745270037000282
11783,0.19525233674999942
229584,-0.12522048413500286
12628,-0.12686836120000056
64656,-0.034875430350000514
116838,-0.08882355835499922
76071,0.04094638024499986
223658,0.1619828873050011
213773,-0.16109808828000105
76485,-0.05880073976500455
215855,0.12622157934999878
244373,-0.10876449694499879
17060,-0.06067683904999832
19139,-0.04663830422999382
72654,0.03451144545000595
80987,-0.1333971226200017
233651,0.09400828114999893
69171,0.03373823409999943
494504,0.12796170048000066
211936,-0.10859686161499749
16190,0.06475084920000107
19009,-0.16755005175500415
11737,0.057083948449996313
66337,-0.11499752885000003
98386,0.0426077639499951
226040,0.09830642517499966
233919,0.12850595385999952
26908,0.14681666000499938
230789,-0.06447772032000287
330502,-0.08878380113500128
213121,0.08706187664499865
12325,0.0636736236000015
17423,0.0636736236000015
114641,0.07453311635999782
629147,-0.06679905713000034
76952,0.07349758129499673
338337,-0.1544887210450021
243339,-0.11493692100000441
17342,-0.08861603791999695
22787,-0.13543598147000058
21463,-0.10048098292499752
74563,-0.08703355035000016
19647,-0.15530525838000298
67966,-0.17886685386000423
26968,0.38170581958000005
99982,-0.05061597185500233
22184,0.09972515814499694
319758,-0.13726070887000308
225849,-0.10570680167000468
12539,-0.04475822375000682
114142,-0.07842764502500099
11686,0.09050798955999984
338367,-0.10756332150500292
67874,-0.10718678633499845
78339,-0.04141231860000083
20264,-0.170451847690003
13107,0.11424340617499995
224697,-0.1247251551650006
19883,-0.13882511199000458
233276,0.12958056494499903
18993,0.15764392035499863
16907,0.04025501334999859
30055,0.04025501334999859
208169,-0.18374623490000053
59091,0.14820136763999958
74414,-0.07294873250000578
26895,-0.10598004349000689
68292,-0.058117931440003545
17918,0.12174137432999821
64113,0.0923539130699993
74204,-0.0986745190100029
215627,-0.11452414715500225
20190,-0.10325580543000079
19414,0.07188195089999638
67709,-0.10556008302499942
53599,0.04441730794999721
68680,0.11863371150999846
70044,-0.15429214279000103
228801,0.07261813689999919
17765,-0.09658118410500371
66411,-0.052307368215000594
76478,0.03636586085000104
66047,-0.046140402580007844
14731,0.07699639447499873
241520,-0.09344914796500259
70881,0.1236713855999998
11306,0.09901274780000069
64933,0.07223021201000179
15165,-0.17793665262499925
30840,0.0921071579549988
14175,0.08658983144499999
20351,-0.0500685878500029
64009,0.1036414528049967
20402,-0.07021019826999986
54218,-0.04951729893999968
67213,0.04950746334999856
69276,-0.045050842449997575
73748,-0.1080808339149999
98741,-0.2091524663650004
266692,-0.08038782538500122
56805,0.08582029136999658
72094,0.11790217697500172
209446,0.041086140705001384
18576,-0.06912655634000764
75692,-0.0592029951749975
24045,0.05229915639999838
236900,-0.09453363893500111
70208,-0.13504063344000095
18763,0.04615972342999797
56533,0.1648407939600003
59013,-0.05851378939999918
245038,0.12942615939999902
22242,0.14975475807000027
18552,-0.09511903633500163
226982,-0.12463347768500022
15430,0.14331100596999935
14421,0.05223019509999993
20520,0.1025642674700018
24115,-0.11046644777500081
13172,-0.10918913382000062
319565,-0.13197737112999786
12638,-0.10905660198000433
14055,0.04653850315000163
67236,-0.14162578084999833
77777,0.15238425792999877
317755,0.1857452696199995
12491,-0.11754603252000528
66628,0.10703051786000017
24056,0.056672292440001826
104111,-0.12562882636500117
18189,-0.17768595216500094
102632,-0.1257014637750018
83964,0.13500466341999928
207742,0.0635388256949998
66273,-0.09071071906000494
13078,-0.11558151491000279
11548,0.08532227324999475
66412,0.13546677341999924
13135,-0.03871882535000104
11886,-0.10535781244000209
319618,-0.06434907192999795
68668,0.1687505997950005
228482,-0.14183806452999814
320360,0.15850838674500034
14911,-0.05909536696500339
21405,-0.12547767045000047
63993,0.12566747728999816
70054,-0.08793896549000024
66892,0.0887144855949984
83679,0.05152982775500092
224090,0.161852887104998
81702,-0.06215201239000212
193034,-0.12845549730999917
107527,0.13333566077500025
14775,0.04060767909999541
73062,-0.0636668512500016
171388,0.12404326321499859
70387,0.06791136569999878
99526,0.10870656396499889
66578,-0.12359952632500004
13199,-0.12385671581499924
56494,-0.04325157829000048
320707,0.07745582759999925
66357,0.056957387844999374
75320,-0.05502338681500518
17716,0.059806384149990066
17717,0.059806384149990066
14281,0.1482713257899988
21943,0.10937716214499993
21973,-0.09307095752500061
237890,-0.1828978132400012
66441,-0.08740060230499935
226999,0.1120256278699987
20855,0.10037169332500007
19090,-0.10553361686000073
63859,-0.09022040087500649
68611,-0.06290934427000128
71919,-0.04243374680500267
70166,-0.11204589643000107
12854,0.10770198449500068
66795,-0.10583758903000096
66211,0.07724733112499838
212679,-0.09859880956000211
12154,0.16475561286500007
224762,0.12502447728500066
73259,0.1496109761150004
71902,0.0701883699149981
83925,-0.09276359599499884
75718,-0.1666662105250003
12607,-0.06471085080500316
14088,-0.15243572647000025
72947,0.13112043354499914
104360,-0.1469273730049987
212508,-0.16704575875999872
69146,0.04408425570000318
66235,-0.043727453969999885
269999,0.04284630219999919
241447,-0.08194226961000073
93871,-0.09627650884499861
102060,0.04068137755000123
80888,-0.12383665990000292
16666,-0.10264024895000112
241118,-0.13798806901500082
229055,-0.11106334894000014
277973,-0.11393968173500157
54188,-0.04158624546500178
52020,-0.14399069019000033
15902,0.11171223508000416
15438,-0.11086287294000119
14816,0.10112258818499953
26965,-0.050263177905000234
16526,-0.16007918829000056
218544,-0.1060837830399981
54616,-0.04505516839000201
67096,-0.11545568462499745
214240,-0.15647212262999988
214791,0.09335993728999847
245527,0.15204640100000066
12317,0.042586535299999895
217198,0.14755699992000082
76547,0.08452231723499626
72552,0.12090384937999854
15132,-0.13237575323000428
74105,0.04554493409500182
622665,-0.08205555693500433
67769,0.13449819338000157
230734,-0.0651909661049972
12068,0.07695829509999719
22319,-0.08835055392000157
50794,0.06565704470999378
72238,-0.1849863662200022
194237,-0.10326507992000211
107477,0.06251599798499186
56737,-0.10027221054499869
218756,0.05389992172499625
269016,-0.16683365915000037
223255,0.04229014499999728
64074,0.11129615959999928
69349,-0.11218889753000028
54161,0.14537952696499978
67013,-0.08727489596000115
74137,0.07647274911499746
67224,0.07206092318499735
21983,0.11497311572499935
76178,0.0728897512400053
433904,-0.08826631609000213
70829,0.04545513108999888
230866,-0.14651172030499726
319765,-0.1258424864750003
18938,0.04825913664999959
56530,-0.05383858361000016
338372,0.16273887845499857
68738,0.047424340650001895
74890,-0.12264307495499782
209027,-0.11342466105000248
214084,0.10167939050499797
69519,-0.0724677707000021
100042150,0.08834156282500238
234076,0.10411312542500184
77040,-0.14663903674000256
103806,-0.06036210173999734
23888,0.15939511062499756
68401,-0.043489251149994246
70435,0.04961843074999983
668433,-0.10487619684000116
381990,-0.051845353904996117
73490,-0.09824751250500174
110962,0.0505659961999978
624224,0.3156342676149979
58205,0.08693379657000211
333433,0.10522398444499714
67040,0.057687135499998377
211255,-0.08379452568000278
230157,-0.08423114312999935
271970,-0.09926109410999873
74254,-0.16381492245000295
12776,0.1540355436799974
77041,0.13847629270499429
69188,-0.05496008329999569
192167,0.12478249757500093
18003,-0.06909870895999681
212391,0.06212836578499914
14697,-0.09262515046500042
16533,-0.12418460312500068
241627,0.09747532238000023
217012,0.11772623903999957
50493,0.04348589508499856
68260,0.10296209013500413
211798,0.10963437860999958
22283,0.10869873118999873
380669,0.11048325915000001
14677,-0.14570530101
21855,-0.03617958515000019
67622,0.14053895763499824
78785,-0.10082745622999845
53885,-0.18441329717499855
16581,-0.11305677474500087
16865,-0.0713525649250002
12830,-0.13981391390999764
18472,0.03399348069999952
71306,0.1311066018649969
20732,0.09963980937499795
76223,-0.11111368448000025
213575,-0.13660641098000337
71566,0.11379855076999856
102209,-0.0539699259700015
26938,0.13506414188000004
74716,-0.11581337101999933
13684,-0.12620857537999797
22352,0.05530526815000236
12326,-0.13862409707000012
626596,-0.13143436470000092
380614,0.12669257542000079
66526,0.08345091270999916
234384,0.12634022197000228
53886,0.0846215053549999
216148,0.08683689074000345
73914,0.14628830988000452
226265,0.19070956738499945
71703,0.0777086250950001
12418,0.061706570239996594
78610,0.047276439849989416
382051,-0.07385826672499896
52864,0.145313909455
20509,0.13704496492499985
243725,0.07556902561999745
240880,-0.07947167585999981
243846,-0.09150469278000628
56036,-0.04083640850000769
13859,-0.05920213578999878
117606,-0.15050405686999957
19046,-0.04249813599999719
18646,-0.03654906006000225
16971,0.08175722045999745
16798,0.13596069378999864
66083,0.05035229980999567
228961,-0.06270543197500267
67473,-0.10248006853499936
18769,-0.044698018249999194
74559,-0.04653344816500038
225182,0.09809654805500045
71069,-0.1016121736600013
78469,-0.10152251619000019
50771,-0.08509607744499537
68758,-0.04405153215999569
22592,0.09386316573999398
18768,-0.061821076685001586
71096,0.17539702850999994
71325,-0.1441735912399995
380664,-0.12108258377499848
241296,0.04556301539999552
22668,0.05243005472999229
58231,0.04767717610000055
382038,-0.07276735965000558
13559,-0.07806399522000174
233876,-0.1026397799500014
353328,-0.07634102584499924
27049,0.07078556258999491
67178,-0.08271434564500346
67164,0.1900158735350006
81909,0.07976695380000365
20877,0.21246926161499857
18716,-0.11548968173500196
14595,-0.034819638200000114
81898,0.11131078826999907
20740,-0.07223093810000059
433294,-0.10585711401000175
17281,0.04584869499000099
226849,-0.045312095250000795
67437,0.041189554684995855
269063,-0.14695471754500478
16211,0.05785423326500094
20513,0.0933451604649993
66144,0.03121285679999808
104806,-0.05602997974500212
51960,-0.1638965715850027
545486,0.07608258889000474
66398,-0.061022981124999376
66822,-0.04756313966000292
11842,-0.03859432660000195
435965,0.131697405649998
106759,0.08631049913500188
77090,0.11538281847000142
192169,0.05129942344999705
71729,0.10079886773499958
235584,-0.06856332839000068
432839,0.07350759162000253
74316,-0.04406757372000136
239552,-0.06886031559000205
236732,-0.04408951154999308
237987,-0.12632784257499985
67155,-0.14601273118000258
20230,-0.06981431825000328
233878,-0.05842034409000085
574417,0.13470061578499504
76877,-0.10004456321999822
71893,-0.09960802208500397
22720,-0.0549998377000005
225339,-0.0575501911000007
244853,-0.09349397532000214
382118,0.16722106165000117
110821,-0.09015046853000008
72053,0.054624298884995426
109648,0.050760390000000655
224224,-0.10283670805500034
241275,0.12832039478000112
245866,0.1525577460350025
215160,0.11398286586499573
66765,0.106021467929998
223722,-0.281286698455002
27045,-0.05495778106999616
16875,-0.11607551973999986
22764,-0.13937334582499705
107260,-0.06369950050500428
19219,-0.1181478256150017
19752,-0.1405146436749991
75571,-0.1151403376750002
54648,-0.14894829289499922
20514,0.03937037125000664
268288,0.07397895448500158
73102,-0.07094552928500253
260408,0.10255364202999795
52668,0.06747182849999867
18476,0.054474399505002324
13505,0.1697065097049988
78266,-0.06010095579999941
11974,0.03748052914999889
229574,-0.13010550280500066
11938,-0.10374130588000074
215001,0.10316767589999909
272381,-0.16425230579500028
14566,0.09176604471000083
13081,0.07404848551500054
20288,0.13262993181499905
230696,0.0991019982100001
320506,0.11395444814999678
71941,0.16609197390999686
170740,-0.12979517279000063
381580,0.08448623636999919
83669,-0.08561828009999761
22268,0.03516202682999925
13006,0.07422489631499829
70047,0.052247515150002144
140780,0.07150095803499745
238377,-0.12989495392999828
140491,0.13791436105
18160,0.1566215576749994
12055,0.15070968930999395
11704,-0.13337219115999854
108011,0.10325225971999874
75172,0.10771216215500123
407831,-0.11364006144000527
17095,0.036600473800001865
108995,0.047164803399992294
320717,-0.04616217820000301
67123,0.046881890350002564
209334,0.12317523324000046
97387,0.06590060976500389
268759,0.07613687575499917
50781,-0.09683506284000032
50769,0.11914193910999948
107515,0.14010001436500108
20300,0.06671568720499543
213988,-0.0918012056899995
71834,-0.047176462470003955
79235,0.18922927779000176
73582,0.1150105106149999
329872,-0.15208823295499796
69440,-0.1022625149049965
320590,-0.10968642054500233
268448,-0.12702842752000088
83398,0.14010883881999892
245847,-0.037531386515000875
208650,-0.11606360835000018
13682,0.04615379265000108
71103,-0.09799934809999966
66251,-0.13542873076999928
78405,0.08214209576999565
93762,-0.04365743375000264
100689,-0.07298744799000056
66377,0.03828229230000346
170822,0.041061672790000614
170707,-0.07201021052000378
319670,-0.13694497322999766
223473,0.0959849293349988
17390,-0.10775521523500098
73711,-0.04512195000500974
67264,0.03378707274999648
56771,-0.15952275642500346
19167,-0.039708658800005736
12971,0.09832216832999796
110862,0.08762831396999848
67288,-0.05433530604999781
110877,-0.09687416629999879
19302,-0.05974566803000414
16993,0.04080599659999251
56468,0.1520771269099992
67873,-0.03420626376999891
71918,-0.07487484469500139
79263,-0.061957326945000446
218460,0.12845644510999943
101544,0.12538610310499632
57750,0.08173273174999807
18023,-0.10731893843000151
17299,-0.07806665088000209
15979,0.03606843745000177
50877,0.08418619928999771
207958,-0.06047154242000108
208884,0.04247324564999744
213819,-0.040921241770004
432467,0.07964828756499998
102570,-0.07511979494000087
225518,0.11727629122000094
17068,-0.04563943790000202
22318,0.059241522359997134
12286,-0.08837553989499813
73388,-0.0840628358099984
94222,0.11097187166999989
11911,0.03284857459999735
235459,0.03806139169000211
20585,-0.05063069490500105
228140,-0.11639435445499924
227377,0.09013483165499991
52323,0.09857827662999696
639634,0.12378078146499893
13614,-0.05243541189999812
22682,0.04090401423499479
66242,-0.04120412860000222
20016,-0.04910923864999894
69784,-0.11747937454000024
107702,0.04369344754000082
75470,0.08693795123999859
224805,0.10607457939999954
15900,-0.05649443955000599
546519,0.10048901772000152
17257,-0.06649485213000084
223499,0.07350710501499602
76854,0.05174755974000256
320080,0.09473498939500402
11628,0.10679909046500047
14629,0.10985040204499619
106931,0.10988539294499944
16763,-0.08421142710500051
20842,0.05493352155000064
65960,-0.056548857424997045
320727,-0.15394030038999773
12069,-0.11450566653000083
242362,-0.08169595437999888
229317,-0.09163322049499811
78919,0.08046390245499957
20616,0.10380524267999691
75563,0.07942023160999767
24116,-0.13694807554499722
17171,0.14592259227499893
21907,0.11602157485499953
66596,0.04183321001499429
67387,-0.07709139836999945
54006,-0.04966578300999913
109145,0.03481876568000253
23921,0.12408554762500223
240064,-0.0789211052500014
286940,0.10409233905999837
16351,0.10367781752000038
93691,0.036111855999998
230895,0.12914248591999655
18738,0.04491232829999703
269513,-0.10982880205999868
19367,0.0357022654500021
16565,-0.06379924285000627
14634,-0.09539069663500221
66595,0.08683188867499947
71777,0.1158483105000041
13207,-0.03872287710000144
74569,0.06468095233000071
170736,0.059078780164997013
22770,0.10590711852999579
100504234,0.08810274904999993
67941,0.03998916439999789
277463,-0.07161752055999493
267019,-0.12480422830500171
229759,-0.15208946050000005
27494,0.06855527300499986
240754,0.0628817816999998
114875,0.06934318800999772
11642,0.10034517111500119
76858,0.09084334087500112
219022,-0.0777909473750018
381511,0.08698578753000152
72542,-0.05542329586500294
75459,0.11463609257999918
80857,-0.1252058377299985
14087,0.11010721444999838
72199,-0.09290305480999894
18854,-0.05880178534999736
214133,0.05954244463499858
266690,0.1343996936849967
18072,0.18115997551999818
227743,-0.05928183811500176
20739,-0.08520570044999864
215789,-0.09360451038999873
353187,-0.10844574200000157
503558,-0.1652954380600007
19156,-0.05019382745000378
69627,-0.09498333863500008
20448,0.08141721865999862
331535,0.1099770679650014
11988,-0.14984385170499914
78772,0.09766670983999992
69310,-0.3763209043250004
228731,-0.1512794838649998
216766,0.03299519862499878
380660,-0.061941820269998615
236266,0.08905681068999893
71544,-0.15552118253500113
56492,0.1268260333749991
20598,-0.0942464696000016
330474,-0.07397085570000073
70433,-0.11276882977499803
100038882,-0.0716327176
11773,-0.031572244100006586
19879,-0.12797360288499915
20851,-0.04607901829999683
231413,-0.05955901948999909
67768,-0.1377396588950024
69019,-0.035656925699994346
56774,-0.09689728440999801
14735,0.0878303966800007
229714,0.08416464231499887
244329,-0.09335996531999768
380916,-0.11704248110999771
116873,0.11128076511000007
24017,0.05770491225499974
66964,-0.15112654887500554
11432,-0.0830013975250008
16573,-0.10222781163000327
242122,-0.10421344686000111
57757,-0.09929114426000307
26554,0.03986668618499767
268905,0.08291641053499754
78910,0.16141933820499776
67130,-0.044143553000003166
382034,0.09729776993499772
68939,-0.15802375255000012
435818,-0.10071323970499924
228607,0.042894213589994123
67533,0.07586623073499688
66532,0.07586623073499688
328572,-0.07077084400499611
67608,0.060713699885000416
16814,-0.1106519816500029
100039801,0.07558351697000054
12630,0.14430274229999895
225579,-0.07563049197000016
19291,0.0388305687849968
60365,-0.03780083594500283
71887,0.10710352044499949
14672,-0.06965509634499867
58198,-0.13095952527499977
235582,-0.05990157534500051
211660,-0.13094523180499973
207304,-0.1505813361249997
67417,-0.1119041078849996
13048,-0.07835884110999958
57014,-0.09232958663000002
226098,0.10695328656500092
21682,-0.14722855200500007
15483,0.03430525513999605
16324,0.14607151398000306
18784,-0.12473354723499863
98710,0.10385189645999837
114141,-0.08896107011999987
246691,0.11488965611500035
74100,0.062441223924996514
74306,-0.08986117742500088
381157,0.07160841877499902
69533,-0.10055173407000328
74762,0.10501404014499816
75690,0.10121446030000048
57914,-0.04007375210000319
320661,-0.07018144666000126
27377,-0.10798857456999578
14675,-0.07645465142500019
21750,-0.046286577324998746
20583,0.08537215198000014
100503884,0.0792573282450002
12263,-0.093175449374999
14962,-0.093175449374999
100043332,0.1433328169700001
12725,0.04526917340000125
17196,0.046791089799992136
56350,-0.05492102641499752
11540,0.0852855954750007
18016,0.051541947989997894
16867,-0.1248186978750021
225898,-0.038622797900002226
19820,0.11008213600999905
57329,0.09889718633499989
75991,0.09177036861000065
225049,-0.03402601449999665
69538,-0.09913825414999966
22270,0.08332618981500017
170460,0.08571251193999707
68268,0.05977371562499734
67015,0.10042377863500018
269585,0.08578048585999642
545370,-0.09922894915999958
110109,0.07707746638500446
436059,-0.08806375321500148
68796,-0.04157232057499982
56449,-0.03416127339998809
207785,-0.09876220406499936
14706,0.06780620643000113
226518,0.16359581603000128
70426,-0.10748574440499903
20399,0.06115563258500245
76707,0.05800549555500112
238024,-0.07251882535000043
98496,0.09136028261499884
66592,0.03842513670500125
170720,0.07186987139000145
73046,-0.04356624610000104
107587,0.09559761826999802
76014,-0.04654570962000548
14236,0.09239930280499653
71853,0.04272092055000343
75625,-0.09980856640000102
83671,0.08301287907499866
23900,-0.04084895965000257
66642,-0.031525361950000885
69721,-0.11902577886499977
57344,0.05683799780500021
209012,0.09175406763499794
110826,0.026254001099996316
67231,0.04236063065499707
109079,-0.08463512583999844
67050,-0.08707240902500235
66576,0.026896855699995115
170677,0.17360865622499766
228787,-0.0695310690399995
232585,0.0785316788449979
67738,0.03734499598000518
102032,-0.03416052689500226
241612,-0.2478063755500024
68126,0.06490275391999845
12053,-0.037365260700006786
240753,-0.08388758652000083
271305,0.07589385677499738
24108,0.08995606795999667
72267,0.0525361797199988
109594,-0.07732214996999787
76497,0.028943026399991467
23999,0.03969843483499602
228662,-0.08509265156500101
387510,-0.13619608261500016
27356,-0.13133014960499523
21991,-0.03640254615000771
71564,0.14487715916499955
170788,-0.05934238464000119
72844,0.09333611374000128
239408,-0.061973793029999946
237465,0.15047101922500072
381404,0.08501889994999967
105663,-0.1441546416849997
59041,-0.041206437280001396
22378,-0.04317790680000222
72171,0.12378822371499609
66660,-0.05071433734000408
19109,0.05718503229500094
195727,-0.08707672859500137
58202,0.03781152900001139
23821,0.11226875571499662
170654,0.07402309310000632
317653,0.07358103231499769
93686,-0.1458166440049995
67979,0.06490052469999874
227606,0.04947055778500076
545975,-0.14517005471500255
20962,-0.087890863945002
68524,0.0435990538300004
73389,-0.03865067885000251
70335,0.07547619927499927
23806,-0.05956924864000257
57275,0.10468693856500177
277468,0.13780500778999905
229709,-0.10528345954500029
353326,0.09483330761500053
20843,0.03618218519999594
80861,-0.06723380965000203
241568,0.09687542524500081
69665,0.07036937689500045
240174,0.09372840276999916
72640,-0.1158735108800002
330286,0.11060399911999941
109314,-0.07253110961499942
21761,0.029115551099998527
60315,0.05174211747000257
19724,0.05914734973499769
227937,0.0725290592100043
211286,0.03066708530999307
12049,0.10348512432499923
17773,0.14692665786999992
225027,-0.04329737278000145
94190,0.08365084628000208
329251,-0.08668646274499991
215748,-0.0825515383900024
329679,-0.12303916676499949
75894,0.038437157835000235
212516,0.11440205562999939
18998,0.07961036886000095
14367,-0.09951888339000003
229801,0.07393123191999962
328258,-0.06763590665499963
75581,0.08542149921500108
22680,-0.034333832889998916
83409,-0.029434337749998818
68214,0.072054180344999
57377,-0.037988991399998895
73242,-0.08415246292500811
78246,0.05262630777000332
17274,0.046709535850000705
74737,0.07296194557999769
192950,0.14662633888499332
11648,0.07941241234999952
241764,-0.09304901711500069
20415,-0.11314715866499991
18693,-0.12114279361000246
58243,-0.1721029209650018
231225,-0.06886311474499784
69101,0.08079522267999906
665113,0.045828556810001864
29818,0.043290901299999796
78689,-0.03868516752000062
142687,-0.10359718025499998
211896,0.12839964637500056
15985,0.06534830739999897
14719,0.045083791359999736
71336,-0.030457844564999448
22773,0.07495163842499641
70686,0.05138224329499774
93888,0.10813985073500021
54150,0.08638198305499767
11564,-0.12515568854499826
67358,0.09350843685999877
67988,0.05490407928500218
54637,0.07103280691499503
106957,-0.056265394289995996
67933,-0.07695839442500141
17339,-0.05455711340500047
266632,0.11566876275999949
102323,-0.05277470352000435
330941,0.08803932991000041
71974,-0.052882207279999704
104479,0.10511821627999751
18195,-0.040493321509998736
57746,-0.08288594964000007
329910,0.10051022053000125
435286,0.07725710534000019
75339,0.043884836159998386
19184,-0.03867912169500798
107747,-0.07252929518999807
210004,0.05829078493999784
381112,-0.08496818349000179
14738,0.05368757587999795
30925,0.04807402472
11909,-0.04128823241000035
57330,-0.04822181921000279
19386,0.08192359973999963
20597,0.032793496000003586
69219,-0.03408889560999695
59047,0.03315338094999554
83486,-0.04418968880000307
14885,-0.1174481774200018
12623,-0.0887048735449989
226548,0.09597559310000037
12169,0.04393235243499838
14050,-0.0344306896349984
71764,0.1309696168650003
12753,-0.11602138159000219
21420,-0.07469040353
13058,0.05407252394000217
12125,0.08785890331999902
245827,-0.10633889678499919
20215,0.09405801666499958
225994,-0.16167927553000094
67095,-0.16062877088000338
230709,-0.0748421754200006
21813,0.04258143659999547
94229,0.06038598912999982
68642,0.04470459826499695
16206,-0.09307057958499954
12961,-0.10947748500000021
13491,-0.11022694261000021
71770,0.0868997636150004
107448,-0.07349217810500086
18414,0.0890346449600008
16204,-0.07159534203000018
72567,-0.04291129669999805
22388,-0.029978847550006904
20284,0.09797393476999972
109077,0.09920773433000019
66615,-0.07291855264500136
110532,0.07139561464499966
76614,-0.04209508170500342
67509,-0.08937720228999968
22685,-0.10057592912999969
227618,0.11292260828999945
76808,0.1167731265800005
109161,-0.08555629027000133
100019,0.10093021642999922
16161,-0.07754743553500099
72614,0.06710806663999946
57811,-0.1763689819099996
16175,-0.07055034545000138
66237,0.07100236568999918
69745,-0.03866771109999512
67006,0.045841546310001036
192986,-0.05696430126000074
270150,-0.08240414833499976
12913,0.13105383197999565
105245,0.08770882429499327
237339,-0.09698166132000807
13389,-0.10607600849500454
12614,-0.07841610859999726
56717,-0.07001877511499899
74203,-0.09314987305000066
73327,0.09208334874000013
21816,0.07002859826999597
74022,-0.03687166898500216
68691,-0.06636336801000464
229003,-0.05795021355000074
68198,0.037726429750001955
380969,-0.08937317988000082
231327,0.11048695978000111
268880,-0.1183348030600051
140723,-0.08344277767500019
12954,0.05570984338500029
240888,0.08140575079999968
225131,-0.03846477234000645
59030,-0.05032315627000283
18143,0.09137682174000039
380773,-0.032609533400004054
260302,-0.043747130650002575
622404,-0.037585078199999344
100041096,0.07417547137499803
225372,-0.05468066265000182
18010,0.026174237149998447
66082,-0.05238301624000119
100978,0.07808298404500036
73503,-0.07010889657999897
320678,0.07279181030999826
16773,0.06908158012000154
67880,-0.05625992785000111
326623,-0.06712474909000132
70484,0.05309228985000036
15273,-0.08273252164000056
18701,-0.07110571630999818
192236,0.09563813436500102
15423,-0.08783521166499897
59045,-0.040670020650003025
66706,0.12440350595999838
12396,-0.07765130401000064
16801,-0.05368571719999515
78309,0.0866750029850003
68917,-0.036645870664997915
20370,0.09722256316999811
230676,-0.0301576259850016
72482,-0.03299962754500818
15354,0.11780286198499823
12497,-0.06322246577999913
26361,-0.053338780444999845
72787,0.08460417849499446
16660,0.07443933214999632
320940,-0.04081474876500657
103554,-0.05894825058499986
234407,-0.034689645510002975
66687,0.047085648279999504
218030,0.08924656092500349
319701,-0.08312757988999842
234729,-0.11738489418000242
69660,-0.05119612436499832
67252,0.06911098021500006
225055,0.07204821451999432
230597,-0.0772221357050018
243078,-0.04620655498999948
72549,0.10852419650499456
407821,-0.10200541195000135
241113,0.06989742632999985
77877,0.085804461639996
12404,-0.15868967067499984
21386,-0.1069028914250012
14863,-0.07890646989500016
11891,0.053662448690002584
98303,-0.07019309121499973
98758,0.03810216440000325
140858,-0.04714319624500618
381338,0.09046193380500034
20621,-0.04521643870000247
70993,-0.07685916773000034
230098,0.0677624351199988
23947,0.08322926524499952
83429,0.0528188593300003
14472,-0.10247950785499915
76784,0.027627532499991503
217431,0.11601169724999849
64406,-0.08969818835499943
98256,-0.035341341399997006
69195,-0.07626416222500065
26423,-0.05238275138000148
13121,-0.08953447496000067
70373,-0.08064271969500325
233833,-0.13134992007000257
238276,0.06585331233499936
241289,-0.10832185032999986
269878,-0.10831471981499963
269275,-0.06833400556999969
217664,-0.050853354799999195
70967,0.12567919659000193
245007,-0.09256297867000107
545389,0.06798278390999979
71890,-0.030617692460001678
272382,-0.04965196035000652
229320,-0.08650805347000023
18027,0.08484030035000067
56550,-0.03739331235000343
16783,0.035628144399995065
13722,-0.03356632300000406
66566,-0.14487891810000164
330483,-0.07220594649500356
242667,0.06967004193999937
73301,0.12159058223499963
12648,0.08324905815500117
18705,0.12459798156000002
270166,0.11000034315000029
17984,0.07192456653000079
75507,0.08254129504000218
407819,0.02960239488000127
209032,0.13093028714999821
67886,0.04761541610000064
20028,-0.09178283678500065
19951,-0.03333051480000648
56177,-0.08828805135000106
215351,-0.08631838510499712
100038725,-0.1014183317199997
16582,-0.06690429625500283
12663,0.06160191723499864
16599,0.034569566650000993
58991,-0.056525452510002516
19277,-0.04612894098000453
107305,-0.10396169385999965
14235,0.1005976560099997
654470,0.04655550271999864
14468,-0.09719419614500335
218314,-0.05150199769500219
100910,-0.10130443204000272
67803,0.04473487079999394
270190,-0.0975371999350001
240873,-0.059545757070001315
67120,0.07766856773500308
23954,-0.08789414768999748
14615,0.06493297804999987
214642,-0.06455627378000006
239852,-0.10634390967000007
58805,-0.04650381163000539
109154,0.06371246401999997
53858,0.09360241142999648
110213,-0.025090835049999427
242151,-0.06550121476499626
11757,0.036462553869997194
66168,-0.044738512149999465
110524,-0.09769055833000362
18605,-0.09705175094500174
74155,-0.07039303917500384
14685,-0.11311631167499936
12477,-0.07631348610500055
327814,0.07763777864000332
269338,-0.08268894921500092
13637,0.10705840261499855
81896,0.0697734264350034
66259,0.08240589428499812
72462,-0.11446037444500234
14688,0.02837680127500164
216991,0.07036636988000211
20277,-0.05771785729500056
17085,-0.11809162742500234
226409,-0.09442501435499828
13429,-0.09630941675000138
67379,-0.022900095450008706
212442,-0.09366031572500155
26396,-0.03472542729999972
76295,0.1096331670549926
66106,-0.08699845325999966
14406,-0.08874058357499948
76187,0.06304464642999763
232370,-0.09052533161000031
108062,-0.0747054325800054
116848,0.08184773846500537
71865,-0.07174499577000581
79555,0.0342562736000076
67493,-0.06426677984000495
228876,-0.07611597497000089
68525,-0.1042719465499986
21412,0.08592867767999923
332934,-0.07103170127499858
53310,-0.06663003866500006
52665,0.1194791324549982
12572,-0.08178026419000073
380840,0.0734397044249997
73940,0.08876341814000055
52521,-0.03155801080000131
75731,-0.03706563081500214
20019,-0.10451148682500033
19072,-0.0383271917250001
70977,-0.0493047951600003
27967,-0.05370734705499913
69038,0.030457360150000667
56753,-0.12021920506500017
69576,-0.10350975202500212
68916,0.03301384564999843
69163,-0.08396116197999604
73681,-0.07904817791499763
24013,0.08743186407000048
241494,-0.05601432188000066
67443,-0.024087623600003383
14673,-0.07762813261500057
320974,-0.11218406932500002
327978,-0.0780188829999986
16449,0.0761697298599997
54169,-0.07059650580499888
17318,0.06114616503499892
27221,-0.1170141844849999
213760,-0.06568276475999824
226304,-0.0779877376150031
69168,0.07448715492999902
26943,-0.03089606340001083
12330,0.031446839174995134
69780,-0.04752794387000314
18754,-0.07895784424500452
210293,0.05129644241499598
22344,-0.036401376600011304
232539,0.07312232922000028
19052,-0.029999797100000336
13710,-0.08838427086000022
213541,0.030218559449995297
20254,0.10441725109500055
26363,0.06970533747499719
16668,0.1474925413100001
20679,0.07279188308000162
67630,-0.07348036611500053
19025,0.037782749299996254
76856,-0.0642573290599997
75406,0.0327260274999972
72185,-0.06968060700999956
17690,-0.06098959508999968
94109,0.05743580412999938
66975,0.06916530614999594
27411,0.0963157294849939
226407,0.10015606496999929
27103,-0.10563333432500688
329384,-0.09331223719500681
17084,0.033604014600008725
13046,-0.04085920948999444
19091,0.09233647985999927
12823,-0.08636887375499835
260298,-0.07338948919500243
110829,0.032061304599995566
16330,0.034033403599998735
52858,-0.034640196900005193
65079,0.06742308905500005
241073,-0.06881782302000072
69270,0.08271325380000061
56807,0.11763677037999809
233067,-0.0813344767750026
18378,-0.08658972589000236
66199,0.033388107649999554
56741,0.053813292325002315
56809,-0.02961975990001342
433586,-0.05018551879499977
216049,-0.08049152212000088
269952,-0.0541525945450001
71732,-0.04431956605999865
20318,0.02719362694999461
381293,-0.11426446185000128
22654,0.1598438964799982
140721,-0.08680523990499989
56808,0.08986289502499556
226841,0.12017666262499827
231602,0.10534894510999848
110175,-0.04459408243999796
72324,-0.07356631552999904
102791,-0.09447288850500346
83961,0.04175270187999924
21828,0.08080038431999981
83395,-0.06418644290500142
14628,0.0249642419050069
19258,0.06865904149999746
69125,-0.041961480190000344
18787,-0.0866131634450027
218236,-0.08157094180000435
12448,-0.06612509460500116
353047,-0.041994624119997326
230596,0.03289133269999489
69786,0.030960050949994766
75178,0.0969212356299991
330119,0.08751243026999944
105847,-0.05135321796000358
22042,-0.07895094918000112
217212,0.09638394258000105
269356,-0.09257446344000098
14226,-0.05547525140999898
72113,-0.054254178124997665
240025,0.10304009798499703
14805,-0.08773312609000072
14450,0.11594501487499898
654821,-0.09836209244999905
12465,0.027877723700008517
231503,-0.0786731430000005
227656,-0.034580495450004634
109225,0.07493385343999837
94230,-0.06716077911500129
665033,-0.11756485298999975
104112,-0.02949789260000557
30805,-0.08006604620000068
73274,-0.04192369900000337
67420,0.07263670040500347
270906,0.10600083977500097
238021,0.09335124878000034
381476,0.10605618084499913
68379,0.03227562955000174
116940,-0.03984431553999812
50793,-0.029538424525004103
234311,0.08580143393499995
109700,-0.15651145211000284
56382,-0.10430064721000143
11305,-0.0925864824399989
213753,0.05332495203999699
64424,0.04531614081999713
83965,-0.12264886271500064
67671,0.02303270110000355
70984,-0.08245639668500448
330216,-0.062198199000001786
74568,0.08567718883499964
67466,-0.10474584635999662
12316,-0.05050373687999876
13804,0.05416940171500073
19338,0.03459098648000314
382543,0.0734364543899968
19645,-0.04283301553001273
54371,0.10679441992999994
110809,-0.030227312970000142
381560,0.06064197686499817
16177,-0.07195457934000249
12748,-0.039877043375001975
78830,-0.12964091022500135
76217,0.09165598575000011
269113,-0.02933049373000074
26932,-0.06912861131500048
19305,-0.10686330567500235
320817,-0.04285378655000116
76980,-0.06004079052999911
21927,-0.06629570897500514
110033,0.05431146112499885
226251,-0.05215980421500177
13591,-0.05074417976499568
107358,0.0516987978049972
208104,0.09336559612999817
11799,-0.05508481398500287
225215,0.05724991106000221
15512,0.07917087503499776
17346,-0.028899251799998638
234959,-0.0965045638549995
75801,-0.1066267193799999
23965,0.07956729019999953
50766,-0.08705160370000176
54615,0.04342931277499673
26426,-0.03515150575000092
63953,0.07531674719999959
227333,0.043303616650000265
20980,-0.09713224010000143
17184,-0.03541528935000038
16672,-0.2478862938699984
68515,0.07648722787000306
72049,0.07281179020000828
435285,0.07845730196499723
245695,0.09287160516499826
11603,-0.04728118803499903
14897,0.0797184987349926
109093,-0.11031237212499967
74718,0.09143560396000083
67228,0.0345907945299988
68365,-0.03178492419999834
22130,-0.1717443091050006
14240,0.07023640130500164
59032,-0.04481692988500008
94212,0.12256793711500125
66724,-0.06410360479999966
12747,0.04696092291999854
56218,0.08400357814500392
68915,-0.07592418202500095
19434,-0.08587239286999937
64293,-0.08054480380000006
22367,0.045824685329999504
12928,-0.026110498255002668
74102,0.08146409722999959
104831,-0.04716190257499875
14633,-0.04486551495000057
74467,-0.04238707663499941
16182,0.03797998563499405
67285,0.06978607982999918
12421,-0.09409826968999724
60532,-0.02513713845001142
14705,-0.057111321020000716
94112,-0.030966628315001188
17898,-0.14628309652999683
53623,0.1541760539749979
277353,-0.09604502102500012
67199,0.04432593770499871
224105,0.033743172655002596
99138,-0.02752248863000517
69956,-0.0426435264300018
30924,-0.06531872437000175
277743,-0.07733800342999908
17764,-0.07070029280999801
17135,-0.027899126085008774
27632,0.07575870121499406
232288,-0.07247382998999985
28018,0.06563779989000107
67888,0.10703910063999844
16590,-0.07144518237000153
70998,-0.08960493369500355
18813,-0.044389378479996466
11443,0.07612892404000071
104884,0.05243461175499675
231605,-0.08644656307000265
12836,-0.06419742803500306
71778,-0.03950289747999758
319660,0.10110782905500049
327942,0.06743060051000072
67180,-0.04122794470000457
67432,0.09692015988499847
73674,0.056346648199999017
404194,-0.06254169869499959
68479,0.034911034774999905
224139,-0.03452807460000784
23876,-0.0646315004799991
21338,0.08800002348499802
233801,-0.06294310725500019
75788,-0.0488827202900044
19177,-0.0296141201250002
66125,0.028025409899990805
101206,-0.031213147270005237
269881,0.09775482371499766
100678,0.03094796106500297
75510,0.10151275925000025
69917,-0.0340183552700033
102920,-0.06844328488000073
234664,-0.07794047220000078
20815,-0.0934337993700014
224671,0.05342038158000051
52633,-0.042554232004998305
15398,-0.061334556250001615
16994,-0.044514797700005104
19043,-0.02406975510000109
320696,0.1309085224499995
216527,-0.03727011935000668
15248,-0.061784029430000054
94332,-0.05592600717000451
70315,0.0710059941250023
227696,0.03560455740000279
27400,0.10898954839499986
114663,0.08578493799999443
68801,0.05397426167000319
76041,0.06019348564000282
231915,0.03461269319499749
12368,-0.036127334754999296
70461,0.06382807704999927
52036,0.05125097343000107
71041,-0.07539694976000266
13872,0.07952542464499857
226564,0.07661083286499926
75953,0.04926634505500038
19259,-0.0641995506500006
11529,-0.049660258690001235
19777,0.10857734037000011
329154,0.03410006634999796
170721,0.07858302255999927
11797,0.03619648989999824
14103,0.07400865487999919
268686,0.048014677089998514
216874,0.033447377900003517
209707,-0.07322662263999735
233977,-0.10663863843000065
66549,-0.024013246650000042
74081,-0.05509682016000195
72507,0.09979823301499913
74229,0.0658487315749996
100043057,0.06077605947500064
53814,0.05572007657499922
70481,0.06907881693499895
11787,0.08890305112499419
72114,-0.08857112651999932
16005,0.07757100954999796
214804,-0.10425810064000007
207781,-0.07493867535499987
230770,0.07660925767999682
17687,-0.041239396255004834
12773,-0.07049926243999938
74025,0.10215063009999881
192160,0.03069280819999598
67972,-0.0781885871250001
100503572,0.04909070773000046
19075,-0.07189086800000233
18710,-0.0748918124400042
12034,-0.029293513400002524
109979,0.0715209182999974
242125,-0.1053677614100006
30957,-0.031864947299999
74318,0.047555734419999496
101513,-0.024673585720004
76886,-0.06201182401499894
22192,-0.037346744749997995
69698,-0.07164114232500118
11513,-0.03043857230000313
104248,0.05053867763000097
14012,-0.08336267855499813
22401,-0.06236015768499836
69234,-0.03373245046000228
14176,-0.06189357218500158
74365,-0.08446935832500069
108156,-0.10174483830500591
114301,-0.08944214458499955
216285,0.06236426950499885
75786,0.040485416960001075
56322,-0.0811184831649987
75079,0.06580535528499887
20390,-0.07377228698500371
67397,0.032881311599993523
21823,-0.05078422995000764
170483,0.04972857016999965
53357,0.04658204387500042
231571,0.03514544230000016
104816,-0.0812551287700014
68631,-0.0622654109350016
20024,-0.02217713145000566
237553,-0.06931262572999808
242093,-0.0737527830400011
73680,-0.07239250381000151
13837,-0.1014139085150001
75216,0.0640215412750047
56420,-0.024122776605008056
23825,-0.03586896345500534
54167,-0.029513255889998646
12346,-0.060224525590001576
21422,0.050790063244998684
66522,-0.06667336024999848
56709,-0.04556121958000148
70797,0.07335745525000004
236193,0.05766372310500145
74493,-0.12310207434999931
225742,0.06707802320499967
240322,-0.03970544603000281
20224,-0.025369230200000814
66971,-0.07524320783500116
20844,-0.05180261214000392
75291,0.08090645728999668
17909,-0.047649567815000626
16835,0.04373093189000077
52830,0.027555333299991602
269037,0.043027974240000155
117599,-0.044371971940003974
665775,-0.07146446938000084
218763,-0.08587789599500173
432763,-0.042708336025000904
67604,0.04756498579999757
20901,-0.055880170800004514
74405,0.051902038634998426
74253,-0.051795258494999
14804,-0.0823534441099989
104394,0.07443002560500123
117158,-0.0680110376349985
19216,0.07456345040000212
100126824,0.057051615109996234
72962,0.057051615109996234
66753,0.07714943722500056
229780,0.07104916654999549
381549,0.05222710450999912
11522,-0.08025448382000278
244954,-0.08662048831000124
224903,-0.03974316771000019
233905,-0.07883284855500161
241490,-0.028801043875001042
268933,-0.05124433615999813
29815,0.041167109074997654
170752,0.08471171677499978
13858,0.04059100931499948
20238,-0.05219727798499996
15212,-0.03166099760000485
194309,0.057296029879998045
20662,-0.08502217521499933
101739,-0.039382346170000915
13382,-0.04982380930000119
59004,0.09923800083499845
27219,0.16562014588499885
15487,0.08804632719000205
75420,-0.026443376625003623
13124,-0.06630888561999981
59046,-0.09745108941000158
106618,0.0537512806500029
67529,-0.030184996350005378
320473,0.07234278003999872
225997,0.0535633408650007
240261,0.07189426136999977
226101,0.054503129610001366
56305,0.06456169582000015
100043254,-0.06579201258500067
72508,0.022334388499999136
108161,-0.0548090256450009
268534,-0.05426454030000105
223723,-0.052989085600002817
77782,0.06365812332999976
68135,-0.031864501799999445
66142,-0.0315401390000023
15285,0.056336179835000166
77485,-0.06252062922000201
14170,0.08913593144999954
22689,-0.06388898715500169
68678,0.08121529296999963
106585,-0.05480140716499626
16653,0.05597697594499884
242083,0.03723072876000266
12724,0.06448915966999991
69137,-0.053728220845001395
12616,-0.06539999813000019
226178,0.024442016049993853
216613,-0.09233815948000057
77630,-0.07964923802500001
68778,0.02430914909999693
66663,0.02579432233000034
22410,-0.051087860325001344
329015,-0.05896335664999963
18011,0.03769881554999799
16413,0.03033062574499823
12522,0.028512193449993006
208171,0.04167701406999669
20666,0.09998955294999812
14725,0.07060609818000074
75739,0.06526669698000376
20429,-0.10101354891500103
54405,0.027120397599997403
117148,0.06341527473500008
101602,0.03586707900000263
18214,-0.1047240427600018
232878,-0.05280399366499555
19895,0.06310784458999485
114674,-0.12232713238000237
22209,-0.02486949779500236
18749,0.021837001299997993
232798,-0.05268012043500114
21981,-0.030236948199997116
79362,-0.07413917167999973
54670,-0.07045714470000108
16651,-0.09218809604500233
78653,-0.026523654700001842
170771,-0.0662873413500007
55985,-0.07300801582500105
94187,-0.07604165803499896
93695,-0.10204761241000027
27222,0.09310985814999961
109785,0.035327329354999826
80796,0.08061188284499998
70300,0.0761685427400014
72668,0.05540431999499962
225289,0.08433091273499471
235542,0.06329091293999944
64899,-0.05532312421500141
77411,0.06930769716999974
99738,0.06897751079500036
233726,0.05629624684000056
75909,0.02250023645000354
67661,0.09354678377999903
50884,0.030261192064999776
59022,0.023317961600000103
51875,-0.043085771765001724
76405,-0.07478394508000052
170458,-0.07891239544499928
70549,-0.061313759074998586
71972,-0.08330645715499951
72129,-0.06981134597499583
50721,0.03137791594000383
238161,-0.06591175616000022
219132,-0.03117551824000131
241528,0.09799860758000101
53356,0.02490140675000241
214254,0.043066778289999164
18976,0.08063470620000146
19373,0.046346412520001046
114889,0.06407430704999895
20516,-0.06915295015999945
74637,-0.0564171452399993
71275,-0.08158963837500188
77034,0.02531962874999749
83672,0.03593208005499626
21788,-0.10616734448500242
320873,-0.04904148048000012
17199,-0.10145786642499921
414872,0.04590795142499626
16680,0.07214384101999949
14862,0.060242466709996556
19739,-0.05804072102000113
73919,-0.08082407665999991
226971,0.05626710201499918
320127,0.08181398408500051
68107,0.06037351184999995
21428,-0.08799657969499641
26410,-0.04760099152000041
68427,-0.07346928039500078
109254,-0.05792969591999908
12845,0.0578480540649986
383619,-0.04810205176000082
380714,-0.043232060385000715
66249,0.0272091533450034
272636,0.05097885016000081
77065,-0.06868888157000441
223513,0.08700736955499888
72667,0.05887853502499851
56431,0.03899078697000036
214105,-0.05426323303499947
209448,0.07681435974000017
14390,-0.06997063420000149
279653,0.07133556162499799
66601,0.06286560003499853
320184,0.04257745040499472
14622,0.06030344232000129
67554,-0.05989008179500033
214601,0.04174718999999705
77634,-0.042373187725001316
19877,0.03295655574499623
230857,-0.05697238958499984
108705,0.0231241444000041
75691,-0.07493880472999903
57741,-0.027701648815002144
74197,0.07264686911500107
66634,-0.08667222888500259
17155,-0.04022070356500418
67414,0.04228307234500317
228543,-0.11105222308500062
67869,-0.02166372200000133
74577,0.04505393155499782
232680,-0.06381727743500054
328110,0.041989297749997156
12006,-0.06081667547500125
54611,-0.10133241721000097
192113,0.050623243625000924
60530,0.054057934825000764
66853,0.02670994730000409
208198,-0.0867337100950003
103850,-0.035547004215002787
72560,0.07080218631000079
75221,0.022160060214996946
99382,0.03360806039499664
435528,-0.045102285994999214
103733,-0.07991466544000403
385354,0.08681785086999749
231103,-0.1022470705300007
225998,-0.056023977529999325
242960,-0.08955449727500131
70178,0.032819432659998427
103737,-0.05858069686
18975,0.07657265297500349
271457,0.02743034065999339
216080,0.07133089237000156
228913,0.03176474353499792
18935,0.09006771330499941
224630,-0.044507205840004005
19039,0.02764585704999689
232934,0.06797379351499888
68303,0.051742290299999105
72662,-0.030240503535005736
381409,-0.03917231708000024
73344,-0.04592193918000076
381626,-0.04647585450000413
107895,-0.04040601860000059
66637,0.03499819264500026
76051,-0.044830993779998884
170760,0.07476992631999835
236920,-0.06846521446000331
17355,-0.023271351210002678
70082,-0.06503917390500025
56460,-0.038073230400003766
75469,-0.06004614068500125
16558,0.04677403580999773
71263,0.06052111645499991
75677,0.08341702644499982
74413,-0.08928623573000172
69226,-0.09620600078500052
218210,0.028581892799996567
207921,0.0679455436600005
58521,-0.021328518299998933
12566,0.06635001523500161
380711,0.04701809194999651
18761,0.023045642644996533
27393,0.02930236592499824
16181,-0.08333852235000005
320145,-0.06399934075000235
22062,-0.04174514272000174
211347,0.06431074201000264
12176,-0.03742616582499991
102093,-0.06722318307000297
433091,-0.05978075134500038
69312,0.054140341750000154
107770,0.05170226594999683
19015,-0.046238565804999965
67453,-0.022748956820006327
18548,0.05615704568000002
107932,-0.031790543199997856
21678,0.05657991311999799
224480,0.04915496129500063
16535,0.06746884155999933
69792,0.062493769909997
240354,-0.048800473784998744
64103,0.027947628589998885
64213,0.023959158195001606
67477,-0.0811816323850012
71901,0.04131201151499564
52123,0.02706629717999931
68585,0.027626256985000097
73251,0.02441235591500046
13405,0.04605875848500096
26359,0.035037027070000004
107753,0.08405042479499958
16873,-0.04620073202000219
56334,0.023932720849993316
76608,0.06388031214000023
66379,0.02228021389999313
17931,0.028463905849990923
66882,-0.016442117630008468
243743,-0.05798060015999784
17864,0.0634131709300001
68097,-0.021040802605005737
13831,0.03835187254500205
70556,0.05322440138999873
83796,0.027841810370002662
114601,0.024056952699998746
11541,0.03460873734999659
319876,0.03447217290499793
26399,-0.06764799266500443
26381,-0.07697239701500092
54200,0.05904525335000077
66468,0.058717418109998754
72179,-0.03461851304000518
331026,-0.020153024695003907
67912,0.03126448346500332
51813,0.04026730708999793
70661,0.021549084630001047
12292,0.05269108984499837
18600,-0.03170098750499939
13669,-0.05991044306500193
233871,-0.03253703939999397
93873,-0.07462071830499983
109828,-0.05571959570000029
14404,-0.06028752389000047
106143,0.028204253604998897
12751,0.05853511625499852
107321,-0.023156273725001952
17126,-0.06881605156500115
103161,0.04110877052999928
68021,-0.021507617425001513
70530,-0.06432472651999976
228859,-0.03806112403000128
338521,0.09017855965500132
57357,0.02760316858999623
72391,-0.05783835688500005
70370,0.0670639201049994
22644,-0.030234759875003903
13841,0.0499323041949995
223917,0.0387185258849998
103199,-0.019996924249999992
14586,-0.03656275222000094
67609,0.024648382460000562
99470,-0.04659421293999921
71602,0.06643155104499776
72193,-0.08020141231500055
76654,-0.04938602694500016
108105,0.03331841681499981
244071,0.07381183241499656
22658,0.08414459513999972
192232,0.025412722250003128
107589,-0.045372661689999205
14620,-0.08400043193000206
59290,-0.04798510623999963
208449,0.02214311533500002
245902,0.055573557859999845
15490,-0.05198416642499826
234814,0.05123421450499599
20850,-0.03147241058000283
13797,-0.08793460296000077
20947,-0.023504266259996243
18227,-0.07425477316000162
209512,-0.04269706536999962
69694,-0.07037405956999887
71037,0.08486391611499933
18712,0.025140767414999488
383787,-0.06586702243499865
99683,-0.042432236685003843
16525,-0.058592672949998814
83995,0.10304269725500026
80751,-0.05484280140000308
235184,-0.028715048325001824
12017,-0.016590787500005533
434484,0.02564914014999964
100727,0.05352300602499982
105782,-0.023714249099995754
22258,-0.030926464360005568
277978,-0.052402198799997635
16593,0.03366316838000216
623661,0.05305689811999681
30938,-0.027418181699996325
68929,-0.023567925880001894
77559,0.037296216615000155
69259,-0.08168745115500009
16621,0.06888160689500156
18431,-0.048058565564999434
240752,0.04525310952999906
227624,-0.02563712871999968
104871,0.04459001094999904
223697,0.02097971759999062
208194,0.06428160398999783
23801,0.05331191987999784
71912,-0.045677393980001924
226866,0.09317134653999926
15937,-0.06354956110999854
66674,0.05263268984999847
237847,0.033684031455003094
110265,-0.026507934725001903
55947,-0.048987641944999716
78903,-0.07424077725500133
67683,-0.032327938545002155
71900,-0.041898952820005775
215243,0.030207012999989402
78444,-0.050729253079999204
27402,-0.05124557025000254
654812,-0.057409627080000636
22337,-0.0451905422700003
12662,-0.06944814937499899
56424,0.022681297860001948
381201,-0.01804906306499987
17919,-0.053919835805000815
63958,-0.031582416585004935
74424,-0.05920944762999891
74241,-0.0324899057600021
228852,-0.07781908564999895
64934,-0.044587808475000656
20974,-0.06886493881500044
70552,-0.06862142826000639
103710,-0.033651219040004676
74286,-0.0503830654450006
21873,0.04580337015999625
240283,0.04516767220000162
20698,0.0653202058799991
75572,0.048166319739999075
14686,-0.05358124560999844
70802,-0.0655994228699992
264895,0.020662711169991965
68393,0.06701138454999889
330122,-0.047758212715002024
67025,-0.022746757000009055
100087,0.05103190878999975
327987,0.051668138679995756
109620,0.06464557914500091
233065,-0.03267725057000703
18021,-0.034723760730001274
69228,-0.030634559405001482
382014,-0.03689086369000183
15117,-0.04819485195500128
66148,0.021309835800003896
406217,0.07875000626000173
12832,-0.04840813555000034
76366,-0.04205871559000407
68201,-0.05385363017499767
207932,0.04678109084999882
17847,-0.04828360693499878
24018,0.030596083940002572
17904,-0.0570994019900013
216459,-0.0570994019900013
229357,-0.03903790762999915
69912,-0.09225286092000573
192287,-0.05573308709999836
242553,-0.05903016986000109
218268,0.04601046381999607
12810,0.08061147625499965
19718,0.021543770015002295
21387,0.053489862314999304
75137,0.05793525891999707
107686,-0.018083333950004388
17829,-0.05572817169999933
72020,0.046308226884996806
378700,0.07991494824499723
26558,0.02107687663000224
22143,-0.025824528999997654
238330,0.023953510564998837
232339,-0.05051018552999942
65973,-0.060246750180002806
76737,-0.01709719934000553
240255,-0.06370400061000048
277360,-0.02058616740000474
12568,-0.0557708443200049
240505,0.08102178126499915
56857,0.03876471942499826
52705,0.0473021769449975
218952,-0.050414755670000755
53381,-0.04042943220999984
101706,-0.02697827005000164
229517,-0.05147729285000224
14389,0.04768959727500022
13012,-0.06361343816500131
11810,0.021050573950004647
76408,0.044207471984999636
18211,0.07209301792999945
66641,-0.038335795485001434
320213,-0.03933522432000025
387355,0.16967990282499867
66748,0.06485916068499975
57776,-0.06079171766499947
18024,-0.02900357304000245
22113,0.08151009164000067
213054,-0.034299320805001976
218832,-0.06984411586499917
55984,0.05319861407499982
14028,0.0729353594599984
20643,0.02576416035000051
625098,-0.04762418184999895
15040,-0.027503147500006264
277203,0.040379558530001525
12905,-0.05807611693000414
21937,-0.021570156610001945
69852,-0.06794243287500157
19720,0.0213266942999919
11671,0.06504679319999784
319924,-0.07770967254000016
73106,0.05209023766999987
70788,-0.07719041570999874
54170,0.03892851467999847
16372,0.050788520384999813
72502,-0.053402526250003746
72254,0.032426039039998855
67958,0.05754383452499834
110082,-0.05066328034999934
73936,-0.039173310199998035
14357,0.025116767399996576
102193,-0.018088325440002606
20475,0.04494083900999879
64099,0.0370982899749972
18779,-0.058689260359996
70450,0.019518663899996014
66594,0.02147389519999976
15547,0.02210793144999279
14912,0.06384556965000021
223752,-0.018122656160002748
14536,-0.06928045240500014
13074,-0.058840801300002354
11858,-0.06992920198999819
50524,0.19379258230999952
232889,0.0721570226799999
18647,-0.053661027890002266
64291,-0.04632141716000149
328035,-0.04812384931999869
74174,0.039404882415002174
72543,-0.018122137749998046
332396,0.08561881775999858
545085,0.053514135164998144
72723,-0.04523442208000006
58911,-0.02663923720500705
19357,0.025398789300007607
15586,-0.016879505789999527
232836,0.040530478144996884
71722,0.030201972399998667
71718,-0.022977673599998916
75974,-0.023841322550000044
232187,-0.04188094816500154
216445,-0.025028227299994654
20303,0.050507415794998956
68493,0.03715469084999867
210622,0.035426114054998514
114230,-0.0595597724200001
18107,0.015781325669994573
15432,-0.03982149243000066
70625,-0.035985498425000984
13555,-0.030055591249999125
66156,0.01583854070000079
94227,0.05172927924499948
17480,-0.062765695575
22288,-0.0670836240200039
66930,-0.04894997834499959
13478,-0.019489035730003934
433899,0.027601317485001164
110198,0.019540519499999576
17968,0.048843470679997836
16854,-0.0285012041500039
223921,-0.05197642191999918
74435,0.047166236970000774
231296,-0.03660891687000056
195208,0.051607311694999325
108115,0.062009477159997495
55951,0.024292232249996104
68117,-0.0430327435349982
15587,0.05574043612499935
15111,0.07308079466999962
56229,0.055404382455000345
20528,0.020935558519997066
57915,-0.022545924339999246
326622,0.02646027962000108
66406,0.023146059090001003
381413,-0.05640921325999937
268739,0.05830223748000041
70478,0.05593079604499973
66695,-0.07056889647500153
17127,0.05158375324999476
83434,0.0568582289199977
403187,-0.02726791003000173
236727,-0.04082240637499979
245877,-0.01924221935000503
140806,0.048651684379998894
26572,0.03383493942499172
218038,0.06668552277499895
103268,0.04931215638000008
319944,0.03514419633499877
53376,-0.044396304600000214
75646,0.06283943876499931
78889,0.03346834833999779
57317,0.023213062134995965
71924,0.04726764429000063
68233,0.045074507969997235
252967,0.04169157037499893
12593,0.0475829009250015
67133,0.057052161244998345
56743,-0.0424478555999972
214922,-0.068124003210003
74591,0.06624214693999919
210044,-0.04500853051500231
13846,-0.04852930766000174
71781,-0.039998417549999665
117198,0.027120019670000772
380928,0.055908415859998506
98956,0.03704206483499917
215705,-0.01962481520000736
59028,0.03876308994999711
20387,0.03313656219000016
97031,0.1004984023800013
239318,-0.049557836675001354
105355,-0.08767311119000087
20637,0.01591073574999413
116732,-0.04035554038499933
27364,-0.0563012560149998
26401,-0.01984185939999783
57342,-0.04494380976000123
320165,-0.018640083950005604
233490,-0.018105780550000006
218989,-0.06791902566500063
109689,0.01798528415000078
240843,-0.057327282210001496
18391,0.016548936279999538
56048,0.043708960865000535
68795,-0.04607798232500038
239739,0.030858572279997887
16367,-0.04092790884500008
27387,-0.032391901800004064
20872,-0.02267625187500677
17175,0.046764728119997656
67826,-0.017973543305003226
76927,0.037832119780000895
140489,-0.05423399021500108
192199,0.07312498475500018
77766,0.046544300529995475
76804,-0.05529624614500506
57321,0.05417720960499839
330260,-0.02142193903000056
73942,-0.06486184299000008
207683,-0.05832631158999968
26433,0.02052602186499719
232816,0.013075738200001297
231506,0.03864218471999603
67452,0.053943398044999924
14360,0.02296191550999982
105833,-0.06052742927000043
109065,-0.05184754469999753
75477,-0.06251777581000129
12757,0.017938499349998693
76686,0.04361724990499827
60406,-0.04532364979499803
433931,0.03730012988999931
68134,-0.03043698112000115
93685,0.04480125389500156
22786,0.04092802225500014
240119,-0.045999471959999205
71448,-0.026112633000003882
15415,0.04539731971499972
19144,0.050043343784999195
74843,-0.03651945243000476
72244,-0.04422387741999945
26419,-0.0566958629649994
98415,0.020944846849999976
192656,0.03678803963499977
242860,0.0441998370750003
16348,0.02072335605499731
27395,-0.01796686784000201
66282,-0.0352315749499974
66491,-0.014985096949997612
75083,-0.014985096949997612
227059,-0.052125596629999826
21888,-0.051882182099999063
67008,-0.03674474707500419
67467,0.02722824267999968
13026,0.017848700599996548
81907,0.04520936609999815
56086,0.01666551415000228
67750,-0.0351326094949993
72475,-0.02641690346499992
16774,-0.04842241768000566
66258,0.022080604175000573
19416,-0.0989968615800021
68662,-0.032361812769999165
270672,-0.051893284600001977
56716,-0.01840240292500006
19042,0.02155107597500283
14780,-0.05618274788000077
215474,0.04552116746999868
170762,-0.029943665885000748
231821,-0.01596451565000656
73246,0.04595251201499728
229011,-0.025562082855005386
210126,-0.0554828569100021
215031,-0.06176812627499784
67804,0.02077764020000039
78757,0.02389261532000031
72056,0.05294338230499651
13409,0.04995128360500001
16411,-0.030398806420004476
244198,0.0323887344600009
208659,0.03272014378499932
102141,-0.058649975594999404
20166,0.028941135085000624
72425,0.04789098233499889
70840,0.03262384780000005
228019,0.05775669148500029
117147,0.04592633252999878
108147,-0.035148286825005925
547253,-0.023353838140003802
57837,-0.024473520235002155
434232,-0.05339163984000006
22226,-0.04258222414000068
67619,-0.056754911495001004
211232,-0.041084918640001966
94242,0.054100402595002706
545893,-0.0444631446799999
108099,0.019138114404995576
68011,-0.018842506400005732
217648,0.049686590879998604
16336,0.06873203489499868
12328,0.033971207584999163
18537,0.01637182765000489
230649,0.03210785982999642
226591,0.05064988505499812
26362,-0.05132251951500244
71240,-0.04870053820999054
319481,0.033480241060002136
100502876,0.056754172129997116
70317,-0.048785208199999985
67163,0.05533144208499685
66648,-0.030228379600001354
11848,-0.017726874624996114
12005,0.022260431244996326
109232,0.04607564770000039
12295,0.062291827184999704
100561,-0.018326430200000132
74841,0.024422969979998044
223666,-0.01689563449000353
223665,-0.01689563449000353
77305,-0.018826838440002547
76303,0.045133523979997925
192120,0.03617780065500131
67610,0.020318681874995193
224902,0.021513809300003572
76740,0.030991335579994228
546336,0.03870897931999817
224997,-0.03961186903999936
14998,-0.022883876500003453
66716,0.03145018505500019
23879,-0.017478488620003674
59015,0.028917638024998027
11596,-0.03949034229499926
109658,0.02493565607000292
110168,-0.03248193518499676
68185,0.020436421089999435
19821,0.044276055019999205
238331,-0.012172795700003292
30926,-0.01782163575000162
54632,-0.016553848699995655
108755,-0.01951448339499784
54219,-0.018388948009997463
228790,0.018891098300004572
228005,-0.03951931650000251
73836,-0.019473592254994898
26451,0.019021942900003808
18038,0.013583306319999267
330723,0.03637732521999837
66617,0.08756201739499936
98488,-0.04451947747499929
231051,-0.02339277249000382
19134,-0.05203116161499821
20357,0.04605059610499973
74741,0.04900500681999764
71981,-0.05362100792499902
226551,-0.04285233367500396
14619,-0.05355046536500385
20482,0.013960565649991707
208188,0.03557376059499928
56503,-0.027815173170004925
75590,0.052202404300000005
329002,0.037965158279996025
30942,0.03963714219500014
17158,0.013881010970001384
242620,-0.048331078785000425
23942,-0.02043082119000239
75173,0.06427600093499919
74322,0.017619439615000232
105855,-0.02262979630000217
14248,-0.020466957020001786
20409,0.012586258899991876
57911,-0.06063864949999864
64383,0.015153435800002057
53330,-0.02415112426999677
229841,0.03664801205999968
68040,-0.02873307578499862
234839,0.01316824419999385
116939,-0.05471885134999699
170738,-0.05129128267499983
26457,0.039250952539994444
319899,0.022892679669997307
20466,0.06992690466000084
15468,0.016981765095000156
56784,0.02926191871499828
68349,-0.01474851345000161
26944,0.038556533655
20510,0.020407174109999815
246782,0.019633407404997527
66350,0.03135280850999855
54651,0.030779925649996542
58996,0.020846069690003688
66714,0.05014764878499989
434325,-0.06307480921500197
68052,0.017782434899995536
12343,-0.023388890135001006
56282,0.020739835440000576
330463,0.03632664779499617
66255,0.044884493369996115
16529,-0.044199432015002316
16882,0.04143115096499539
18174,-0.02921388236000233
20678,0.05401522615500198
16673,-0.06305520719000057
75475,-0.04011006551499907
24127,0.04929532192500208
72162,-0.027523912270004836
239570,-0.011130884099998184
214384,-0.03851435556499849
69035,-0.04015022413999958
73884,0.033752058100001925
70397,-0.03297131181500568
69731,0.01674871164999736
14423,-0.03465314245999984
224093,0.039066753840001134
53380,0.019819583954999942
67801,-0.036868922110000035
84036,-0.04680056011000122
100040972,0.03435624029999751
71715,-0.10086717456500605
18226,0.015497036530007335
14155,0.01816812824999836
67248,-0.01441075530000191
241694,0.05362345458499629
27397,0.0379097191099973
215476,-0.022609178249997086
76947,-0.02720970085500163
14674,0.017240774699999406
12458,0.02486072075000756
217578,-0.027654001364998848
66568,0.05479292904499733
16641,-0.042762227565000366
276770,0.012696497799998596
211651,-0.04700480145999997
29816,-0.030089936365000014
16362,-0.018021950150007626
69900,0.03743234293499942
19384,0.014410233950000517
71323,0.040948606719999336
27277,-0.03334408223500329
373864,0.0652289974200011
171285,-0.03721797582499953
13072,-0.042268466679999506
67371,0.014875990354997981
207278,-0.030264123705000756
18786,-0.033496298890000276
66989,-0.020852692740000123
12856,0.029165855330001378
434903,-0.07351965730000032
329207,0.061940169309998794
22635,0.042105048995001226
72569,-0.04798580108500072
72584,-0.03266992941999991
66834,-0.013000284050002975
67498,0.05435244906499781
71373,-0.03982233614000341
17688,-0.023953523224998108
67997,0.034668595939997715
225432,-0.03672426210500035
66556,0.017383616650000988
20129,-0.056699603670000265
66626,-0.043553248100000275
269019,0.03933481253999904
211488,-0.04549843434999801
11990,-0.04901260587000067
22095,0.04169685062499884
16430,-0.033543910895000195
11775,0.03907077333499931
75678,0.04563364752499943
11776,0.022915031084998816
195018,-0.04507482729499923
14600,-0.05780085819000025
12777,-0.028132056804998307
81003,0.06383676720999887
69384,-0.03601284406000094
17691,-0.03146829200500001
76487,-0.03754621758000054
13548,-0.01612180861500434
241196,-0.045285757505000745
58223,0.028367593335000052
15525,-0.021196483499997143
16331,-0.021052073249999026
19649,-0.03608269701500033
70767,-0.021804468740002747
219105,-0.011591641350005233
73845,0.05030931171999953
67439,0.01904825055999737
20661,-0.037258591239996974
52466,0.028173457039994076
387347,0.028774126990001925
246694,-0.019280416719997362
14451,-0.05082835098500116
19208,0.06268837294500074
17134,0.01707011909999956
241322,0.028984200859997422
72195,-0.058838753459999005
67026,-0.029882694175001667
66084,0.014789512329993926
241877,-0.027379049739999495
13002,-0.01949307549999446
227099,0.0505759678100004
66914,-0.02005932100000507
16425,0.03478689326999973
692132,0.0418659690649994
319478,0.05041298294499885
237934,0.045960898310000164
98732,-0.03599843142000303
70088,-0.016993785130003047
225908,0.05444492346999974
192970,0.022198865399996492
15184,-0.011156375449994371
67486,0.026565786854996887
70470,0.024762594224995382
636931,-0.05368396660500219
66209,0.033698662384997746
20296,0.02323921868000145
68094,0.037739956560001175
223774,0.05370708172999894
20317,-0.0393306651900005
13626,0.015513352950002002
78618,-0.024220868325004474
233011,-0.03398841325999502
20930,0.015271155709996265
77744,-0.05517133129500085
101100,-0.012274684550003911
108760,0.029261997915000837
71684,0.012069904099995199
15499,0.027518896934996206
58916,-0.06082970186999992
69714,-0.04835751528000287
76933,0.020753212800000753
68947,-0.038275881040000126
66889,-0.021327286730001838
72993,0.03832300058999749
241075,-0.021934210754997352
16859,0.019019264130001545
20416,-0.015220838450005658
69116,-0.016796935969995985
12565,0.03614231461000106
20322,-0.01575153015000552
327956,0.02731245952499961
11479,-0.050576474045000985
56380,-0.02321103106000244
16889,0.01605103479500336
56310,-0.014839393735005757
231549,0.0461934649649951
70603,-0.02888820186500496
72258,-0.05327799412500145
12974,0.015811008899998313
19360,-0.046987561399999045
22178,-0.06296870255000275
16913,-0.01402167050000358
15401,0.05172811245499975
52552,-0.018231051440002588
72946,-0.015844559295002725
192166,0.03176535344999909
240476,-0.04650488752999937
229593,-0.014524810010000166
235441,-0.014536599844999998
73341,-0.014349216700002998
69736,-0.0337254982349986
270120,-0.07151534520000036
71877,0.04523014277499904
72780,0.035837020044999335
215387,-0.03163538655500009
233765,-0.04999533916499921
235330,-0.03778891265999995
76964,0.01541267400000379
80750,-0.02407792614499904
19363,0.034344083889999766
106639,-0.021848394875000565
23834,0.028471968005000292
14180,-0.0417799596299977
75735,0.03798244476499946
78912,-0.022997960790004157
21410,-0.027252156579999465
56430,0.020442911330000868
17129,-0.015965613375001908
18654,-0.031842010200000104
66968,0.044037659790001626
26909,0.03545097952499798
27050,0.01314201491499567
246229,0.032206713934996856
17153,0.03220153687499838
66965,-0.013781737750004908
232943,-0.03695145321000304
243043,0.033020808599999896
242607,0.027665674265001883
26563,0.032369191050001245
209488,0.034073956444999
67487,0.012040530499994873
109181,0.03395755055999672
195359,-0.028033046295001363
15488,0.02451209152999745
70645,0.04693526621499622
244745,-0.04997096291500469
216963,-0.042306148704996716
68563,0.014961660500000917
73078,0.018005643560002227
67856,0.03695480038999399
217705,0.02657966005499901
12841,0.03217902685500018
66855,0.011999737149997358
17294,-0.016203528779996645
108673,0.03911017995000243
18413,-0.03415763890000001
329093,0.04712072049499838
66926,-0.029859285494999277
23989,-0.023378093885003892
14854,-0.032844418015000265
100952,-0.03266028714500102
319930,-0.03224143346500208
100737,-0.03518106644000252
74185,-0.018511072309999932
76072,0.03817761865999936
67618,-0.024200083175001552
20286,0.04272195398499701
235386,0.043076727209999
75717,0.03180323290999798
620235,0.031921837389998764
107227,0.017345126689994217
53602,0.013989173919995324
233918,0.04446701171500056
109218,-0.03509343496999895
20899,0.03354948168500016
56069,-0.06795267581999997
212139,0.01979192401999086
319583,-0.0304703579200023
71586,-0.023412222255000614
114644,0.03617973277499864
68209,-0.009925571800005528
73991,0.02420230813000046
59021,-0.03911540335000385
13169,-0.015359531219999667
70605,-0.02557211275500304
58248,-0.015818490710005406
66464,0.021906618669996547
75458,-0.020530873795001625
11546,0.046805518280001124
98999,0.016964858359999724
76444,0.055638529970000405
99031,-0.0454395572649986
12454,0.014794519865002798
68119,-0.03651526536500338
69091,-0.0380995731249989
16185,0.017273799565000303
327957,0.024622952885003713
225523,-0.0297230930200012
386750,-0.030873693650001144
83383,-0.031236193845001203
20480,0.012045791554996299
231834,-0.015572681799991273
208431,-0.05039402222999989
57765,-0.013299301320000012
105014,-0.035003605900000956
269870,0.030173909695000667
75141,-0.019791213425001786
329777,-0.03199274058000068
19894,0.04696650987999895
226442,0.015881278749997563
58869,0.021668509764998234
14283,0.029152384479999682
66091,0.008706861600000337
76938,-0.016190324930001054
77781,0.020825111639998006
70465,0.019964354249997207
15925,-0.034386192939996896
66206,-0.04396728960999852
104443,-0.038818467050004024
20849,0.013772870675005322
13350,0.030701959504998655
224912,-0.02434799443000024
15926,0.032936758354996876
109054,0.024711690829998467
74196,-0.03239768190999737
76630,-0.01258118120999896
319520,-0.031858153450001314
233752,-0.02885532969499849
22278,0.029587358154997467
14547,-0.012138881625004316
76524,0.028439840890001733
107392,-0.028418282029998743
16846,0.017505712520001104
170829,-0.02282427809500298
68846,-0.03467108769000138
18711,-0.029511715264998628
74186,0.02507417273000012
233987,0.03369999900000398
244668,0.020377267084995765
433926,-0.023873997725001317
626834,0.025360597809998886
227619,0.012660191700003764
14137,0.02654255488499846
14559,0.042514533889999484
56455,0.022108611744999784
237926,-0.029064014629999413
66373,0.016320426500000096
21960,0.023532111984997606
16438,-0.018923650594997454
67747,0.03529412132999976
14936,0.01721171139999811
628813,0.031328033969998614
385668,0.06914713602499933
12352,-0.024493911825000048
75766,0.03487752768999819
14020,-0.02211769808499664
77853,0.023157946915002725
67440,-0.01565420001000195
240665,0.023053023844997966
22420,-0.04423107820999883
56030,-0.017970673100007772
14667,0.018917936200002927
66917,-0.011053400070000663
22247,-0.01634395300500202
242819,0.03178717295000233
14776,0.015083909654998173
20055,-0.011701304700007853
17475,-0.018091150295000524
71690,-0.03548147018500014
106504,0.011792357149992938
22045,-0.01962776912500175
16363,-0.013306771310000798
17207,0.015063032535001852
210766,-0.010317789539996625
78767,-0.028436982909999742
16427,0.02558978895500008
12661,0.04450757609499911
330406,0.02464420295499803
30934,-0.03558219043500177
330908,0.025172851879999847
12370,0.024483832045000042
57773,-0.0159841423599989
104015,0.011290628294997163
15258,-0.02050085435500204
56613,-0.02024352903000093
53414,-0.008941562054994634
67003,0.008263471000002909
14531,-0.031282799064999534
226182,0.028422519994999007
240131,0.055844098229998806
72160,-0.022954585649999082
27418,-0.03365179381500205
226154,0.028298952625001483
76936,-0.009613130700007133
67207,-0.03166702228999618
18983,0.02686923238499883
226139,-0.02482494448499839
319504,-0.0334564043450003
381246,0.03891993086000056
78330,-0.00903712940000112
16210,0.016179943220001824
110196,-0.012920897000000764
66279,0.031049079050002426
12622,0.037309311405000045
52683,-0.011579629585000362
215494,0.029765027714996783
14527,0.03854249427499834
83945,-0.014736761490008021
64661,-0.04003331421499956
53978,0.026437521534998787
93838,0.02766625896999919
103988,-0.022937808050001784
218194,0.028758822015000796
246779,-0.01763518349499904
67220,0.011222943849997336
217718,-0.017417945690004544
238463,0.026583470175002066
268281,-0.0245804061500019
16880,0.027264501575002598
107652,-0.026922017690001354
12577,-0.03209609896500076
12012,-0.02699615028000002
328424,-0.04041093941499785
232286,0.013259870720001565
71864,-0.03730457482000027
217463,-0.03313025237000122
106025,0.011392292299992945
73412,0.036196422509997994
70717,-0.009104648900006396
18742,0.02700814724999745
11834,-0.04872472232999936
54409,0.009505982314994554
28084,0.009505982314994554
76779,-0.013888761289999607
68979,-0.023466148510001617
114652,0.02814352770999795
22201,-0.013236283050003905
66313,0.01172488565500096
17288,0.029833753759999304
170737,0.009010862599998504
225152,0.03475221617500024
269003,-0.014878178260000041
54723,-0.024890470080004334
18806,0.029919681794996933
381591,-0.02766604608500156
76788,0.01461708498499803
102294,0.04200890843000238
13008,0.01516723600999903
242248,0.016724287349994427
22377,-0.009574823300004809
21969,-0.013497892844998916
70673,0.03603404426500001
224829,0.02542504237999932
74011,0.02337511174500051
22771,0.020003425319999657
77595,0.03911476676999648
75725,0.012668555119999425
75667,-0.01081245764999883
319885,0.012016658719996798
243819,-0.011430216635003987
68255,-0.011430216635003987
68612,0.017188990399999327
21846,0.024804832989998804
227522,0.022862896629995966
73466,-0.025579184874999328
26384,-0.012635164835002044
64435,-0.01817315082499782
83553,0.03509752443499892
57390,-0.0393664870399979
105351,-0.020902405739998464
17386,0.02585966540500051
71176,-0.09065960609499868
208634,-0.03605406499500008
16450,0.03139358265500025
14790,0.009224685749998685
73103,0.0340106289950004
171168,0.021499094619999326
171580,0.013420848350010672
170799,0.03136434121500198
268980,-0.017951870900001055
240084,0.02651006673999934
231986,0.02092111919999784
74694,0.03498112034500078
19013,0.017201559029997426
19051,-0.027310768074999547
15413,0.023778034405000703
209354,0.032186979714994735
208795,-0.03354938417499831
67456,0.029778321389996698
50878,0.04188764490500141
99712,0.010462966250006644
54393,-0.02649878239000092
70789,-0.01964386926499717
381760,-0.015603632194997274
193670,-0.012129619390002233
56433,-0.01133221496500525
103841,0.01936439113499766
23830,0.016943529309996208
15259,0.01000455930999955
228545,0.024253916554998867
72354,-0.013851141620000007
98711,0.037922759595000244
19693,0.019443611890000323
66881,0.027973841949999745
20430,0.03632709099500264
80732,0.009140399659997023
16468,-0.014386031910003538
19058,0.009190879209993952
109575,-0.01908016998000228
235633,0.010272037099989362
380967,-0.024040340359995582
16400,0.023161718030001666
193116,0.012842446484997438
18997,0.031222418890001435
232157,0.009578647320003242
243906,0.02594435000999873
16008,0.025558040199999965
56032,-0.036488180100002765
229541,-0.010685571200003352
21454,0.014131797529996604
14793,-0.02671228776500012
71761,0.033964676400000116
12859,-0.008354619149995912
207214,0.009593900084997387
319638,-0.01215169353999812
216724,0.028481582075004397
17151,0.009951269200003665
12173,0.030906292250000966
13411,-0.03523935639500175
30954,-0.01425516023500073
207165,-0.012035009049997214
98685,0.02600982127999618
19116,-0.028905980320000246
12866,0.011880309249997723
107995,-0.026971985859999492
211401,-0.02224644284999666
19221,0.025534755089999805
628779,-0.028751827764999405
23897,0.007632359099996933
263764,-0.03509338801499773
69837,0.026022202044996945
208677,-0.02376135923500211
11812,-0.02716183704499997
11668,-0.011508641699995437
57442,-0.02996484314499881
13982,-0.02408826953500043
67203,-0.011939969880000234
18553,-0.022449526625002214
56294,-0.023811382729998165
106326,-0.012416045889999339
26951,0.0608991708999973
319804,0.0326400745849984
66266,-0.006854590720001497
23885,0.012965585499999932
278507,-0.025921524384997063
73720,0.02667864883499904
13498,0.02523411299999445
664805,0.021258503404999907
67770,-0.026484394965000213
107607,0.010852717749994412
226652,0.008695856800001067
69046,-0.007732148599998823
12768,0.028452338145000144
13190,0.02477460893499961
213402,0.01818526152499711
57385,0.024290054974999364
19349,-0.010549494364999745
30941,0.02079835873999869
19876,0.034479936730000826
12960,-0.019241290675002354
12155,0.03384553554500025
70296,0.020227726615002162
227399,-0.03231891935000242
20280,-0.007467209249998774
68364,0.023999897695000882
360216,0.017698928099997957
238803,0.022992061884998805
72080,-0.03237629434500189
329650,0.018234863005000435
21343,0.012415072765001867
16572,0.01373362743999973
269061,-0.009895617004993085
67210,0.009365149700004238
240672,0.03762427037000027
17161,-0.016232829070002452
18108,-0.01724762891999987
21762,0.008816438500005574
66397,-0.011042297279999502
106021,-0.011257003640001706
382062,-0.007061850800008429
211556,0.023850508155000227
74131,-0.011391580950000701
22782,0.023106463019998635
252972,0.009473042164994894
22413,0.02702098106500106
225192,-0.02342178780000026
319518,0.033921810944999464
15408,0.027103053189999393
623131,-0.028997979754997516
232430,0.007166579539999773
327954,-0.03111023330499929
57875,-0.03197876066000038
78634,-0.021285442425002632
76306,-0.01628945289500061
70451,-0.01740640732000287
20847,-0.012025678984997512
17761,-0.025638966355000292
239114,-0.03439579969499995
235339,-0.025844245365003182
66271,-0.02208090197500212
13732,0.00870933450000777
629747,-0.017648776990000226
16542,-0.01745819134999671
211949,0.014060220945000701
19881,-0.01103179353499506
76900,0.007779767564995765
78929,-0.015957517529998633
272359,0.02588352770500091
20683,0.03151978794999799
71111,0.023800992200002202
320714,-0.02259807367000377
16538,-0.02467320844000076
68187,-0.043952518990002076
17992,-0.009322566850002545
11736,-0.023502387785001133
233902,-0.010088771394999085
15551,-0.023600622319999154
66895,0.015670101885003618
234788,-0.022246699794997937
215051,-0.025482886085001155
229562,-0.03623903743500234
56410,0.02171313643500028
22673,0.022418252240001824
68556,0.008203550070001953
13983,-0.01113366947500083
19106,0.011005419099998193
70439,-0.015605679040000098
14060,0.010870014310000009
79456,-0.02028507211000008
83813,0.02499190640000215
75734,-0.012119748699996435
11746,0.021573342819997343
18570,0.010002550750003891
56428,-0.0058026271500022375
67217,0.015687719675001155
20779,0.023321835785001355
13346,-0.009404508539998524
207151,-0.02468644792000063
14651,0.025659533384999378
330050,-0.016143696260002116
16516,0.018672274179998283
231999,0.020898538289998214
16183,-0.0062950371000045635
18203,-0.0062950371000045635
67097,-0.00834707069999574
70425,0.009514924950000392
69816,0.008185817300002896
17237,-0.01220385065000329
622645,0.02475684965999836
20818,0.017950544815001024
140630,-0.016997679065001492
268859,-0.01602858222500192
54485,0.012395473899998066
381410,-0.010372795299996795
67792,-0.022926284374999106
14919,0.024948959075000943
214572,-0.007761984994994364
242297,-0.019408529309998812
18212,-0.007959168900008251
223920,-0.01615073034500103
192786,0.01100317114999605
666279,0.0323641791950009
70911,0.020405575854999913
76793,-0.022424774074999654
216011,-0.01908944434000226
279499,0.013858753114999622
74015,-0.009259729184996957
330660,-0.008746041765002488
19325,0.006150741399997273
16906,0.012525400539998621
207839,0.00737711424999965
21389,0.0094819281799996
329547,0.030556562664998843
66315,-0.011681108814997287
16775,0.02287061255999978
20185,0.01310139074499439
20103,0.007036320400001017
12337,-0.012382268510002348
17973,0.015751153054999634
21834,-0.01785285719999985
59048,-0.012746508060006434
387314,0.018006486634996044
224079,-0.01525409527499999
19326,-0.006405661250004968
243612,0.016455350844999828
13421,0.01527396211999843
269704,-0.007312997450011238
208266,-0.008980083540000905
50913,0.02948800129499851
235682,0.02445236720500077
19826,0.033971940259998945
68147,0.010633725679999984
15930,-0.019074500060000776
229699,0.03113133786000155
60363,0.016313039814998653
215378,0.02470097585500053
29805,-0.007297094655003278
68172,-0.017949416220000902
24088,-0.01059191488999911
234378,-0.021311178095000827
19335,-0.018674265950000546
22223,0.02080024065500119
66863,0.01537314280999702
30927,-0.021699379885000702
19737,-0.02100645388500144
106840,-0.01584067762500041
234582,0.011844545320003341
19057,-0.011609728964998567
70024,0.026110515234998743
67602,0.010718583379999203
333639,0.013708916200000143
56505,-0.009339156690005623
403174,-0.013317513625001887
71665,0.00737994820000587
15893,-0.0190316120600027
231329,-0.015116775654995251
50492,-0.020386319885000503
67832,-0.009926109175005138
22343,0.016666988984998632
14605,0.009412873000011146
23874,-0.00936921368000121
15568,-0.01662046015000307
320492,0.02716926488499727
12299,-0.010878337290000317
12223,-0.022334807514999167
223267,-0.013821477210000488
231932,-0.006924273575003248
19214,-0.02007402523999824
18627,0.018705813880000477
15373,-0.015583805660000394
328845,0.02046693118999876
107272,-0.011138926764993506
18861,0.016577469070003126
51798,-0.007208310479997593
269784,-0.022173144005001255
15976,-0.0075408789000022125
53626,0.01788036988499897
338354,-0.011940381735005445
218103,-0.02249341287499984
24069,0.013834590944998837
14969,-0.01117653380000938
18634,-0.012307313915001394
76157,-0.012307313915001394
54152,0.007818347590001551
70052,0.017174647080001826
216238,0.019185524864998804
67223,-0.024458568229999145
99237,-0.010323705289998486
101359,-0.01271995942499915
69121,0.021983428284999995
22121,0.007520949199996352
18972,0.027448566235001692
240442,0.017765539455002255
54422,-0.01586835349499882
229672,0.02092524905499804
57320,0.007092903700000264
18185,0.011600838060000562
50876,-0.02817254800500102
57170,-0.012372348249998666
75871,-0.020339302920002744
67249,-0.020279204560003095
66715,-0.01925535200999917
233529,0.0047329289000046515
15463,0.01679102939000021
19049,-0.02170804268499893
66165,0.007231732534998869
277432,0.014471877165000091
105446,-0.017786116645005734
229706,-0.02218302241000103
67045,0.019201408564993194
15936,0.016000450534997768
108160,0.005599242549999772
13116,0.016553817339996613
16323,-0.013778639795001268
14560,0.013171620130000061
70495,0.02141055279500037
170461,0.016479064114998998
14563,0.020243883774999638
73724,0.0086426251200038
16171,0.01843431884499802
230967,-0.01426811032999975
24030,0.006481509274998132
76960,0.01100994944
217864,0.008538080314998808
75409,-0.02433720940500006
353282,-0.013022882320000484
232987,-0.005160209500006729
21803,-0.005160209500006729
53817,0.007780820999995441
109978,0.00956877709499615
69029,0.00454052399999938
246102,-0.016489556109999803
14391,-0.008647632835000252
19279,0.0225974207949986
21417,0.01921081101000066
271981,0.026564260134997575
16196,-0.015896217425001247
114249,-0.012416888949998928
235431,-0.014305238405006193
28035,0.01381138965000428
74375,-0.009233101480003114
381411,-0.01586333802000084
18816,0.019778309109999448
382077,0.014613462434997615
19188,-0.005797228750003214
70238,-0.008481931260000408
15375,0.01905802750999852
20442,0.007310607549996462
11666,-0.018696696250001033
75465,-0.013293220165000896
56522,0.013020806400001028
142980,0.0169821371600003
12041,-0.017743656489999537
269639,0.01354961636999441
12640,0.015436310115000573
68460,-0.010970668565001951
237868,0.018386698954995673
66358,0.006564327989998731
100039139,-0.024940058139999444
53319,0.007499495800006528
73314,0.028245205934999795
13874,0.015415861164999711
99412,-0.012318883150003401
66736,0.010992398605001341
21838,0.00917285979999427
64010,0.011460759684998933
27998,0.0052485719500108274
244757,0.01658706824000067
69702,0.009187213585001075
12524,-0.0115065216500021
71978,-0.010662589475000317
224794,-0.009388663964999822
50880,-0.010969240735001051
19769,-0.004541764899995471
72630,0.0050309652000031235
231830,-0.017630841374999484
14489,0.009193127194995654
226977,0.021134078774995402
16513,-0.011313305425002529
320951,0.004984719599999465
17883,0.013619043185001178
68352,0.01284107831499881
11634,-0.01816122452500224
72077,-0.01641377032000113
226016,-0.005735455100010611
13437,0.005760929799999204
13395,0.019693260299998627
13809,-0.01028610547499964
70560,0.016541185429999494
75502,0.0074798385299987835
16679,-0.010267205554999492
330230,0.01780646544499742
67328,-0.014832128795002397
217946,0.010313067094998907
231507,0.006296398600001751
21929,-0.017991004155003765
70508,-0.01972029175000145
69537,-0.0054280062700069465
269717,0.0060490403999970965
230787,-0.007455220465001133
22134,0.0045849139500031555
217207,-0.009580058319999196
106529,0.005694771869999116
11768,0.02471745155500038
12301,-0.006043060770007713
58172,0.005353850209999678
67929,0.018796746755000537
80914,0.006537586289997677
30933,0.009319319045001606
216350,0.01751765203000044
225929,-0.010422336284999112
241633,-0.00535340395500139
14287,0.006279095460003603
56412,0.0047976858200033945
83456,0.04470910885000068
114585,0.011148061059998327
225497,0.04323727793999943
668257,-0.0108108612300013
67298,0.010923561454998065
15560,0.014149117945000178
73945,0.008061184949999856
664883,0.0139281256199979
52535,0.012360608299998077
69155,0.011242390334999186
329416,-0.013984172935001205
228536,0.013408691719999588
227929,0.004933981550006905
66967,0.012778183389998254
74385,-0.007134571040002591
320563,-0.009877764739998796
14065,-0.015029639800001604
104718,0.012610573090000798
212999,-0.014255684745001496
338371,0.006636088999997014
216119,-0.013679420605003045
226641,0.012850010154997982
12549,-0.014866441825000187
71773,-0.014173267060001216
225600,0.009092848224999006
108829,-0.004449944340001011
381686,0.008919949744998767
93887,-0.014073981690002846
242474,0.01069917058500014
226180,0.00742413218999971
98558,-0.010778379995001863
12364,0.010012934914996663
66311,0.010712603785002273
56363,-0.013007106685002157
100163,0.01341586796000005
72344,-0.01044450908499961
67072,0.011629913794998892
53883,-0.008382805904999735
67525,0.012551168739998175
246196,0.01635754782999399
13171,0.012635468824999663
433178,-0.016758097499999458
12589,0.015548637939997612
108101,0.00493141100999317
71951,-0.01567034621999941
72318,0.005032646499994797
12554,-0.008454559279999163
94065,0.004450843179998998
11535,0.009724520880003418
56248,-0.0051787133449998635
20479,-0.006729409200001868
73420,-0.006007519240003312
20655,0.003046434200001613
94223,0.012782493019997787
13040,-0.006277772000002457
60411,0.009086238910006372
17064,0.0048881129299953585
103537,0.007765235884997779
68035,0.005505299500001115
93736,0.009482241299997085
68636,0.010155225575002369
211480,-0.013133071959998244
211948,0.01046360008499736
23919,-0.011784592004999261
20218,0.004689406744997626
17766,0.006022132740000075
231600,0.003364943604994508
13589,0.0035603560000012635
22632,0.003909825559997415
68053,0.008930952709997442
28075,0.006741642990002461
240776,-0.012566782770001783
74732,-0.004194689649995809
67838,-0.003421445295000325
67118,-0.0038199825499969364
26380,-0.011629943810005372
14886,-0.004136794100004337
12227,-0.004617430010004142
20743,0.005403503789998432
67830,0.004015368549985965
24132,-0.005425168940002223
16002,0.010388850484999601
54607,-0.011399594584998951
550619,0.0073302414899991675
214063,0.014015598750000358
246277,0.014538921189996223
213012,-0.00994472249500511
21833,0.007776669064999631
234736,0.004814318884999835
235628,0.007984815110000376
67454,0.014305306754995861
15445,-0.016171006245000008
72727,0.00470005997999845
18751,-0.00501493295000266
67112,-0.008920608225001736
71164,-0.008917368879997056
52588,0.003380822149999574
231123,-0.0040706396700027625
66164,0.004352739694995833
80289,-0.004077469025001612
70078,-0.006748425885000131
218441,0.009964954754996924
103135,0.014326749584997245
13838,0.011324033134997968
213109,-0.00569996994500066
404242,-0.010441991195002664
432628,-0.004097852700011728
93891,0.01184662936500036
66701,-0.0051128861000027115
245020,0.01512780097500066
208151,-0.009014636414999
227674,0.004964715889999027
109593,0.010961391134999054
381107,0.011929334875000919
71774,0.008405762239999781
69942,0.013015635285001714
52897,0.007448388455000288
23802,-0.0030535665599948913
12380,-0.004759025870000322
140571,0.008184755440000302
74580,0.00996380031999955
68891,-0.0120681303350052
76719,-0.008669257120000218
12304,0.006871872955001024
69802,-0.009989991320004776
64378,-0.009912326965000329
99929,0.0060204632850027195
12401,-0.007342736665001404
69550,-0.003703540949999251
619331,-0.007767832375000339
234329,-0.008394707649999056
404710,0.00942146965500168
75552,-0.005458665000002583
68166,0.009966048614999501
53417,0.008147953820002662
21781,-0.010337994159997699
11307,0.004255560549998094
74144,0.00850424071000111
67620,-0.006780672315001901
51795,0.007875818469999185
56378,-0.0023576403999925333
67106,-0.002912974250003586
71169,0.007427715874997354
55992,0.0032552711000004564
13041,-0.0036488141700026233
20272,-0.014273664689999244
72562,0.007441655279997406
24100,0.00549402912500252
235169,0.006892663049997694
217692,0.0041903324700012234
101214,-0.0033754227500004674
18045,-0.010924888970000879
105450,0.007105206349999005
140476,-0.008836314329999873
73754,-0.0074741273099965255
53331,0.0024453577499929935
64209,-0.0030399407800025813
18101,-0.00790213266500217
22232,-0.010010830725001973
225659,-0.0072638573600052325
21975,-0.002968613214999749
66286,-0.0031125466499943855
29871,0.008003740904997336
14265,-0.009745181680003157
72281,0.005713242514997496
20963,0.004035590899990282
56364,0.010960305055004227
100039596,0.005678272964998676
76832,0.006968888540001217
69693,-0.007770928320000259
19366,0.005111694614996054
14825,0.01153994953999904
228993,0.005359712480000667
71435,-0.007631740800005282
69743,-0.0064962227200000555
320394,-0.007314375340003565
219257,0.028291051814999246
245474,-0.005133254805002707
12038,0.007338459829998811
213498,-0.005867806994995561
208618,-0.005431295874999353
214425,-0.007418569804999109
243382,0.003946364759997323
66427,0.0035649816000002943
17977,-0.003142971000000827
67781,-0.004592097625002012
67391,0.0026049515000003964
236904,0.0052023001099970045
100043757,-0.00540369983500355
107513,0.0018811667899942819
22137,-0.005740102745000364
244238,0.0036803296000007535
66174,-0.0052622420500014755
76183,-0.0063825145049998255
67578,0.004523490055000856
21384,0.006162564814998106
74281,-0.003593136870001068
16532,0.00488190079500006
15516,0.0024900523999935587
117167,0.006552205794998045
53415,0.00526127656499753
67472,-0.002696957364998198
231760,0.007876060020000075
233405,-0.006618443879997216
269252,0.006217453469996137
170716,-0.004257478720009367
57279,-0.00433268663000419
12492,0.006421061995002475
71726,0.005008402439999671
66181,-0.0024974606500016705
69582,0.0030503838999997868
77706,0.004621582519999556
78581,-0.0032042354699983733
73090,0.008644033609998214
20723,-0.004172324240002467
14570,0.0046287252949994695
68366,-0.0073723079750021014
233328,-0.003064228135000846
13436,0.006211795564996514
232223,0.0033584027249986548
11830,-0.006176057939999868
279766,0.0021285048650021565
103743,0.004945407439998828
67898,-0.0013607687000032342
56752,0.0031544729399950455
16453,0.004574938594994471
11435,-0.00665147105500008
93759,0.002042565395001361
216799,-0.0035950187750017903
74470,0.0042631366149969985
19246,0.0013840478099975684
20973,-0.0013578293000069408
216198,0.004491256489995266
235623,-0.0018557802799996637
68774,0.003031968299998411
102436,-0.003967649019998909
76375,0.0035577851450003806
15476,-0.003075201390001503
68142,0.0027227239149967275
72325,0.001756204305001674
231672,-0.004504038479997696
192650,0.003936204174998181
14739,0.003348121559998418
20537,0.004149983479998731
75210,-0.005463254440003951
320150,-0.003406618019999641
74978,-0.004659952684999524
19822,-0.0024715905100016755
234725,0.005593996485000474
54381,0.002660744419996419
244310,0.0036725107049986327
71913,0.002389438954998546
170676,-0.00386077478500102
19336,-0.001437273755001911
75425,-0.0021220472849936556
26611,-0.004412473300002162
67890,0.0019550255899964952
14660,0.0019328327149974456
109778,0.0021036711949999898
78388,-0.003493689310001713
66306,0.0012520297699953886
207209,-0.004242818734999876
22778,0.0031867302049946034
20725,-0.002240599169994084
12181,0.001604899299993079
74104,-0.003055841414999705
68955,-0.0038423100800017984
83436,0.0015701359800051051
104346,-0.003790910100001099
213603,0.005295205079996812
68038,-0.0023005888499980642
13476,0.002342571610000732
223770,0.004270885539997771
76293,0.0029064058200010123
12238,0.0013736059999960304
67087,0.0036749737349976996
224109,-0.0015184078499999032
245857,-0.003245473445002034
30051,0.002520887829997598
24068,-9.517505000022908e-4
72175,-0.009799776540002192
78826,-0.0013266492500036975
72269,-0.0035060438699971996
66495,-9.374979499998659e-4
76421,0.0027456284150013666
73122,0.0031605733099970834
12929,-0.0022523197150041696
70675,-0.0013815975200071051
22368,-0.0010354516000070646
59035,-0.0018495518849981352
13654,0.0031098339399973085
70974,-0.0012159408950012107
72832,-0.0047271477850019394
12797,-0.003822928700001782
228421,0.006045101794998509
68472,0.0033080018649993548
16973,0.0013506122499968853
208144,0.0017020774249951742
110834,-0.00203278468000212
381399,-0.0026622960049982325
13992,0.002233109545002776
75712,-9.707156300020614e-4
15431,-0.0018345978950020658
75122,-0.003447218549999409
11906,-0.002849239345000143
225160,-0.0014462556650016722
21945,-0.001603927550002382
26556,0.0016720072850011647
19185,-7.668165999987764e-4
22380,0.0017682099500007098
15221,0.0021714433149986334
319822,-0.0016008162850020824
56316,0.0011715008449977304
242408,0.005500197144999941
319196,0.0019766076450005166
83453,0.0014485717849979096
270097,-0.0020330294349997224
215654,0.0012965555649993021
72265,-9.699037100041608e-4
218503,-0.0013359907550034578
20168,6.055606900012833e-4
23887,0.0010910375299992836
93836,5.547672299961448e-4
16782,0.001135964559999536
213326,0.001462431270002007
80707,8.78512659997277e-4
54367,-0.0011015067100030862
97761,7.44991890001323e-4
93730,-9.840353450023542e-4
20518,0.0010206642699990276
69376,8.143766850006173e-4
67074,0.0010976094650025914
18104,0.0010886303649977336
11801,-0.003204454990000105
320844,-0.0011600783049998675
17392,-0.0014485465200020364
14585,8.576256000005777e-4
12140,-0.0011985898449986543
80859,-7.412040550036636e-4
101122,3.0941062999900737e-4
27362,-7.063997049980841e-4
14362,-6.529712550005229e-4
20907,-3.519303900025861e-4
230678,-6.374903399999354e-4
12123,6.643764949987307e-4
216892,-2.71999690003355e-4
20403,-1.5369820000543655e-4
66940,1.9247399999500203e-4
53621,1.7477840000168499e-4
19708,1.638085500044184e-4
52822,-3.2250771500308417e-4
57276,1.0409220499774108e-4
67011,-7.734836499917463e-5
71983,9.439409999778547e-5
59033,-2.8311550001269836e-5
