MM.Entrez,EffectSize
76905,2.820105544006932
12983,1.4755476684034488
12702,1.8843093233808137
15439,1.4322476636047288
16819,2.4803919557359997
16012,1.8514943380149171
54483,1.3540369996763548
228966,1.7177440080598654
17394,2.4711703148477655
78892,2.6722523908391436
613123,1.1285770891224534
246707,1.2728493446517177
378460,1.6960281033311553
16178,2.2699920660734376
18030,1.293009837420624
12765,1.4579794134075694
18636,1.0082225793009947
12654,1.9764440746129575
74145,0.8416793690619748
16658,2.05764893721787
117589,1.0432776987872394
12051,1.1261721781691652
17874,0.8238082724054046
14058,1.0760561357751381
20540,0.7553796268590292
20201,1.1954773057289962
20288,2.354471721011101
56619,1.5736328656725274
15368,1.2202740364425857
19246,0.5466883331113284
14293,1.583236146066719
246746,1.3087658943796647
15186,1.2128613989383545
16592,0.9178555033935023
20296,1.1878947017449932
24088,1.1740272659284523
245945,1.2561189263708714
67855,1.3999070839244494
17118,0.8405940788444415
12266,0.8265211809069726
50930,0.8262715320489242
20848,0.9008733674775318
68591,1.0518498691223899
14289,1.561434125125853
23882,0.8055203415245202
67399,0.6685402394903761
65221,1.2245402733071193
94282,1.1906887133558985
20527,0.7939640453529151
21810,1.067270801708677
68027,1.1940909057572373
80876,0.968455158404586
13033,0.629837589569096
21985,0.7503526888501604
14284,0.782971705027494
74754,0.7270390002615859
18726,0.7913609941052879
12489,1.6783337733541845
14729,0.7417686926961409
11490,0.6352232718035644
98682,0.7307932071198735
17474,0.9907723248186997
216161,1.3607917281523543
212032,1.254370974232871
212111,0.5160625465290032
214855,0.5602299957197605
56722,0.6448021198293485
83433,0.8416541768880776
211548,0.5995071270075076
14538,1.0357183827139052
94249,0.6570665638114797
11669,0.5943298829886992
11535,-1.5899716787252975
11964,0.5473970882177177
16419,0.6015348719544136
12475,1.3472014576807352
20202,0.9399756575073663
12519,0.7730297639312056
69601,0.7022237120697081
57370,0.5569425887070611
74116,1.1772662090751407
72828,0.657092065208202
16784,0.5212687871199613
17294,0.6296910003714871
12363,0.6560344284392574
216850,0.6061598526351535
68713,1.1047268104976222
13601,0.6277129023213401
74191,1.485566623531425
14682,0.4936878080871834
66949,-0.7354178038536787
64011,0.6047577117264638
54368,0.45648115751852103
17988,0.5569601238668529
19242,-2.4367419320602726
211228,0.7947892471415505
381605,0.8685681860532934
15567,0.5887612707404397
19128,0.6413017310689408
73910,0.6387700227844073
16981,0.5663631516584253
12522,-0.5784197082726514
67844,0.7705514737577293
17064,0.6343615744301019
11475,0.8471482411754296
20284,1.5621121336425015
270198,0.621673864718165
56221,1.9398409264661973
16416,0.6943959237589397
16403,0.6695848284942052
68337,-1.0094438479393348
22793,0.5438272721201152
11465,0.4377378780193606
268977,0.8278651755161857
227753,0.502159877367454
54353,0.601349890129173
15109,1.3408333142338797
270151,0.7311150961626822
12182,1.1103243704633234
109624,0.6751895163901027
12306,0.7431123506851272
78771,0.6159913100839454
94346,0.43027116550859645
13196,0.4972829381256023
17776,0.6834312589663121
21452,0.5906530193992587
12445,0.48603040627656746
11501,0.9969864676393705
259097,1.4566574283980471
20197,-0.9755129493846484
17476,0.6922878050331978
18173,0.7674229904550991
208638,-0.36505823886595223
20359,1.5643524714420014
22433,0.4663837398231365
227659,0.7980596101038984
245126,1.8381645206232933
14159,0.6484810699099395
76615,-1.458033810268288
102595,0.39386025344525777
22371,0.8577532328170587
68487,0.45819071536196887
67689,0.7135749453600901
104009,0.537702216669599
12576,-0.42949429792359695
15460,-1.3532272334665696
50770,0.8310056026266981
102693,-1.7485469274443712
215446,1.6866728816712522
66618,-0.4777271798130993
12331,0.4725330622234889
751864,0.7830174979916471
208890,0.8607997457752949
14723,0.7022956616343787
235442,0.3667931305679826
57890,-1.5907178789094183
19662,-1.6865636464649167
11629,0.7955666204381462
12581,0.6026953607013539
20200,0.7344476364340373
23970,0.5054572911469606
233046,1.1034837729354354
17312,1.0893103986070187
98932,0.38009137242427826
59090,0.5555129389964986
241452,1.1471376521230372
110095,0.9603325142403758
14461,0.5843203309487999
110751,-0.5868749016492201
108101,0.5671704674267986
68468,0.5626160613782574
215707,0.5493158620395455
74747,0.8849690195864568
241633,0.48559892438918606
21807,0.43740492127438024
74901,0.6805850348385949
19248,0.5455424416765613
16780,-1.4381564690590887
104130,-0.3168777888220973
13032,0.5554386782192662
17096,0.49134445282890216
234723,0.4853828126973472
14127,0.5252781779651823
67111,0.7529008345332198
70435,0.6120798103086873
13685,0.5516269444874187
215194,0.6001253258322397
67623,0.385738082283666
258405,1.118991981073234
110208,0.6449028366239524
12798,0.3872713866176323
217151,-0.5948227871212808
18022,0.42200301868037293
99167,0.6465022437886825
50501,2.612365279546071
14158,0.9361757786308793
69816,-0.502186894158541
14067,0.6528715635767597
17122,-0.5330037746626086
18602,1.019782072485869
12824,-2.3134531449395683
99382,0.6802448836136481
12759,0.4986512975075339
21898,0.7523783806674054
74178,0.40148099022759354
246728,0.7524957162872123
259119,1.0737291528428696
20496,-1.1227445319794533
78339,0.3964551841103017
211323,1.6669890015871083
106794,-0.424767631338522
19230,0.49962229209451436
14824,0.6541961282821891
13857,0.5016687547380094
56760,0.38616641992814316
11891,0.6730515830889425
11515,0.7556488655347104
545156,0.5321798198813887
66425,0.4248007452343998
73174,0.5795532657069913
18217,1.708858267021128
12874,0.9311537891526367
74410,0.5196543324425029
14724,0.6092664305103206
74039,0.6438399552652516
235106,1.5635414986466518
12399,-1.1877463960867871
16906,0.709085207446206
66151,0.46518979747460243
216343,0.8571267015503752
12273,1.6280442717727062
27226,0.7077074581909404
17063,0.6406730825162388
11302,0.8041295640830155
53313,0.4098290610451034
15442,0.5103946270121682
215257,1.725758677653129
11434,-1.032403952654163
11676,-0.5441604466507624
70945,0.6208542130700305
75909,0.4631893274475001
20997,-2.195556859614371
72027,0.4996113767262109
11461,0.4729509514299366
14782,0.5028439162825276
22351,0.5947293766223289
80884,0.4008219331115104
435626,1.187689846882832
53626,1.422770632159879
19156,0.5939866802920051
12169,0.585014276859571
74244,0.49986505408263504
71326,0.3735962018365786
11541,0.7238647921627663
12817,-1.3581002740155914
240888,1.1067307067652057
71973,0.5804497364983199
67971,-1.112002742867773
170736,0.6749040565733004
21349,0.4965792867717571
12876,-1.2822271708675252
20203,-1.9130505250914749
13008,-0.5191770087364684
319622,-0.7616041928074502
225341,-0.9468288930411628
19271,0.6034937801506377
64138,0.35317830485240087
29876,0.538325906613327
72536,-0.33880555636060805
21928,0.6781671901441779
18588,0.5353749765716449
121021,-1.3596339191670506
70747,0.4869943733056896
18826,0.6078280760459833
107767,0.5937600926217694
57436,0.3651436654267606
17395,0.9732335166260979
22601,0.5337771238385294
110279,0.5511445365205496
12580,-1.0116029681912275
236285,0.9393450302926984
21937,0.49625976773657676
216551,0.4802774335961324
109342,-0.9904830550668322
212531,0.5132362373498367
24053,-1.0819743797008137
22640,0.4413208415710752
216869,0.3594498717433563
16399,0.721518023201746
235574,0.3925118836113972
16876,1.2660234496747274
14699,-1.2708938522620872
108143,-0.423210278603527
67468,0.4534513870168322
21825,0.5191286622721414
17068,-0.5380645594674753
20612,0.7421211413445867
21877,-0.4255435312881275
17916,0.6113031538844442
17207,0.5788368702284288
233571,0.7093813499087114
243816,0.5654748564134184
110829,0.43841592156730336
231805,0.6432942183747752
104709,0.40455879217717516
12628,1.0420162824795627
18675,1.332253849850336
110911,0.4376174260418537
668880,0.7395479880704796
20345,0.35263788162447796
71862,0.7229568282119487
12424,-2.6971793807692297
11994,-1.258934254018084
74257,0.3881344665093458
331524,-0.46452190027809515
54004,0.7310407631750326
19646,-0.44901669502225694
13723,0.4414621926707589
665113,0.4489476966211665
67872,-0.3235212462181263
11927,0.3293799761461269
238871,0.6821163546883273
67800,0.7662138942483558
217124,0.3926865245121327
73218,-0.3761007341421294
100561,-0.5027432464061139
22038,1.008856574101494
269037,0.5704492130286543
58217,0.8743319880394882
170750,0.3895238184690779
74315,-0.30121029296326896
17972,0.42395402463405674
12609,0.898705422934654
12366,-0.33890274666202913
16202,0.35884275953708133
13136,-0.652884377825556
11689,0.7514884654877587
226744,0.4896942431097049
67819,0.3587536357416621
229499,-0.46572898220225944
53972,-1.6890056233071626
108097,0.45846521182698297
56193,0.45159591662320864
57814,-1.1074043145704353
29862,-0.9242312099145913
21808,-1.3454412345693596
74012,0.7889872365628623
171504,0.6489369135808225
108645,-0.4976159302039651
16164,1.01411234914268
235627,0.387006383593528
240960,-1.2375152448057571
81910,0.46788190578637057
209446,0.35360057323965854
12982,0.6769773270092756
12659,0.58290334369656
225358,0.43318756557451543
74253,-0.9112798078879019
13496,0.5751247203835383
12523,0.355957627785779
14191,0.6622133899973033
59095,-2.9004379083789686
16414,0.4690663609896131
12514,0.5501065909922449
26416,0.29313785627387823
192775,-0.921095265859813
67495,0.41644213395834573
14027,-0.9692406239238025
16412,0.7696645717669828
105559,0.4208013563476314
66241,-0.47004669676273814
71839,0.705434105879875
103172,-0.32614180380811675
12335,0.42808730625471725
72393,1.1182179282542668
19730,-0.40733214670263607
27403,0.3741318829372151
21934,0.5459628192767658
109648,0.5338742187534713
216961,1.1998624090376246
71584,-1.1227878888956244
20568,0.5796688263804057
330998,1.1146645539264801
227288,0.6048457423942297
59047,0.4003254137218146
80879,0.7094030429570495
114886,-1.8961500670425897
12265,-1.162282314485977
21899,0.5356428559309183
56434,-0.584720108811462
65963,0.6275233871533104
20692,-1.9086215756853235
14773,0.36103533881990213
74451,0.2748605660314851
71801,-0.5083371124757434
20024,-0.33651357689120154
21371,-0.5110870837814101
50787,-1.356686765328781
268490,0.42463938317341743
19347,0.3492265476625338
21685,-0.39857834671147074
12921,-0.7108195022959753
117149,0.6056597610556738
239217,0.48560215156858355
72349,0.44199641583439586
19664,0.5636502337148883
243819,0.4058089009678838
68255,0.4058089009678838
70686,0.46013604423103605
20130,-0.338242277679063
381203,1.0262590684364925
77559,0.5127319072252403
100900,-0.44607761521303324
66790,0.5306489770885596
407790,-2.307608162897627
13388,-1.236718105975255
68262,-0.3433461529438784
432879,-0.7152982342363217
19882,0.39016981496891345
71884,-0.9816161146517528
11847,1.1361159615375085
230075,-0.32495215270304456
14199,0.5397985294627423
58223,0.6604850616938789
17454,0.471537483021935
99662,1.0092284003174927
19241,0.3382267755785797
211770,0.8524175493907169
80283,0.27412415204456764
14270,0.7713935278145225
76407,-0.45150017727350544
240047,1.2549077813363931
12394,0.4919499207024014
74008,0.7653056377534009
237213,-1.228626839540353
16952,0.7330753076026593
67088,-1.102534090427282
58996,0.46227985887238177
224129,-1.3664147670039721
226610,1.4695786488873575
74440,0.5218367101411072
76637,1.2236125437231435
67434,1.1018270897967808
66541,-0.48648807703966135
218630,1.4218198857569782
75404,1.2585922490765236
320292,-0.4474854685911911
75423,0.314925833225983
109689,0.37318835636899905
69274,0.7376773882308187
69632,0.6882220448927665
70893,-0.9844437826895613
11856,0.5243458840699908
22323,0.3110756790647251
22004,0.5791888126700213
380686,-1.084665013851236
104086,-0.5531708832286899
16569,0.8824281704605355
330790,0.9707587651922438
110135,-0.8258582863336965
18007,0.9691471202173956
80708,-1.6304051401291604
269941,0.35240123412078717
380660,-0.7519128288839299
28193,0.411089210893012
16373,-1.114412806629904
71706,-0.3572538318609251
67067,-0.2787325699062766
68943,-0.5096299651215404
277328,1.011517676164651
20348,-0.9456394055131931
74470,-1.0829881560303698
64704,-0.2994055047438611
12160,-0.9834640053802457
105522,0.4786507980841286
668218,0.3163960058770954
21983,1.0490804344627747
216821,-0.37732707316413894
11520,0.5549650538756978
11684,0.4656616947592056
56199,-0.5109679927607962
21346,0.3172414405669688
328833,0.43005634553531635
245867,-0.3893223148819729
56551,-0.308775084417487
100019,1.1062794458689726
239759,-0.40136933943138464
18576,-0.5764399548034493
17974,0.3974984303341884
384009,0.3980123666291071
228911,-1.2307352991005858
66875,-0.8113982910398612
83815,-0.395465906348762
14264,-1.6513021279446765
12571,1.1330117794876662
65113,-0.3485140526509518
98752,-0.5972321790495574
14863,-0.9153960748612677
53625,-0.4457674241544236
12608,0.6108442927970543
228836,0.3735842340489306
72973,1.3559805933403322
243743,0.881469146961738
170439,0.4997735098258076
67463,-0.3840442276743552
19417,-0.9641834624785623
15207,0.7981618640831072
83925,0.6136034102666921
22094,0.9430233432186186
72469,-0.9925973067110068
13855,-0.842515699771945
19211,0.34158138629632795
12215,-0.6130978368764666
26415,0.7244880353180454
56443,0.36173366167009924
18761,0.33415756805971597
237636,0.7996245407283795
68044,-1.0344421292296584
22210,-0.4185446601661731
78478,0.900155472771131
12802,-0.46088669646606917
259063,1.295201356296554
60527,-0.8298580726973261
229801,0.8695745266215069
22634,-0.6124698005485669
258025,1.5899383480772036
214895,0.30760313980317555
11992,-0.5896002550868467
17937,-0.6855021606453704
24099,0.923949628832708
15427,-0.7876576723018966
76429,0.38328784162873397
230972,-1.4969577745588354
104215,-0.4348705675002851
11810,0.4069243978112542
258882,0.8040117223365009
21906,0.4426565578439021
11537,-1.4350179285392235
76900,0.310955185763774
18537,0.3268018479143695
100017,0.29988888603353203
67841,0.4720762643756089
22032,-0.39123575095160135
12771,-0.7380672500051251
20630,-0.40293272144832315
66442,-0.46556883711471375
14411,-1.3083192524985017
109305,0.44933459389011077
29856,0.3960049444286753
93882,0.8847540525202873
18205,-1.116821960271666
21873,0.6147851916931462
19261,0.43471160613382054
15211,0.3056724602550158
654824,-0.550930284482523
66449,-0.25319586971255426
14312,-0.607809390393145
17534,1.0693049112877886
58860,-0.9763841234179278
245049,-1.0053852776455852
12700,1.0857867428883896
67186,-0.27392803651983577
72338,-0.27392803651983577
78372,-0.6369706997257598
50772,0.45797014965082106
12460,-0.3467846919633004
69048,-0.46644597739755334
20813,-0.3586346761106416
28169,-0.3385493633788741
110265,0.4964545951017385
67991,0.3838514852801893
22339,-1.4798856143964128
26417,0.3531899592232719
15891,1.0175976331120165
268395,-0.319938300067264
18823,0.3935082182549916
71854,1.073906766935731
56185,0.49032953516015887
234129,1.028726483414427
57437,-0.5533334747366094
628040,-0.5533334747366094
381853,0.9233543799435298
218304,1.0248150294734177
19043,0.2759315871518364
223864,-0.9272827274410389
230119,-0.441993104980968
68240,-0.4844365141611924
84506,-1.0843179869181747
20660,0.49536500213329937
66847,-0.34032090337696985
21391,0.39404086731639865
20911,0.33586533045454914
230163,0.8071603599832851
245522,-1.0769170362686076
17896,-0.3772162429558623
67921,-0.754322039129196
59031,0.36603442289307164
56708,-0.8360550187082323
20344,0.4029389395280427
16846,0.49334797252962836
80517,0.26399809057028634
18590,0.4247134387438116
69136,-0.4095324420659985
12176,-0.5091961153327205
66968,1.2755421569120244
66454,-0.6308647860779857
14360,0.3887160151103508
15901,0.7512516618696399
12633,0.3676497570807822
80286,-0.4835130637518601
13179,-1.3029545971318965
208613,0.7436816142483815
634104,-0.8298902257340637
20322,0.41073602817989574
16171,1.117956011489241
218756,-0.42471764643436316
66066,0.31009058914338716
18640,-0.8372379090420177
77582,0.33595354561215274
71846,-0.810527623559369
233490,-0.34678569747467947
12615,-0.49826844928905256
76108,0.389547886406131
101214,-0.42855438464107287
353499,0.4705419773106607
69757,0.4705419773106607
217353,-0.9057761070215449
18146,-1.2416740513105733
218772,-0.9031957715981278
56615,0.6350160689117139
67590,-0.9068600666572264
12345,0.29749691350227536
381319,0.8289259214049434
20672,-1.0867972469551015
57373,-0.3225097902612539
16669,-2.4242687272363965
22364,-0.5152823036003085
243653,0.8414299078526133
69754,-0.4586336755699989
64337,-1.2296272466035787
19039,0.4037639492708873
230784,0.3976713314417335
66175,0.6630697072315268
27359,0.4497731281701878
170770,0.37499341601558633
66128,-0.30456294641336434
54219,-0.3855500557214704
19247,0.3163493775177493
58875,-0.2594501694422675
15937,1.1251538217388246
213742,-0.43522032205542605
193742,-0.4100524804974137
16453,0.655396187513495
380709,0.8019754242087114
73547,1.1857646223501748
108912,0.9114555022306616
13380,0.9853645147621868
18099,0.29147334576628836
94275,-1.2205787782744686
13823,-0.8655239290533299
12385,0.39677850104821033
192176,0.4806103858432902
56298,-0.7936863479172667
170812,-0.9093852945570671
108105,-0.4497207402982948
20220,-0.351361210449463
433099,0.6785136936249065
65116,0.30821027069612583
56177,0.9908554354899319
229521,0.46163498437826256
15184,0.24618569394165135
216021,0.9886991831408265
666907,0.7893160382920703
106877,0.49662433533278794
171543,-0.5590510108707232
104110,-0.9889185849044084
11758,0.28564671049157475
140492,-0.3808123366596545
18542,-1.7268512388294361
270669,-0.8065021272515533
100073351,-0.8065021272515533
16439,0.3836611060517807
76448,0.37241266290745667
15203,0.7171908082702272
74126,-0.5210425068554674
79043,-0.2908122474575592
57752,-0.6528407529518905
76650,0.37041585943450883
12703,0.3940498003212447
435145,-0.6751383187782425
233016,-0.5429842499424282
319263,-0.44938804288267775
77697,-0.7537825056316736
277010,-0.6423040654829153
232086,-0.9581978763012566
18452,-1.0384519353121524
21894,0.4759464083666263
94190,0.594637463250197
21380,-0.9242230195434091
108072,1.045458628977105
52055,0.5053100187687534
545486,0.5806540698442184
66208,-0.44420528941565607
69367,-0.2844293468560881
69617,-0.37676258887646163
16174,0.8078896356375882
66154,0.3061865347001582
72978,-0.7384484177201127
16192,-0.5003627079836539
21418,1.0413153659082401
110197,0.9511086558077038
21887,0.4659446365073574
56878,0.4005221286931082
66141,0.41698053215248976
66711,-0.26000169568757947
16010,0.5737520118902051
102115,-0.23045574768156918
330890,-0.5613896485098824
81845,-0.27937296195286265
16423,-0.25209180350083926
108797,-0.9625814389497833
71361,0.7667428083781802
17281,0.3910415055316294
20351,0.394226803073753
170625,0.45022895119690354
15163,0.4215413780533108
59001,-0.2665524283932008
23830,-0.5574375696148746
15903,-0.6045625607623659
330963,-0.9411339154473608
14768,-0.22652413798118864
76890,-0.5097843975412903
245469,0.9741986120060924
64143,0.4123700620771924
20148,0.32892332275112324
18481,-1.7656801505053954
73182,0.2958751034766731
50768,-0.9119275372726561
213121,0.5784792229076405
19274,0.9692341741090216
76916,-0.8513088390280865
12336,0.24758264510675154
66200,-0.365249013817067
14404,-0.8486645136567743
72090,0.7396779139497967
22275,-0.672923319390863
110213,0.23402753836039736
104175,-0.3916139062791011
319446,0.6684909590311534
12258,0.787669819455699
71907,0.7742295533866104
226421,0.6062517457744923
17969,0.3088110035998337
381404,0.8133781718083117
22330,0.6507933135274095
69982,0.8445692632607837
15416,-0.64975310998997
68642,-0.4175382720121661
16826,0.9795531775303661
63828,-0.9211822136181311
20890,0.7618619130430719
118449,0.8150492193336474
628870,0.8424584226104965
54473,0.3285210118596975
18041,-0.8530338399866206
241201,0.7891591115206875
232371,1.0413351232081176
226823,-0.3971454275206199
13885,0.27903562348357625
12991,0.9928260383787828
12283,0.25774502311368863
17347,-0.2777473487811868
245308,1.450450252694959
18795,0.7738942480571298
215114,0.6940741684327412
15242,-0.3969870361916126
280411,-0.7598726229354584
68440,0.39625570583076986
22177,0.41478637102660976
108937,0.41355893549027023
67200,-0.31115615170976785
66576,-0.21099476800246642
21855,-0.25545956465157893
16691,-1.526490822960076
17164,0.23979437258737057
74552,0.38706743690235257
14548,-0.3613558602057232
216505,0.3764528787404142
21832,-1.0391118133671502
17886,0.4191442605855453
208076,-0.7935143699827942
28240,1.0525124579400051
21949,0.40155382681071305
69156,0.286935430115161
66857,0.5125945279990827
57781,0.7949649367001861
110606,-0.33501180986912615
211151,-0.33501180986912615
382111,-2.116473581544188
54324,-0.9793737256839639
232333,0.9107106007683656
12931,-1.1108013194899993
78733,-0.7052013352980655
75482,0.6016977939487846
12764,-0.8610283369315361
73723,0.2656325319103736
66990,-0.26980292793073346
218877,0.7506337351430741
11444,-0.8849910052315639
11600,0.39669283164043634
20193,0.4623163788889002
67865,0.2856116556562309
19266,1.0241767383432645
16979,1.0324869222103326
11739,-0.2934206198514353
74097,-0.2725542860088854
56744,0.2642316846990589
67210,0.3346223995511419
209086,-0.44739057574923713
57740,0.861349604776299
11846,-0.9768089386668581
17868,0.8789858996528279
66999,-0.26947976989047184
320495,0.3547574788467678
66094,-0.30757289586399317
433586,0.4110309137820183
27357,0.3447206657247275
104252,0.2571365962921508
234593,-0.6280645926385091
56369,-0.23868258462527692
192650,0.8293683168648154
66929,-0.34037173376727203
74596,0.6901055399143958
26442,-0.20652215004106544
353211,0.9297636808862006
110532,0.5477209375795535
17777,-0.6257602280811203
14933,0.769348667326641
13537,-0.41122452665142717
13082,0.9247765206567689
12478,-0.430548076827062
208643,0.43483003960136735
20964,0.8241228836413734
21818,-0.42005725506263936
21804,0.3587771307125962
68499,-0.3157836246993657
93691,0.27799493594613445
20535,-0.2994707659315985
12505,0.43994077189998926
116701,-0.5122626956188698
66375,0.42635262713848654
30948,0.2991873970001251
21946,0.5617559413152531
21939,-0.5781372886774019
211623,-1.32425425912224
78600,0.4650874825196123
320415,0.32187961701450796
11431,-0.6842341628942528
58804,0.4068368519665402
19661,-0.38671864109998566
80837,0.42134210840939446
58859,-0.9539017351083521
73647,-0.8280959885095891
74286,-0.7622975797515066
11625,-0.6870826570795696
56637,0.4072223836475146
74167,-0.22724564275151238
76561,-0.9080761507508095
20787,0.9259594674123433
68051,-0.21980435699031275
330953,1.115891596179107
66612,0.33110269411262294
26875,-0.36211745783680094
78926,0.32343983639928275
140917,-0.9132449340494349
29858,-0.3990477784775237
69276,-0.2969374179347444
72900,-0.2745620263394599
233073,-0.27406543404983275
29875,0.45202801486606425
13120,-0.9472231822414781
11975,0.3667334502554169
12638,0.8951524465122382
11972,-0.41992031385311535
399101,-0.3494648143453567
100306944,-0.3494648143453567
67702,0.37638938016792345
18101,-0.9585090339280513
69412,-0.9585090339280513
19401,0.3453188520722499
74770,0.8382970879159224
15466,0.9177428304806146
17304,-0.42710513986102683
208727,0.6494719584631481
18600,0.3900280951695727
227937,-0.6615989731502978
107589,0.5860003101635849
209550,-0.8225579063449588
53419,-0.8712011189508901
68481,-0.9466030546598061
12334,0.2851503181123132
14057,0.27412740372935573
17119,0.5437001486633211
19088,0.2506776340958723
223254,-1.078240064414361
93837,-1.0773669084067405
18712,0.3548761539404719
83554,-1.0245681671798224
74121,-1.0520498058776266
20402,0.42278576557752245
71492,-0.9870195097631624
13191,0.33813679346084236
17134,0.36786368769793576
14654,-0.8149879569383325
67694,-0.3922014262293789
70086,0.6529291897085914
19746,-0.9079499256693708
11796,0.2990194625131686
19345,-0.3387814019478359
11744,0.4045756830098757
21817,0.5574571800989974
433926,0.6995647580414825
140483,0.7261596540469544
76895,0.3217700801518095
19334,0.2410755626685166
81500,-0.27848746069623864
317652,-0.9428632925458897
70240,0.44945706965771226
68097,0.24556361545892536
113523645,0.46385362770982663
101612,-0.6549192264098771
20523,-0.3103781751812953
98386,0.31857929039278865
14229,0.36263978234683236
22276,-0.37434723775425205
218138,-1.092709288295258
330914,0.8944238744490209
20382,0.4061121911646559
192212,-1.0418252444062959
14528,-0.8232585480216059
67773,-0.20879409548904526
27218,0.34420853646498273
213541,0.3269032844642812
69226,1.1915166838936266
258697,0.691194766781432
14764,-0.8556769045834023
19892,1.1480035668263793
11863,0.29644155944256845
83691,-0.9972395648223475
67087,0.9263397387909098
23790,0.3165944895655848
15452,-0.3544197538214622
16963,-0.7979366602775348
15967,0.8385003725063278
66416,-0.2654868135681472
75692,-0.32620023318189784
66071,0.3386811421227218
100504183,0.7189582036684388
19824,-0.7917118662604103
74206,0.5168117754626778
170442,0.8076698458427622
504186,-0.8290398057763988
54709,-0.2972186241518706
279653,-0.8705961595038665
19268,-1.0587169374413072
271036,0.7967611355260598
12279,0.9605234515061198
320191,0.3265639574691992
70316,-0.3032530417074799
75196,-0.686879789582596
229603,0.5058130698740886
19283,0.909220199848241
30059,-0.27253078128967445
18127,-0.5059173120911051
66131,-0.4052578118306531
78416,-0.3823323910884753
74868,-0.6579421396395801
208846,0.7080768681707523
223920,0.5457185705797292
235435,-0.5080911023008063
235402,-0.5842353060370415
338320,-0.3678256976877474
624866,-0.5899075068823976
70445,-1.3244641836593543
21414,0.33477610369049593
16156,-0.7637950806861209
68039,-0.2571058818919294
22218,-0.2849994343096274
330554,0.5470736756888939
73447,0.3295526163883373
241263,-0.8010216702366044
67980,-0.3538681588008421
20965,0.7103835332919637
20778,0.45505116405665724
53906,0.6181374893810334
108148,0.24731866559350557
258408,-1.4061069496865508
22629,0.33976999633735616
22153,-0.4037978969520557
27055,-1.177673308038493
219072,-0.27972322422899687
66422,-0.26013687130231844
57775,0.6495721443704321
329152,0.7141324724372522
14163,-0.9207515869519369
258853,-0.476157520576471
23928,-0.7865012548082646
18442,0.7487855682993718
216767,-0.26847348564746376
52906,0.2895134170271154
50884,0.3461008356723738
17191,0.2535389317410033
12122,0.3071047174049646
214111,0.7927768871345475
70060,0.9008432928683594
63985,-0.25483117647386067
23845,0.7919063496024754
208884,0.2604494898605587
54683,0.3339982262792791
171180,-0.7656641239509923
12626,-0.47751780969045043
14263,0.3087850463935311
74176,0.9473495634958895
72585,0.8032750020265502
72999,-0.3947441464607859
72185,-0.7108273236955513
100604,0.388629556419704
20536,-1.006336756579084
11610,0.4924195482174376
16533,-0.9658109776307913
245877,0.28910875347894915
67881,-0.25219602114354167
17060,-0.4018907538149623
72446,0.3196150889928546
319876,-0.36239327091997087
232714,0.792383703856351
26458,0.39333441260998736
71746,-1.0088413452021436
56295,-0.3561754351946824
16447,-0.605965370472493
56692,-0.2599845313383007
70928,0.737634790246295
18750,0.3165425277674583
16189,-0.5379763364133474
106952,0.38931041837205704
65115,0.4322852251366438
81489,-0.3326101387630711
18984,0.42108187653694706
15312,-0.36435452533385515
78408,0.38934355549933475
26412,-0.21398294459053346
21754,-0.25124377144672394
11813,0.4522488380301528
58176,0.7784316396917506
93896,0.9718513270403051
15446,-0.8022204559871486
75677,-1.1426681007095714
52685,-0.47576547009260306
29809,-0.3357900242596408
73834,-0.2653571514484909
114715,0.6590526062178386
75388,0.7885192577447917
14161,0.8384782575122198
192970,-0.4798317055823631
380614,-0.8260441951461663
20198,0.3042762071566507
211550,-0.42276822905607325
57916,-0.3364071362567671
21366,0.2630355304455847
22632,-0.24708633048797246
231887,-0.42445735752189684
258470,-0.7461341524502831
67484,0.7385911511160952
65945,-0.959834095900642
66435,0.7524162627072766
18508,-1.0138645693970845
67201,-0.3237896790274153
67869,-0.24722155876209406
17305,-0.32463106220373383
66218,-0.2148194370604397
13056,-0.8986855619011802
107934,0.8494177614674161
66948,-1.1408109413184535
15507,-1.419940984561456
23936,-0.313616176621867
415115,-0.26526238887656195
20021,-0.5446124761080693
12482,-0.36960636924896306
99010,-0.7302183049613911
71982,0.30260513664595745
74559,0.29831365097008167
213391,0.48089293318528625
232441,-0.6286246873469135
56812,-0.6380850881858748
27373,0.28720426886555117
67263,0.2803897392470107
106389,0.38857339814292224
67710,-0.28337214322577076
72661,-0.4346896737716959
58182,0.4478148150461134
171382,0.8265072406175209
214112,0.7381783471123544
18109,1.1554951098218336
72709,0.8196338942086454
20292,0.69435934244069
68178,-0.5706274478552085
20501,-0.472003246096075
330406,-0.7042076324738362
14678,0.3154134079853961
56176,-0.37271108693913213
215085,0.5531991900939159
231326,-0.6020646565982037
225849,-0.6175631496828018
216543,-0.3283634766281427
52589,0.7999690246901556
633285,-0.9090259146581472
67272,-0.579010299668079
12537,0.24735271147263305
217738,-0.6607956223816416
117167,0.8946747203409542
16975,0.7906609615199214
75398,-0.5056954076267086
105675,0.3382204900693342
258358,0.6068424565514712
66169,-0.28205984775490833
19272,-1.1832256569914543
16331,0.4043468099170209
234594,0.30220399057728287
12725,0.4090826405033692
71797,1.0956211141342322
11793,-0.3158411859337402
68667,-0.7262992231106464
20750,-1.5498510391928275
69847,0.8475683367380062
19734,0.9799662636116953
258616,1.0432050618355087
68875,-0.753516115889898
21749,-0.3590512799855139
209012,-0.7799030924288983
258316,-0.7894735036992717
101772,-0.9381561944508032
50935,-0.27487086974436625
18569,-0.39399374385614294
70769,0.31166191756728345
22590,-0.238081679711744
18530,-0.6757213837231593
70974,0.2979009758264777
215919,0.987137139061947
23807,-0.26085994580046723
226041,0.7538577240684647
66205,0.7312402765529047
18035,0.27451306077124293
108705,0.30641659311995895
72084,-0.28144458789979687
69742,0.3057984302757575
56223,-0.6771763469281975
11604,-1.0105552992751754
27999,-0.2494224587071372
15461,-0.34291651907521903
19325,0.22618133858582112
228012,0.21359664359350639
18081,0.24868603720535987
12527,0.3225964884378829
16668,-1.1682061663428902
17700,0.7591606023354651
278279,-1.065493666941237
56212,0.31665611097156443
668310,1.0680091368239455
17149,-0.32332754994609836
17975,0.25220061935335814
235623,-0.27752241280279044
11842,0.24630010228448995
13804,-0.4669448085464474
235320,0.3187746114665959
13828,-0.8743140056574621
225266,-0.6876360011759983
242570,-0.45301438882813905
16499,-0.7864499356860457
100504689,-0.8390937255813
80291,-0.3719579588652815
18472,-0.21307100874658502
50874,-0.4026628481072798
78651,-0.32313312904399893
77669,0.7471987656622199
69260,-0.5123191803281584
14704,0.5630496126740789
227525,0.3116038549671716
63958,0.3863632652787281
237859,0.6845240264069896
69747,-0.2781862400517081
69606,-0.34977815059574624
27392,-0.8223369417400939
219149,0.5289998624979972
216892,-0.4611140284939159
74330,-0.6481182991865735
24044,0.2260391944685214
668212,1.1556590786910794
320091,0.8112374075188247
213402,0.577500098904502
224661,-0.7048059665946371
74150,0.6136257468707562
100504663,-0.24771946591049154
171531,0.8169510815818155
67898,0.20418473767353795
11568,-1.4430677723733965
106582,-0.24894248430230803
110902,-0.3747369770985074
106489,-0.3785039349385704
18783,0.43909195897101405
16988,0.326166453530659
235380,0.6478357973745643
14148,-0.3133418649887485
404322,1.0389073950946193
237073,-0.8225579146601092
13034,-0.5598867694040841
56453,-0.3721705779177764
12359,-0.3841091799612837
433022,-0.33213260395078503
192192,0.2977656522570946
170768,0.2639579191677175
20656,-0.26775756320654764
11640,-0.9098216524350011
329360,-0.6188866205223649
56277,-0.9562232771967678
27398,-0.3274839418928579
66515,-0.3274839418928579
14934,-0.8191747621118441
234371,-0.2795804510237119
66935,-0.6749643166108612
66142,-0.2796931233462878
22290,0.6167666312565716
76457,-0.26458480461487
64659,-0.2620267730703496
69387,-0.8497313424868365
70061,-0.9417887874846285
69568,-0.39443536413975355
12506,-0.3421922251224796
66046,-0.2606186107735038
52668,-0.39886443806523175
208634,-1.2257837347401979
18441,0.4774567913570582
18386,0.6657414064794716
241769,-0.7655494768387241
107522,0.9351452985141848
53897,0.9589070771782455
278180,0.7175310946928621
18330,0.9783720529085751
53608,0.8883991253889496
23897,-0.2592756800063185
277353,0.8236683268140315
26557,-0.7960947281379873
13209,0.33117276554133745
332359,0.7211148337413396
64435,0.6520979764430512
225870,-0.5994316889479161
227210,0.5501341685368821
21350,-0.9162181765388748
231668,-1.062896294175184
110695,-0.28546714980201315
68644,-0.4236393859583325
12915,-0.5126086809783876
56047,-0.9728686288232029
384806,0.6783501446397477
66611,0.596049093701664
80908,-0.6821297635526742
270084,0.6337947874625174
223697,0.24581908925322082
15185,0.30930928422630366
21955,0.37558213577501753
12361,0.4224525449133658
72140,-0.2901942628261249
14802,0.6766881980737844
28135,-0.2361836401686883
74159,-0.4110474457683866
69024,-0.6102100887589241
320799,-0.3317344719298694
387314,0.5752524184845509
66461,-0.2137872107181078
69635,0.3838131695190832
76582,0.26653484494536883
21943,0.8051833637930987
105243,0.6754329970080004
67864,-0.48496522776072126
12842,-1.2566442353844902
14405,0.845895972795919
17308,-0.3184018151216499
19340,0.6154099735301228
67674,-0.29053005322414904
230726,-0.6944436655700077
117148,0.534514715332536
67378,-0.900743174619766
77864,0.8051534867124372
75706,-0.8674490921665745
66355,0.38140089433810864
12866,-0.35648616708498615
17925,0.2971782290471161
26992,-0.2514580356250953
93679,0.28200182908619986
80294,-0.7432527976808112
20163,0.22019741663136294
243755,-0.875705411916393
98415,0.3154108760410699
15562,-0.656752515120508
83813,-0.675336435954021
102774,-0.5969625664878908
76238,-0.2638655022088212
110382,0.6577403203536663
83997,0.3390774576504416
15483,-0.22697319781091885
18187,-0.39701697088721666
170743,-0.5573332870583947
225392,-0.4972747722012407
20686,0.4879513076466102
231123,-0.31529115559737164
68634,-0.2581695099640804
11658,0.3702406676633343
15410,0.7339010800825676
67952,-0.3515820890120551
74252,-0.22282846614248442
73274,-0.39972595773787845
16563,0.38469947991388587
17869,0.44630897528085445
23879,-0.26110657308855423
16468,0.37200653678469564
66403,-0.9525255192818767
17133,0.725647610539069
17977,0.3370988704997675
114641,-0.39639969966934263
22193,-0.4724040702189427
20389,-0.7087993059009183
214424,-0.48266183386260053
12810,1.0111121297411931
110611,0.34304788696874056
68202,-0.3090061376152633
213234,0.7018188489203236
67044,-0.20711511073050382
56522,0.6292199582884916
18772,-1.1331060472106085
103711,-0.4199198609909409
17960,0.6536118651035601
21337,-0.46632953949567657
319200,0.563702795623021
72823,-0.4875239568538392
170706,0.30038380918787944
78239,0.8693468162180071
76572,0.630180420151532
11548,-0.5734653076717642
68420,0.24820955478887186
74760,-0.8772990705675472
19070,-0.36005852158387874
26558,0.391403639154996
67487,-0.29024087402094345
26408,-0.5856004288259147
19335,0.7611872230131889
17084,-0.3181962053049787
98878,0.3245398521561249
63873,-0.5383333244869011
217333,-0.5641052365400974
52670,0.9221227952952926
17101,0.5487078717747131
170571,0.7692408828096382
75773,1.1656874671673938
69713,-0.24908257846910864
50794,0.3639232399366641
20823,-0.20893586290106825
15370,-0.5420378019112917
72170,-0.3181193619179581
98496,0.5707689737735704
27261,0.2654192190980531
68891,1.0284423152391664
70099,-0.23739668213627674
12819,0.9284420571917713
14828,0.22643001215539194
17749,-0.3094606825186723
50753,-0.33680413878208615
14204,-0.4545764787372111
100328588,-0.4545764787372111
12715,-0.7203836802719699
216134,0.2971110378751991
56209,-0.32057323674876326
14172,-0.7614692143732924
76408,-0.5555234586643376
75785,-0.4353752114139091
69082,-0.2863757907968374
216831,0.9198551315717016
18028,-0.8703878672293985
22173,-0.5381566466370948
20185,0.4016401412629609
77767,0.872081486839491
238988,0.30170332729520233
228061,0.2859690086118434
105653,-0.6459765810452192
69745,-0.27950458051819105
16561,0.48557910724492004
73991,-0.6406613191267709
93834,0.25558640630098495
624367,0.25558640630098495
59013,-0.4181348771425597
24057,-0.589626841861433
15275,0.358678450383195
53324,0.8346162318115629
320139,-0.841721690623813
140476,-0.7911718885306556
13603,-0.6066872694146612
14297,-0.2918099072353968
66098,-0.36647091938321097
18769,-0.28783223410737513
19674,0.5274605389358631
12013,0.3058504757794669
24069,-0.6037609856955468
258296,0.8106520353125024
66396,-0.3870078086617852
231727,-0.66179996403454
268390,0.7583941893415131
76192,-0.6504807134073687
22324,0.29775319014188106
75422,-0.34507072472322164
29812,0.20427378289721787
98258,-0.21640028195327332
78658,-0.3800215858680174
14701,0.2822910291677525
244329,-0.7333444870974839
12986,0.19867639196115938
102580,-0.3994007083755715
19210,-0.22909652880008657
73699,-0.6374680183381596
107869,0.7131158438071892
18159,0.7841913066631472
223499,0.39406210011627607
14840,0.6897775238788428
12476,0.40368747849940334
170835,-0.6094666357348011
50759,-0.883434709159642
97165,0.2947369388817229
76454,-0.4192887554189504
22388,0.20182126174264958
60595,0.2582606381582604
64290,-0.6126038743843343
19981,-0.17501281538247682
64540,-0.8720441771561354
17885,0.6667307739958304
55927,-0.25447852009089544
13636,-0.8387281004465352
72088,0.7551223454022171
225027,-0.3478744067622941
23797,0.2581985708003032
230603,-0.793969135641901
109151,0.745564499534785
665998,0.6894285843564671
53605,-0.19566674090730096
14175,0.574806127725183
11861,-0.4647597835180921
22222,-0.601915663385296
226090,0.36006409822929974
14371,-0.7739923722680526
78317,0.26986950701106593
68177,-0.27358513426336906
140703,-0.4731167765511781
114601,0.25856812863689704
68196,0.22307359503786905
14068,0.678654476182956
12520,0.21322077942511264
16518,0.711466258540387
16971,0.500943437348881
279499,0.57140225687104
13244,-0.22422939524187235
22693,-0.6695280726269033
378462,-0.4992492285283223
15111,0.9127954602897552
78134,-0.7908030833991972
14308,0.5872736072068467
17533,0.8144864845558302
74434,0.4547260581557637
56736,-0.4040148268629924
17195,-0.5704089573714959
15983,-0.6596369354462546
233071,-0.734834103676036
16909,-0.2656800541992901
54394,-0.3344845692560998
24052,-0.7989781805640992
207952,-0.2816489878653812
68537,-0.23857387334524738
30938,0.3200229124047791
17939,0.3133398852211604
66548,-0.7454598690771768
12567,-0.251186661827413
213956,0.26542947100711345
71856,0.48363945128723174
11745,0.8477556882128967
13383,-0.587531941740119
56431,0.37060524476691903
13206,-0.9533528181812527
75284,-0.2558649408549236
383563,-0.4127801277447736
70790,0.2059019872936041
69608,0.3639650861198609
16009,-0.650600326757274
72318,0.28858274169063947
66970,-0.5170982582944674
70186,-0.25510196544846053
380629,-0.24920801713328444
66170,-0.22341543711943856
22235,-0.2474502727511716
66049,-0.318070627495862
12453,-0.27117857782335797
232970,-0.33111624465900924
27060,0.26091815115883676
320528,0.5206531428213124
17187,0.19701679385102366
330119,-0.8324374057078545
67903,0.2672080886235042
217306,-0.6070917288088555
232975,0.4038072387358884
67877,-0.2758157834331705
67049,-0.266255634606118
56275,-0.3767645199473293
268481,-0.46360065404667594
210573,0.5401777454155017
19262,-0.19063966771525998
107751,-0.6165188100836327
67211,-0.27283905907376216
72133,-0.48747230980273315
20621,-0.3493815138440244
215201,-0.2755237355350211
12868,-0.17413222927091354
56017,-0.27002811698610607
17967,0.6215591525084321
66610,0.46460648883112476
228801,-0.41612720822515215
68183,-0.21785160116414914
53412,-1.1952684285090585
272382,-0.4346857949768115
107581,-0.53091156641011406
14176,0.6673896647614832
194352,-0.9788666715760539
18484,0.7164437685123
56371,-0.5799345144595875
110253,-0.48077676886056153
432478,-0.5613129662208318
14696,-0.6664436297876764
234825,0.21704609837360778
268510,-0.4587026635204694
100503043,-0.6159764578772529
14945,-0.9982405725343799
57264,0.47384521341550645
52882,0.607426656173057
56640,0.3967290929880898
234852,0.17714785744351147
231130,0.34011012559509624
14923,-0.22818757534307466
13614,0.321108646140837
84095,-0.5013767190109917
74153,0.16488064777403189
545366,0.5769521799978232
231086,-0.21270251855844613
19056,-0.22915899457588296
12652,0.5990226947885522
326618,0.30396433045487115
12156,0.49322856322392017
16554,0.6870521424774698
109857,0.6586444681282009
171463,0.5675101748498443
76742,0.2810336707756278
15493,0.5289064497060538
11757,-0.25858517445834117
218490,-0.1814846953858691
68512,-0.3133118122670986
15958,0.3484278675968948
232987,-0.22579124397937633
21803,-0.22579124397937633
16336,0.772890477791166
81535,-0.27937170145358436
14367,-0.6066162958163033
72433,0.6688484812926991
12803,-0.39665273163722237
110784,-0.7511891307530236
66797,0.7125308842821139
52377,-0.3423515578477119
12301,-0.2895599422881645
81877,-0.9713918012742662
216560,0.6197899956782633
11572,-0.48590910591220826
14582,0.2662472196057566
330627,0.6586728716468087
14547,0.20725923087178622
30939,-0.2619886234988549
19358,-0.6783347504522501
14537,0.374971010987176
14679,0.19703272435675423
259100,0.9173651260479652
66152,-0.2273984154011668
67071,-0.5820560671610813
234199,-0.8647194942995506
66599,-0.22310326310415896
80892,0.8668412486243207
66822,-0.3084246528964316
216820,-0.29506116706500407
22293,0.5909215327813464
80910,0.6771313205011458
207352,0.29323702999483725
235504,-0.3614291734553454
75734,-0.37728095782755844
110078,0.31197325824232536
11674,0.25618777677391336
328401,0.6448576126236389
80290,0.3021649443864671
27204,0.9627753892236681
51902,0.5320492169810853
102545,-0.2679673913538707
54710,0.6782318849359186
75956,0.6157474745134728
211612,1.0476518216534476
17872,-0.470769595999764
66805,-0.6745366898294378
66253,-0.4692523718830799
52808,0.32325377744668415
56464,-0.7243203291365621
56488,-0.2412054443862104
72961,-0.8099571950056648
320506,0.7455052470435009
12833,-1.124755686983998
320604,-0.7484571152180584
226139,-0.45769279401168017
102462,-0.32509123404762974
226419,-0.7153561542751259
19130,-0.8046416909381828
330319,0.6635830837074419
12575,0.35686610858669443
13528,-0.30607153138245025
20300,0.3219467009883834
105298,-0.7317322296433435
14427,1.1165015117550476
17475,-0.5091324927551324
67138,-0.429677570177855
21859,-1.12866741002403
235439,-0.16856685306349029
192187,0.6418371382649966
20524,-0.28781583992589965
212391,-0.3258985559624792
194231,0.8715184214456464
19087,0.740873269647282
26913,-0.8706533812589949
110460,-0.8192582671940025
94191,-0.7490052583816977
58205,-0.4337223889638935
114229,0.6637577766678477
23828,0.8244476677499457
15945,-0.5493080547517337
73398,0.7139863409032223
69834,-0.21336884156361968
68563,-0.30770364653323234
64652,0.32074846700726134
72727,-0.35293220600517383
235043,0.43400713317579154
74513,0.8194762210843369
17436,-0.9591399162602929
11495,-0.48117549141969995
21399,-0.4211504415106919
269610,0.6831274572118056
67622,-0.6834589156032003
54003,0.62643017367827
140571,0.6306659069463265
100534273,0.7587960153587927
227738,-0.26576958016389973
18383,-1.3000543727171205
22409,-0.5950278947220307
20170,-0.28064944286268023
12181,0.25560305016710494
68524,0.2875171456665484
56327,-0.4384382226266057
105278,0.4931021799451951
241688,0.7412674122377338
12388,0.5329828690896496
81799,-0.6273639893301128
12408,-0.3113849820381329
18479,0.7016379179534553
116914,-0.8338222693440223
50765,-0.6510880582850582
544817,-0.6032432011272304
66654,0.31861057135146975
100177,-0.6275790138094237
234214,-0.6590176854403897
67935,0.7326280785030841
17714,-0.5503082256774414
72931,-0.17323262856176136
207818,-0.2979976801072084
76980,0.602594547224689
14469,0.3685534756181994
270192,0.6938439064585826
71371,0.3240295093396668
50850,-0.1954293456591305
13807,-0.7848461418953399
16977,-0.7848461418953399
18720,-0.2093063369245609
17955,-0.2244334349944026
19663,-0.6333868674706018
30839,0.23509411753523857
66235,-0.20884374902994374
19290,-0.41142630861896734
15254,-0.2283195803945084
77220,-0.6699139512053325
58237,-0.712397864906233
17341,0.45770428160603593
353156,-0.7094863357018992
72094,0.7232262660598083
666938,0.33813540657768026
22631,0.4326210149741474
83454,-0.5649682113575327
19395,0.19015807045413347
218476,0.7010889611644897
100434,0.4136699392072831
59006,-0.5834932496850551
63955,-0.37582747469166744
258196,-0.3667538228799927
54610,0.8767737504992734
58861,0.7006311520633934
72713,-0.8229582587146114
71281,-0.6751319584823534
214048,-0.3714094663462575
12896,0.20536671172432008
56264,-0.6439064849095968
319651,-0.73002752759876
18071,-0.7719303268930702
30795,-0.2737468039024975
258487,0.6859725368701364
210710,0.6889814614300729
100503280,0.6889814614300729
18260,0.454707281018476
74127,0.9699372149211136
271944,0.7245291601398418
20443,0.6088595975525433
208659,0.6074812990951188
110794,-0.3851093950525044
14866,-0.4918238703313875
329324,0.8535974606832823
195333,-0.7412463660089426
27211,-0.29615625235382304
22121,-0.29615625235382304
27208,-0.29615625235382304
27210,-0.29615625235382304
78653,-0.21590234314749246
57756,-0.5005385107920937
20873,-0.5109244214632787
66231,-0.24021388721740067
21973,-0.6966269471732165
107747,0.4347145239824295
19225,0.2667187236060955
11764,0.2253986660061713
77593,-0.40915466468896966
14415,0.31115988424282914
20669,-0.5549667662639921
75739,0.7527788055906637
21351,0.14755598456858188
75712,0.2562870780455411
74096,-0.2642223704241111
26382,-0.30365741095420873
170676,0.6740446118912402
107569,-0.4563856194568512
12908,-0.5522787445058617
68203,0.2697324420612013
213248,-0.6733422945723562
13116,-0.6206383547882837
69923,-0.5395438914695241
208982,0.8676959576688725
106369,-0.6423115361696867
65098,-0.5375902871519642
14816,0.6139873062955532
85030,-0.2969182538294852
71994,-0.26925920481099475
216197,0.7171954282115944
320398,-0.8112695891820589
59025,-0.359544667508759
102371,-0.6663722049447713
234988,0.5742828061541707
276905,0.25085084818481906
19228,-1.1887826689142162
27027,-0.2544671944774066
258270,-0.6807898680265376
216965,0.23448908626814813
258672,0.6999520710958573
194401,-0.5624719405887539
15400,-0.6409012892519401
108767,-0.3881946456795653
26942,-0.6249225109867358
104263,-0.26737533970963234
66889,0.31393147687895784
83395,0.5264411262861426
71059,-0.28850025251737144
67533,-0.4626161274380518
66532,-0.4626161274380518
114255,-0.7541428293218537
15356,0.20969383192897517
71914,0.28865808737819876
56228,-0.22219524001251756
12733,1.0450299597850181
11816,0.3010013838067742
107734,-0.17822598624680097
18231,-0.7289433998842303
108800,0.7238814719544768
16874,-0.43880545029132634
56428,-0.1552305470606452
74577,0.4887192824457687
56440,0.2869491234669965
216797,0.764615656800022
74340,0.2683925539926957
19820,0.6946898339106289
242785,-0.32106108696921165
20290,-0.5016513895569572
19288,0.9067717360132428
56405,0.22231402516950904
17002,0.6787520282704094
75841,-0.28014287582000286
408190,-0.5644722915787508
18601,0.7100088509883427
74277,-0.333924308690122
70155,0.33364306742597094
108907,-0.5481239397119353
66172,-0.21229413773146533
15284,0.6237172946202554
18619,0.6774408869125468
22187,-0.19822061745073682
595136,-0.20906932410103174
15438,-0.5545619053585491
64450,-0.5969691363108871
76257,-0.4217659545814305
80750,0.518016863212055
67530,-0.29143678728419964
99889,-0.36105573398581914
30946,0.5504134136275383
317757,-0.23172623146685467
74134,0.26928421954735704
27973,-0.18468192287002871
237010,-0.7756440757317362
16993,0.25821207683735636
12971,0.5970958634809596
237754,0.7207175686392269
70026,-0.3294487528048631
24056,-0.2737991128002406
54160,0.29620016725773723
11670,-0.32794606073981747
232227,0.28046700783523093
19141,-0.2994462406185914
24074,0.7182353750467607
67711,-0.18080120105149255
109205,-0.7668237365122024
17906,0.821672077276947
380924,0.5734179545499107
50776,-0.2629344455735705
80334,-0.6933573457396247
238257,-0.561694217968741
72674,-0.1967922423484083
15979,0.21456668355353337
11569,0.3507506699478746
67091,-0.19349324754371544
67695,-0.20635492493600616
56030,0.3131705049767213
56520,-0.2953973859122545
170638,0.5797582059989459
110115,0.6107928407987107
13610,-0.5548284606851484
19170,-0.2275981414602768
242960,0.7094617860445247
12549,0.5765778628618881
18555,-0.48414232019957293
241727,0.5338852491865458
227801,0.6086225971338601
332937,-0.7880293218951948
12223,0.7736752070223076
68172,0.6460818585459855
66329,-0.3018008303187072
24111,0.5637874719615468
12867,-0.2489630874454214
18198,-0.5783491644992553
244646,-0.5303402293111352
56534,-0.7446100631821353
11855,0.5103014597869491
109731,0.610845344477311
26464,0.4316737708793177
12955,-0.40471914038900714
13134,0.8379524073793432
71146,-0.4329410982591959
432516,-0.6299749094690164
22772,-1.3065017014911118
260315,-0.6890723876357834
242653,-0.4704870328260631
243369,-0.5301964739859066
69772,0.8144355037377338
66537,-0.20923877155580328
81018,-0.24847003973800952
11792,-0.23125440325115676
192185,0.23735038592302793
68877,-0.1984100011948957
75605,0.27892631634179565
381810,0.6497817833530588
59050,-0.3179806092274724
53857,0.2941759398235462
12936,-0.8513675275450914
22317,-0.31274310809170647
78668,-0.31274310809170647
69638,-0.3837710664717262
14602,0.4987969673046373
110893,-0.47056901587614064
258387,0.6022534931731096
73139,-0.38487246950599285
54405,-0.19790502797961196
21940,-0.3096838777444688
269713,0.5868753456826763
21809,-0.2904328978637212
16591,-0.5758185799782187
66309,-0.26022944206380316
11993,-0.28082220352857057
212679,-0.6173512452228662
75015,-0.7879168259059766
30051,-0.5405440331005567
11735,0.6043048586273834
237362,-0.589879081842716
102639117,0.6260805173035635
231801,-0.34951524395304556
14409,-0.298853289781599
14115,-0.9602624727869937
14714,-0.8443721328419205
11720,0.8689296590434532
75316,-0.261777570075286
16643,-0.3344080007626289
258097,0.9868973718537237
19378,0.6021536169219885
66682,-0.26672774038117986
54633,-0.1712930602718128
223917,-0.38151857364191155
66085,-0.2783880174113058
15560,0.6278691782209043
69537,0.2026346218621704
383619,-0.3657374324089675
223332,0.6801978329349101
330177,0.3671157072778186
81703,0.5686810254080301
26427,0.37993982989081054
21743,-1.0948192312631901
17991,-0.1917468835181424
13075,0.5073521655684514
18295,0.6335964673126915
73360,-0.8842942298038046
68431,0.2154078928608678
16476,0.30579811921860056
56375,-0.5972151907638343
17829,-0.5923339615055809
19016,-0.35682740922127554
18392,0.738135811722803
170834,0.734183307511465
66894,-0.30244929432251233
76014,0.24583005470971386
30050,-0.5003647797136157
71722,0.36634384694975886
110006,0.21398258845603735
20416,0.20863851224775765
20617,-0.2657864530170606
231932,-0.23864521490642954
58175,-0.5083192859461434
667918,0.4857433027389684
229658,-0.538505763536941
193670,0.27750331068367906
19124,-0.541091400447069
77505,0.2790643021929249
64095,0.5404653034896292
107686,-0.2147047212576183
20378,0.7435261054398099
73835,0.5980422111857324
13592,0.68499510725871815
18704,0.45976065263171684
64085,0.6410590612605467
56363,-0.7580769414244348
171095,-0.7610749226412876
14261,0.8177398193494305
21981,0.2568896033516985
214301,0.7231609726437145
258640,-0.7537982351734938
72401,-0.6106141039104269
217125,0.31038573302790695
16822,0.3381224679826067
53376,0.5853354015516388
72041,-0.2772579701367306
19265,-0.23774859300811713
76252,-0.46136389579655823
259092,0.5890241861834866
28010,0.23146851859317685
83430,-0.7327201399889485
226250,0.5632896159431633
12021,-0.40538503549653626
14069,0.7967401577515809
73689,-0.23477695257465925
64295,-0.24882366418238888
66587,-0.24882366418238888
232400,-0.556576599142053
217980,0.251979464868878
64705,0.40958558289212377
58991,0.44331415630608273
28200,-0.4260945488379715
53382,0.5985137535331599
12578,-0.580336946927472
13822,0.5434992218454635
17863,-0.42826508488935744
15199,-0.5486658284376329
20643,-0.27707645367152267
228136,0.309134603176906
12795,0.6568385575062692
68033,0.18048849294601865
51792,0.2514794446502018
142688,-0.22036716230871622
105988,-0.6213739764887558
407786,-1.0216949839572242
12367,0.43473742099308854
67792,-0.8108526250713157
67839,0.5782480628592106
54418,-0.4857070868792448
18637,-0.24613489764937668
54120,-0.49470756138927197
69611,-0.9452268350660287
50907,0.24505571513556745
68094,0.6245398885851081
50997,-0.6460953685794526
268902,0.5640095548814252
259019,0.6027163946244496
269513,0.6102605255611926
83560,-0.5460219265800541
26370,-0.2510277893242048
14719,0.24790016868155007
106564,-0.2624424484539105
266744,0.8058508600678405
229900,0.2888555344446875
14180,-0.7342542825393066
21343,-0.2784049476143533
208440,-0.7526360039097879
67371,-0.7366748821215179
26462,-0.5223307159811004
404710,0.6422373944945772
268709,-0.665642346306857
16675,-0.9262370859215787
107513,0.1731607771435506
68738,-0.24915202383151325
12192,-0.20940075925671486
56530,-0.2591278736978495
225362,0.4042397355563532
234356,0.3045533914463121
66058,0.889677876601219
140546,-0.5659239296091947
70894,0.8131995238328207
17172,-0.27453028054677464
223473,0.6496724221936212
74246,-0.28678572306627803
76709,0.22761405662021872
110877,0.5725722814768397
207227,0.4632984064835064
54325,0.18275361900785292
54632,-0.19719034572762695
243978,-0.6324015958742262
116837,-0.7892950440207107
66917,-0.2310798563883072
12937,-0.6206210278440056
353237,-0.6206210278440056
192163,-0.6206210278440056
12941,-0.6206210278440056
12939,-0.6206210278440056
116731,-0.6206210278440056
353234,-0.6206210278440056
12943,-0.6206210278440056
268860,-0.6614105980719236
56274,-0.42604201263174346
270893,-0.74129972039215275
102747,0.5944662098136528
22033,-0.29859360349900044
226791,0.3527444782102247
52024,0.6236808011118447
57266,-0.8227043732688251
20977,-0.30207487708193526
52898,0.17676494693315092
19118,-0.7535779913825555
56746,-0.7544950404154287
71687,0.585409923247957
53617,0.8225595747997456
383348,0.48926655055581936
20619,-0.38123066218962975
19273,-0.6148507704628399
497113,-0.684499290176718
11425,-0.6108919179160788
20132,0.5056899481251715
19332,0.6390985178190993
216440,0.2294887741083791
11727,-0.567213565970949
433619,0.7702717024148171
18476,-0.274275487307845
68463,-0.20442479995926632
67603,0.2429948468037022
53420,-0.48700909508408596
69146,0.19306535043200057
15212,-0.263506388570228
15415,0.6541108018568234
226122,0.2997796243516273
17086,-1.3226848031597145
68192,0.25197315833469425
269233,-0.6017119496691761
67608,-0.31886460240399384
13602,-0.7125981102795809
14814,-0.6634223718327279
20663,0.28291105437798336
258935,0.6379375069916216
101502,0.25031541216496933
321019,-0.4504439399844822
268749,0.23084610018721996
22428,0.19997371566667255
105732,-0.8170020064616681
14706,-0.3359775799965963
100216474,0.6034512011597695
70088,-0.25117110381115637
258934,0.5920477160272029
78304,-0.21066782476476575
67866,-0.6347384981820143
18010,-0.17894047554801418
55983,-0.49456125176973664
18799,-0.9854280149582015
320435,0.1608662062485866
381510,0.4684694108537748
235505,-1.007535387910837
11470,0.4405714077602392
14775,-0.2584256127425206
27426,0.26073005423911955
214459,0.6971978750854353
12890,-0.5807708604615023
140904,-0.41775902467188075
216725,-0.6967354012271816
74075,0.75548317898649
22228,0.2819132415092138
19943,0.17024778614850256
21953,-0.2889434066613097
66387,-0.23750006357588127
26400,-0.5417784066008897
69215,0.7977632878567658
100306955,-0.42763736867685775
448850,-0.4946102570970501
50498,0.28772901930053685
56693,-0.1951730616456011
69671,-0.9131388251479993
12516,0.19384345238260892
209478,-0.24832821193412968
54720,-0.30114341230097974
71682,-0.6082591581025794
170728,0.37903793997019175
224250,0.1800575506302522
14853,0.6465789159252191
245616,-0.6448008034769401
245404,0.6571690784990736
12848,-0.4360327470218923
13003,0.32381857793900526
19353,0.13641431528634307
50916,0.4895690748491681
12951,0.6169663425708425
13808,-0.21702642187143084
23925,-0.573211349098667
66961,0.27085680623580544
69922,-0.3292018677743016
14088,-0.7338896510833175
104360,-0.7131530247240798
76943,-0.6459292418286173
245886,-0.27661017006009025
12647,0.7146698103845237
329165,0.5467286824603903
19084,0.2156163494919987
73469,0.21197993740380916
11502,0.3085920542278462
66383,-0.22928450273389345
24012,-0.4760184278583228
77057,0.6777414940608333
17083,-0.21930421438126046
216795,-0.5420694472721856
319508,0.7434003383246148
71955,0.21742363620535166
66460,-0.2842763220225848
320460,-0.8632102350636455
237436,0.5432997379501776
214547,-0.567658901040005
170721,-0.6607395796360822
224344,-0.4543992729803241
59069,0.27153917089990465
16764,-0.589975983055254
216166,-0.7479875009262464
23934,0.53008920063604
327766,-0.46610861267313286
19015,0.35879051440955667
69050,0.35879051440955667
74026,0.2181826726950309
68603,-0.20443655913118697
14025,-0.3056919338091948
56699,-0.21531645664242482
66696,0.660594777882213
230379,0.641876892211874
217344,0.3325023935846385
67871,-0.4082264530381785
11920,0.3221392692006102
93695,-1.0550688220742894
78803,-0.6023928393651725
73456,0.4629093836690421
20588,-0.45642931043360413
11977,0.2714935952885007
212390,-0.5523317970481996
258334,-0.6898398018984953
75671,0.45533317083928315
30945,0.19486546885810796
23959,0.33261955404310584
665119,-0.669019468625141
259036,0.22481030009317937
13849,-0.33207527268466563
66966,-0.23856835518195751
75137,0.615508469175758
22390,0.6503921038899767
13682,-0.2713631660544351
69534,-0.4703238975311148
16679,0.36909824491748466
19204,0.3614357018679133
66810,-0.5752529049930306
12291,0.6892843687284298
320500,-0.19616611487335867
75305,-0.5375682596097366
21869,0.2939494893215304
246102,0.5931813274835802
108155,-0.32871330615141225
66212,-0.17748893764559526
26554,0.2173080522269375
52592,-0.2883405126518426
70993,-0.5982255067049631
20680,-0.6445426876120508
103963,0.1706370827489927
15235,-0.39448977975593724
19823,-0.21091995434162136
66448,-0.20192538137134797
102103,0.34022715427996
14783,-0.5795091479780385
53878,-0.550309602346279
20497,-0.522529417638709
16410,0.4886553691089466
218203,-0.5852412633541286
65246,-0.5564324882356013
74504,-0.23800027162387494
73162,0.35935695737070805
74103,-0.6051266630522729
26565,0.27305072387543383
217473,0.6557179846638315
271564,0.34725069586041357
272589,-0.3488403021597808
20609,-0.20144549996078354
67938,0.19282952665045627
75079,-0.48981031897813576
211446,0.5038958587572484
13731,-0.45645857919302024
73683,-0.27190980402755116
26359,0.3385915075911834
75812,-0.4285013163331639
68792,-0.4931430941510584
94090,0.5687865799581013
16994,-0.3003059083242423
76858,-0.6624050442318277
212190,-0.42282421879527643
13138,-0.3459685003923729
54124,-0.3974860815821071
668303,0.6163133956445215
63856,-0.2571562560878462
12994,0.8105124884718675
11632,-0.24504363321757694
52700,-0.21864754710954948
14607,-0.5632285208421153
12481,-0.24010978029817664
269774,0.2917000966357026
19716,-0.74633220616803575
333050,-0.5114291851211004
11878,-0.6554499134599152
66849,-0.36605364182741873
104383,-0.606104198566916
66350,0.43400302977192773
217203,0.40612406030295123
378430,-0.5190696141715687
71787,-0.20267739312439126
20980,0.7174194597498786
24075,-0.2082172409200389
238384,-0.4911143506886946
21390,-0.23125572029317532
12555,-0.4776434184436815
215474,0.5597969340791762
54197,-0.18503629810510525
74551,-0.2682928096013333
59091,0.6916652131026391
257632,0.5496185657016062
19229,0.2457450970518611
22370,0.2610948318863877
216028,0.5147552536542586
15360,0.5534146323497642
333424,0.6718978170131429
140792,-0.5158768235013262
76560,-0.4405819840229839
71986,0.3425679857321251
235415,-0.23247868158635043
20320,0.24674321372708619
66164,-0.2920319263656239
104681,0.24786173769578923
216350,-0.6234992807562483
71448,-0.29408251119015105
78248,0.6142135546119345
56150,-0.36860901497830323
12190,-0.5562604327845477
97863,-0.2637107529046361
218442,-0.22678710584547979
101488,0.7865366485610759
20668,-0.21233563458554627
21834,-0.523786869443764
110542,-0.6106094017616579
59016,-0.20995012212137
12631,0.23269847256446496
109154,-0.6206720056684532
21769,0.2587438817278809
244202,-0.666558916730946
68048,0.18419220719639107
102857,-0.9926469953360515
58203,0.22087783589072174
74616,-0.42045658910137096
29866,0.6841134228758698
11429,0.19069572774144383
14799,-0.6168785198909106
20766,0.5255704400195382
194309,0.5632376882959136
59126,-0.7231591840893161
19064,-0.5426494758634042
22044,-0.6135960442903725
18824,0.23191865373713583
17246,-0.19775299849405314
99011,0.615903427667047
117229,-0.33814488526696973
72205,0.24549359358895906
76380,0.5559514621792592
231798,0.21428213909477378
16678,-0.8486346771139806
12822,-0.5497085223389044
21959,0.7886738149260313
67606,0.6209249540815609
67826,0.20974287737483444
216871,0.4578978631570987
67458,0.4442794113295214
19762,0.6687488817563993
264064,-0.25857088353231283
75234,0.26612391801889324
70834,-0.32409848530272534
24071,-0.21463716072923766
238217,-1.0938329707348222
619605,-0.22505220684777427
15559,0.591917786483088
94111,0.708285490006415
73166,-0.3360987234922046
22668,0.22957801779530485
73144,-0.6402102313080213
30843,-0.23214022071790197
259122,-0.46087707818796453
57782,-0.7387646583822614
14860,-0.27679121974938603
19245,-0.19114841887752654
100048658,-0.5491392026030057
329954,0.702751171089183
170737,0.1646391800391367
93884,0.951809370708057
107732,0.1866279803763895
14248,0.2561951787047452
244757,0.6079257826135334
238505,-0.2811696872995366
13367,0.19586740000901592
108660,-0.1478151690916789
66679,0.2241535819322067
60345,-0.6027920924437931
107528,-0.2450803385692666
14767,-0.4589877053659057
100039596,0.44833321097262635
381085,-0.21741228205413599
434778,0.6617280241682555
17930,-0.8764555191438008
226352,0.6675888716684959
67515,-0.33225452168326086
319195,-0.24248677811145392
20498,-0.21672868969912873
212090,-0.22064341714374613
12988,-0.23784758750666946
67538,0.5948580375935384
13017,0.5722946593760332
66989,-0.28207680289809645
17434,-0.15530168917952736
93880,-0.48546878309763786
77634,-0.3788430378984575
11941,-0.6445232229061819
12918,0.5993549922840775
12961,-0.7404604867392979
108153,0.5729289805984386
217379,-0.310108587387516
71183,-0.740771455692089
12768,0.6857801165359305
71908,0.42299496972827555
20311,0.4977291613766486
117109,-0.26001698988534017
13521,-0.6131149271014156
239790,0.5442014255138505
20637,0.16776497814302793
59005,-0.2219362614342355
546038,0.5686362681931514
234267,0.5530000472545855
73844,0.6946991963779987
14919,-0.7309085514169968
68545,-0.5183868983717783
75985,-0.37340597765122574
240444,-0.4637619283595793
54326,-0.4608523293858018
78749,-0.2765070772482261
72479,-0.24127133221320474
234515,0.22932829232954255
209497,0.25105933332511654
211914,0.5422764361167394
109006,-0.292357699600851
442827,0.5032904687445594
19164,0.19502840999173898
277898,-0.6290743387333131
192950,-0.7067786679461721
17342,0.3302716216424981
23789,0.27131694411983176
233789,0.17972271942236517
63859,-0.4234253799834633
404194,-0.5388952105315776
56379,-0.6313740642937518
55991,0.1573276262212442
257635,-0.3170367135236445
21780,-0.23814815807303802
109880,0.24594868604771136
56077,-0.6473129394699955
23924,-0.18020863240124285
26971,0.4349649321911979
66854,-0.23621565885801843
20849,0.21502845808052662
22286,-0.3692989445302066
68813,0.49599870090802956
73830,-0.12355234629359657
69482,-0.2901262278362662
22326,-0.6713438606212092
19331,-0.18246110884172495
332427,0.5252508258676198
108150,-0.2270949696382516
216805,-0.2707555157565569
18759,-0.2601873705019475
55961,0.6228229704357
78938,-0.22465910074847706
12228,-0.32414402581170876
212706,-0.2559997563690768
54122,-0.5771497981002502
20648,-0.2756036646673703
216874,0.23062126208142963
14687,0.4646551393577001
30924,0.549320731044852
230861,0.27970029933254636
74585,0.16739437986334238
379043,-0.4491621786817319
108069,-0.48238050003542465
20211,0.6064071272839286
56409,0.1873250229155765
16430,0.4704904739387734
435815,-0.4957011608407056
231098,0.48628824146339733
78910,0.8292850039841757
77037,0.6479346467736269
22354,-0.26669952695823795
68198,-0.2484490827667596
20969,-0.5829365597734668
277343,1.3159521471220428
76789,-0.31006728010411067
70439,0.3094066394782651
14611,-0.2525486875721139
16452,0.1674365166068661
11747,0.2962979295924786
56484,-0.4614605349314651
17931,0.31762827554173967
56460,-0.40421906695684484
353328,0.44326949012405903
57784,0.20910603151653007
17147,0.4788867276733506
319655,0.5256447665653639
192232,0.20654663266532225
67130,-0.2568245495439303
71103,-0.546554328855247
330662,0.7622006583587151
14281,-0.6164721189160058
69080,0.17441703621406823
19346,0.18424093101460137
140781,-0.5498500310975638
27279,-0.329946073876787
331623,0.2893268480954445
67302,0.44183756097289084
105501,-0.32499865719344
268420,-0.2555521420393152
320452,-0.4608658085023629
259112,0.797935804403684
21849,0.20475047938471747
81701,-0.22895993094031208
238333,0.5817431860214302
29861,-0.6264708614744534
71003,-0.5136561834450539
100041194,-0.49763277664697014
20768,0.5116048771067785
66559,-0.352374995233383
18760,-0.6211059389953437
67873,-0.15808153670674585
76477,-0.8441208632613666
233979,-0.4764510419350083
55950,-0.2278016924262154
20370,0.6588890340476428
20758,0.9881670133944276
381350,0.5286042780298619
207214,-0.20326661706966398
14731,0.47299159601996177
106572,0.5827777601464375
223838,0.6660862949311777
16783,0.19312889990533044
76378,0.7970698821963529
208869,-0.21356199942577447
214766,0.45581123769630993
210622,0.337216205468696
18020,-0.26696082737812965
64898,0.24072809194069666
216558,0.2215181965631512
15288,-0.5413321333456889
111174,1.0579687632516608
71367,0.7152505357484595
20639,-0.24173059831422883
170752,-0.6573539250403906
211948,0.48205185268907247
70425,-0.2549035491429805
22068,0.35795406254500506
114873,0.6882580835194037
20375,0.4770033520481647
67836,-0.44706086607804174
16402,-0.4929715184311769
225028,-0.34922372794725653
232585,0.5357944250635764
12592,-0.607341425674667
68922,-0.34198438170098555
114642,-0.24441518179530952
67078,-0.18810554572354654
211007,0.20345693969479584
211484,-0.4976382819463794
319262,-0.26832100894284316
71276,-0.536459391484617
217843,0.3615935403389283
258355,0.5485464164035165
16428,0.19188304342260132
207958,-0.2593061639033767
15486,-0.5686788124831788
80719,0.24715416097826015
78610,-0.21760977684255067
227102,-0.3593365217298832
57811,-0.9163569795429773
12267,0.6954032849262246
29870,0.5965085495043967
21683,0.9528232967803758
381580,-0.4918528983397006
671535,0.18712473537613228
107815,0.602909037763852
16204,-0.6066178648211356
14563,0.6907211532639668
56378,0.1416063266696579
109658,0.23861874423167606
14664,-0.49817878965406415
71738,-0.6343000521028159
68263,-0.1834007185115727
16768,0.5216544526038911
107146,-0.8762591972474745
11482,0.22146114343894485
53601,-0.5257013086513846
230857,0.49895383657047176
20850,0.2582070855296088
58193,-0.6440167063737521
13361,0.5273745949837938
13821,-0.7763168519654542
14081,-0.38837906851817827
12837,0.4069524048178379
94214,0.8708066653592663
20981,-0.7071255582202114
75668,-0.5231821486261605
14904,0.23220581509478322
66011,0.6053265681130369
50496,-0.25865175731216894
14685,-0.7720792010187796
83672,0.288960898472606
26909,-0.6230660526631375
11519,-0.652368873948105
53978,0.551953861509805
74376,-0.2549573661198483
13070,0.5484609738348176
64113,-0.43751583714273945
56452,-0.42881047212238776
74306,-0.4767459194690007
19058,0.17531554598082622
14580,-0.4267999021594564
212398,-0.19894914005629882
17904,-0.5501544164991152
216459,-0.5501544164991152
13076,-0.3693167135728892
70645,-0.5973070266253089
12554,-0.4721105817517781
110826,0.17021328750132803
241128,-0.3167385251467323
19933,-0.6690102625866219
243084,0.6816417670352561
228790,0.20155962753403323
11304,-0.7110920603720987
20564,-0.7509635408109516
497652,-0.2188560738511871
77836,-0.4527949000241289
76281,0.16537504264808156
14182,-0.34505322711514896
234857,0.5777286251260616
231834,-0.2409545992143336
224742,0.19706363959273254
27643,-0.30613704877763936
100169864,-0.30613704877763936
320484,0.23543167267501275
18715,0.5644081496193145
215449,0.20806797476883432
16553,0.4373557890637354
19215,-0.2943425807071227
13835,-0.33995421664285796
23837,-0.20790100255444166
65102,0.17940886909765474
74769,0.5337972522808272
71313,-0.46281092084048314
18129,0.23598016800988475
73825,0.25811101533301173
258677,-0.5432858864538623
75619,-0.9248624231458935
56205,-0.2172382601109053
69065,0.4785907164967522
27050,-0.19437016436648769
103765,-0.615262317918754
50722,-0.37895240772270355
24136,0.2338511026483241
140499,-0.1957687300411397
71310,-0.6540018042784128
56334,-0.24255245770870992
68975,-0.5062158665777075
67629,-0.5420398448404828
225164,0.3840080723583963
102502,0.5224496768245253
269003,0.23865385487359703
13645,0.2542407937931275
269717,-0.20772172393169797
330460,0.665805969589699
17349,-0.6569767194525467
83492,-0.3734821429942281
12145,-0.22966013825177356
72179,0.24427272328585214
234463,-0.24773535727057272
18120,-0.2444859436990079
320162,-0.20472950427212844
13115,0.5802181622442841
228756,-0.489931959838553
19303,0.6469135043356093
225020,0.19952890520601052
67003,-0.1344925759398432
13527,0.5963881577470787
19341,-0.3769271908985674
16663,-0.6923184147961541
69710,0.2968691422143692
380773,-0.1879941362809081
15985,-0.2980839148216248
239038,-0.7306577501856033
14617,-0.7381605989888635
259279,-0.27205004505948427
76302,-0.25827443457007426
59125,-0.15918396163786674
104174,-0.6359742412162497
381741,0.6755503936763052
22335,0.14876859070172443
20603,-0.16755233306110817
22352,-0.25994697956677015
12502,-0.25968954057426075
17242,0.4995374539848516
319710,-0.6173472803103799
26754,-0.15543778541172415
102193,0.1607255250085018
76178,0.3331414370124488
207596,-0.5461250914670943
67453,-0.16780921733969656
59054,-0.17361874362338092
237313,0.6143004512501089
16136,0.777849906003258
240322,-0.28159236259648557
72085,-0.2571203688577173
71704,-0.23702702582457036
11909,-0.23080323000278824
106344,-0.17558353235824242
16573,0.46150189635564853
224105,0.23896537750357716
78783,0.15655525078378574
20971,-0.5122911519029136
50497,-0.23220566526172526
55947,-0.5223456309984855
233489,0.23559571108421196
19889,0.2863461093744242
226351,-0.3383588281878316
228770,0.5290976122829343
73813,-0.5529311215374717
330401,0.4596478179272969
64075,-1.0191830656288454
74133,0.4237836176442169
21664,-0.5566933590574967
21412,-0.5658995348903004
66126,-0.17305065867192582
80913,0.23998518711115047
66522,-0.5439182298774998
20530,0.3949021246786746
104759,0.21939551387711909
19286,-0.2171027825659193
331532,0.6005809248466276
19063,0.3845466744211903
211006,-0.5763245909037575
107951,-0.21927636196140377
13559,-0.4975979063313165
73338,-0.5176867141326609
258746,-0.5558956840940197
217325,-0.2603657535946704
230735,-0.6623614112154836
108653,0.6713340287689631
215387,0.36117158390799986
11770,-0.5050067255712705
140580,0.4420818059042606
83762,0.21398448957574523
244694,-0.6283735649350057
66641,-0.44417809534639385
27217,0.6136189244512744
16545,0.3017094060221952
381813,-0.6091075660277019
67472,-0.22278786282271668
13640,0.49890161119153564
217692,0.23543853902381962
59007,0.5861125114323658
79455,0.633838286478912
68874,-0.480849880018297
14190,0.41921887366884025
14252,0.3818926442707351
233726,0.5497465150248599
53413,-0.6710522194898503
57778,0.6338034469051266
237934,-0.6463280646837029
234577,0.2681396099342326
15977,-0.5181437334198224
15118,0.5123305532617728
12667,0.5457738760155983
18301,0.2202437321362325
108857,0.2507822512872462
19733,0.4698597965880378
18634,0.4519528479925148
76157,0.4519528479925148
360213,-0.5339731696050514
67019,-0.3821661730625694
24108,0.5218801485695996
72121,-0.16824795646275348
215814,-0.17097699474103223
22416,0.4540996732094533
20650,0.37541744504024965
93687,-0.17694411618378858
20334,-0.41403606617046496
67264,-0.16650242400664617
22117,0.5192028693631645
66148,-0.20606661391202508
76983,0.22874181330463994
15162,0.2665316013080279
16997,0.35090390191867815
338403,0.7172002691704069
232798,0.3596110433592088
218268,0.5115770424134141
94352,-0.5037385845063369
65107,0.1964973039781288
77318,0.4910950876418281
12455,0.45741339698037464
11699,0.4271446980625502
66106,0.5750253256685767
228662,0.594107146546027
50785,-0.47664832446759764
13548,0.20017761057590633
229323,-0.2300460704898608
433899,0.42043150806293905
18393,-0.36318480678930065
12452,-0.4050370537386714
22327,-0.3681637590492013
170731,0.2457388331057766
67065,-0.5033616056018158
67804,-0.2256457000060923
76527,-0.4113903215238661
76469,0.7477917502284477
319229,0.23356024126241515
72007,0.49784480324948444
71148,0.37094930591658404
11567,0.4657911230158165
71355,-0.4584506277701803
93878,0.7174716065556508
16835,0.2666197335388212
11717,0.5061828282945253
16949,0.5307938713363018
19935,-0.19022372785388164
57376,-0.1643334469995068
66242,-0.21275487656209968
13350,0.3992425727347717
66266,-0.14519868468992847
14339,-0.559753922869926
70510,-0.1614998550890583
20972,-0.36325558936823654
109245,-0.3898928611987351
19330,-0.2859293785556982
218038,-0.7377931845419643
71538,-0.3444647559138012
18300,0.28776234912715193
16429,0.41488553914450765
493583,0.41488553914450765
67610,0.19026797548740237
234094,0.395806768102239
215512,-0.39344339249968563
13838,-0.6333166632473053
17364,0.6885608007371591
80385,-0.25625210141905796
74302,-0.33366219287461085
320790,0.2863865922114428
231044,0.4471620965784542
73130,-0.24450406400693758
619289,-0.6636386627379078
18104,-0.5952091352998572
269582,0.538473234828996
13722,-0.20346776116501175
330721,0.5248174429905847
11601,0.5653173958640698
72472,-0.3917958501743488
70127,0.5307280083314745
68014,-0.40167094205224707
269954,-0.33715805466049886
18390,-0.23767486459260034
244631,-0.6973718465308387
237082,-0.3233942839078834
59043,-0.6384905156573755
217116,0.5688936778586893
23802,-0.15301297277190606
74735,0.38495330463483146
16543,0.20139861084556276
192662,0.18093293543976685
108079,0.4063143285225497
216781,-0.40417670822579055
72107,-0.5650609996545706
17765,-0.35761544418934577
214345,-0.22794881180121784
327814,-0.5170629874527837
69740,0.18729432073324404
12741,-0.6727043500937366
69540,-0.42977775579108
209630,0.5228616527931154
233724,-0.29002104516412963
11534,-0.3149390878760858
17392,-0.7801569386427958
14695,0.5694495112448759
20168,0.19991499250766687
67830,-0.20387934391317053
110616,0.48906766023008075
227697,-0.2714130296921544
17450,0.5598998688817849
110935,0.31177730744294685
72160,-0.4893089162149189
240239,-0.6264222421628234
212108,-0.5796266676508504
24084,0.6810212568349554
270076,-0.5018771058496387
382089,0.43852347008855386
16409,-0.26262101470506494
56690,-0.19182799196543954
93876,-0.7205270858198629
550619,-0.5675742868558191
237211,-0.3015229349880526
240614,0.7069645107944798
268903,0.19398101918510324
11906,0.6726566684941933
67133,0.5520520269847307
66508,-0.178842981938228
381411,0.4435550209428749
78816,0.2515146968708706
71683,-0.17641594955049023
114654,0.32366064995996346
72042,0.25041378325592945
80877,-0.20547046536038494
22671,-0.5213133829678451
66642,-0.16441901256064817
277743,0.585023926953955
67698,-0.2730515029358358
19046,-0.18041226043774827
74229,0.4630414320270182
74427,-0.30486183062422434
78541,0.16544223457419527
17992,-0.23402903881726012
226412,0.20153137963876055
71774,0.47117162941891877
319660,0.7273744259442365
329910,0.5393272504807722
218397,-0.4454346676143581
17979,0.2238338684782608
57278,-0.5690433368689427
19894,-0.6635658563208806
19025,0.21331739283029094
72500,-0.3391976541474717
268663,-0.3757775453566996
213527,0.887099746000152
264895,0.17450337240051184
18491,-0.6562199067138828
228785,-0.4558127879192595
70497,-0.19552155784061753
54426,-0.4667603264785116
56430,0.24356859649934925
22376,0.17148197163616352
19737,0.5426182285364134
114566,0.49087851524353177
14420,0.5197587598180986
66656,-0.1668578197421322
71753,0.649353215913278
18377,0.6253044362019886
93836,-0.24292468298320458
73102,0.3800939282650617
194908,-0.5419023219369272
20681,0.5067176753541576
22325,-0.5539842730079849
17200,-0.6659110141432167
60510,0.43087339744395337
67713,-0.21265177635676835
74287,-0.12723108802234684
237860,0.2574628648884083
66825,0.622839552462342
319636,-0.3800568596132816
71306,0.4704386701400143
67874,0.5111612024869818
23950,-0.3882737312419966
238564,0.5425008266293996
12517,-0.23409764523749388
18213,0.3929978605066822
414121,0.3929978605066822
114304,-0.5059094642534703
18983,0.4359915051158616
64654,-0.2724839555260239
72147,0.33313767407810424
100061,-0.3235791944953714
72324,-0.5207925584162423
105837,-0.43582905364841995
56629,0.5150105721675331
210554,0.6083299482572238
66873,0.5437486922367047
246293,-0.4949998884814715
243621,-0.32288233372166353
217864,0.21336885055838195
105651,0.5670063651184623
338365,-0.5929142964684928
51938,-0.7897717018152917
53375,-0.1778430997021978
98366,-0.26004585072235287
73724,-0.22024334749050567
18626,0.27478877400153223
109270,-0.165768308239036
74442,-0.42837393283071634
13589,0.14629199056144238
217593,-0.5756493480525746
56330,-0.2182381038056178
21915,-0.21165289531579567
12398,0.28776915806862746
68966,-0.20494286586735555
216766,0.15257380874643722
67857,-0.14427077967502022
12606,0.4767470416438764
75512,0.4913932646470336
11449,0.4641778884639196
57441,-0.6800056731933903
73046,-0.1934517103840605
224111,-0.37747319845673744
53791,0.45674107353788784
211586,-0.2808363675199601
14823,-0.37612995104696223
12416,-0.4323038763121403
17713,-0.13418474955298088
68441,-0.23425700356936474
214552,0.29218114471184187
192199,0.6934550533143682
16992,-0.24774421885171183
545136,0.696293876164015
66042,-0.4286777539156983
75458,-0.2844394326489308
216001,0.14583054695663833
57750,-0.38750611928949574
235416,0.2787178813496496
69612,-0.3139206846641578
98238,0.27821400497277793
216578,-0.493918762096075
235604,0.6017446794041836
12558,-0.7708343750547701
15357,0.46945007503673875
17444,-0.34310269054618736
56504,-0.32292447959017956
328949,0.49653876492328264
16197,0.2400935246196667
14311,-0.5092092644670636
53374,-0.42334215953193244
21674,-0.5205871977747671
21968,-0.46525092875435625
18830,-0.23215746242458657
77569,-0.6945499967739188
227648,0.17264853483006704
64436,0.17264853483006704
21833,-0.3754587005771324
230779,0.43095550125844717
399510,-0.3925433306680226
65960,-0.26097411160991246
66409,-0.18433706366589675
245847,0.1688511986704757
433323,-0.6503457113190487
13424,0.21255176379666807
268480,-0.6430676216560682
320825,-0.6188706198504725
68598,-0.17187553321039672
14608,0.6548084406165087
20741,0.5335574242220558
234329,-0.5322881590181794
77407,0.15961510585640326
20728,0.3556140217138317
654812,0.5525939473652439
15531,-0.41872135381245457
228140,0.4561966543641969
243328,-0.3449263359928336
29867,-0.43401239395142355
74276,-0.3627015319334532
224640,-0.1724809319588978
74123,-0.21273611264800607
17005,-0.5092445008921089
67634,0.5095634940843774
20419,-0.5651890610046442
170935,-0.6054250079461934
66971,0.6068245182328411
14871,0.3656096997719356
330817,-0.1411175005715286
75580,-0.16263046338942821
17928,-0.2585700399497073
71287,-0.5578780531867493
66496,-0.20259414394611852
20698,-0.48973874998951317
98365,-0.35759208786746033
14744,0.24119628703839524
17961,-0.29507042405113726
17221,-0.5310032130633529
217847,0.5286307772148389
50529,-0.15280006996118978
215641,0.5537682036411455
68789,-0.46808711015265825
20901,-0.33245770013881515
108073,-0.630045950115107
15394,0.6622365387735623
68146,-0.3172395129201444
18578,-0.30256313216818853
213012,-0.6039202075686854
19361,-0.5083275503479632
78444,0.47059430252676293
69627,-0.49607465963473807
100383,-0.3405586017843607
170461,0.5115727451486989
12857,-0.14385950817067616
18762,-0.530904498210397
224624,-0.19350704227114335
68723,0.6921756709148434
13435,-0.25614660427728086
226438,-0.3667825915883771
56190,-0.391768466470122
26896,-0.2113740740821699
71984,0.3426317605833775
54447,-0.45845258972142355
72026,0.2215453765309494
19766,0.28120012958840945
26549,0.5269736567500263
268752,0.5213022545218822
22084,-0.6131040591824881
77577,-0.6117884557673783
70380,-0.260452289947116
66957,0.5978771911864378
67422,0.1977853957783573
17833,-0.5761328758503206
54624,0.20254650839334865
22775,-0.5233111893759022
27059,-0.708191748902979
218030,-0.46131857978316404
22431,0.36038794134348917
16398,0.35741198324717605
231050,-0.44595588938118436
232984,-0.3258462845489012
70012,-0.3956720411677539
320581,0.5125590459766558
56316,0.41297084794730754
74192,-0.27309569667540146
215723,0.6818879830581084
217869,-0.22148636906932317
70274,-0.44877659797622993
12462,0.19171780070922928
12843,-0.6520308242082571
20274,0.5102004741257149
13081,0.47334593128443325
20306,0.3943862557680613
94064,-0.1940915350714878
404316,-0.5116654713802138
59048,0.2930952466731833
330502,-0.283611901381434
22272,-0.24375020656086654
66121,-0.22086453170016895
84682,-0.39951551643674144
67996,-0.21599065202489598
65970,0.4613537919718147
109978,-0.24656649765033478
19683,-0.5378016646917101
71091,-0.33165485668287253
67776,0.3305282194143171
223881,0.39442625543755927
20277,-0.4070266551883823
15896,-0.19843764424471289
211232,-0.5015610625245475
229542,0.4261104443013286
23985,-0.525953705295386
57432,-0.2689130271819806
66985,-0.1573731028265879
21815,-0.2165265417984461
14711,-0.4699318036102502
76816,0.2858917050653247
20817,0.17697503097381428
237759,-0.527801840158447
16578,-0.40033049605877924
244187,0.6375207073169773
18792,0.851390466570173
231821,0.15325585946318476
258819,-0.5462400972919359
226525,0.5667226679105135
105853,-0.5866303763416698
269633,0.4950438750890864
22003,-0.3440878907096252
80281,0.4805597059020825
71206,-0.7634797333276206
83397,-0.3013178628561439
12368,0.21375595736584785
101113,-0.4438142180107292
215436,-0.4469685683254343
67031,-0.48329865371785985
68307,0.5773621228739181
74112,-0.184144263433895
73836,-0.21583409835908007
56045,0.24297908689530878
78232,-0.2149051510209432
107932,0.2633476321800927
68709,-0.3634641381907553
12861,-0.12473519203190264
239157,0.7006343655468257
106759,0.320041383854357
70103,0.1938511593953347
74648,-0.4349162081267055
213439,-0.3855580302691948
227099,0.6155355077746352
664968,-0.5379398858465638
16181,0.6280879761485538
219144,0.5207604856453809
78826,-0.2173922519832754
109889,-0.4498429183661141
266645,-0.41878073062238563
11857,0.1701621889392495
240396,-0.3249592331935265
751865,0.24114661870430076
241226,0.6311267868267763
20442,0.2339848932006916
257630,-0.49282514474752714
18610,-0.6553245497204498
635702,-0.5048725263072709
64660,-0.1641935030272883
11773,0.12838984429429345
229593,-0.2149415258246865
19729,-0.24587994485693265
14464,-0.30751582940274247
66447,-0.4792972470714645
17082,0.29287444685835773
234839,-0.16578462478272193
12632,0.47278816925190714
66125,-0.18426809413154466
67429,-0.4430175003767216
210741,-0.8086692186249604
13665,-0.15707243599891285
242259,-0.4476719636994093
70784,-0.21880684606353018
319875,-0.38140882574403356
13650,-0.3887573943140259
67529,-0.2089769088765845
67574,-0.5336436346240903
17929,0.5013781081004369
20276,0.3569524993495241
270058,0.23224918059381316
72775,-0.16174276250061936
84585,-0.3215887839880587
11596,-0.42076809576806795
79221,-0.4463444823955518
231630,-0.5087563533644301
236690,0.42313154200312475
68527,-0.6451534262203698
17355,0.18353604971268034
19727,-0.25968680554413304
30960,0.14475163216879672
14527,0.5687241385922519
329178,0.42521540405993985
79566,-0.1370150186197936
15285,0.46785472633796754
68142,0.2756894423882148
13656,0.4389418113509347
16510,0.46666016800471066
18024,0.2741442777961698
14130,0.3070290445006698
19255,-0.22396998495242748
73473,-0.29680833307694954
74485,-0.6322193582150017
71781,-0.465102582479032
12856,0.5628754545804782
277360,0.17034682444648475
56367,0.32564672085441604
67199,-0.27941581314365216
16396,0.17373954748028453
23968,0.5276237998263871
18778,-0.2903580110320352
52588,0.16181118280832152
16517,-0.4493381244364696
260296,0.6002272431307283
13197,-0.3566279023427761
216227,-0.6922161629048205
68310,-0.21972010659811403
76179,0.2936413270296212
58214,0.5425780908234392
665891,-0.5519621355456259
19226,0.6227719630454698
213211,-0.22528137981448015
54132,0.19285446193401334
110962,0.18768141317776887
17873,0.21688818277610977
76002,0.5078301680193817
14020,-0.31004167660676796
12032,0.5050279011128787
14772,-0.5794976051261651
338352,0.5820231457603819
320256,0.2971850245603225
69718,0.5592757761896747
170720,-0.4446782137771379
233079,0.4380030027947237
12709,0.2788830800202353
99138,0.15715333697760947
66998,-0.16032951360301162
228980,-0.2970803804458848
81905,0.4691722408960439
224805,0.4358673861878781
11474,0.45451449594768656
16891,-0.4418952470947035
69692,-0.16137504858365403
317755,-0.719875668538196
100710,-0.550631173979701
11370,0.14621418652268225
107684,0.5622739478473759
11886,0.43647342546521184
69981,-0.19082431502145525
252967,-0.5034091536991072
271209,0.5461612584016078
20773,0.30423170867902094
18256,0.4451798318732716
12841,0.5033105577190842
54135,0.557745616524806
20016,-0.19612290557196488
12029,-0.44744000564552255
78388,0.374062983935036
73379,0.5008425779375019
19299,-0.2120386705102426
20682,-0.31337810702848445
73902,0.5330069757066416
226641,0.48030213079011563
12289,-0.5419870394535149
70392,0.46146095796744513
192897,0.32753982363157963
67726,-0.13217177450488826
234072,-0.4232749044324873
67134,0.18496487053997157
12286,0.4155981668116491
98845,-0.6092911398713055
242285,0.4642292587981225
225825,0.220226940070555
105734,-0.472809374041522
330863,0.43319643418634524
22715,-0.2068880262645294
28146,-0.14494336072851333
93736,0.41245391149110056
69806,-0.16637692040788998
235130,-0.353795968163205
69634,-0.4502057773007335
223970,-0.3241722154137854
16534,-0.15770351917471537
231452,0.17843904288471535
70361,0.22759937860572155
21339,0.4387581800866407
66980,-0.2545112100387392
81004,0.3028034073168673
330122,0.42248066521456407
213233,-0.30310447415281594
244551,-0.2926970994596996
14319,0.1295323519545022
68753,0.5070158345549349
100039681,0.5086175231761896
209027,-0.48968022978662074
13176,0.48478038741022944
94067,-0.18677316329873506
84092,0.5397340017769503
18574,0.17162282990644506
278097,0.21430468182225848
74105,-0.18523911193278586
97827,0.5276911706307716
22194,-0.2710033642202294
380684,0.4162084409641986
69106,-0.24272410067297656
17388,0.6678887561759503
76483,-0.18512772215506423
30791,0.23943495020404448
244550,-0.2784305655699253
69159,-0.2943320884795062
108686,-0.5230654103575985
545085,0.5447730812762268
319848,-0.4962836398388042
382077,-0.493477588445141
74132,0.1559242088223396
666468,0.47647627399379155
98170,-0.4039725943090886
15364,0.4220838165604892
76376,-0.4925088084968041
268291,0.5370031554703543
11807,-0.23439444796103182
212937,0.5923465193988742
243374,-0.22148737115373507
99543,-0.3102153568120265
50995,-0.2340545845132116
14628,0.1318390742357085
16193,0.4350935608411657
108961,0.49956882026629224
268706,0.26990914543172373
234911,0.5776798183637224
14246,-0.25683464199773454
19679,0.2515009890295179
497097,0.5508863300081019
13867,-0.5006409233248208
110175,-0.25823600930923263
67005,-0.17042247840195124
67338,-0.319125887533394
73884,0.48417063166861807
353155,-0.49422423970083873
217232,-0.44338901296739053
69577,-0.21514099868813918
20269,0.44113641889333133
21935,-0.5194415936514645
19652,-0.27711235954093993
268859,0.4574694232867653
105246064,0.4574694232867653
76571,-0.613839921883006
66406,-0.1899836834377524
75002,0.5941280653197589
20491,0.16377352713957194
108083,0.1939356717937475
66153,-0.4317129244330502
20614,-0.2711399836486059
12293,0.48645333460846363
229550,0.5869215481461629
12804,-0.6217745615762214
19218,0.4739629880280134
20166,-0.25076371892571725
320736,0.672934061171687
70357,-0.17996965548140587
74144,0.4607412864571505
547176,0.7509690848121715
14600,0.6422724805413362
231004,-0.3061346946563388
15463,0.34989646729839663
19703,0.38568720497495423
18655,0.1877821161188855
252903,-0.1792569158533155
52563,-0.5742255038251001
140477,0.6344622885855102
12163,0.27219543871467433
53334,-0.19707044694984432
243764,-0.7374549483990291
69541,-0.4978315607891366
20404,-0.6645752107233092
239408,0.3729992130033639
70225,0.19250720984106096
231093,0.377433630853397
15458,0.5992811146184422
83485,-0.13096964280545187
68510,0.21693322741225707
23888,0.6168455530806582
70083,-0.3484153208066374
53322,0.3336530410168148
216860,0.16240509234187606
17532,0.28940557253308263
208994,0.7603701697105292
20731,-0.41448776086626005
12257,0.16827536146123023
71900,-0.2993489188425009
66885,0.297391317723565
229731,0.27949975505354807
20194,0.17705910198901975
231832,-0.31890017408906157
56351,-0.13691440691476586
18557,-0.5784070708236237
22031,-0.20298285165365293
56068,0.38416591564034874
70785,0.21279229332208338
21750,0.19502342183059973
70536,-0.46596672461190014
14693,0.18387902541611645
76942,0.2514643624682442
320118,0.40653937543912555
13405,0.3981681810534847
59036,0.34361926134555665
76263,-0.1866853510328106
98733,-0.456452148908296
14417,0.4421135110629595
18387,-0.7027543196538133
68695,-0.5042018731149076
232879,0.2633528822232716
56362,0.5036457680019351
66597,-0.48791842137149466
72462,0.5062629075186109
71988,-0.46164978329676476
107723,0.16997609118325485
17684,0.21268036520590172
11492,0.2102632394623214
13929,0.18416549764583046
20788,-0.30403794087140135
66938,-0.3202393429593773
245403,0.46721633085319425
57390,-0.6721266465793247
26910,0.6545851455400467
211896,0.5384097302360082
74106,-0.36987931427599285
71520,-0.216258023812669
76653,-0.5225828343761867
109674,-0.18213848211244787
19073,0.1980708703514118
17864,0.5144599058454857
269693,0.43353272553660327
209448,0.5687147465387281
26936,0.19844693002494473
69590,-0.5532715964124915
21926,-0.2767373051104629
70796,-0.4831675929952839
19051,0.4465021481464846
18616,-0.4798390305534683
140810,0.5159083476481969
233280,-0.39199207755266396
215854,-0.3831201251103411
68011,-0.19253549358755784
240725,0.5834972305849395
71405,0.4912740854201645
12487,-0.19746045528677314
75454,-0.15799972602271062
21854,-0.16591158732778055
268890,-0.4815175438049444
71966,0.15771479663583676
170657,0.5588773568155965
67772,0.22349980797483582
69470,0.19547890499393006
69312,-0.5138814684414355
107765,-0.5432032061965502
434865,-0.5073446940071014
226359,0.37246212122543554
18504,-0.47361231983328533
404242,0.480515039075037
11771,-0.20480373052791734
320782,0.4306037117371888
71830,-0.49208761392254896
52717,0.15014186193925738
97487,-0.39265266015557554
54646,-0.4826071095888498
19120,-0.6534417057474382
68854,-0.3623229916228716
12151,-0.31751811302371546
13386,0.5841516741685422
71093,0.497126581539872
212933,0.5336810247868873
15398,0.4797885499494732
171469,0.3977777985114468
244486,-0.572624915409357
66493,-0.18281214748825114
238271,-0.5935416821332327
378425,0.49092806510520415
212139,0.23585976290302035
268567,-0.15372137597274005
76740,0.2651847482762726
237052,0.6789326254628993
19206,0.4231776174795545
78748,0.4776424018763108
170823,-0.20812733751686086
277973,0.5475610282217711
71772,-0.2152677125566278
78779,-0.4554170292080961
76510,0.29461730443748557
67391,-0.15667654383385354
217038,-0.12245055195208998
52348,0.29304701736804617
26379,-0.1978476080168754
60531,-0.39101092127183
19765,-0.2035070068671665
53892,-0.33026425901681833
234155,-0.3583639646584045
12355,0.6405266749416185
213988,0.3053466676028469
239133,0.38828895408188435
18643,0.30741198552090765
12444,0.19920181179012353
20452,-0.23547506408521457
14562,-0.3091937661786375
12468,-0.20118063107560857
192663,-0.2242604180581722
20336,0.33335433490459554
18595,0.20736189181192577
234875,-0.1758805100645926
18193,0.22538899796480827
12507,-0.20391120336188884
328232,0.3796847597684483
85031,0.531915083193029
15550,-0.7905051266922047
233332,-0.36688136060283494
20756,0.5483907955659628
66930,0.455528453631052
208431,-0.6228909930064201
18646,0.15383604626448744
192652,-0.1503789238065778
11859,-0.4002586790976954
15932,-0.2534361935599243
17536,-0.4823574356769793
12177,-0.16557002379770047
27421,0.5164886507981596
19775,0.19844365882323345
101513,-0.1410141483688978
77627,-0.5247696013493415
12322,-0.3663715449199856
272009,-0.45266726929661694
50799,0.39547016640686294
57277,-0.5819975708537468
21463,-0.38276973480448007
20317,0.6291756265194763
73916,-0.23286966385009844
56747,-0.5483044398506758
67604,-0.29131361131027234
59308,0.7516482481060862
224023,-0.3859631422951413
83453,0.4977509353821028
240087,0.15019675678647992
12323,0.5228009474026454
210027,0.5798401488279108
227357,-0.267996623093433
432442,0.49126296205963804
210009,0.44941216303522413
269784,0.5863255451717118
230590,-0.5461839288607946
121022,-0.17457175462054586
19291,0.14916427866833892
14615,0.38277503628171905
74053,0.44802169730258434
98970,-0.628073071567945
66694,-0.18431072720214914
64930,0.2526030632808016
94175,-0.42266858345636926
242050,-0.5810892574537814
66845,0.1897712748124576
21824,-0.5055895726416972
70673,0.5100546928505167
17687,-0.27989466102848937
15530,-0.5390531624419665
19155,0.1661999975102031
56748,-0.20053511852260542
432450,-0.2955239518188808
108671,-0.2081107364499477
384281,-0.3925379419436741
19672,0.16516552969500076
231440,0.2896268502742103
52028,-0.4026014307996588
18324,-0.5112838214876025
109901,-0.285127058425239
229906,-0.27906378928989994
93759,-0.18005664056808168
15388,-0.33183813631993786
57014,0.43562313919161255
321000,-0.322484291515984
71970,0.4063918871026866
19654,0.19971957006387164
18587,0.4260644294141507
330192,-0.17430586638487
16205,-0.21163433658908737
27276,-0.4392421852263162
67092,0.5666565468938858
15277,0.3652427533091913
22658,0.6087927279692247
16858,0.49632240608738076
12827,-0.7231417023617146
104099,0.4614246416567762
56210,-0.4672294289962382
231151,-0.49208697185810735
58246,-0.40587443223743946
102626,0.1628949570958671
69368,-0.22002051591081262
66958,-0.1447398793149901
107250,-0.5732153571063829
80907,-0.15989154758337776
109700,0.9649170827381317
212980,-0.19069540276496433
54141,-0.4184895050356747
246727,-0.43258771157014664
69727,0.46644728661464896
71913,0.2767698312292177
210145,-0.4089726165965528
78943,0.3142674721833769
16792,0.18361122035737765
20652,0.47936728040383336
258975,0.5292937983681059
72930,-0.41377198997316444
14683,0.17071237572163156
22628,0.2956525110831958
209584,-0.590657047038813
230793,0.27228463887639975
17159,0.21060983831015534
217331,0.15647054436814756
239852,0.6891672378082512
19250,-0.44152073615292764
74204,0.27307978062117844
216119,-0.41163357640984355
217946,0.3323937831793744
18740,-0.5203747738694817
13837,-0.5597301796357339
212514,-0.18647655179580358
668257,0.41527749778848877
68735,-0.16301921137567987
71920,0.4682145773812225
56846,-0.415588336797156
66593,-0.19848923553470588
329877,0.38327493891986997
380683,0.4191680431155431
18670,-0.27997287009699967
224705,0.1735080269074043
13013,0.4450543072372044
80888,-0.4994114387680533
207728,0.22275334893537746
170749,-0.2330560495234515
19720,-0.1666888618679785
21340,-0.3658458522083432
67733,-0.24081291992869236
211798,0.47084910220928267
231931,-0.21018123817933976
14450,0.503459722869966
72693,0.470441982275581
381269,0.6164585467334032
241877,-0.4359689390232293
319239,-0.4848690066990913
353502,-0.14194911252619136
331046,0.45746434802121394
217517,-0.45531237829287274
12663,-0.41098058850119745
21969,-0.21079302848386483
20216,-0.5046747388533173
21335,-0.2723542841717004
77889,-0.16814381154287616
70925,0.43749774754268067
109346,-0.2619480166844932
20811,-0.5776785678503265
277154,0.5281996394471071
105083,-0.18393367405687933
18033,-0.1603372878803011
70375,-0.341902568828484
110323,-0.13461770711994525
231863,-0.5682310164807216
83796,0.17628191192114073
74580,0.5255859920761994
66119,-0.1563323094648208
238130,-0.5044421913312798
56015,-0.4835466767060588
14272,-0.15991064810226874
224405,-0.7412194934214047
74711,-0.4356905844677206
73075,0.4883549036530108
15208,-0.4616718510933877
12227,-0.19496967223790662
12091,0.16531482062054081
76809,-0.18243128382370877
328162,0.1702671703331955
20866,0.14196511775689125
20821,-0.16304174973746122
67573,-0.5525147706036555
20303,0.38753006386367783
13177,-0.15684690152449576
14083,0.37481319953861725
18164,0.5007378492074079
21789,-0.5230377615231099
20843,-0.1786341260783555
13860,0.45444781723319316
71338,-0.5681605334326156
547431,0.2700218366939078
622320,-0.39936874680691226
94176,0.22530919082312728
76478,-0.13033149947766276
54384,-0.5661669586671554
80289,0.20239766314330865
380714,-0.2563125711030674
209645,-0.3372875198383425
11776,0.21258319359040811
100045792,0.4164285572730977
231842,-0.1815214806352321
21821,-0.42032148064521646
20341,-0.42825871728959797
77733,-0.4358109401883006
68837,-0.16494852963815543
19982,-0.1734835372895418
73192,-0.33096738734723363
14858,0.26352376130610544
236781,-0.8992052856811279
12491,-0.4112233679237498
18624,-0.27204364496139277
55984,0.39952441514679116
73942,0.5620883047780136
320429,-0.30480658611058864
22270,-0.43529415550472716
20439,-0.23745174117660994
319701,0.4392125101285047
20832,-0.17307850568324668
54427,-0.4434824309971761
67684,-0.2722146280260791
21952,-0.40087130070002974
209707,-0.4094556487536938
70396,-0.11787266574162736
215210,0.2315076097268296
192200,-0.5367804241676204
21426,-0.4279773658240167
21453,0.33566285934041673
67089,-0.2494317679853637
96935,-0.46674444154650363
71566,-0.43704417058098155
67196,0.4886735688944648
68612,-0.25206729290252206
27390,0.43870267720585865
14174,0.7830633200211139
12364,0.5130359985721142
73251,-0.15381609974735255
52815,-0.4336596924202798
12389,-0.7054735195529864
14755,-0.2815552882797192
70428,0.21647313333275875
56325,-0.15830724944192198
66614,0.1569356065380063
268445,0.15433315813393378
71883,-0.19916673550828
384214,-0.6052872180332809
320923,0.4320999675721362
74194,0.4610530636687411
74190,0.46948727730198403
67106,-0.17698635246376782
101206,0.15569364441815203
237716,-0.5592392124900325
17217,0.1748327595784005
70129,-0.565418998820546
17287,-0.4711748563596547
22130,0.8707296599137666
54130,0.17272268892061682
635253,-0.558614503968502
408193,0.4589856419000973
317717,-0.4659743412694608
108755,-0.1826638880709659
244672,-0.28335604904088463
76411,-0.5337181600242635
18095,0.5886423652113355
67122,-0.5477251543712836
214189,0.5104235177048895
245944,0.15215499581347025
66213,-0.23759828497306046
80906,-0.4422129303508502
225518,-0.4322593106237007
70771,0.42100418193094313
56533,0.5693383536172036
12310,0.5185389842071202
242406,0.2788814329404339
71207,0.1966057197797202
664805,0.40668033407228954
269589,-0.1675876832398533
54357,-0.3520879280221241
19356,-0.30989246435380746
69232,0.13681161978219514
17877,0.27636626905749484
100040972,-0.43552066459975736
50779,-0.34104957670420966
14735,0.5033811204137528
23972,0.317606447317595
18126,-0.1803539382556627
16854,0.21990954699256982
243168,-0.36209872080106686
68917,-0.17401815766717377
212198,-0.41837337900543137
235312,-0.38948910112961954
57344,0.20130907571447398
110816,0.14688422191322914
20503,0.7132545326076496
18708,0.2651788620572484
68349,-0.14583215023082907
76813,-0.265942296412236
22088,-0.21659224284298162
192157,-0.184982690905791
18609,0.45812653272328907
235379,-0.43039795583303997
18369,-0.508082310042206
15377,-0.42695690000439646
14569,0.12027709103375273
212085,0.43293422257773306
73677,-0.38859993235768187
83398,0.5391635427660448
54637,-0.35249388244984825
259302,0.4988759013809352
22754,0.29605385624919034
103724,-0.21814775773128225
16656,-0.6236899037830597
17524,-0.26121430360879394
216527,-0.20822029945743203
11639,0.7771286972892897
320865,-0.48116225280798464
73301,0.5484981227426102
71673,-0.1354037045067109
665270,-0.5166970189682609
109620,0.5413586301492295
18195,-0.171419300685411
269951,-0.14056573552287333
22349,0.47199396468378474
103284,-0.15895899382724377
16985,0.21090812725390862
30800,0.5531164583505483
76487,-0.558669136871583
73389,-0.17627816708638555
56716,-0.15004554647155466
66433,-0.13982039501886057
216810,-0.3394743875067707
21872,-0.4152278981745505
20852,0.22283657090949305
226747,0.15578542273530616
238276,-0.36953298896863007
108652,-0.14572449853747926
436240,0.4722907593332253
67893,-0.34872830704576074
73649,-0.5684888424054249
244198,-0.4641856578484238
245596,0.41140414147542437
66905,0.15016296446945532
15372,-0.5352894614854646
19243,0.16530274449305082
70047,-0.1849731301375428
13487,0.4369043813786071
74354,-0.4091474226454377
67128,0.36395447250804835
192161,0.4407619267916072
14812,0.3438735837070608
74154,-0.5305670989028952
17189,-0.6684390126278963
114774,-0.6273652292872538
260299,-0.4907721354639998
20266,-0.43848278546324826
73067,-0.15681338317465432
18128,0.5600191297733161
193034,-0.5596333438403662
229228,-0.19345742542366118
68736,-0.364845659364903
13347,-0.456666374438921
107065,-0.4280123329332217
330723,-0.4461251545656828
16709,-0.22363323042417615
16512,0.2046197380076018
623279,-0.6893723578509348
69219,-0.1599812979061901
22253,0.43139509701188317
19296,-0.24249508512972717
217718,0.21358169117357662
271144,0.6140394451895479
56399,-0.17321681666242128
240633,0.5163342036827316
54644,-0.1875382117276434
59056,0.4523574773046115
215999,-0.48857124616295344
65969,-0.41906770845150376
20182,-0.15470329293329677
66333,0.4868375202390185
52174,-0.14783471281771732
216150,-0.1297324743269641
13445,-0.1757770131079468
227334,-0.2662995315878556
20733,-0.3730068571912728
382083,-0.3659146022065727
225638,-0.38930461712499254
67052,0.442701974226444
109828,-0.4349534003838045
226255,0.48673802323379256
320100,0.4078913454748294
76686,-0.46008281020829767
65106,-0.23792747868708375
70891,-0.2896322585827722
16500,-0.5049347316112218
78523,-0.17547661045260377
19045,0.16543359504491484
94212,0.5923703461037144
110895,0.4339224938133044
20393,-0.24401849939805054
170707,-0.2489967001269182
19276,-0.27078561271395607
13666,-0.2888992911514716
74511,0.3942683701179295
19049,-0.6017687273343775
13865,0.5057608971972742
70999,-0.20062331732175398
622404,-0.16921457546413166
12780,0.5767731096579825
14605,0.20326120954902827
93762,-0.18029605186516307
13478,0.14061889791658366
208258,0.4378736297334136
268930,-0.1840869613747138
74268,-0.1445869161109865
12262,0.29242276810945844
100040608,-0.3936521757311935
77583,-0.20171114810384516
114640,-0.501629335058249
50789,-0.3089765934516242
17301,-0.468129734348115
67345,-0.15534112422220936
26403,0.1861049340451011
258481,0.6239722005709938
212307,0.21062349626302002
434325,-0.6264315367389441
381314,-0.26314603022571514
22245,-0.14252103914496317
14357,0.21937354905288053
14791,-0.17221505693786554
26901,-0.24027704283534135
26357,-0.22745891136891938
66861,-0.13687105170242297
67219,-0.31755197628813914
269955,-0.5688443626126745
76832,0.39105850976352485
216019,-0.3496249933039408
71363,-0.36507423096567804
218763,-0.43354866038653217
22758,0.33773943652859906
622473,0.33728352104989234
54126,0.1511422755651175
18550,0.14197742381339573
218811,0.21313422922201397
73068,0.21313422922201397
22644,-0.17738583084901016
23912,-0.2264776372126729
15423,-0.5466986704042021
433667,-0.4908505293972327
20472,0.5418332586956467
12905,-0.3747497980470733
75456,-0.6278700923175053
18613,0.1504010622025902
80885,-0.2975340879656363
99712,0.15846796911119831
20739,-0.3747844061716581
21388,-0.33338773269892386
170651,-0.5084697635171365
109229,-0.19598133378043414
56258,0.20029727969502886
330149,0.590925517583377
13618,-0.47923421892939544
72103,-0.25401905471427444
22637,0.17390669043265383
56737,-0.3005176087025694
66799,-0.3570726534582178
218739,0.34734315189364384
100102,-0.39569949587402764
14708,-0.2905132105822572
332110,-0.46552343256536854
98053,0.16652953573107787
22319,0.2991123240263871
67936,-0.18810435084649058
56085,-0.20318128813794267
100038570,0.4698032872939977
225432,0.3131758700448444
328580,-0.17318532421119315
170787,-0.17318532421119315
99512,-0.4868051544618508
21847,-0.2705278041534944
68396,0.27936875051823584
69190,0.3397300059319628
12814,-0.5074275443871512
60534,-0.36884533979252865
244058,-0.283667512774187
399548,0.45848658269713294
114230,-0.6813693508502539
108124,-0.15897150937979276
71838,-0.13380083414503297
100210,-0.3782223278417307
232077,-0.45113599087594913
72413,-0.3535505241674253
93881,0.4481096482240332
75452,-0.24463325038191464
272428,0.40571628221074674
24047,0.2570606633629273
72171,0.4472349494119907
56050,-0.2692662456719246
73284,-0.41634105882168937
50780,0.14464662511688964
21936,-0.16319681134450015
329727,0.39760760062800404
207212,0.4543279190005727
57320,-0.1592212757630289
14233,-0.4561559148754748
140500,-0.23215860117618625
214899,0.22878230015647993
18858,-0.23063601877814044
51810,0.17103954070743654
70432,-0.1904970950193956
12562,0.4496146642556691
28077,-0.1445912100195521
52830,-0.15774223542486077
20028,-0.5221250502852506
104725,-0.18443868248588657
244144,-0.5350006933154234
105844,0.35503632330365065
93742,-0.368928845670351
12627,0.514467575854276
56847,0.3515576028745584
66853,0.17953646724204475
74694,0.501725804709797
380702,-0.5441700894997283
78894,0.31187209174140307
12892,0.5530270973777971
17427,-0.20699843720652922
94332,-0.2770897689012717
270066,-0.27843514990415663
56451,0.12147297337721241
66627,-0.1398363926848809
76265,0.2376943851447546
208647,0.42932437756702235
12774,0.5433096854023693
70601,0.19470642719939768
117147,0.4101004444371412
27406,-0.11862606255848007
29864,-0.19795116667535773
17913,-0.20775129369912548
225998,0.3562220046511788
12028,-0.15134031857706098
66637,-0.19023460253151558
72535,0.30775010119371693
68879,0.18199186864162442
83766,-0.5980011417883695
68509,0.5355900611845321
192236,0.4014091216380047
56529,-0.17353692122465425
100972,-0.35434802853649394
20753,0.2352504979402248
244895,0.19668971197177676
20423,0.20943928203857798
19264,0.14959492356345194
57246,-0.48555195033600773
83674,0.49933188200512246
72736,-0.2463551962332282
102614,0.5288903142631165
16521,0.2609120714129638
102323,-0.2183598805033018
12061,0.5270164585472292
75266,0.4047866281998478
69317,-0.745392722836046
80292,0.3994701021552478
66689,0.1659867837108333
259277,-0.20118754214719203
66166,-0.6506149427414636
244281,0.384639515098399
245038,-0.6319334532197733
233038,-0.3224220966334954
14479,-0.21924191522148817
66052,0.1464191425603456
22287,-0.29288502439360986
210801,-0.4190603515178011
109323,0.3196973134509875
66673,0.6382787481010594
23872,0.19702024179984434
100038347,0.25476272773933406
56742,-0.44369866176034556
66922,-0.149037790752093
383787,-0.5316799887788011
14462,-0.19368652077078785
269994,-0.43411459229803695
19338,-0.15095488245013833
56292,-0.1276662847358132
268686,0.3056154677251608
18779,0.48027251574127483
99349,-0.19089902374412837
209683,0.2553492792302805
22196,-0.16798663105090306
64177,0.5750453125780242
67121,-0.4874042311611979
19339,-0.19828425348282597
338467,-0.2632172155461028
17161,0.34441986660919177
54380,0.17868804077224354
20529,0.4016928520680283
320472,-0.5021431856907492
22209,-0.14524348601278092
433809,-0.34275525652390115
74147,-0.3078825305596675
226115,-0.4746125369030514
13877,-0.2232202084689341
114128,-0.49461542812553905
60505,0.612915814030456
56322,-0.4353886284518511
67899,-0.21092286789922987
14151,-0.15826841424136262
243078,0.21773076738833907
239463,0.3182820016242376
66407,0.13365638366862242
224092,0.15244287239295495
238330,0.15251270217058455
20618,0.43905862118501826
66044,-0.15777189898532917
381974,0.7976594085640638
240873,0.6181709319482014
107477,-0.20773989799000603
77963,0.4704881534621528
56444,-0.12146939462093265
319670,-0.4847800082499898
20103,-0.11617303437458837
194219,-0.5350566712587344
52150,0.38312915760242383
192169,0.18522532018781313
494448,-0.19278494492488019
66092,-0.15594519565782505
445007,-0.15529620358594443
14610,-0.38286546677008904
18817,-0.6321137569491997
109054,-0.3524413321018489
320808,0.5155385051926427
233781,-0.1702071267819676
109778,0.19815953493430438
19363,0.419382546874556
22215,0.451270572085015
245000,-0.18790243168325027
14593,-0.24086319191187044
18742,-0.32267384583831227
66047,-0.16342417172720047
277854,0.2878928098738882
26457,-0.34795263864339177
260297,0.32721412353107837
224481,-0.20985131035954474
71865,-0.29137705140749226
223255,0.1584872428811508
216198,-0.40046762501724764
66482,-0.15910014787211324
27371,0.23371058697711078
13175,0.4192287866974178
269878,-0.6047859633167958
68730,0.13616823556699664
327959,-0.2445956951802657
68558,-0.19527538018609825
216974,0.4170953093054832
329384,-0.401629532033696
50788,-0.2135568371903478
231162,-0.5880343422501326
213649,-0.467509291638172
11806,-0.2235426751398215
21402,-0.14802937379017322
15404,-0.27269229005919193
71968,-0.14120816197660524
106143,-0.17880428604386545
12534,-0.4306966031744546
213469,0.3783359345190127
20515,-0.15307510628412935
14958,0.47640610291708185
14275,-0.3236677718218859
22608,0.17632602268413322
224912,-0.34172522671061456
13448,-0.17040129375811652
384309,0.15291084460186255
70884,0.5048664198354005
68972,0.1779708524659842
56496,-0.47331034700725727
20462,0.4329160773866061
56471,0.427614302898089
101476,-0.13589865906480547
22423,-0.5355549221899292
237387,-0.6400457730784725
13368,-0.3810413140004991
22346,-0.12842765091931696
83814,-0.317967854477633
13363,0.2879627296083509
23886,-0.3436279357830858
69263,-0.4613411299209451
215690,0.40734908414252047
99377,0.19599810825481168
70285,-0.23909754300746222
71943,-0.25708144253101484
78925,-0.453668812114866
269788,-0.10914622457756273
170771,0.43298099367831444
17254,-0.13073933870619747
338359,-0.3826382696474937
74100,0.33164423521405073
23801,-0.4512742496566
239570,0.12908900998744244
53598,-0.11952903360750078
276829,-0.4885484840515062
269642,-0.40923659444784466
231507,0.18198436220590963
59049,-0.20056238017428019
14317,-0.5938586835723663
230917,-0.3436766199176784
14118,-0.4658728176526701
20019,0.3851742788216974
13489,0.5187682477631288
52123,-0.1569278571779691
14282,-0.31644051210107804
12785,-0.16071350027727327
380669,0.45554980046117954
66290,-0.156420305825554
67459,0.4634706089561158
233271,0.4458539407811517
52331,-0.4652830154962313
11491,0.35796140641452645
329693,-0.14743610645781757
19091,0.4701052498392384
75209,0.467322279986111
240025,-0.46962614480023346
21950,-0.45668157465278814
12724,0.4068894822763811
69305,-0.2141238831815162
58239,-0.21090608831426216
13982,-0.44228598554705423
624910,-0.36618054067731265
16153,0.1646189009794634
106042,0.27109629536521496
104394,0.41106847793977686
276770,-0.12179065455307558
70571,-0.5460171821302127
18142,-0.4361128301744821
668158,0.45012081785634006
258656,-0.4307213574455311
259014,0.5205171116311238
14085,0.2672858178451616
68134,-0.24716366795832734
13667,-0.12138701015605236
109332,0.4406974965966928
12889,0.4342298656719765
66104,-0.2613288504683382
99683,0.24248925232275553
17142,0.42183750805811515
69008,-0.15773132405428392
67994,-0.28703900481737676
26440,-0.1463832032055823
59083,-0.4586073754958715
12616,0.38711907053642314
60363,0.4176996481415296
239606,-0.23100838663460443
230657,-0.4178090734163522
66691,-0.21065399285234854
433904,-0.4196722223154872
69089,-0.14695424322609618
18014,-0.3980799987270238
16532,0.38147619280623957
231382,0.4432751325885942
319317,0.36391933110788344
69700,-0.502125293071245
258793,-0.3918221658951051
66536,-0.21075001554174477
69257,-0.20415885519806132
68041,0.14593913546238824
12823,-0.5377388830363952
27061,0.128410864435752
66733,0.4076539439046245
66165,-0.15790691007160618
56312,0.20239828423418338
70827,-0.361090889300387
320202,0.3433901944070392
50773,-0.13905450786349682
16515,0.3678063107571772
15159,0.1207859631265471
12737,0.7765235866216349
70451,-0.4151984680381329
16785,-0.12292489093173309
76701,-0.35853779955660325
433700,0.3704864916812003
70911,0.4641135632538518
319646,0.4641135632538518
71950,-0.3294105963924352
75099,-0.530790108774581
67739,-0.14368645347245845
71609,-0.12757131692329082
21386,0.5050743010792811
13063,-0.14635280726972866
79362,0.46623265373979095
56079,-0.3213854791090167
75953,0.3183542936901138
15929,-0.1167054285518816
76539,-0.21201087009424846
241296,-0.15143466080514223
23892,-0.6544472400250294
74748,-0.40956839294195735
94065,-0.13624164624937585
216549,0.12639264439847508
98741,-0.6143870229139594
239102,0.7649054499408621
13384,-0.22100970253728214
107733,-0.14871156704554345
21400,0.4146489582469064
54342,-0.31552890561550395
72745,0.3226187754345302
66255,-0.4062809968125074
16800,0.17570019935907766
66997,-0.11948187234843033
70556,-0.3756620615253583
19057,-0.21589706151020494
170790,-0.3839398481913179
14106,0.40356845958247334
66075,-0.2560619253429124
74322,0.16988327142564508
329909,0.3496480408807825
76654,-0.4222114863098776
21938,0.37836405032884013
140780,0.26172031261824635
70575,-0.39724367298767316
72049,-0.3618282284005705
108673,0.33245774829374675
268980,0.30583637004921904
18791,0.5380682400486787
20615,-0.15202588728773492
665563,0.29141227983482487
67171,0.15717413543050185
13728,0.3388889036013696
78753,0.3903187534064809
69724,0.11855492307875082
16871,0.42588230184104336
230126,0.442855208312654
106298,0.12651547599639912
19655,0.14327536367135707
15206,-0.28002475615641576
66836,-0.1293797661847762
20307,-0.4020874812805322
12495,0.32666639400268416
241989,-0.28184755602502953
83490,0.26562082316152047
235584,0.19958755870548295
14395,0.5866091242938154
494468,-0.3460155408469028
27028,0.21033182934319505
382562,-0.5611015512084525
13864,-0.15030138543384197
20974,-0.4609317687362866
66314,-0.12777163955838766
227693,0.17516718051352953
18511,-0.414392793351392
73712,0.6678306192901351
75772,-0.4748006659186941
24058,0.15535933682245506
20932,0.12755940540174215
67993,-0.36985463653495154
246190,0.362100047296281
76688,-0.1022712651752471
329941,0.5542907352474056
75736,-0.16396870606312053
16998,-0.20679829596284183
231293,-0.4656547737136414
268783,-0.19887785914925082
13842,0.3872358799667941
242894,-0.24626372096873084
11867,0.15028880893170182
14567,0.1729332132302437
13123,0.3728072744803286
15408,0.4788894514668991
93690,-0.3348458995807526
20517,-0.2872694693462048
16770,-0.23868048913810913
19354,0.20038683221748954
11889,-0.4883874675748814
12419,0.4460925246993579
67556,-0.1937612982819923
19175,-0.16161794345152636
72590,-0.23200049527399447
18821,-0.4060590703377791
12847,0.1726451525230921
16882,0.34611287367040067
108995,-0.16846723452941426
18222,0.2990587361520962
22225,0.1672781142332589
12400,-0.19856217565005174
241159,0.33744050599570796
68673,0.40538604864729866
18854,-0.20824683793210674
18053,-0.1682169240232847
50932,0.2051029328869003
100113398,0.2752358044834242
17692,-0.15150065786781042
386454,-0.480148540105791
19352,-0.30914421802538516
229096,-0.23448605366273867
72477,-0.44103835235600375
17292,-0.37207228311725604
237542,-0.4956137843038766
71769,-0.4956137843038766
71685,0.3810089354483628
414801,0.14369389426861545
108043,-0.3657413716463971
67123,0.16881803187182953
12268,0.2324176644449505
12000,0.47940509524443087
72852,-0.3850869608876142
23988,-0.15627331331795347
67452,0.47206090596342953
67417,-0.41525253090670766
17248,0.24037944548558698
72614,0.44020626453876055
80749,0.2954313715629251
19886,-0.5365812791236646
13516,0.4035886916500897
72022,-0.23989207688724346
224045,0.17977543802552365
26432,-0.48630878638534014
66443,-0.18575890474168055
270004,0.37506312784792417
28105,-0.32718535111465163
14800,0.4744905085048665
16162,0.43584107657780535
56809,-0.1340996414022868
57434,-0.5216179441478488
73693,0.4948927876602305
76547,-0.23027832702793116
232680,0.3761777453581736
239985,0.18605023368652773
237898,-0.2257331503809823
225363,0.2684577937176389
15160,-0.5595662354014168
234686,0.14971356902015565
71791,0.5965351315233094
671564,0.4011538222554236
226409,0.3448694682413693
114644,0.5118350601234454
213550,-0.17912064595117716
22229,0.18256526760628589
66272,-0.16397993592977045
100042498,0.30684563523170283
83675,-0.4925678751734921
26559,0.3227498423075996
74761,-0.427907915928742
68028,-0.19221416316509732
12193,0.18215133969742325
30057,-0.16974630954803516
71145,-0.3671201211445383
235472,0.19769280742736228
16855,0.16102261912540516
17150,0.3273055047749436
106073,0.12275034827503895
22778,0.29151140596955827
19660,0.4447321788273113
17169,-0.21040926588455022
71805,-0.2044506755037201
319695,0.35411723493274216
140474,0.4080014037875954
74165,-0.33170926778202503
228769,-0.24632761744009102
228543,0.6717957575002584
18752,-0.38777568530415074
100503185,-0.4266338392128217
234396,-0.3828086966693611
22185,-0.35103575050268
66556,-0.1872099777002454
22414,0.36191501866503284
338370,-0.4081418164260078
15586,-0.11107773938340593
66084,-0.12839107813606
319758,-0.43379168041181426
56191,0.4437788330803025
106707,-0.2903531350194273
52665,0.5657909335609386
224440,0.1438281759159299
18417,0.43122146633864666
71770,0.370336062338974
22195,0.11219737613874159
72278,0.1626349346315923
229363,0.31296153653704817
18503,0.2261044104907861
50766,-0.5419862724796047
14979,0.15027377342727277
14977,0.15027377342727277
75777,-0.35659171923388566
269473,-0.23164513352192806
270160,-0.5222168540324343
83436,0.14997251621774943
69672,-0.21872350524379414
19059,0.3993927539460773
16519,0.5385976388771279
12550,0.2451249889790228
20851,0.1660787217970583
228850,0.18158665704708277
109129,-0.12315388840003116
207667,-0.4175890208858446
76843,0.4835091249867176
27007,-0.4888065433184545
67416,-0.150006739667365
140493,-0.30217885034760883
26410,-0.38484542451964643
70252,0.34782434793607564
22066,-0.32033306286785024
27979,0.14695607022427737
171486,0.14810477784727105
16694,0.3514939668998096
207181,0.5491368044264502
231214,-0.4513953668247379
67285,0.3092801610544349
320165,0.14826799814697544
110886,0.3842999126958908
105855,0.17380101600061337
114615,0.17050166658825994
94066,-0.15309716094039771
18100,-0.1476231243777839
19752,-0.4695115089894255
227615,-0.12651192959787672
353025,-0.4310191146037665
74419,0.5620508882121125
68703,0.38507640715755276
16426,0.34358722293095756
76894,-0.37561154427693744
73828,-0.1905131461614058
50905,0.46968051562546975
13518,0.41146100978389555
56315,0.40513564567146165
106894,-0.11707183557992451
20859,-0.4831718837827377
378702,0.0891226222212822
13057,0.16504262301578976
319922,0.5214407333361386
64451,-0.3183984354254097
16774,-0.32543631916189586
245643,-0.3505197112894214
14581,-0.2970814782253077
268936,-0.33106284640226846
17025,-0.2596246574878638
109052,0.3530325892697115
17329,-0.34183119265867923
18591,-0.20765133856578633
320299,-0.5421057331012644
258218,0.3957335373142321
68655,0.4327716036394209
329738,-0.30921092193508937
64294,0.1790548356100814
20183,-0.22152281213507052
259054,-0.3943521288199223
74004,-0.41749875122672186
18596,-0.4985344994713081
17938,-0.1668192917904321
109593,0.49331447861640454
545798,-0.4229294017084939
214575,0.5402044647675188
217119,-0.15191982183258723
14166,-0.45259993425431144
66181,-0.16544750205340364
320560,-0.14264351877930004
21356,0.13343616596976915
22165,0.16919566845200862
18648,0.15878570683899618
170729,0.3618289074422085
12545,-0.35748407737082566
15201,-0.4865990948857828
228775,-0.37003797631884083
229279,0.14461045505049697
30940,-0.25878081467651803
30942,0.4154974079367615
106869,-0.16617535320402155
242151,-0.3641949665544777
20044,-0.1330925963678311
11803,-0.5889705643553627
66871,-0.4185442612394499
71660,-0.41296010011810225
52897,0.36921933301569476
21401,-0.5203672872168523
16885,0.15499565805757953
53856,-0.39223379416042015
654821,0.4881611308485829
15228,-0.5066013489894585
12556,-0.3956631129439456
100037258,0.2474479764870514
18582,-0.27486824840946866
329207,0.5841927689770148
69654,-0.15263821026864655
56222,0.21940051462018317
114606,-0.4826587531732285
12143,-0.40150282356564215
14376,0.13737182437951567
14245,-0.28499519193344724
13340,0.3821623157291292
224796,0.41242446547464695
23980,-0.13207126699465555
14595,0.10886342180618769
66910,-0.33646584139276037
218977,0.42105251357418094
68070,-0.4178160690807067
13591,-0.2208717672289957
207393,-0.41845480049619876
238896,0.32413731215359665
211666,-0.1493965744926733
69640,-0.3865605972366284
74915,0.3334816438303996
16905,0.15840996663916762
14343,-0.4144786612131339
12816,0.563067373056076
14457,-0.3433393164904954
14125,0.3044510682007795
76332,-0.24428977926003803
72344,0.4388266730701913
76233,-0.11746418756735011
13800,0.34964537714395094
225895,0.31506915335827834
100039957,0.31506915335827834
19418,-0.36695050180099287
13617,-0.4193536006873311
23948,0.3042889611149331
58231,0.14017714904033518
18405,0.4562319612943391
13480,-0.1270095392870072
100503041,0.4890762509471669
16364,-0.4300409389764184
80886,-0.1887688363835398
100502766,-0.33804156348073544
108114,0.4724586643620867
319817,0.16306078956152348
74180,-0.38431728121893105
207215,-0.435237354484443
19143,0.2926795258684507
108089,0.23627428205857992
99151,-0.3304557692145673
208628,-0.37384634665832905
12958,-0.40664391347052087
53379,-0.1471253722406125
20897,0.4315744695121779
19222,0.2667495792876098
17859,0.42702381004770196
56096,0.4826625730718659
83885,-0.4666775072376286
13429,-0.6213740568594766
75604,-0.22832313969920293
105511,0.4681621090493815
239931,0.3102571398108638
353504,-0.38130192215083003
66343,0.1719959024679163
21376,-0.143743632518456
66109,0.12844422888539597
72649,0.31233330287827243
320752,0.6855184547034199
213081,-0.47473022989515723
242687,0.18680340665130046
497106,-0.34776940166082504
60322,0.35093167649861545
232089,-0.14140898445316452
21975,0.1403254986707978
59092,-0.18350439295622323
13608,0.5244691734184448
20230,0.2292757529225895
72383,-0.4276573961939816
237625,-0.412841605053357
74185,0.16458167292963832
74589,-0.3518365795689662
225659,-0.30712484664729356
77974,-0.1294714444197922
20480,0.12170107012440035
20595,0.17119794159243362
100043254,-0.391550565862413
71890,0.11688470260200923
16421,0.15450810543276816
98376,-0.4900555080078268
140570,0.20941219168171088
58238,-0.42592353701185903
226541,0.17346852919478462
233752,-0.3681359164454845
235281,0.5873556083719684
216188,0.2784610177834397
69076,0.14047515012724432
258441,-0.38292390834402656
16665,-0.49676601426470013
16195,0.26712543792206667
258098,-0.41638886941015807
214105,0.42545907820878304
54354,0.14507631699738788
269224,0.3945459431622709
81601,-0.10583965789821725
81006,0.40783803781021444
68911,-0.14871022952087642
74338,0.3689931054614517
225997,0.32394781724208954
98956,0.21767570541652947
219038,-0.36621934770819076
75828,0.38001946170282075
66480,-0.17680360262939665
213582,-0.2177882024638862
380863,-0.38512755921972186
75986,-0.33769633128909327
75826,-0.1589717220992828
217057,-0.21621773667275068
14526,0.1686504685379715
18214,-0.5895435600407621
83431,0.16169529327918397
73293,-0.3368250257716303
76357,-0.3305663645125625
74446,-0.2841619931972925
94245,-0.13278784833008572
19165,0.12709470178374183
215476,0.23024144094915577
53311,-0.30533309969305167
17449,-0.13200414465805288
242838,-0.41039891638051573
320116,0.38525731378945505
20410,-0.30157493190354945
12450,-0.1591058111876773
232232,-0.4121871396940957
238266,-0.4186717255375365
59040,-0.16176103561324418
78634,0.3730217581220536
14004,-0.10228605475892394
211468,0.38357502687335554
80721,0.39127739458868405
237806,0.49920503636372526
66254,-0.11948417835503555
240514,0.4328640900472447
93704,0.2984894709517967
93707,0.2984894709517967
93703,0.2984894709517967
93700,0.2984894709517967
93699,0.2984894709517967
93710,0.2984894709517967
93715,0.2984894709517967
93701,0.2984894709517967
93713,0.2984894709517967
93711,0.2984894709517967
93724,0.2984894709517967
93716,0.2984894709517967
93706,0.2984894709517967
93708,0.2984894709517967
93717,0.2984894709517967
13430,0.1576631509484443
18475,0.40834621218217837
258658,0.40214711403400516
11775,0.39133404434682983
66622,-0.14793393818177059
13507,0.35247127348751484
226778,-0.33607937361322726
66196,-0.34051285899855
14237,0.3074187905954089
13001,-0.12432331528516549
192285,0.17213496605301337
65099,0.14192126875795275
414872,0.22275082435897087
14296,-0.14908174195066692
108154,-0.3017888261125101
16700,-0.4900283842744271
12259,0.4166502270252801
58249,0.131667555396751
19821,-0.28463322766150956
218215,0.30742392918660055
140741,0.26680169583760005
208718,0.11296300850306906
71767,-0.16920242889441894
69297,0.4225918434090712
12180,-0.25931498946643305
18751,-0.18175588783642382
16865,-0.2531730200667077
347722,0.44004898641685486
53893,-0.14547173297572158
56356,-0.12869727239692708
104836,0.16766881155537483
14672,-0.24210214394745755
20335,-0.17871418582833165
12518,-0.1778177419043967
106628,-0.2018779549678058
30841,-0.1618101477166345
69875,-0.14143446659834602
18633,0.11544500791360157
210711,0.1791405001469979
13058,0.20316360783410126
74043,-0.1575552455944722
67143,-0.16125265994382598
269437,0.6282552449957248
11769,0.13746898817578312
68926,0.15487309812069938
69955,-0.16393392245987215
29863,-0.4929823987177291
26397,0.13817371569324344
11704,-0.46710371565759967
12454,-0.15331809698256116
23918,-0.10932793359886439
16681,-0.3580520207532816
140919,0.42678960759201656
64580,-0.39259935602902907
77055,0.28336009741641455
12748,0.1671466339942249
21881,0.08682026472313531
233208,-0.12253460381623071
67448,-0.3726760469260668
93739,-0.11341438962030814
338355,0.13773633742003177
319197,-0.3022619031340792
74840,0.14265514683662062
20190,-0.3860324650431437
67728,-0.15788787552837036
58807,0.2621622418581655
19213,-0.44683257738001547
66292,-0.1802814240671058
27374,0.1603224930571141
228607,-0.15639297665283713
217337,0.17392880281283674
68559,-0.115480606637405
101739,-0.18357481034040823
171211,0.41766093983360086
14218,0.3722647714926284
74492,-0.3452606727701224
70726,-0.24578807746877374
66147,0.11325459313230724
71336,0.12498991895695255
103468,-0.14026743971420252
71147,0.3482581364596342
26570,0.4678504706821225
20713,-0.46286470277852754
23796,-0.3756205027805173
16150,0.1193073713573849
69051,-0.14331554065051222
17210,0.13904450024183568
14262,0.4366885556100213
210925,0.16477942157364467
217364,0.18161545539125257
11650,0.3763467751641705
632971,0.6075678678612251
53380,-0.15010074647120408
236915,-0.5230704471452841
258310,-0.4563679246809027
19244,0.12690757023824162
17698,0.1398534618799001
232223,0.2713601272538009
66569,-0.4272522822498521
52635,-0.22207140982885498
20729,-0.16519147041692683
12587,0.28704820243584983
56374,-0.16227560353533477
56461,-0.26595761495571324
239839,0.3853117328154365
231861,0.2345366327647742
319478,-0.462810472938016
59035,-0.24130313756538158
245670,-0.38559009510298203
66102,-0.3103249022412715
22116,-0.3809720544427755
70533,-0.22145907130333953
64051,-0.3430361054785731
11702,0.12073888179482495
213783,0.3803655686306291
15204,0.5791601827615
18190,-0.2828177756468806
56072,-0.4637924436242651
18113,-0.37196922393709286
12142,0.3178993883328092
258544,-0.4052906379067269
319734,-0.37564422459120284
24117,-0.5412179124797682
245610,0.3504016663855092
81907,-0.31167581388178256
71521,0.3203515063616962
67525,-0.3844121449839921
321007,0.3997539054849133
225372,-0.1916316944006038
76453,-0.4711329458549036
239017,0.4494537831711427
237926,0.33965173783523817
16011,0.42251748657834964
104721,0.13174668016997693
14167,0.15156100168188535
245666,0.4019504783255652
223227,-0.2657772012591382
16319,0.16153181292000163
60507,0.41663881731620034
56613,0.1941249250533854
76863,-0.1710542012185119
54524,0.1924255529664176
14710,-0.16589440735535632
242100,-0.46352116911468944
224088,0.36945409588321
58172,0.12400774928583047
18412,-0.24570078668894446
72832,0.6092910560594418
66902,-0.3956345370491485
217708,-0.2997540706780253
26371,-0.16963800213060765
66223,-0.36960798557843244
65972,-0.16347432486964664
83558,-0.37521579667554406
52276,0.3693795232972672
74978,-0.3904132932516049
20833,0.1671003126083459
216233,0.36214716112521117
238076,-0.5467480040573358
212392,-0.35659796200825333
68416,-0.3574280133330383
20254,0.4205272623930605
76071,-0.1234990673973595
18755,-0.3395710671734422
12311,0.34041589104248526
239743,0.15628003903192145
13002,0.14988124457548224
11687,-0.3397582179195675
67738,-0.14699743207258997
216363,-0.14898912152220056
75019,-0.373794422865374
66671,-0.32047367769659285
27681,0.0861503619188646
18431,0.3333732888643488
108013,-0.2541518088024919
102954,0.5784442450310299
208043,0.21840164692003583
435653,-0.34020207881547826
104923,0.13210447537074188
68953,0.09765288596031141
67446,-0.2845485314319145
11472,-0.48056329816353216
66377,-0.12847252646047025
20759,-0.36186744275921123
93730,-0.24194385617437852
108012,0.20101913846523356
102141,-0.36323684531106437
211673,0.13551734346740574
217265,0.39658637689749554
68219,-0.18234175389593332
30923,-0.40908051757677066
118452,0.6001471301232422
57776,0.3988253916308082
22163,-0.11899830620267693
71078,-0.3926720786281561
20662,0.44917652917935413
50760,0.24240208761966908
104027,-0.35920426015980933
23859,0.2671167688426692
71909,-0.14730013321040936
69702,-0.19691983367357047
234854,0.18026826918741534
22334,-0.1813559368165496
223915,-0.3528019058850962
12123,0.4851412549498373
100040591,-0.4424638612003706
11432,0.30437187622297124
56438,-0.11849934629675296
234549,0.11986676568190902
623230,0.4566448816766089
66552,0.15500515264501935
17775,-0.13636607883800522
19157,-0.11261882817361624
71963,-0.2751478375503522
192164,0.2938208271405749
269615,0.3463809972223748
215654,-0.23181256578098353
54645,0.14513609524328785
76707,0.16828275516011537
12962,-0.2946785008033155
227154,-0.22191947507513277
243910,-0.14339256885408425
223726,0.3891603440045479
16666,-0.2798666234277043
74111,0.14932877047887416
13494,0.1667897694136542
20918,0.087670414846162
30936,0.2507262995444748
269637,0.4293902241974745
67043,-0.15692222863177996
20874,0.4249741673050993
70062,0.4738733107390072
56407,0.15303173904357514
19895,-0.2892490393576024
50876,0.4806942470242541
11784,0.4896515022187531
217715,0.11149182018823289
12497,0.21755172843014847
83771,0.2413091515197756
12524,-0.23537529923122236
13836,-0.4526720599841596
24017,-0.21418896118541753
22419,-0.1771336009263189
14776,-0.1517345532025427
116810,0.5186903824587201
56174,-0.37072737146527146
218214,-0.24251049106739764
67204,-0.1042356771970141
192156,-0.27159836961542627
246048,0.38982392721655756
28084,0.10164689120322201
54409,0.10164689120322201
18088,-0.3043023901448789
333433,-0.37327719879332033
20356,0.5486614578665652
100534287,0.2924708584527833
242702,-0.4132086286662129
54153,-0.29006234941084585
13170,-0.16447204189453934
101437,0.14649625173060787
77446,-0.3044819318511802
66140,-0.4088270648657204
70082,-0.3570414396026731
71726,-0.3395785971027987
93875,-0.3360691513256584
333182,-0.22707228982444327
227197,-0.13823993074315588
71793,0.22607072965356245
258710,0.46056788456475006
68585,0.1385907883414923
208080,0.30674774753735434
69010,-0.1187665780514866
23921,0.3307521498539536
140577,0.41808472696955423
17261,-0.12644840441279825
17970,0.3013428403062921
23919,0.423718217920221
232944,0.1656792887150189
213819,0.11983490828913368
229517,0.40415907339651014
12038,0.4164161450642121
16478,-0.11055106575164508
108670,-0.27100606056437293
20390,-0.3235786978174158
27058,-0.14794284790183987
240754,-0.18141991592955087
70788,-0.562664363906328
19018,0.13732942030636686
14087,-0.3504323194568624
12237,-0.17211008412393092
52637,-0.13099378962248132
224897,0.22465819680703714
69677,0.33987314984611405
210274,0.8915404017681778
69270,0.35444309182930045
101471,-0.286147131253526
75553,-0.10324523819041076
20147,0.4048948202455094
66578,-0.3153432226182735
381204,0.4413740510273776
217341,0.3754755141395796
17263,-0.39188664178993626
271842,0.3508291787001365
69149,-0.3672236905550039
58805,0.17675678143268403
246257,0.22186920278929545
791364,-0.5155850873434011
13626,-0.1449856257893849
104015,0.13968790860221603
170829,0.2973751121420882
231712,-0.11160281753544865
58522,-0.5256235604108204
76917,-0.4089826035215518
12565,-0.3708912720096489
14702,-0.11001712305759526
223918,0.1481745113266255
94227,0.4180076354596811
14007,0.13621243838387898
258675,0.30521221581564273
53325,-0.1854521207919646
140795,-0.3900158098859494
320463,-0.3900158098859494
226026,0.3392509033370148
53614,0.37105169258921666
74455,-0.3953235634849612
269614,-0.19641252277574672
15552,0.42508461865721614
58200,-0.4545839714559854
74478,-0.28077581061740275
52357,-0.4248022241168421
230828,-0.46016574062153737
11923,0.4829593367044782
54216,-0.3478837804123298
13019,0.24959191854909246
258206,-0.375294068432122
22184,0.23546799849804945
258572,0.3894134787529371
20361,-0.2568955494392666
22200,0.4410694626546423
78977,0.509692781632868
101359,0.30841889848003046
268534,-0.3869405032719646
194655,0.39441664915070707
67951,-0.17863994778046965
30056,-0.19390761121666156
16211,0.15700451659740278
269120,-0.4023822254112641
80718,0.17912665710821685
69574,-0.5320117379295581
217351,0.17669481546997368
11430,0.0943693449578955
16175,0.2904557918100261
56506,0.18617037065580533
241624,0.40412706949678157
22034,0.3137139543138936
53603,-0.49217358191434846
13043,0.3887293730497161
241556,0.2196142648292625
13171,0.3852653895320399
72400,0.44355803499863633
64602,0.385980096210635
69028,-0.1767729125097075
12591,-0.3130823021731697
13803,-0.12463636683163415
16404,-0.31500250203678704
64406,0.41100369662271374
57810,-0.3416746731414655
252972,-0.14143569203613637
140723,0.39124246324881984
69556,-0.12983233284371654
224024,-0.45240840738519417
71200,0.4301392616363131
78586,0.2315754230029654
238024,-0.292865529679343
22022,0.13859196347628888
383491,-0.33022845755900354
329777,0.3302988885219076
72373,-0.4791179228606861
228875,-0.1147735005462387
22174,-0.31135328977674526
110639,-0.4561277237379686
217700,-0.4106879334173703
18516,-0.4618253931341343
100504446,0.40920057988737923
72902,-0.48561481151540864
170735,0.32296538200951375
71027,-0.5427925942136982
67789,0.2307336187271316
17879,-0.4533995179811585
237891,-0.3664960662143333
17933,-0.4347229146490901
209268,0.360016650869567
69716,-0.27130207521215244
380698,0.4666995076226952
21767,-0.13812354895447676
233879,0.3367221142187651
11542,-0.30651057214435795
69296,-0.30651057214435795
17932,0.39568202082346504
108954,0.2920186770143278
268905,-0.3268194794660051
217194,0.4385915456451883
11936,-0.30594667148483534
18025,-0.4003735911700006
213948,0.7921900768722363
67834,-0.16883963028952742
67112,-0.3545479700142584
227449,0.2223401698121581
259113,0.3160406309064987
72290,-0.31133752869932607
320355,0.43265969966183704
11827,-0.1638658367160417
16687,0.3991146523924116
320106,-0.5553051681081094
382543,0.3258686463889786
14570,-0.3072870048724132
15565,0.4562814012757048
233315,-0.3953409589282151
105014,-0.30173261918015726
56455,-0.3212042580774206
103161,0.3610381217455094
217588,-0.3745775520005381
52530,-0.12520488000459906
77914,0.5066286681071555
432763,0.19539264280309432
55960,-0.24631466688400838
637277,-0.3918615936173424
50492,0.32778030532514624
27354,0.33910376887707194
11772,0.25883669176667734
103199,-0.11593761171520534
117198,-0.17216195198904138
244049,0.17859076706544474
269295,-0.2224025231729998
75597,0.18522211931540067
11905,-0.428093270921706
56632,0.12404576375178245
56214,-0.14819823259301756
51799,-0.22381952983259623
433759,-0.15306344729930643
13446,0.28524070399201484
66491,-0.10652869473175208
75083,-0.10652869473175208
14062,0.15114989476151308
18091,0.45637656507668023
67119,0.20659529903516294
547253,0.16784576947158847
14621,0.4113221567234344
223272,-0.4649186420250988
109637,-0.3752920026914053
69032,0.2713632682036309
66722,-0.3564514094173843
66070,-0.1091122253310548
26950,-0.39002300682555147
208117,0.3392155344669705
66059,-0.13422198942651775
12977,-0.21885311678474473
50774,-0.40684978700366603
432611,0.29621131546493995
12365,-0.29496557905257337
216881,-0.38500917146397207
80794,-0.39658940069081794
17116,0.3531537794346007
329795,-0.44887637658729984
21353,0.27587718661226557
66834,-0.10584857599964259
14344,-0.3484091589713958
26423,0.1894005047679297
83428,0.39756941022466874
16154,-0.12757998512024393
109785,0.19259605261852197
65114,0.3200463131966771
26433,0.13232365489545472
50706,0.31609251495710655
67381,-0.20517784136232642
73173,0.34416083207203485
14756,-0.341301261105591
12839,-0.3274686309242316
66700,-0.15500056171038779
225896,-0.11648764436476178
11438,-0.3155189762438866
68764,-0.3015531937592204
14829,0.5147076454348012
16168,0.32075956612614487
407821,-0.3325299926039227
66118,-0.1230243764770016
17175,-0.3915686233173066
353170,0.2102505031046915
319822,-0.26937395623726523
71599,0.307156661240124
73748,0.3627308266667306
17968,0.5045931578813319
19782,-0.3527363519557545
13984,-0.32065636931077446
18797,0.33444889908900777
74762,0.33576372657905296
18096,0.3406081318137639
353283,-0.3674611699207606
19698,-0.1380378158642639
106957,0.1694130764635844
23829,0.421543785192358
382913,0.3404336637279224
64339,-0.44495454585124694
14107,-0.8668540656529808
241196,0.412865243674966
213109,0.17352403913017156
106504,0.12295687431915603
211389,-0.12600210827570812
320541,-0.33189339304709975
50875,0.172446461695289
11614,0.20820982547112532
14265,-0.37536124780771285
14806,-0.3540924785193509
286940,0.2776850136637714
66065,-0.21660037145059796
225608,-0.5472330100235441
12671,0.38480907438511647
333605,0.4862535281309137
100647,0.4610424890816036
258267,-0.454078807618834
208211,-0.18988495642897085
69125,-0.15500023691769016
71932,0.11499430105070374
224020,0.18120157235782486
53607,0.16123379975195995
70892,0.3191564984839159
93887,0.3927480048830936
74435,-0.3411216091122342
94093,-0.225686217554804
245902,0.38542271376021553
78920,0.1317114144984579
26945,-0.38539959148660685
276920,-0.19756413629552316
20297,0.2801790752224722
319757,-0.35726515216135457
27393,-0.1387227572744294
209018,0.1701023540431077
116872,-0.3591866677705555
15414,-0.38200997458536756
76499,-0.4166076077183587
72552,-0.29763970946526275
18212,0.16541778223777293
215728,0.32932143212299136
12018,0.1252246293401491
66078,-0.10623479251144907
55938,0.30545777674263785
239099,0.210465330700214
230025,0.26778304240476913
15192,-0.3704963294460879
66488,-0.1809789028453892
666794,0.3699379262505884
77045,-0.31907395179972653
320632,0.15531187433614946
667823,0.25211624489332696
17393,0.428659061469447
19337,-0.3570096864434431
68802,0.317222481332629
213575,-0.4101613362204253
16504,-0.2877599436578091
76614,0.13131764218395858
56858,-0.44680948131834874
71877,0.46606590684038984
57741,0.14446204963148013
22385,-0.25472919830367147
215001,-0.3900350992268953
105785,-0.46590108197866975
75288,0.32249411238441095
67963,-0.12672694111257599
17986,0.25533094098086506
71954,-0.22716376709009367
54608,-0.35212976842811994
22273,0.10496293717190319
73122,0.40163510779829714
14049,0.20418005808181938
73158,0.13752681492849383
208583,0.23598372647673305
55993,-0.38067151523727016
16495,0.15594808542598138
76294,-0.4934212997384311
320817,0.16321186048232228
78308,0.10037940634814468
68938,0.12683511156545713
78581,0.16044080382252712
12308,-0.2906251826544284
66398,-0.16316064012630882
135575218,-0.16316064012630882
78245,-0.46681650247250905
114716,0.30065775032352615
68755,-0.1936674100088993
69797,-0.514625181546172
70382,-0.12612411977015547
106840,-0.261225040698041
72129,-0.2856519719567183
27966,0.19385605725603483
15233,-0.4907849669235196
242202,0.2494790662541968
13417,0.16738487826390624
71529,-0.3971111954681814
625286,0.3726921880170613
11307,0.15122464342258368
215008,-0.42808511986768405
20017,0.26055775229380984
56419,-0.2778202157674894
57279,0.251938101038613
106565,-0.18191120130021687
66395,0.13993396112750212
79464,0.12184781265497158
54199,-0.21369325380119442
20265,-0.4369551342444131
72844,0.286285045034667
380780,-0.20918171277950393
213603,-0.5032493884685798
227656,-0.1437084154981072
546840,0.29587765030939384
71393,-0.4467871191970527
20022,-0.10077405715835397
22021,-0.4429467009206265
116891,-0.10276837164128771
53421,0.10184736246239368
15064,-0.32657384243926124
114893,-0.2734569796957107
68251,-0.10100170268672493
214663,-0.33691204951419085
68188,0.1353502747291504
19207,-0.12004856303443923
108098,-0.18923192652084886
103968,0.28688691462286453
78309,0.41244633423886246
16551,-0.35593718740033253
64209,-0.1510330512372171
224480,0.3156788415632965
16600,-0.21313683328904354
70616,0.14920750233297397
67966,-0.40394598195105225
233529,0.11862637415218558
104771,-0.09491759760336294
225115,0.2621126866857839
50754,0.17250800752727535
234836,-0.3217532313507947
257909,-0.4102154916166878
16328,0.3213254137704773
240913,0.29715093830685824
76784,0.09945611643188634
54519,0.18468577400844843
20607,-0.24354134945644734
77532,-0.279165225472374
56218,0.3280099754915131
105193,0.266910072183145
227526,0.39672201642086646
66606,-0.14973651473654925
20492,-0.2477533072200515
104362,0.3117754312686989
666339,0.2767810572226268
627191,-0.37071679880385355
13543,0.1718085619619174
110593,0.30490988930021246
68404,-0.3262834734907507
545481,-0.46995010415393423
433938,0.5160167077992459
52615,0.12866957370605903
68209,-0.11012661203439933
108735,0.12361885848301313
226169,0.2783091661722654
15925,0.2775860172654001
71693,-0.3034493155114868
210766,-0.11238415008838487
52245,-0.23661989192264787
19342,0.1065625119829896
15451,0.2918630879683759
14168,-0.22127025075751483
14375,0.11880335150574162
269378,-0.4338616753892559
13593,-0.37337689714497113
434197,-0.14416201266154083
16579,-0.2600640141547297
15171,0.34996226485168336
17760,-0.21578681462630822
58801,-0.3019169242959272
171285,0.30053487391640754
110391,-0.2069138625210254
19773,-0.3348174531735446
74490,0.3898837152280805
230587,-0.22512766470046586
246229,0.3050860406277369
65019,-0.10593251055760788
109246,0.1894010380743154
71810,-0.1461559289310692
18549,-0.47383218173695507
66684,0.4002537277590932
70603,-0.2013991371829853
258854,-0.42358979120899454
243853,-0.1999201425399164
52132,0.19523777070759607
19649,0.3583927282105712
58240,0.35352813193853105
66384,-0.1296782950251849
66855,0.11150914901754838
26386,-0.31780069938982525
78688,-0.31780069938982525
67393,-0.1962257283333253
17381,-0.46284945514565035
26405,0.3382509485506704
16536,0.3967827209988122
98999,0.15430159978944147
74463,-0.22465698109779186
107351,-0.4632550744503794
59015,0.1944670763323879
20532,-0.44898004401263414
24030,-0.1322161448656054
30925,-0.15318172231920002
103655,-0.5490182440798508
13411,-0.47803694835082666
328365,0.1788874199849353
66171,-0.13627638259588082
69543,0.3503445818178976
99237,0.1885302875069499
14739,0.2987447002300767
17113,-0.11273841571092369
117590,-0.27280896086948125
226976,0.13713676683733844
77704,-0.475626165616549
50887,0.2404453968030804
77622,0.27688401660357
17120,-0.15286258716828716
18191,-0.21561064864572455
17339,0.32646002370754035
16440,-0.17096260065286728
53312,0.13653817316147077
13846,-0.38055463230468867
219134,-0.46792824458866056
93872,-0.3933714700972857
74716,-0.32924240655793735
74237,0.36445927499133646
59310,0.3455749944326638
57339,-0.45725126809774475
14763,0.47963659862033525
271457,-0.13747991989588826
19364,-0.3172435810412253
18607,-0.09394864001327718
12362,0.1373721648262478
18782,-0.23821081652757847
225642,0.31153276591959855
330260,-0.11953953488209468
209416,-0.13600259009570692
12040,-0.21657092375271247
68971,0.3528111612559357
18285,-0.5196016995935442
12034,-0.12931264896396755
54446,-0.31823192281903534
22029,0.11444366704484743
56473,-0.3316587198743539
245578,-0.27107683169402463
170755,0.1721703252284703
67801,0.46247253710906033
101943,0.1767418282881188
330222,-0.19729964157730429
258941,-0.3755694025626424
18700,-0.16409893853726487
72416,-0.16310463170215073
23871,0.17306156927244842
73230,0.4519184299538894
67333,-0.30722885098990727
217169,-0.2536479940928178
66310,-0.160089569306324
13983,0.15620194804534293
22770,0.2840077830892316
21925,-0.4330131370672978
69865,0.5637551952412005
226844,0.2876514421592278
109169,-0.16902407353713667
54123,-0.31216399733953537
24066,-0.42301778687227065
16773,-0.3025815606129578
320557,-0.48355609893481777
20677,-0.14507156731900928
56321,0.11709498066567914
66513,0.1141905723260912
26903,0.33289639348807487
214931,0.3021008514211978
18415,-0.15296299167154181
233040,-0.2437051138663584
434156,-0.34199121745864636
240028,-0.16196395754271187
16572,0.18713961958088277
382427,-0.33323785776156534
12292,0.37868810308587175
73472,-0.35909764996689386
56726,0.12474243770565252
213417,-0.27424087638809613
170791,-0.12140943863934339
56069,-0.5900806570193478
73660,0.33804369796803435
118454,-0.23500892740582646
74718,-0.33484892352015017
231997,-0.25193156366640057
14432,0.3595073979231138
53602,0.17107321173238965
241612,-0.7790189367156097
68194,-0.13331297571057377
100041273,-0.13331297571057377
100042503,-0.13331297571057377
229706,0.44404186467496176
54393,0.3640822199481386
14399,-0.4281168999841314
226180,-0.17326073280428567
545824,0.3636663103651019
17855,-0.11163440750482678
108853,-0.21606558188243596
74343,0.09076599052929701
74717,-0.36289219357359315
223693,-0.13536947885530104
230500,-0.2908547875470733
435273,-0.5865727392805455
69060,0.3917279795021158
242362,0.3440807191362856
74499,-0.37285254189553374
70122,-0.2206826165111586
68969,-0.12198963468853563
14178,0.2722159843581107
170738,0.3713626312488003
245572,0.6974394637472052
22627,0.16548908221459513
71711,-0.13753355365932318
12946,-0.11223534196671991
12234,-0.34924734198912866
70363,0.2969644882833622
68567,0.5651353176911704
77739,-0.38417023731855915
22412,0.3313019379282425
403178,-0.13101738849538247
56794,-0.26528717918937783
29871,-0.31214485226704003
406221,-0.4382390318143252
109660,0.3099360664218036
73106,-0.34765563678839273
69731,-0.14120366280602603
56016,0.33518372214072123
232875,-0.3283742642863219
67072,-0.26616666476876727
71751,-0.1990293030709882
67489,-0.24860618748291863
76025,0.3510993455521625
11844,-0.10324956337812985
19212,0.24148178303237033
75667,0.13297574936732248
75547,0.20316069183793672
66538,-0.10156516487417733
67166,0.14934207726175686
12531,-0.14316583975859487
71718,0.13236309302260985
54152,-0.1462721512232532
67295,0.19555677844977737
230579,0.31770434207640763
18519,-0.311675694929356
68215,0.14340491503832542
574402,-0.3317031131462054
239283,0.37715244061493314
434341,0.14544685683377168
243547,-0.33033243371835486
75560,0.16866148187937746
116847,0.29189379328268794
58230,-0.19819129407390612
192292,-0.13377945471593478
69815,-0.13377945471593478
68187,-0.5752614388105508
76892,-0.3837574238480945
60406,0.3122409262521737
225875,-0.525025637233111
69077,0.11222383928600443
57385,0.36312242510077564
381983,-0.2801130646880261
269328,-0.3033229959123367
75064,-0.34140620844489433
14451,-0.3380435219444067
107586,-0.13985495737951403
232807,0.09580658792917163
30959,0.5531992909449439
209239,0.33977190731930307
69780,0.1642236916655193
12966,-0.3926536770582949
231642,-0.1420350223765432
109697,-0.43676568808039473
231470,0.32743707246198595
208624,0.2175430342889193
70356,-0.10227546340417959
74450,-0.11972716643716019
13498,0.2605401519334096
14758,0.20267737795863727
16362,-0.16359868188566828
67296,0.23155364835445091
404222,-0.3238497362890489
101543,-0.3671488456875558
243906,0.2956674157737824
26944,0.28610935630669054
109934,-0.23453241813665748
102339,-0.17317609740660078
22217,0.10682611078160953
19123,-0.3572727119435335
236852,-0.30117960454256476
240756,-0.11937908963259325
12483,-0.12866614126129505
66734,-0.25681500124888235
18049,-0.12328368237688103
68465,0.11591899803083372
18789,0.2382847847781573
78038,-0.3596812033555832
231329,0.2051913100631637
666704,-0.1203560055796693
17880,-0.39667900013057755
241289,0.4039258429767689
64818,-0.2709931367344085
58911,0.13578060243619028
77766,-0.3292687294715364
66420,-0.11321171933730945
23937,-0.3247361896356473
56194,0.2163218511435625
243725,-0.269695078764836
100273,0.1605879583822709
56216,0.23224655489551793
52187,0.39811915131376363
242425,-0.3386360196858549
20418,0.2821582225808261
20847,0.14057488743562452
228550,0.30232758965118567
18738,0.13591604807508162
380959,-0.36191068638513
622645,-0.4042904959339624
14368,-0.24035031549056995
104271,0.5096325175561449
226418,-0.28627005336363975
74068,-0.4366533727043733
15976,-0.1316674381759686
66540,-0.14958813105390867
11973,-0.10502213592026344
211660,-0.47711475111405655
12750,-0.14703925334713652
22110,-0.16464425512871195
58810,-0.14448426781459212
11416,0.3058408000487809
98828,-0.1251744704665967
57259,0.17472894291402064
231760,0.42786978411247034
12036,0.2411672400481697
12954,-0.2460572323210215
108664,-0.25414815584924444
27878,-0.29400703448390075
218518,0.3648552540847847
216859,0.15735640406792406
216858,0.15735640406792406
66371,0.231014621678586
56739,0.1693344150949878
212528,-0.11026544979914377
208836,-0.30756805166367496
78250,-0.40055264279686886
66054,0.15158455091301093
243574,-0.36521052116564956
105689,0.1052227015457845
22045,0.29331198827906135
16803,0.4063371105233289
319776,-0.3148116945792996
16648,-0.13963771294278438
225010,-0.2241797166113102
12728,0.4073223108842745
56299,-0.16592755373979085
70696,0.3087770792193645
241197,-0.2944830662082172
246317,0.33361379024477156
56426,-0.1790148440728121
55979,0.11458520311752274
233649,0.32890747119982855
382056,0.1451501830754509
53422,0.2627791043071017
53871,0.35529732801193425
18716,-0.35154002201519097
54194,0.14360606729498748
11733,-0.4011499589924874
446101,0.3371393776850704
72621,0.326121748949606
246104,-0.3508407985016926
12064,0.4085469888824864
74102,0.33748105216562774
81000,0.20444269761508593
78885,0.15170093117634664
258736,0.28530988025807336
69306,-0.3409619161442716
56421,0.22320024826307439
20563,0.4196177796747058
57138,-0.21031859485853843
213522,-0.34974374852085877
110637,0.3598210866210172
19158,-0.13557390775559597
12775,-0.15470725999653645
192196,0.1671807157290921
56349,-0.3266814495002208
15422,-0.3793815234944722
66226,0.24046889913383396
68796,0.11900146258906474
17996,0.35783809347166695
99035,-0.37433077213646193
66269,0.48386376953898136
67602,-0.1672211067018008
12075,0.26987604901765483
73873,-0.3083088546924442
215445,-0.18661835945615568
72040,0.37616530273295945
100702,0.6269777436276502
54635,-0.37212976958156796
75624,-0.2164782415385158
14811,-0.40089325557366484
54214,-0.1358759968694887
19348,-0.42972183042187506
56031,-0.24915958693505225
17888,0.3343184314383998
327956,-0.31810012781481944
14238,0.4187409297519813
77015,-0.3467438020797755
68947,0.38921139643335056
330267,0.3142150628345428
218624,0.29591856165235075
241636,0.400948296211884
77781,-0.2264984056368622
99929,0.19088356685732322
244310,-0.3297708691650403
74486,0.2785154161475525
58521,0.12600000611068474
545276,0.4686695056145487
385354,0.4119715026147581
231637,-0.35326244253895034
414084,-0.4018099690678354
56489,-0.12387488162884441
104831,0.16594342340496837
64082,0.2646989202421377
108903,-0.3246666425597722
19079,-0.19234779836984828
79264,-0.2903959911234564
23993,0.3627914188128609
11820,0.2538310814697393
75469,0.3640096611354853
21781,0.3817557070030695
217217,0.2961139451458714
208164,0.38175913952462714
75691,0.38747988878485407
73246,0.36554893601089766
22255,0.264682368191278
15965,-0.3166793605868774
93886,0.42254200009387866
100503572,0.24416845540445298
12704,-0.32845116240757743
26568,-0.2821326669061479
75572,-0.3045532819178671
11423,0.3495419197176375
52715,0.28597693169724536
22380,0.3136181556904747
74890,0.28325866839390823
235406,0.1828933606568688
75568,0.37229112156006794
66225,0.09620108186554965
209462,-0.1687404445213847
58988,-0.20100283874259706
404317,0.28551374700923704
230971,0.27792566482947434
56513,-0.21042715852741445
23922,-0.1290651478244751
108014,-0.12430795257334282
14622,0.3996930103528795
170459,0.1791325313538863
73167,-0.16782777148742856
66995,-0.23740632637254233
18784,-0.3439420800835524
54366,0.2712025242707776
17202,0.369514236497575
20916,-0.12565747561540874
74782,-0.23285428463604063
16326,0.2602277948296754
66468,0.32576145555052705
67905,-0.12277033445726815
18438,-0.12635283477729686
544791,0.417301206777168
100039781,-0.37650926277420727
66294,-0.18774456198781397
66174,-0.21806343501384706
212541,0.29514732097961094
271377,-0.12968656333972817
69664,-0.37888991041895537
226970,-0.24329491711962614
241062,-0.291672906309727
27052,0.30121482113445186
19109,-0.43328082125156486
229759,-0.4068561677521001
216867,-0.36217823599347376
93677,0.3760181445683939
22241,0.11617488162056056
80744,0.49142351579367016
14632,-0.42337563401731426
64384,0.11791472657724533
66296,-0.2643906580770743
235527,-0.4398805589025785
67959,0.1259756122474318
50911,-0.15745644062435638
12579,0.2944720061154449
13730,-0.22631543299342738
231287,-0.25585510185945637
14119,-0.31344751004671956
20910,-0.38220241943047384
20591,-0.1295771161916317
67657,-0.14848815648343194
19384,-0.11194563776627042
110821,0.299040775931358
20445,0.5290133909675561
12577,-0.35725306351581665
66707,0.4738685375300551
192120,-0.3290056906483336
20264,-0.40065784348396294
17183,-0.3614127095942603
69286,0.29481956675394905
12332,0.10548966617398214
76799,-0.09100157401715414
237711,0.3319733139380565
71735,-0.15860965496071522
72296,-0.08072346292025578
17193,-0.21105765903112328
17527,0.09882005724101006
71323,0.34800323265811706
27273,0.2717412191102997
107371,0.11462802424555107
100678,-0.13801743669660915
230101,-0.16026063387427847
26885,-0.3826047616588646
15444,-0.2043005921649126
27364,0.3180865605349714
22063,0.30504022081797544
219140,0.21609894605137114
73032,-0.4130178870640062
329274,0.30735206559385864
56469,0.18829201795853479
20340,0.19150417514637574
72195,0.46119559743228145
320844,0.3740135608670325
654795,-0.11315086537798358
18087,0.15832846244570753
228765,-0.3342512119738519
76815,-0.3428206680269721
229534,0.15489530736936175
245424,0.3094567534015171
78908,-0.3767974907574958
66277,-0.41471194289181623
241520,0.2614946326574641
67755,-0.13841809165262298
207165,0.142969240699788
12846,0.09916720838254811
66077,-0.09144917413953024
14793,-0.29563181728034316
100494,-0.1318909952972085
78369,-0.27624514063164174
27411,-0.31827897624453083
80288,-0.2242850097303224
217431,0.36913646866808403
67621,-0.16291983642720176
69787,-0.27217317502136096
56404,0.15638604904609377
94062,-0.12480545650174868
16923,0.13879816056735983
78929,-0.2100211410251882
225898,0.11031538717769607
74087,0.3466440940471682
17936,0.11997058878544209
258992,-0.4888032241958711
195236,-0.24883469792524782
258586,-0.35318824434031804
55935,-0.30480371579306187
386649,-0.09645543553725133
213409,0.316940517830544
327951,-0.25265985281628645
54391,-0.19280336618669658
78757,0.133787705337868
330050,0.2375136705809764
16570,-0.2270637793767385
67096,0.31922618972480876
22064,-0.23181659070569793
237336,-0.09812541032365019
12125,-0.3441529840415605
68366,-0.34399649610297445
101401,-0.277442190428443
16890,0.31022279043949563
20878,-0.25908218441183184
20467,-0.07147050614939232
381305,0.08541153489490405
100129,0.40416236349414403
13655,-0.39386427058636997
68275,-0.12650254573471464
20405,-0.11363543777222951
74600,-0.13953958228022856
18948,-0.27014100693511267
170574,0.3460505637867146
54200,-0.30230435290585245
545963,-0.30230435290585245
11799,-0.1844163552657445
84094,-0.24015110012506735
18036,-0.11609986623983737
66400,-0.13737915363234343
72722,0.10714493801171265
328967,0.37510379811446004
16798,0.33558902400545865
57816,-0.11391804326498445
11870,0.2773844763976028
224116,0.17114745437405432
433766,0.41959119996755634
211936,-0.36770844704776273
17184,0.13076495739580807
11966,0.3019014776156723
268697,0.2819901311325621
67628,0.09788823576979766
329977,-0.37813132919529746
56457,0.09370086146331325
70335,-0.21153185623188797
58867,-0.25282211390144216
224829,-0.3004456586889921
16180,0.291479134221464
259017,-0.301866166037994
17181,-0.24652150267075212
68701,-0.33471261160058763
11922,0.345768720896106
20463,-0.1187892983678367
29865,0.39638798970946176
243382,-0.21450671235101115
238331,-0.08738735689666655
80986,0.28178810389195874
240590,-0.36883046782075635
66664,0.15048595084775052
67118,0.12939593670379956
74732,0.16062065332610231
381990,-0.12249952977108336
18577,-0.30147694471187414
207495,-0.14704626771431606
191578,-0.19735624171183908
233064,-0.08202127835446404
23874,0.1219938258288682
228731,-0.40894505906677026
15490,0.32313787391025794
18439,0.28918595780541256
22137,-0.39576162147553173
12048,-0.14177038830034405
104156,0.1275961121552367
232414,0.31619681569794267
23832,0.39958028671479395
106021,-0.15448767001622876
381290,-0.3692724208795628
381801,0.30993356087970536
69354,-0.31847436255919037
17763,-0.26349037927864405
71137,0.36066989188919685
80720,0.29056659549293684
74131,-0.14025894806651173
244923,-0.2983672893245224
17772,0.3260745288308975
26380,-0.28313883654467187
100043899,-0.3167363779465955
75718,0.41512765978005906
215627,-0.3138088753186228
26450,-0.26656441010995646
20846,-0.38348743545870434
100465,-0.4564642449109382
14784,-0.14165000986592702
26445,-0.1281314925210708
70461,0.20872055158316805
72236,-0.4399772356456415
244199,-0.23648079209655037
73086,-0.3532711785837872
53604,-0.27213304680866024
67661,0.3685054857324461
226646,-0.13375719030794286
76687,0.12789835417109607
13492,0.26389822054399215
54723,0.19877332748024834
70218,0.3116007661371549
319945,0.15525395120940821
107753,-0.39789823453913975
244885,-0.24985249295733247
622434,0.25634152581939107
234374,0.11692871346921141
192786,0.15086114176292575
13394,0.3241349234906705
17528,-0.37035262865402974
68316,-0.19262552323695292
11890,-0.21116921797244892
11945,-0.2737226629085123
629754,-0.3209888292385332
211961,-0.2634965433342984
100978,0.2502709397733929
20760,-0.32115261557001107
13382,0.18800306763833596
210992,-0.16165583525259297
112407,-0.30641575510565744
67504,-0.3943590238195003
227696,0.10944670477755203
233107,-0.3239010656651029
16651,-0.345130506188827
215095,0.40307225164196225
14402,0.31244395018887294
60364,-0.17416970959469857
93761,0.26643648797878283
77056,-0.0908120187800705
100087,-0.22460995479114843
78891,0.14268421576700163
194597,0.25496448177197983
17252,-0.10642922433506996
71458,0.11857147626853681
76800,-0.17692455331338142
18973,0.2614313921363518
71453,0.33406835364611487
242607,0.26073235278464146
228536,-0.27645623631890626
234582,0.15144108230022368
13661,0.29395791069645405
12684,0.386351644124165
75732,-0.1856579962709528
56717,-0.25305807770972333
21672,-0.10597198779069217
329641,-0.3369322988598098
269854,0.12296052772226496
98221,-0.11265898121190432
23881,0.22209539435957026
12964,-0.3606659305106277
338375,0.23850486411120286
13385,-0.3201948515295481
67707,-0.11720535492092665
19414,0.167218876880181
56541,-0.231921434322655
13615,0.33206054501455906
69562,0.1687232473197673
224079,0.2881483710774284
319804,0.37738394629639593
320404,-0.2464110028535984
53814,-0.2275154380939064
75210,0.3736458224752566
12428,-0.25100708578661823
17022,-0.454787667944351
67042,-0.10357480084628179
216873,0.15683707583067985
21923,0.4082469879044788
269019,0.3505277292181397
75292,0.12408965897801316
216792,-0.2812601442603011
76088,0.36272095928632364
99681,-0.3802144963131866
17387,-0.3516921923777323
545389,0.2668038112154365
207259,-0.3490846092680431
11532,0.2722587228997133
20510,0.15721099962675789
268807,-0.2897095965844505
14825,0.4584921275778959
269344,-0.18458414611389173
574418,-0.18458414611389173
229389,-0.3255987449780453
19645,-0.15395554401480105
103768,-0.16735043221645274
53869,-0.1280700527247074
13490,-0.2557003228769519
386750,-0.33472328381690897
20747,-0.12805636904838025
66251,-0.3131216795725287
26459,-0.3133592149341382
70567,-0.1737558426726249
67474,-0.12729376608314347
320007,0.1452257949866933
19201,0.16460965524294835
433864,-0.13103826988887946
13007,0.0935115605875314
15931,0.24014907556623033
15258,-0.1880870138636146
19289,-0.13926785013150322
13194,-0.10081863201444463
338417,0.23243807195556077
11489,0.2144175142171436
52502,-0.08803439726837681
67838,0.08845158203013526
210529,0.39551098394203343
15525,0.1417688076828867
52713,-0.12658833054938334
66526,-0.3174055205950168
230737,-0.34686987653516876
53902,-0.3070877811156336
29806,-0.09220674394246409
242681,0.3098212875764741
263764,0.39100625099578057
72184,-0.29059063103059835
208898,0.355413780218266
67387,-0.2074850258135612
216148,0.24957625742958545
15108,-0.09839434943873471
231600,-0.09304105097253412
213054,0.16430212567006652
74521,-0.4629163519605366
100637,-0.3070644116674748
15441,0.11142442892681537
546747,0.42914397812957006
75416,-0.14689177095835415
67225,0.1321808996721323
74094,-0.2693064321947132
11804,0.10019270626833077
14792,0.09274590740256983
70044,0.2985286713794286
64296,-0.12753089372204407
71878,-0.5085490488755
225579,0.32495814685513347
75563,0.2947795470523973
52463,0.22115399289693638
545192,-0.36302187695199084
53761,0.18288814159471123
57230,0.21851507337561937
20742,0.08974570906029022
69666,-0.14497540006044574
75725,0.1203596404947831
18073,-0.3142200677629443
20014,0.10285816275816373
30927,-0.31759750766529615
75221,0.08869399499847042
20222,-0.0939035297103441
268958,-0.1795919238298822
623661,-0.3027479758361382
22619,0.23116307292749383
22774,-0.3640549643352693
330217,-0.312588815445471
14561,-0.28621805207189865
14396,0.5551131662322595
16492,-0.1884273755895567
16198,-0.34247034311201174
66813,-0.356885117998786
329154,0.1298372496248703
380694,0.2979601841161328
97212,0.2906714649500728
56278,0.2454308228973865
217707,-0.10309678328238014
319765,-0.28702054218011863
59046,-0.3827596347655797
108160,0.09248470588444135
73582,-0.3442649756175289
280662,-0.4684747816551744
407800,0.38550237278340793
109672,0.09292708558638019
14302,-0.3730997727248009
15214,-0.36320049879673544
69597,0.1267323164712728
77891,-0.1372605455903564
17354,0.18147612282372982
14555,0.3312959650545295
110074,-0.11297667613511209
100532,-0.19506486737989803
53416,-0.3965046428853114
99326,-0.3300909448210865
230558,-0.23672621653899206
68588,0.3175671624625873
14208,0.1442164709657252
56727,-0.27891806959808907
239405,0.3372575276025067
76485,-0.11677754921495875
101240,-0.16070150148191686
15476,0.1788660855566757
71156,0.3459423280964966
76768,-0.3139984870467165
11853,0.2379458753835113
16513,-0.23419110107843633
19302,-0.14289796377254227
68059,-0.09365989234748007
56844,-0.09352041406683576
21956,0.347325314746314
545030,0.15897012198100313
195646,-0.32437775381968637
66628,0.2904205628968315
73332,0.24378820276466406
432467,-0.262791498159074
52626,-0.10556686255127623
26921,0.10552769206454293
57749,0.2547638589331185
68515,0.25189659430322653
56282,-0.13006541322796217
66101,-0.13691103842270635
18998,-0.2661290350211951
378435,0.09762875084258305
20674,0.31172871475090025
18806,-0.33031969319810095
244813,-0.2866078824757925
94219,-0.28576474146159114
231769,0.21045810902152162
78286,0.24721692566535847
192159,0.17633854161013218
233335,-0.20776831400165596
17385,-0.30378237859737034
68566,0.18938625207616333
72404,-0.3517391177371296
75735,0.28261421278456833
52466,0.18514893683312472
546726,0.3229390111026307
57443,-0.22040406888274244
56838,-0.3953824677575115
71228,-0.29014832100143373
17754,-0.19434430859852903
14709,0.37786115595405745
234663,-0.1897952033958008
117158,-0.29455616943940166
74386,-0.16089928040739032
12540,0.1322814156130505
72726,-0.10303429300072509
18131,0.3610268803255101
67203,-0.12412831224852816
66220,-0.17736783835761205
26424,0.2575616687859821
13144,0.24023057000120396
12461,-0.1276083976554112
30853,-0.08449720782404668
70527,-0.12046700595664195
242521,0.114563987202013
78373,-0.3193451613084046
66326,0.2749932477342929
23943,0.14023663860847613
194974,-0.29928729476124927
20460,0.30644206221190995
320558,-0.3109158237487053
51796,0.14645446383415894
23792,-0.29582922824230895
668225,-0.3314111007735425
15399,0.24278062766996644
67070,-0.09903590339140145
15413,0.3383804366505929
16427,0.19463804115803462
232087,-0.10490773900755812
258961,-0.23592551050934318
13972,-0.14183787976730144
208151,0.34398146968256604
280287,-0.2563078050232308
67212,-0.09804205165156432
67655,0.15459405871891363
67979,-0.15775116645749065
259000,-0.41534827592216583
215705,-0.11018042293455821
259034,-0.5687677923835057
16434,-0.1057627563907868
67537,0.3449335998651848
22333,0.09001057892732156
170639,0.33290303840255886
67878,-0.1669391305135317
17973,-0.181831561389302
240121,-0.34657698244429236
75459,0.377618002978489
83493,-0.16072367279062227
67103,0.3463124156490638
17228,-0.27717940514386985
19367,-0.08355753897248164
218885,-0.3664230361440648
81003,-0.41989928812744015
67213,0.133349099744148
14412,-0.33842584037680457
18541,0.2001170156490506
258248,0.23680563901552798
18040,-0.5218180951985678
20641,-0.10382453426257321
227723,0.1485694627106664
101706,0.1430438825124032
20384,0.10309643898091458
237400,-0.32682744412274456
93877,-0.296081342948626
330695,-0.1509446895370914
19253,0.09461193590528971
57340,0.3054091201088345
223696,-0.10050962751519243
239510,0.12103999720823921
74374,0.284426205842613
60525,-0.16143215442933023
232670,-0.15281367769470222
14657,-0.37598436419928394
18483,0.15412398760823898
210293,0.14808627306230449
94215,0.2674032013136749
552899,0.2674032013136749
21951,0.28754894206153025
11818,0.36235563469863674
229357,0.19048161069577674
104369,-0.08650078345842616
67248,-0.08650078345842616
239554,0.23669874040372196
240058,-0.1024596102274602
11666,0.26295370321790124
208606,0.09732726337168884
236266,0.27163109308291755
12006,0.3230610752354268
16005,0.31910479887318477
217302,-0.3373584585674321
16183,0.08189810897855843
18203,0.08189810897855843
106529,0.10036998988393542
258717,-0.3127538872521045
53885,0.40791171906755164
71897,-0.14790372477542313
72960,0.17489880018027293
217779,-0.0934204850672149
11471,0.3361665154811435
381760,0.19555670397294556
66877,-0.3013839908652125
69253,-0.3337267449264183
56532,-0.11301567901145937
21372,0.1435473090540036
71991,-0.21820756583435674
77522,0.2546916230260834
226751,0.4044871769663061
239436,-0.289758839976479
70807,-0.09010654513653904
15431,0.45113511512531534
66244,0.11446000146673896
432508,0.1658885729156614
494504,0.31074716477409225
13660,-0.07649161476977895
24127,0.2715366014998368
67245,-0.1375401431758725
240641,0.28412422819125105
72504,0.26526647918361634
77254,-0.10970435067988937
26965,0.1264149386382991
541307,-0.3287356245711819
216643,0.24341643048560968
353242,-0.09293394514949505
22258,-0.14095103600923053
15529,-0.39159132160851406
223978,0.12373621422036774
69535,-0.19194596205434156
216516,0.26739472482433957
12990,0.3729430366160247
215890,0.35250902378441484
27053,-0.27522866303650684
54611,0.4138800567457537
71085,0.23530535143551745
71586,0.17054974659014377
19260,-0.11872093396793915
100306943,-0.13974590150341548
22761,-0.1731071107537865
74392,-0.366815134030821
53621,-0.13563381232021143
71373,0.31629852623719046
72739,0.07630690064017287
17188,-0.3103441951732995
72114,0.3437699702954413
58864,0.2718574205775899
24128,-0.15939817735372763
67845,-0.17059576117088504
12611,0.15168458881408142
101994,0.23827474487940403
258292,-0.3301559926715858
56636,-0.2783618329416302
241794,-0.4254190380514653
79560,-0.12894509818808508
67832,0.1334971195582888
19736,0.3499182422826159
57743,-0.23728089882259962
19696,-0.16497128165500463
330660,0.10583058593997663
102334,-0.31013413462897077
22359,0.25317676888581797
12490,-0.22687067028172248
67268,0.10754992335811764
69121,-0.37347284762541655
74763,0.11605602657733449
16522,0.23287691974539904
20181,0.2780019042479278
18430,-0.20023926356326438
229055,-0.2557319542905674
109222,-0.4230217934129117
116940,-0.12386638816179385
16000,0.11667957054096334
266781,0.08637843982441851
16796,0.33816717443399735
12640,-0.3244628822593665
70110,-0.11205066746651582
17127,0.22242301972965883
246221,-0.16007899277314053
259051,-0.3421684537717171
22097,-0.07232140618892302
13481,-0.07436315981331632
319594,-0.22299721397874794
66072,-0.09734701628311981
103988,-0.20908767154733532
224613,-0.24772702182698758
77485,0.27830954518219597
18002,-0.09411451621771327
16912,-0.1290164546189967
16763,-0.2282999520416915
12985,-0.39142187914389437
18227,0.33938943299568436
69833,-0.09996727100396718
58799,-0.3225034211382516
12508,-0.14059679920829105
243967,0.17382589863474252
106557,-0.2683446771373914
229675,-0.18696525165603894
71939,0.19906205093988127
15425,0.2796535286370494
72068,-0.09213134818794444
209032,0.39805842869872565
18399,-0.2650522042945722
12569,-0.24242525397403814
211255,-0.25800729080786855
11750,-0.0912333037283517
66659,-0.1048546642870285
69187,0.09011411538952352
68223,-0.33930998285867187
67249,-0.33355135129637237
14539,-0.18418936249986118
243911,0.29670071870180514
212285,0.24351224593637966
57315,0.10350056639627425
66446,-0.13088935513368938
110521,0.23246796416058668
320634,0.1967412540862563
257985,0.31212315053035455
544749,0.31212315053035455
234311,0.3055667488916516
14803,0.3192273419840759
104079,0.3150656235371354
17286,-0.31393700472392183
94185,0.32460956000628194
433178,0.36001104165884357
20514,-0.08539339921347278
68845,0.08428164181166053
108000,0.3392858736436781
20231,0.22485765256522328
18559,0.2436760638196409
67997,0.20959339984561698
278795,-0.2695797403913147
18420,0.21675350643616742
30953,0.2548911639348841
83383,0.2168792689720087
17095,-0.09592078607724375
209047,-0.38857076803152824
229302,0.29367740809885845
22786,0.2736154808753999
14008,-0.2889670364176755
235606,-0.08883946899063133
230883,-0.24735423872178774
271849,0.4016064085122295
19694,-0.3292564958631252
11624,-0.3009708724976785
69473,0.39536868136699566
74365,-0.3308192203227045
434215,0.18418567394140073
13717,-0.27177935249020635
16002,-0.31647669131590384
56336,-0.12105802256571252
72654,0.0693598689994861
319468,0.17785112477218767
71116,0.09524102521756284
17756,0.28872886155297905
72565,-0.6371250842750857
331461,-0.3421085590839841
15191,-0.07233156624312542
13805,-0.23599440736794186
20397,-0.14425237926479895
14186,-0.41689663487076967
226519,0.21988409248113427
64661,-0.3688545706618731
77065,0.28244687570707505
245450,-0.35155244835576216
29815,-0.1725161937201598
69162,0.1965067656765651
17220,-0.09204990575679872
11428,0.22265819912783158
16469,0.24192391496235732
74467,-0.13956575909571178
76551,-0.3210302062058652
258618,0.4520998620836876
19122,-0.22890273372195402
66890,-0.10441117298591074
21393,-0.4196858269982018
78808,0.3093744751972505
270049,-0.3640266543349666
20111,0.12483953667678982
84544,-0.1227553475256169
235132,-0.17232132634018438
226413,0.32063709632973136
67187,0.24307295693415476
229709,0.239476253730186
628324,-0.15518286242151014
72567,-0.13371898386105308
212518,-0.3028719266009432
17764,-0.2529051650374976
67445,-0.3252732651569836
328643,0.2806117298128594
76167,0.16968807409906095
75723,-0.2437666728559904
216080,0.36475722323383675
78394,-0.08720093829611919
241950,-0.2585385830625109
386463,-0.3113891483386766
240283,-0.24704717161575918
69721,-0.31359697052549595
56012,-0.29036945472851317
70080,-0.24439888443011704
228094,-0.33516713047620783
57357,-0.11261228169249549
269113,0.12236650263931992
56248,-0.10582144353677236
14221,-0.3474124485802168
66264,-0.11562538895830521
230767,-0.11562538895830521
12298,0.28928981411490806
69876,0.11603532709182751
11754,-0.18802760528017437
226251,0.14333768271526282
12563,-0.31993419593353956
435684,-0.17299480724697425
68526,0.21489013168279758
12669,0.3226000989010589
14080,-0.40371357920098294
77031,0.106794386751492
258880,0.37963266754980385
12224,0.34608405616834403
320158,0.43950636811554133
69241,-0.21240199392724612
207425,0.2335858882834776
208650,0.27048265858487763
21957,-0.2446124941654313
93960,-0.31344279217690474
21419,0.2930819560968607
60613,-0.1594548343786215
227800,0.5746122234362065
387524,-0.15473825066036007
72750,0.09271301127090403
109294,0.6444176947190998
320712,-0.4010687422878694
12304,-0.17791711954208544
195727,0.28954584049745247
19724,-0.1467141928564697
59027,0.3260934906830135
67229,-0.10400455514209561
629059,0.2861172439292998
71929,0.1290987119653053
108723,0.1478261557266567
241694,0.28468286287390576
66344,0.32822450390273517
66089,-0.17847500188230647
23857,0.25091929750164965
12313,0.12478242105738957
54364,0.305587353725425
171580,0.13381932239877692
14240,-0.32886835607007336
217328,0.28685051388012006
18413,0.2733282234831256
14715,-0.6033480400329938
17919,-0.30624736793600427
11774,0.0928535821508838
20347,-0.39472327604141544
67767,-0.12121862864633215
381418,-0.2881201828012445
215061,0.34695067295425197
16155,-0.10711962407123465
54561,-0.48056555110779486
56086,0.10123555412984153
14029,-0.16477311018971896
67554,0.28446133118488515
75320,0.11566148540177679
19267,0.34744222242381895
228880,0.11857400806634999
271844,0.3006760397021959
116904,0.29474088031887424
55988,0.07833876990949129
67180,-0.13209855303299634
233908,0.1795619246559017
66821,0.16034068760617615
229512,0.08262261235543278
76969,-0.3799579849317256
75516,-0.17756733089042598
16527,-0.2109960780273692
20346,0.34059678988423947
57896,-0.14968830854440007
56622,-0.40008174844964195
67207,-0.22765738080466402
207854,0.5640231867120491
223753,0.09121805353977841
17035,-0.31881804283644666
16688,-0.2789313642399174
59290,-0.17463803132861067
214498,-0.14146325376236035
258608,0.23195688921244884
69583,0.15996208610596518
73047,0.26138050025198556
13010,0.09847443293945268
56531,-0.32463956582057385
14347,0.2944684266315498
241627,-0.2834339205238088
258944,0.19363083984804552
213019,-0.11082398936100546
27049,-0.1346618115208642
16541,0.10415469735028005
11911,-0.09279981710618124
116848,0.2075634531833881
12738,0.23804227931170363
57028,-0.19041220805052905
140475,0.28948410756344334
53414,0.07457814672566343
54399,0.10269779881769736
67242,-0.25706218119849744
192654,0.23078609703034214
74562,0.3901704211203634
229681,-0.12112166403152269
66901,0.2457795264083762
15117,-0.2901649248117879
170947,0.16716496028172845
67164,-0.4249331630057904
15436,0.41883621827419804
72544,-0.11636744801929666
16661,-0.30547819845330526
72895,0.09319515605531059
229725,-0.10346627237539963
258424,-0.3447202216946783
68797,0.4273026120505441
320713,-0.3160628206879199
80914,0.10948056047391574
13392,0.33883739781810673
14126,0.3848483841556032
56695,-0.11966931094558042
320709,0.3053401145043759
320267,0.2902024176006117
78240,0.3729072326776999
237353,0.3044617845756452
14843,0.3082848530959885
13809,-0.27574570158049116
108989,0.14414855096444334
68267,-0.20174394135219575
103098,0.2554800162932098
140630,0.17866541736516073
226075,0.2300160074583859
73503,0.2695532493306616
20776,-0.1350853602100024
66311,-0.2427897758523292
52552,0.11527721967620153
385668,0.5670732969892551
320080,-0.25465867878322257
66353,0.25819460556301
94043,-0.21822392447414796
71782,-0.2720781986535741
16431,-0.20934731688131247
12773,-0.27214730041674695
27409,0.3370812764115829
474156,-0.1078612991977721
15926,0.2559108266387673
231874,-0.09981743721873038
18632,-0.12177076324045011
89867,-0.25119413568145
76293,-0.2492861164739164
76260,0.3962649927456443
75470,-0.22032002503176917
74129,-0.31001721727751486
68979,-0.1879852347285187
78895,0.28490309178452033
20844,-0.16629916583891902
59042,0.07651461940497839
319974,-0.2556862416093981
654498,0.26641689145427705
70354,0.2855287573376666
100609,0.265733224792303
258407,0.29561287549802007
68606,-0.10287059798217868
230405,0.2542476104148137
13611,-0.1453309363086479
16535,0.3313313235296933
19416,-0.49283126837669133
16775,-0.432057595800992
211556,0.30238158216083466
68980,0.08772139295699155
234740,-0.2436468634012252
27967,0.14768705938957538
15571,-0.40092703878100444
59044,0.11770969095982053
67955,-0.10465719482272995
26444,0.08970372663489101
231858,-0.3018856129575349
327987,-0.27195388188530245
70310,-0.13252179375636253
83409,-0.07927865257182276
240690,-0.20650863145842635
109218,0.31431220457212117
71665,-0.11020451450281143
23986,0.07674539078259457
22027,-0.10078038042794546
170460,-0.2863046173386721
218544,0.27900683989659925
235344,0.19579569522300222
258680,-0.2943153200183475
22099,0.08472423521270223
217166,-0.23645273844964132
74388,0.1106394367035799
214791,-0.2448387266314933
208426,0.2725268123548106
17299,0.16294867478368769
217480,-0.256163515916497
69836,0.26890138083684967
18567,-0.09956644948854709
18753,0.17586700728056215
230796,0.23327635562923454
13643,0.3390300668649706
59008,-0.10402727572655657
14378,0.306315572682176
101118,-0.2600150518603144
242523,-0.2651494807582635
76952,0.1701380964942265
22626,-0.28985780156544205
12651,-0.10241980259660721
20409,0.07797434877716292
75957,-0.2635199826843371
67729,0.25119784467885786
12499,-0.12203770495875865
14073,0.32808061990230186
22070,-0.05678000285081097
13036,-0.13310200579853593
66705,0.1738045747629391
404319,0.2872682443622483
242557,-0.21513294808845274
22083,0.23980323862616615
72826,-0.1975316349013143
68968,-0.20179475539020686
320816,-0.1327020809747026
67946,-0.18841894473276177
69259,-0.3711408555876403
18803,0.10136024083377215
93672,0.173044526979246
67050,-0.19180453828254151
666060,-0.30636977465810444
140742,0.11308542825888068
270627,0.13478342068404459
20495,-0.1828299574619292
227333,-0.1423514709913789
12153,-0.19279060586629804
231876,0.31691592083560405
66124,-0.21531450279272413
17688,0.12705911363219968
231238,0.24291973820792734
101497,0.1480173715885833
16408,0.09932736054827807
269063,-0.402087793466273
330657,0.10181015710183772
68453,0.19087516890654843
140486,-0.26311712166949563
245860,-0.13319296886690069
54369,-0.11335416394947195
22278,0.23648077615866292
244701,0.29673860550065356
73738,-0.25236491610171186
66437,-0.07265749031452806
18317,0.29107834314376557
142681,-0.30843539204579207
68133,-0.09324196099624515
20723,0.21244974804717476
21744,0.31373535473092584
237943,-0.22298281317926794
243043,0.31212035275199
14239,0.23537461713980035
74013,-0.15176554229391748
64817,-0.20583755300480888
66795,-0.27581705597193995
83434,0.30807663691234666
15970,-0.2468755553953006
71756,0.2870870796940901
21778,-0.2502406394475898
231986,0.2967605424299382
67331,0.21156038133422683
338366,0.09186078858238211
18969,0.29151899920461855
231633,0.2087866865524708
239447,-0.2862998810518036
22240,-0.4746231622616026
74142,0.10959658450194887
14586,0.2508210548019827
66105,-0.11298415654884231
93757,-0.17781060682352567
545260,0.3211304460686062
73713,0.31391011199184726
14453,0.2637878654822403
104069,0.2743455521118525
231724,-0.30484635858114295
217212,-0.2884496973106252
21766,0.07961334771685458
22288,0.26266330041740105
18545,-0.18678919757997914
12805,0.20038280735960345
331535,-0.3279896499963719
268782,0.291077698591959
170758,0.16105742956182034
14050,0.09228475658891533
73833,-0.10236298002519995
16562,-0.14157575877761985
56200,0.12304464797236392
54630,0.15048291409290737
74351,-0.2916472351167405
15081,0.19621488613683802
20737,-0.12085262038995026
17966,0.2002882136292259
17075,-0.3546193263865476
12799,-0.07923128310270755
15572,0.2763941804169914
18429,0.3490796471436557
12405,0.2113957553475272
109242,-0.2246262505805534
22249,-0.2877995322922917
110595,-0.46478748671746395
74561,-0.2147380783694306
211577,0.30946269738619403
101700,-0.2469012415275058
83961,0.14870937167764886
448987,0.25191547586871055
17995,-0.09114983205684801
15430,-0.3431367674437258
242248,-0.1626614258917929
12752,0.09170666609495548
224090,-0.3363328780658259
14760,-0.13954004435589074
58198,0.3613315968308446
54526,-0.6081268343541932
329679,0.279168533039555
170718,-0.10298767435721068
26428,0.11127759401881754
106025,-0.10285627743807169
52163,0.14342489892198795
16558,-0.2713104121124923
22169,-0.21126837847865865
544806,0.3010925546829446
20354,0.12666000806432187
75770,-0.2861053791879087
328258,-0.2580850870471849
626834,-0.2342879287803301
66193,-0.11109088404276868
270163,0.2859207740305507
56429,-0.10946197809492997
15488,0.14953162751804072
193116,0.12499977635882953
16433,-0.3306460446102548
19713,0.23461484789710774
70615,0.24702844882756558
18631,0.11790192900345975
320664,0.2926273412403644
69480,-0.25128678308558516
17192,-0.07705632385772354
104601,0.3375093385271617
66467,-0.12687616394620882
69071,0.22923155769973658
12873,0.24292748730569613
239393,0.23682969392413433
20271,-0.25343428417179936
72267,0.11835511028555423
14955,0.2546496706255894
64424,0.1300451408149561
94279,-0.09215462954517939
76217,0.3446392569583283
70315,-0.2938268314780039
52793,0.300422634575118
16672,-0.7081610308488888
15587,-0.2456701831767365
28028,-0.11622956121180117
230967,0.2468293073720007
74424,0.30725214192634187
72599,0.36291137722309585
23920,-0.12949150537250276
74143,-0.12491396018343615
66053,-0.11067420932849537
18027,0.3021753629675885
214597,0.07536381452287522
14726,0.3287073084690322
235611,-0.26330687417378673
233549,0.3079309823878065
58188,0.24300337092327684
227644,0.10168738208207984
15371,0.4016274723191331
107527,-0.30386208108250035
75625,-0.3143010370241841
252966,-0.27589651190992814
328795,0.11383542252420398
70762,0.10017912594623368
66237,0.22752702981793682
27375,-0.10323213090092409
72310,-0.10485174946327191
19656,-0.10361422177006574
171567,-0.2503464879364037
12039,-0.09125572616234301
70351,0.1139972257430486
109652,-0.3165334133114168
73336,0.19780300375419824
244585,-0.26846668435744636
12380,-0.12165100282102337
78933,-0.28264798085838017
72607,-0.34040541624385323
68087,-0.26929104695121087
18605,0.25494843746830664
207798,0.08305037370430313
66473,-0.25005147519959525
76866,0.3049450509672704
64103,0.12688719540925764
14164,0.3377907952058763
118451,0.2572503027304407
14419,-0.14916011820809771
72113,-0.15319415999593744
13004,0.23568007031629623
381073,0.20462035509071796
118453,0.3090041468397451
93746,0.2691140983093563
72144,0.12863556605651283
242093,-0.3905148127331075
66743,-0.11085560043134635
234796,0.20991582447345536
245695,-0.34708528928654747
68801,-0.14863809393416538
226278,-0.38844261892911147
19324,0.153097529484846
11826,0.15812615575428168
240667,0.22496596882034758
12818,0.3399368119015511
231207,0.2592949911275424
12314,-0.12250195575100875
11447,0.2324341373274348
245492,-0.3345240223126602
320633,-0.36326063690031773
225523,-0.23472951064653813
219114,0.18531054477883524
27397,-0.17839285865650734
26927,-0.18764249201737382
218503,0.1977182366670922
20912,-0.16060987736437582
380967,0.29229128993144826
13609,-0.11046535211935904
23967,0.3400349416427817
18701,0.18591634484822084
15170,0.14507333739569006
110862,0.2646049231437204
320027,-0.3297046481499235
20623,0.1498876879737896
380701,0.2112574925915962
170767,0.24338779183282622
11984,0.07288242089926378
110168,-0.15757868425242627
239827,-0.24782172302913175
17926,0.26792522271044916
15229,0.4567186874909561
50778,0.2798978350226333
68260,-0.28529545877032714
52323,0.24001834010195378
320271,-0.30432492865056027
74044,-0.2507481945608454
67117,0.10086944537011888
77945,0.130104685129389
214133,0.14731250308770694
242721,-0.09131122666935276
16372,0.38441455438937444
243510,0.21648076423278173
209488,-0.2026016783222504
209378,-0.27258333486136
107435,-0.27688212755247044
71690,-0.3504488711748204
96979,-0.1484407904955365
12261,-0.12202401044891076
14700,0.14559861612666047
14269,0.1317234690860527
26377,0.0893347453560338
56018,-0.21609919127603217
71670,0.2246110811463975
71275,0.24583687111534047
22065,0.2883276963403909
108116,0.09038313797448971
228829,-0.15034123710974967
22697,-0.10626752928778238
98488,-0.30828466391095866
233210,0.28594315996888486
68729,0.23188350974330785
17125,0.3034162434246417
75646,0.3193927192265815
269152,0.3120634589896851
22368,0.08310274102716697
12769,0.10082941312297145
30045,-0.10887905726624236
244882,-0.34265296675065304
26895,-0.19403877021349114
74055,-0.3068105326827979
68768,-0.25808530139323693
14225,0.07658156215721235
233876,0.18081974075395024
140489,0.2778860303869637
12116,-0.25954523462789414
69860,-0.06441812863737795
99045,-0.08681621988548294
320635,-0.22968163876965475
621603,-0.2069277620655683
227289,0.2603680039108882
116748,0.08719118953732696
72199,0.2833765887507331
22072,-0.3794243255480172
13106,0.19262697900546666
66658,-0.2037441874941992
107373,-0.09547002344362632
26900,0.2986529870231327
20315,0.27199045517779785
56788,-0.17451009377281768
76645,0.15917457715277905
73314,0.41072762115468286
381337,-0.1087539028518778
70355,0.23358091535298708
99890,-0.32078957494169114
22365,-0.184724803249817
75570,-0.08300153008297606
109663,-0.29426651553114036
58250,0.28295710650310646
665775,0.26431200725909454
16400,-0.28647639660560476
70573,-0.22436226920657631
214084,0.1708090052265483
218613,-0.11502428685112775
209334,0.30091069934724324
21788,-0.3522731396871688
69511,0.20353733067103397
56280,-0.2856624874136102
104248,-0.2323674650938532
19231,-0.09877005532375449
403171,-0.2883120341922085
83964,0.2932385661807251
170719,-0.12308547517802815
56456,-0.09089123870960414
170789,-0.16674930783056574
16842,0.11063495915509236
194388,-0.13072759459469463
18584,0.24004415924346834
207920,-0.18380887630287024
12401,-0.29193560780211936
14211,-0.0946652575963931
12417,-0.09936005290099104
231386,-0.1109928187487661
67300,0.0636901362960689
16332,-0.11448839986604753
12412,-0.12206345343208103
237459,-0.18149747752527468
105372,-0.23882664549029986
16582,-0.26170897597223863
241846,0.20471540765151452
381917,0.22653655134419726
227120,-0.34680003180965446
17472,0.08542623218177958
353169,-0.1478656494027426
68632,0.13157934905422586
171170,0.216993680713367
11765,0.09677914211567362
319207,-0.22388061120712432
17920,-0.32802180862703967
628100,-0.17041610960589537
16184,-0.1801937400686695
116838,-0.23770107301913956
17686,-0.11407302919348261
94112,0.09450557135921223
66882,-0.06341690515961496
210162,0.23887518232024174
232413,-0.2862917913834444
80883,-0.10568901914601936
231999,0.2456255841417132
72065,0.24471433383431584
27385,0.17761479485798137
66844,-0.26618756970433655
18741,0.24894469557814913
73710,-0.10073927915021397
319984,-0.31873173802747345
237465,-0.37102929515555516
15354,0.2755228362259956
81879,-0.3496536249570088
12593,0.2103863216084756
67439,0.10949584610287388
328234,-0.34980071083493147
216835,0.30102845932337186
207607,0.27176435009957167
70208,0.23240807614959547
231474,0.2902038517815093
104010,-0.2763042640338984
239188,-0.24556143660352436
72039,0.191293413614944
330483,0.1684398650556016
269966,0.25256695422316966
239766,-0.2839168111131989
18788,0.27021060639068484
217143,0.2921192073077785
70427,-0.19914304253103943
67860,0.15141207436353632
13198,0.13840058218825124
100504491,-0.19421786154068066
11778,-0.14487183229847211
16363,0.09141828904948213
109791,-0.1740655348526312
76486,-0.2505588541187773
105887,-0.3712885215714339
226757,-0.1994205569005949
72432,-0.36261453787839404
215332,-0.230669030230378
79456,0.2214721425617867
433931,0.21513127273373378
16588,-0.08609327217644491
71132,-0.30229472536342517
18949,-0.124052724291424
57263,0.3023322639646864
66373,0.12000952895790817
71827,-0.22452862842265642
66725,-0.13308711072357582
230770,0.25240467857465987
18810,0.12997886070522213
80509,0.07335660428888247
52639,-0.19032097027205452
18080,-0.20585740746152847
26891,-0.08839303371617291
30931,-0.10112287218575133
20583,-0.24993792484888688
67769,0.2445518459378917
19082,-0.08517406679726669
11668,0.1055608020466714
320092,0.1055608020466714
98314,0.17765539560507992
77929,-0.2663890618880833
75420,0.07797329672028752
243312,-0.3126371664966179
21886,-0.16268964970209865
434232,-0.2526975734648689
216238,0.2907124499620126
239731,0.3583619150489974
68981,-0.1011840148638612
107568,0.21802477251497887
70296,0.1763491009922733
26362,-0.291118463540478
18045,-0.2899633835189048
241915,-0.18243310035395854
69837,-0.2702954653291334
217214,-0.2972554541731487
18241,-0.26778554381374153
66801,-0.07705201933270978
224630,-0.15573377533665678
17898,-0.4297519436239998
12330,0.07980207462720657
18749,0.09458487129225368
16199,0.2770982931630446
214384,0.2695466954997534
73690,0.11757659801864406
13654,0.26486246190990936
233878,0.14609411506104397
19038,-0.264059759200987
244911,-0.2365772638414212
69090,-0.22938448479403206
97086,-0.30145579852234006
69163,-0.19559177844229225
102442,-0.08540602396401376
56447,-0.07859838827277166
54338,0.25727162607719256
23957,-0.37377745955466235
19182,0.07713589655560682
71164,-0.2530759197623693
57912,0.07878555542623822
102098,0.09832199318882573
226594,0.1190252265695495
66953,0.18382456685261594
230597,0.3028025203430351
13122,0.2765456442795955
76491,0.14913330938035152
234365,-0.06020583947254643
67184,-0.06020583947254643
114652,0.27492949757194607
70052,0.2105082918027934
641340,-0.17618727446123295
20400,-0.14265690145217036
94226,-0.13826178086334195
170813,0.22834250064765893
228608,-0.09665249726769432
258696,0.2595045421173965
50934,0.12692234376864509
277203,0.24242486484510373
229574,0.2855883684884226
78887,0.2216793011703757
110082,0.27189018944999077
16173,0.19023600727187784
66183,-0.24458132431410196
12967,0.22376289945286576
74023,0.26281518800127124
211986,-0.1044484914406194
16323,0.23947310622206697
233895,0.10260412247665229
208777,0.2211350843419817
68352,-0.2638699562195166
259106,-0.22263697405494476
68693,0.11806421158917857
214425,0.3276719925349232
24064,-0.27344561519379074
99003,0.2299295385072595
27275,0.0692491299920226
544963,0.2202460739865968
326623,0.3374841495845846
268933,0.14324159404909942
71766,0.08731094406279993
66248,-0.10757346305526205
12801,-0.3186747322780903
16494,-0.30368075361250035
94184,-0.13959647522028718
56424,-0.08938729127905631
232827,0.24287762635574017
13866,-0.25774686965731597
12315,-0.07960655760597746
13202,-0.09019472352024493
22691,0.266734253539056
74571,-0.5575053416330844
74090,-0.2039142834681984
232717,-0.11785775807467758
16816,0.2648051867950816
218460,0.2675830390324192
18171,0.2265555375436894
23808,0.09125314473577184
12894,0.13078363087647205
270091,-0.2112238407005389
622935,-0.2482200902796592
233033,0.0978431686053689
14226,0.16377301515221987
59026,0.10932927804905646
94230,0.15868507162322132
381534,-0.25901855514795535
15936,-0.20135861072304628
65973,0.26029085688073117
20387,0.19331466825063925
12585,-0.1273630632839602
22171,-0.13817115930811763
11848,0.08814649945829522
18286,0.21046986905537057
74241,-0.1148429345538986
72043,-0.3488325883037957
18654,-0.24744032220437795
381677,0.2700366941176373
107995,0.20869734147333663
229474,-0.2520356670262558
67451,0.2543791927853718
236920,0.262958728795887
19298,-0.10506579064726473
12511,0.09940121850296535
74682,-0.3285580817077718
110648,-0.29187406739152966
69454,-0.22335166017748165
216856,-0.3039396889445216
225326,-0.10830758578111066
18706,-0.20667517589672713
70552,-0.2539537746696263
269643,0.29630485742286616
269053,0.21032496166741232
58180,0.1955111663182585
18477,-0.09022660746833999
76826,0.2655483869289963
15481,0.07687306492955592
72685,-0.34284334113581005
20508,-0.24740312902484796
63959,-0.1905228644401289
66495,-0.08169248038183419
56420,0.09207228031025849
107702,0.09076485861950268
208177,-0.27012747667333326
74006,-0.07888773881673572
93688,-0.21418680323935835
57431,-0.0920912806974794
67337,0.08654823909461129
258713,-0.2803104816606341
20350,0.28422301382303106
30930,0.11580418876526899
170828,-0.29319381435426894
23947,-0.24676966234879316
232679,0.12228231130222778
50797,0.08743442038004012
243659,-0.27722330890883073
18667,0.28281542590058883
54189,-0.2076678255687785
69094,-0.11063871272735959
67220,-0.10395852878392198
22592,-0.2202953691320042
68342,-0.0763902690678595
20533,-0.17105168225111989
20440,-0.11868157767543863
329972,0.26084222554064596
67516,-0.18510062590820242
381493,0.20735644286685107
128900018,0.20735644286685107
546071,-0.19877744004282238
83946,-0.21987993261308336
72162,-0.13020934142750118
50933,-0.2904310397916614
93840,0.2337146695795269
433294,-0.2917270363573934
66271,0.19481301619845937
107885,-0.1644349050272318
27220,0.2738336895487299
20481,0.2591290852711179
76779,-0.11993247113795924
64009,0.20294165930175279
69281,0.26934694753776567
244179,-0.24374352976144653
76808,0.3324391345668949
18008,0.24569068117658777
241516,0.4579029792349161
269275,-0.3078198268640837
72898,0.20355853519761258
50493,0.09825491800380881
226101,0.2160606633584483
68857,0.22272903343531691
74362,-0.28301492642778747
14686,-0.25353135199938936
106931,0.24244385095312282
620709,-0.18820252186202246
14810,-0.2722014265243571
13872,0.21174181498410327
76007,-0.1999144008938094
270906,0.31088532516764245
227731,-0.24707086366920272
24113,-0.19688781777883158
20684,0.15298562593741583
381199,-0.16712484175907427
18185,0.19770675392424408
52892,0.314205764602562
382864,-0.13079429325633551
102639719,-0.13079429325633551
22695,0.2666956409784147
234595,0.11420848816924778
107094,0.2971321270279299
20388,0.2275372922588268
630146,0.14829260904912456
11435,-0.34087176091054516
18739,0.09379260045341375
68964,0.09489175286269713
140740,0.0718276640849167
239037,-0.19786043544559728
259067,0.3486696771914932
18515,0.08861089075473672
57329,0.24381737848412088
103742,-0.07809438333562291
75426,-0.2852978241034658
12653,0.15855208481075378
329278,-0.27000927396990937
67320,0.3240278877215479
20840,0.2621629468299842
110308,-0.3292844324859585
15245,0.28388167880804094
226922,-0.3430295613643657
213208,-0.24995742587144587
78558,-0.22351910947005038
93760,0.13222080279392756
12057,-0.3433668281975466
14362,0.2501640278808628
666279,-0.3711152233990953
13642,0.2543385562560383
114142,-0.2163249393044273
78767,0.2570467426492624
11925,-0.27939525635927165
210417,0.31088936125278366
53624,0.20584340030672266
170742,-0.1408555452251603
19878,0.14313723234882048
269855,-0.31242765449832355
76877,0.23404949331125646
258238,-0.20788543825411487
77771,-0.23481047821035173
20845,-0.27801768265296367
83379,-0.2734309451896273
232934,-0.2577158403847779
103806,-0.11543297752278647
258506,-0.2586336123604456
12068,0.17422531720549994
13497,0.1520920265349286
70349,-0.13059175484375807
22418,-0.2937361410545978
11938,0.23682818714729326
116939,-0.36076621202162995
83602,0.08989437396537703
71461,0.29575435149307516
22724,0.1446532739127786
54383,-0.08878843210544751
224055,-0.15840596082774283
76846,0.05784506511366416
213171,0.24042491759309303
210198,0.2313512949462524
237038,-0.2955286510535746
245532,0.20234269445296427
14084,0.10690133423402592
77018,-0.29261729736797903
21976,0.16269732020862016
239833,-0.31841503449755937
16913,0.09390476772226464
56753,-0.37932807580753725
76932,0.12741650714080066
225644,-0.310504923454233
381104,-0.24931795206754614
195733,0.33643546716546524
269389,0.29347650508529544
69161,-0.08008838334474078
74729,-0.17059504437941087
18416,0.31446464126619844
17907,-0.2141074550261175
268741,-0.17603644108305794
22690,-0.3160359344535246
54650,0.1724732173140815
66926,0.22498490310107755
71835,-0.16465048816190198
11655,0.19347476092331561
100191037,0.14469462878374273
68770,0.07910573439089497
13142,-0.32434812388785295
66967,-0.26903673528420224
622665,-0.19912646065688566
227634,-0.10634083998316601
103149,-0.20970601331863037
94181,-0.09805473313957513
639634,0.2686696993807631
74316,-0.08104029046747208
16875,-0.32729316149871135
13370,0.18118416927017655
108058,0.10801826814332749
71325,0.3060927370800268
16790,0.3151543975809572
71340,0.14577456458371607
67444,-0.08429552201489976
243362,0.22772834179437584
328370,-0.15974591695316498
11628,0.2518932851946323
66934,-0.22496258468179242
72459,0.12327001054584485
14009,0.2353199537738453
12832,-0.2221402547564737
59030,-0.12656941712831937
21645,0.1915906700552119
319998,-0.12426564232446324
50701,-0.11396860793676211
18992,0.22873584989480333
94180,-0.11112106497025742
107328,-0.16272934071857215
382018,-0.25326415691933146
60611,-0.24950974176469387
20302,0.25751668963494634
207704,-0.163658403870377
66912,-0.08958969972615449
228357,0.32767340788820176
319742,0.30675252938000774
74918,-0.397011488578797
241489,-0.17808379304235
73681,-0.19823110101360442
69072,-0.08380130948713393
23908,-0.2373869517379612
208154,-0.14743806631924627
56198,0.21722885529364078
230863,0.1752404631710709
73296,-0.23814149502341042
105239,-0.18654879753136377
330171,0.1422476698314883
20383,-0.07645011773285759
72656,0.1774185267043631
52040,-0.2111605582546714
78785,-0.27469007088026753
110332,0.1847388506075669
268932,-0.2632587204836141
14660,-0.11894945859267203
231134,-0.21579915900643432
218341,0.263229316024308
78697,0.1357995745903633
20690,0.2613673924534665
12458,-0.1474543660924379
72821,0.27567694913247465
330921,0.3659495150404979
50786,0.26569007715661375
74377,0.2821974275791437
21802,-0.13339450889136817
240899,-0.23764230168361422
74568,0.2285047848999575
74610,0.0908413773708645
75612,0.10091768303119686
239796,-0.26827940159669383
75540,0.23677417748769436
71263,-0.2804295928203744
320145,-0.2760625969312738
100039139,0.3596618111656511
381213,0.2893999664674367
19146,-0.27920161058182025
100503895,0.2565245434605208
11837,-0.049101954600899944
71911,0.08831750748214517
12049,0.2908094096397553
226652,0.0782930472763077
215243,-0.1075796876179993
13491,-0.29017529314700097
51875,0.12288516931202231
99470,0.21591973083118088
11790,0.1993115579303728
16705,-0.2738998176607135
320916,0.15536477831600237
22415,-0.20733952318010562
18037,-0.20584453246282663
70422,0.2521822106904503
140859,-0.10148581789756328
54371,-0.28804300995767296
21844,0.12691337321866225
75475,-0.27161971546100094
14804,0.28031004748267696
78889,-0.1894555690490911
67582,-0.2048572081025828
21367,-0.2576827739684111
26414,-0.27193500284037153
57261,0.2088762651559577
68616,-0.24786817725145216
18140,-0.18575330248274913
66570,0.21271925632052469
67821,0.2777033303702181
22259,-0.15314405627757122
72825,0.13063105216231286
64214,0.14236821931323007
67120,0.15955811754068705
18174,-0.13028297972321923
53404,-0.25029038219817057
384198,-0.24726505525932918
215418,0.09733671016620171
69870,-0.0764670638945173
63953,0.177900981443317
18391,-0.07557568655461111
67815,-0.23706074481324801
80901,-0.11341186321417496
83410,0.0721838991076389
67578,-0.2416508125004282
12411,0.20713504389716153
23849,0.08340323514675063
80898,0.2384431410159591
74414,0.1107875901097124
101565,-0.17804473166975487
20339,0.3824112433099791
12630,0.3088174971069564
71544,-0.3302024417674376
52014,-0.07845924213550148
320040,0.29437584094644453
70297,-0.26544069304311346
241490,-0.1051267153342943
57271,-0.21464155823498388
621239,-0.49315104978131075
229949,-0.4262647832121189
12912,-0.1459711584047918
267019,-0.2238218585231433
12290,-0.210365005306139
230316,-0.2162143196558226
107375,0.20136717002909243
19668,0.26634784680253265
71522,-0.22841306343487133
67880,-0.12308321178741632
229700,0.1456132094471121
70472,0.22848395499239427
241230,-0.14667892404000682
66079,-0.08543642275028596
19183,-0.26178599213727605
76787,-0.10881873562347621
20518,0.2314407563645582
140559,0.16764337765902315
66932,-0.1578038628976648
15982,0.09729186459918537
12288,-0.24551200737465972
214505,0.0638245117828724
68149,-0.09191986918588135
28030,0.10438677863945323
15904,-0.23293294288826694
70568,0.23575202574153842
15516,0.08858880908303313
16182,0.0976679408003065
12111,-0.28335223290289235
105352,0.19949860432878008
269682,0.115698216566134
80297,0.21035629542576562
15376,-0.2107633328338805
208104,0.25448284278478095
240332,0.32456995261187505
259053,-0.2761722245982865
67291,0.12869882100331598
59045,-0.08906327487974153
12055,-0.2611062760334235
109181,0.17816762316927814
67967,-0.075578588642615685
75697,0.3670569858902648
16664,0.25576592814074406
11829,0.2314169666071768
14055,0.0839726220679573
75750,0.2645638214851105
97884,-0.12948163897799514
213027,-0.12157477628594293
53378,0.10876938474081754
232943,0.20460351930380938
18843,-0.30936060969689994
74764,-0.06453735229344382
68423,-0.09507424696410105
54667,-0.27985692985730637
15227,0.16706442279274913
53886,-0.16529779724254468
211134,-0.25560418938947116
27008,-0.10121771238045163
209966,-0.3199573226003549
16341,-0.10978844795362264
17876,-0.16108141984072688
19699,-0.18753589943139248
11539,0.26785822443824925
16911,0.07899279880509091
13195,-0.15901153214698827
12879,0.37171245508541784
75863,0.2213753891751864
56368,-0.08247999874522272
75406,-0.08811563690243673
54711,0.13123244153636904
13193,-0.27890725140387174
56873,0.3152494336306022
56758,0.07955900051363862
66848,0.20749405385833164
22341,-0.3114832707355486
73316,0.32657785572363895
100504164,0.23944635831633443
74412,-0.1106763632256671
54156,0.22173435389285823
20227,-0.11367809371764892
22268,0.08004189594368416
110855,-0.1875204372297219
12649,0.19342911671469043
71710,-0.11880153415023909
66455,-0.25906280288310324
620246,0.24744791703959557
78797,0.07920578227168917
50702,0.23064638024288087
14916,0.237927039832885
230979,-0.2108844235026126
12161,0.26160472186766937
12443,0.2521102246464739
332309,-0.30878772620982176
30054,-0.2648743722144338
228019,-0.2639820070505312
70530,0.24561298043361912
230596,0.08093107814162437
100226,-0.23435084707149034
22201,0.10279102628226156
211187,-0.2758815125496046
19119,-0.21996654743657018
67784,0.10268465818930039
60365,0.1109357058970808
18583,-0.12127636022326982
237091,0.18077423089925837
11828,-0.11002192920058818
194744,0.21009826139084753
23958,0.20271293356130027
319885,-0.09671001106471167
69339,-0.24256800605320894
232536,-0.11891447213171702
218506,-0.190485672214324
22157,0.1801818459796829
17865,0.12878291281730192
72008,-0.06894225712944824
210973,-0.07903705764824132
14805,-0.2604928716631445
19224,0.1345687923049006
217951,-0.24309746211562544
19074,0.2528765215013955
93696,-0.11336778479318355
18828,0.3814429946231104
27784,-0.10426030053487878
53331,0.07926778481994212
240505,-0.3272014698764334
66259,-0.2907359988678557
14645,0.08377020097613475
76829,0.2690365197350193
13346,-0.10625991737262819
93732,0.25154741084939625
74051,0.205081796779218
20104,-0.07737635616360805
67298,0.13991422452597657
12369,-0.15599765505883578
12675,-0.09727093068474346
19376,-0.3096530030178348
263803,-0.2955490875451696
22042,0.2237312471700843
71449,0.23552869360888096
19062,0.10573645691034805
240869,0.14641615453849788
110147,0.090902453668944
22160,-0.28900852352679873
380928,-0.22747075727914012
665992,-0.0886941488649704
26429,0.22434104509932506
14447,-0.23254172694705755
66354,-0.06412655726020411
106633,-0.24176225035294063
14675,0.15211339902969545
93692,-0.18949493734376333
11593,-0.11226218804005317
76497,-0.06793037602486862
18994,0.21241799683880114
69706,0.16354202135940543
17346,0.08307828171427722
20116,-0.06871275521228526
100040298,-0.06871275521228526
241303,-0.09904420060916586
110310,-0.2361207044336915
259066,-0.25797770123205277
68743,-0.21074258928719036
110891,-0.1579165812771972
69790,-0.10504639813288819
30805,-0.19534237624121342
69656,-0.2929703571362454
218699,0.17567479627500582
269514,-0.37228321565069056
94179,0.23375976939695065
93765,-0.19486146333406573
54450,0.1893251780878238
83603,-0.254450728781106
67512,0.0895639176928178
50720,0.17708862000957826
69737,0.19310647106672096
15561,0.37258414434838105
110750,-0.20097905228859414
17993,0.0830413381880124
242864,-0.15577194583054776
12590,0.24400797497564053
258914,0.3263584980680032
56458,0.13241588042567543
252973,-0.39278456894770386
117146,0.08968880416833613
239336,0.21918149512592766
94353,-0.2669048594567718
387565,-0.2022742369229853
217653,-0.27583213505014736
16432,0.0564538853475689
69019,-0.08274249134473699
244668,0.13258404946612856
107746,0.09271583937550254
381259,-0.296684474614473
76282,-0.11720690771345854
23887,-0.1725048333286061
16907,-0.08390409730193937
30055,-0.08390409730193937
18115,0.098058335006586
74355,-0.11392336016038129
73728,0.17510523055106653
94186,-0.151238379889441
246198,0.07733893243554668
217149,0.07733893243554668
70120,-0.13843611156595248
208936,-0.23333313599425853
11550,-0.25592245270091896
12840,0.27631237612216
330064,-0.22456919487552884
13852,-0.1062093605729153
18291,0.259014684149264
13131,-0.12030216703083241
76938,-0.09294598498374285
17112,0.19034282927779334
20204,-0.2565617469264305
69401,-0.25918112547899863
17203,-0.18340479603725868
56036,-0.07717226122023746
68737,-0.12189144642347483
230809,-0.19473152903193203
99375,-0.21404894729987234
330470,-0.406101109465554
70810,-0.3795123598864647
58194,0.11607262651703998
68473,0.2941174751234641
107975,-0.10531838128464077
68375,0.06709007068486095
70031,0.2691330095911608
270757,0.0852853151368329
18972,0.2904758874357185
12321,-0.265837760108802
75338,-0.2091550107709046
56743,-0.16034533163240994
19126,0.19129962772283804
70881,-0.28053134017612447
76960,-0.13002462501388123
26406,0.06387912256168882
228777,0.14100546218761245
329078,0.22717779554618733
76899,0.17520300190342564
18618,-0.11535841196782748
269470,0.08594317808175411
11433,-0.0919261383950758
14827,-0.07444429817455323
212670,-0.1146160332802193
17274,0.1569811399746257
70551,-0.207923796353346
11815,-0.2734405324801408
66594,-0.08446223395275432
53970,0.2643239997485578
56698,-0.10566484682803878
23893,0.3442323995291132
140579,0.22551627641702243
68278,-0.07188281118717477
67075,0.0929566285629928
11783,0.3357739016993495
27221,-0.2794314281652097
73181,0.181173514048238
68089,0.08377082334170716
227867,-0.073599086461968
14105,-0.20614620676719841
230721,-0.20519717184271613
14156,0.08806343018063245
11513,-0.08649007439025169
403395,-0.21508410760350882
74002,-0.19336947238483138
56643,0.35701648240490513
107986,-0.1117197725889163
74309,-0.23333940296195976
230257,-0.13431420518108972
11876,-0.23140321024805655
209590,0.24528115041370002
97484,-0.06611105611080959
53868,0.21523873945738625
108161,-0.2427915713776958
77305,0.07779136764583683
12978,0.07841143024109698
381122,-0.3389391896394063
244141,0.14365913590476698
24046,-0.21276986572674694
67534,0.2017911816537099
18764,-0.22140338027895812
192656,0.21605191059638074
319832,-0.3022819490454518
326622,0.09195812613401344
241639,0.20879720484613262
319930,0.23902710504921343
23954,-0.23009765714028863
73340,0.2081151378740156
83767,-0.1281165964990567
13449,-0.1039849866312963
270118,-0.24583808119779693
223666,0.07110608671131402
12467,-0.26302936577458613
17256,-0.06931818921912836
76303,0.22143956945849474
66082,-0.1748874385062953
56523,0.16700191225477656
11819,-0.19601470322477876
20482,-0.06964772071610348
50724,0.07326721901130284
18705,-0.3123623531780906
67041,0.07209044581698265
242603,0.24129679341237775
20474,0.14656100047856135
14470,0.08653836510812063
75495,-0.23950586871356982
17173,-0.2813073898925138
73658,-0.08222063531114188
71723,0.11026206695100349
229644,-0.5885861785920596
17196,0.10540010301686742
73095,-0.1607997261254015
381318,-0.2035875101886262
14387,0.11112304374792892
68493,-0.12139256711565949
11686,-0.22719650333196473
76886,-0.2769308515656159
227292,0.059479967679317625
333654,-0.2180766999047723
12836,-0.18479237291723738
108099,0.08436063205559563
14618,-0.1335119799890414
67775,0.14008317105927048
333088,-0.24637235150910808
244416,-0.14745094948376902
26395,-0.14966138991328926
11529,0.15752503649570926
77832,0.1558481101103668
329628,0.29224899594069687
71268,0.16205609368379736
71481,0.2613133826866809
56297,-0.1972517922886512
246710,0.11702348883544289
58207,-0.16207563008187087
26556,0.1704395226757267
19419,-0.09194794243122395
320705,0.1818579335849888
234258,-0.3727354714926401
30806,-0.10057474929455346
19739,-0.16969163729083547
258990,0.22747343408347565
245638,-0.2521785980149476
71750,0.06845224524453641
67547,0.23540614227978462
14028,-0.26991910274363784
20430,0.2454323594741954
332579,0.20313240772801588
72033,-0.30097621984606393
71949,-0.09743073793769597
58208,0.23339707379347097
21422,-0.14860054856538785
23805,0.1595730937948847
208084,-0.09971940936249091
227699,-0.20210230777863192
320111,0.2022386506878675
69726,0.19093650135713425
71743,-0.06903038824539998
67369,-0.23885428159047528
21987,0.195300580789044
76898,0.287155870024721
22427,0.20144962017044943
56772,-0.11845002759448864
20671,0.20558517998016868
230904,0.10684977994925227
102060,-0.0804401111399482
66143,-0.16085478763701833
17428,0.09550224379954386
74488,-0.16914717999163198
19177,-0.07834246137507961
16523,0.22359787287473765
242773,0.2514118815590791
330938,-0.20141350832772886
20586,0.11577714916785808
93721,0.22859079990631326
107766,-0.11259085283210979
239739,-0.11311194016462167
15569,-0.2729393692405555
268379,0.22909611285878162
93747,-0.20096621077054877
56195,-0.23236633072003965
22295,-0.2724412139720438
319845,-0.1092566292879269
56381,0.23094639082082224
78796,0.2051249196930609
497071,0.2838418783085359
69538,0.23047046344909017
67703,0.14456519873780316
67177,-0.09125585070005293
76775,-0.20609460491000586
665180,0.2519356240884081
72265,0.11740499339717125
84111,0.21629322289152908
192986,0.11633655597286996
211945,0.33199390789422845
17319,-0.07112428393663173
70549,-0.2139946663094614
69592,0.2798008531022038
12521,-0.06305498595942893
69693,-0.20849846758972568
213827,0.09654382742704648
94229,0.180773973988539
208194,0.21591216291123505
101489,0.07743847485050104
12010,0.0868268319798915
107182,0.08451244270127312
53859,0.08227445154654234
66899,0.08173926439934931
668382,0.34220381807355693
245545,0.34220381807355693
69684,0.07414836017704118
75686,-0.13434253054815848
11517,0.17516894089413038
225861,0.15336698734086873
54712,0.16229133807631424
102636082,0.2090599423555224
435811,-0.1958462066951494
56749,-0.07331745154284874
26401,-0.08474447600122126
225745,-0.06437312230808878
380918,0.1660949442607631
545428,-0.18399084622159467
208146,0.09587536098087845
13404,-0.20974092823782886
12904,-0.13589064421827501
328329,0.1547125770890707
233246,-0.18792320667551987
17978,-0.11546032984805166
16564,-0.19819691740868617
58220,0.25273232822330716
233802,-0.08184121680608669
68273,-0.09649152953981321
76786,-0.09649152953981321
140488,-0.1429102170344887
14778,-0.2690729899849744
20963,0.12546568931220925
14598,0.22853546171305528
320587,0.274749079724971
19651,0.1132327036646581
70021,0.2244954016691154
404346,-0.2112212584125488
66887,0.08712133057665383
23821,-0.2801021011195486
242608,0.2826577351230273
22701,-0.18409707188858704
69906,0.1203130011371929
231871,0.0980011879752567
230678,-0.30376559287943783
67299,-0.20996049977199416
226049,0.26961902025946394
14629,0.1778040768084228
66111,-0.08082877367501062
54343,0.1322449289367249
17762,-0.34136753825265753
65257,0.18488958651732723
225876,0.14611738553731168
107476,0.12401635019572588
545291,0.1958570587197923
20343,0.11068533164323924
67158,-0.23629386612089753
100009600,-0.08861317471453845
245615,0.19789860315417407
12854,0.1509685410223609
226123,-0.25959916771582847
319520,0.24436979653209967
71785,-0.20901934630549146
544922,-0.1946175271239241
68597,-0.12219348314508949
319583,-0.18981544231738745
331026,0.06156357941327961
14725,0.20872434971662202
223527,-0.08994450339850424
72309,0.0699887793622107
67605,-0.22289501812733814
13631,-0.19683523449588858
58222,0.06264994400664392
231691,-0.3730137510622318
11481,-0.18153015609742607
71474,-0.1484122010362814
13560,0.2575415082570025
76073,0.10718258610238784
66230,-0.07969534516855603
383678,-0.26681367917401744
78334,-0.0694429865963837
22337,-0.2741394135705413
16509,0.22796953423264288
13077,-0.2714490583636451
13434,-0.14670564675581854
27215,0.18729522119196318
54352,0.1740176347687048
23991,-0.07635816530396333
229541,0.08023763638277259
259047,0.2779052726082476
56196,-0.19107717919116585
54525,-0.24610350827319083
13486,-0.07775579403537414
170952,0.23414045437233355
68760,-0.12994461412284508
12307,0.2471921963311381
76184,-0.2314051396656387
74213,-0.09027300792251047
242235,0.244767329249449
245683,-0.2391116811345264
269060,0.2833782492647723
18509,-0.19954895620287605
319944,-0.14090587980545077
11500,-0.26997923749526453
380916,-0.18627982789860908
71330,-0.08944609191428476
330908,-0.2018010146735416
100042480,0.15514363146478605
320277,0.1943422651719935
319586,0.1556127904938709
75717,0.24281884832748357
18639,-0.22397166230277232
67988,0.11969217743203053
53330,0.10226437316266068
108147,0.13002508323897288
243867,-0.11636386089589035
12544,0.20359915013883167
432677,0.245429242319386
20761,-0.27276960473444056
16969,0.12351417160902045
52857,-0.09317797387583937
66336,0.21718273020291523
72831,-0.08636197503446397
104859,0.15243417112165147
57837,-0.09409613215995538
77975,0.07304737508257197
66260,0.2477649531818269
68236,-0.2514774753291116
71707,-0.24154500694032777
66365,-0.16256259884527502
100929,-0.1404040808707805
72075,-0.06274154821871569
231252,0.0975700578098051
17314,0.08329400977114254
74734,-0.13172892936304592
27096,0.07380561883485726
65255,0.16238671160118834
233532,-0.21003853847190257
13207,0.07817670633088625
68379,0.07545673453349089
16147,0.23834510208333137
625098,0.16918424987153724
13544,0.15197473741978484
64340,0.22098511376063978
12525,-0.15668357644999986
241075,-0.1199953437924215
228432,0.2720075525690602
18816,-0.2365799256622214
240595,0.2201163881590893
320840,-0.187060263301829
75329,0.24550692602750734
432536,-0.20550841438456757
72098,-0.14515338544296252
74189,-0.2759073610709226
232023,-0.11333380122687942
67023,-0.08213040741403077
77647,-0.08142721918080831
16598,-0.11051445666882742
52036,0.13663194793766387
227683,-0.20071337952593016
71833,-0.16165998024937345
56089,-0.10771106538417374
140491,0.2961726039196897
19377,-0.1448457072492193
98685,0.17788299412764452
24013,-0.23543541186720596
53333,-0.08064198179271642
19374,-0.4839524634567862
67145,-0.08241965859722811
56376,0.17625014937758454
106522,-0.1790722418520243
20499,0.11580617394961479
258776,0.2733706231850124
67615,-0.08550598385964037
22115,0.2663162708947029
69573,-0.1734025316708694
107526,-0.10280955104448175
73490,0.1392341272536921
14573,0.22436243688180646
50782,-0.0873168051188582
244579,0.23565414576007493
20174,-0.08257888050503581
15213,0.23064758523830786
11811,0.3494096554590591
12583,-0.22884455437592965
246694,-0.08896821237612773
408198,-0.2315672924639447
18201,-0.09854465551683944
57748,-0.1722167543831583
74201,0.16210344673875987
227618,0.260784057530453
14489,0.13150811189096778
333329,-0.1916269947134186
20665,0.15544316721347595
338346,0.2867866453069299
67288,0.1114215971400272
214403,0.20871500770857487
319455,0.2302535984650591
110880,0.18317808026779847
75302,0.15114600866645578
75273,0.16095023072911907
22598,0.20489622025463827
258620,0.2864703114323994
382038,0.13373206654000658
67471,0.12550149981222525
228677,-0.2612533614801693
53619,-0.13506388625431143
19697,0.09594408224393192
18148,-0.10013528121261395
329872,-0.33179095934069114
27041,-0.06659613489613392
244891,0.11064808043415741
72962,-0.13075935897857072
100126824,-0.13075935897857072
329421,-0.11575494147295196
21425,0.0871036957460456
68276,-0.22543253922295836
71175,-0.12267376736656743
93889,-0.26060394359665295
18703,0.28447572153618816
65079,0.17556102543738383
50913,-0.2831611802073706
56490,-0.08009863493249902
68867,-0.2562680498598482
19336,0.08284908034211114
229007,-0.09198566983991441
72699,-0.09198566983991441
16889,0.08808295576275427
69674,-0.08883980876631625
380921,0.13837779658435423
74032,-0.16208085332140065
212377,-0.12147045291464487
217335,0.2174349880944888
67224,0.10145127707471335
76484,-0.2435255298042791
14113,0.07629622410865622
13549,0.07629622410865622
84704,-0.20862556814229682
15378,-0.24572292597940315
66069,-0.10999558100491402
242819,-0.24039374413661996
16701,-0.2633867540121284
67397,-0.0902563787998325
109065,-0.17910745376945147
195040,-0.200146722231195
244867,-0.23236171553525775
67153,-0.09074660807364676
17878,0.18457701659478376
70546,-0.07968318577789368
232813,-0.2642646342784447
381921,0.10534184869218155
56207,0.06303586139677009
104368,-0.053057975428931314
110954,-0.053057975428931314
19893,-0.21932960379164523
268973,-0.23217832782424264
64656,-0.05308107718661503
213945,-0.2368826159242201
15512,-0.21506523061000493
217031,-0.16264455799455213
76959,-0.06333882771977883
74137,-0.11699288186296286
170822,-0.0855615858306642
269061,0.0792753052831845
109225,0.22248859428809276
26932,-0.1781663583803601
236732,0.07015544455792444
21974,-0.09923490368292498
235169,0.1443917755524673
14388,0.17921657140492275
109095,-0.17578881141813696
545622,0.1735124212356709
258648,0.19507151711866566
19411,0.07368369775016603
18175,0.14792752199403258
101869,0.07014597558987923
70423,0.179927648850704
13237,-0.22553465109639426
319713,-0.11651831628482068
78257,-0.20668100350129714
80987,-0.23438365608664657
72238,0.26061641668444313
109113,-0.08249558063551987
240442,0.21376477330775767
11538,-0.08749268020244116
54006,-0.0793494613296275
224674,-0.17984253354150237
27222,0.2813030183535372
231670,-0.23439943308103395
109754,-0.11409405826353947
320522,-0.1450866544222622
641376,0.27236769584914367
14897,0.16629187831981085
54598,-0.22247524653123296
69171,-0.04645042858605919
241447,0.1513492055567882
67620,-0.240531284926929
26757,-0.1281249877413808
30044,0.16794653024558492
99571,-0.17816199078363626
233919,0.19039145418395353
58186,-0.13519412730943792
54607,-0.2262861353096728
237911,0.21481056376134378
66712,0.1115542482042926
14765,0.2216658897681314
66809,-0.2617218892837916
234847,-0.07350691721974378
83922,0.21813158491408302
66704,-0.1943420221813401
14545,0.2880064132276585
17156,-0.098095744786729
66156,-0.05878287429074369
17069,0.1003307868708383
76365,0.2950925527509236
216456,0.212838188200835
74080,-0.09325109495005268
18510,0.2466957084471919
68977,0.09029356759139162
18488,0.2365735203262025
74052,0.1896146795448841
232313,-0.13682003477803484
104871,-0.21435163663628742
99586,-0.1756004097166688
56642,-0.18153173077485896
20371,0.1546268637433874
14918,-0.19707622456761165
22594,-0.07393078195569203
14658,-0.29001990078654005
244879,0.18637181636860412
69962,0.15045328068601194
16528,0.12345597654553853
100683,0.13331169623278694
20259,0.23180963483788242
107449,0.179029759185668
65112,0.2135375946668221
320011,0.07926539795986542
66090,-0.0599465903905223
77809,-0.18767972146151113
99526,0.2252507824021226
18766,0.24371277027980476
64242,0.2262008298955429
103850,-0.09057017960923552
26456,0.2826725580366136
13190,-0.2407854540621175
18046,-0.07427245164989671
70325,-0.25755579151897834
217342,0.09948268898619972
224902,0.0967981744477111
20899,-0.19206117525617694
68678,0.2078338759214038
231148,0.15121172616884948
66412,0.1985499144640146
207565,0.0844926292073005
233900,0.10805847923621315
69544,-0.1818565585910763
53627,-0.1454308264958959
18647,-0.1783680524571798
72615,-0.21333836038890297
228071,0.21466135431934852
16667,-0.20985152321593592
18121,0.13349378464748618
243270,-0.19455151406067106
140484,-0.06773249300869999
56057,-0.2256831494891829
108011,0.20838899595305627
210998,0.10773161454121016
99696,-0.19531191387643343
14761,-0.18277019630466285
233115,0.18672399347458324
226591,-0.19384012824432073
71514,-0.06155098941126269
55963,-0.11345934910373678
21748,-0.27660150467669453
258991,-0.16143397997323916
236539,0.09974375059661078
70209,0.06778886781857629
236930,0.08991821530753263
67226,0.06513566829436179
19744,-0.1558591489921195
71733,0.1810679307516967
11782,0.1728769256870546
382423,0.06315323040626097
233826,-0.19381071390207882
20318,-0.06395324479169062
20209,0.23638879553087877
101122,-0.06930575038805742
238205,-0.20870279850198825
17882,-0.31061452779493726
625638,0.3971412411269961
623503,-0.18593667758031085
19052,-0.0767633493620341
14962,0.16706488591075708
12263,0.16706488591075708
67037,0.10352959717236665
14423,-0.16738482899153873
231583,-0.21934880032156379
67665,0.05996909195240541
13006,0.11640830056096618
232941,0.19427434695686907
22417,-0.17951697265663125
28126,0.10308666622938123
58802,-0.1690233196866009
228961,-0.08988948758859472
71713,0.15760073661522433
319939,0.16261365432374042
73668,0.18209339254779344
14738,0.10514569636622317
29859,-0.2262052267889798
13619,0.14290485617387017
20316,-0.05916802289388379
13048,0.302347650434748
72480,-0.17501728017292884
57914,0.08209510830433864
11450,-0.37940661515250973
217127,0.10931697078539315
243897,0.14663784048589168
16210,0.10620273960945337
22262,0.17936158748717723
70405,0.18964460420504725
619665,-0.24354666091926358
78593,-0.2545058464731884
21416,-0.14132363800035108
14780,-0.2911661918991788
26407,0.08610261229384975
70160,-0.08644185947683702
52064,0.11530579849159928
16948,-0.21978637212558505
18103,-0.07517811141156017
257962,-0.18835767006918447
239364,-0.194450274019478
26361,0.1553457675972716
71927,-0.06527134358431397
210356,-0.2242557540560215
67382,0.12914441643956298
240752,0.1356893606784091
56626,0.0702165245521531
26943,-0.0721979136091555
271005,-0.2871084718009298
66827,0.06722861239634703
207182,-0.25606327140732477
75291,-0.22557575459607193
246179,0.1342134007840574
327826,-0.0955943392061549
207781,-0.21395756488259288
13476,-0.1102542122804957
12015,0.07315256270908854
433256,0.09585077237418638
225651,0.1512647769477562
241431,-0.2576435418009533
383709,-0.2576435418009533
14370,0.17123782398688858
74778,-0.1731876606565308
319634,0.151527303019813
320051,0.1438395107595607
245841,0.11067028054920769
67074,0.2158155452089403
67379,-0.06818340983792481
22682,0.09155973140773277
100048644,-0.22228473046200747
12053,-0.07413266952274888
78255,-0.07020860709343602
76936,0.06640974653701726
11440,0.1661754391730348
15165,0.25043347055576604
240776,-0.31958185600570266
12343,0.0917496306317851
235628,0.1960529999795897
268281,0.18456462668770612
12069,-0.21089630016843808
12121,0.2738363278556677
67492,0.1643705097818966
238555,-0.21441921577068834
232560,-0.07874346433259483
14566,-0.1750358049887959
15405,0.22247128731260624
320982,-0.10835409427279785
74335,0.18527446751058463
18034,0.08301562436906451
20585,0.08785581643828344
546336,0.17298038762174173
68842,-0.11240966763836724
75578,-0.21314111574252959
69202,0.06105709758660005
19719,0.06701391405824886
81909,0.1836281011998402
17433,-0.16101734275670054
269397,0.17817856453474512
77552,0.19114811318324554
72333,0.16575038610432724
98910,0.20355212840365855
20444,-0.12870790672159416
14583,-0.11461234677768317
20751,0.07592785354053433
67868,-0.17856624658838083
20661,-0.18302515868735547
14938,0.09855323570043772
103213,-0.13567963959778329
78284,0.23860400238649726
333789,0.12399285131224502
435528,-0.1571290639887879
70495,0.18916461293942177
18777,-0.15812160659310592
226243,0.13724764302398018
77777,0.23999694185323506
94061,0.11473881976602751
70430,-0.19256125663626023
234138,-0.09418029837218711
213272,0.48474220082353714
227327,0.19844161679286731
238252,0.28162953627136655
242851,-0.1901670319578228
321003,-0.18851212282491492
107392,0.13464441448647158
73804,0.2280621263592013
57773,-0.0841378969081159
73010,-0.27320898441931263
320127,0.21818915379001602
69181,-0.1581388894826361
68795,-0.15571962152106078
18933,0.22338547460155977
257916,-0.2579589422563764
21411,0.07470913385480848
19152,0.22136081697287935
26938,0.24349965798977102
30952,0.24996352534092647
230959,0.20240383687958996
66199,-0.06774591866448176
22350,0.07867824952744051
27057,0.06359030307709901
16869,-0.21287155873962593
228421,-0.364594004584915
110109,0.12415880830812753
207615,-0.19739081388116286
15980,0.0797387877459208
238725,0.23265959294109217
58233,-0.14302949277239563
227290,0.06462598726484536
235431,-0.12812136310907007
81702,0.08252006199914774
20818,0.16548185197667564
100213,-0.21858127909262848
209212,-0.1544226466263554
67652,-0.2664396941210718
270685,0.1071531046926335
100039672,-0.23926634503894384
14674,0.07789119298282898
14247,0.06282192200863612
228359,0.06361013565534535
66091,-0.04242871448636798
71998,0.16432244506769234
245468,0.11711160927392683
385377,0.11711160927392683
13850,-0.15371325170182004
330096,-0.21369667700084527
99334,0.11168989763267856
107338,0.1791760344628326
27386,0.1712909977900985
240660,-0.19001185643263874
225348,-0.17096458151662564
75497,-0.14731871921579476
77987,0.08411940874859347
245684,-0.286840053438286
72108,-0.20995679649971244
70417,0.2183017113514909
233877,-0.13878234099636888
237178,0.20023443471322233
52004,0.06642267582661354
70561,-0.11496051838792454
94246,0.1877807794471984
11987,0.09064580057864546
14254,-0.20423151757925595
74108,-0.27341169282062605
117586,-0.2031093590232511
240354,-0.12824220256853636
67455,0.2066411417638454
387285,0.22936696873955587
13167,-0.06433562452552977
58234,0.29685481656400015
13706,0.18573349576075282
74383,-0.16948818958018919
67914,-0.20345038618530875
68153,0.06410440728503275
13641,0.13312958579728562
239556,-0.11875920203095269
12496,-0.2621547877174546
218441,-0.19839046307575092
108123,-0.16006771420643684
27225,0.07126652482957496
67425,-0.22935687474246347
17123,0.1790696248045478
14268,0.1733174739422676
67040,0.10318603516638447
236727,-0.1467720340385279
108888,0.06638927718044485
12747,-0.11738898722262903
13400,-0.214853930221242
94315,0.10059878662578026
19094,-0.10370117479455843
21763,0.17903215488542035
16873,-0.18775523885591117
226564,-0.2149893457579437
67526,-0.09837215771069374
12274,-0.19292517736492165
22152,-0.2561999461449629
382014,-0.15367762633232918
258580,0.3479271549450962
382639,-0.15097415668581782
545975,0.26688433518654753
17129,-0.08907412718760988
67048,-0.10225304119520473
68035,0.09079794188592061
15223,-0.20206140082513802
67709,0.2072151532244657
56365,-0.21031076778408853
258105,0.23411265177219542
19193,-0.2151979807569555
20451,0.28500646618624303
68328,0.17042746431463485
83557,-0.1222251232096685
234736,-0.08197012575451268
269109,0.20171273718647242
230612,0.21234111217274165
228869,0.060979904044286215
68082,0.14262249567278218
269608,0.19962441749389725
57780,0.20908902209368918
227631,0.21700534556204332
677296,0.21035522775172222
19252,-0.17981983961181136
18124,-0.09577163080936923
67013,0.11867768735566209
226856,-0.08597679840648276
76757,0.21587087235648283
71592,0.17280025028315915
243846,0.11767298458366326
66811,0.23839643532644894
13011,0.10531893154323413
216846,0.1744562149675577
78912,0.11040814133236321
268857,0.09270181843378822
216285,0.22958750787815418
319322,-0.0736323836089312
70231,0.12329939532391965
105504,0.0585885539074269
12957,-0.11330751163273511
228796,0.14108304119394077
217082,0.17091371696903668
20257,-0.23386516344203123
319953,0.0981429017278801
16560,-0.153596341410565
17318,0.1621563817086913
15353,-0.06457661569657525
230676,-0.05796894948687914
271424,-0.1816130725996037
27428,0.1876322579087475
12464,-0.0601003801295974
12390,-0.11731347963092542
12974,0.08642289452427931
230649,0.20151205265800698
63830,0.08870602035455555
104444,-0.11342866585705735
242297,0.14964582382412672
84653,-0.11619079959291767
237730,-0.21900662278835892
83396,-0.1891665601197845
56215,0.12004612165657136
327799,0.21287303137428237
319653,-0.17080802696601083
229782,0.13548022438221885
16411,0.11249285160670297
54167,-0.06706901471367743
68611,-0.0909969909994004
76267,-0.14838391973566445
20620,0.222844686615427
433693,-0.08179611398356812
320213,-0.11370252802109615
320078,-0.19267837712615066
68350,0.12379005161994527
60367,0.20279126724832963
219094,0.15494910400806727
21826,0.15960041339561926
668110,0.1782801035332664
69137,0.19292047269351809
15234,0.20505394621322637
22410,0.17535323603791753
67006,0.09202704086317937
11736,0.20632849474096204
14718,-0.14442075867468063
60441,-0.1460618285570492
382571,0.14496259402755474
270672,0.27834687606805275
210673,-0.20968196495011782
674895,-0.23061212809462184
18209,-0.21277194214123973
22353,0.24502564043319808
107515,0.2397211487386932
17153,-0.185196127940626
12942,0.1839785340393414
18005,0.14698279668371228
56044,-0.06796871067642662
14063,-0.20684380571148164
170441,-0.19916312544263493
69639,-0.060645553725555246
230103,-0.09137259437729917
97387,0.10045738117292302
244682,0.26191298680671915
14234,0.23288699978388916
66144,0.04389138854218011
114301,0.21761733068621236
319504,0.2501005661574087
66715,0.3012287621347256
75820,0.18253518068099073
319613,0.197351059754153
74015,-0.07945438002776939
17846,-0.08983828965879681
20018,-0.058307039723645815
623474,0.20161707260498662
17087,0.1291566577431631
224814,-0.11233800629225232
384061,0.21832148774750904
19188,-0.06317987100154099
107701,0.09600052403734871
72168,0.20061265524127592
338367,-0.17100595707207056
272411,0.19954415303219086
240916,-0.28205872679705113
195018,0.1687288133181175
66366,0.08890431778197794
225288,-0.28316810603190223
73569,-0.2777102226146986
14813,-0.1919196539601269
12757,-0.07207349197832968
16956,-0.1738806964276236
16206,0.19005906007262308
433091,0.1879294901974431
24131,-0.2251910406240789
68724,-0.08308950483869104
68614,-0.07705890069484056
12727,-0.0559612896105417
67758,0.14060611985981186
238799,-0.06240042671893775
241308,-0.12099256632899369
215855,-0.23768954937979858
73744,0.0974631342771719
223604,-0.202639467645489
11622,0.09930758302029918
27054,0.06939269998272302
18166,0.18030631344674086
621628,0.2017420668392118
70701,-0.21377600219523885
237868,0.22181504785797834
320924,-0.2419146948389299
271639,-0.2522454391448665
77371,-0.2094322231838417
75659,0.193270199494588
14241,0.22745246644975925
71893,-0.1812639625583774
18108,-0.13690558959254773
228361,0.07633634701501713
72277,-0.1816165365614859
68565,0.06507187613563659
67747,0.2177745287210442
13508,0.16476523068073767
12796,0.13868723738464794
546729,-0.2398220619064837
269629,0.13132884119449884
327958,-0.22142256418872597
227377,0.16889940396709857
19355,-0.14016284049424854
109333,-0.10103970744216362
70675,-0.07946787761360152
71567,0.21506766480411166
74342,-0.1930986242659598
27219,0.374890450310859
209737,0.2150362871042164
100043057,-0.2117160769700086
268448,0.17525303370049095
171167,0.19373810057181284
26413,0.057197416175732485
231225,0.11631420621575739
11931,-0.0702871832243801
21753,-0.08742984667301457
18997,-0.22983959090721306
269831,0.18577390705810704
280635,-0.17780739595620298
14198,0.20100325074311076
219135,-0.08540880032748177
223648,-0.186793727648368
546519,0.2340395321948474
19671,-0.06711229609947456
71619,0.24150457125649094
74256,0.0755134495582741
21745,0.10340216370721222
70470,-0.10376517895152748
75746,-0.14705089599347865
122152370,0.18313643833580695
50505,-0.14072711895959422
12995,0.06387478370759325
74405,-0.15919184387277863
17773,-0.27424407074115864
217866,0.20990910790072892
50917,-0.09907039414880892
381409,-0.09811958929860864
21682,-0.21225890241530898
70093,0.13625810217815726
13663,-0.25979648578005676
27399,0.05069849647262714
67941,-0.07421777540943886
108837,-0.07898765265622387
11883,-0.08824129243737744
30962,-0.2617542542532121
27356,-0.1988528576883608
18216,0.19427544163952337
20877,0.31798635832061484
20598,-0.17997983898651349
208449,0.06727898046952774
236899,-0.21616920246635019
238455,0.17553524638159868
73250,0.2056547967933895
59020,0.17992335571563522
101867,-0.15262965014320162
258287,0.22580009030184245
270190,0.21700794698688064
11787,-0.22001135888487955
102566,-0.16579908684195122
16852,0.07588252102675064
20779,-0.28248169151288316
207785,-0.18659943274461188
237831,-0.21615513374685236
69802,-0.17716935531306177
22360,0.16545678983288692
229937,-0.10114875749803787
20505,0.2786391296006139
231549,0.18394803972589102
22773,-0.21417842812554388
75782,0.18527899763906408
66629,-0.06315796300040688
14836,-0.20926593499812984
13992,0.15305592058204098
246782,0.08360511510832236
12589,0.23879910350286337
50914,-0.1723943374854051
16477,0.17606233680254757
13426,0.16538703649748587
70478,0.18460941656666385
381686,0.20821748555642738
13041,0.07929555867867144
16833,-0.2143660059246688
80285,0.06997002734752833
68205,-0.06644426556501237
216344,-0.11451680500078965
12402,0.09838577293470152
26563,0.15716203240054938
69116,0.0840879915873387
66667,-0.22345317540013898
18685,-0.13612117386435685
11864,0.20731300486213167
19185,-0.061508063429721815
17827,-0.062270540594642654
105440,-0.07150184858581099
66313,0.06608924685131434
17912,0.22214047554920313
16779,0.19489695557541964
214063,0.2657115679142814
72392,-0.09738460928174852
78321,-0.07719559176807866
75124,-0.16716905449053954
70248,0.06828416679623217
171166,-0.17903582251068695
12023,0.25755700663798375
245650,0.16288294363334854
56468,-0.2474346561739882
51801,-0.08326803972434149
108672,-0.21255222480046765
242860,0.1707440414220347
228993,-0.1129182072778967
319476,-0.2662783115555034
28185,0.08991860431373055
11761,0.185104135612713
330216,0.19616141890659478
330671,0.1578267009481813
12925,-0.06370705634320828
217378,-0.26696403878824126
230753,0.08476601606421497
18711,0.14287673939577683
77219,-0.13178513617904386
329244,0.24254618177048481
17858,-0.19786220470337224
19184,0.06318571470706402
11980,0.07741329856320878
13839,-0.10832923690803753
110173,0.08420208878443525
64176,0.15075045705396262
109349,-0.18559667552429815
17702,0.15386888075833216
67427,-0.047742534273139015
18813,0.08572073029631078
170458,-0.21030414406961118
17201,0.34500094159351846
21405,-0.19703604789007212
16201,-0.1983753517270852
16179,-0.052892155700503096
66514,-0.2258100157866738
67511,-0.0645816121172409
18554,0.07506265717196747
14179,0.19255962847836194
16814,0.15789871432827152
237823,0.13444447232529821
238055,0.238768594630538
67182,-0.08878224742272778
12934,-0.07239874517922473
68058,-0.08048039708854482
20256,-0.2021575579122521
246177,-0.07852790969918999
223752,0.055390912111871415
237523,0.2373375081336655
69902,0.0919479916042043
13051,0.10948358562712812
26381,-0.20838099339054583
242707,-0.19959703306951582
69453,-0.2491135026342639
74239,0.08464617208285485
18546,-0.20771914717329398
72057,0.050331156204514116
225497,0.4876815962799128
14369,-0.17428763174108264
67477,-0.19425908467032915
72077,0.19595273302127136
353346,-0.18295846686466266
71562,-0.08129231951145144
93683,-0.19023920227644808
19822,0.10390875152480117
74249,-0.24153649711052427
50771,-0.10537485921241885
69047,-0.2231889020864073
20624,0.09588260078672839
20516,-0.1566897152753599
72554,-0.113972723794455
14314,0.1692299914411901
142682,-0.17335342622920447
211978,0.19764164182464317
104082,-0.2076115260048379
18805,0.17581883802759268
67978,-0.1348737154094346
15930,-0.2198677604319328
319554,-0.14049977073922193
209815,0.0849563906041979
93888,0.23837320387974126
241035,-0.13162088058785493
70166,-0.18653041988153918
66860,0.2879187185223886
74448,0.18158931097657094
93737,-0.07450847733004196
244653,-0.1717337011231077
72391,-0.1417923548552178
218066,0.1632833738602617
217826,0.11367824201177168
110379,-0.06087858121663281
24000,0.19424040625048633
268564,-0.10587099375374542
66492,-0.05758982872974805
19725,-0.19781885536553112
68662,0.10772276985544327
14697,-0.20425050288186508
50781,-0.2224564261240456
21385,-0.16599822066533765
17752,-0.1467885445292998
52076,0.18511319175772378
22678,0.2002572663245048
21828,-0.17894964004748193
20683,0.19834306425244463
73327,-0.1604351067104739
69694,-0.22390029252538923
54725,-0.16125358034546267
192113,-0.16271127790041273
110380,0.19047892881170192
14870,0.046281234608940736
215456,-0.28214800274369356
69398,-0.12733856161589419
14430,-0.1242508361062189
396184,0.1486630508919733
72780,-0.286720101855817
53890,0.09598042328266132
218832,-0.20066885615469232
22630,-0.06318170024272263
14859,0.16542635181947585
57755,-0.3341114345181295
68054,-0.19735804544699764
22367,0.08978051260121322
257910,-0.21144744782814584
59022,-0.05594116401769078
68259,-0.09742475149993446
230576,0.12939306719591048
101568,-0.04616350789170731
546611,-0.24188457017679132
68393,0.2167398028409817
232339,0.12941209731374492
107047,0.06390325748309422
18150,0.1388948099099805
208518,-0.19698395145989966
230801,-0.057668726367019474
69547,0.21429689307436917
66204,-0.17633404692216725
72323,-0.1372357221015843
68303,-0.24090341993964692
234814,0.1320917474376131
12560,-0.35393494194638375
100216539,-0.06498097520605839
268449,-0.06498097520605839
108168140,-0.06498097520605839
224860,-0.05933211653846904
213464,0.10316611584816648
73341,0.06949206259118945
209176,-0.155883667895508
214897,-0.06538125697387187
171212,-0.05604877240588202
97761,0.10469752351740258
26425,-0.06260922373414957
328381,-0.1853443557844674
97440,-0.1686817044757154
239122,-0.13554620813794038
72058,-0.16882168574518897
27401,-0.15372491576016678
16165,0.1831338143337109
20450,0.18462469253650138
16348,0.0739755022616162
11839,-0.1616345762589111
26949,-0.16528633389548997
75991,0.1287773681556601
208158,-0.0712849373789286
16531,0.16040589621982093
18770,-0.2660622995216082
67781,-0.10756003748568599
11656,0.03330791231724817
245671,-0.18456764852190144
19090,0.12359463429653328
269587,0.10212501880499758
381924,-0.2282022420807257
223513,0.210046439072765
219181,0.12255387595351408
56697,0.07563383043090344
72136,-0.15371859421333944
67305,0.14720383754291344
75571,-0.1946056755399912
100705,-0.17602340629963997
26398,0.12972351971320517
23885,-0.08188078973423618
56422,-0.07656098339416317
435818,0.19133885890227464
74186,-0.19726505549806594
13204,-0.20317398175661427
16508,-0.2036087412377654
20599,0.20576607842667283
15361,-0.05690713625279642
14677,-0.24791656229829018
12005,-0.07177776522851698
50880,-0.10169598372453237
12421,-0.183183346412517
74011,0.16904418278003774
104443,-0.22509130564220525
68889,-0.09732582464532946
110172,0.05245228154448789
54721,0.14003042843587732
12729,-0.062307538766816606
68472,-0.2119834506276561
214579,0.1952957485447504
15382,-0.0718348344065678
67163,0.16446859657440793
269209,-0.12736296675213854
241525,-0.2237626143725402
20429,-0.24049173822209946
64707,-0.10731225693764124
74675,0.12694779227511166
29816,-0.11750504006776552
110749,0.06542363963569997
329260,-0.2173858780567075
232878,-0.16394003939270618
12211,0.11617305843025338
20927,-0.1499308742652543
545893,0.17340964546660143
105000,0.1672087198427583
74334,-0.1415764171554592
53861,-0.08313490099907916
74271,0.20470054780674118
67099,-0.11832887539256642
24102,-0.22784950573583096
18302,-0.16386749931656208
12448,0.2208238779254219
192140,-0.19430715976940327
503610,-0.06474743910728797
18682,-0.2075473045685472
18552,0.13244448168051415
12296,-0.1859566163058366
20415,-0.2279116742612719
17345,0.19527062833825504
60409,-0.062101521576183316
237988,0.17370345747503269
75219,-0.15509009368650784
17293,-0.11113976786707092
210376,-0.1290297284407016
17537,-0.1306148618513152
209200,0.09380920257409997
236904,-0.17523472807332663
217734,0.20729586613603246
243961,-0.10966141305685628
69046,0.04712548632537228
11933,0.07200217794208363
69151,-0.12995313671144348
76399,0.23752310182699565
17695,-0.17985676964684227
12488,0.06733398361270915
81904,-0.2025024055081177
219249,0.07899845583903264
171207,0.07024590297907807
279028,-0.18313490880197492
17761,-0.20442117315982333
208990,0.08916931978179754
21379,-0.053467874684052674
18314,-0.222296288522148
15216,-0.10879190818578621
207911,0.20000813976508702
55943,-0.07717466007874041
81840,0.17543604851009587
24060,-0.18371722828571002
209131,-0.09316130759919439
72640,-0.181432172794036
13797,-0.2807215456615335
69957,0.06856687777505144
12788,-0.0809347359725896
227606,0.13450174297372053
18505,0.2297539009538605
19179,0.05376276808002878
77531,-0.20940177088203438
22145,-0.05133403097788758
19687,0.07263076249461342
56486,-0.04741939767257364
21954,0.2023827827993534
30937,-0.06759242473465754
29810,0.09500108826301634
13505,0.26117810027527977
100855,0.0880507268366042
434484,-0.06904202101253354
319618,-0.0780230821927006
56720,0.17321776109838716
11705,0.2944820422037502
217721,0.2097381831794869
19691,0.0904659892197488
56412,0.05030466280059365
19383,-0.10560994347390107
140887,0.08448577338448882
98558,0.17737364795030963
246049,0.16614407326965575
68694,0.20366619002915964
11576,0.0509789576589208
232341,-0.09468071396934974
101320,0.18535705703866645
230824,0.16051027761765368
258606,0.19492223440711287
69091,0.166131601967475
18458,-0.08629941812849751
14266,-0.1744457778450892
68169,0.1738192693003997
14661,0.061641605677243305
22019,-0.16180463403110235
56249,-0.0602774963100714
56397,-0.05790265457417476
224907,0.07929817314629695
20983,-0.25834341235675495
241547,-0.2075017582083456
16673,0.25445684646086386
67675,-0.05942477562478743
245828,0.07241360890922621
52430,-0.1353336744772946
27494,-0.17454600727801317
75901,0.11488427939647838
66881,-0.14599839848795337
19357,-0.07733650686797944
102644,-0.23956531278187398
330812,0.15508199415465374
55990,-0.21886584198856207
108086,0.06038931210636811
66708,0.20767162638364045
19946,-0.07157805844319931
56310,-0.058811425771617465
108052,-0.07486154991644334
12834,-0.14208353267568175
231912,-0.13929991498531624
27015,0.11730842034829703
18143,0.18363723786132402
18798,0.15641237098629013
212892,-0.16736593228142205
18507,-0.13438878264560916
67443,0.050855382965160345
18208,-0.2016541419404092
381485,-0.18179981922510624
73388,0.1682617681726457
77352,-0.13584939170413524
54208,0.07114493542308153
207839,-0.06764741769149829
231464,0.09220904905623506
58909,0.1456105749398624
263876,-0.05180435914912529
12164,-0.17140566551148062
66988,0.08329246917486888
107503,0.07434492357618794
77090,-0.18992765223625785
223664,-0.18123253403169048
210146,-0.2021868741118329
223828,0.08191898514186757
75763,-0.13842676006189425
382137,-0.10423431760494939
76781,-0.187335697277482
18534,0.20023932725949667
218121,-0.06655453548645163
74360,-0.12082911756767345
170745,-0.24486651545540195
107656,-0.12410381062436393
70885,-0.0707938255996261
217030,-0.14292601694412888
215031,0.23275423487147107
171282,0.19415546661475824
23795,-0.1995595937183685
71999,-0.08634240992625308
23876,-0.15275146126984884
20055,-0.05606327014143808
233328,0.08775526618874441
16151,0.0987040078034962
72167,0.14180721445343014
107971,0.2379481957664229
622117,-0.17980850426399186
78833,-0.05703160449479938
17883,-0.20020690365947313
17830,0.1427888857337356
53901,-0.19746699864076023
74443,0.179905126688503
407785,-0.04805266895783156
214854,-0.12012806765985395
233065,-0.08067418024868367
64918,-0.1858408276288146
268935,0.1402517885180563
22408,0.11276262454675923
259041,0.12442607428552055
110083,-0.19449654477216782
12929,0.10622562819327364
13653,0.14710302667705566
52915,0.07587715509684578
243537,0.12481325164426549
15259,-0.06316241213875351
78795,-0.2798332331319435
229715,-0.20660899277496636
22026,0.06771255586065017
259301,-0.2086076600258382
13840,0.18011403556690997
81896,0.1347340634394767
215789,0.16935666007677863
51786,0.09340449031742892
67870,-0.15708342533873676
54390,0.0597549356578817
16706,0.17616152785509875
18160,0.26044482256567525
17260,-0.14801154253660798
110920,0.15877583949778007
11932,0.21551678006691155
233276,0.18041773209632161
20191,0.20883893642012197
69384,0.13171440961418668
14733,-0.15949419598334025
14842,-0.163860638802225
60533,-0.1672511618517838
72562,0.16243685598915647
237397,-0.16561442847884145
216739,0.2629516082642378
225724,-0.17241260736045128
259300,0.13448993584343327
56427,0.08487365977813344
22186,0.04813143110114737
102058,0.12173762682234113
330450,0.21594218351238847
78294,-0.06387597795142952
15424,-0.25812672852411467
70294,-0.07137700974549865
258749,0.14081593455790697
66911,-0.06475450322076348
67469,0.06925741545275166
84112,-0.2738438726807111
30926,-0.0625080451581983
13052,-0.14160174896141609
11845,-0.08158512687336028
70144,-0.09670616995870063
66701,-0.08534439882741829
20930,-0.06207689540324424
105638,-0.14192908510647229
26356,0.04903953444647691
216991,0.16220552972753577
269356,-0.1749516384009313
213435,-0.1285349978218866
17288,-0.2088625499963923
103743,-0.2411812857168001
14017,0.07536893868484817
66361,-0.13058233190564206
54615,0.0876335859175228
223922,0.0876335859175228
75964,-0.17812544768583383
27416,0.12242821469279885
22720,-0.08752410470903804
20476,0.20936564217028897
70024,0.2159024707331838
107999,-0.04883572838476091
194952,0.17478466676550397
23971,-0.12905675092555047
79263,-0.08907463980851826
19317,-0.1175760876633376
14000,-0.08024174238293114
12568,0.13076602592278253
15366,0.09395115046850222
52633,0.0781591433720008
12155,0.2123410817153708
246086,0.19538362902369677
433292,-0.14901819583281384
21961,-0.0907748609701855
74136,0.1038237932984849
432572,-0.11927916424704144
320183,-0.246512920047123
56644,0.1010970746099531
12305,0.13308274168785328
212442,-0.17545057040533685
71972,-0.19271434578162605
353187,-0.145549143723823
66197,-0.11933059952359937
68718,-0.0691179989710129
56208,-0.10565556835273782
13401,-0.09749136330969144
93734,-0.22909642201449731
252974,0.15816660335259503
77595,-0.2353149282099043
56543,0.12660933023354026
232801,-0.17071139856683004
68916,-0.05750066668551845
77613,-0.15492071369060323
385380,-0.16397441351916786
237782,0.10414704347378567
76747,0.0643576920300486
329547,0.21220213820143563
258601,0.19972262438349953
68680,0.17576720207335228
56433,-0.06723158905343496
15468,0.055686961067019425
67501,-0.09290180220415234
107829,0.07478789994037349
170677,0.2813715036170663
238831,0.14751771664656932
258690,-0.16092092678801517
13712,-0.18860806168717126
232237,0.2025038170032465
12012,0.18039902365567873
16177,-0.2045680941172492
258930,0.16186044692057466
381359,-0.24454552791397655
70233,0.09992048426449873
16449,0.16437443332722124
57080,-0.08629042627067385
67727,0.08757583182609796
215303,0.09761916416130223
244698,-0.1935314944276474
17681,0.2259931084818385
242443,-0.22044667056624823
270110,0.0711887453697031
111175,-0.17775787059359693
271813,0.19280906999252245
17927,0.14615850118419393
15412,-0.12726627183327643
18570,-0.08089167133605635
234421,-0.13698652795565458
71409,0.178899909269588
75869,-0.05893124953021811
18432,0.05779299016665185
71778,-0.08051202471078245
27078,-0.1809344598987055
14235,-0.15856634089632582
14425,-0.16559104148590365
17390,0.2195739321654484
11988,0.21454444098806036
233824,-0.24130557641624062
12033,-0.1301984237176903
11781,-0.17472061327436617
56418,-0.06414249394383376
71607,0.058281600718400384
13178,0.16822045215770132
14051,-0.179848690586498
57317,-0.07387839318419509
208715,0.05717248147587384
21843,-0.06394227714426037
20604,-0.09150405384061155
108138,-0.06950919244725196
232314,-0.10769148430872821
18551,-0.16972823086428956
70998,-0.1519230464200465
208171,-0.10785136432491527
20379,-0.1590242248141589
114875,-0.13013803971406368
71720,0.13987485302120373
18263,-0.05741056570535541
103534,-0.20483960997289907
268566,-0.16684806465528013
22779,-0.14841869589698753
22589,0.1658089200165085
29873,-0.18130779189345425
70713,0.16060959845866396
13436,-0.18188703200295997
223723,0.09710666385012257
70598,0.20834609038911278
108071,0.13400280239595297
76577,-0.09993403368991238
27387,-0.11055677844676204
93879,0.20793419125668278
106200,-0.0697826201044478
26611,-0.1834330168813656
70207,0.18753363854810345
212168,0.1795152062601435
12927,-0.1425360195814136
18781,0.21763833601117355
170744,0.18574647812023848
18423,0.19659688073891157
67136,-0.09327643372844818
75974,0.07086459363413233
227157,0.16630845394653093
74018,0.16630845394653093
29807,0.12111759900644614
67010,-0.07664422339522581
16897,0.1985714228765212
233651,-0.15247662070381818
213990,-0.057989292148795
110196,0.05732099580201133
74091,0.18259361658155004
13040,0.09068297245500645
217069,0.059624539386197384
12865,-0.16511209145540207
56703,-0.05001204353332689
15273,-0.1695426790779333
72388,0.14980027431501686
52065,0.06688707580550002
67848,-0.0798037201997408
75172,0.16196567242030113
30954,0.07994916654632256
71869,-0.1796160945236398
192287,0.1895588805137267
13135,-0.053677676212808834
18406,-0.16874659972738026
71745,-0.16568333928057477
107585,0.21463329612511295
223770,0.16147508780844966
68742,-0.05916557456037097
68628,-0.14836125927387034
68193,-0.040513490690656795
15492,0.16828575409312752
353282,0.1552567123251123
66841,-0.09587967238035766
71795,-0.0934335764692591
22221,0.10327200784754087
106512,0.053027726606682535
16589,-0.06304849876470442
110326,0.19226727031984403
57260,0.2364109483036425
272381,0.20988089664754828
387510,-0.20552420213443767
210094,-0.15983046780182253
68671,0.05756896993113081
78306,-0.14416636568438745
66284,0.07228884359474996
381979,-0.1950077040995275
21413,-0.07359637966363408
18518,-0.08208105564935408
11468,-0.1712145774339886
101631,-0.10397752354754353
215653,0.05774608377222634
75141,-0.09092538343480694
68365,0.05905382585627983
215819,0.13747389788104414
71946,-0.1411740614686039
74549,-0.1001395039790749
12614,-0.12581609061046972
24051,-0.16321227417156248
72181,0.13219901605795226
68166,-0.19810907396904565
50523,-0.05504829824692514
65961,-0.060853458981346975
73178,0.04976442435235651
67181,-0.07292452477820177
12386,0.1685015059237691
21848,0.07435027928941373
246316,0.1883794096887601
67154,-0.054614393811977635
11991,0.07275431106811858
233405,-0.1532158697135717
75050,-0.1473294743011202
629747,0.15846924082521463
21427,0.13802069946431939
67553,-0.15902173660202834
278507,0.17799386350715984
71755,-0.15240977669030453
170833,0.11166917492618555
12466,0.13169839126290928
107272,-0.08043294829444392
13709,-0.07399301707456907
68460,-0.12706606152317024
12835,-0.20385692835970914
381903,0.12726765520393712
116873,-0.18994991217765644
213696,-0.16022090566502056
233744,0.14780338671838056
66401,-0.17148048046657394
94089,-0.08394511845996622
66921,0.07999039579785716
103573,-0.0553322619078056
69675,-0.11949970762617301
268527,-0.12013053914181526
59058,0.20218572524972345
230872,0.2137485880346679
20855,0.12746185058479087
380969,0.17718828302074918
13688,-0.05986779048030577
71365,0.14414793611962473
217026,-0.17646147302462722
108911,0.0752682953871826
72569,-0.15840022419182098
20192,0.15689384411977603
16539,-0.19887217633300613
22377,0.049654081504632686
78751,0.06650620901434756
20842,0.07645307742290353
67717,0.16655939382118934
14123,0.12544384595937697
16594,-0.07180512889493507
22437,0.18650453453562044
68810,-0.189703871316107
380753,0.12057024228604263
24018,0.07540766216356154
52118,0.16017379787442465
55925,-0.17705221558763817
83486,-0.07672490904828067
338349,0.12530779736702335
27362,0.13589743619245365
53867,0.1851177936220627
13796,-0.18358241770755157
76444,-0.24428478802205777
70097,-0.1739148762920184
619309,0.16259266176858755
433102,-0.15846958537221045
229214,-0.16819230227205928
15558,-0.17317125798463495
233904,0.11510672373738196
104080,0.13599576649795075
80732,-0.08304275186480581
102631912,-0.11165881923490062
69878,-0.05816355987049171
96957,-0.11929132645523222
72029,-0.16232111714928088
76273,-0.21459865249431243
50915,-0.16710523790631981
234683,-0.08201989997724457
24001,0.1506061013715687
259045,-0.19992811626088125
14788,-0.06429168966557697
12504,-0.06429168966557697
22379,-0.12932756927157296
12797,-0.21738951757111824
56273,-0.11277435902139743
21927,-0.0993383124384426
21338,-0.2188779595764081
19819,-0.09925223983698572
399558,0.15181022280570655
19650,-0.1932903902254095
19014,0.04757936367506943
77300,-0.10950721218428949
106347,-0.1823347842551195
237979,-0.0902864412062847
26446,-0.05519262055647012
12572,-0.12484811525890116
244209,0.14313533061644002
213068,0.1795893935879871
27400,0.22235125978127712
100763,-0.13884544851360126
19181,-0.050531730682306986
11924,0.15318212428939137
64658,-0.05283191554990374
226982,0.1616230215356027
217109,-0.15995721257239826
259147,-0.17369087388388937
14160,-0.20706129258177697
18575,0.17681050343747717
14536,0.2199018525175318
102632,0.12881485569475437
22123,0.06316186810259161
66695,0.19758832525081171
235041,-0.15997658583683494
218194,0.18467335305958654
56357,-0.07825500598096369
319965,0.06728700997938653
17245,-0.15826631803349045
18221,0.052771862049521445
68904,0.14328808415926453
29817,-0.1645562849501605
259095,0.17289812820677675
29819,0.16009717968278014
71889,-0.10104542569950326
13396,-0.2525350282948895
81906,-0.18255129151066818
210126,0.14787931633894758
30878,-0.13409320897031396
76415,0.1737773294777174
19035,-0.05906821183839561
11634,-0.20411855993388972
229672,-0.1691790148720269
73242,-0.15906945133397965
20743,-0.14361897874581508
57751,0.06236784054255118
56508,0.1778525816393488
225215,-0.09660090635737184
18974,-0.16118038689084635
72183,0.06610376926459338
66340,-0.04068152009715931
219103,-0.14671005495924572
69554,0.06879812941128272
214158,0.21819591901072943
66530,0.042667869642484035
72313,0.08676300842240714
75507,0.13115928981630276
230398,-0.12166393941023923
15209,-0.12804435035544603
20538,-0.21426363551934235
227231,0.12776584501950428
100756,0.06655925778560601
102637926,0.06655925778560601
66884,0.06734092484278165
108121,-0.05295803406743538
242022,0.11749149364722022
260302,0.07731134891451674
252838,0.13778806534876775
260408,-0.19156256884069478
14400,0.1916702194504354
213311,-0.19789707671768797
20319,-0.16937305220835608
55932,-0.06622858849667068
18645,-0.18999408870246448
54140,-0.16754075551542336
57905,-0.05771822229771928
14939,0.12709343278701102
382239,-0.13164982537616599
217340,-0.14032551418818429
640543,0.16307608130917073
235459,-0.05592515954051791
15939,-0.1415302323779839
13876,0.19797036151476144
73703,-0.1649275769970373
320655,-0.14981018926287426
214742,-0.09593576002871096
100040201,0.11319304711811906
14872,-0.13692752740390812
208098,-0.16901433912138408
233406,-0.14361595632156643
240665,-0.12096230957728693
14681,-0.15326665204784895
13680,0.12446500764691759
74775,-0.052801996083902125
12672,0.12069473967062372
239126,0.2250064190320331
16413,-0.06086704048698088
105245391,-0.06086704048698088
66399,-0.14058873052789522
77805,0.09741656995399861
67149,0.1424255232224212
194126,0.22643156321831093
67045,0.13801613121648515
238161,-0.163216471361475
67667,0.08304756114624201
13132,-0.17026034895014686
78937,-0.13466203259350795
66994,0.078300040374784885
230899,-0.06658919231456828
210762,0.18304410386239622
242805,-0.16083910456437378
78618,0.08174335349309025
212632,0.12608025216077756
23900,0.06741650800376142
81898,0.15688308093116632
12696,0.10088704281884908
15078,-0.1384331226805342
21357,-0.04290719006009347
83561,0.1786678040904337
20338,0.1323154712370478
13856,0.1836330155472714
59038,-0.18824236874113431
66706,0.16890748127752797
237877,0.15294467741509088
11287,0.1855498472357806
68750,-0.09722855932920105
13522,0.1793962784520926
212989,0.12589971808429823
72522,-0.0652264438890402
94244,0.18362585223726846
71452,-0.0870387771590897
76498,0.11633508514891577
208213,-0.21459282824568326
18986,0.07400059012204707
214601,-0.0795756333928539
68214,0.1731606176233318
69709,-0.049115183311222665
19223,0.12283527866647415
66557,0.15884778198967542
215351,-0.1594972555189882
53611,0.058600241438279355
20935,-0.08309271035585297
242667,0.11280228407125126
77286,0.2601230722881933
235497,0.09822595195310768
218035,0.07898109379831197
13605,0.1271597784556171
18768,-0.06825201977234663
78752,-0.15315230970884564
11516,-0.15619126576278752
228368,-0.05032213800791041
18189,0.20334464454278134
14787,-0.16037519846858128
272636,-0.12463282968516154
56361,0.16638506702652922
19879,0.19893758755564273
72946,0.05791729088164921
56839,-0.1731838483041388
228812,-0.10432905009923577
103967,0.13969305403135923
73094,-0.1520657815329658
54486,0.24779302930307479
70605,-0.13530333649013304
13542,-0.06670610557545231
71981,-0.1922469243259637
19718,0.04993446142547775
71799,0.14573055542179603
223649,-0.13730461908062175
331401,-0.10058991003139894
210004,0.12652717450512707
18807,-0.042844928055217224
16514,0.20509076558531225
67666,0.07188623135663796
68294,0.0682566440324397
77573,0.09745450255781041
11486,0.05548389814226873
66824,0.056950336802838564
18021,-0.1023473842721101
225872,-0.21597213895853073
109929,-0.0611538781681471
233863,0.09361535674400745
17441,0.09649195006065625
68507,0.1390385338151372
217733,0.23108835776001158
71924,0.14123924375222519
226144,-0.07521240154363085
69804,0.04696267804575527
233902,0.058243080461979346
229665,-0.10921705025072104
22757,0.047516198475101135
672511,0.08437113279706132
78914,-0.08361753844537834
64292,0.039845576615400446
18111,-0.1566265964947382
258763,0.13111073731682854
52432,-0.04388007656414494
260301,0.10548641398348657
213119,0.15035889961289772
20394,-0.051774906272681775
13612,-0.1476898991925606
381413,-0.16840833828861523
67972,0.12798087214186626
107817,-0.07359964603978142
75796,-0.16232721646389336
24105,-0.048648857915894794
14748,-0.055935082488913324
67656,-0.14457136451653518
68720,0.08733930385047461
16371,0.1346699387978596
245446,-0.17768028227559718
228482,-0.14735698855938573
338337,-0.187577152041146
227835,-0.0546166420295755
74325,-0.08719800948520717
20475,-0.15647604581665808
232973,0.12361429156114667
16950,-0.13295269212193173
269198,-0.10421596153146329
17847,0.10614987601607329
67948,-0.16374657268646242
78789,-0.1827875937474408
105450,0.13688836962629614
329908,-0.144235858809024
110157,0.07049048383078294
277463,0.08839845056730944
107652,-0.10226241780017453
68053,-0.14135903133384797
108078,-0.1354802344660495
242377,0.15690586880790125
14366,0.21478530238020266
67768,-0.2104753838046154
100340,0.2096703086978584
234404,0.09612376817941559
241919,0.1805135841507557
58244,-0.13149358722563154
16324,0.19913215492278447
50931,0.06649317107861741
24014,0.08556177276726018
19167,-0.059742359127968214
17146,-0.2040076104362356
17145,-0.2040076104362356
546648,0.10765869729238187
107321,-0.05012576527082402
14030,0.05447105141410802
170644,0.04137680577042602
233871,0.0758075497476316
14077,0.1908760392024984
622480,0.13847308142753967
75510,-0.19610167734864348
66320,-0.04770727036182976
271305,-0.20669484675896665
19258,-0.13789872711538909
17690,0.10237520144398005
66972,-0.17356254906069157
327978,0.16520933115617709
56503,0.07836621287915868
320119,0.11567145323860029
12721,0.06456751890200785
17451,-0.10604678049605765
74337,-0.1275546802628429
243499,-0.15304253741216023
72982,0.1989642894560517
240057,0.14944997807559446
245622,0.2751138136154436
16621,0.19337506150897754
21982,-0.08406976804132604
629147,0.08035911477225133
18211,0.18929914904368905
66687,0.07757514932346954
67015,0.12625832314937924
57276,0.10365020472790487
19359,-0.16502861025010684
230848,0.0541412283892484
259040,-0.44073735372136724
69207,0.09440309314588013
16872,0.11003952230254299
194433,-0.13328068009011673
73809,-0.15318719969459416
70503,0.1608537109677055
20511,-0.14746135188764287
114604,-0.23433358016894568
22129,-0.04692887315484562
381077,-0.14069573658947387
54609,0.09220904398749319
71912,-0.10539939224612649
69097,0.15030715157425867
17165,-0.06044181132124038
21375,0.22544813169762135
20391,0.17257879543736632
56691,-0.1624384275952795
20502,-0.19036973962955006
78656,0.19542560256529384
16172,0.14454854237939152
11990,0.1507726678430199
93885,0.14163504656587111
207932,-0.11895208604803376
233836,-0.09412733222097902
17826,0.03703815761415008
114143,-0.04718594480843841
77827,-0.22732403925253308
19366,0.12632334951243518
11789,-0.0857009744002113
231830,-0.16806680774513172
270035,-0.12048421599839099
18426,-0.17951631040413218
93689,-0.15913776503860255
237360,0.06520302955566848
56338,0.08254423665726485
214444,0.08285425797947532
667742,-0.1724058773561632
14169,-0.17621078184868821
213539,0.15352334227023778
67945,0.03777384953586349
19153,0.1323002217421747
23877,-0.07993118382084141
74326,-0.05508278371884323
12231,-0.08900337713287243
114712,-0.19812598067646148
259071,0.1327397659801468
319481,-0.09654239592406544
14114,0.12794636280211424
432779,0.12820732277990032
17131,0.12817769164884663
78798,0.07868089811440626
64136,0.1547217475819549
20860,0.1335971172295034
70484,0.08444876503603282
60594,0.1406273308868924
68050,0.044525356283452666
238021,-0.17273984815557064
320311,0.190609749272725
232157,0.05128146658807253
14173,0.11389909685500754
20657,0.17127445252976337
76479,-0.13642050963400898
20333,-0.05716065026930295
50791,0.09977018839533258
69697,-0.09323813224612554
24063,-0.12883846563223056
14407,-0.13033322604294462
215693,0.13117917353008313
72774,-0.05732174901229925
11833,0.13267869029218904
228858,-0.1288361966609468
18038,0.052344127993929845
15251,0.12457898089307529
50762,0.04552310317475339
109979,-0.14734256089665365
231889,-0.041054829727148245
71176,-0.4219902822821404
20908,0.1678321508120515
22247,0.06290299758513918
243914,-0.09496364866912721
54651,-0.179373173542559
18946,0.17017291733656226
18571,0.059583187103358526
75613,0.1218007210007519
224671,0.09431970426416925
20947,-0.06584339437250009
218975,-0.07748257979133122
74288,-0.18358453541112318
117591,0.15034242974618728
74438,0.14066091131445013
170656,0.1594943156128945
245866,-0.1529123871470457
28113,-0.07858012175847318
12144,-0.14825809804684553
381644,-0.06793959834570096
19075,-0.10594329787769574
140498,-0.15160788831194827
238386,-0.1394238630619471
386611,-0.13364532457061618
378431,0.13256359912073012
55980,-0.09708992934882055
69826,-0.1144084854963312
67983,-0.14996168326098047
68126,0.10113175185994638
56492,0.17645527966928576
73845,-0.18580794343535612
114570,0.16172649796619698
11907,-0.08607695170447371
193003,-0.20390656934451856
56437,-0.14092565273978241
268970,0.09502232464074378
56808,0.12734630437207795
58227,0.15211836037124726
242384,-0.13461126059230244
237107,0.11560352535433083
57256,0.15459323676649817
75599,0.06546930712058163
54373,0.14806638459044974
214901,0.13610698227570772
65100,0.14875220436556447
101613,0.12076126444859003
105859,0.14260753301935392
56095,0.0805050644223737
18292,0.13965557711304655
212898,0.11960303450520104
23853,-0.061616166165652686
78076,0.14726534395927837
19876,0.18976300978280225
404549,0.12282194430703619
276846,0.05383459833219284
170826,0.16169016743853248
20872,-0.06083872417059766
13164,-0.21714275163814012
18767,-0.17821725339857108
72002,0.054135358956740376
240023,0.04703766079991922
101314,-0.04318393094756168
20500,0.12511679450858848
71709,-0.12663757905450712
103135,0.16326825235574383
232906,-0.10421669065426276
22591,-0.08017236240269199
258932,0.12121398870754874
56857,-0.09469511944088449
67681,-0.06947954140164292
75627,-0.14034747121967417
70882,-0.08871361029747149
433485,0.16846823378743636
225152,-0.1743584551757964
170799,-0.14648362774937862
16716,-0.11954781479797161
76187,-0.11655390740681337
59029,-0.08157961318919327
380836,-0.09859659548303146
18016,0.05913175203716925
20754,0.15129584899259108
634731,0.10857351881403776
67920,-0.06503469872590628
30935,-0.15278209554530342
230815,0.11726635883752756
12922,0.17963816643105535
19281,0.18298539529057667
53870,-0.11530223469457823
53623,-0.24937475266229558
269695,-0.14047307612673432
258486,-0.1794208927516685
13859,-0.08018160028091259
242122,0.14844074671062568
13716,-0.04439431359763901
53320,-0.1142546031448739
70387,0.06816486520618081
12944,-0.1627760322697589
67292,0.16869090079120141
69863,-0.15349798398647163
21907,0.18333719939541826
18536,0.12849597719484684
214254,-0.09377811397554758
211652,-0.10397341782925285
228355,0.06861611711654803
72157,-0.06518120446263076
68066,-0.05865300065413237
11480,0.1580798376126813
268512,-0.10889680630508014
16524,-0.12499742061692576
104776,-0.09482398166737127
56771,-0.1692656983546712
67374,-0.13610375610350722
239932,-0.14385978319669102
76737,0.045107055429744136
319581,0.1232027224645913
72281,-0.14594158659003353
243385,-0.12851802057342265
229595,0.13582144592344303
231506,-0.11551349510059339
11989,-0.1585442789701803
231002,0.06309436559002357
231003,0.06309436559002357
11350,0.05776438616426205
71978,-0.0822177347780304
22226,0.11851210679261559
57275,0.11856941152323408
14086,-0.14331098246058938
74245,0.1262662441466338
403205,0.16332230813750925
212999,0.1277237014031769
13681,0.05088929197368053
227929,0.06338625293527933
69723,-0.055283630210174906
108960,0.07150058775463641
56485,0.16455920696426451
277250,0.1176476817269636
69824,0.11363951991070298
12705,-0.16668549790432508
20196,-0.0657938921569432
108075,0.07338057399197773
69299,-0.1960297838826679
21838,-0.07063431459897451
14673,-0.1023346690677176
240880,-0.1167590449914071
252864,0.14279145412304572
69310,-0.42470164322657267
66155,0.04278470943535595
107868,0.13327968191660933
57321,0.12377398308679854
52513,0.07155385843868345
381884,0.09295721574690852
26894,-0.04341608304667055
71703,0.09274985040499306
56696,-0.05144008366536745
258772,-0.1636899388287052
69083,0.1508595823785983
68479,0.05374132213231242
110075,0.16012331227253762
71803,-0.17429354335461866
83555,0.09786581259697069
54670,-0.16324054673323785
14232,0.045210823926776555
69481,-0.17177791833277567
217154,-0.12649011666522636
258600,-0.1833140651362819
67011,-0.07651181510687444
14590,-0.06947548687346661
382793,-0.1806831820031265
75396,0.1849319359502708
328778,0.1288092018863276
26385,0.056239762444414865
210029,0.10620863682897763
11652,-0.03360742580401066
56395,-0.14803599007451052
72927,0.12651648611261201
12751,0.10420494805952973
104806,-0.06722144553614573
14544,0.052173609117259545
109685,-0.13396153646716424
21410,-0.1445184358228424
384185,0.12740237456751835
52705,-0.09739968127745424
258821,-0.09124723598452533
242274,-0.13248838417854003
26970,-0.0908450845227664
74158,0.039109751229155165
17909,0.11527495269532473
70235,-0.07471334036595323
67731,-0.0843044873496277
67568,-0.1260802215389285
100038882,-0.07975432531018001
21355,-0.057315031834313857
11549,0.13879083070291554
19023,0.1306289583774216
17425,0.13535031701955802
15168,0.16251332531357932
83924,0.12031833341669351
330485,0.11987006527625343
67287,-0.04619591308875215
211347,0.11352958035810712
20973,-0.039779275722279905
69499,0.11249829604054629
230661,0.08894594322746396
66959,-0.11846865011579588
381157,-0.10586857897040503
381339,0.1167781006976325
245533,-0.1639679414212818
16370,0.09816597261014515
71223,-0.11702295025969445
11421,-0.1020017202597554
16776,0.10439294237455155
20479,0.07254888443283036
11834,0.1836601534603881
18514,0.09434467526350332
67490,-0.13294396309272827
217140,-0.04932493764448154
23854,-0.07487177320544802
15379,0.17011080817395285
16704,-0.15600014078825275
69587,-0.16395041135162813
76580,-0.04894950909516815
12229,0.048022472690780305
68828,-0.20068724344083666
71412,0.19489140747025768
140721,-0.13720471179569493
227743,0.06468428888612543
56462,-0.04838471286198853
67016,0.11754406846573939
11609,-0.15508434910615376
192852,-0.15874265092446027
14651,-0.1721056734520232
230027,0.14252175177687265
12794,0.0734167476545764
12766,-0.061430009716803013
235323,-0.051764809998921635
70579,0.04501090369665839
667118,0.04501090369665839
28064,-0.03892601392602302
67198,-0.12409940449398338
66357,-0.06214070082697276
214523,0.16257944710927497
22420,-0.1727850610399866
56358,-0.13221695742367956
13124,-0.15031508519270753
110084,0.11727886303631241
68090,-0.06382520949135184
328035,-0.11379117698075536
26946,0.1630563710621642
235283,0.0955052326876622
74320,-0.08662596662456146
68839,-0.06722480912769235
320878,0.1071120765718101
68268,0.06560504402678369
15557,0.19087821412996586
20670,0.15993106076371344
320365,-0.059805829953370804
11852,-0.14210970926198918
13371,0.11575100072896882
67968,0.10636526190782103
15375,-0.16025088361975204
21336,-0.14048589910087417
67569,-0.1190302412136579
68520,0.11437776231406716
373864,-0.2096418689372026
226896,-0.10193739790869216
235567,0.10046644654952708
109093,0.14906080938639832
626359,-0.09979273694547253
667772,-0.14399912178584096
56348,-0.09967027125824934
17199,-0.1921150574502688
71891,-0.044486656861277396
12235,-0.0672807905303916
232493,-0.1412346963118516
209357,-0.14279061146441752
234023,-0.04783980105919561
11836,0.05247691479696748
100502876,0.16332526410489212
75552,-0.0920892837816858
104307,-0.0694414444637399
241528,-0.18712821042503958
78928,0.07409251042150444
57274,0.14268872228789586
77794,0.16581923910975638
21770,-0.10670031328631069
69807,-0.10234237624729747
170484,0.13452079067200007
12895,-0.12459541007037878
18793,0.06823807545507954
192190,-0.15202571340160143
67909,0.14480616639571675
14456,0.13660910777383428
19173,0.04528770483740274
11484,-0.21068689945819674
18408,-0.1110259373478435
67763,-0.049468315334864954
216853,-0.0382891494771318
208967,-0.15580684772687725
14394,-0.1302841021622303
59028,0.08846157657562692
69938,-0.159609079578094
17001,-0.1560535188151455
11441,0.15332333891261118
382113,-0.18680838063312644
230718,-0.12608024644311655
56863,0.07844932659957404
67465,0.06569923849009385
51960,0.18198620714502045
230777,-0.173064706104185
71213,-0.09936709688581313
246779,0.07556622989409512
11536,0.14475705913160786
75040,-0.16076792621165437
76857,-0.11751156716541633
12050,0.12556882629949762
56741,0.14734702191708005
12953,-0.047870047867473176
14359,-0.044336156205954325
19387,0.05301777396007168
19139,-0.04561644955529154
192197,0.07681549706944146
18573,-0.08243892393215546
219022,-0.08077743074529842
17691,0.12601562781339748
12812,-0.07276479587505058
207209,0.1394033232885845
18787,0.17007877200524035
103136,0.11891493033176914
19888,0.16004939616889713
230376,0.11976862200728888
69469,-0.16686240191976243
52538,-0.05166708446269297
233575,0.05052673512635941
18310,-0.12522553725071361
20928,0.16644170915396383
432628,0.04939541247577317
16917,-0.09190176659440397
71997,-0.05174196040021961
217371,0.1498114096114147
20112,-0.07789781889273684
381059,-0.07789781889273684
66073,-0.054573009190738375
19042,-0.05483661303380494
229584,0.12127703045282168
14626,-0.14947465147555405
110805,-0.16097715153691006
12607,0.06341302424211381
22025,0.09738601235981115
237987,0.2047404476935153
18012,0.12186524717641767
12891,-0.1492245149170679
18232,-0.17824268959068945
66549,-0.04052567279316399
66865,0.07345179564282844
238323,-0.17187603474284963
386612,-0.03916498130841717
223775,-0.11081776687683487
227620,0.05992651807428473
84004,-0.08294840535790549
69113,-0.06462138236618564
70054,0.12887121009230196
12622,0.15754490957099776
11308,-0.1064496351282136
54218,0.055991202640232274
382074,-0.1502406907090963
19197,0.11537239718667536
71989,-0.0780671774370294
14257,0.10513167787531508
67701,-0.11474236347726752
18132,0.12984190446888988
224014,0.15053999814050822
68475,-0.05142921661609279
67846,0.1152610863755239
233187,0.10680217825410487
76156,0.13127530203695725
14426,-0.1527691415663046
107939,0.050703384929223105
71601,0.07806327501797128
100038860,-0.11521309356740872
76920,-0.13915261283810842
71780,0.05944433673387728
51795,-0.13925174453842093
66427,0.06379193795188876
93671,0.18198255563079258
217558,0.09718834348789684
12393,0.16385879010018556
102414,-0.05297765045783365
12469,0.041079837498594785
238377,-0.11888884081862905
59033,-0.1345154017513508
56386,-0.03520048098834039
72429,-0.1658660198829045
16425,0.19665830990343336
238880,0.21985132722180278
57295,0.08338864383388067
319880,0.08773691566184372
19076,-0.07372849635221002
235330,-0.17351101329734853
19400,0.04548998354220046
12226,0.07364549969204681
14165,-0.07084645573279147
30957,-0.06082908879455928
56370,0.16724899639620938
76375,0.08418653954681155
14137,0.13523825684351287
69993,0.12971530344818039
11797,0.06472842764842035
242506,0.15449281859452046
68539,-0.04439061385216725
18004,-0.12536336115112867
116870,0.09587434492504165
11937,-0.1646413406073286
17132,0.11623414900511353
319518,0.1566098264263145
11651,0.056376666193765246
216799,0.08363599959278112
240832,-0.057973270408625766
227541,0.04422292005774864
218581,-0.14725085623663947
18606,0.15569320071923176
53310,-0.09771353005761085
22138,0.1578241718883131
240753,-0.14717845021451392
27998,-0.04679317428373331
105722,0.09467618053038684
16185,0.06550998534107144
27413,-0.16538638695697783
57170,-0.07642846971373096
246313,0.1512434398346989
668166,-0.12049060946263701
72749,0.06606107624994095
23863,-0.13326762377041934
226971,0.12772851232319304
227733,-0.175462185807981
20589,0.06206632803815726
18996,-0.3084655720331999
69792,0.10736855161105652
328110,-0.08880840469418061
74649,-0.1227303347387716
140806,-0.21440097830939564
258168,-0.1481588023237812
574428,0.046972345357115586
11363,0.1548229950064508
258207,0.1591905451565898
14732,0.1475287808400374
70918,-0.16062666038336015
13180,0.099520645215736
26926,-0.040236650563405973
230484,-0.0737492079608888
244962,0.08690198329402765
229714,-0.12236796525558136
246788,0.1687161607124983
56403,-0.11208696618278413
108900,-0.12372221623165647
68666,-0.12011334336986357
11898,-0.09181241021494024
15429,-0.1547222557024841
73132,0.13017734081794075
246277,0.1708843373256581
51897,0.04249384042731563
13000,0.06048377732412913
20321,0.13351515416553905
15902,0.11019882704131767
77044,-0.0899241301986029
216613,0.1724589347393648
21673,0.12009659836301978
229320,-0.20375863555096219
29818,-0.05867642450072319
77296,-0.08236336329622773
239029,-0.1448022726783904
13831,0.06438887094183343
12808,-0.1418378482418463
407823,-0.09030196491982778
13483,0.08368779276633376
74022,0.046334204485569686
320360,0.16319074013374513
71169,0.10491083536898493
12370,-0.08087963640024753
80985,-0.04461383580727585
14149,0.03896781966645513
71701,-0.09801717321287207
65103,0.07083258239667423
216445,0.06035768026757893
231646,-0.17232474491483885
20441,-0.07673916746563503
240168,0.05355487109250312
78455,0.08092241068200146
259089,-0.13007744085360162
52858,-0.05469032637211235
74019,0.13966824079620466
57765,-0.050665886295188756
26877,-0.1813312828443019
22781,0.057649492311009354
66440,0.0480834758230575
246747,0.10702488567611024
22751,-0.08074058829541375
69017,-0.1404948949071354
67732,-0.11136988795408431
100038417,0.14311566403966003
68421,-0.055521303248037945
93686,-0.19084255228695923
18642,-0.06407703307063972
13139,0.07569836127096963
72003,0.128561205169337
107448,0.11472636594057928
230837,-0.13055797920958145
11643,0.12020069465788641
105835,-0.05295763640098272
84036,-0.13428327103517557
320208,-0.0895570895686717
101187,-0.10608619770356054
23992,-0.10631225046591819
26972,-0.14398559337808603
101883,0.04821292894400031
76804,0.12374848316298603
268515,0.17500248988775624
170472,-0.08983826329469036
258303,-0.13013478389489208
64074,0.12015452209305622
67073,-0.06992450997044308
58243,-0.19784816802430427
99371,-0.13886691000230833
104346,-0.12756747901905108
15426,0.1296922627002024
241324,0.14499109650264863
56792,-0.0835559980017404
214952,0.04490892024588078
29805,-0.04463615406449506
228983,0.05783511933499419
15384,-0.04589429446166804
14455,-0.04438117528680863
115487645,-0.04438117528680863
80880,0.10141413011120548
76893,0.10309299948357431
171168,0.11088830771687697
329506,-0.09546887099227952
27407,0.0404795596201577
12166,0.13223539924501804
245607,-0.17082383350662855
213980,-0.13153001623824778
12183,0.047532633419875125
115487267,-0.13728948262240515
13030,-0.06760415463258873
22192,-0.06231508249422113
68955,-0.153795258874025
67981,0.12828661054544632
246787,-0.11276245110251892
13599,-0.13050087119556641
320717,0.05303353841333802
12492,-0.1163823907471464
66505,0.06942379278904909
66603,-0.09785328345649713
233801,-0.1289507803717278
13358,0.06332202139112386
69168,-0.10557318548920147
53415,0.08998141228683298
18341,0.13022442575971693
12825,-0.1264729439500627
353236,-0.16224885970034908
102633301,0.17983233218492067
21912,-0.18705327118590187
72662,0.05634090541185088
13488,0.10518843722060289
19942,-0.04729729987590581
75465,0.1033060310886027
56184,-0.09712288585106155
17182,-0.14381506298744196
28019,-0.033958423343261046
16973,-0.08309493668363288
224826,0.07460457354192673
77134,0.049222493269841294
237256,0.08236927686550999
68339,-0.05840364263323128
21665,0.1266550390228529
98710,-0.10102298347108185
94213,0.08291579448513442
268297,0.059569754555599985
227632,-0.146501471844795
20853,0.12067097438415164
58179,0.11977721879987513
226517,-0.04108823766195435
208748,0.1415559027468758
70237,-0.13411508432841668
545817,0.13642152835905197
56048,0.08562718174754025
70620,-0.055831851650260944
114228,-0.12645854032190496
12316,-0.10551059242216354
52468,-0.07196876880456493
18032,-0.1307315083216185
80915,-0.07788586993869906
218454,-0.13439368970168974
434130,0.16848923542726002
213236,-0.07259789869837263
241576,0.07021786274464503
71790,0.14141898180456192
234959,0.1331379533297934
21786,-0.10747631329365603
66973,0.04289404271288433
19085,-0.10078700440964017
320873,0.09794768247617025
14676,0.11901515201697421
72507,-0.16198625904377018
67020,-0.14917702569416935
241568,0.14543020300323395
234309,-0.089931349763539
70779,-0.08748905397970397
207375,0.09931510619905115
27395,-0.039445162271944056
216742,0.055496831390611234
53618,-0.12301493656971996
74766,-0.09594309417451274
66161,-0.056602807876462435
105355,0.19808930515435286
232989,0.06630333838223024
18938,-0.050203390291359895
76722,-0.14196786237844705
17999,0.06614844005059073
211651,-0.14335734148256662
80861,0.07089745349613263
381107,-0.17262461570363818
14874,-0.04038462070875326
67027,-0.08290478358195408
211712,0.13391242172546747
64293,0.14424137354241484
13875,-0.07044001926187882
22190,0.05931207015817641
27280,0.1005735465839308
71099,-0.08302353378826766
77744,-0.19108443222847882
27277,0.07902228329654726
108067,0.09575795052979785
269881,0.1718236279959653
104479,0.1180488783107414
26378,-0.07844185249242486
239618,-0.12875069117731508
54652,0.1160374248860192
66211,-0.15236617034792
14313,0.12066277330373598
217737,-0.038092920204739755
78177,-0.1133072891475253
105348,0.04789691581041389
224093,-0.11090396542130332
230145,-0.05668107410681422
66408,-0.1187052718244237
54613,0.051489456221817775
109821,0.16802895555157527
228026,-0.09973311573882881
320352,0.044019197765289064
94216,0.11116957466624067
78004,0.13819418119342153
269593,0.1092338084321085
20520,0.124746488664079
66258,-0.05028787971155069
544971,-0.059166938395315505
50769,-0.12684552275495076
108687,-0.10086080468682113
21947,-0.12266535610728946
218629,-0.10663964135197901
109232,-0.12121707945609028
230514,0.06072451082370023
75751,0.04015995549133855
434204,0.07396879412578272
68098,-0.05048438104638642
16420,-0.14334565776082142
231147,-0.09756772273098058
242409,-0.13637539341288818
108699,-0.09031931826958095
226781,-0.13510669777283812
233537,-0.16832983074852725
243083,0.12873514305952316
52679,-0.11273947481939928
70454,-0.11556591106232261
232286,-0.047021942997799826
30955,0.15296586932760814
66898,-0.1406791961705367
19047,0.05175480653857534
20957,-0.11645819380879008
226999,0.16148152342980415
68121,0.06457707417603586
21888,-0.13207391560115944
67283,-0.038871057844097834
70426,-0.1295930583223699
243548,-0.17996957608391995
67580,-0.12242273529569037
319767,-0.10448420555810234
104245,0.13178504253815948
76563,0.11622758723082338
96875,0.0943228349623162
268996,-0.05017595851825263
68957,-0.12062457370231972
12740,0.2139995574237532
104418,0.04146145552558167
79235,-0.19383887078301854
56535,-0.1471071682863654
81897,-0.04979443788539406
57257,0.13978180567650522
72193,-0.12739674153832325
19277,-0.05677334438276915
72354,-0.05329300128119385
68626,0.054135454935437366
100163,0.1369812943275699
320150,0.08949498204360395
70767,-0.05759055983840966
244650,-0.16303953052696496
66511,-0.054301176329573764
67771,0.04112780158749807
76856,-0.11314691486650652
12287,-0.15683093866295605
56501,0.12771314517628074
69900,-0.11445326562775548
18220,0.04480537182019084
381334,-0.1889070361265155
12167,-0.11161872266959749
80976,0.06500496545110579
78772,-0.13396897783155737
50764,0.11533321468155266
211401,0.09159429386634432
15403,-0.13303941142616882
18548,0.11397145848417312
239420,-0.12328871545213804
272551,-0.13483447518314406
227325,-0.11065727131063863
13819,-0.05302167243604572
103733,-0.11991741902699715
70560,0.1172954983053538
19186,-0.03431020188533651
18506,0.12777959963783037
210757,0.06575816887808283
223773,-0.056516848346926274
68836,0.04621312262142396
327762,0.14414794581440127
320940,-0.04739967572082637
69459,-0.06884436021960205
94221,-0.04201734319077666
74626,-0.09941178330150535
353258,0.043232796334448764
12815,-0.14513166850747083
328417,0.05515331565462667
103583,0.04280552440379637
12564,0.13683241200499552
269523,0.05680081650364066
171429,-0.06942582184797441
214593,-0.1245432549017087
72568,0.09283340757243153
58865,0.08551233922575108
56805,-0.09568039849287047
381379,0.061232807322061156
68279,-0.06366564151971943
67239,0.05176159396212476
69185,-0.1074574397026078
382406,0.09152929422784517
226539,0.12315529987728802
71960,-0.12007804111680098
231279,0.09884677159606792
100042314,-0.06749537838028274
213389,0.09280137091352803
71233,-0.13841368135621757
236643,0.17038121561137531
14912,-0.15047956950977026
218440,0.14284462548770938
80752,0.1091834431494183
76080,-0.042380777426265226
71816,-0.09414908230952435
14612,0.11425064534394824
50927,-0.060422830898410496
16590,-0.1107301693610987
14309,0.14629989007737043
171530,0.11068312947622916
381175,0.1479139578683375
71918,0.0687068253278742
76072,-0.12914599416246952
67812,-0.15465509080008832
142980,0.1275012998614371
12909,-0.028159445128119742
225182,-0.07875504942351697
70640,0.13566385440952633
12212,0.12665846578424045
67561,-0.046677454729061374
69134,0.13377483424102365
19092,-0.12914866366404087
68776,-0.05407510098330892
11603,-0.08403825559375999
20525,-0.07197319854035023
70802,-0.1414968818799629
268294,0.07332760374345693
227627,-0.09571161229888059
56480,0.12167934692617877
234677,-0.16225864235284515
57742,0.10937681402867838
319991,0.15669541746798643
105245,0.09036449440515515
107607,-0.045662070282542544
78267,-0.1377599243529506
18023,-0.12139731725964964
233977,-0.1508697017282552
83671,0.12222125756508362
67064,-0.04815656646034938
17285,0.10271335592933228
634882,-0.1615724641588283
56538,0.1654426195823695
54403,-0.16321894534873227
12613,-0.09007302484706159
13016,0.042653531126770616
72461,-0.033958127634072355
215113,-0.052200484427158855
214804,0.1514305681336685
99152,0.04120636281791512
14389,-0.12270532959405722
69539,0.15914609719681216
66306,0.0328865241733709
109161,-0.08825251516465205
20679,0.11741900590268628
13669,0.09002070020263986
67053,0.09131129669069438
235610,0.02954858164453178
111828493,0.02954858164453178
22040,0.02954858164453178
74776,-0.04133298112551742
73754,-0.1196270682577607
245007,-0.13170942243744843
384997,0.14339494189998048
55936,0.04718606114656154
110948,0.09544338909112682
23825,-0.0484769624304775
20353,-0.0580107471399014
71130,0.07373663043336709
75805,-0.07091843736121994
239706,0.09866269980174369
70799,-0.06493761521805475
233199,0.11391036041194091
57783,0.04038086619820902
75788,0.07624635337035279
12821,0.12747497665920804
217198,0.1285970635861604
16649,-0.04431953477642381
68119,-0.098808487967875
50868,0.050346660799649
217316,0.07723338054806383
19142,-0.1287237933935046
100039801,-0.09967322043926874
240411,-0.12958041881278604
67178,-0.0656401789008827
20740,0.07461388692136417
241850,-0.11976402942160158
12041,-0.09982238680332056
27419,0.0709897545979441
50883,0.11805546643907316
19017,0.13372918824430524
83704,0.11940103334225682
83553,-0.13350890623801348
21841,-0.10423042316598519
117004,-0.08550247572085601
18763,0.04816695717686059
213262,0.19197823337125453
74720,-0.17498574746319573
66441,0.07155200694916974
67030,-0.043843320522517715
216136,-0.10779019784817567
13824,-0.1846835382836174
225600,0.09050876427749177
231070,0.1269665118782024
78903,-0.11672848227872823
76223,0.11675445772585036
11504,0.07845101656969522
17470,0.14283374614987387
14236,-0.12342238711769404
60411,0.08632399953851255
13437,-0.03963074030854408
258569,0.11018486445952336
19300,-0.0481674003304251
225742,0.10637721720868676
15437,0.1281951698001409
217682,-0.11211683661418181
72431,-0.10838406387914423
27360,-0.06503532825037617
231872,0.0351892038894519
207592,-0.08032647663205417
72124,0.06373964073302929
66977,-0.15021886688993202
13616,0.1319180943613505
56787,0.1423746564559787
54422,0.11281290261889332
211488,-0.11609414700670229
19881,-0.050297071963711915
59011,-0.16287665492645997
12387,0.06472260513383077
19279,-0.14008533833568437
353326,-0.11202838210611521
320910,-0.12422893643537858
233011,-0.09088882862206216
142687,0.1344461788961855
17921,0.1127508780112958
12217,0.12643193477447845
380664,-0.1006867215665519
22413,-0.12961404584159997
230751,-0.13402966270401784
320563,0.10358343381739399
71861,-0.10507168245281306
232164,-0.09713079525299584
216033,-0.13130215220091968
328424,0.13000841655501727
66362,-0.08591287525843594
53883,-0.10662600225617647
20262,-0.14463328661430097
66643,0.1389555842739818
56752,-0.05882448890854164
18771,-0.1189051511375574
17190,-0.03294395533287364
26394,-0.040109673539292956
15900,-0.06313464370415112
22141,-0.14997691581569672
78878,0.135758371479632
78935,-0.09565674342312036
19221,0.10905507723005492
435766,-0.08993861959847571
100502841,0.09635633167987123
79401,0.11972316861648169
64945,-0.11956635916156877
226849,-0.04777183751986058
67896,-0.1710374008270783
71853,0.04628101513175409
71888,-0.14301510146105878
546118,-0.160902091921443
66120,-0.0933316630573282
71985,-0.035576656770365034
66830,0.055737753737138185
74569,-0.06158076702716997
18663,0.06600847292917589
50500,0.18985717130021662
232174,-0.1535000407166942
68682,0.04123830618783231
83993,0.10508804231480084
240215,0.06370729187301549
50996,-0.060870183067731176
58809,-0.1009555876850401
50793,-0.04188081546970146
386655,0.09025005903529415
68653,0.04947418849258156
76366,-0.08761691229728008
98396,0.1287124024789632
235636,-0.11147020024076859
246133,0.07334346505364042
71768,-0.05442527427619792
70238,-0.05475060189215242
15433,0.14289068667000304
59093,0.11998370904791322
108017,-0.12391870393389093
234086,0.10843956026334833
103677,0.04456300597606422
237403,-0.11030026271821791
22018,0.13591833463813652
77110,-0.036440541828554274
100043314,0.09800781956357962
242735,-0.08706440190402809
75104,-0.12701404641000336
69655,0.06934315706481797
12660,-0.0841736947273013
14061,-0.11917357927593297
233067,0.1108043425885139
66904,-0.11243902488237012
74737,-0.07911698867445693
12903,0.12744755770299498
66590,0.05173340625275458
73062,0.047677238182020076
12683,-0.14674412773119094
171388,-0.15079461611752043
69129,0.08305760634420434
73137,-0.1499381162665845
328779,-0.13020570154779776
24004,-0.11278284841580799
13205,-0.04222671204237827
104582,-0.11764042890929982
68332,-0.04673182654432928
330836,-0.10952426785569536
209003,0.04447169646187277
69572,-0.07378858678987044
100503361,0.12593918984270758
13495,0.11981357531877634
14616,0.1268857202414666
217674,-0.13969689265347895
64297,-0.09860602897368853
238328,0.09101849235803261
67895,-0.03367547356866574
224824,0.033987458545782445
69352,0.12098495899118777
353130,0.11688565467913836
15396,0.06088265733121112
76574,0.12458969742683879
192167,0.14294883155131632
13512,-0.11151238726118429
66609,0.05346214861180876
218210,0.047106739537072784
16974,0.05691315988907064
67068,-0.03482006643010216
74174,-0.09798209275530656
53317,-0.04833101345120028
109820,0.1481932782365707
17135,-0.032604018657254485
71983,-0.10047404488165679
70650,0.12963222127248653
14183,-0.07478631214875797
30933,-0.061607293053146606
67724,-0.10943756616439249
225030,-0.12832939039462055
71436,-0.09870025736026822
74164,0.05020536935269071
75778,-0.04198115348087139
13844,0.09061425439829751
53599,0.04224198282304492
67861,-0.08425635676324106
212712,-0.15051852973887847
69642,-0.12045199060573442
230673,-0.029888520779296712
15893,0.11847457124408134
15112,0.11987947810392185
11518,-0.032404228061510665
268591,0.1308912461238254
21785,0.14814625068251575
66646,-0.06914303245534015
20605,-0.1074115624064298
66494,0.04432924916765124
67795,-0.14031354358922288
100952,0.12545797336965414
20401,-0.08322364949401351
54139,0.07553584827907756
65111,0.03546037078993436
77782,0.10120465048305771
23996,0.03113297250736835
100608,-0.07280328069260555
93897,0.13178352414748362
381626,-0.08697021158797114
545279,0.11781224540213087
232288,0.11109177568927642
75622,-0.1380478603527644
626596,0.12384433649892879
21929,-0.108132260823945
140765,-0.07504328166418972
217207,-0.08278764918335035
12661,-0.15734081408111766
12238,-0.042313743761646094
80280,0.037034238753667736
17168,0.03736731783076941
74375,0.05528403679928662
242939,0.08679229410462685
18389,0.06465272841139313
22785,-0.053322741222680214
19763,-0.10480354933182578
18436,0.06463088188972321
50795,-0.10940788033207838
67036,-0.048089533794071215
18786,0.06800919833145613
16424,0.12056568466804052
29869,0.08595721031132708
16006,0.08485670427842296
243272,-0.0640425499006696
56284,0.07505050852142592
94242,-0.10573236240160444
20675,-0.2092047780174786
93961,0.11566533420264857
258985,0.14570195497688854
64899,-0.094000348838021
67375,-0.09262137061484221
71254,-0.11187603171533844
208188,-0.10050127110847784
22782,0.08881437262096004
20449,0.039465372920256314
51798,-0.03593475274275981
67500,0.08930321194014823
239083,0.10581479858769427
13038,0.12811263533096007
12309,0.15500930416346437
329015,0.07054470275761471
56795,0.10600968615303152
15260,-0.09557789300769581
105833,-0.11549861021638641
22269,0.10887195286588458
218232,-0.0718708540734685
12916,-0.06888018703588372
244071,-0.12037441961244522
404545,-0.0911184982149642
20357,0.13838252181093136
73225,0.0572651238229156
71198,-0.1027229385584345
14390,0.09425978585305739
14104,-0.08676129369447594
100732,-0.08549954530746984
19171,0.03204624407122836
22223,-0.12411749501801994
234219,0.1417342592111721
269180,0.12426611304865265
52570,-0.058544142927108744
208665,-0.10340009192057042
66661,-0.034836382974670954
66286,0.04005550035129879
16490,-0.09772256999807638
72555,-0.08599319489653467
217837,-0.06398293724882809
338371,0.04167828709808141
109168,-0.06330326473156944
27418,0.096940784186752
234699,0.03901602695911244
118445,0.11087464431993599
383075,-0.10552183015109984
18226,0.0342590024409688
22787,-0.14056044532550604
235533,0.09324956080292957
70358,0.10241263575088944
66724,-0.08506216232669672
21429,0.05105937896855828
68117,-0.07961544578546942
74270,-0.031835241285591565
278203,0.12430035181408794
12494,-0.05911221136015499
72434,0.1110569471037568
23984,0.11960559086261613
50790,0.046325460743013025
69823,-0.13203525124493165
240131,-0.20003285262260295
244859,-0.12248292135833871
71519,-0.053722465708869294
338372,0.13961341557055018
14613,-0.09030850336420393
11605,0.05152287245863718
110385,-0.04980131455524628
57757,-0.09023332691056485
93898,-0.12198923182160204
58181,0.07757753810977519
11694,-0.10431878570281228
56233,0.05554651386271914
217695,-0.11223479379950163
54673,0.03342580160709829
77862,-0.036379675224900154
67493,-0.06394727157014657
67889,-0.030437340378426825
621976,0.11731244955483522
268780,0.13404353714711448
19714,-0.04670742132276828
208198,0.10900649545783914
277396,-0.09268981198736448
68498,-0.12414153566567565
12859,-0.03408551941983795
108062,0.08997961330742132
70408,-0.11732698038403644
257884,0.09383178754090826
545548,-0.10982682663217025
382066,-0.08949036343502659
76500,-0.06485364366977286
23939,0.033174473501114576
16337,0.09903532880243482
320534,-0.07959919792687842
20425,-0.10710322911865511
212123,0.05935408567532452
12236,-0.09154736442125966
56715,0.03264730344386457
230582,0.042254005279255935
14201,-0.08739620855238783
240816,0.10769500106559438
78611,0.04943246324813
114141,0.09695064571571654
217304,-0.06415729097100975
625249,0.03212877818149984
67803,0.04329546378687965
215090,-0.11392970854109752
170762,0.0723082900581895
68925,-0.061809648455369626
667663,0.10505283341151417
16978,0.038815374204578035
57915,-0.04032716143107251
28114,0.029257345392410983
28036,0.060744627258135786
106583,-0.12109903516531517
21420,-0.10053323600647657
69536,0.0752369258891683
75894,0.06437815551567372
16552,0.09335273292239687
18993,0.1231747698248995
230577,-0.07649811682259333
70829,0.036351814747924927
319415,-0.15767991483198385
15116,-0.13415020065682803
67141,-0.11918221657928907
70314,-0.049518383546862665
66681,-0.11337059314706899
15161,0.053032735945309994
69217,-0.12894947366250253
100088,-0.0824503624841233
332221,-0.07634168090533588
218865,-0.09447288656511166
503558,0.15300438813815553
22342,0.09567268753282798
66471,0.09129883311722331
383435,-0.10604413190309714
109241,-0.037726463705640256
12945,0.11507299145515404
58185,-0.056833674399012324
68184,-0.05337678983866834
214137,-0.11153070819563515
57754,0.11260121997786232
19011,-0.09428629324540161
108682,0.0884230965747177
67097,0.03127306700486798
243339,-0.08303760106345592
230709,-0.06172291190421042
18822,0.079886035826088
94092,-0.1589253097148804
171283,0.07672294590188988
13014,0.03165722107275748
381695,-0.08059625678081961
19934,-0.044218249620936234
269823,-0.09930991581794935
58178,0.08278139039877974
16498,0.1310088321560796
545474,-0.049164485233249344
68080,-0.08361453335278934
216345,-0.043295031947378604
98732,0.07643668124956093
66717,-0.0966634143670837
218973,0.06106511145674709
77579,0.16360343045816528
230734,0.08586785236344152
72046,0.0890850995895427
68636,-0.08910241631245519
18553,-0.0996572421041626
232334,-0.07309463879467426
52443,-0.028365729467356715
71345,0.0986560688303606
332131,-0.11949410069559985
26886,0.09032880764558904
20834,-0.1026413998843676
241158,0.14953137423234253
14071,-0.09118533797676953
19220,-0.1145983241580475
15519,0.029742950033119442
170483,0.10780101620635119
76295,-0.10297844269001111
101202,0.08814860934366298
17386,-0.11790270980381257
108030,0.10958842010188752
16847,0.13905064767403097
71956,-0.10519478698107321
17144,-0.1503727454726742
16612,-0.10705539517385798
26564,-0.1521079842158639
70835,0.09892698792932286
73998,-0.13102314402098258
14587,-0.09226688358040569
77006,-0.04538886324741398
26363,-0.06443284357127066
338364,-0.08310231373737853
232946,-0.09430026135270797
66601,0.09290765061520734
12914,-0.03446746995042105
68344,0.09725242042673177
258896,-0.09443630519863433
76788,0.04182549458669804
13046,0.04470748878120112
22282,0.03207872758332364
194590,0.08764844558779394
71887,0.09475922271913007
22248,0.03785605372973855
17701,0.07279543627535823
225631,-0.08062271945081889
218952,0.09534158603365839
50767,-0.03571503264618414
94178,-0.03571503264618414
18167,0.11538005444817401
258869,0.15224905608495476
20610,-0.054891948172631544
54484,-0.03896212211150285
104318,-0.053635342876805936
71041,-0.0872721026867529
15248,-0.11508490786499959
319909,-0.15778907146605814
84035,-0.08447717154008583
192166,-0.0801871261433984
16867,0.12518836789193744
102436,0.08143601295695291
23983,0.04362128242195773
328845,0.10777756524590032
106068,0.05329359144041668
14571,-0.12512954698075696
28015,-0.04862361554618033
18105,0.04468139555129458
75965,-0.10498112879862642
110058,0.17452385047082686
22113,0.14039737152884335
22635,0.11021217114635284
72778,-0.10584106133430016
18245,-0.02987289649321312
74175,-0.13825964767943155
224807,0.05017846963023409
21827,-0.09282538294898313
114889,-0.0941506045310545
14299,0.04746741465981774
67308,-0.09192917837860914
56087,-0.11795463247320903
211499,0.07614379530986604
15959,-0.07169437191437922
234542,0.10038455038784022
77038,0.03534645905606659
217011,0.06450753608643645
227715,0.037666255027129836
75786,-0.0486009971170418
71382,-0.09707696852442727
21933,-0.11755114617490747
245857,0.08613314203652056
93842,-0.05703057789363264
55987,-0.11663009372457811
229562,0.15158787620361558
16703,0.09030350020542954
67922,-0.04299090347878298
67276,0.12360097123118496
56612,0.034951775894921155
71564,0.11238953055580136
20522,0.10244898382658274
58212,-0.11678195005135628
11487,0.033667729565001636
68818,-0.02808731235733042
103425,0.03960193529028011
51869,-0.06723292245732182
319642,0.07459023711451573
14885,-0.09532887791239375
69035,0.07548296134934596
72102,0.09719918658828686
11838,-0.11098662512153279
17768,-0.05784262014216335
20239,-0.04282701491720786
56347,0.04532396448326281
68140,-0.054620207732271275
56406,0.0650039586899327
320696,0.14137187145581542
381373,0.11228055988230645
245527,-0.12348962542934983
266632,0.1132654018226722
277939,0.05939122606190139
18628,0.11481156111176638
74498,-0.11824650731294106
68338,-0.0835358126625545
13639,-0.07345996486285866
12789,-0.07932009229789472
14588,0.06889377951463871
76965,0.14509295526661692
76183,0.10950589838461244
629378,0.12503181391685647
66585,0.05889634950984224
231803,-0.032760918030867
17250,-0.12489912078008558
66945,-0.04336440895406746
68740,-0.14232481423588306
20913,-0.07539794552431633
17755,0.12116747842291353
17137,0.1228826309873372
99899,0.10653474909365901
16491,0.05345861383015471
214968,-0.06235065751620539
14365,0.06245967599671687
27062,0.09265230899148058
12395,0.07709629292259823
19712,0.0476569475547306
231580,-0.056471548895954626
66624,-0.12281850919518789
17769,-0.06460362196991376
77053,-0.08260824421713142
70804,-0.14746681015558405
228413,0.07246707569514932
13858,0.06020646824444853
57312,-0.03737257683707895
14283,-0.09317029634606033
217201,-0.0823986475639078
76568,-0.032624597479479434
71765,0.04233262257230841
224823,0.04233262257230841
234378,0.09574838476479552
75744,0.052607776928533134
76438,-0.05215905007154653
12054,0.0980627408058048
27368,0.0980627408058048
14762,-0.14251711918502918
30951,-0.09459296438881104
19192,-0.07935223646591005
12159,-0.0871489576736959
56856,-0.1373343827223028
18566,0.08499231998182122
15289,-0.0298056289190356
229699,-0.13750168145869868
69660,0.04522349167133566
331487,0.10529559178278447
16367,0.08414017771902582
403175,0.12896436484156393
258673,0.10434180936178361
68592,-0.057315520538546494
329252,0.10392778580791084
244448,0.11657207253288338
209837,-0.051281998167258536
67888,0.15390920479300174
53975,-0.054044198876542104
19293,-0.09546170032103252
14428,0.09405237244241826
14670,-0.032700114812616476
231380,-0.09936721260919601
18293,-0.05183479663518753
320995,0.1206401674088351
67026,-0.06681442926233228
329251,0.08663980138691763
20732,-0.08822856686678993
233833,0.11149147615083255
103694,0.0653587369902775
103466,0.10606365400161177
14915,0.07120961950810578
226162,0.038525617064132156
12753,-0.10365570546505332
68564,0.03377449819982559
78787,-0.07385986709782522
66625,0.03736969636808496
20807,-0.03930703697962734
228410,-0.0668328070660289
235661,-0.11623817564050043
20273,-0.06246317521046407
19309,0.10433741881232361
70772,-0.11058687929688471
74646,0.06383797891481713
13078,0.09894763404294604
219148,0.10843258327628824
245537,-0.046035143322493255
227522,0.06995463382871137
252875,0.11265139659655876
15278,-0.04834725181524391
12617,-0.07281516774957097
12465,0.03289930221154336
14854,-0.08398876500711872
20725,0.057653547076581546
277468,-0.1321135326124292
67900,-0.09824251317371768
74841,0.0420960711271956
18163,0.10979063305321901
235086,-0.06669110534193123
93843,0.07495317868332663
16196,0.09598806831208151
19280,0.04398477870079809
71037,0.12969659952982893
21835,-0.11967036348775295
50877,-0.08260134780990569
170711,-0.10112434173972584
67457,-0.04360013168385457
114602,-0.10066008338240184
100689,-0.09264264441369185
94280,-0.03085287692637273
12035,-0.14778684027922662
213498,0.09393668441204728
103406,-0.1388840867246266
71712,-0.12007495854909411
623131,-0.13225298219319903
232491,0.09955292173821029
94253,-0.06081662999228499
232201,-0.04182036984990667
246696,0.034710941992944555
330010,-0.09816297923196338
77951,0.08877944574797603
50928,-0.05733995134233183
55981,0.11272058788287254
226182,0.11691313463070685
67586,0.04389707998832648
76041,-0.06312581426805863
16493,0.09385290291277837
320951,-0.028097985262911962
77619,0.04695910827558336
208439,0.07787098823705474
50775,0.07676737133218658
70750,-0.03677898864908968
73674,0.0524355643731953
258469,0.07034184289273426
13026,0.034189497457926876
109594,-0.08044881406674431
98417,-0.03284458649271116
19069,-0.03990883491595021
237928,0.0926259635773059
28018,-0.07440428737124538
107173,0.028527074753684545
93670,0.11433757414786871
74196,0.08115810577691374
26562,0.06273930494000979
24115,0.08648981751422014
72017,-0.07627629462976593
64933,-0.045726062534736656
80979,-0.09161370307689065
20687,-0.11477583709198935
19013,0.05130414584351062
26968,-0.26336019954548373
59004,-0.112112282138364
332397,-0.10163706796647975
50528,0.08886313442649607
353344,-0.12030940318966765
171508,-0.0794136888307948
21652,0.03186770714733633
66940,0.03976688804897677
66867,-0.045364504345867473
18072,0.1563440449682374
69707,0.07411172700196378
12830,-0.09704708752542768
12826,-0.03878811037931129
20917,-0.12009349870794317
474332,-0.13436671989105475
66580,-0.07864299248125217
18313,0.09323546180491737
664883,0.08747018244960536
194237,-0.09067354468320055
320772,-0.0848741581211625
235542,-0.10806416426881871
20539,-0.07784736466763853
67139,0.07040578941508091
15894,-0.07361960382000632
216439,0.034164200973844316
320244,-0.07338739410221606
20521,-0.09344036582622284
442829,-0.04837756130902804
225865,0.08028425899002745
16904,-0.05338566720435178
21814,0.07909847094331202
66916,-0.030861929528750665
238011,0.0778859628848787
26889,-0.05317562058224823
50530,0.11213211263836165
78473,-0.03265076695955216
17085,-0.10211605607280116
209558,0.08262614198586604
623046,0.10738501875856477
17884,-0.1340865850229096
239027,-0.11226788432829338
71732,0.04196478009071569
12723,0.1005253262299961
233805,0.09266305901440841
24010,0.052822095115224954
68995,-0.032107050359739375
338362,-0.1110012448667046
226841,0.11940554611476983
18378,-0.09004130296607116
108841,-0.0846354313453972
15387,0.031187429619665252
69456,0.0800821069203721
225131,0.032943918160398766
233813,-0.11109656693729741
53319,-0.04555860811468193
12677,-0.1325179872636446
67712,-0.04358271879823761
75914,0.051680948297156526
231991,0.04650168412724476
406176,0.1260008928872609
66191,0.03173405137974861
12850,-0.049463720692850544
26422,-0.1266536425940683
54198,-0.0426249100550784
15402,-0.060902313759665816
268878,0.09921079052685933
236900,-0.06096541607469419
16502,-0.08205416071139826
83984,-0.10751372184489139
66592,-0.03210273074858705
67849,0.04104629676430527
72119,0.1472099856935598
381457,-0.08948741393699677
52838,0.03871491366207458
14862,0.0868921584051705
68299,0.09193642709748184
211949,0.10129926621621532
213499,-0.04955767281114376
12870,-0.11057840616832681
232983,-0.09923321279368746
14579,-0.1031363876147573
70020,-0.07065781085154477
69912,-0.1202969053584022
71389,0.0912529537204092
67588,-0.07573423548225389
71302,0.08088526047403821
14043,-0.09995220432074348
22284,0.06441978084489719
18627,0.12317726314807409
72175,0.24662886629488412
23836,0.11774975878904925
19060,-0.07605334255503493
240119,0.08495932662466554
20664,-0.07329318322064093
67384,-0.08175869470621056
105445,0.11395894616209645
13409,0.10262801716327896
57294,-0.029465144390405484
21389,-0.03925220929237838
380732,-0.033967281172301966
21930,-0.11866022942844356
271981,-0.11570801327993951
433375,0.02930920731631126
57745,-0.08146943593348333
108829,-0.030917117888979107
239857,-0.11714107347295943
66108,-0.027487171697449853
66923,-0.04576699788167993
76051,0.05073116751153961
64099,-0.04957161733110205
77980,-0.04454587230972784
20666,-0.1245244081765815
102423,-0.08081183817117576
22771,-0.05405685061815735
77042,0.12075495921877577
58226,-0.07256317310486438
68311,0.054915346995062286
17918,-0.06998492019455949
258027,-0.08703812541591338
13035,0.07894517836054238
20975,-0.08672795232619368
544752,0.0975557833233367
22294,-0.03190529339963355
241327,0.1114865503531135
223754,0.02871727303577032
30941,-0.0631249961370246
319638,-0.044470804320222435
59009,0.10020735612338605
320590,0.09459957625280602
21689,-0.09778729340988335
21787,0.0407362765391337
235441,-0.032622199569244614
67473,-0.10971034429727222
108100,0.05889698193404591
76441,-0.11282260275422562
102278,0.0679605569977797
22320,-0.027098599164707693
225283,-0.0606043801238183
14623,0.08547768977213233
16542,0.0802471083715961
234724,0.06894760069678618
27278,0.10722454733049513
11636,-0.056834231671300195
83965,-0.11728106342302169
71066,0.09911808348733242
13848,-0.03982929473292174
68501,-0.04012027779108607
258563,-0.10403506399974383
16443,0.04599078917811106
80905,0.10871865650605184
15183,-0.09025555090026582
237253,-0.09554704060419628
11305,0.07913803344627279
73016,-0.09592789656551926
13644,-0.08882096134771444
57267,-0.03647454733163258
50721,-0.04174709316994374
13166,0.10149162121629773
258302,-0.09088034818819857
77411,-0.11858095644969868
22378,0.03791565417331455
66892,-0.07711005787061609
93873,-0.09925749256444094
228787,0.07251381653836919
12294,0.10828250348554391
71834,-0.030931468594792122
12282,-0.08588049992202329
320376,-0.054187413290733843
15221,0.10951999498153331
73666,0.06959981773511004
227331,0.03660591787756573
72201,-0.10463765275415593
14177,0.11466490906162008
18979,-0.041454318317009964
68145,0.0867760515805811
76795,-0.03107312350863012
18107,0.023697468821245238
320802,0.1137512346314411
70800,-0.09322182426055114
14345,0.100414208170716
231128,0.04385594650063318
66249,-0.039712994964766324
21454,0.041921364421330765
54188,-0.027083627247863618
232821,-0.09601086271725645
109575,0.05524440319348667
28035,-0.06797911224308972
14705,-0.04941026090255818
244431,-0.08639520850824178
171395,-0.10557204687159905
72542,-0.040829603423668814
226861,-0.08266582741387296
14936,0.04430246766030166
18400,0.0941015451030065
14688,-0.025046209168403166
433180,0.10544775176815957
20466,0.1117916420767262
234729,0.1081952422464143
77590,-0.04422331915895139
20526,-0.13009153752775626
434756,0.09316763540654671
216151,-0.05855598085160807
67197,-0.03675726140937918
50929,-0.08040886909715006
208795,0.08340917897913869
55934,0.0406885997738371
75590,-0.10396730914847785
259002,-0.085470262672668
100169,-0.10138704724172243
26572,-0.04440386469264901
77799,-0.058206337484616455
70466,0.0995994136972973
16438,-0.044018088539957034
64008,-0.0758397057023128
103710,-0.043377418707603255
227399,-0.09339744355007795
217578,-0.04719171764362429
381668,0.03495228242452164
208266,0.034892202438598474
244349,-0.03169472247392413
18641,0.08409662170317223
70604,0.046054637327641146
216565,-0.08050810752171511
53872,0.06368168829662935
68581,-0.02458722650162315
56786,-0.0257401135412465
259109,0.12468808667746956
83945,0.03693135711898421
71752,0.04452996318225466
105847,0.04200939155138972
435772,0.07956840559813871
67618,-0.046328124067994025
100042150,0.09923475220926559
19259,0.08826246386682968
19194,0.09642866377976711
20358,0.07792768492345914
51885,0.033981767814433184
15874,-0.09017085226326849
57435,-0.07914368701449703
244238,-0.050619598478765404
74198,0.032278064103815396
70652,-0.10701435287626637
69527,0.05127269967699899
215015,-0.05468602621188978
66307,-0.0926901032873717
212427,-0.07976669489822275
381280,-0.07976669489822275
68988,0.03599112289147399
67808,-0.01947372365927258
244871,-0.05093888547346914
11737,0.04361358257729009
272359,0.08293267684476469
18015,-0.05932356959920426
68652,-0.02772309274138962
19219,0.07912468372713732
99296,0.10868844051562565
19089,0.03363223408186933
67466,-0.09743310667487215
18188,-0.04730324571222333
11637,-0.03243794997360183
258155,-0.07982185221321902
12807,0.04648308949920654
56773,0.13766726545103847
242341,-0.10714605803105393
67470,-0.0829502891847893
239114,-0.11823089264620723
207742,-0.05373308549051803
26384,-0.03508673682826746
14255,0.07277974154740097
269254,0.04499370179745199
67231,-0.031186372013152663
73422,-0.12179468639169544
20278,0.11322834203658472
17330,0.04710965265239597
117599,0.0445782864667823
12862,0.0455023605460001
72515,0.03155050946230453
68201,0.08874429884848656
232345,0.092884973253899
12391,-0.10460107488306569
106861,-0.10258186067070874
22344,-0.03577504137251175
11767,0.03761558048173086
13506,0.10573257150533921
59041,0.030132737789704933
73254,-0.046748627979893875
241322,0.0701635307195918
103844,-0.09347519350723799
110333,0.09892098524430182
94044,0.04374218381985884
237504,-0.10664051196465918
77591,-0.07580110432272846
237339,0.07056436197518057
71623,-0.04610005867636957
65247,-0.07431982869952414
15563,0.08429675507464873
319899,-0.03848252693225618
66233,-0.035703582144870794
229211,0.053003420014756664
19653,0.02004675956129809
52023,-0.06970890344237812
67929,-0.11671853701976698
68833,-0.0549640038395971
19731,0.06439922334988601
16859,0.03838282487913247
70840,0.09016063060741963
71597,-0.12028774841058354
21684,0.1611406689135637
11910,0.07357273532654318
57265,0.10159948500271732
14421,0.03313593971959783
71836,0.0925312934646465
18747,-0.07207715693221495
68556,0.026693665984877768
17268,-0.059102150497242434
19707,0.05391997016832395
68265,0.07502458700770198
547049,0.07502458700770198
330474,0.05022190873739163
664799,0.0803094325255933
20504,0.06406740752087448
140629,-0.0633215835834946
56041,0.0391198804299151
227195,-0.051179477499845305
12339,0.054690950115984904
80857,0.11423003228036599
68107,0.06835203349791108
214572,-0.026720575997346785
242037,-0.0542302740815126
77521,-0.1049669885569875
11443,-0.08906206090789404
193043,0.08594983126607136
18679,-0.04979922997766906
170788,0.07966539636847036
107071,-0.03613121606896019
17174,-0.13997524049063337
20469,0.037014998849308256
14026,0.04364719592146571
15220,0.09909228393716862
360216,-0.04997588170986855
16581,-0.06936782052388235
21858,0.04076104611247189
140557,-0.10578125842779018
13830,0.08121767701377358
271127,0.08398791782479709
51813,-0.04846899637545388
15510,-0.030271858670699814
22057,-0.03938615399335976
22329,0.08762618706589942
18796,0.06272674809745205
22722,-0.046696127926918685
66113,0.06742948370457569
20184,0.09218375212014163
233020,-0.06745798088313215
71974,0.04834335812894963
13511,0.07789934812875554
108737,0.03846787932492468
258350,0.1221195470974803
12829,0.09090946190353488
229898,0.037898700748237424
72055,0.06667690703078932
54634,0.09674418621691627
21677,-0.09380636773541884
72297,-0.12474098170988412
229841,0.06725482750634804
276952,-0.11832006338163037
213326,0.09835722568170358
21374,-0.051152771718914636
12557,0.05742641592701858
56463,-0.08843372378209935
20447,-0.08883496498905252
17957,0.07713782839909822
20658,0.03916705816580368
232370,0.08750564707333108
20167,-0.08088545927471635
66500,0.053042342181244706
60532,-0.022722170651618967
27402,0.06873960847776317
16511,0.05445112562912957
26560,-0.08137915713983634
23856,0.04191308076663347
242585,0.07297794090138332
71111,0.11252662948281644
234384,0.0694544967850188
16392,0.04258619869640956
78830,0.10406136973508495
76338,0.03286281235997812
17178,-0.08247600716452741
68151,-0.0638793209265458
332934,0.09326235760353363
57442,0.09583102286739464
23956,0.05639682412310165
56187,-0.08496353492936937
72729,0.030143856352225384
240675,-0.11413540909623121
54169,0.05513506313850325
21948,0.06549352565276934
382010,0.08049400230953996
12337,0.04295693979171933
243931,-0.09293724300023953
668940,0.08796430138857536
258160,0.07849225802231174
101142,0.0874770626128134
232889,-0.0956509672282202
73078,-0.03464277389825732
105513,0.03003069247519541
24086,0.07433975891616829
11554,0.061725259670362576
18119,-0.06572947519918415
21762,-0.03143382253431959
67311,-0.06273368728662021
16497,-0.10949255823102355
16653,-0.06302710047199245
18451,-0.047824478357769706
64010,-0.05441394360262741
72948,0.06007641260845009
218461,-0.10519669897527084
60530,0.0654430975957645
67269,0.06825074292907374
319469,0.06825074292907374
12790,0.09044562503331566
12776,0.11723540719663461
68944,-0.03676379429223964
21846,-0.1217639149187395
76915,0.07818345504507818
14391,-0.03582114745369758
75409,0.10529088331564562
57895,-0.04102425624146733
11835,0.0753626325604353
69926,-0.05514011214461689
258281,-0.058714198053715805
20355,0.11989919436795038
21917,-0.03462826152084553
19743,-0.07776575406517683
320595,-0.04676369297593119
209692,0.1018257028849785
104625,0.028311907348374632
71241,0.0726320923803021
77701,-0.03241042063229749
16322,0.06778581101279668
12845,-0.07532536811549484
338521,0.11091998530879588
11352,-0.06393757481029017
93871,-0.06447852127117049
216724,0.06951919225123326
217138,-0.11118166567936294
56515,0.03575237707745682
23890,0.07754258555255156
212326,0.07276156118835964
208666,-0.1073139214935539
56791,0.022296156766117292
13421,0.06484785208591681
12404,0.11897650266758752
17258,0.044610441574265636
217219,0.08811772841282384
114666,-0.04519839502856904
629761,-0.0804767207672219
13638,0.09420412486134921
76897,0.19459645536779924
55946,0.051115436543224035
243771,-0.09297359436552544
242691,-0.04968463469840767
237890,0.10601436494388405
107239,0.054325668279094685
214704,0.0791177435528061
215335,0.05468724881315268
67974,-0.08904235822260098
17344,-0.06681402422032434
67328,0.08684697711159028
75753,-0.058134349737303026
105446,-0.07098904617874435
22143,-0.02974326881740197
55994,0.07220787443968568
235631,-0.07443288233113954
211578,-0.08749093301649058
16680,-0.07990918853398155
234366,0.034609033531083355
217012,0.07935815092134035
18710,0.09525977792749085
74469,-0.03749466783360944
234664,-0.06656904597196256
102570,0.051095409449929186
67619,0.07870942407722836
13801,0.08951585612458457
112406,0.024309736051721487
67760,-0.06008365984587627
406218,0.08617506819218335
244745,-0.08911367080260746
210510,-0.09632120532765587
56874,0.0818770572984926
243923,0.10079449092271897
230584,0.021625446422689265
22404,0.03863626743373949
75216,0.055219742597524046
20399,0.04109615440989067
74996,-0.06868299948947953
100313943,-0.07923126579811335
380713,0.08644155183471058
72789,0.09796597426040154
73739,-0.07863908615218751
19385,-0.02318977426607205
213760,0.04833574857541301
104943,0.07030809967205087
18102,0.030769335504704287
17152,0.07246667861646872
22780,0.07630712064017686
20544,0.03548233394300304
101540,0.036651837045969415
14171,-0.06348779516930092
228545,-0.05499533975930504
20616,-0.08096910040319782
26411,-0.03890936496317288
68758,0.02452623540620813
54445,0.04282104081736904
12501,-0.023956158516009296
19826,0.105523159808798
14472,-0.09047866738376253
54392,-0.0808762093188582
229933,0.10385392146485728
240427,0.08376013288291251
22224,-0.028427720390515887
230936,-0.07348319882151522
54376,0.06583210124444738
12020,0.0921197194677319
26434,-0.04699164073636908
16163,-0.07019946007478373
73353,-0.09209956143337905
76594,-0.08523593975404431
66573,-0.07243466065316895
16848,-0.040007626993659784
71472,0.033413187498123165
239319,0.032135874313540924
16644,0.08999307859119643
18194,-0.06323155459960184
11602,-0.08351456523939316
19099,-0.08200747407168674
67057,0.035776432036765726
101861,0.04066009445982388
545902,-0.061064584110731346
67039,-0.031131466838473898
118446,0.07116898305486608
21676,-0.05788258826984283
237222,0.06778710902689689
53356,0.027768237186476696
78801,-0.08838727329127449
63954,-0.1129601444426811
11928,0.02616202751709551
76130,-0.03308695938379724
20537,-0.08127665635904568
101533,0.07210851736562685
108156,0.0808629449430871
252868,0.09502380785053255
54601,0.10656084309074743
22024,-0.10793525528268866
72149,-0.04311414190858187
67664,-0.08384532415293933
381352,-0.060913305530650774
19024,-0.06789614618720918
76117,0.040821389665115504
14609,-0.04193389545492954
18328,-0.08538682103892592
381591,-0.06711411769190612
77626,0.05248843762278188
75339,0.03138484750639492
77721,0.06652538801201224
71240,0.0735778285056572
55985,0.08243748444308929
66863,-0.04688026137077017
20471,0.12262525197632623
26934,0.05132388474658356
109075,-0.029824676537748118
17179,-0.023599850107011378
211482,-0.1153096473906281
69085,0.0384494873710608
258439,0.09241837106138595
103889,-0.0725835271715276
259083,0.08173867360247478
16191,-0.07561588904777272
171171,-0.09508261558173459
15373,-0.0788484252723558
11571,-0.06903722617381236
56546,0.07590363744351603
368202,-0.060601074064535077
269529,0.059079698253113655
93790,0.026395600066004832
241764,-0.06856940190741767
20724,0.13714666989458202
50490,0.07165694119731914
109136,-0.03336664980944626
11553,0.09091046340660736
107305,0.08859228128460028
15182,-0.03338061546874638
68533,-0.08316582435257569
71777,-0.06585612256146689
218335,0.030769640951920252
54485,-0.06895315154922521
69920,-0.023896696848826338
75678,-0.0876328012123544
114664,0.029385488094046508
16693,-0.06616158428244034
18230,-0.0656955883617254
68226,-0.06924680252896032
114713,0.05883929244731867
54375,0.06061372201332915
380975,-0.10966890659493256
227059,0.07641123370762859
243616,-0.07192164008372925
331374,-0.09703810027327098
13637,0.08182452304408727
269116,-0.050467644336381845
24045,0.03204366631933553
72155,0.08803312182314738
58887,-0.0601884355985014
56784,0.042654194733552586
245026,-0.06525548441374518
382253,0.07728347965537896
52440,-0.047217142409138546
209232,-0.09202316276758538
56709,-0.038287183695230986
78781,-0.022427208857996206
320405,-0.07067928476340324
66402,-0.07050463705939336
22652,0.07138213155999029
11746,-0.06661291097836752
229004,-0.040762162316380746
98432,-0.07602999445288994
99100,-0.0851989462031355
66397,-0.038503455786651486
13627,-0.031299739724090614
14852,0.024555165705855586
11657,0.07535330624338066
19365,-0.040276955144635807
16832,-0.039313281685256385
54448,0.08733691652066522
71967,0.07856686976745753
14042,0.07720647197482666
231841,-0.056798426249837775
22242,0.0962394744172208
270097,-0.09034858085390862
73671,0.08122688128559385
321022,0.02625119975012602
19771,-0.10574853990064792
258039,-0.0972340088082504
11556,0.0716608199541433
69318,-0.04318832855142141
209512,0.05735510726890869
109275,0.023109805085015367
20689,0.08838213755528956
214253,-0.08511661855717456
64213,0.025956929973871112
77772,0.08595691935897731
21687,0.08458196164952403
214987,-0.03161198955871569
15574,-0.0665220914176805
384783,0.03144991354396787
208144,0.055433910218655846
26931,0.025961979526710977
80751,-0.05287485431839123
235633,-0.029021854746913434
67671,0.015497901688608096
66859,-0.08272002978314008
110350,-0.08048017661661966
102093,0.0741254541629024
56807,0.09051638592742695
12561,0.06764388559314494
14013,0.0948723713745867
12317,-0.02260679231665641
242553,0.07398402389322278
108015,-0.06753628130894285
83435,-0.04786341285138285
14633,-0.06408620789995245
66432,-0.03390315997205473
216877,-0.026283681840396866
69719,0.09093274106481353
71916,-0.07614609107932147
268656,-0.07955450726755764
233080,0.051876322882374204
233081,0.051876322882374204
319211,-0.07414757575922781
67059,0.024100562177329365
13169,0.027858507455922776
72560,0.08271139527331739
16565,0.04604451225670125
114249,-0.05852455429386616
276919,-0.07698150315862673
56436,0.023935335094964927
22035,-0.04521440595998438
13998,0.07766191204391326
228866,0.13356273000094987
67897,-0.03412425714513034
67480,0.06118195313881003
54419,-0.07260496882122336
11677,-0.03176045166343755
18612,0.04138749311867507
66757,-0.08049805788593822
319901,0.05766702749261032
382236,0.03736438259536179
56183,-0.07739483051169493
317750,0.06958451248667963
19951,-0.020091637050786204
21991,0.024925672637046148
22340,-0.06314950750404602
20678,-0.08988065945609058
54563,-0.033380223075532456
15257,-0.0580596686429562
27965,-0.04975843230129495
227717,-0.08263140215224585
70683,-0.05976450046498183
192657,-0.05530467857889754
70661,0.025227139377037133
76246,0.0741396169956774
16886,0.06600206775073492
12418,-0.035868072433865805
20403,0.024903047539988066
207304,-0.08047337271635158
224836,-0.09712589817342998
234353,0.05990100723942948
11426,-0.03057503249104876
225467,0.07229083590131324
108068,-0.04711829943405377
21885,-0.042567698121139586
20448,-0.042069269756966676
20655,0.015974531203484688
66380,-0.12329126769502041
240726,-0.06242907013472898
53357,0.037455508865063436
69736,-0.05558640488325661
76763,-0.0951170264801906
52535,-0.0600734919836734
140858,-0.031057715639519756
230766,0.07038258761877358
80981,0.05400437558609017
14619,-0.0906619765333776
235315,-0.05699580269247928
114674,0.09485103186561084
193838,-0.047284905989477544
19106,-0.030094596255507255
320679,0.0831144134339512
11921,-0.05992937304420787
15511,-0.07575056730287155
193740,-0.07575056730287155
242125,0.08970309639521323
403187,-0.02985827693000509
12959,0.04529259122951501
381038,0.04724845618733564
17922,0.06814702148534924
12338,-0.11064408670008019
214944,-0.06987889690284721
229543,-0.03717635643542927
17151,-0.022365827061396004
271786,0.060870429545977434
217664,-0.03433014303976467
114714,-0.03882579587419066
23969,-0.022287446117481124
19227,0.07774504488433553
231430,-0.07512928535553787
75564,-0.06280064919177697
69363,-0.05237516178545931
270150,0.07175640568495734
94220,-0.04962303983565697
109079,0.07804402536415456
20238,-0.057127055375703506
226654,0.048252606619604066
12426,0.06533431920474975
68021,0.023931506920922274
74370,0.027302597655134875
67216,-0.061293150610235436
66595,0.062421610374601144
19883,-0.0713991844065438
67241,0.022903549580400195
241073,-0.061264187938565584
22073,0.06596941620937358
258794,0.05663067482619866
320473,-0.08619241279503864
105782,0.024625194685985008
69191,-0.0693319088025115
12396,0.04358226098727336
74281,0.06859779482218986
227638,0.16641728996288574
56470,-0.027879266478663567
210044,0.0560438366232332
225339,0.030850112064017665
224794,-0.061652954951153305
69514,-0.08545791781377865
19708,0.03052738467859406
68385,0.07681722321212714
320181,0.07770313421013597
209776,0.0502217420757356
11840,0.027092324745959573
268934,0.07213958822638844
19072,0.024178351467961434
216011,-0.0541160856684364
319625,0.06467485049078103
71096,0.11429280500842864
68915,0.061320124387576946
22788,-0.08444298011119589
72748,0.06993336219219604
239250,-0.06335790205607861
54636,-0.04621878853687811
78246,-0.03250175761748686
109145,-0.02008225154684773
54411,-0.02277463295694382
16008,0.061422558138970906
19249,0.07404478892433275
240261,0.06710993091243367
56226,0.07749772381796571
11832,0.07929092607250343
70300,0.06499588173117843
224617,0.07865603725815307
241275,-0.07136524412855927
74155,0.05930753608317829
381058,0.07464423671879983
21941,-0.07618375995002014
330409,0.07682784173413992
20493,0.08159107723964354
234733,0.04106756897860997
244178,0.024803744230191604
231571,-0.02770184247322316
18521,0.01800707012873559
217716,-0.08262620165998058
107770,0.04709552886406154
71904,-0.030417849356011217
77040,0.06844607768610267
219228,0.10589783049009194
110446,-0.018769646930962836
67155,0.06897289884696889
74493,-0.09588797239137392
208092,-0.04168108754988431
76022,0.07481143955109548
26451,-0.023279907662015376
625599,0.06316194660578311
66690,0.06338192473112514
66645,0.07263477597900181
266692,0.041569765985943974
17076,-0.07485107546535819
74591,0.09211241614357846
52250,0.06336402371513028
320343,-0.07481720249121349
68731,0.030059608692482698
233424,-0.06587915828558355
66568,0.0859448939283487
74369,0.073683680400322693
103978,-0.06582802697987589
110033,-0.04269252276273683
22260,0.01717047340004818
320538,0.030699913677766588
14012,-0.08040278096877662
12299,-0.05955668391660751
66789,0.08074715798202803
93966,0.03665887019847247
67160,-0.0252076382198112
22436,-0.06156363869190251
26569,-0.034767718458976304
63993,-0.08213678413407566
328572,-0.04502985865981923
51789,0.032841078267429324
434437,0.099723368688581
14531,0.06767990763830989
242662,-0.05982719942034631
68323,0.05067488210450222
268373,0.021683239817576805
14630,0.021683239817576805
20810,-0.035427248592080574
380705,-0.07611776244630075
231532,0.08068732816729884
18754,0.058188522540502774
102866,-0.0636468446758105
69714,-0.06466113738238466
216749,-0.05262987860608348
77853,-0.03708641336426233
320938,-0.026544324860520163
14109,-0.025194066753387645
77097,-0.04522847581927891
71902,0.031410741739795967
16599,-0.02614084314571663
381112,0.06945666064259548
216848,0.02994038614939143
105439,-0.06598571754753646
11409,-0.07951740579545863
18044,0.07655905407116581
15551,-0.06932446773471534
320508,-0.0611003307996425
100039795,-0.04554443412601117
71951,0.07659521859510843
72023,0.02570327439908837
270086,-0.03558540872354321
59014,0.05944133366915416
258614,0.06912000188930634
74781,0.02896905276404471
319448,-0.05718058146145655
224224,0.06142544325169297
242726,-0.0626301678658181
74563,0.037920865743888754
58916,0.09278803993353169
243983,-0.04629859211063092
54196,0.021853553383632374
81630,0.0740786497072401
16161,0.05818879963551726
56354,-0.02329722105730525
13163,-0.028273947988143533
381511,0.05677757830010588
72137,0.071252088291339
72630,-0.0215361642807963
68031,0.04816092405469341
13555,0.03316453549270015
69852,-0.0773231586755303
26918,0.06110770410793798
71919,0.021347803713499758
70997,-0.04076158974816302
16401,-0.02907312734113887
70508,0.07300482870071257
100502861,-0.04529139307060692
101685,-0.03393118485843871
66816,0.07921380713464643
23999,0.023273626363652156
14065,-0.0747196753910293
27756,-0.0200095888406846
67811,0.02400301987284781
21384,0.06526179134985899
100041096,-0.064573296337052
75689,-0.04126203539871387
57753,0.024034271086252446
11979,0.0347192969665473
66964,-0.08241502634743991
66388,-0.07460119419628874
228852,-0.07086033270521241
238726,-0.055042979909227796
68477,0.06712898001183731
14287,-0.028920761017450225
244864,-0.037673444178979665
68092,0.05094466155310062
69131,0.03521769618068049
53321,-0.06323067982874253
246709,0.044738077109268026
217705,0.062065808058455296
239337,0.08861665295458465
21428,-0.07466199382990268
57249,-0.05060813852429913
74035,-0.042249600067521875
20287,0.056671268981916434
227960,-0.053668886934392646
215384,0.060923778238940685
109032,0.03197614742154009
223435,0.0738548032367925
110119,-0.05086863194131119
329650,0.05277281254640709
26939,-0.05321072907717106
13162,0.09141452824668583
67418,0.02107820132404825
66283,-0.053772865608989306
223774,0.07606790351280868
209011,0.03032005669300375
14924,-0.06227635875448634
78178,-0.06227635875448634
66262,-0.067313419346954
52202,0.06943764719249756
15502,-0.07295361504919207
18181,-0.021124371528475905
227619,-0.02310185964973499
76355,-0.057503286608660886
217039,0.019622898399024535
24059,-0.056607152405796946
21784,0.09188459696323603
271697,0.049644605757639404
18352,-0.07307319906082288
16728,0.05539004538422443
53858,-0.05884582188724785
57330,-0.03153714350145442
53612,-0.02175223679731353
20587,-0.02736084175233877
11812,-0.07176522642483896
11448,0.050819608964823626
20541,-0.04651817842526995
18242,-0.04720391775494637
240263,-0.03923088751384629
72145,-0.08235711356426823
240518,0.04704091632950824
22791,0.043162339909072145
223827,-0.022479334190011357
244484,-0.05664641639780443
68846,0.0614641284535411
270120,-0.1260438282655567
214951,0.07677422050712934
216131,0.04017456885379289
26419,0.07014453854210068
212127,0.05535730833757402
13845,-0.03574235646039803
66335,-0.06311582598011078
14652,0.04525742546516387
333639,-0.04379746718591271
381560,0.04663758832552389
100121,-0.04170425953185486
17235,0.0799665638095064
12777,-0.051917974699240865
56706,0.040292823703512504
75477,-0.07502480716156867
52690,0.02043539419192264
13199,0.05276316585701313
276891,0.06913699024565911
20649,-0.03901057144048892
21761,0.017689376831054204
627352,0.017689376831054204
18857,-0.07525976139419743
493809,0.05569913382515823
20272,-0.10229453195662686
75608,-0.04774698858492954
21819,-0.026772332422304146
71829,-0.0682770089037894
11303,-0.045125663614388856
18802,-0.025889918057563577
104884,0.03142924506850342
434903,0.08957035726098717
97031,0.09360402190283246
57342,-0.04270077095153457
19344,-0.05886245788436906
108115,-0.06772280286740084
74104,-0.04763886677503315
258322,0.07292696026009704
56013,-0.06338566989223349
66766,0.03430131554219784
243025,-0.05501582442837982
52850,-0.051202122710393816
170759,0.02108005049063877
68137,0.021681535758787618
654470,0.028204005347168604
70789,0.04901524322982809
12686,0.0660349762810184
24055,-0.03324524479062241
67785,-0.05440131520116509
56350,0.030292516253391355
67332,-0.01855409765266991
13726,-0.026369689812515418
12566,-0.06170923547246776
66245,0.023832919459408686
18970,-0.05676397543398615
233189,-0.050946794713397914
66464,-0.03302807895709137
18003,0.030093929945772757
17259,0.054732488130621704
105980076,0.054732488130621704
66615,0.03833384610323698
29820,-0.0698745286762188
170772,-0.03572562542795232
76793,-0.056997196260487826
545554,-0.08110318054567767
74114,0.07406948384916845
11944,-0.054311744112222726
57444,-0.01936566476617685
280408,0.022847907673025247
71138,-0.05539162274754439
16538,0.07781933792038265
27993,0.01985353544892554
26893,-0.016620880973116314
192170,0.02529846806112701
70572,-0.04270524156402633
117600,-0.07755042831283987
219026,0.044130454642600014
14373,-0.06857306807097885
68346,0.03479537336834415
16506,-0.024170737806192832
26876,-0.07328411421955927
67937,0.036586212918573224
103775,0.06791632792780433
13074,0.07651560494713472
106947,-0.026776125988142496
13813,0.03510663896379995
217366,-0.019578951623715923
66163,-0.018444582600293913
16924,-0.10535520762378514
244954,0.06688929531469734
227700,0.014170654640349056
80911,-0.06866288118088448
215160,-0.06318451631117927
258987,-0.05972915172110049
16880,-0.05785997394051012
232947,-0.04702865588769445
67161,0.05249701682709862
98193,0.014557633224420385
224762,0.06013790133893471
238875,-0.05584473475818985
224022,-0.05246811313169353
243274,0.05605222943436772
56364,0.06391529925656148
21387,-0.06656685860484046
109077,0.06435534642674057
80904,0.05739801842644798
242316,0.058842455834827945
15464,-0.04823385229750432
12022,0.057321328905056035
106618,0.0506876558883782
68705,0.032098879534935953
15218,0.07254631060456607
100198,0.03410259142862415
320720,-0.046910378967053745
238680,-0.08635154755458707
16870,-0.0437041205818991
22348,0.04464297595651168
17751,0.043361660079797915
239659,0.06535200236517902
67279,-0.060262571748967986
11540,0.041422216573032244
13854,0.015254738598107664
67678,0.023020791220890402
100043474,-0.0491156793151335
68401,0.02305456294684305
232156,0.0495393779476343
103537,0.02968145420560475
21423,-0.04717119566362271
55992,-0.025400942512993296
98660,-0.05823557085397457
105787,-0.02915059122966568
26951,-0.11468403589958243
26879,0.05774459430415568
19896,-0.019568086633736215
208691,-0.028682743775149788
53424,0.015485741200402359
211064,0.04114793697800412
654309,0.04114793697800412
11801,-0.15368646727810065
13419,0.06793748033391456
93728,-0.05854865682084753
227394,0.05553891529698873
192195,-0.0475687582186044
83962,-0.019259339563545197
219257,0.193048555054963
69663,-0.061257093216753766
14584,-0.0679323141722703
18991,0.03110349695989001
107227,0.024753553658348082
78919,0.048849432348985644
76630,-0.018857599287446902
20513,-0.054496694088798314
66315,0.02912198394028742
13418,-0.022639308995922036
100043597,-0.045039126191734447
16825,-0.019176658338682984
329581,-0.05182643501057438
12447,0.055992286246731915
14154,-0.019089535985745698
192653,0.06333075356914097
20815,0.055119292197885805
14884,-0.0225062807779004
108657,-0.017749984164638022
16574,-0.05899467953080073
630994,0.0331142053405582
329470,0.03665148024391218
19891,0.03773658948813541
212862,0.06102877551171204
12374,0.05008323913343116
74998,-0.058723960146048526
270166,0.05376593237655314
16601,-0.04670695326868746
12828,-0.06067900527217063
12325,0.02864638050438373
17423,0.02864638050438373
27414,0.033393568539985985
224273,-0.04767653878627165
70727,-0.053403905478814906
268345,0.05092682077771604
66411,0.020291977189124566
50849,-0.03201528390197517
23938,0.02045296946851316
76467,0.04805241992684728
66394,-0.020812980257959524
18950,-0.025746550442747207
16976,0.046272385366814106
26887,-0.059485118927688596
77480,0.07402532199598344
104445,-0.06960246342430665
20613,0.06977911773913092
320685,0.05712425546136757
18975,0.055265776722011495
103737,0.05107334153102272
68668,0.06599780251547038
66965,0.018431992104096295
232664,-0.049163183952724676
16525,0.05618848534763554
22178,0.08694900769935643
76884,-0.02651643414216842
71817,-0.01620714300114834
68015,-0.03553886371966808
27260,0.05119182143150702
20534,-0.017117407753081793
239530,0.06111713326247248
16549,0.036048114881657156
230908,0.02158500700349464
56631,-0.03910227482863071
259075,0.0823336744294294
28199,-0.016515337419701126
70625,-0.03046536507681541
68961,-0.01842923906692029
16418,-0.020013193141087626
67252,0.054563643587460575
19328,-0.02713787384883215
71764,0.067347748675882
59021,-0.048289696037760343
13012,0.05599224191908636
14533,-0.01844173569467067
52837,-0.05040880264772163
20199,0.028279963786532747
215280,0.018898774471242774
67790,-0.07310876901631325
56417,0.0175953909070774
237500,-0.04425744890513883
21417,0.049258672678206494
76872,0.06953156205182154
18223,0.07378254870274858
54648,0.07405070477055276
192160,-0.020038405312270413
20224,0.02027895294700599
75690,-0.05110129060491708
11875,0.053855973268600366
75669,0.02840690319949868
15331,0.027215020960499103
117150,-0.01717707347234132
66812,0.04569256763690266
70383,0.06270520343614194
432486,0.03918860438341554
26372,0.05662075367820485
332578,-0.042894867013273164
17126,0.05092372849456517
238247,-0.02356563894670849
106326,-0.02312553040295917
22214,0.06044416618322224
232836,0.04258115301138066
68135,0.020991657724405144
56229,0.06047592296127746
15434,0.08368535519168852
71715,0.10855242694065126
19373,0.04390659583044032
20299,-0.045808666938055076
67690,0.019642424190985608
30947,-0.018410588190551636
68815,0.020670082342812535
26897,-0.05123598988002431
231103,0.07478238584199337
15547,0.018840408822692112
219150,0.016744500621182823
330189,-0.03031189777794374
384071,0.04984052659651539
213989,0.04984052659651539
277432,-0.056141222032736415
246738,-0.06066691920243006
330369,0.0510890649034641
225929,-0.03289171695751758
208922,-0.048656204758399824
26878,-0.061105539194060476
11514,0.05664184097631164
75062,0.02054152193846548
69582,-0.02248311902489597
70584,0.026757301408910195
241274,-0.020580994795770025
56380,-0.026565286733045923
15110,0.044920178344161066
68817,0.046265824723146665
16593,-0.029851651413110858
237560,0.07100753415936456
218793,0.0469160779375839
13009,0.05987031970787804
110094,-0.0241681189968741
73945,-0.025998550354028538
226098,0.05448609255131487
53609,-0.021470915297646442
18526,0.045275516879090816
104112,0.017299712624659236
18985,-0.02470136643286125
76308,0.013605492491393534
78689,-0.01934335468677162
57746,0.04938174175382404
14911,-0.023140814508575858
30840,-0.032028931682696715
12643,0.0393310033450156
26430,-0.027869022175174507
213084,0.056162977944094195
12300,-0.06734820881007053
67544,-0.052530875265922816
209224,-0.02532989857958512
13649,-0.0403588329683231
16801,-0.028823469780579813
381546,-0.05425221335572861
53418,-0.05425221335572861
56075,-0.022171856085396513
240055,-0.03164822333138595
94224,0.04793800598037157
102607,-0.04775878619637641
67883,-0.04397282293189253
71684,-0.013960490891202326
20646,-0.06092884747717431
50912,0.029012144135410978
74318,0.026905529676378492
212508,0.05421402596846825
66506,-0.023369251037449246
227674,0.026308481809502737
12326,-0.07003424111306611
234788,0.05412508022328133
75581,-0.0766067135775006
20869,0.022408349283283613
320394,-0.05777913896481213
232430,-0.017235901172290014
67579,-0.06876642453990822
30877,-0.03934200981121716
246154,-0.059112704503786695
71761,-0.0666971841698123
244059,0.02824828931339951
101809,-0.06668103479639331
64706,0.07113536940316934
268396,0.04808671031780909
74914,-0.07590043920458012
235339,0.04862961494425111
214469,0.025125207083567247
17222,-0.020028924610379306
212880,-0.029017831786141812
78016,-0.05393425753239267
99412,0.03079536833942953
57911,0.059262083236473195
102791,0.046636809948972235
100336,-0.03269109455470165
70797,0.04777955357646846
73191,0.06299178017633489
23917,-0.02397890018699833
620235,-0.05922760734345012
76299,0.029531658259935867
23844,-0.06058924792527964
66586,-0.03652274341059414
56705,0.02980009762113589
66925,0.01756208951039895
17283,-0.04057915548816027
67460,-0.01924318683020232
66177,-0.011958390201755265
73373,-0.04889192173617207
228839,0.03303503493463822
64050,-0.04699967283951345
68525,0.061505448641717475
319934,0.06834448225304035
18029,-0.027649218044182078
74030,-0.05564306129982732
408057,-0.05564306129982732
16330,-0.019430449468373467
22355,-0.042788060809913375
216441,0.056515520169276634
75705,0.016538623920952844
21812,-0.01845217119748277
258925,-0.05712027561859134
15432,-0.04518312078197306
23945,-0.05103507933996987
60321,-0.02162574759996616
59288,-0.02264235225723077
16834,-0.014464070122677697
70729,0.029461923703893333
217410,-0.05166133023358199
20931,0.04024730005534671
93685,0.05498883090694218
26431,-0.024523887064118455
16647,-0.019214394214465358
22384,0.027182371676254036
11552,-0.04993622016494825
17140,-0.06605595717155222
70008,-0.05931430091665835
268822,-0.013714109475456482
26426,-0.017615173151892094
18312,-0.06564078589233713
94091,-0.02591872000819251
116871,0.029018600139883333
14294,-0.058356491652761466
74182,0.03463709470442211
270624,0.05226142662900646
20745,-0.050664518114606594
229317,-0.04870320318857502
56505,0.02096418837085956
378937,-0.04147571700374986
107650,0.04238233709318262
76089,0.04104597291256962
18780,-0.0594058079232096
170760,-0.0423199059759618
16650,0.039909420180849864
14667,0.022256666284755866
19305,-0.05366114204794936
140481,0.019672567870438584
67725,0.017585979600545087
77116,-0.0488388769749184
268739,-0.05859756110198511
11998,-0.0408834477120994
195359,-0.04116390401942116
70977,-0.024849270693711123
71699,-0.05269192988657956
15239,-0.02037103261107731
208677,0.045527246363190166
100072,-0.050126428822315106
214669,-0.051784294402443365
14601,0.04762595598216546
110312,-0.05997337557829319
99311,-0.015171643923691747
65967,0.02276226959333094
272027,-0.03419228259376261
19684,0.02367776550984324
67486,-0.03424069412993713
71807,0.01817954026808799
71069,0.034486136550793134
19208,0.0685579630736548
231290,-0.050273524778610135
66864,-0.0625693621734329
225160,0.03690679650875239
14794,0.021707828734507828
68519,-0.053225826717994806
70394,-0.015043558031987203
11798,0.022284959111070535
242642,0.04274581728656379
381489,0.05911993617550504
22030,-0.015944775781807863
209586,0.01247069114311472
19769,0.013716413232268465
18674,-0.02347259624189668
68159,0.05071138375233453
20042,0.009583534295540375
100529075,0.009583534295540375
24068,0.014353835859857611
106763,0.0471303899353277
18861,0.03234038872318301
105670,-0.044642619107976955
52033,-0.04643905057493569
75617,-0.04158269354341737
72572,0.05086927662854368
68212,-0.01742209099342773
22762,0.045152050135724764
73259,-0.05593703327618016
331004,-0.05455194613781078
230674,0.017336491166309642
13356,0.0212449607370484
20962,0.04325497782178678
109314,0.031378947010136216
74479,-0.014940249774369363
56294,0.04308812402676665
239789,0.04303112190457892
12767,0.02852302862185674
13711,-0.057046684474160614
218639,0.01636888073367082
70450,0.01686070643811277
23994,0.01559354865421092
16451,-0.019583795848772567
594844,0.0587319671202966
56373,-0.03459011355858088
12017,-0.011386934376284685
21944,-0.043708569722303636
15898,0.04819579133263385
224840,-0.06113541797803901
328789,-0.0509059893024113
225187,0.04906149459752651
68079,-0.01807176393982779
20528,0.020390124065753135
52428,0.03952366455708134
18815,-0.05294583887906246
216963,-0.039535341464125295
67464,-0.017877981347393046
69178,0.014347914345211876
241391,0.05770865997968233
19127,-0.038496592351938475
94218,-0.015288798559378591
16559,0.02756503796467058
66878,-0.021989240651706154
14227,0.014325870516218586
193736,-0.030907552791167525
217944,0.041871135836979434
67440,0.017584730826320616
52840,-0.014578393348967822
11306,0.03706254045913138
257633,-0.021825403441559033
239611,-0.047303179239313486
16529,-0.04612971490388773
11642,-0.05103584176958442
67973,0.021694867768129455
228859,0.024551933842182017
18013,-0.03777499347531421
21752,0.04472748829366591
237310,-0.05647176772569473
12062,0.04326841750617039
69743,0.041391935782767675
22232,0.04699595678107116
70864,0.03612984208866088
72587,0.01992081442802096
74187,-0.020545677892783942
74205,-0.0411301223309577
54125,-0.015680279193178492
12928,0.011908097313618526
73368,-0.03537189004353358
17171,0.07099205472013104
214230,-0.07259095954131922
66413,-0.016019955164749078
14079,0.05464036886408641
26409,0.011101396042379363
213773,0.05126099018598662
208228,-0.02002457279103176
109135,0.02959442030972781
11545,-0.023197894628440352
18935,-0.056817647401271376
232925,0.050138925545735624
242509,0.03668668985190582
75586,0.051390504329759334
14089,-0.04628834611052923
226025,0.03526856301410941
245827,0.044722627128717996
20907,0.02865644053757066
211286,-0.015308358113687248
628779,0.049081717195595065
72258,-0.06231608372536268
107587,-0.04397572732242949
110351,-0.04963870865644093
223337,0.042590924387283735
68929,0.017326254247846506
14807,0.038879648003975475
53332,0.018410632986169517
23873,-0.01702613106515294
71721,0.04870189411320425
106393,-0.04801643446829207
14397,-0.0632839531495808
26443,-0.012971555866633011
381338,-0.05833453997273397
78893,0.02482613240351661
98711,-0.05372995656262436
18082,-0.053140806748170455
98388,0.018075293705166473
212986,0.02209612130346006
107260,0.020833375352554917
330188,-0.04162399486201318
56360,0.01858590277756278
20597,-0.015109404535978754
216274,-0.039145947835855566
387609,-0.0533544246885338
14429,-0.05670367354085171
58206,-0.022570346965871124
260409,0.021109652841958315
11477,0.03873732756876347
327655,0.035962458623147064
66067,0.033870199814563406
11671,0.040313265959055045
226470,0.021934364607735013
107566,-0.016137606311325214
100503884,-0.033923436756040815
20465,0.03656632138523763
14406,0.04243087518207034
17380,-0.06836389661509923
15381,-0.016805170747137055
69309,0.051642591820181494
66653,0.03871642556152377
77041,-0.05514178293279226
12340,-0.013293511501863975
14260,-0.019579911485003265
16987,-0.04379245606819282
16576,-0.0484339815263195
56088,-0.015230043670793947
21884,0.04441586469750902
77125,0.0530790820440421
320502,0.023898528925475837
72508,-0.01245377030689454
70846,0.046304597021947114
668173,-0.03527460155928708
17180,0.044441474545673376
55944,-0.01470353307975003
238057,-0.03199780287662568
226977,-0.055036339567452686
67095,0.06643951123631986
12503,-0.042029200215164764
227746,-0.04273050063968675
27984,-0.03472223810198294
12570,-0.06644751488604728
53622,-0.017377398994699256
18186,0.05039350499484474
11551,-0.03899041580989904
103236,-0.01377514710230443
67680,-0.014756476620387815
54402,-0.03352127890839629
23833,0.019437629693339176
26912,-0.04200043276062626
16467,-0.06381444566426753
75660,0.012469253496657728
20979,-0.045130742312339045
69237,0.025340614434472997
69101,-0.0308328237138511
170734,0.044595295332171325
74025,0.04838741191265328
11777,-0.01735570635720407
269604,0.03277704939190862
16391,-0.017327251272261535
27056,0.01841774852378819
21679,0.030350340984536484
66978,-0.020049317354877694
74413,0.05190282065282048
57869,0.034618949784324116
66914,-0.018721008075019085
14635,0.01796608216519413
108655,-0.021767359907215678
68052,0.012786279732507566
22784,0.04832201602018538
19711,0.037855337792283894
69908,-0.03656321746185576
17089,0.046411217859784415
27205,-0.03881953852300146
230903,0.045509507425439466
13628,-0.035487803936837814
192119,-0.017051138657529386
224727,0.017236087786542953
16188,-0.01699953786152264
72899,0.038575414899749916
109910,0.01624644736122427
19116,-0.04577751387361051
16866,0.06061073543212814
100040019,0.06061073543212814
270210,-0.03236990779425941
226548,-0.03176879254017173
67150,-0.017269772742602107
193813,-0.01691732320606043
53381,0.02223215321017058
22146,-0.011147724508553836
242083,0.024249465645344692
12902,-0.017503812522214446
50878,0.05621694733304761
72269,-0.04681268571117414
69195,0.03775679921748898
320678,0.032458338027463896
19270,0.040813496909946956
192188,0.040041357631626084
56353,0.018732880252466444
628746,0.018732880252466444
218236,-0.029830933088027756
103554,-0.021514508521682352
73847,0.023609627422233714
56324,-0.02912418293998531
21853,-0.03162026234504278
16597,-0.03653413563930652
268465,0.03662558200105703
67630,-0.03848445148923041
232910,0.011928645706468899
73466,0.03757039977463261
66583,-0.0315316763283775
14460,-0.013915206376912792
73919,-0.041018829103594
260298,0.029058697213899976
243634,0.0621401901538583
270096,0.011306317957815892
13557,0.04658468707045138
13841,0.0374923645278149
75533,0.035264466710711595
18019,0.02012054032692312
71971,-0.045066404491079126
242126,0.04424740479378819
24070,-0.013184326818725722
215051,0.05361657446796109
75212,-0.013305813605843042
16068,-0.013305813605843042
320024,-0.023734690720019103
18414,0.036725144328310755
327942,0.03480523752854037
17523,-0.03970088417975237
104816,0.03742482191604868
77578,0.025337832096905544
434784,-0.04600778929082239
100201,-0.023076162467686956
13433,-0.02656982535056418
23942,0.014874211035964535
100042785,-0.03733582469424235
223843,0.036155219865611876
75600,0.04690844432792751
94063,-0.018581551064908552
233875,-0.03302905650153498
68970,-0.028068938425015233
77630,0.04702951261600008
74107,0.03183985742798345
56055,-0.0351283927343804
665700,-0.04112535646251558
228942,-0.05739360291214668
78244,0.02075188623637292
360013,0.04401425566034867
66521,0.0211257398403637
442801,-0.02083493258704472
78670,-0.030935974458770943
380711,-0.03193395873272209
353235,0.03650752538843349
18092,-0.038908253219387845
209318,0.014315947114868166
72151,0.00954748675804673
52551,-0.013510416250817059
56032,0.0389994483708227
239096,-0.03862525218729296
15526,-0.013193653738461819
66385,0.016032860998427267
56070,-0.03062351668739094
17984,0.02557278005994501
72074,0.04176670920203218
214922,-0.0416807146472884
242418,-0.035332355877593535
69786,0.011819771188790185
67902,-0.03394043726784801
19132,-0.04215029682464477
11546,0.04036195355777927
67341,0.040571109422756546
229011,-0.017257328017281637
107895,-0.03489400135680398
58523,-0.017247695874770486
71702,-0.02745593717026118
260305,0.03775242498852638
110834,0.037775322521970356
55978,0.01942501836434829
16828,-0.015870448087985878
56738,0.014043327820834506
258153,-0.047733895998121945
319604,0.01303108813232079
72949,-0.04950999885644514
75530,-0.03418756809269663
15114,-0.04084653525445425
378700,-0.04588766404498079
71421,-0.03737127527112438
380718,-0.031463433428290166
11698,-0.03461442517561597
23989,-0.02025127891138112
70078,0.03405050060434789
237940,-0.014554801974416165
237847,0.0175753403087624
15487,-0.04728475792232034
11479,0.03720541245075104
266690,-0.037018049746909476
123956256,-0.037018049746909476
69550,-0.01604661616872427
18141,0.010697480363385914
211739,-0.03291077256224595
60344,0.03304560161345327
12831,-0.028373237187792277
12154,0.050297539873045416
15401,-0.042656026538095304
231605,0.04025009726553286
228960,-0.026909602898884444
13447,0.035665546712062124
73124,-0.03227396504195479
258371,0.03273322647175947
234967,0.02447262087166191
67456,-0.02962255666333924
83703,-0.03366931725954192
16450,0.044253994156461474
56774,-0.03343250803168196
12493,-0.016902152637607415
64144,0.015359629315737422
210719,-0.045242650713644306
108909,0.011579846930247939
52666,-0.03989692449096793
14056,0.03260382782825921
66198,0.03707691344358466
279561,0.03678290069766543
17300,-0.029970743100659725
210297,0.045383332143730915
71279,-0.03647680923601637
77629,0.04164092510163897
258338,-0.04509942753200269
19360,0.03249063509728156
338348,0.010843176114970987
228564,0.03588529609890578
110842,-0.012431835213934761
22670,0.010599069914333015
77683,-0.02161383309955056
320554,0.053075537687925944
54397,0.030652783005201023
59032,-0.016175878951999678
269536,-0.012852741122697964
219105,-0.010764971068400797
258067,-0.047398292422731636
74254,-0.036565348546702126
74140,-0.010028143422728064
67222,0.03557305230361596
18717,0.038817128055923966
269016,0.04221181477755653
72747,0.030878191184071646
68794,-0.03366624263899176
269181,0.02327763938279226
70393,-0.019365963891498694
103841,-0.019365963891498694
66083,-0.013595396268179627
24100,0.02190258857093319
56188,-0.018654805762484017
241770,0.05161878357854999
17535,0.03471885169324018
99982,-0.01320625426356159
22439,-0.04126184601899929
72754,0.03661987673055567
67876,-0.033652752018474175
67976,-0.015346928014588812
72993,-0.028376675382392413
70791,-0.015433939850403533
74081,-0.02318465955046012
240672,0.04372231291518691
213788,0.030716877894206185
13072,-0.038461935603574915
66566,0.04233377452587561
13390,-0.03940104129226096
75387,-0.018653554203248213
239667,0.036693127907304834
217365,-0.012125529072926966
20129,-0.046056771620289094
22642,0.04705577584939702
21942,-0.020188800057924894
22289,-0.019166971352350792
56335,-0.012278052591826238
57258,0.020000116487198127
209354,0.030137422640880374
12168,0.02131625883506416
20509,0.030330825986473187
216825,-0.032001811509154265
23806,-0.01628127025964954
64378,0.044729474232255484
14745,0.03280111741649483
11488,-0.024148061728748615
72549,-0.03377388024454664
11298,0.030424959788081907
54170,-0.018379862069208386
12662,-0.03376011782557953
12449,0.02962379615764199
26920,0.016931985200717037
19134,-0.03220626017260564
212114,-0.03333762809693219
13870,0.022062435093462618
15200,0.02728545950482797
76123,0.014778121734596361
70059,-0.016880024753229694
64383,-0.00912402307384319
217463,-0.029073794747169757
109904,0.027350303306290513
67454,-0.04342242550787123
110796,-0.01375923664926404
104001,-0.04390466820641503
17279,0.041358780590154076
12096,0.030615549313044
116732,-0.02876840565820693
93735,0.0347172827269695
56410,-0.0312275229661525
107769,0.010218351588813235
76646,0.03845792422592531
66720,-0.035298816314299764
84113,0.021090953023143122
231915,0.011965552641818533
15369,0.010419976232496353
11981,0.024430940575625115
53318,-0.028116780550994758
105171,-0.018204510079626424
11364,-0.011971074786938374
20562,0.018107276636929015
83456,-0.08666475161479603
15505,0.013205543149787502
227933,0.030573863305046522
51886,-0.03400676291448246
244562,-0.029406088303636224
232566,0.02177824426446051
56384,-0.011842318514947436
330355,0.02484727592912339
83669,0.019337704921675858
56291,-0.011566610359330376
83679,-0.013871874602576106
100986,0.014633755079748845
71300,-0.03648926151686638
13869,-0.0389990669654412
216154,0.00740069391881093
21823,0.021901796745646962
106052,0.014557364602518774
13684,-0.026391810538104465
56527,0.029081419970996336
107029,0.01628317878725749
227095,0.012025834393378787
66279,-0.027536979668883355
78709,-0.04303646276626605
52683,-0.010503008820542448
21857,0.03048164876302728
544710,0.022145566078808798
19216,-0.03422758847895313
208908,0.021398222889926544
218294,0.013142541576296907
12371,-0.010433419790221166
16475,-0.028605991873099867
69009,-0.012075790734137115
239845,0.034384758638642765
15194,0.011513775552121075
75029,0.02483887951192809
18218,-0.03460210160186339
29808,-0.020375761990594654
192198,0.025222046819501465
227682,0.010662778544276108
68291,0.030724677802491662
329502,-0.03185487879595916
235135,-0.03771456979068688
56305,-0.024787222415635135
109676,-0.016513674815993085
72322,-0.013452357387139458
67843,0.012014193097629189
136856708,0.012014193097629189
74772,-0.013084437736919696
13607,-0.03586323578767203
66686,0.030109946178303204
66445,-0.010768846916514363
73720,0.04052052344860435
214580,0.01254772733047993
71729,0.020288142408796617
230935,-0.014065952163626605
17448,0.009396061971635561
266614,0.027723831387464593
30052,0.0174737785573722
263406,0.01702521462975959
21897,0.008963310712644557
69444,0.02994615221243535
72399,0.009113965996347062
19172,-0.011264493859009406
22095,0.03023802423159916
280645,-0.03259022926167443
12124,-0.025611120399998466
72117,0.01444069607161147
17897,0.020927874029815996
66525,0.018016179405067057
16841,0.031125502436215147
22017,-0.023283513574355652
230654,-0.027746700355227638
22401,-0.020642987088481668
70369,-0.02457019265524707
171286,0.03221891890855133
53895,0.010318436929461328
54616,0.010486911681981681
94222,-0.028775347124927908
319924,-0.03669277774355528
71819,0.028867019196909816
213895,0.03120738632062192
78923,-0.038136117491020194
66489,-0.0066945117583046
18322,-0.03624247346626719
67433,-0.027970507608166884
246228,-0.0320336658007081
320234,-0.019718229039316526
56224,0.013749563461101566
76668,-0.02571152025102741
14560,-0.02468731977341232
16765,-0.02455063647484934
270201,-0.012721236032552596
235134,-0.03017574137092094
435376,0.030088550446570217
67591,0.03068017640438736
80860,-0.030037555982925568
14620,-0.03726429339102477
20775,-0.02124378174759567
19386,0.019517115033278465
75425,-0.01423944864755633
631797,0.025277442230856373
207278,0.01684520842147208
18130,-0.02556798555539297
74570,-0.021242311161513427
211329,-0.031311857685986766
13172,0.028108206783097334
75345,0.037874403817534485
14048,0.015971220686399334
64685,-0.009757304927594745
193796,0.01037768498417968
21958,0.02116482063862435
76608,0.021529067900793564
19159,-0.018604462545659395
320718,-0.02557989213200429
234700,-0.03035782527045594
101490,-0.018053815280872243
70853,0.026595327677084946
26987,-0.008513624355604321
17219,0.010688152711203713
74117,-0.012861373063293158
66201,-0.014091622851925223
125179616,-0.014091622851925223
407831,-0.03469288397661252
66634,0.04018376195202844
106338,0.01871553204623222
406217,-0.03945858316573414
235626,0.014630945685752295
330959,-0.012059284623308741
244548,0.011935452497114696
319565,-0.024608710387297172
223691,-0.009340219996563093
54614,0.027221113236770123
68047,0.009103806107006562
232187,-0.02235595668065038
68292,0.010825134975972261
14060,-0.013233546049968403
245688,-0.009532218029354667
20667,0.03128210262833164
71990,0.014487407651810003
234776,-0.012441118532176887
12960,0.02799308119732391
106766,-0.028667431132094467
170725,-0.030371466809932635
54215,0.03404966638595219
72293,0.010759435368179027
269261,-0.009060485213845837
104367,-0.009060485213845837
16772,-0.024028953460891955
68152,0.01625254351307781
17240,-0.036117551039895446
380601,-0.01565838996952884
320981,-0.03459719551988183
258756,0.026544105069795876
232533,-0.01927523991968183
72482,0.008712325210806782
52855,-0.017955927793412485
15499,-0.014803796749603748
16351,0.025516985015072713
78390,0.0292510449134058
67437,0.009995665955138122
435965,0.03075544756327986
100504285,-0.026436831097155
329504,0.014458830149901125
74255,-0.011669777428899408
218543,-0.016135131896085397
100504156,0.023033520080461667
23794,0.017965614648856487
17766,0.012093623882231341
70350,0.020748679846232854
71435,0.022674468596060926
69332,-0.016289191331040342
11881,-0.036327942950683756
240084,-0.024759158600103248
230082,-0.016999905957818306
20602,0.03598888547553081
74637,0.022877990045128804
68939,0.03924498569547463
20688,-0.018604936780962866
212919,-0.02635035027826671
210582,0.020418678244626953
432839,-0.01878467074319934
68942,0.026212839316713143
14815,-0.00928789892721582
71296,-0.02663223102827672
69769,-0.009454040593789514
12260,-0.026591011880975124
94223,-0.02321821736735874
258575,-0.03729454830967471
192231,0.008667034615874591
104416,-0.01281333646752536
208263,-0.008240226660328531
13360,-0.031260510795995344
226562,0.022899806880529283
26441,0.009550093614544508
50524,0.07612414826373382
269338,-0.02465030077952779
11877,0.0198369069444988
70823,-0.02414760138152694
20867,0.01098301844996108
109264,-0.02762794874837038
52504,-0.013131828330259943
104886,-0.018193052692345724
233870,0.008972950595261153
14809,0.030133336207707195
66753,0.02461266080361746
53881,-0.01037684902666669
71742,-0.01747671690759134
16660,0.01964231197192312
53417,0.028667331443852362
207683,0.03317214322027784
14463,0.037544475883348305
18158,0.0260473171214759
107368,0.026785352700983367
11843,-0.010270782530341194
104718,-0.018601647813991207
19326,0.008009975672212732
76138,0.011474941381075965
231296,-0.01826026435090533
235587,0.021938351248510735
24087,-0.02497352970757083
19695,0.026496558265909798
52696,-0.008206844820607628
226265,0.0460786286002044
68897,-0.02095497944635838
244958,0.019344047334549863
12913,-0.027580800827008645
233204,0.011641782775406284
15395,0.034590778260202626
319740,0.00992582867797509
14228,-0.012158056197997702
75415,0.021431434755058376
210789,0.01694905515148193
19214,-0.031127445548241095
57316,-0.02391093236908315
236848,-0.015448282409034952
71843,-0.022947158562324432
71151,-0.017110255207255065
68799,0.02857337443314467
68895,0.029692624250635014
22422,-0.017907080244933482
27377,-0.0268104550214483
245474,-0.013790244294496823
212483,0.008455073083364795
268880,0.02271138776641024
11814,-0.015576635612803535
109552,-0.008834760544244702
52335,0.024365391921180368
230700,0.010863188081801312
214359,-0.013930762777517813
110876,0.025147455837013943
12952,-0.02269709423959476
72795,0.005850181132244003
224997,-0.02325495465060179
19144,-0.02550392772613641
71020,0.01888066554213097
70481,0.023332893910997576
79044,-0.007298839174486815
79059,-0.007298839174486815
55982,-0.021236496185518483
22256,0.012299933886678716
11464,0.032517041630453214
56175,0.02711593490571884
16568,0.010680752535424887
209195,0.028513703039656058
225055,0.015056104590342123
14459,0.026276686985904796
30785,-0.015443911089462858
104910,-0.018233071391761335
258933,0.026948922902445993
100910,0.019143689440479505
66866,-0.02234809294644524
381293,0.025917544807230186
320795,0.007235415861311267
67867,-0.0076427333285664645
22764,0.022692291535600262
108946,0.01580103607963501
14680,-0.019677203970558388
434246,0.02217757162034406
67035,-0.020092975238162225
241113,-0.021408275750560257
382985,-0.02167319721485228
20280,-0.007131589666274252
353188,0.022963722040890033
209760,-0.02083762039866599
269252,-0.026012101762263207
382620,-0.020294707250119615
18247,-0.005831882592151061
20408,-0.020106870238304708
12477,0.02230158272804772
12877,0.021511202951553177
21945,0.01824854348788474
15469,-0.006814321484569064
68816,-0.01697911228449911
13389,0.02789814755435671
14431,0.009855487272249164
54401,0.006321999751845553
224938,-0.009257030220330975
104303,0.006369760852884099
16186,0.010913201012781926
20286,-0.0214188299388276
80912,0.01125181772121664
72634,0.028647189693689068
380840,-0.014402132404584655
20218,-0.008177031156016312
382051,0.011472886224695777
17136,0.01516616276012872
12552,0.0317923457963003
13710,-0.023677443713615798
269999,0.0068861787942609
21406,0.011506932850775975
99031,-0.02441057338411401
74437,-0.02434971139305908
57875,0.029016148972817568
70843,0.023465504347867316
228994,-0.006471826173450879
245880,0.026679084070551085
18018,0.008847091846071464
18597,-0.018346855779055815
83429,0.011457141691860961
22271,-0.016459187271595788
72881,0.008344191253297772
216156,-0.012281520192163775
214305,0.02648133797359087
58866,0.02237061962631337
12970,-0.022462894920787235
269702,-0.02149029799972002
233765,0.02202195827966058
242620,-0.020707271178878717
14184,0.025048488105765543
105663,0.024090379918299654
239134,0.02570392889722406
640524,0.016724105611174878
19362,-0.02389878003036472
104111,-0.02320570757706175
105866,0.02821742207988276
15421,0.02892158008547341
20215,-0.020563290683457858
74251,0.01091841625281198
104382,0.022325600546580837
11555,-0.01002920617525227
259058,-0.025049903354119607
72454,-0.008066284575008353
229445,0.012506340313525044
68631,0.01372437083220035
68865,0.016234075702263873
66870,0.0065418921151909615
217369,0.019085709786303973
109331,-0.009700541157654285
243912,-0.016320458134980065
13853,-0.024795902009074222
20494,0.024505697321494324
99439,0.007621990580849669
380785,0.012065301460160605
56445,-0.014508782211881233
78052,0.02243852562498372
19877,-0.009968980264797977
66880,0.01591185429941877
228998,0.007093058373476069
257936,0.015413190552468592
19108,0.011769991779456035
110417,-0.01763480175932397
54131,-0.009275169692323004
111173,0.011861237356737497
70359,0.01759341329081643
60597,-0.02115018113673095
69976,0.0089807126130248
13732,-0.0072572949983573665
320184,-0.013931589853349635
73719,0.020323172466288675
234395,-0.010176271618321131
229776,-0.014334512862805404
27103,-0.02019231242524011
100042784,0.016392974859084752
53600,0.007464381955408328
13590,-0.02486020529466071
332175,-0.021617409252732145
239273,-0.015869715782422134
16159,0.026178692893610744
67856,0.022436071377533118
18424,0.020485905294538753
12532,-0.022451172160023347
75276,-0.021957399866423977
67886,0.016458242712277915
108811,-0.022755652013882077
21892,-0.022721532188867855
433702,0.014937365978176409
67151,0.008785178837868557
231672,0.015181374737161413
235033,0.014972196382232461
102075,0.02745582672061353
107358,0.009880049989895667
67706,-0.006137068614460617
58994,-0.013601992967671173
26373,-0.01760528174042264
17685,-0.007414879173440525
244373,-0.016491164224772703
23923,0.02639459096894292
100737,0.019191494505209405
14473,0.01946542577056043
58242,-0.01827620612391767
19009,-0.023443897755408116
279706,-0.022925570933399086
217262,-0.015605840346215594
64657,-0.006909831295578428
52184,-0.021530477875963072
214531,-0.02124795873023899
117160,-0.021130681984284472
21856,0.006571674635587499
72141,-0.021414312912281908
332396,-0.02563567092580632
66510,-0.0064244108415181245
77462,-0.015959696426506298
237221,-0.018535866284088875
83770,0.02598950615276152
381823,-0.018933536988624766
329093,-0.029550538663723813
434203,-0.006222405984708246
66234,-0.006572698602159477
117606,0.020464328274707455
18572,-0.018852833207207986
68991,-0.0069200552886137245
381802,0.019422759835445724
12209,-0.021224418060551642
226304,0.013391310084519326
58800,-0.0072322536439290985
17901,0.020208498400454467
17160,0.014283434782999649
258381,-0.018309179360585404
16516,0.015316964158139434
237611,-0.017733847222898724
20255,0.020813956116383814
246103,0.009293454996559092
56734,0.01303086494520933
606496,0.005781028990696768
67742,-0.009383115707247924
15566,-0.01659177639832654
381678,0.015290476239335327
27410,0.0055059494089029215
215748,0.017010016214012325
213053,0.017758987574429952
74202,-0.016398847521474913
15205,-0.013992894622738561
18718,0.009961252961389278
69379,-0.013747339145242066
380712,-0.013027826818638566
12539,0.00551330357580504
66663,0.005831184409311518
17391,-0.022416762008615976
252870,-0.006599109145017934
98363,-0.01590563093404107
20352,-0.010619869553513794
11682,-0.019307127503433996
19434,0.019816008464090373
66596,0.006041877656175032
234130,-0.020251937518835028
94109,-0.017747587715781776
68038,-0.013755463913578403
13714,-0.011996966458962532
73914,0.016697613812268308
18845,-0.02615900434071783
94041,-0.02211866300171028
20464,-0.0160846729851567
13713,0.007605941670117744
15485,-0.015835845939593973
227485,0.015607148715990782
27045,0.006321300703879373
218271,0.005570880926612176
17215,0.0077574084151894596
272158,-0.01511629262575287
15445,-0.02650533278401035
22421,-0.015748277086762297
208943,0.017439163570674765
98758,-0.006630228359945534
228576,-0.02252692550923019
258659,0.01814012776307905
94060,-0.015618068246952
29857,0.01056575475094057
109272,-0.018312852397952106
19726,-0.01336343631525505
74020,-0.014269883778473158
381113,0.01372412773184184
26399,0.014010785036839835
217356,0.008206351307554982
22234,0.005712011833807651
328699,0.016472852734484178
18114,0.006244565455729045
15478,0.016082389888860682
72475,-0.008374045023142429
16646,0.008591779563072777
18125,-0.01282590250303528
319555,0.01458842603971977
11830,0.017554114532567944
17480,0.015888363736917377
666173,0.009491806125102364
12933,-0.015509212626703572
15568,-0.01263415292696024
327954,0.017812935045878664
66868,-0.007115513172407439
12344,-0.019968613143865888
67046,0.01909933864237434
72759,0.011217464681904765
56735,0.024912721866849452
63986,-0.005665008021823681
21990,0.0039487432160676406
71375,0.0039487432160676406
102209,0.006213166492765154
77938,-0.0074326252217638
67270,-0.00811989388961809
11496,-0.011403073180237477
19329,0.01644800459823248
73680,0.014671987864796954
12648,0.013962770384202905
258352,-0.012822410927140204
28000,0.007843820336716156
21407,0.016521578612771037
624224,0.03331153887324989
71648,0.015390835422456561
211480,0.018241646984454185
18598,-0.017580821023623905
231503,-0.015361158003548425
52477,0.00550173158420364
69748,0.004997180012299651
69496,0.01203627001944474
64934,0.009559324698404481
71602,0.01203523717727073
17079,-0.014150899207477252
21909,0.012394013469079201
68147,-0.006873174871522281
13395,-0.018717496597405514
106639,0.008352922977470811
15500,0.012377561843505802
74464,0.012642571324585461
433813,0.013210736455677718
18736,-0.011392455340850649
72194,-0.010236428778091167
224619,-0.00532266154099581
16815,-0.013530766166418573
243371,-0.006074978887056659
258573,-0.013561407002798731
17758,0.006627041212034612
73826,0.005458369383049444
320438,0.010204428858392234
74691,-0.018803607722889915
333315,-0.017821978823910456
23827,-0.013713977907991115
231602,0.015037656911998987
93835,0.015213712823753056
54377,0.013289729031596753
20360,-0.013558971428927258
229663,-0.004502954495396949
18176,-0.004502954495396949
77706,0.011476633524428959
72772,0.005513505896979964
73608,-0.013609627016573533
110809,0.004590470530231983
72351,-0.005156494038169868
98256,-0.005536155949634747
18976,-0.015142055082242756
665033,-0.020266349675484463
18968,0.012528670285524512
170654,-0.01051401921186823
224697,0.014080097019825821
67498,0.016872429529978916
231713,0.01592624442419943
20377,-0.021202753326909907
20744,-0.011703862605820348
19885,-0.017779649486507232
320747,-0.017779649486507232
67824,0.008960038318885033
21415,0.01732324102238092
70930,-0.013804092902190312
223780,0.012314857363098675
16641,-0.014760947788799328
381246,0.017289794084930143
52231,0.004096046773979012
15978,-0.010073559736340165
269959,0.010228617566506504
68428,-0.0070513660911188936
19027,0.004858386702919049
109900,0.005800026637333033
268451,0.005930063761321769
240638,-0.015737398896770394
20186,-0.011401535784384187
110304,0.013091627801835148
224903,-0.00605379631937808
214240,0.017317802988961795
70699,-0.004451376166615617
268729,-0.007092838501709053
252876,-0.006342685117672886
19988,-0.004594936862524435
23850,0.01470749097461077
109108,0.011391480277431754
17910,-0.015402022637237778
232790,0.006682233648957592
231125,0.011932675660835557
94045,-0.012091828335321964
215632,-0.006002258542540773
67933,-0.010650908405930082
11564,0.01195391567133619
19055,0.0051578986634339685
19133,0.012217278873762893
12173,-0.014297827127563778
12642,-0.01147962976741157
70611,-0.008716124635499867
14865,-0.01488297026939911
237930,-0.009614142932676373
78911,-0.01597203927445534
93694,0.005129622262510125
14734,-0.01227509858357756
210808,0.012786933911913323
23834,0.009551162961255244
17954,-0.010856166445762039
226518,-0.015881931319541742
271970,0.011198604292259606
22156,0.010726936133571563
14011,0.012913136560476879
380993,-0.009088560506717691
14348,-0.010439748288573192
14155,-0.004578865134979182
59002,-0.004747422621715458
56189,0.012428196569340244
15465,-0.008742335516687127
67917,0.01126451287890795
258321,0.014327869255891912
52822,0.009138288149021179
11692,-0.00764334139985845
19659,0.009926309697972258
16777,0.014228379373149913
80890,0.01273355065705406
69376,-0.008020424351935063
21333,0.015627831836796613
21678,-0.011429084580286464
74203,0.00811165494048538
14534,-0.0045072524838261074
12043,0.003553275244255971
66190,-0.006168351623786705
69956,0.005117534195175466
66229,-0.007999158586412314
97064,-0.011982193247538575
15504,0.013269980479235777
13427,0.004973556916626265
21816,0.010377403808661256
74267,0.009871078216961315
18365,-0.010848729632761955
15975,0.01015668059857422
380728,-0.006289636257649889
77087,-0.006861745013942766
230789,0.0046578573436235615
18744,0.004088442942228099
76205,-0.006094839204767055
545370,-0.013628512364628254
18585,0.007521784658020003
232933,0.008077898812494766
19700,0.009778642403960092
50918,0.007236556483807277
78174,0.027731958159882275
235582,0.008291060087719515
223870,-0.014369031214233274
53817,0.004752440682564085
20473,-0.00962903684581029
52864,-0.00997219681998196
80891,-0.008219553428806314
19263,-0.010071860913192232
72053,0.003952757370105253
71354,-0.011445066001193993
26961,0.002822507703942989
15107,0.005952379890519666
237422,-0.0070732267876039145
56323,-0.009226801586904365
16878,0.018972451631158016
78913,0.009258100419938131
14634,0.012468876238049376
75607,-0.010600405314577621
16769,-0.01243432842247838
15467,0.005650660467140689
12162,-0.008932008004001624
26447,0.0042392737849166195
67890,-0.004101505046843812
329064,-0.00980712504276493
114663,0.008093788393976453
216760,0.004167179000326371
329416,0.009525015722272379
269400,0.0038173526992011375
97287,-0.003505099733065009
218103,0.011157378794415251
406220,0.009546594954815468
14712,0.004479672134319657
18693,-0.010674414675078125
17350,0.003726468166584951
22092,0.011242558152901427
27029,-0.004490216404066771
19647,-0.008753476984728614
17463,-0.003449505942800357
217893,-0.006195553322662306
100043861,0.009104565362981987
18440,-0.01027935588512019
20020,0.0067164474756342685
13874,-0.00914918787544039
15166,-0.002985501250991618
19732,-0.0036197516461822232
20937,0.009879863005640033
69533,-0.00773275773658888
244608,0.011870510433162451
70370,0.012224141191044868
231327,-0.008780165109019578
80707,-0.005287285240159534
217218,0.007588687825521134
16470,-0.004869008273228559
12512,-0.004581491938989046
56309,-0.007555956555351351
243813,0.0035591607952394355
72584,-0.00531451200666222
70118,0.008371906824516273
30949,0.005446062112266503
66674,0.0076955905296332006
12140,0.01116456392789944
50758,-0.004587783933151179
76612,0.004953582568264281
224143,0.006954851780984761
66897,0.0059762768170710245
13482,-0.007211859789053143
76987,-0.008148505352854052
67863,-0.0028445817446645094
214685,-0.008296136615834726
66256,0.0029879479240566553
73893,0.007123696081483111
214058,0.007766718580023202
268288,0.004907273588744765
14663,0.010538570709997863
27376,-0.007528960727504419
228598,-0.008856431478616145
114332,0.008493492527044566
108897,0.010996852381710553
338369,0.007835810716882996
212070,0.009170015613957805
13990,-0.008078208376044671
72514,0.007255830448130496
64291,0.0055852929844455446
75695,-0.0072570509244815895
381399,-0.008770877577956693
16671,-0.006851991089539933
217303,0.009152141772419853
233912,0.0035580054375667913
18987,-0.004619066755831014
270162,0.009321649816449451
60504,-0.0029906131217565246
16526,0.009975386877018266
230868,-0.010168195509835165
11831,-0.009633843512131701
75767,-0.005576745511876702
55942,-0.00253016508856696
68511,0.0031133951026536266
235040,0.0022776766283207905
258016,-0.00802976138963718
56317,-0.002260793013451945
69519,-0.005868886792278261
50796,0.0032370618007249163
22318,-0.0031021499369146
229615,-0.007038256987043301
17257,0.0035369355052603524
215274,0.007688664226197517
54137,0.0032600291650322077
11768,0.010476181939358398
79196,-0.0030009496339662434
320707,0.0056713873131784
16548,0.002441662982326065
12500,0.002769035715349588
239318,0.0063622413091311
16407,0.008151352859208316
216705,0.003243933767446805
57319,0.0031721319849467022
26396,0.002755648184605164
20638,-0.002035907477351273
74156,-0.00793351841201595
93838,-0.006261543949956927
234344,0.0021087620105459948
209361,-0.0033019897986861224
353047,0.002469572933840425
26420,-0.004275872109746004
16980,-0.008882175476610854
217666,0.005077789433143742
226407,0.006298107947503517
320487,-0.005756000917121362
74197,-0.005051594067483123
238463,0.00879282185824426
20392,0.004953322593325815
230738,-0.004323749292021617
67273,0.0019132045955689847
53896,-0.009198711964019335
75710,-0.0020698780634678116
227326,-0.005359049410563088
317653,-0.005856034714362579
329942,-0.004667988504344578
72112,-0.006748707444206747
67420,-0.004810787882941092
99738,0.0063595049225888545
104885,-0.003969276220423978
84505,-0.006287265377432405
17237,-0.0031519475518262396
93883,0.004644145229583785
106585,-0.004259243195161133
108151,-0.005618652066071483
216987,-0.0022469887571006097
384557,0.006830283118370417
65254,-0.003372069500562347
14585,-0.005194891230741128
72502,0.005407379663878942
67402,-0.005446438795868147
234076,0.004767605174427203
80859,0.004621969575719476
11749,0.002656100069323486
269585,0.003542357988231437
18971,-0.0022903703581604873
110524,-0.0043905146123544014
72843,0.005315000376818979
279766,-0.0017599918071535825
56296,-0.006686861285440493
97998,0.006262892716107693
12425,0.005276324697737422
26404,-0.005043986483431517
242505,0.00751015803839028
68270,-0.003109637915108543
20970,-0.004671716933294157
18169,-0.0059554941030568465
320974,0.005719107661526834
239591,-0.004562508245531838
70317,-0.003928386766787639
73732,-0.004518113589096373
244667,0.0026677210657535255
67944,0.005754851232450786
320806,0.001670910170975759
67025,0.0015368342616959296
114584,0.0015174943616091952
17128,-0.001447792023041572
229277,-0.004169719260665783
71941,0.0049828527187125715
51812,-0.0015651924239339365
70239,-0.0021199182170814623
67223,0.004539371732345643
78070,0.0037333566466282164
68427,-0.003564586988270335
78330,-0.0012740083079734177
20512,-0.005771380783972102
320858,0.005419937492099791
66660,-0.0017976770205496706
13595,0.001135939404486308
14886,0.0016089608580731607
12175,0.0011248844240725475
56711,-0.004270227255406933
99480,-0.0013618152140164597
229524,0.0015241117897062395
328783,-0.003340266345464915
76524,-0.0031487391959057476
53323,0.0016780006987566765
73940,-0.00343408050530547
17306,0.0030432053780726775
546144,0.003212797703353587
110651,-0.0015866146590264307
229504,0.00291969213346821
67958,0.003499299262829325
225192,0.002781924590558482
26448,0.002781630252727041
353190,-0.003231874896540532
17384,0.008631440745966223
56289,-0.0011228485768519647
12295,-0.004071122909689251
65105,0.0010693015235236913
13629,-0.0011134762999880365
17158,-8.801564089271352e-4
230895,0.0030138524626597274
66168,0.00147770042274864
66616,0.001698520358743849
26940,0.0013246850374422081
66352,-0.002194658203010569
69288,-0.0021253687549158684
237615,0.0017643725763454299
100216533,-0.002821233936531442
23997,8.767493378840641e-4
13047,0.0017816231887817224
208372,0.003025057791806063
58869,-0.0022968314971629766
67115,-9.694921713379046e-4
80743,0.001043688029623624
20592,0.004043032727214957
268482,0.003190420771175706
105727,-0.0012657906040676181
67236,-0.0023773181000237287
70465,0.0013465836106005824
17831,0.0019155557793499867
66589,6.090193482943818e-4
21345,0.0016056554347869678
13239,-0.0029768640049470108
246691,0.003483114637604423
56745,0.001589463039651129
19735,0.0010478237178919159
71840,0.0017561347617860434
240255,0.002577057136828209
15417,-0.0034432643345221337
66913,-0.0020693467241761354
21960,0.003273729022101879
71728,-0.001699840171253797
56494,-7.278756954374188e-4
103268,-0.002190465638437722
320864,-0.002468923917690269
11858,0.0026246598202535054
14121,-0.0022538028540379784
13871,7.243385830459914e-4
109263,0.0018750058213905518
14066,0.0020684068969147873
12014,-8.968835708067502e-4
226154,0.0015602600412547574
22051,8.382583406438826e-4
20606,-0.0018089454890954926
78283,-0.0015093127344756319
67414,8.819845132217452e-4
212503,-0.0010799085410315712
22283,-0.0018632270575622556
67528,-0.001612356196649678
16169,9.477284533119246e-4
100504221,0.002386917298603297
237553,0.0016934241883075352
213452,0.00151188390638346
240174,0.0013768177796755765
66257,0.0011880582089975888
223921,0.0010536190895944486
69602,-0.0013983359184033262
21813,6.015805852452871e-4
208366,-0.001209538765640339
636931,0.0017831229758940026
14864,-0.0011936002307604276
52609,-0.0012489865525715516
12813,0.0015240540337275732
227720,-0.001253210367589297
69940,3.614703534502439e-4
18676,-8.307023100719846e-4
12042,4.883556618331397e-4
72308,6.412335451031481e-4
94088,0.0014651553677871298
114874,8.282473590774941e-4
102920,9.396606828389054e-4
210148,8.339441516680424e-4
22213,6.724140381244581e-4
69641,5.611948943755607e-4
18707,-3.3557423448904444e-4
76626,3.5961550092622474e-4
30934,-7.438342305556844e-4
52020,9.154230074353009e-4
228005,-6.773856069504092e-4
207521,-8.394687081372254e-4
110835,6.158779613762988e-4
242711,-0.0011578291036289379
66498,-2.1099318033890313e-4
258636,8.994929914338812e-4
56459,-2.9899972133762276e-4
244421,3.241185488924714e-4
56491,-2.2625235293638468e-4
217835,4.6254256743960553e-4
67432,-5.857417908217144e-4
16782,-2.8887551486711516e-4
320727,3.186772027987672e-4
228684,3.300193641875282e-4
50798,8.394906011233161e-5
57377,7.656619607132598e-5
77976,1.3615089446528117e-4
224139,-5.593983626894783e-5
223722,1.790406596366978e-4
140494,-4.286860543434301e-5
