MM.Entrez,EffectSize
320202,2.5047315108899966
26934,2.0237581637
17082,1.7011060812999963
74383,2.5478560560899943
66680,1.29418066329999
15227,1.9283088496499978
66610,1.6445328089499895
67331,2.187731207684992
19074,3.6703370501799952
20460,2.5970853018199938
21676,2.0798949328349963
106565,1.5951059044499996
12258,2.3999449584549986
70729,1.5676839297999994
21968,1.918286870899994
14158,1.9753137013899984
12266,1.169929203085001
237761,2.4295937071299987
20926,0.9955816103000021
69861,1.6644751481449989
69742,1.113432658354995
15368,1.5471564361399954
239827,2.429495857664997
235604,2.4829336514349967
11470,1.899647681284999
14270,1.5551984906499925
235086,2.052817661159999
56184,1.7545666590350004
244550,1.2949561956999887
18636,0.9582645185199965
18417,1.5108150599799992
102502,2.3636283369249957
78787,1.9730056632649973
226359,1.7808239568999982
18587,2.1637413153099967
319229,1.1496823159999927
72133,1.4972393230749983
11827,1.1429928815999926
110135,1.9091181710249971
53614,1.7844376298399967
102103,1.2876166153499948
72147,1.4894044510499942
18436,1.3450616309499992
14807,1.4905660328049954
18230,2.005539417005001
110095,1.0952320941499956
22114,1.7554103818599947
106633,1.9338768521350023
170835,1.549982285095
27204,1.9554960157399988
545902,1.581379924399993
17123,1.9434514834649974
110794,1.3910778450399928
233208,-0.8362267839000044
58206,1.295704953239996
68971,2.4953488302649944
214498,0.9207172285999903
108114,1.9927398697699967
17855,-0.6289657793099988
232333,2.139190946924998
13483,1.8031798256249933
19204,1.069793339909996
21946,1.0022238289099903
71833,1.7009435994300013
18796,1.563427828900001
380921,1.5447177099249974
243621,-1.1550243644500018
320609,1.6634779048150001
11898,0.7871451680599968
237107,1.8001730062449957
207495,-0.8727343394499982
73847,1.1739243979499907
19700,1.8298845966699977
69640,1.308365140754999
76483,0.8981491826199974
83771,1.3293344461399919
108100,1.303490460734995
245195,1.1537374132000071
226896,1.399519979099999
233079,1.3294397598949965
78118,2.527742443354997
15565,2.121819829984999
66435,1.5416084196850015
212989,1.6699979545399977
21934,1.2606947503249986
226438,1.3252396868599972
11687,1.7939996091399957
76560,1.4049030697599934
93896,2.2757389723099988
66220,1.2338078913349957
11981,1.6159306900949968
107566,0.7450093642499933
240023,0.7083876974999939
217169,1.178998254679998
12977,1.2057896886699968
74778,1.0875999458999992
14179,1.6813407988549969
74915,1.797842796090003
225631,1.3711954162049995
18602,1.2393336429999984
75746,2.3569378941699988
228839,1.2110886561799976
14218,1.908539348769997
50930,0.8207775200649969
394252,1.8498950148149982
93723,1.4462694428299967
218975,2.0244613873149975
20361,1.269121644184997
12728,1.7329975434949976
353310,1.0471649786999961
114304,-1.35311255106501
12955,1.2008793332999925
14611,0.9348793551999872
98314,1.225129524999999
21906,0.8516379883999985
19276,1.3120719237099978
270669,-1.6485106758200017
100073351,-1.6485106758200017
18663,1.1071716705349939
53870,1.319332156100005
245468,1.1621884491049954
385377,1.1621884491049954
70527,-0.7622835973450011
67037,0.8610953409500048
14262,1.436394590754996
18598,2.114233935209999
68653,0.874814348499994
243853,1.165364309399994
13446,1.5765366047400011
22066,1.577824343329996
280411,1.4899639121950008
76640,1.4213263450999971
15451,1.3073748228849986
22117,1.7105393601549999
16819,1.007783089840002
330010,1.5314816073999964
242022,1.5814399181799939
58994,1.0062095522299987
69129,1.2521691439749976
211578,1.7193846860549984
24012,-0.8779184513000029
380918,1.299773063750001
16156,-1.259654654710003
235402,-1.0173170913200034
11689,1.0031944900399932
69926,1.2931611587299994
20568,0.859505144099991
109660,1.6371843366199954
20648,-0.897091016650009
668303,1.5540829357199968
72514,1.6359697475399972
11890,1.3309436760349955
68709,1.2727757401899975
50772,0.8574040566299921
53422,1.4655945764149987
19347,0.5496938822499953
225861,1.2202186979049934
73166,0.9204373434499971
68505,0.9204373434499971
16995,0.8934481298199994
26970,1.3862567674250021
328778,1.3060166195849963
22287,1.2814510014599971
18946,1.885958816519996
13808,-0.5991734842500058
233875,1.1041913792449929
242603,1.596584083979998
27371,0.8179827964499928
14312,-0.8825775632000035
234595,0.8966765052849945
56358,1.5227147356399975
219170,1.336156567249998
244416,-0.961165836650002
170947,1.1750116186549997
216019,-0.870040545730002
18008,1.8977810378049984
75671,1.2883258199249998
236852,-1.437749653705001
13079,1.301249595079998
241989,1.1511791440999968
52163,1.135654141049998
69065,1.2246529576350005
68566,1.2301365926449996
319430,0.8526618034799975
17752,1.169046957824997
67463,-0.6334764557699977
241128,0.9099598006399976
17969,0.6384023597299926
211612,2.130346123729998
69064,1.5602195479599956
11501,0.9722521371399981
13134,2.075075281384996
16178,1.2962552554749989
623503,1.5229538545849994
24113,-1.2852362931449974
223881,1.157538802449996
332110,2.022892352265
234724,1.2107582908149936
71840,1.2537531898349936
12794,-0.847316771695005
12839,1.2377827774200023
56619,0.9816848012899957
72278,0.5784692849749931
17203,1.5130977383499964
22260,0.48096208634999726
14409,0.7989171049999975
74251,0.9062537459499946
106952,0.7719606792199958
110911,0.5362708798799947
74675,1.1877196301499948
118449,1.0521473610899958
271127,1.555362715124999
332578,1.1122910004049915
56543,1.257374195009998
11298,0.8155703433849926
170472,1.1867386430249933
54636,0.8590549311499949
19662,-1.820700366535002
213956,0.6121214468999892
211228,0.9522036199499979
246746,0.7568174218100001
104709,0.6016708449449961
433809,-1.1297034807150026
73181,1.486850832914996
640524,1.374561851570001
23948,1.2017161407599986
13358,0.9012048354699971
384185,1.5189236552399965
56191,1.2445214302549976
272538,1.0425359783599948
20290,1.4231051432699982
72555,1.0667637524899956
20498,-0.7240351718600007
68416,1.2970993888899969
66970,1.0628588368999967
192197,1.032769966419993
228966,0.7575320458799979
17394,0.7588614426299962
12765,0.6837930976749966
12354,0.936260242300003
12834,1.4605176360299987
72373,1.5963253941699982
11770,-1.4941627372900044
71839,1.0143600846749967
21391,0.6662647185049995
26757,1.0622623490950023
107869,1.0143442017199997
19252,1.643119152064994
234836,1.0801312671899992
171469,1.4375941037349929
237943,1.1716415826949955
12654,0.9635109400599946
17293,0.7780341647500002
108013,0.9651837355499975
238875,1.2876355447049983
73690,0.6602212920699984
235631,1.1346073373899923
93737,-0.6965069119850069
70310,0.7997850209749995
16189,1.129729388409996
194590,1.1397916743299996
320051,0.7995336631099983
76510,0.8707468979499993
13003,0.8800233166050013
12771,1.1367641516999978
26569,0.8625642778849958
11622,0.8910275687399949
66042,1.2330677196500002
271697,-0.9910928416550022
18175,0.8704803116699993
11998,1.2575764007299988
333050,1.1029644088349961
17986,0.6952979182949979
14131,0.6898143296849941
66609,0.7521465183149942
75777,1.5939134305099971
69454,1.2466869878299978
94175,1.2828596636599956
211499,1.03595468182999
16706,1.3427414506649997
94191,-1.2865286711800001
16703,1.4583005895099959
20496,-1.3064557645200017
76905,0.9309532063299972
20200,0.6876719573999956
17125,1.7829182838349977
73332,1.1497755947099968
77582,0.5941010008199914
107815,0.9563933091650014
18125,1.0996177795299982
228869,-0.4865520906000036
12351,-0.50495958250000506
103655,-1.1940403376650015
56312,-0.7516714223750025
12700,1.9663858886149965
68027,0.9792080866749941
100608,0.9765840664700001
209176,-0.89745409423
320799,-0.6485613427200008
67862,0.7792332145499969
94089,0.8786988103599995
20527,0.5103965813999913
68713,0.802467060349997
60322,1.0713076969149986
74464,1.434680736359998
332221,0.9986548452950004
19400,-0.5257181861000184
18030,0.748075446685001
208869,-0.5068242959500004
14186,1.4878625333349982
54139,0.854835705399994
72102,1.009309628835001
231712,-0.4281057849000085
50905,1.494010510579999
76498,0.6747776544399953
77462,1.0731050371149964
11875,1.1747904903949977
68428,0.9282392972149971
72500,-0.7901742256100022
21345,-0.8385952279000009
544763,0.6718131960499889
17768,-0.9024378468600034
19661,-0.43677866054999903
18014,0.9606838199400007
68591,0.7905064741249967
12402,0.5371629708999972
18208,0.9147992512399981
244431,1.1082658320850012
320522,-0.9740016682150046
19124,-0.9758851066449994
223970,0.9917588897449932
58804,0.6085685253000026
13638,1.766946671175
12587,1.1359475432949973
72585,1.0317561586549986
66060,1.1514613475249966
73835,0.9660745176499974
12518,0.5971111365549966
76646,1.5897710747150002
13619,1.162297974349996
101612,0.9175067028199937
50796,0.7441172563499974
67800,0.7839895463349933
19242,-2.5156108606400034
380780,0.9401420112649923
67881,-0.4949893976600013
14284,0.6526467189549985
69826,0.9631519186499968
140488,-0.7913190243450021
269589,0.561525633089996
231633,1.1426144359549966
66548,1.2010094292499947
16206,-0.996096580170005
217340,1.267862264664994
380686,-1.0627816087300008
14057,0.43232549348499205
72383,1.4208621309849976
212111,0.4123593122749938
77057,0.9153736180599985
20692,-2.7953888602900054
59001,-0.44670698621500193
268958,-0.7731965701500094
16822,0.745831096449999
12802,-0.6275638357900011
20517,0.9279977590299904
232827,0.8168380378199966
100043597,1.1885529046749932
53627,-0.9655187914000045
14539,-1.0266214012850048
55925,1.7969149312899981
16570,-1.039611196720001
214812,-0.9532994106200015
16408,0.47663189069999135
233081,0.8519724616199946
233080,0.8519724616199946
216795,-0.8934378386400006
545824,1.578681962164998
18126,-0.677011237945
208890,0.8885213477349962
21786,1.2957998185849986
20199,-0.6284409471500112
16905,0.5304415645349962
21809,-0.5988461935700009
16764,-1.0425824921600029
225207,-1.0644754038450017
13714,0.8371496878899958
68316,0.7285879162049973
242653,1.0736589088199997
67903,0.5603803767149973
11676,-0.6075564637400017
320982,-0.5722670757500001
17159,0.600550672349998
16869,1.0881621140249988
13106,0.9508149628800009
230673,0.35562759531999966
52892,1.6936386775499956
14582,0.5444016049150004
77300,-0.5799585894150034
66712,0.6322712910899995
54199,0.7107585074549974
77296,0.8577239999299984
11492,0.5324326919499978
68910,0.6456558966399957
227394,0.9853098383049996
226777,0.9143511186999955
98660,-1.235897997980004
12512,0.7132292597999985
240047,1.2944092122450002
67855,0.9501262820149954
16917,0.8280071513899916
57260,1.796028483719999
17537,0.7333818770199976
19664,0.6181892871750012
16162,1.348223797514998
15216,-0.8814404958950011
71767,0.5804586733000026
70604,0.7579342555650026
230917,1.0700579575949973
68545,-1.1639320099350012
14613,0.9667912946849988
23936,-0.5516020477200083
16833,1.272209585359998
14043,-0.9263053435850024
15186,0.6216045938349968
171382,1.1616748980249971
54368,0.4257237628000059
14768,-0.3423423549349973
17754,0.9152903367099974
71914,0.6021663595649915
19273,1.04929641791
11650,1.0384079997199978
13088,0.6844158892499967
74127,1.323806007304995
72469,-1.0248418799949999
20540,0.5030377680200004
56215,-0.5914888070000046
66733,0.9169638356249981
69332,0.8918064547699993
217306,-1.154373384945007
14159,0.55052370480999
23985,-1.1711027522500017
18209,1.1377997051799973
14067,0.5283542922999942
17441,0.9834735700849961
20181,1.129612434524998
68968,0.9261200345699958
11979,0.7896701349049975
58859,-1.4450738477550003
71361,0.9118921218099971
21452,0.5191383636299989
93889,0.9440677622699987
74140,-0.3525796826300045
11643,1.095669813729998
387348,-1.0770625214700007
319586,-0.9230003871450014
20604,0.5647412514299988
72148,-0.4030453636549982
67085,0.8979314336599997
235627,0.47566758136999
17304,-0.6521175043949956
17063,0.726657704874996
77733,1.1333522633999973
12824,-2.5357768840900015
22022,0.43337184589999467
211961,-1.1385952344900008
226778,-1.0959517831700012
107581,-0.8354032558100029
21957,-0.8873204085250022
114875,1.2277012020649982
27226,0.6222895793999967
29813,0.978922068589994
12505,0.4968546887699965
21419,0.8276559054049977
71986,0.8107049459599978
245126,1.5192555827349974
17897,0.9495200931049954
11542,1.0609573514400008
72205,0.5695923228649988
19207,-0.3844301033000068
23920,-0.605532842600006
19261,0.5235240564399941
235106,1.2509521550999998
14702,0.3935690766000004
208158,-0.4781824686500027
22177,0.6290953356999953
12334,0.412249389500003
319475,-0.8372612285700036
75530,-1.0886812301900033
72055,1.0107738951349976
20810,0.6528566280999915
78933,1.440048946884998
22351,0.5067216683250031
21858,-0.5959684854000056
215751,-0.9025140889700012
18383,-2.031090565875001
18399,1.0216552592249997
71706,-0.47065566394500635
382137,-0.7620204825950063
102693,-1.6752453955450006
74116,0.5771161383199939
20197,-0.9191178982300015
75284,-0.4817255549199988
57756,-0.7788605352300024
544817,1.1392727206399975
29856,0.4960224861349971
20202,0.4982694690999878
53608,1.4784221628199932
17534,1.2053376462149998
20677,0.5751636414649948
216505,-0.5066033683500102
67434,1.49766549968
231805,0.5867422001449931
70423,1.0830114195650005
381073,0.8918753127649968
22608,0.3758142030999956
140792,-0.8868971441850029
237930,1.0957015955250018
22354,-0.45684908184999884
56417,-0.38480277854999834
239393,0.7917290484999988
58860,-1.0454913457150008
71146,-0.7412342520950066
16568,-0.6704276045850035
98682,0.5548379539949941
20203,-2.2864338597500025
77974,-0.4182889225000075
415115,-0.4659996451800055
67872,-0.3305303187000064
11717,1.2134540895149986
20668,-0.412439694000005
331524,-0.4843987682400037
73910,0.4873495049649952
68490,0.38094217624998983
64075,-2.3674056474450005
15277,0.7929197346849959
21810,0.6032189809500004
74427,-0.6468611003200042
73247,0.9096854576400002
77583,-0.4918793098500025
70574,-0.577568647899998
237625,1.3513959540549987
75751,0.3941987996849985
22781,-0.518966156544999
214112,-0.7251265528900004
99010,-1.0926382225700007
78751,-0.5296308565550056
12475,1.0033972337749981
245945,0.7326091926299956
68423,0.4631064114149943
68338,-0.9422671240200007
68501,-0.4662628188950064
13075,1.1651452105800013
18121,0.6743357012449902
54483,0.5505737393549985
20768,0.8538832875599969
68598,-0.4139615261500005
18053,0.48706833008999695
640543,1.016909637099999
70894,1.4909473700299998
13180,0.7792732927499975
76267,0.739453963154995
22754,0.7725352210149952
228880,0.5041438904499937
104943,0.881100235874996
192653,0.9968134080800013
244864,0.8665933471349998
14168,0.611170504409996
18217,1.479746477589999
14538,0.7275751205499965
56622,-1.8151283944350052
381314,-0.691875341265006
66711,-0.31893225814000026
12291,1.1552578715749986
19108,0.7222688916899944
13537,-0.4089881158500006
17118,0.424831053980002
233046,0.9961135186799988
17474,0.49065784589999417
230971,0.6286001743350003
104174,1.3617318747900002
624910,1.0168751748449978
20265,0.8723491033899986
17748,0.7942944965199956
72713,-1.6137406557850031
56434,-0.6951916820400008
245867,-0.39675877648000046
237754,0.9529197016649973
244859,0.9497922233899985
230162,0.5654167749949961
19659,-1.2047629603500019
319942,-0.7234622324850006
208084,-0.46326221682000046
12895,1.0314947404099941
15370,-0.7835958520499986
12293,0.8057772226499975
12224,1.069174339389999
215436,-0.9217358636150004
260297,0.9088078273399987
12350,-4.450834469480001
16876,1.1731288576249943
52840,-0.391263466915003
18824,0.38707017800500054
83561,0.924528088379998
14756,1.0918708691550014
67784,0.5117695238349995
234723,0.4353782912599957
17268,0.6983877994449941
54646,-1.0332766598099976
73192,0.873205651509994
12260,1.130870992224997
18566,1.1627655394549983
55938,0.7085439594549969
69806,-0.385518391630006
67455,0.8040766710400016
52609,1.1892768559999993
14201,0.9785149016449939
112403,0.5264054971599981
101185,-0.7284889231650062
271209,1.1184132977499992
216157,-0.39162266095000575
268970,0.7214532822749975
14171,0.7574532178249984
15444,-0.8023635314350033
73873,-1.0354264313850008
216560,0.7295011448349964
20449,-0.4215803207400004
66821,0.6226803189249939
114714,-0.5348538431000076
16428,-0.37155501989999706
243967,0.644816733819999
15206,-0.7463803389500008
77701,-0.38812731324999916
77038,-0.42136233460000483
12970,1.4016396051599962
11537,-1.3937379313200005
15901,0.8648870789199963
14184,0.8585690667200012
11853,0.713767187114998
235320,0.5217786287649968
56212,0.47818742339999964
19201,0.5918951670699979
70099,-0.3631534795000082
230393,-0.640844738650002
381337,-0.4736465457450052
11796,-0.3361836497900015
12579,1.0203834450150007
57814,-0.8200316010450024
399558,0.7241364935499961
67848,-0.5429909254300043
213391,0.7260375892299935
102442,0.3583866503299902
75209,1.119603579849997
217304,0.6362507366299974
104079,1.0340515203250007
353156,-1.3641123658200005
20201,0.6340626837999928
66980,0.5495579114799956
27354,-0.8491962555399999
16667,-0.9932480186500028
21804,0.39906266458499573
100504663,-0.3825779867450043
19734,0.9519824315950003
243537,0.6368315392099975
15465,1.0285814721949977
74614,0.6776136145999878
212032,0.8142161203149962
75656,0.7723572589549992
64011,0.46994985849999793
73130,0.5457827792549921
66394,-0.3895586007850049
50918,0.7058236332199979
76073,0.4774593449599944
30923,0.7064173681299994
78771,0.5140165849799949
56863,0.7207223659599977
71984,0.853650423849996
18105,0.5766698370599972
12569,0.814017960990002
56016,0.9308951567299957
80287,-0.32915079500001454
107173,0.34428356707999974
19064,-0.6967087065949995
70999,-0.44760641500000276
60597,0.8118933549799987
70432,-0.5252006120550021
15572,-0.8571612032950036
78521,0.3776411871099956
64451,-0.6806745182850023
12567,-0.321909334050007
330890,-0.5104948774950033
140474,0.8772252024849969
58522,-0.7535212616600009
329421,-0.6486699272100012
13115,0.9363631024199979
17258,-0.6516005220000078
97159,-0.3949454041800067
381110,0.7388065110049977
20681,1.0063363779300007
22248,0.3964797075999922
226791,0.6037659956899977
18190,0.9250188865750006
406220,0.8397694838399974
233071,0.5547970344099991
105853,-0.9826443659600019
211652,0.6269116135650012
171504,0.6537717790850035
83379,1.0778402228599981
230779,0.8380160104399996
75316,-0.5011061124350062
216767,-0.33314163950000264
73660,-0.9149040371349995
50916,0.791397636384997
12876,-1.4301365517400022
66395,0.4000596973500006
211134,0.6239681747000034
64381,0.9790013930999972
15507,-2.397032227050002
17878,0.9083744295099985
320747,-1.556398147475
19885,-1.556398147475
75604,-0.6449902917750023
17536,-0.8144255637649982
14127,0.5113020156000019
14029,0.6745118335250009
68263,-0.29383768185000214
72054,0.5159486652999945
13194,-0.32873984465000916
17868,1.1143459471999977
56490,0.38584235983499404
232533,0.8086430739449986
80877,-0.42176378791000246
23849,0.3645042891500019
18022,0.3387786467499936
19300,-0.5075696420950049
12517,-0.4841339310499997
76612,0.5581839576199972
53619,-0.8399763277099996
232821,-0.8688080781850003
58193,-0.9073198702500047
270624,-1.0290087707200009
53313,0.31204788714999054
13805,0.9901536581199952
70510,-0.32385020355000727
268465,0.9465179692450016
54125,-0.40639606827000385
69938,-1.0460172375950032
11449,0.7518071136099991
69202,-0.3579580238000055
20823,-0.28703519475000405
50928,0.7055264350199995
243958,0.37979919021499775
407790,-2.734721219925003
213765,-1.0293712809700035
246707,0.5199003252000036
11928,-0.3671006302500093
74734,-0.7166690896800034
140795,1.136661914394998
17210,0.45503436539999775
78248,0.6732584490899978
17700,0.923274499164997
56047,-1.2337638934699982
14160,-0.9344077830050006
14763,0.75625054125
57316,-0.8211034791950045
94282,0.6341088289399979
241201,0.8817314025049994
18590,0.4672653139849974
223915,0.7585794280799956
68857,0.8222933036599986
76652,-0.8655363303200003
216551,0.4439615319949972
106389,0.42015579589999597
16918,-0.61798957805
14417,0.7667336548249981
74998,0.9582537247999987
217124,0.34263731160000077
17436,-1.8422628430000025
56615,0.5540071418399997
70020,-0.6571851089550105
70363,0.7181482103100003
55963,-0.6960729181450045
11475,0.5351381460700004
11945,-0.7759594294250038
12967,1.0132241276599991
213211,-0.5541983406799993
58217,0.5945415288499989
277939,-0.5953060401300005
378460,0.6323765967649955
20274,-0.8294087823750003
11568,-2.08615760098
333329,-0.9539882702400053
12814,-1.092289979080002
170735,0.9408385157599959
21385,-0.6140178831050025
18572,-0.8219759687850035
75723,0.8872846382099961
66868,-0.6105598624050028
13056,-1.1918218941450016
217738,-0.7315482160350033
21886,-0.5907153185500071
320398,-1.5069566011000015
20997,-2.2267310547300045
67080,0.74385312187
71803,-0.9654031237700016
52024,0.7385936956349965
19262,-0.29025961185000604
320534,-0.8050833253950032
219150,-0.34046821263000027
76238,-0.381511340360003
17701,0.77351414442
71884,-0.9955100397300032
227720,0.933132175019999
67753,0.9141308067599985
319207,-0.6733416022000034
103968,0.7088707358099997
100039596,0.7375155850649988
16981,0.38122563384999353
230767,-0.41113609930500594
233836,-0.6817443380300059
70497,-0.3306164935499982
16434,-0.36797896804500674
70546,0.34491549157999923
19411,0.3744220124949944
238673,0.9869236591000039
268490,0.388582579899996
74267,1.2109118695449963
320119,0.7267469804049984
67773,-0.28599172110000914
170790,-0.8649048236550008
103775,-0.956439110150002
81703,0.8151632785099974
212439,0.711003414279995
21453,-0.5573777186000033
140494,-0.4771928288299998
30936,0.609192512039999
15377,-0.8864516823150028
18642,-0.5932610380400059
214685,0.888459339609998
67241,-0.353632188289998
75512,0.7695902467800009
57752,-0.5388476953500039
11423,0.8715253871449988
71869,1.0242043087049986
380836,0.6466652357149991
11694,0.8421601044699969
73728,0.8166530180800002
67819,0.30206912765000027
50701,-0.39655342209999844
59054,-0.32064445903500705
67198,0.9785015784249977
18131,0.6454499527400004
12874,0.8327855630250003
104681,0.3362876397499903
53868,0.918436601594995
217310,-0.4309667239899966
67978,-0.5914207347150029
14282,0.7389778723699925
28193,0.39964565036999566
26416,0.29008196575000156
14293,0.4826979307699961
72168,0.9146538189999989
53972,-1.6554396062750008
14239,0.8142271451499994
225895,0.9037490215799977
12520,0.30774079259999
246293,0.7620036018249969
15234,0.9536158661799972
109246,-0.48927591933000336
17762,1.4652043284999952
108897,1.3729883286799973
74754,0.38000189644999516
53857,0.49702385036499486
237038,1.1360888227099988
12494,0.48568001670499683
72459,-0.4712737918000016
93961,0.7446992126699983
23854,0.5534997890499938
435626,1.0018599139699962
57254,-0.626462244710003
239759,-0.3735236479299999
12267,1.1032726025900006
14169,1.2783408630499968
19309,1.1190977493899972
12511,-0.37449825169999684
67895,-0.3091541474800046
67119,0.5797908403149954
14915,0.7967474123249962
67702,0.4486158419249957
15531,0.9467496393350032
14945,-1.4288612376300094
72978,-0.5508316942400016
66443,-0.4749228230350031
12571,1.1499153240049993
18609,0.9378125947400013
56703,-0.3361410660500024
104910,0.5122877713999978
13857,0.41556217855999655
100040766,1.2082367695399965
77683,-0.5820624917499995
23964,0.7675929642599981
13723,0.3645047655000013
17451,0.5959471285899962
30944,-0.8630897487300011
215335,0.7224111981349957
98828,-0.32807127221000876
64707,-0.5340196091000067
101476,-0.2805214988250029
11811,1.5885752631549979
14828,0.2764262041499883
107328,-0.6423970735000042
16871,0.7059693938549993
56418,0.42493930371999866
76983,-0.3954181934800056
70713,-0.7989396946849983
12331,0.32249943609999576
242894,-0.6578693009700034
16842,-0.39155739770000686
20193,0.4773642562999889
230883,0.8819336172249992
28169,-0.3207396192500056
12953,-0.38941745670000216
109242,-0.6979798814550016
212670,0.5252395703200037
74245,0.8606897627299999
11536,0.718732385309997
70445,-1.4724354780550009
140741,0.5257176574699951
245522,-1.074444859135001
242785,-0.4691492871850027
16477,0.9151101782399955
64297,-0.6922834227050005
12507,-0.36051054580000574
109284,0.4799438002299965
240514,1.0211711398099963
66537,-0.2868752080500041
52592,-0.4500837809449987
69028,-0.5145326086550028
74717,0.9669429502399991
22239,0.6303061414649993
235293,0.42897963327500044
74490,0.9481923511049981
73469,0.3464628013099986
23831,1.436320994114995
320995,-1.1169387920750014
218215,0.6359219684499955
16398,-0.48456456190499964
21928,0.48761918597999987
239691,0.9589359098499965
20845,-0.6306655957000062
235281,-0.996532067140004
27373,0.3306578560749962
99152,-0.3486382553000045
71973,0.432160195949999
64704,-0.29392365285000466
20348,-0.7354372241850005
269295,-0.6832394231450021
56644,0.47609446939999955
338355,-0.4119701274950067
56873,-1.1316406367100011
75659,0.7447298021149988
12153,-0.5171124572550028
68215,-0.3606591827000001
170728,0.5910066130849954
223254,-1.3477581250800048
330914,0.9429726886299976
21418,0.9278356778349979
18789,-0.6240606180600015
14784,0.4483672087099979
103098,0.8173095787799998
74039,0.4170748597999925
20609,-0.31180986120000753
268822,-0.25525095485000193
54338,0.5695940571949976
14289,0.6090870119099936
108900,-0.6020553486850027
381678,0.8136923328799979
110351,1.3491102235049963
19334,0.31428669548000343
245536,-0.6532960184700007
18557,-1.0148928912749993
207952,-0.3545246677000051
21892,0.8718044155749984
217038,-0.24823007229999838
67430,0.9620644271699983
69363,0.7967498929049981
245308,1.43964900857
327958,-0.6766832274950003
320558,-0.7778537877600025
12021,-0.7267475425700036
68874,-0.8142592690300021
214523,0.9772935173549993
171530,0.7944862497899967
434008,-0.9327030527450013
94275,-1.183144687270004
403395,-0.741734863780001
63856,-0.42664620113500007
235505,-1.353692708625001
73010,-1.310232287720002
12229,0.3554216571849942
74276,0.6730683233899999
13664,0.36461795625499605
11625,-0.668058123895003
171212,-0.27547900110000967
21958,0.6784313198499969
66241,-0.46699026935499965
231130,0.46585081238999315
20383,-0.28715698380000454
269536,-0.33641874437499997
219189,1.1053878998249935
497113,-0.9304450139000018
19268,-1.1479321552650021
381319,0.8752102369949997
21645,0.5832286255949954
71772,-0.5385748397350003
68275,-0.35254193430000136
27275,-0.2830309122850032
210510,1.1500714840299993
16669,-2.900916650820004
20020,-0.6128117713000094
227699,-0.669901144949999
432442,-0.701472110750009
12769,-0.39164548706000524
66810,-0.7514786447799997
628870,0.7103430131949997
77422,-0.6338006791350042
73075,0.5892034866549998
20747,-0.3779688161500001
69009,-0.3799261725900056
170753,0.6622752888200001
67287,-0.28416355269999904
109305,0.4905570187549966
214547,-0.7927530438300039
239606,-0.4514734303050023
53321,0.7063473496649966
68054,-1.0676355772050008
30052,0.5937159215549972
22428,-0.2595645224000087
14190,0.6958932339749992
16528,0.6489689498949982
628100,-0.661696218650003
332427,-0.7922333712199983
239647,0.27734641874999255
17221,-0.9256510459500005
12696,-0.6824510817400071
12842,-1.8239083369150006
244421,0.59983512190999555
99662,0.6163082046899961
13033,0.30285273159999626
13870,0.6335666846199928
12182,0.5610140984199985
74143,0.4469101268299891
108071,0.8741287854699982
13380,0.8623827430149982
22648,-0.7646788896450021
20866,-0.2763617992000107
231440,0.614050255549996
97165,0.32042614490000076
432478,-0.535951155355002
109075,-0.3384727532099987
14765,0.9586122972899984
27361,0.43833964859999774
329581,0.8248400203199973
74747,-0.4502842966500058
17476,0.4062384136999917
75750,1.186779263779997
23908,-0.88551558165
21685,-0.36831029904999824
58188,0.7825212822299958
21679,0.6013736156949983
232313,-0.6166647759250043
12925,0.3734998355000023
78506,-0.7785576929300007
84094,0.6637899868949955
12659,0.5885062840999966
14027,-0.8478008035049998
52463,0.6516047389899953
234740,0.6014240355499965
71908,0.6408937605449951
77106,-0.378342837950008
14682,0.3149194630299954
17684,0.40381091619998877
83691,0.9133053164599985
266614,0.7923336851249996
12061,0.9969026881700009
78808,0.5776836508649987
243510,0.8255842773499991
233210,0.8061047503399985
20615,-0.2917228451650029
16784,0.3369342457299993
15945,0.6590920657899932
19684,-0.41260843300999994
20014,-0.3228667197000057
66790,0.39455679490999973
23967,0.7828481918499972
11778,0.4134730225500043
16780,-1.0113173513800024
56501,0.9453677789499961
12322,0.7334883928699956
104080,0.8294869613299962
11482,-0.39451939952500403
71263,-0.9241754244400018
12647,-1.028577624445001
329727,0.8123815160050016
19159,-0.5547780022000062
99167,0.5224520321149972
93840,0.7291614943449964
58800,-0.3581453333300022
228770,0.8090723934899993
11789,-0.6986516385150043
20728,-0.5971914202600006
110382,0.49633102337499757
619289,-0.9889552670300006
66283,-0.740827295315003
12560,-1.5164048752750041
15284,0.676115733929997
217826,0.6063556301850026
72672,-0.6131211172750035
327799,-0.8344844638850026
50706,0.5287823207149982
21859,-1.7860334521750039
240590,-0.6852847883300006
217708,-0.7158910444500002
71099,0.6596275324699992
11438,0.7364798729999933
230582,0.3226519605549969
16559,0.5751400062249967
19735,0.4120027199999985
67070,-0.31394869697500205
74191,0.7782521207349973
21884,0.9669015553649976
18127,-0.6330418195950038
12752,0.3115882530499938
387513,-0.6861304085400008
68178,-0.5085291942500012
53375,-0.3759685579350016
213582,-0.5367077484949991
66333,0.9330317453999948
11684,0.3568495596499943
21825,0.3636243866099953
12667,1.009369689519997
234365,0.7227470421249986
13368,-0.7452533933700023
12308,-0.7257222516150015
57314,-0.45277435578000613
114886,-1.418754530660003
18146,-1.4937434617450043
70945,0.41919224389999776
20194,0.3238285060999999
245026,-0.8100987598449993
19331,-0.3090149190750022
208164,0.6485475874949982
76477,-1.5741755645250004
12914,-0.2817808690000092
214951,1.1031283702699959
117589,0.33548135664999457
12951,0.6471400705999986
54326,-0.6431342195300003
12877,0.7919903301749978
16192,0.5037155654749963
408190,-0.6985353021700078
67591,0.532537652289998
66467,-0.3640691343000064
11944,0.6596040193899988
58807,-0.7092184618100026
319604,-0.3690896339650003
20353,-0.43087784360000114
71281,-0.6460039598400029
103677,-0.3754682474250064
242939,-0.7693785094150014
15404,-0.7171059382350053
70941,0.5208618282349988
13400,0.9291865108349988
214162,0.7663835424549958
11747,0.38828737234999977
18301,0.31128434419999707
106894,-0.2807384160600055
74342,0.9513923446699986
320116,0.8499089048949973
70891,0.724809177624997
382117,-0.6747243072100018
216742,0.36518358438499554
241452,0.6822352589749965
20536,-1.1771442684649993
56722,0.33820422254999727
53412,-1.7012757360400026
234542,0.7385298650800021
21854,-0.29920823240000516
629873,0.9204114041549998
68481,-0.5994226616000047
11744,0.39602095091000145
227120,-1.1911386295400024
80708,-1.6843505391350009
78321,0.44737457955999993
241624,0.8592822395600015
66049,0.4624108724099987
11921,-0.5539589145799999
22329,0.6004371268599984
20957,-0.662366703485004
17970,0.6759305216399971
66949,-0.39575522460000023
69824,-0.5654080831600048
233246,-0.7628930299250007
27205,-0.9534391506000022
243535,0.6771220094000006
223838,0.9087908851299975
69635,0.488094959385001
319710,-0.5992260634450015
67690,-0.3340377621700057
80749,0.7011100116249978
69697,-0.5791687301150032
51810,0.37005790609499734
381921,0.42539840822499553
71562,-0.40419413944500526
19672,0.36122911049000095
229543,-0.582252340450002
227095,0.3599476352249962
330301,-0.8543440373150024
59006,-0.579630749250001
20515,-0.3114767222500028
270086,-0.44319674015000565
27528,-0.5528805550000011
213248,-0.8226833982100028
109019,-0.7070106297000027
74443,0.8816347441049963
19691,-0.41102441501500664
66407,0.24041754214499989
665525,-0.6832021849250003
73723,0.3153221876999943
64450,-0.5762310314850008
16952,0.4053709105499941
99296,1.0197334257899993
72008,-0.2950966471150078
19120,-1.2442670503050026
380863,0.6733628043550004
18770,1.3419394923349985
71093,0.8308106041300003
16716,0.6681468631449983
73172,0.2818327011099999
381677,-0.5811296533649997
71233,0.8470970273499949
93843,-0.6791451737850007
16147,0.9356699261499966
67538,0.7712986644849957
81535,-0.32811209720000534
277010,-0.6198878296700032
64051,-0.5780294697700024
12982,0.418475852799995
244556,-0.5550690086300065
209737,0.6445726338799962
84682,-0.7488304458950017
15563,0.7014357853799993
56760,0.293167994599985
75368,-0.7217083719200001
74246,0.49751517177499327
18113,0.6566530527999985
244667,-0.5243146530599994
432572,-0.6704256595499949
13076,-0.4915502112800021
215723,0.7482288290099981
230784,0.36706507718499815
16979,0.7912421118199982
14803,0.7703732075849992
384009,0.3255412502799935
223227,0.4872608222699988
17955,-0.2712092159200026
57754,0.8130350528699992
66077,-0.28337610500000565
20174,-0.3266634670000048
232946,0.92506260592
23963,-1.004747416855003
210108,0.8415930168249997
12702,0.4023034896099986
108652,-0.3052611765250006
69536,0.6453361422499944
212518,0.9594826123699978
209361,-0.43482488884000325
72536,0.27127733376999963
17448,0.29069722849999735
239188,-0.6570323396400042
231162,-1.0695767818850026
27386,0.7585003161199988
75288,-0.7839700813700023
77056,-0.2809421787600055
226525,0.6664085254549983
57816,0.28391236494999816
14732,0.9782112455249949
22253,0.8889472055399983
13196,0.32383947072499275
65945,-1.0388144587700014
71452,-0.45932670001000453
232879,0.43606853140999924
59007,0.8369647766649999
319655,0.7465722766949963
77480,1.187425525124997
22245,-0.2841523993499955
12813,-0.8961665072850007
226123,-0.8740257630600037
80879,0.46815137147999053
57890,-0.5337758857600017
18720,-0.2747732941050032
666528,-0.8222906040150026
14068,0.8059589161999989
213649,0.7740323355950025
106564,-0.41620635960500074
18491,-0.9619934472900011
74013,0.4880573098749945
17172,0.38685660335999916
71091,-0.5519990503899983
15567,0.33397868829499977
239790,-0.5065530599400008
77552,0.6709862864099994
20474,-0.6107445991950042
231148,0.7044486746949987
70950,0.6334170541499988
13848,-0.261451004200012
16600,-0.45289637621499956
217951,-0.8946284862600002
74123,-0.34664836332999904
237397,0.7444528160500017
72881,-0.34898914752500065
12424,-2.418598211330001
353211,0.7963961969149977
69906,0.5298248852999956
330428,-0.5621384030100001
193742,-0.44031605142500396
15894,-0.4791214996400015
14782,0.32614072234999547
56315,0.9250480618800019
170644,-0.2690474104650047
20888,-0.7320104626600017
19290,-0.5183975787000019
23956,-0.7111930800550041
50765,-0.7472792066350031
57080,0.4970922302700007
231580,-0.51967781687000425
22330,0.6547168993299968
68980,0.27478731073499674
223435,1.0230856564049997
16447,-0.5129011323600015
17395,0.6978452621199951
56838,-0.9696341468100016
545156,0.31610627806499814
223864,-0.6336140517300048
107371,0.3299862722099949
17132,0.6341413549999961
20445,-0.9618977680100027
71522,0.7917276775849964
78803,-0.8909727428150038
13615,0.8556178936049998
14062,0.40168319412999587
226976,0.33810936763999777
74770,0.7693533680399991
77018,1.026898687974997
70061,-0.6654072501150043
270084,0.7651821645449974
241589,0.41031098894998586
118454,-0.7264078641050027
235472,-0.3727429915000027
83603,-0.8070780096300014
27053,-0.8281853416950007
268445,-0.2997244130549994
21416,-0.6148211668750081
11556,0.7905610617899992
108143,-0.3079125618749998
20377,1.582109653794996
68705,-0.4665725531550038
16153,-0.34233617474000066
74610,-0.2977105795050008
234797,0.3271314625149895
20273,-0.5669009832350032
268741,-0.606919700000006
22236,0.38945566935500153
394433,0.38945566935500153
394436,0.38945566935500153
68559,-0.2676421425500024
56327,-0.5591135086500056
231293,-0.8037273117850043
18803,-0.2985050219800023
18807,-0.25983070389500895
68243,0.9207801077349993
29862,-0.8684499140450006
56317,-0.30541503956500726
23984,0.7802224901199977
77006,-0.3429217922599985
72121,-0.2800124529049999
83997,0.3621277709349968
239319,-0.3261596095849981
11992,-0.46900758390000874
237758,0.7644151809749973
66353,0.5045073341649973
18393,-0.6199545503150015
17222,-0.35638125891500216
110695,-0.32012264447000227
18858,-0.4940496264600025
72775,-0.26726990002999607
56839,-0.7321468957400019
237958,0.6122862454849978
75863,0.885510209699996
171209,-0.8687873429950006
12527,0.3704551454999869
26942,0.695246422079999
68421,0.36333784862499385
436022,0.5036994424449981
106068,-0.4418635957800019
23939,-0.2521491408899994
75642,0.6289647019899984
56541,-0.4930213158050005
22210,-0.3845574795000104
17002,1.0028935153649972
73324,-0.8423700955850006
12642,-0.7296449070000013
24136,0.4301741411549873
20913,0.7246064510249957
83490,0.4523912199799991
54720,0.4601346669999966
213491,-0.4378342635950023
18632,-0.4358713011050064
11610,0.5177659815899949
15185,-0.2964466943850015
237387,-0.6239385267500017
239796,0.7669583853449993
232975,0.4588697709399945
75812,-0.49029686412500073
71200,-0.8253172408050036
56351,0.2450368331999968
380709,0.5625687999499993
52004,0.26736292464999956
17235,0.7706161996749992
15414,0.6261836481799983
22153,0.4589454334099923
105243,0.6959376465999987
14625,-0.5865632364700009
320816,-0.36169786466500753
216725,-0.9999524483200011
52856,-0.24323404978500562
117600,-0.6711793927750014
70997,0.44134507264499767
11828,-0.3469514772550033
65100,-0.826709957920003
14125,0.6245295946299958
18441,0.5575722452349989
11936,-0.8758473157800006
235610,0.2153552694999945
216850,0.34164441678499813
216233,0.3102446448299965
54160,-0.41718785608000175
270096,0.2734586210099934
76378,1.2200136678350004
27999,-0.2744765297900056
12835,-1.175678404065002
100043899,0.4987709057549994
214766,0.548255545179996
216856,-0.9646666946750031
212198,-0.6375355528450006
68137,0.33475663176999504
81500,-0.3071018971050048
11847,0.9656919314599977
76645,0.44814507001500026
78923,-0.9773519510050006
227288,0.5003844679149969
13110,0.8180254588099949
11764,-0.2824772288500004
329659,0.62999623549000106
68032,-0.265375904050007
13866,0.8805666300499988
19652,-0.4404537108000035
211770,0.5587388821699983
215418,-0.3455907132150049
67621,-0.41765231607500297
18481,-0.9401483544700002
16440,-0.3857034202000005
75528,-0.6621767041500011
433700,0.7667098636949987
14402,0.610432863859999
71897,-0.5029570141800033
329244,1.0770577711399976
170744,0.9926508950149957
76943,-0.8876661064100002
30948,0.2816233135999955
109620,-0.6739808141500001
69544,-0.5784671230550007
634731,-0.4855249333400016
50911,-0.3700699304499988
53604,-0.6701565552950068
66513,-0.3123637011900051
20657,-0.9058294543650041
59049,-0.4286421302750023
76441,-1.035178509415001
13845,-0.39049168569999715
192651,-0.8162347595650026
235497,-0.5773074783749994
106073,0.2846590502399966
244813,-0.587691332550003
20163,0.24544898225000011
217194,-1.043964044320001
15944,-0.3064182006900005
105372,-0.645591374500003
29864,-0.3934536075000139
73368,0.6904072196649969
276891,0.8228327499199972
72605,-0.6803093239550053
18096,0.5421105825399977
74480,-0.5625580754050028
214158,0.9765077152600004
170743,-0.5751930285700038
74156,-0.9858921025250007
100504156,0.5822640847949989
110784,-0.858184527050005
17260,0.6868239525149971
217333,-0.7110690052500024
26466,-0.27644272485000165
56013,0.9149475300799983
445007,-0.30687763394501033
22032,-0.3041063883900037
665270,-0.9244965988050025
73598,0.7688319197449989
67399,0.2693320849999914
13449,0.30259537844998974
56210,-0.7017055018299994
14734,-0.7888912393800007
70127,0.7727324905099988
14264,-1.5501699206150024
240614,0.909595786289997
20908,0.7897301835149992
18049,-0.3481831338750023
70784,-0.29767867312000273
72973,0.8861177641799998
66861,-0.2554728448050039
14537,0.46708306468500016
170789,-0.47734298055000934
15204,-0.8675293594000006
276905,0.34653374618999777
114143,0.2789592631749951
68169,0.7487893461049993
53625,-0.393328045370005
242443,0.9418205232649983
332359,0.5609517192399975
217149,0.24688184945000202
22326,-0.6895949423800021
228858,0.39729678849499894
69654,-0.3216414636500069
242050,-0.4425227391550024
19401,0.29088998904998675
74895,0.2994250374699927
14748,0.3694765469999943
12833,-1.634997898135003
244891,-0.42765362788000605
230809,-0.5693545502250021
433022,-0.34826702673500254
66344,0.7087735713699974
70350,0.7072972943949969
67416,-0.2892430154550043
245403,-0.5533486482000036
13685,0.29610270309999365
94064,-0.3379083226700086
73173,0.5377977598549974
74147,-0.5312261645700058
56193,0.31876390635000007
56228,-0.29983775176000016
236643,0.6601586302999989
448850,-0.6986098987400027
192188,-0.6754626618200019
382111,-2.2995782231550024
22693,-0.733367929635004
68760,-0.4323052333000028
73671,0.9483186580399994
83396,0.7110370428900001
72040,0.773670513825
13032,0.3152077511250013
106861,-0.5878465873900032
23872,0.2649277814649942
22422,0.6138171748000003
545291,0.5587964057249986
246103,-0.4231708521599984
20669,0.6783624106149952
245533,-0.684848011670002
76688,-0.2238113141999989
18187,-0.4527626573500054
21853,-0.7878850338350043
72022,-0.45145637542499983
74504,-0.3023522505000038
17187,0.21134451949999544
244958,0.7531438939449995
16476,-0.3486214546000035
12416,0.5013475636650009
66922,-0.31561507845000136
65113,-0.2507022052500041
433638,0.3003484422549949
54402,0.7988341007999953
56489,-0.2972416172500054
212531,0.32115758674999206
13867,-0.7181116729550032
65970,0.45311534750999627
14704,0.6387211740299934
235606,-0.27295378480000565
623781,-0.5957618644700031
21351,0.21034811159998235
67263,0.27103304731499556
16424,0.8892114397800039
83428,0.7427155128799985
231128,-0.4811149651850002
98932,0.26072656699999364
231134,0.652211856209997
66273,-0.6257332559849988
76969,-0.8364757431200021
73694,0.31830444389999535
237611,-0.46191489992500134
12228,-0.4137158990000067
14617,-1.0207215060700032
22259,-0.560069785635001
65221,0.550470659304998
26549,0.5938791321149983
70683,-0.5499293300500083
216961,0.7450078226000003
227731,-0.6977920347250022
12036,0.7273163758399965
13370,0.5489512032799979
15439,0.3737368976999935
30937,0.34647699834499335
17128,0.2809546421549971
93966,-0.3836945438000061
79233,-1.0190824834200027
107817,0.4198142800599953
22785,-0.4045348091000003
211383,0.8454164516150016
71302,-0.7144452961800036
108735,0.31273524670999997
544696,-0.6486827119500029
246709,0.4574706856199984
66140,-0.9102092941150017
207792,-0.8031012315850021
67623,0.2390380465299895
76582,0.2658708885499923
76775,0.5625764710200007
320560,-0.2936316389000062
66208,-0.4323865446500008
16431,-0.6226853928550042
93728,0.9652308426249965
56079,0.649333221284996
69274,0.5934290829250015
217109,-0.5412240587800028
230766,0.7185205722099974
225745,-0.23904614725999984
620709,-0.5420623728099994
239463,-0.6334230850450044
214345,-0.3381304054400047
72554,-0.4552197742100015
22360,0.8020349420549966
13829,-0.5266894767850001
66058,1.4066281096449957
97487,-0.427160912635002
271944,0.6297503640199991
18826,0.3605968873999945
110253,-0.447430338400002
330361,-0.6081123982100021
76407,-0.3665286219450028
19646,-0.2582781386999997
19935,-0.2561925008000081
56216,0.5141910857999994
208718,-0.24364801588500384
67871,-0.4268248669049992
14601,-0.6788404278950049
70375,-0.6319538164450043
399548,0.6795756046699997
330460,0.8548462107299972
110208,0.343036265399995
71183,-0.8289375867500022
330721,0.6701343680949972
13560,-0.6338930519100092
15220,0.8092389614149997
16554,0.7418813319100002
67062,-0.5505354722850013
66921,-0.42374933037500284
665574,0.5724438976249973
12986,0.24572137879999723
26377,0.2815956868749989
21827,-0.7098947137150047
245532,-0.6487496804100026
243834,-0.8104987567650017
78394,-0.22308869454500346
59016,0.2657769195749964
67967,-0.29135414249000213
12111,1.1002482867799968
19225,0.3171898370499995
74032,-0.5745163875000001
20293,-0.5294378302700005
29873,0.7129223664299973
56470,0.2924465338499971
270198,0.2713920251000026
17916,0.36062061954998725
219026,-0.44899585067500025
105349,0.6063388861349983
58867,0.568648505515001
212980,-0.3054837517000113
16517,-0.5818585719900016
21819,0.3764162947949945
140500,0.3187043267000025
22715,-0.3527334659000054
67117,-0.3403871279500006
17113,0.2853763552000004
12279,0.8547104358799982
100504285,0.7062604801949961
99543,-0.5077857724900001
66766,-0.3889621145999982
19263,-0.7561212054649991
216881,0.6909423404399977
30843,-0.29325695334999935
14545,0.640819314624999
94221,-0.2735831565950022
19773,-0.7318901853099997
635253,-0.7199027819499997
19265,0.3288087180999977
239157,-0.8203414478249957
12519,0.39976667575999514
21912,-1.1806893762500028
12822,-0.6683128332050017
71156,0.6516328961899989
21770,-0.6427799152700029
237716,-0.9706172421200003
76942,0.40930939760999685
67041,0.26835205180999466
72607,-0.7741947161850002
66912,-0.2593581969800063
58802,-0.7526590606600001
100504446,0.8157043576999969
17150,0.7104448943799966
226122,0.3862465912449995
272428,-0.6121873646600022
67860,-0.6416719937650059
14590,0.3994167900800001
17772,0.7398152619249965
226861,0.7301355972299959
13839,-0.43430794101000103
66170,-0.25278073988499905
241639,-0.6519013197650012
71911,-0.29976965750500106
170823,-0.3722995895799981
66090,0.25178053619999297
17427,0.4580797565599921
14172,-0.7014748369250023
66153,-0.6030569046950021
70615,0.5888513612050001
213417,-0.542328065120004
56297,-0.7202343637800026
52829,0.45464773862999763
15458,0.8659175917849993
67749,-0.8429602542300008
74315,-0.21239980428000393
102580,0.4531359334849929
234219,0.8563001430649986
74107,0.5644537806749979
20665,0.6492212002749946
26407,-0.3792541736499988
257630,-0.6112712073350015
67402,0.6600569034999975
20287,0.7290554420499973
22348,0.44749405949999854
76626,-0.408464775045001
19299,-0.36082605821000335
21948,-0.4055770111350001
16553,0.6494683779799981
67812,-0.7627660359750021
70382,-0.27893945895000805
215814,-0.2782800057400028
17364,-0.9601066358000034
72433,-1.2232607617099998
54652,-0.5439721445100032
245886,-0.4216125195200018
18637,-0.3383989691150031
100504491,0.6374550039249929
76161,0.38992831731999766
224014,0.813199100434999
11636,0.5847532824549955
20587,-0.3824997643399968
545192,-0.48199200943000076
27217,0.869440767755
66409,-0.2703410427500117
75697,0.7878382757499995
338467,-0.405038245785005
67049,-0.3172940070150023
75305,0.6849251294099972
66809,-0.991594298410003
19215,-0.5023926633650024
230822,-0.5084912698699995
257635,0.40826724041499673
18974,-0.6059356114200032
80979,0.6805792243499975
73828,-0.36216362462500573
12212,0.5726400449599973
14588,-0.5055690821000045
27061,0.24189737789999555
68203,0.3107242571200022
320878,0.5358877209149995
80334,-0.6639443083200018
74167,-0.21148466920000786
103468,-0.31102588475000204
14407,-0.6748948741550027
93897,-0.9145617693900023
75482,0.6243517022099949
105193,-0.47746556629500336
317717,-0.6816779751200026
106947,-0.4200346290250021
12190,-0.7472925882350046
100042450,0.5446343054949994
20975,-0.8086482250700016
217707,-0.2789594836750009
18430,-0.40343025926500165
71801,-0.4163365206500078
232679,0.39480884819999496
11444,-0.5722735227400015
230099,-1.0935709069050024
71138,-0.5018677127250006
14174,1.2527127466399999
27392,-0.7341770870000026
17300,-0.7204426696000032
66929,-0.30931721226000874
21390,-0.32084571581500043
78308,-0.2328218183300006
14063,-0.5812409957200027
69367,-0.22435344387000278
16852,0.27534422639999256
67569,0.5397116945899998
17219,-0.30832947670000266
15903,-0.535925325475004
246317,0.6717126239699986
22323,0.23543383740999957
547431,0.5036674372349976
242377,0.7602056117099982
442801,-0.4531162477300015
24058,-0.26138136045000415
14431,-0.36240067759500505
328580,0.6497231513249968
216877,-0.3157941447800052
232337,-0.26569552860000023
83558,-0.6284605696150014
19337,-0.6465944148300018
110379,-0.2512901502100071
71943,-0.473025219905006
13544,0.4929677773999934
69860,-0.2036586973500043
68537,-0.25194871234000615
108903,-0.5471482616550007
67374,-0.6531988735000027
227659,0.3180258547000019
269209,0.63189395766
76251,-0.39439849856000464
17926,-0.5128676048700025
240028,0.3942143509199969
68050,0.23847799015999094
236915,-0.9528178377800041
22166,0.2665546492999997
18302,0.7826925792649959
58233,-0.5323738348000084
53413,0.7230966889699988
66423,0.9601103934999973
76987,-0.5544971614249983
66442,-0.3818786419350051
75828,0.6654470800399999
102566,-0.6440075568800046
227700,0.18915458869999213
214704,-0.7018988570800015
17385,-0.7109661803300007
382864,-0.3583282052700074
74142,-0.3195539769
216169,-0.30618105319000577
18420,0.5154870130799987
14299,0.33276945942999614
76332,0.45313924364998925
19288,0.9665960220549987
107528,-0.2780346488200003
215446,0.8969550982649959
107250,-1.0237773403050001
16549,-0.48439985800000507
230587,-0.49431662446500013
52055,0.4638915175799978
72400,-0.7836319895600017
57264,0.38404676906499713
237500,-0.6294345116449982
224129,-1.0735593882900059
70503,0.8449259431699994
69606,-0.32601734378500424
78134,0.7189509001849963
22418,-0.773197718835001
74270,-0.25327326828000274
210573,0.6345290904749952
66978,0.43753991111000357
71367,0.6970795798349987
213499,-0.3313118465850069
74412,-0.2508628202050023
70083,-0.6450862513250053
11932,-0.9953584715099999
72999,-0.41215859888500006
69754,-0.3947854025000055
235574,0.2806054204949966
56188,-0.4004127311500021
72023,0.35050340184499795
13178,-0.7355671578300047
210162,0.612732836384998
208146,-0.3268160577500048
64436,-0.2583250038450071
227648,-0.2583250038450071
20404,-0.8952747258400007
53970,-0.553030564710002
13057,0.33879670559999653
74763,0.3042927279000036
22241,-0.2610800383500056
57340,0.6202315795049986
67725,-0.2573973208650031
276920,-0.4936511451050052
85031,0.7175196983299994
330817,-0.2277444900199992
17755,-0.617470962955001
66120,-0.565714095810002
21376,-0.26057078369999687
268780,-0.83682161128
16591,-0.5912448278550007
232089,-0.31994407093500676
70103,0.29657051593498984
56506,0.4006633525499943
19775,0.36809117756000376
52589,0.7250205769049987
77976,0.577935517104998
20419,-0.5518209316750036
101631,-0.5870802940800077
212892,-0.5933184024650027
67511,-0.26503759880000466
192652,-0.20645572470000673
208213,-0.947450326080002
11500,-0.8585201333149994
51799,0.4989510880950032
19194,-0.7778188914900022
77125,-0.7657322342400001
78100,-0.44286875980500273
68058,-0.2973184992100055
243328,0.8389443051799983
230996,0.6653737637349932
57373,-0.2937294874000056
73067,-0.27923736015000067
230909,0.8060882882399989
66789,0.9002913191499973
67739,-0.3017654725000032
244879,0.7135492760899975
55993,0.559403492309996
106757,-0.3254575702450051
109113,0.2722268293249943
21429,-0.37783903070000235
75619,-1.2776824720850022
71720,0.5789146477149947
59002,-0.3135122783999993
67451,-0.6732054136949994
74775,-0.2607851724000074
66849,0.2862537079650025
208628,-0.3984730834950012
12615,-0.4376226641800063
78938,-0.30361926329500566
19088,0.19890711839999042
52033,-0.7575359601900034
268420,-0.3199957647000016
209776,0.4160574104149992
81845,-0.22842834800000134
73693,0.9073354463349963
72090,0.5085536072499988
68149,0.3313047377849987
230558,-0.5114088200100002
12332,0.25028669174999685
23850,0.5242936665449993
170571,0.7621199031899999
20682,-0.4510234434200022
13643,0.7890962881899988
13595,-0.2190344943000042
13844,0.6026489085149986
228368,-0.2183890158999997
76425,-0.21275474485000423
20713,-0.7095175441050063
77727,0.6810832822049999
72821,0.8367373562799982
212108,-0.5171601425000016
56017,-0.3335169896400014
72313,-0.37852994141000984
11841,-0.28920478796000104
67772,-0.28153352434999945
226610,1.1197711962299972
68957,0.5705100038299991
66801,0.24897948640499656
26447,-0.3244844665100022
235406,0.44239196974499695
14066,-0.793032993750002
17988,0.22116282104999563
20937,-0.6899707515550038
195522,-0.6363537844900016
636808,-0.6337027926700021
67755,-0.3641212120250046
72075,-0.19879720325000072
242521,0.2702559463549985
53419,-0.5558638308300008
100042480,0.5878376766149973
207425,0.5248829238649995
22774,0.6863697089949969
18033,-0.28730145280000396
18452,-0.8639876054349998
100317,-0.23644493769000086
58176,0.6181921131449961
171167,-0.5302750371600027
98845,-0.8693073430200013
239167,0.6063339017899994
11933,-0.27271271780000284
382985,-0.5785861868850022
80910,0.6124000439200001
271844,0.7105311044449993
13170,-0.3322830803600034
56698,-0.3913353578700036
105511,0.7860379747100001
94346,0.2410616154999925
14115,-1.207853855545002
14461,0.32511397101999506
80837,0.34138020848000217
15492,-0.6022899820500012
380924,-0.5253242016900002
213469,0.5215694991849982
101202,0.6697840704199978
12531,-0.3566701535000121
108075,-0.39443629835500094
11941,-0.8569830180800064
17195,-0.4543489831349996
50768,-0.5976215333950017
20184,0.6604655307299954
19059,0.6303423526049996
71916,-0.6795590243550054
67693,0.18694361989999564
238323,0.9622830760599967
27225,-0.26303326630000257
72306,-0.36580896471500424
230824,0.6829043137499928
30946,0.39086858861999874
73852,-0.3445048703250082
11464,0.7302883234949995
14827,0.2220769862549954
54214,-0.29866342059500717
77767,-0.6005488031500068
242274,-0.5932206709899996
57261,-0.5170742280000074
68897,-0.6768650122300022
74446,0.5239530140249977
27028,0.3471291330049979
84092,-0.816565196635004
216869,0.22389628465999856
668212,0.8098225675999995
22068,0.5505282880399989
320604,-0.685259397170003
78892,0.6049054003899954
12575,0.2607730727299984
54710,0.6135786207199976
329502,0.5599431698699995
435684,-0.49866966925000344
66812,-0.3950401851950005
19359,0.4569849043149974
23876,0.7358807765849997
63873,0.5273198297599926
103573,-0.22945043437500345
317652,-0.4864940129549997
11370,-0.21055840370000922
230075,-0.2177922507800023
18994,0.5805794950149963
74596,0.5159705052699985
98396,-0.7021884782150041
97440,-0.4748717264000022
121021,-0.7990034306050076
66870,-0.23863143270000542
24117,-0.992083082885002
71949,-0.24898438705000459
66948,-1.1742594874450036
56523,0.5003083277899956
244911,0.6629383564099989
19181,-0.23067770990000724
225608,-0.9120977488350039
83815,-0.28471284075000725
58866,-0.5075630487500011
11745,0.6703930189499996
74511,0.413337687789999
16769,-1.0007244240050017
114642,0.3259833299999908
330217,-0.687098933475002
67392,-0.24241573544000516
100383,-0.42142605550000134
16515,0.5562168060449983
74302,-0.37622039585000167
20535,-0.21665903575000556
227325,-0.6259719063700029
237253,-0.45501084283000015
69923,-0.5507981433450047
15388,-0.41722832245500285
18442,0.7141862904300007
231004,-0.5405419895300003
56856,0.9343550778299994
238505,-0.3621468623700057
15967,0.6613569730899984
23966,-0.27676243580000204
264064,-0.3566570530250015
14840,0.6443568157599984
67200,-0.2506094724149994
67005,-0.26170060669500295
68926,-0.3268798740799994
387512,0.5790814708100007
11699,0.6436953855999965
75758,-0.21481872140500613
12850,-0.4375587413950006
56746,-0.6492159461900062
214895,0.2253325619249935
18386,0.6176530428099989
68550,-0.5200141194799972
22034,0.5068616201949938
107769,0.25135734656499586
19228,-1.3875400673200011
12273,0.7961095142699994
17533,0.8870873137599968
16512,-0.3245708637050013
50496,-0.2696078719050057
664994,0.7308064438249984
71988,-0.5854372149099971
228061,0.2853159018750002
99011,0.6451028391099971
23873,-0.33001293149000155
71934,0.6023248715049996
18778,0.4200259235449977
69453,0.6461696424800003
21947,0.5357567507899983
234374,-0.2812775282650053
50786,0.7354949881499993
69551,0.8565759909699997
67484,0.5789576001949994
210808,-0.5564756459899991
218203,-0.6572307534100039
14799,-0.5243269334650016
382571,0.48390733681999976
18100,0.27563676852999386
56077,-0.6677823871650048
14676,0.7032649281050007
70544,-0.3175808727750038
21808,-0.6846358286900038
17215,-0.38291340785000294
16909,-0.2712984683500004
329252,0.7268275741399974
20539,-0.5961841377150012
228785,0.6089396911699989
110446,-0.21277742460500093
68039,-0.2364785163350014
14263,0.2576703920299934
15412,0.5240523294199946
381538,0.6686633022999984
83762,-0.2738969779999998
76138,-0.3270985468000056
71597,-0.6708530254000031
381974,-0.9902619560250034
320554,0.5893014530349987
100336,-0.4461952472200039
14081,-0.48625238545000116
110895,0.5759657022300004
80291,0.3685807661549987
66611,0.4553600259299957
26450,-0.5448369467100029
218543,-0.3631399192499991
30044,0.4526246873849997
21371,-0.29186923930000397
19671,-0.2529679900750059
78809,-0.5791297078500031
22256,-0.32217956880000287
21857,-0.6083331049300016
269233,0.7539091796649977
18119,0.49507072753999815
242721,-0.23487920635000492
269994,-0.520955418095002
108960,-0.3219797290000077
69085,-0.3224003333999992
232441,-0.44260810843500087
331623,0.31215833719499475
80719,0.29326257575000625
226041,0.6191796057650016
52846,0.46437748030000137
18092,0.671457713269997
232560,-0.3087506245800009
12389,-1.1227829724900005
17877,-0.41662499243000095
66425,0.21863765489999665
212377,-0.3497814923000053
408193,0.4861672002799988
15980,0.2641954129649946
94090,0.43807677019499813
21683,-1.1980021830800016
22129,-0.23394030013500178
231470,0.5194292457149992
11629,-0.4065604814750099
16998,-0.4275530318750036
12715,-0.5618489375100011
68066,-0.3354179754000075
77836,0.5749811207849937
209225,0.40806987452999977
23805,0.5200683167999962
12335,0.29308679316999253
320736,0.727106326415
73284,-0.6778445837999993
16504,-0.47615915297500155
245537,-0.30538032650000346
58249,-0.24253634767499932
16552,0.4048191706849984
21887,0.24152992534999385
227541,0.27021756698999866
56209,-0.3349807424300071
70080,-0.4378042974600058
22141,0.9790189865599945
224022,-0.46973005343000285
213788,0.5389859727549999
12469,-0.2438498555099997
382113,-1.0242085661799991
26445,-0.3232194385950029
105844,0.6141671922049952
74376,-0.33273597782999964
20311,-0.4560735862050018
19248,0.30299456964999827
66044,-0.258726909630008
14632,-0.6811042043050004
380705,0.5532680722849967
74145,0.2444930381499848
232174,0.6108593675049985
12672,-0.5077708177000044
14411,-0.9652759913700013
11576,-0.24203741619999875
214253,-0.8946056775250009
66375,0.27322474029999455
18150,-0.4925780917050009
21959,0.8959384331699987
217517,-0.5207976869349995
110616,0.40468437747999975
114229,0.6610038504299984
56070,-0.5583711677100016
66338,-0.5275164004549988
66309,-0.2757973233300053
18675,0.7739417821099988
66147,-0.22184566744500067
22193,-0.4165415114500046
21961,0.38918206798500066
106877,0.4370627408899974
18788,0.7890800280149994
66935,-0.6328698819100023
50912,-0.4111771259200001
16569,0.6068229055400005
233893,-0.21206208366000823
223780,0.6788227365949933
77629,-0.5827844511600007
239447,-0.6118269568250025
18171,-0.5173180148600025
23934,0.6280563577850002
14792,0.2230226826649968
94213,0.5655167011449942
70144,-0.4132445180649995
11867,0.26220442039999803
56399,-0.3227402021949999
68346,-0.47850491969000153
58200,-0.8342528050300002
27054,-0.2695904418900046
56471,0.6337831147899973
11486,-0.26420690585500495
277854,0.5494466681599945
13649,0.4909553312249981
230972,-1.0939218489450018
216343,0.3855174754249977
56515,0.34410613166999937
171166,-0.6649431204450016
54418,-0.5275244100500025
20733,-0.5692148394000043
243931,0.5983475889899976
210554,0.7416439414449978
14412,0.8482116736699972
16197,-0.27438509425000746
83675,-0.8439424994300024
223828,-0.3817804108600047
237979,-0.41839924987999844
216021,0.6274532760749976
16494,-0.6441840460600021
14687,0.6413159129650001
27029,-0.3035520199500059
238247,-0.3780841080150026
329559,-0.895913473770003
16429,0.627955903574998
15552,0.7907155775649994
66482,-0.28474923259500073
20437,-0.5417317406900004
56374,-0.24221191004999731
210711,-0.24596740945000484
18707,-0.31730701593500577
59095,-2.0008352496050072
13175,0.7624891918099959
83560,-0.5257786107300029
13383,0.5470634633599989
17096,0.2760537530299967
71862,0.3072139246199983
12306,0.3097296244999992
11652,-0.17357016320000263
329954,-0.7146340149250028
18857,-0.8994753451000022
20813,-0.243480739100006
243923,0.7639511677149979
14573,0.5030470224849997
57751,-0.22319592749500394
319263,-0.38421274841500086
208372,0.7300785711749969
329278,-0.43375641301500156
208638,-0.18444586655000705
85308,-0.25189332625500427
15550,-1.1498728656649995
15214,-0.6265744717500001
66066,0.23058530839999491
233489,0.25931009644999925
16334,0.4536743147849984
74492,0.5088237095999988
18423,0.7769563695049988
18129,0.3372172489599947
71683,-0.2170015298999992
214580,-0.3091572198950079
22271,0.5298849169349964
15571,-0.6379342073500003
214058,0.691784500749999
24070,-0.5021571020400035
13640,0.6071947962799982
328381,-0.5843847388800008
71461,0.6975518014400013
15205,-0.4560682251200028
100017,0.21812518123499736
18550,0.2146045643699921
18071,-0.6029683455149977
30947,-0.23268037654000828
18213,0.5018667454899957
13849,-0.35717142565000337
16443,-0.35113402209999656
18018,-0.3024914391500051
67645,-0.6162174079349994
242570,-0.407175843405005
12583,-0.6493623093150038
235323,-0.2701290520100059
18286,-0.5938950853600042
17776,0.3142385414149942
53951,0.21791182795998765
195646,0.7339278861300018
16373,-0.6903119239700009
16010,-0.46836963520000197
19056,-0.21967504302500274
269941,0.22292826450999392
52679,0.5973803172799999
81489,0.19943165660000162
240041,-0.3755558309399998
103768,0.41187912139500327
51792,0.3285027490299921
12235,-0.29397509263000376
13803,0.26015491761999776
16492,-0.44833936864000634
84653,-0.40884409333000526
94226,-0.4436677002500016
69983,0.8452080558199988
67615,-0.30825931770000814
245666,-0.6431049804400031
12994,0.7849905096350005
233549,0.697396643399999
18508,-0.7659485524950007
208846,0.4358079759449982
654818,-0.6601409347750007
54419,0.6078193608299993
18766,0.7258657910849959
225028,-0.48987117089000254
70771,0.4926957467500004
72795,-0.19227287010000182
18392,0.6843926493050008
118446,0.474317821574997
328370,-0.47006253189999736
66011,0.6908697720849983
17228,-0.6717148901200032
11515,0.4437721700049968
14612,0.5491373307699972
20501,0.42199855598999836
54725,-0.4371941562850017
216821,-0.24192659419499662
381979,-0.8120566799850026
18821,-0.6145780444600026
67445,0.860202703189997
72145,0.528174594379998
68911,0.2314604962999951
20672,-0.6385746122650011
18542,-1.4846927128900003
16493,0.6276844440249985
72750,0.25446698766999454
19255,-0.28280094523000443
244059,-0.3144351350150103
16407,-0.5597944084650015
269951,-0.22284593045000278
74486,0.4074343219950003
72692,0.3188446000650016
67900,0.49310164430499537
320997,0.6476385372349984
12231,-0.3669661642500017
19692,0.7166307021449985
14187,-0.3947313019500003
18991,0.371029720214997
15426,-0.6169875314400004
230119,-0.3362402516950027
57810,-0.6536506849500032
66371,0.515676610455003
72736,-0.4500211040200037
56183,-0.5403100388250013
21664,-0.6809613174150018
94249,0.25990016938999716
330998,0.685902315579999
70747,0.282105619484998
26557,-0.7173508440200029
74600,-0.27498079507500073
21789,-0.5454255195050015
18515,0.27142339363999746
320343,0.5943148416499993
69534,-0.5826588620550011
22421,0.5749626784049973
241197,-0.6811477030500068
14269,0.3190571606799928
54342,-0.41594820428500334
219158,-0.21388440211499926
21815,-0.2777401909049999
68606,-0.2702416588600052
69263,-0.6450489616850028
231279,-0.5433778521200008
218865,0.4188671900949963
630146,0.4752915305749994
66605,-0.574351552035
56208,-0.4051873620100057
23807,-0.22257157265000416
56461,-0.4349357321950009
67811,-0.2513280725799989
101023,-0.2719910694500065
223843,-0.538548789790001
231863,-0.4879146145000042
11927,0.22746274129999833
100503185,0.5217138689699983
12912,0.4168159386549961
71816,0.5321853794049964
102626,0.24866263345499284
214593,0.47753663340999886
22423,0.6191078178899976
107829,0.3340725973649956
78283,0.4570451101449984
60594,0.6926815850049977
52915,-0.30302731992000354
110595,0.5998082145249963
16728,0.6640162955999953
68240,-0.30119651312500473
664799,0.4854408005149997
216197,0.8380501539699967
218639,-0.2906824663900016
11910,0.5317881154500004
103967,0.5572067237699989
12283,0.20066307559999963
71532,-0.49526164200499956
319974,0.5018592608099999
233056,0.7893729805249956
20911,0.23105957694999724
23969,-0.24927885700000374
11732,-0.5279006359950102
231912,-0.6378269223850035
241514,-0.4864199886600016
77035,-0.4369023475900038
110326,0.5718463032549987
140919,0.7807815443099972
29865,-0.648643524050005
72572,0.6108663338299976
22214,-0.5664479391850108
72170,0.2978395278149977
30045,-0.3127570575500025
96935,-0.6195250276450031
24004,-0.5655242620400003
59058,0.5401029770500001
114255,-0.7779037191700011
234686,0.2555121662049942
231326,-0.5931001702350036
259279,-0.3103444232350032
12499,-0.30153245211500135
170765,0.45638006055499813
12840,0.8214815029449989
668929,-0.6639624907650012
19762,0.7193108702049993
21413,0.29648796517499676
238257,0.6429270615699991
59043,-0.7479624336600086
70235,-0.2891743401850029
74551,-0.2696033921800014
13612,-0.48077010282500243
18718,-0.3606567015150066
69577,-0.35417613446000296
257632,0.5351561169499996
68223,-0.8471094044350029
116870,-0.5322570073450041
69008,-0.26444819859500157
105000,-0.4183538089800045
100503361,0.7050650796899989
50874,0.33018437878999407
12496,-0.7690821070250018
268564,0.41726642796999425
12180,0.48806676100999713
16588,-0.2292085575799998
11820,-0.5486938377300046
69473,0.7027878348000001
110417,-0.6425105397750022
231147,-0.5072856306100046
78523,-0.2869294484299978
242425,-0.565775253145004
238205,-0.4602107494700012
68396,0.48708889153999735
11819,-0.5662802553000033
18293,-0.3092879694000015
142688,-0.24060326347499839
319259,0.6418373101150001
110012,0.5751772677999956
72477,-0.5056966857900038
214568,-0.8037703041150013
232236,-0.24889190749500756
76459,-0.5005868730800005
232087,0.2004827751999958
99375,-0.5391425051999992
13197,-0.4538498883700015
17450,0.5170262264249978
70086,0.5560496951849965
22601,0.24974013355499736
15251,-0.5406180434700003
20970,-0.6068073429500025
68033,0.19823569560999665
227327,0.6031657943299984
73658,-0.23313470835000594
211550,-0.38808969898500045
619301,0.45649557002500085
58178,-0.581886477050003
14621,0.43602924225999873
71997,-0.2536339212350036
407800,-0.6139165592000007
14842,-0.6243264133100017
19229,0.26427921674999766
69870,-0.23031552769000463
51902,0.4816065992149987
195333,-0.5963694721700024
66291,-0.274216712600003
72399,0.20852173707499766
66260,0.7391779648499979
20147,-0.603404513100001
74434,0.4920860519799959
12798,0.2018710817999967
67039,0.2501862732699962
66079,-0.2416354814199977
231452,-0.2359911946200004
108151,-0.5520686645850019
65969,-0.45815027129000185
13179,-1.012888918635002
207854,-1.1996140136450046
70325,-0.8101859873700032
18762,-0.7529275349350044
18082,-0.8600028284800025
67909,-0.5068191100650026
66885,0.4212157952749962
18740,-0.6030302598950015
109934,0.5019409111699993
21926,-0.24959292120000054
381373,0.6109486894799971
59044,0.25776182399999037
12545,-0.5042972515850002
68552,-0.23073717900001078
72181,0.6472458152299971
56398,-0.31294355495001014
19170,-0.2199397947000019
81904,0.8746024076700003
20276,0.48381410357499277
228998,-0.2592546128000013
378937,0.4372071584299997
67892,-0.2964605662050026
74343,0.20594499776499653
84004,-0.3407271560000087
474156,-0.25951413159500447
240660,-0.672853594834999
338363,0.440617990119998
11964,0.2502344994500021
110891,-0.472628152325008
63828,-0.6917899769850031
93842,-0.3746207194550024
14761,0.5971278692599968
20731,-0.5667657267800008
217882,-0.2727420167500014
16012,0.4196183966849949
328035,0.589200421854998
18797,0.5963043714449974
16765,0.4957163625499952
12934,-0.27780240969500447
26972,-0.71672576959
28240,0.6405307304799965
66932,0.4337519348149952
243764,-0.8856225549249999
110350,-0.5701655335600035
65106,-0.3503580331050049
12359,-0.31813318270000934
384071,-0.506758253490001
213989,-0.506758253490001
215512,-0.44357929245000527
58203,-0.24941759822500487
74255,-0.25790651385000807
52348,0.3393131415299955
16191,0.3489479850649988
211949,0.6273228929749983
195040,-0.5177326193700003
71538,-0.3794141988000046
225872,-0.6176282095500003
16500,-0.6418763979250031
234733,-0.42354282646000296
69981,-0.24578914942000907
207227,-0.39935307031500367
226922,-0.5217879558300025
243634,-0.4984317246599992
71785,-0.5537612085549988
56788,-0.47992698907000175
67946,-0.5536585199750004
16664,0.6643612863749997
20964,0.6712125180049977
15400,-0.5031031564500026
320500,-0.20521324220000636
14580,-0.5792112795300053
54122,-0.5481946708400018
71846,-0.48687808548499856
68626,0.27841977472000146
194974,-0.6096386133100027
230103,-0.3225316117000041
227800,-1.218471310730001
224661,-0.5599484781749999
66330,0.348405833544998
268783,-0.3030194718299981
28077,-0.2041444261550005
56459,-0.33843862214000797
211577,0.7202565699149979
22229,-0.3133060081000032
103978,0.585920386089998
228026,-0.6001845097999992
319776,-0.5797317483350009
73473,-0.41087009222500015
19271,0.3093633028149956
108121,-0.22639071450000792
228564,-0.4383319360350031
74154,0.6677454009149972
100756,-0.3160165797550043
13636,-0.6861493389500004
17960,0.48554534730999777
20334,-0.5138579725100021
80744,-0.7791521010750033
24057,-0.5744772287800028
29858,0.32707705803499465
212503,-0.5320018477100028
213234,0.6320032832799996
17523,-0.6696574131500026
227210,0.42443170924499896
17872,-0.4022234602000001
18188,0.36664346905999246
622473,0.4810677182999994
54712,0.5286351082399943
15162,0.266278675849998
68792,-0.4937228606150086
243362,-0.3554943245900013
213550,-0.30349211037500545
243874,-0.7470368664700029
75767,-0.4114692748499982
216549,0.19953836768999622
17190,-0.18971529375500396
17112,0.592007472589998
72068,-0.22057203270500914
227738,-0.2514200218500058
94178,-0.26030377574500285
50767,-0.26030377574500285
16155,-0.2701340901800009
15526,-0.24329369294500758
50782,-0.2534806735849955
16564,-0.5960544715300018
74030,-0.6465996857250005
110902,-0.33433358489500264
59025,-0.32618120335000356
19183,-0.5623407928450019
328092,0.6043889864100009
67238,-0.17177802670001086
12054,-0.47557982970499957
27368,-0.47557982970499957
107146,-1.0393897331050006
54351,-0.231651639325003
67356,-0.6601768022400005
104923,0.27469845247999736
15519,0.19626033774998675
320484,0.2853857231700001
238333,0.5106068033899978
217331,-0.2179514561499971
20500,0.5477722479550007
78890,0.5934712902749997
15108,0.1900717128499938
93837,-0.767960277345002
17874,0.2361404492699961
225341,-0.5041671707700068
56443,0.24361183552998966
228911,-0.7369778529000035
12652,0.3952097027099981
65972,0.26188868640000074
18128,-0.7084035415400063
12395,-0.5567071829300021
65255,0.41201420313000003
107975,-0.3301691851900035
229389,-0.6642752483250001
629059,0.5833318188799956
67181,0.25908968601999405
244867,-0.664452540680001
170768,0.2156476775699918
12785,-0.2156936826000031
240913,-0.5058448828150026
69156,0.21767863156499878
225358,0.29058209963999904
15446,-0.6854141574500012
216363,-0.25221289526500534
234371,-0.27017771339500385
17086,-1.524463049765008
68332,-0.2547946543450035
20617,-0.23243863800000852
66177,0.1685603624999903
67983,0.49418216355999744
12366,-0.17689906164999947
76265,-0.21632147795500245
24046,-0.4989833639550012
67149,0.6215341605899969
22390,0.6526640785499973
64290,-0.40239838386000004
26431,-0.25512187414999765
71743,-0.22143586770000212
72899,0.7410312526399983
208727,0.4156631467649934
68981,-0.26181820813000023
217344,0.42122867976000133
74488,-0.3475162805900043
13496,0.2676683425149964
18036,0.23676958191999908
67973,-0.3527984159500024
15228,-0.6293445696600006
97212,0.6790807105550005
271849,-0.6748974857000043
72747,0.4942360625600024
56224,0.23957332462999759
19230,0.2649764985249963
16709,-0.3660651936450021
78753,-0.5261305610800036
194126,0.46469349641499935
20670,0.47474140391999864
72805,-0.5441757004200016
15207,0.31049170455000086
234463,-0.2944309281100015
77771,0.6743993783450026
98221,-0.2044495063000049
433470,0.7731790676499992
237711,-0.5173497490350019
68603,-0.23800271370000026
18429,0.7544888572099975
66131,-0.3532682971900023
330188,-0.5724416618650028
242418,-0.6003592605450025
50917,-0.3079839988999993
13404,0.5871191002749967
19698,-0.2677667851750041
53317,-0.2596285343500071
140483,0.5163873589549999
217843,-0.34228371279000225
67384,0.4669493575199981
68961,-0.18025877755000685
67065,-0.5045018968400008
108012,0.34625906300499665
78323,-0.3911352677150024
19733,0.42154077136999923
74268,-0.19583055045500863
80281,0.5148147516950008
69354,-0.5403567627600014
66994,0.26648046389999713
66052,-0.25155088400999936
320825,0.49357569686499847
77446,-0.3972918825950029
231866,0.8187674548549988
20410,0.3217743250549976
68616,-0.6079298765750032
16169,-0.3689481028650139
12311,0.4315990649999981
114774,-0.7878428890800029
239510,0.2677557239649957
56277,-0.7290160080500026
27274,0.4343804239549973
20969,-0.5500781286
109032,-0.34747519520001013
227682,-0.2073556943000039
229323,0.24485653650499728
67495,0.24183120564000227
239932,0.42460071646999875
56690,-0.24430477573500298
71660,-0.591507835515003
217682,-0.48889469686000275
66092,-0.24346738760000974
218341,-0.4556405433850017
77626,-0.2792385805250026
231842,0.24961388372000037
14462,-0.30922044159500395
102644,-0.8455010976100015
13855,-0.47537379370500155
13202,-0.2291207420300001
74450,-0.226375422890003
228355,-0.25823992860000367
24001,0.5429844134949935
208643,0.3587981771849975
26417,0.19057406889999484
67731,-0.32046050044000385
235435,-0.438430841465002
269132,-0.6533856631300035
75002,0.4026736436399996
666794,0.5737113970499981
277343,1.3852176762050021
215303,-0.36522431637500485
20750,-1.3501737530450018
66998,0.19738700559999423
233271,0.43530489878499923
67899,-0.3482652161750064
14048,-0.3010777666500086
208439,-0.4850634670849989
14166,0.5504192549799987
108078,-0.40137862995500306
18263,-0.24462718860000088
75753,-0.5284905680450045
103284,-0.22997642180000177
215113,-0.3110395860400068
16974,-0.2943759774949992
67634,0.3832736813549995
231887,-0.32952945725000227
353283,0.5461249296049986
14654,-0.5328186102200041
14696,-0.4970544489550024
218476,0.48712275057499843
219114,0.42646194600999765
434423,-0.6936164339549995
229937,-0.3084098293550035
20347,-0.7574939069850029
72140,-0.24439611689500218
14378,-0.4999132387700014
14238,0.560195565104999
13014,0.18646109965999536
12921,0.38870867675498744
57896,-0.2939201645500109
237831,-0.5626045888750024
239743,-0.26708575778500254
20192,-0.4691609402100001
76108,0.22699207760500073
381356,-0.20866612182500255
67425,0.48923532389
66528,0.5721221670399972
101861,-0.37265843428000345
623230,0.6617494787799969
66197,0.3777534181899993
56384,-0.2569603760800021
212862,0.6946100658699974
13875,-0.26743119219499967
11859,-0.435341216034999
216964,-0.21539885273000436
28135,-0.2002199741100057
71904,-0.2727761158050015
269774,-0.3018360120750021
67726,-0.16861734675000406
18020,-0.30402329356500246
56708,-0.6566442582650032
100048658,-0.5247874747849988
11496,-0.4051894968350016
21844,-0.39777095298000553
76890,-0.3366115877000073
54366,0.5195054847549985
16467,0.5366416834999965
386611,-0.5294797646050022
71687,0.41011769594999903
240168,-0.2709451962000031
68273,-0.30715030677500543
72972,-0.28243037886500133
244209,0.5452687568049992
11973,-0.2010400213900052
22590,-0.1828793765500052
75578,0.5775147731549986
236930,0.23314690745999878
56488,-0.21366016015000255
632126,0.6525908452649989
66515,-0.21549222789998979
27398,-0.21549222789998979
622408,-0.2652012684000091
66938,0.3647042786599961
112406,-0.18085005380001284
140557,-0.7658961676600011
77220,-0.460906698890001
67019,-0.4664590286750059
50498,0.2960389614799972
230979,0.5988702486699999
20497,0.3129976821250007
239766,0.5647094369799985
56348,-0.5143647301300032
66799,-0.3643585672300018
13392,0.6198685179599988
67469,0.2605352959799978
22174,-0.5784778347400037
75689,0.42799517651499563
26442,-0.15242718135000466
11769,-0.20931399110000726
14456,-0.5899030242099998
12075,0.5685008307499988
12455,0.6095523583499949
109820,0.6649782046050001
234593,-0.42798792714499934
245670,-0.571501870355001
101240,-0.29695474030500346
20306,0.4390669362899988
212190,-0.5402533890300045
12780,0.30504448656499683
214444,-0.3395820675500021
12483,-0.22770074289000597
72017,0.5873193765299956
11302,0.40679835460499536
382639,0.4843720820999984
20656,-0.20603371130000525
94111,0.7148024287199997
13709,-0.27484794660000667
69339,-0.5296147404500018
216853,-0.17135478449000452
13512,0.463777568919999
59092,0.335209942169997
17306,0.4501892634399991
81601,-0.16829071654999872
105722,-0.42923719704500574
16433,0.5914606336899988
67694,0.31330055634499665
320502,-0.38630868703500276
320938,-0.2642512197500082
76747,-0.19555894440000365
26992,-0.20947212814999894
64659,-0.23300635667500558
18575,-0.5651818189850029
104721,-0.21775471753500675
14459,0.5223234026499952
381853,0.4230855483099978
107868,-0.5256091558600007
18087,-0.268872552870004
72515,-0.2526466887500032
75219,-0.4900779192050022
230612,-0.5067774085999996
66048,-0.24064917212500703
109674,0.5248921563249951
320679,0.5174589996049992
94062,-0.2504633823800031
20927,-0.5847736032200057
75234,0.22624623199998872
101543,-0.657801859990002
14121,0.4288382141249967
23950,-0.40627293405000486
53978,0.6872701775499985
67448,-0.6240099830950001
21935,-0.4834909284700015
100019,-0.40777327611000214
74176,0.6367799952299982
244579,0.36613980581000094
66962,0.46533386502499585
243963,0.3857097217299996
629754,-0.6212260422100009
76895,0.22265383702999486
71918,-0.19276985339000063
69638,-0.4110214172500033
74257,0.2027051961999966
23924,-0.20428700141000355
66745,0.42670533974999847
110115,0.49248027548999707
77809,0.38077826129999703
15166,-0.2173943442000006
74646,0.3689970638500011
66771,-0.2215756870050063
12160,-0.4777247316050013
110304,-0.44897810298999996
54427,0.434576157295
52713,-0.2103626077650027
11554,-0.5377170793550006
12348,0.7398852847499988
105732,-0.8984080524350011
74112,-0.20154654596999855
19155,0.2257153884949954
238130,0.7057032714999956
20319,0.5157748342150006
68420,0.22653406413499866
12978,-0.24129803980000197
27376,0.5761898828049983
227634,-0.2922272974950051
83485,-0.1714952031000081
17433,-0.5643939665150066
56043,0.4649562851549991
12460,-0.20804096430000207
21415,-0.858607652424999
12733,0.7860720569899993
112418,-0.4896913978750024
16000,0.22657108259999603
22775,-0.4138395446400036
217140,-0.22053204321000308
67468,0.2112520242500029
218271,-0.22241199460500383
66274,-0.4866372508449994
330921,0.6717799126399981
54683,0.25478698729999394
101497,-0.33969187595001493
18613,-0.2266300623400035
69542,0.28692007677999865
66643,-0.620669880315003
12464,-0.18819814974999893
68259,-0.3197217396350034
108017,0.5399356274500002
212933,0.5871112155700002
215707,0.20384938389999796
622117,-0.4140138318250015
66385,-0.2907741966000046
74782,-0.3972878348050024
319653,-0.32735162653000316
71750,0.19770491920999334
19089,-0.23053086350000385
215061,0.5461244158499987
211484,0.46673593528999824
109205,-0.7320675052350003
76294,-0.4103542292950011
231583,-0.5304150936600012
242864,0.3715933229949968
217119,-0.2532937390499992
14177,0.7184187191849958
67896,-0.9528946947150008
434377,-0.477012230635002
15182,-0.24005470613000224
14729,0.2531954834449959
106489,-0.29847253126500384
16768,0.460362270590001
67759,0.1800071486250019
14399,-0.49001446408500193
671535,-0.20676196080000686
27276,-0.6434857231399995
224624,-0.25347029964500223
79560,-0.2206119557200008
24063,-0.44230385420500085
72535,-0.3947839816949976
245622,1.1594859103499973
20538,-0.8021908083600016
209558,-0.4354195230500011
60527,-0.5747198071050033
58240,0.6781173465899997
271786,-0.4624280163999992
23797,0.21566016583999748
232023,-0.3521822782000026
21340,-0.489047193280002
71805,-0.3577459982250044
245610,0.4426864533899999
207259,-0.613504312549999
78473,-0.19269941359999976
320100,0.607514044504998
12282,0.5087486775749994
74392,-0.8098339093400044
15562,0.3718640655049974
238055,-0.6114779457700021
214968,-0.3862624707600073
76768,-0.5940039915200002
16370,0.4601799227699983
14584,-0.6874606379100001
232717,-0.2937654308100024
16514,0.865205899854999
269713,0.540645350504998
13835,-0.3194176031150029
12944,-0.5867092786949999
328788,0.7510170876549997
381077,-0.5609214615850018
14167,0.23183716531999954
54411,0.21772986304499398
110308,-0.6158196403500029
268807,-0.4562137654500029
66583,-0.5443830742800033
243979,0.38418938928499724
12534,-0.5874469325600025
16511,0.34634397991999766
21826,-0.37358152956000046
20384,-0.22973918033001262
52639,-0.5279442543750026
15191,-0.15132100703999818
56422,-0.28178208627500645
214952,-0.24177118618500515
140917,-0.6145233952250004
17329,-0.42255939836000245
330222,0.42977315932999804
110075,0.6722403483949972
234353,-0.4429976444650032
67290,-0.38299867104500596
58220,0.6853903755199977
108015,-0.5556785651900018
17261,0.17791526464999663
65102,0.20733044524499533
14814,-0.5023771923400027
268527,0.41804686004999425
116872,-0.5251829602800022
20130,-0.1909599550600003
12959,-0.4267226106700015
67153,-0.26034765794000236
208211,-0.3492801540350037
68183,-0.19130895313000806
68344,0.582127606334998
75608,-0.4321015074000094
17933,-0.44552305905000056
93835,0.5885723136349981
383075,-0.4270017203850007
16980,-0.9207148540950016
12796,0.389172855424996
71371,-0.2522844440100087
75560,-0.3097663818700003
67187,0.5005095042700018
20476,0.6723768063999973
232371,0.6122214868149971
13489,0.5716829339599969
12789,-0.37881165325500277
102857,-1.1300558145899986
12163,0.2854366688149961
211468,0.5053706404499976
70551,-0.3474626355250017
622675,0.5058361407199965
22772,-1.3642196736300019
56325,-0.20476572240000124
223726,0.537730214779998
71492,-0.5913389915350002
14923,-0.21300761739500018
64540,-0.41455958607500065
19055,0.25952551332499674
12495,0.4532972668399964
68972,-0.25181832170500407
235315,-0.44516081212000547
66694,-0.21710038895001205
12400,-0.2638127936500023
114893,-0.37385067035000574
67460,-0.2298245851400047
21426,-0.5191098294400014
224419,0.3767962738649988
14156,-0.26884889297500614
20021,-0.3360094438500081
11727,0.3934328005699941
30806,0.22064955329999947
71145,0.4216808993199983
14924,0.4550590222000004
14813,-0.5033153269600024
98376,-0.7510602901350065
19260,-0.22572585527999856
28010,0.20713649675499646
230904,-0.2762398056200013
80985,-0.20721337175000443
69707,-0.4126036534950037
66665,-0.4090275077650025
18094,0.6079650541749997
245572,-1.0456925340050027
18526,-0.8933283309200029
75736,-0.24257116226999909
12856,0.5570334325499995
14085,0.3642885894199983
66471,-0.5165691466450113
106042,-0.4314109835150033
71966,0.21692733435999578
50934,0.3173893542699995
70059,-0.26038712969000066
12502,-0.22691979515000682
67154,-0.17060214710000032
74206,0.37151753794499953
18438,0.2585842747749929
13195,-0.45425466066000375
224997,-0.6259630014750006
239652,0.3562299940849978
18708,0.3358401468749985
104418,-0.20062929690001496
69185,-0.46541246212999976
15233,-0.933955141750002
75062,-0.23909332290000584
17240,-0.6708225377150008
50995,-0.2810608990000052
56278,-0.4582363513450014
11733,-0.7258269035150029
72341,-0.46343630927500445
68059,-0.17227035312000538
214575,0.3728349552649979
16772,0.4000467544799968
110805,-0.6808991834200016
76429,0.24599028518499821
245860,0.2780360134100013
20167,0.3649163574199994
20729,-0.2444686606300035
75841,-0.24339498386000535
70427,-0.5365829951300043
66957,0.6798303941849992
19179,-0.18503299995000333
56878,0.23312720099999495
23959,0.3475998356749992
76454,-0.35395463120000414
71213,-0.3630984781699995
545428,-0.3305367304000013
237211,-0.2731166084300005
100072,0.32853319733000097
228836,0.18005112044999017
57776,-0.903488594215001
66078,-0.19749707253000004
78783,-0.18716785217000798
100039781,-0.54789798959
22342,0.4110354581299993
16495,0.2718304516849983
18432,-0.20658826815000708
574428,-0.19237360252000268
17968,0.4120974715699961
18025,0.6848789772099999
17022,-0.8765777990000019
244672,-0.3752856371850033
15242,-0.2506045899000018
20680,-0.6228422600550032
56527,0.6152824913349964
54208,0.2128229949249949
14126,0.6867930082849978
14760,-0.3118165388350036
12660,-0.40454321449500075
71994,-0.23248081566000423
15111,-0.4287771910900009
226418,-0.5491120368500031
72522,0.2751145247599993
217379,-0.4165639451300036
105727,-0.29481154569999823
11876,0.45398303865000145
57138,0.3100049713749984
13864,0.22663362531999454
56274,-0.42992192093000803
67844,0.26047058428499703
117160,0.5548623840249993
13641,0.3055863221349986
53324,0.5802327670849983
22666,-0.229512238115003
66805,-0.5660424890399987
22269,-0.4707242339299995
20737,-0.2460798402500064
329977,-0.4107515604300027
53312,0.1960290383849994
12501,-0.17484605435000766
12363,0.17664161904999887
70186,-0.2144623783599986
15171,0.6702435171949981
71746,-0.7599217774900016
54709,-0.2215871824049973
54003,0.4022872604699992
171543,-0.31218250911999945
70422,-0.5780515245900024
66541,-0.27681398834000603
68969,0.18761246949999588
80286,-0.29857850272500563
51789,-0.25468010220000004
73647,-0.42352869387000114
67606,-0.43206551968500184
20971,-0.5822720421000014
22793,0.23472289839998872
14211,-0.24886179469500203
67839,0.5532189903299969
66254,-0.214099548330001
18484,-0.30343667707000055
328779,0.6982261673350001
20401,0.4848466341699904
228003,-0.3650313685800026
59126,-0.7518180908950036
269693,0.4900611641199988
18193,-0.2784888782500108
387349,-0.42577018172500214
17001,-0.6027930820850003
80517,0.1770874527199915
22629,0.2550094470499982
242083,-0.5078547447400039
56150,-0.39511538644000144
53404,0.5095500948099998
67991,0.25716208068000057
211914,0.5040812138250006
76308,-0.14430788925001004
170711,-0.4807550741800002
622935,0.5544141876899928
69587,-0.6347084750000027
83962,0.18874748459999502
30959,-0.6722142968350067
18117,-0.5053387899050019
13511,0.3619396593300004
237560,-0.6122009787300002
58229,0.49266221765499907
16371,0.46893110328999565
23886,-0.4438022431000017
66525,-0.4166796440950069
99045,-0.19129567296500838
14457,0.3181752463799974
18541,-0.27731506696500396
52276,-0.49647316889000237
68776,-0.2651892943400016
26422,-0.48767042123000026
65254,-0.35577650406000494
19701,0.4648521445549969
319901,0.4520116015699962
12487,-0.2109512554200066
666938,0.30055227017999897
13017,0.46724286203000087
171283,0.40122232712499883
74044,-0.590260333355002
20259,-0.655189360910001
21677,0.4995018300399918
107732,0.19122970626499658
16956,-0.48760734910000014
58799,-0.610158181240001
11495,-0.2954305580200036
67815,0.591409677095001
11600,0.25573863558499355
73182,0.2163044956299931
14106,0.5080366205500018
77532,0.4996167360299957
353258,-0.22263125197000022
12985,0.6806405611249984
233802,-0.22249792792000456
215085,0.43494188248999865
72307,-0.23416317174000323
71755,-0.6177950160500041
106878,0.19526221919999642
64337,-0.48676386897000157
269695,0.5111697468799976
66966,-0.23963922043999908
631797,0.40727469973999675
78833,-0.16787795235000758
269614,-0.28956691962000214
14602,0.4271341378749982
71907,0.41738518028999927
263406,-0.27704793335000666
17859,0.39760738086499714
26386,0.5294340754450007
78688,0.5294340754450007
54645,0.24713954954500394
78250,-0.6428033304700014
13628,-0.312764950565001
13717,0.4353390599149982
66096,0.17017284339999073
433323,-0.5745854907400005
27059,-0.8712073506350011
66720,-0.7027595325300044
18408,-0.44103288694500087
209586,-0.14976894930000562
77766,-0.515796166760004
109880,0.28097529970999435
66654,0.24465256106999744
12991,0.6176022131999979
19656,-0.2036562387500087
13142,-0.5611319797100025
268934,0.5710209078899959
74485,-0.3985992742200031
68539,-0.193534785380006
52014,-0.19845894538000053
216292,-0.23581030351000365
110074,-0.206937375370007
26425,-0.19638967860000278
70357,-0.1988119274400013
106628,-0.34330566167999965
22276,-0.2826798576950029
22200,0.6365534010749956
53791,0.4906528023749992
108645,-0.21121363130000148
381204,0.5975533465250007
67510,-0.5472344771150066
270201,0.2889253776399965
209086,-0.2270561006500067
68453,0.34529410087499723
20379,0.5181910854849967
269702,-0.5655723413250024
12028,-0.17790651581000105
78317,0.19474959029999894
22029,0.17259218698499623
208426,0.4383807389649981
23795,-0.5134580191950016
66705,0.38551024804999656
21379,-0.18248915363000862
23937,-0.6606900707300039
67628,-0.15176158990000665
14843,0.5476760326999996
20371,-0.41318783680500015
234138,-0.3071989329750018
80794,-0.3471689728050018
269959,0.38865436106999907
67666,0.26821969781999755
56249,-0.21429829434500292
56745,-0.4357138443400048
19211,0.16694806019998865
74097,-0.19056571725000637
17769,0.3654700765249963
170731,0.2664940807999958
15200,0.47719205411999965
51897,0.1854766127649956
217325,-0.27511197420499656
210925,-0.20062592360999965
13004,0.3696380824049976
387524,-0.34378162721000116
15559,-0.5072961031449998
240638,0.8888020553099985
22221,0.3866163014399975
71310,-0.4628046234200007
241308,-0.37578306212000534
664968,-0.4899767786649978
436240,0.5112970700099981
21847,0.3699304748750025
13631,0.49144917587499837
245688,-0.2099888816499984
234699,-0.2297838977000115
70209,-0.21595017088000645
57431,-0.207723525945001
15002,-0.24408089795000087
11735,0.5534780736849969
84113,-0.44069999776999946
19274,0.5347475870499991
235416,-0.35389265956000404
106200,-0.2377677876850015
56436,-0.19852880409000484
59083,0.4865946009599993
106821,-0.19861136414500535
15505,0.2405705737049999
234395,-0.3213517553699994
229499,-0.2641043878550091
76573,0.31084931931499415
140484,-0.2155347758200019
21346,0.19263130549999552
241576,-0.26543155030000243
66722,-0.5718561071050012
207818,-0.23029278612000326
216831,0.4222911120499986
70060,0.39183982751499835
52538,-0.19650782040000614
68854,-0.455142071875005
74682,-0.5625717142800006
269788,-0.16902790910001286
14373,0.532002691599998
387356,0.3807264268000008
68014,0.3812768089349996
21877,-0.2164461246300018
59288,0.28862708898999756
76866,0.6040660107549973
75599,-0.27789155263000254
17285,-0.3889678937100012
210356,-0.5292022421000002
170787,0.2269491164049935
17119,0.30153853699999367
76355,0.48641062946999725
242687,-0.23724459599999825
208748,0.6457782412399973
76380,0.4570963205399976
69543,0.48930051414499953
108767,-0.3101380896700068
218630,0.5073818509199999
72151,-0.1619995769800049
320865,0.40578956928
75770,0.563222825275
328949,0.44789051867499685
22217,-0.21010134569000272
71207,0.22108759214999196
22640,-0.22060809590999853
21985,0.1915481514999975
280287,0.42417784416499726
319651,-0.5389794145000009
73353,0.5129673264300019
71059,-0.23617087459999198
15139,-0.5527489631500009
73703,0.5155595222449989
56736,-0.27822356790000136
74159,-0.3672153099100033
21766,-0.16780572139999883
78558,0.4781211263599996
213236,0.2781221686049946
14715,0.46730431117499904
233781,0.2500216303499947
27055,-0.7543748681700011
52331,-0.5849710523550042
20344,-0.24693908118000607
50501,0.7092596527949988
20231,-0.48094516757500294
320492,0.4793004890749999
93761,0.4472418792749986
228796,0.48852190023999675
238076,-0.9484599926500046
20591,-0.2094266505500073
216161,0.4102427395449979
12355,-0.686601287930003
17160,0.3815093731749988
67911,-0.2897819174100036
52850,0.38730790976499785
320244,-0.36639078005000236
19663,-0.4921119981150053
74192,-0.3106704496000052
217039,0.13997235738999514
52575,-0.36875000634
107351,-0.7468049451750018
70405,0.4702145378749991
27058,-0.23501560298499946
16523,-0.5588836214400006
15364,0.4729941451149964
632971,-0.7618528140450049
66877,-0.4853901297800025
18933,-0.5936683877150029
381546,-0.42214784924500304
94279,-0.19062944384999803
12827,-0.8505601982000011
217262,0.46680259827000103
66308,0.23567584271000186
57274,0.600987895709995
19352,0.3428341297599964
56786,0.16986570190000272
70726,-0.4031750073850029
210094,0.3957082845899995
19763,-0.4795877399850026
50529,-0.18009945965001073
71693,-0.3556196267049998
14593,-0.3100992825999995
338403,0.6857054158399989
103765,-0.38300933888499955
74448,0.3890740861949986
215819,-0.522347105975002
12867,-0.20321570205000228
101437,-0.24776541422999632
15194,-0.22738959624500055
319594,-0.4012363090150002
208606,0.19088221027499408
67075,0.26841682054999616
245828,0.23402757114499373
12349,-0.42565136190000885
22044,0.6666153015199976
66972,-0.6425536442800022
93886,0.5995582893499982
81004,0.3538142313299968
16597,0.392692216774996
230899,0.25400696378999843
13728,0.5351407171249978
16963,-0.41879699391500047
245880,0.639049997565003
74012,0.3978424910649938
216227,0.41843247319999755
30940,-0.3152969042500118
320782,0.5980875897049991
17292,-0.4783913541900042
66310,-0.2606193678850044
71206,-0.9245917090200013
20183,0.28298231749999303
66934,-0.4460194611550028
26926,-0.18536187866500242
328365,-0.311347685214999
15466,0.5469556844249994
229715,-0.4354108747200005
16414,0.21424591054999986
71521,-0.40384143098
212392,-0.44037410227000073
54141,-0.43441859287000106
16978,-0.1989837796650047
230648,0.27454047685000127
192170,-0.2744210392050075
278180,0.3813718898449987
20890,0.3806737914450009
27078,-0.5808266029199993
68667,-0.368797552080002
14371,-0.6133550387850031
380912,0.4346519009249974
242805,0.4295116658599998
381199,0.35097220815499774
269116,-0.3855522477400042
380698,0.6544135644599978
80981,0.47817365162500103
14751,0.2836673787999917
13865,-0.545785199880001
225896,0.17667711134998498
72065,-0.40582852558500093
110006,0.20327551367999597
21953,0.2727091105699966
13163,-0.1896835420000027
57267,-0.2508051236250033
76457,-0.16918279018500293
70396,-0.1371069148500048
243385,-0.401805211260001
65115,0.33398027955499554
240753,0.7300027171099992
67877,-0.2253294015500007
408068,-0.2971752641450003
18029,0.22113576202499807
14394,-0.39490044846500183
209478,-0.25999351846999996
18186,-0.5041994212900005
16891,-0.41306625315000334
268890,-1.062608799120003
14375,-0.20860003138000138
212986,-0.3570095150550028
67283,-0.18509265326000346
259277,-0.23811783025000288
71807,0.22905805939499935
12764,-0.4484584682500099
320135,0.6297410435049979
18573,0.3295426746199972
19364,-0.598064086045003
244448,0.46599354177999874
233280,-0.4999157080700005
14405,0.6292187307349995
68192,0.26805873692500004
13388,0.22702670602999708
13603,-0.4017251670399995
104001,-0.7674950371700024
53856,0.5543187996299963
17149,-0.20621994820001177
319965,-0.21492829069999608
18771,-0.5673791961299983
319622,-0.34037176714000683
16519,-0.5989750985700022
69568,-0.30010527029500533
66867,-0.29543373729000066
69511,0.3334181116549986
235439,-0.1361549499099972
20450,0.4338079679999991
192663,-0.25903946270000233
73047,0.44493734878999813
243272,-0.3614833135700053
13363,-0.37765125388499987
21974,-0.2589441005500088
319530,-0.34731157309000027
72330,0.4924216541449997
24052,-0.33012688302500326
68953,0.13752568692999922
26459,-0.5047855227000024
209584,-0.7160061963900031
52857,-0.218626523550002
18633,0.1504242196349974
71382,-0.42071890532500067
328232,-0.3055511390100025
212167,0.6002760885199994
66887,-0.23867798089000658
239038,-0.7332703289599993
69847,0.5800364723849958
68098,-0.22829583951500787
100900,-0.2638713846000087
234577,-0.26192285936500426
17136,0.42440423267999794
71836,-0.5090401467550008
240121,-0.5722838361050018
69727,0.5653152521549956
67017,-0.4718845287000004
19087,0.48993669857000155
212528,-0.17665794325000483
20979,-0.5451484897950025
66901,0.3947587553949976
66449,-0.1406162353000031
216820,-0.2615679301950067
14061,-0.5585948089800015
16451,0.18104747769999463
69573,-0.414892816664997
233073,-0.1456932436500029
17921,0.44474428831999546
246700,0.3803888168349978
17863,-0.4377764831550035
98417,0.17464027484998823
16337,-0.41092611265999857
69077,-0.16762662635000503
72309,-0.16840399720000043
56707,0.7439711762799979
20227,-0.20710623455000565
70834,-0.2784604656300047
30059,-0.1809529272900008
18772,-0.8955843854800016
331046,0.4588558936099991
19377,-0.409277987400003
20196,0.2112780522499964
28253,0.4261385099449999
67048,-0.33130877529500147
244219,-0.23548886032000205
105278,-0.32442979323499976
66813,-0.6144376122800024
79043,-0.16694484300000312
94186,0.2676158337149923
12557,0.542275282589999
69608,-0.28881260610000137
108660,-0.13570950044999996
77591,-0.3794673372149999
171388,0.423527508519999
244199,0.3325123961499923
68991,0.19456196364999734
104156,0.20171686399999267
68487,0.1604528556499929
70248,-0.19739080490499994
116904,0.5178347636199998
26889,-0.3353842293250029
18987,-0.26963969564999957
65099,0.22526777619999017
19245,0.20143294029999304
380753,-0.3740712663100023
58186,-0.378740825965
16975,0.43202128618999946
66071,0.22053006850499557
11670,-0.2501676628000027
19668,0.4573797073199999
20339,-0.8778818049250003
108912,0.43864692269499894
217449,-0.25329485773000116
12952,-0.3751769685000017
108043,-0.3587629871200009
14865,0.44349303043999644
19345,-0.2065772894500082
208943,-0.604411802575
17133,0.40491896561499896
64654,-0.2782493751000139
269604,0.42157329689999834
53603,-0.5552949080399996
213208,-0.611787649695005
68948,-0.3208811191750005
21987,0.3092497453799985
241769,-0.4159597972250024
226781,-0.4187832229099997
17179,-0.18535858018000972
14232,0.16355216144998863
328833,0.20945766660999432
69106,-0.2804876184099978
319555,0.4175766172999973
66256,-0.20232931893000483
53424,-0.15278183625000352
216440,-0.20540732040000442
226757,-0.3405034591500069
77862,-0.17497279823000866
70237,-0.4511316762950002
15235,-0.3178735359199987
67471,-0.32322677831499824
21802,-0.25366667039000035
272465,0.5584661517799958
625249,0.18493825480000048
13642,0.5199544609300006
66454,0.3526433569700007
20472,0.6896994176349995
56046,-0.2300008961950013
66202,-0.37049476255500036
26415,0.3490077570749932
20425,0.5476976558949982
320256,0.33362957587999986
14569,0.14688383249999148
12361,0.3568839987149959
26458,0.2675477687050014
15353,-0.17272585635000226
69957,-0.23877459111000654
54561,-0.8238290461400002
224055,-0.36784129255500275
66614,-0.1923153455400044
22099,-0.16878579983500508
17775,-0.1791507822499998
14376,-0.18491216630000906
260301,0.36718102136499375
69675,-0.3675335106250026
107971,-0.7367128628250033
15481,0.18913246569999664
20522,0.4575964830449992
73254,-0.31865377937500217
66233,-0.2538434619400025
406221,0.45574258302999926
208715,-0.16298507529000084
68943,-0.22787372255000804
102124,-0.6519169388599986
79566,-0.15233728375000233
53902,-0.4869083245699981
214899,-0.3026745053700033
104263,-0.1971376459250056
69747,-0.21478962686500402
241636,0.5919522025799968
668166,0.3070084861799982
72431,0.39855078839499836
225875,-0.8957934950650035
52023,-0.35411922663000084
12443,-0.5127720279150001
52683,-0.1521362485500024
21652,-0.1785745201300024
12122,0.17150562972499017
226751,0.5402580471850023
70297,-0.3609028958250011
320095,-0.34059692457000246
74075,0.5074258882949985
14119,-0.38846282144000144
213522,0.4647122497299998
20389,-0.3352601231900003
93683,-0.5371288289649989
320376,-0.3092413827900007
57895,-0.27607937780999947
387285,0.6198837895799985
71228,-0.35515768171999973
12683,-0.5655410820200002
218629,-0.4233743258749998
231871,0.24793342690999598
116731,-0.4157548131700004
19264,-0.17782481540000994
226090,0.2690583698350002
94220,-0.40172179918000595
218793,-0.3662825387449997
320106,-0.9297402091150015
13244,-0.1606551471000035
14080,-0.4518647474650015
50849,-0.3313283811000005
244694,-0.4685642863899999
76252,-0.2911650359249993
26378,-0.3661267073700021
22412,0.4420879528799997
217733,0.7592886347999976
109168,-0.3148408778000009
214359,-0.35191521846500073
67196,0.403948393739999
68701,0.4980981311649977
20511,-0.42788056517000106
70864,0.3510053399699977
72125,0.554359536309998
751865,0.27925401102499237
12523,0.1768511703699982
320460,-0.6226095927150004
12703,0.2260214313949973
66451,0.41725091131499426
269523,-0.21262390365000172
56749,-0.1947947504100025
69257,-0.32821758735500506
76469,-0.6652903245400026
15932,-0.2783471376500053
18400,-0.40112979186500297
64085,-0.3804270141100017
11889,-0.5667787822349979
14534,-0.2105541691750048
22017,-0.37687473437500074
26877,0.7719794815249985
71458,0.19066738721999776
52551,-0.16074888406500243
68070,-0.49281525264000425
75820,-0.36273777824999875
20922,0.2169651807999955
17906,0.6450852623199976
16319,-0.23856381801000204
224742,-0.2006330403900094
382056,0.21739138837999938
69260,-0.3652206213750029
217232,-0.49114643709500605
225164,0.33835616714999617
64918,-0.5915269525549998
16420,0.48177187842999913
54391,-0.28549818280000316
26382,0.2568501288999929
78267,0.6061132518999983
22634,0.2628249346750007
71421,-0.4275903616400014
67834,0.257196736749993
75266,0.4348396793099969
213439,-0.44468141054500165
16832,-0.3087033242350046
54711,0.2988911111050001
69885,0.6791087960399973
76179,-0.29961041964000223
19361,-0.49555321538500063
18640,-0.39095423864
14610,-0.5112272194800029
234356,0.2922830656949973
117171,-0.18758475638000505
269529,-0.4555760548000034
214305,0.5894847227149977
13607,0.5224615115149982
224836,-0.6855258976400016
15896,-0.18572392050001874
104318,-0.22728328760000593
504186,-0.5196316764050013
56273,-0.4005109704950023
104382,-0.5068698779799994
223693,0.19198932590499673
237313,0.5164256004449999
66514,0.4393054881849974
231151,-0.5514232197550006
21872,-0.38707612208000075
13390,-0.46496443873000004
94253,-0.3049009604699986
233805,-0.46747297451500236
217366,-0.20365069081000264
50770,0.21923117980999507
20776,-0.25834014511000714
12393,0.49328160677000055
68750,0.2637276392399901
19143,0.380068415354998
27414,0.2558876033849975
229949,-0.8047893879500001
67381,0.35070761692999675
217869,-0.23519472350000292
12039,-0.15815077365500763
12525,-0.4141393722800011
671564,0.5218058334749998
208967,-0.5021417259700041
67771,0.1812982838999968
67603,0.190305627099999
77697,-0.40956816873000346
13528,-0.25242579959000366
240816,-0.46511114423000066
108832,0.477994207470001
381489,0.36281311111999903
12345,0.15511894584999375
170758,0.28759722652000086
12144,0.5911304407099971
54216,-0.4786910296149993
228777,0.3175525910600019
14083,0.38260517623999935
16949,0.4380440354249959
236511,-0.4568525443449998
16872,-0.45949386315000496
21406,-0.28223847090500076
11993,-0.23098386043000296
20505,0.7189424539799978
28146,0.1504615755000014
18596,-0.4720116450499998
75338,0.5298205754599983
19727,-0.2858389039299922
75564,0.46597018661499945
226413,0.48208212633999903
17388,0.5432578756299997
240055,-0.2709046025000088
226517,0.16186642397000028
54376,0.3219674078249972
60534,-0.3923151728500027
12490,-0.37187609456500326
22157,0.4020184926649977
14368,-0.3191195439950012
68724,0.18976040701999963
66536,-0.2517969443000059
80886,0.16927906014999827
20297,-0.35077893608000155
20562,-0.2653709600000056
72007,0.4535663795449967
109901,0.3205295072249985
66359,-0.14754862370000232
57256,-0.4764725106300016
631784,0.6860922539700001
320139,-0.5928667171000015
226278,-0.3863043204300016
24044,0.16323425470000252
239133,0.30690781677000034
319832,0.4433403649199992
20860,0.4014078847800029
70359,0.4056209826499906
78906,0.24857081634999467
18483,0.24857081634999467
380713,0.4680505835900002
22637,-0.1833836715500059
18004,-0.4790433219800012
12209,0.6075218726549982
11502,-0.30058107401500855
72180,-0.27095175096500324
21832,-0.4595563341650033
51869,-0.33744769720500045
230316,-0.3594633079350036
66446,-0.24656156239500326
30952,-0.6040803230800025
93834,0.184811314600001
22652,-0.4159690552900024
633979,0.4841709889599999
231803,-0.16985089025000377
17528,0.4246583772049979
69048,-0.25120043844000683
67994,-0.4047709887499984
101994,-0.4587407450550014
11607,0.4337524304249971
66141,0.21223862829999973
75826,0.18089960484499734
66213,-0.2611926060400034
231691,0.6974384492699981
21897,0.158843460694996
15160,-0.74387475213
100647,0.6376131323250003
76757,-0.4143213648949997
66296,-0.38518888268500273
16643,-0.2683323511500024
110880,0.5038651667899989
66053,-0.18756365345499937
56772,-0.19102928778500328
11987,-0.22879875717500475
231050,-0.47654678872500345
76131,-0.40868814135000253
68588,-0.3243045229300008
70533,-0.335538889355
69541,-0.4814840568500016
13206,-0.723325049875001
11518,-0.15867088689999953
19771,-0.40253379414500223
17319,-0.16451808260000256
73666,-0.46077833719500383
53418,0.49548157081499955
78943,0.33401685722499597
234700,0.4382347843849965
14233,-0.47129585076000424
11846,-0.3450344258000011
27965,-0.3883111352400057
54353,0.1876106546499976
446101,0.41824833899999936
171282,-0.4023722605749991
67073,-0.31870045379500134
244631,-0.6596528926400005
66627,-0.16701749563000412
218820,-0.49832692160000036
73649,-0.6776554124600018
230101,0.2702431551499913
80720,0.3541998152500012
76365,-0.46020379918500076
13645,-0.20108919704000128
14071,0.5207865945349965
68036,-0.18401443545000795
30841,-0.21443648699500883
19223,-0.342782328200002
320415,0.1868431371000039
20867,0.22737113040499501
383103,-0.41201743389000045
79196,-0.2319753993200102
433256,0.24397234844499316
69444,-0.40191186636000076
21949,-0.21547516373000253
241391,-0.6274757285300017
68342,-0.15522108300000426
666311,0.7561135916400001
12922,0.661151871299996
381810,0.49177326297499757
216873,-0.27932535420000093
246747,0.49955956087499764
69922,-0.2756506664750056
26465,-0.2075134472150033
111173,0.34529928502499896
227357,0.3091095557899983
232854,0.34742091496999894
75454,-0.16773911489500293
76920,0.4659964551599991
386612,-0.17126736011500476
75796,-0.5944135331250004
30046,-0.33166775750500044
73804,0.43468563875999733
260409,0.27082582150999635
69982,0.3724351942799995
67596,-0.17457926755500175
23832,0.5892119036749999
320435,-0.13423902307999924
67139,0.4027246647399991
619665,-0.5261382416750013
11431,-0.35931985690000623
110094,-0.2515847365250039
171486,-0.19979837301000103
625286,0.44098077832999927
17885,0.43721044410499665
67921,-0.3588429593300084
268721,-0.21419311305000122
238896,0.2850442805749971
66229,-0.30056547090500363
215632,0.29047588290999915
77891,-0.247897841000011
240595,0.4366371682399972
12340,-0.1456610025000007
67515,-0.30521465835500017
18032,-0.5022548392100017
320191,0.1988143614799931
19073,0.19330338740000386
70120,-0.32146109405000445
16419,0.16303879384999398
330355,-0.32742858539000164
20916,-0.20341138653000002
65971,0.4141447730749981
108079,0.3982545865049998
66329,-0.26482050447500605
18088,0.39866913321500164
76872,-0.5439912536900011
68592,-0.2527269558500045
98366,-0.26457741749999997
71838,-0.16225435699000457
382018,0.5138383119249976
229776,-0.4090107026049976
320150,-0.5308892652949977
231093,0.416489457614996
71130,0.3558277925299942
69535,-0.3947103460650041
19141,-0.21669028432000204
12048,-0.2262361646000084
13340,-0.29081063036500066
17470,-0.7265243485200026
19165,0.155292229449989
107999,0.14720925384998296
68837,-0.17249434892999904
13497,-0.4003471750050007
68628,0.37998076022500094
79044,-0.157572371050005
12829,-0.4691422637649989
329934,-0.43259018355000256
13001,-0.15921532074999867
24075,0.17004289424999364
78925,0.35756787875499807
78390,-0.5418143307200025
16491,0.3074619917700012
66898,0.5525286672849967
75785,-0.29378540351500426
234309,-0.4126698245250022
101095,-0.3732929565500065
72895,-0.18892413728000612
217057,-0.28855173030999737
219140,-0.41459807069500165
67161,-0.4631714121049999
50759,0.27319305000999705
21976,-0.29597716979000666
14128,-0.28517848872000506
13371,0.2876174211450002
18549,-0.7045700371949994
56421,-0.34767178097500384
68842,-0.29786714686500293
11609,-0.5415152682000008
109245,-0.3442049325900003
18148,-0.1930019065500055
20817,-0.16690870750000109
70584,-0.20648574395000097
12166,0.5258625796050014
58182,0.32703370833500145
192159,-0.27159739905000535
224440,-0.19402775645500192
19206,0.4039113960999954
230700,-0.2470264762000074
233406,-0.40431307236500125
71519,-0.25228911175000057
378435,0.1462052022499929
12394,0.23888873520499843
71745,0.4686348448349946
20216,-0.41266760771000266
77254,-0.1724597382000077
266781,-0.14934615265000062
21778,-0.4992184168050038
70785,0.2251393895999918
67727,-0.2575348728550013
108934,0.1848248069800018
93696,-0.24522421841999886
17069,0.2588535375499994
66065,0.2700937414199984
16174,0.3488916628699972
13347,-0.3379330804750005
67299,-0.4332639443849997
99480,0.16978248550000252
69387,-0.45862416289000096
71733,0.4325102922549986
268930,-0.19221962464000342
67378,-0.5854377586250044
70979,-0.42567261447000204
76615,-0.42334793204000043
93690,0.36358235972999964
230777,0.5416282262299994
80976,-0.3034046600749978
20534,-0.1652180468549993
214424,-0.2841182255300021
230735,-0.5210855481500021
12793,0.16831725874999748
68895,0.5798704789199998
17686,-0.2282103537950011
26919,-0.3947609455800025
214150,0.6873869273849973
24084,0.6873869273849973
56451,0.1567004404699972
11739,-0.1656653612000003
212390,0.48878306242000136
22057,0.2456830315249965
72902,-0.6968921972950013
233908,-0.34310222852000827
329178,0.31700270881500003
26372,0.31654858403499997
245944,0.1917942819699956
66111,-0.17100641225001212
22031,-0.20556015775000525
17164,0.13451012800499917
219038,-0.38872689402000216
211151,-0.16293944839999952
110606,-0.16293944839999952
209011,0.21053800979998982
16992,-0.2281623890100004
213980,-0.6199054521900029
11472,-0.44168349533000084
70893,-0.4175960741000009
381339,-0.30974455912500076
11516,0.44238031602499817
69469,-0.5102042986100002
330790,0.39770556848499927
108097,0.20559544724499368
15183,-0.41555394882000307
94044,-0.18015148525500635
19082,-0.1736825697700084
73360,-0.732248610540001
229731,0.3404440295349973
98365,-0.3323361621300007
170718,-0.19400231107500332
69399,0.4191101662900021
11639,0.916233783979997
216797,0.3900785886749989
12503,-0.5644942758050027
243961,-0.3332236117250025
13611,-0.28054160744000534
68047,-0.14839083705000533
12705,-0.4904816272800012
319757,-0.2883585463450027
69674,-0.21470480245000445
67917,-0.42906159826000057
102607,-0.5157488667700036
106369,-0.4245566804950034
13176,0.3609612029699987
12805,-0.3662669827350058
96957,-0.373852702455002
170935,-0.5342469133050005
66859,0.3703322133099949
57315,-0.1952559816699999
227334,-0.3031521715150012
406218,0.26624086667499913
16563,0.2502039838799952
75705,0.1540780993999995
14069,0.6100110366599982
21787,-0.23082983587500472
19023,0.4104828955449995
106347,-0.5303166041550034
13716,0.15290744452999938
56096,0.5366387915400002
213233,-0.3788955900900035
52357,-0.5713443787750023
269608,0.48700339259999836
235442,0.1311578605999948
16416,0.2449417037999968
117229,0.3210946488849986
19197,0.32301290523500015
191578,-0.33597552008500386
70572,-0.35146808223500337
209588,0.4729214003349993
232201,0.20370967199999512
232784,-0.20561406549000516
21818,-0.24805703505000132
12023,0.7068805972100014
55990,-0.562050674995
238555,-0.43842579018000194
14183,0.3372801202499929
50785,-0.34085133373000165
210198,0.3604688361649995
15529,-0.5973018644750021
353148,-0.348388329885001
18783,0.2869930799499958
213673,-0.18718740680000323
72194,0.31273068703499796
68092,0.4476178087299987
243864,0.45108019790999965
19210,-0.15817149595000046
214240,-0.37686471632000007
231003,-0.24497186961000494
231002,-0.24497186961000494
66354,-0.15147011071000271
14396,-0.8375062303300007
13819,-0.23224577770000643
13120,-0.6126910736200051
17449,-0.15517449959999752
194401,-0.435661254370002
208076,-0.34903700710500196
19270,-0.43946616878499967
13386,0.590688324849999
16950,-0.3169061544950038
28113,-0.19494503370000604
54446,-0.40672502639000196
76568,-0.1730841900050013
211007,-0.17038189054999897
57783,-0.16560629950001093
69976,-0.18438193364000188
216848,-0.21662741005000008
239037,-0.29298699099000025
269437,-0.8098553499599999
381122,-0.3330420864550021
66046,-0.16161318455000284
11468,-0.329255719869999
77704,-0.6561051736850008
67938,0.16496334999999007
245368,0.34759420005499786
107586,-0.2118159965100066
104130,-0.12208207000000648
11350,-0.2140799975950003
214111,0.41427443390999885
320910,-0.3103160305300001
116871,-0.27078953153000285
547176,0.7549178412199975
53861,-0.18639162841999912
382867,0.332615130449998
14555,0.5284654328750005
69612,-0.2930167905949981
13605,0.2600486259399952
14710,-0.17472789174999726
140482,-0.21524887255500325
320595,-0.23704959240000356
268417,-0.21154722668500625
328643,0.4232804100299994
57443,-0.26857619952500045
22791,0.24024718065499684
20972,-0.3576224862600039
19016,-0.28815827155000306
17075,0.5107623234349976
278279,-0.6582825377500026
233887,-0.20369888518000678
234728,-0.2885713587000023
104082,-0.4401323008000011
327951,-0.35647911330000603
170791,0.1434258245000013
69574,-0.7278731655050015
227197,-0.16494476325000562
51801,-0.2200135495100053
19132,-0.49219241272500325
64143,0.19857292417999695
66559,-0.3184236105100027
12812,-0.2752927087500039
328795,-0.19191447823000551
56508,-0.40726703375500195
18597,-0.3748114032900034
30960,0.14408728309999042
230752,-0.14741897796000814
17025,0.3589272361399942
26462,-0.3564906756500079
268345,-0.40800837101000065
21925,-0.6262805479799995
67109,-0.17063060189500234
54124,-0.3842656420950039
72108,-0.4448947787350024
70454,-0.41898014834000286
67530,-0.19959829215000724
242100,-0.656939158125005
26893,-0.14144436685000983
110886,-0.4338917788700014
107071,-0.2599223971300022
271564,0.2269921229249965
117586,0.28188031358999943
67590,-0.4338990333100021
19244,0.13551060744999788
16202,0.15105548069998775
11637,-0.17002181650000558
14359,-0.15195481870500416
12257,0.148755479299993
227620,-0.22536548035500203
66253,0.351723168999996
75416,-0.2682295016100005
18612,0.29248594152499585
75645,-0.5658010031100016
331487,-0.4388342646350001
56310,-0.17668611622000086
208518,-0.3991242351950022
68328,0.4439994852399982
56406,-0.2759956094700007
77286,0.7771690044849962
70928,0.381016730969999
99586,0.35901227388999857
67369,-0.5231032036200025
11972,-0.20586938695000434
269389,0.560568674689998
380702,-0.46103512742500063
69072,-0.16101297680000393
23938,-0.18442853535501413
17708,0.12381980085000066
17709,0.12381980085000066
236539,0.26642128156999334
74239,0.2303941470800055
70882,0.3417389356999969
13122,0.4822058743099986
14609,-0.24091820026000166
280662,-0.5619868388950042
228875,0.15570226264999754
101490,-0.3334152481150001
108664,-0.4097452459600053
243025,0.48324368729499945
13434,-0.3646497142950018
15118,0.36708224901499786
20614,-0.2728140465000024
67867,-0.14650067011500134
13661,0.3686284076699966
74244,0.20430280150499236
231801,-0.2742571384950079
241770,0.7553433783149996
19224,-0.2793707411950077
209837,-0.2350079717000053
66292,0.20602933344999919
73398,0.4818806343049995
234875,-0.1714965395500112
22088,-0.25076404328000024
50797,0.1762607440699977
21372,-0.248478287575006
210789,0.36618742148499805
105866,-0.36193657627500464
223918,0.21382013551499846
56031,-0.389257060880003
56693,-0.16884474623500445
67239,-0.23730363092000317
171234,0.5208167115099984
71721,0.5343907483149923
66865,-0.29427228682500406
11450,-0.821081422859999
53897,0.5471124594749996
217151,-0.19859188130000582
242409,-0.4547717298900027
27218,0.20537330261999642
14661,0.16439117710000062
12890,-0.4644077441100034
66366,-0.2110238631000012
67211,-0.19028836141000305
23996,-0.13998715964999775
228778,0.5056419286799989
67789,0.309148200440001
245469,0.4996665741849986
108961,0.42702217268999654
72184,-0.4390196213950004
12916,-0.27717991389000307
76123,-0.24567117948000128
319922,0.6619235492999982
68632,0.23859445238999832
399510,-0.359753331764999
320718,-0.39807689915000255
12837,-0.3435507479500002
270893,-0.5721208474200004
68041,0.1497846886249974
13035,0.43410995940999797
54375,-0.3091224273500046
20928,0.5172114722349956
52443,-0.12639737300000142
67955,0.16476509919999138
26408,-0.3438670626550131
19378,0.3982790589000009
14562,0.2946839022499965
97287,0.1858483983049961
54630,0.3121885422649999
208647,-0.394645380960001
53382,0.45411690146999817
56275,-0.24730588107000173
76967,-0.2964840242600051
207182,-0.5536954089100021
75706,-0.33863622190500386
75778,-0.1600095182300061
81906,-0.5199530952550009
79264,-0.3085237919000017
64602,0.3117760151649982
225998,-0.5050302898350005
15402,0.2618074049249981
18753,0.29586950559499314
14755,-0.23637800385000673
338375,-0.3385886216550045
14425,-0.358003277079999
68279,-0.27106582392000433
56473,-0.3732390579700007
72587,0.22897350513999015
17344,-0.45633659467500287
67023,-0.16440705085000396
235330,0.4316182844299967
67876,0.4592951526799993
246788,0.41139245919499956
23881,-0.27688396143000205
69908,-0.4399039308499981
237823,0.35595070490999703
269109,0.47870194641499797
20807,0.21349889564999813
269854,-0.1871200903000032
14148,-0.20318402335000307
19892,0.5725108139399975
13036,0.21036031419999723
217588,-0.45644594623000145
18948,-0.3825781273100013
15356,-0.13709734152000763
71101,0.49968334539000026
15425,-0.4450757652750008
11814,0.3373248304099974
105988,-0.4659441947750027
56697,0.23291155755999782
226744,0.19507969535499647
12964,0.4974273342900002
22701,-0.403072638904999
14266,-0.42949482834500197
228413,-0.35835700571500606
668158,-0.4509365268700005
15110,0.39180649042499915
22154,-0.17416356405000677
320840,0.31149972444499774
433375,0.1556998610999898
102614,-0.37836745887000234
17827,-0.16894425650000677
17428,-0.19520021684999556
50497,-0.16850286890000632
431706,-0.206585377020005
140742,-0.19064482625000423
229603,-0.33888416380500264
381884,0.38332045815500404
212285,-0.31969128458000107
110948,0.41377912793500027
237459,-0.29615365379500336
56404,-0.20050271624000882
18095,0.546067199004999
22225,-0.19822612185000033
57266,-0.49102756969500083
27407,-0.1289071928100025
66396,-0.23179940304500413
242466,-0.3493466869600024
58212,0.5107317775549989
16184,-0.4024193529099973
66653,0.34834907327000053
239017,0.5830799214499978
68133,-0.17337055479500485
66999,-0.14237749215000584
232035,0.37487212110999835
260299,-0.5602533810700017
216131,-0.36760362239499944
24099,0.38919446317499773
433099,0.4023832397799971
77087,-0.29002187043500527
76916,-0.3772767714950005
233033,-0.21534686768000633
30839,-0.16257944225000642
66857,0.2540158977999969
238271,-0.6848657464450021
78619,0.42813918069999923
235041,-0.35837710191000127
68196,0.14964394194999997
55942,0.18733798643999755
54373,0.4148898133699981
230125,-0.32750617659999826
20249,0.18259886239999545
56298,-0.3307278128950015
98752,-0.24754363580000316
320365,0.2382217003499969
67444,-0.15881514065000424
71756,0.3247961504449961
381352,0.36139793430499534
108841,-0.34403465405000144
66087,-0.18468921878500666
67121,-0.3821686641750026
239530,-0.5258447553350019
72392,-0.2749055741700026
14618,-0.30820968163000373
56335,0.17068734016999443
54156,0.3174742198349967
271424,-0.36938439981500215
107094,-0.5278290701400001
71345,0.4255281386049994
333182,0.2633667850499908
217365,-0.17918270176499895
20544,-0.203063505925007
96979,-0.2693033334300008
58181,-0.3383987720400041
27060,0.15642108929999488
74002,-0.3644404636850034
74360,-0.38013494678500503
14308,0.289781490369998
54390,-0.17373959533000338
101869,-0.17772983840500345
14191,0.291228401754994
215015,-0.29723914603000257
320091,0.47863631620499847
78070,-0.431618902550003
69719,0.4123356181699984
64095,-0.41429639107500105
19226,0.5874762634550006
243897,0.28582751430499975
71682,-0.2470991701950025
16412,0.28332407418499983
66923,-0.22290289360000237
269344,-0.28500845453000245
72621,0.4117950488550015
433940,-0.37638459816500625
241274,0.17104567411499616
230761,-0.3670860190750034
75860,0.5697225961249992
19353,0.11977580734999549
320271,-0.4070078913449988
226823,-0.2018576422450007
17896,-0.1757336830850047
212123,0.2619454543199984
12479,-0.18688847438000167
72745,-0.3801077253200047
84095,-0.30742803519500583
338320,-0.19670918947500127
18167,0.40903483168499966
225289,-0.5035955268400008
56629,0.42525968768999745
239985,-0.2198358148199997
11593,-0.2436061940600016
72033,-0.6230417153600007
56045,0.20596095415000093
13639,0.37065918428999556
20350,0.3645869959199999
18782,-0.3187921913450005
319535,-0.3089761662199981
67963,-0.14537665975000458
28000,-0.2996281404800012
20499,-0.2722498568649989
71985,-0.15726967420000193
14221,-0.5767128417300036
56534,-0.3796687076100014
387346,0.42777166041499814
210673,0.43820120086999914
101471,-0.4419041566200086
233649,-0.3753252287949995
75516,-0.2801125650300058
50790,0.21184925955999923
110323,-0.14084996350000267
18554,0.21440142370499515
319262,-0.22523883670000444
72828,0.1822507062999943
103172,-0.13067930430000807
11602,0.38761896085499936
15558,0.40918832865999866
28105,0.3254673139449986
106512,0.1805046639999972
66245,-0.16915347025500083
65103,-0.20356718715000532
66890,-0.16286786060001113
66521,-0.23516366161500102
224020,-0.2290805003500047
12626,-0.2814970381450035
78920,0.15973349304499784
52250,-0.3466769285800009
16770,0.271926875839994
72774,-0.1740663031250005
382083,0.3523497465349976
14468,0.3697578980450009
54644,-0.21300408000000814
18752,0.30594502214999597
67878,-0.20312837283000285
17349,-0.5605764988800033
85030,-0.1812905068450057
68682,-0.16558271955000414
66155,-0.12870774645000438
20256,-0.5320817580300017
12399,-0.31533861638999916
15379,-0.3558485250600034
233824,-0.5407011555600043
71223,0.32560422696999947
381668,-0.20046449585000659
54484,-0.1352092095000046
58875,-0.13069967491000867
27260,-0.34668698941000153
17888,0.3588211554049976
76892,-0.3895220922649987
381101,-0.3832926516750028
17773,-0.33742577972000154
108073,-0.4813517879800009
216965,-0.15899737430000194
29810,-0.3059186003400054
56205,-0.16399836362500508
67526,-0.21032951939999833
71982,0.19318386887000116
56444,-0.12447845880000585
21939,-0.32073786319500464
231832,-0.3156486050799998
18805,0.3862365535399972
108737,0.23402042156999325
15469,-0.1478692993000088
110173,0.2096554805899995
50868,-0.20699749572500714
67857,-0.13899461237000388
71607,0.14724898109999351
14311,0.3731049714849952
230590,-0.35178970280500055
22160,-0.4269628839250017
57905,-0.16920037040000224
442829,-0.22185726674500472
71810,-0.16770450439999962
80284,-0.17036975484999672
243659,0.3498499708449998
68938,0.15553181666500038
225443,-0.7004030242200021
215201,-0.1818607250100044
19354,0.24194139069999565
75612,0.20475805315999196
64817,-0.3555165816050003
57755,-0.8106097878200011
381629,-0.18663933646000608
67809,-0.4016171236300021
108655,-0.21902160395000436
26913,-0.1995009010650013
208836,-0.35832709564000265
69207,-0.2169144627000037
26432,-0.5841206964600021
72590,-0.2808131243250047
14991,-0.28385929817000566
229277,0.3724546984749968
66179,-0.21701210502000023
20667,-0.29617671048500194
74090,0.2831234801349991
53334,-0.1788699216800067
272551,0.48444698455999724
142682,0.4195129838299976
69724,-0.13590639255000347
74126,-0.22892696935000245
233826,-0.4460534499799991
66431,-0.23940171952000178
108907,-0.3390643629500012
241230,-0.2892473543400049
12504,-0.15966096525000495
14788,-0.15966096525000495
52626,0.1650569611999959
56314,0.21639169735499575
66432,0.2296092626399986
233789,0.14132519455499448
384061,0.4594237286099987
69706,0.36975467840999787
68652,-0.15748467594000637
230828,-0.4405345152700022
320404,-0.41104237451000536
208258,0.38521801810999623
239789,0.39088484178999794
381510,-0.27151816381000193
319239,-0.34663507848500297
20564,-0.5665354049750047
21367,0.3757393088099974
64082,0.29263182410499766
545085,-0.5465864592650025
18120,-0.20896706502500173
52040,-0.3810071051750059
66743,-0.15895745565001462
235527,-0.4621509276750011
270110,-0.1903071211950067
76829,0.43323903704499545
100732,-0.40807252013500506
19119,0.5082070392399984
15460,-0.3810312840600023
239102,-0.7905537999650001
77593,-0.2634608814249999
104010,-0.47621973747000457
56486,0.14136405649999162
71375,0.10741260380000028
21990,0.10741260380000028
12804,-0.44246533174500335
15510,-0.16491998280000608
64384,0.18135200442499766
19085,-0.34066751791000627
26559,0.40685090613499675
231252,-0.2464546836100041
384763,0.4231659583599976
74019,-0.40455136483499965
18099,0.14014960724499836
224860,-0.14163028489999974
17283,0.29849409235000124
791260,-0.5214198124399987
12453,-0.17920155900000978
103136,0.474455610869998
20788,-0.29231605952499695
12873,0.43279515868499807
11698,-0.33849546486500204
208440,-0.5238767357050014
23971,-0.36127670766500675
233890,0.6760651680549916
16011,0.321177674609999
75580,-0.16135864907500164
74148,-0.16788483170000212
224833,-0.34143970602000184
11830,0.35453444038999926
73738,-0.4197166741000018
21769,0.14039380084999564
627191,0.3518732098849986
218335,-0.19482853826500346
109270,-0.14717628752500111
12259,0.45139651214999654
11864,0.4899593140599987
218506,-0.371698158845005
74055,-0.48841660385000196
66356,-0.23340726087000263
55960,-0.2331472436350026
68145,-0.4862297219
64296,-0.20131381166000395
19946,-0.18892465413500759
70796,-0.3741192246650016
16509,-0.37012698628999896
69082,-0.18659384497500398
55932,0.19536835321999568
56812,-0.31789031625000597
56440,-0.19249923920000533
69083,0.3225005734099984
30931,-0.14640064115000584
73261,-0.2583108152400051
75050,-0.32518405908000236
50490,0.3361979437900011
69772,-0.5979321967450009
216643,0.3660968382399963
106298,-0.16082569599500296
76846,0.12297721849999377
18569,-0.23449276970000987
19011,-0.37332508728000313
11477,-0.4564580757600041
74121,-0.4676378080100019
666048,-0.257409706000002
55981,0.4334711783049996
13034,-0.29121731185000854
114566,0.37689621420999764
242523,-0.4608782905049993
233060,0.3869290054349994
74585,0.12336683399999693
14700,0.18462409791499468
71760,-0.6668016126299992
211329,-0.4611646422399982
74499,-0.43121325515000386
235504,-0.2277485504000012
235626,-0.2613740359600012
57740,0.40390116708499724
330319,0.2927492167749972
13731,-0.3821551265550047
16589,0.14316591789999933
97884,-0.2268599970600036
17882,-0.7606835346250009
22761,-0.23388043689999627
54524,0.26312049957999584
68533,0.3085277288149948
30945,0.1294414802299979
26400,-0.3495359760200012
53617,0.6187533975299999
11549,0.42009461547499827
78373,-0.3338666826100005
106344,0.14607122441999643
209497,0.1759703033299953
11878,-0.4428259184900001
70351,0.1904634231049922
18777,-0.3065691455900037
228775,-0.485438390085001
66910,0.35097317649000015
17454,-0.18397685691500598
71520,-0.17322587210001217
269053,0.3980208106549963
18606,-0.54289855808999965
14670,-0.14745960185000584
434204,-0.26338638662000413
77031,-0.1665894369500016
269800,0.3522382514500002
19736,-0.41797858734000215
70394,-0.1565176823150054
216805,-0.18301383405000315
13592,0.3272855408549984
67758,-0.29952238893000116
268903,0.17821216591999445
69317,-0.5115056667399998
242509,-0.38823147679000236
235135,0.5541461992549981
54635,-0.4200883663950017
22194,-0.25970848558000625
108672,-0.4932921165050015
76302,-0.20470777802000661
73750,-0.2931850014350035
233335,0.25315865739499666
320452,-0.29743229887500267
16665,-0.5756961593050014
58208,-0.5594102608400009
101985,0.32906990664999825
12398,0.2388799535149957
232227,0.20031477841999568
71710,-0.2278510715750084
227753,0.13201939089999826
194352,0.6603791438199993
18574,0.16742649105999696
12365,-0.45158409539999766
360213,-0.39478133381500236
76448,0.20649073961499909
17191,0.12965318799999714
76894,-0.3956525379850051
19146,0.3917200181049987
66204,-0.37669881069500555
448987,-0.3528722594000029
66945,-0.1834350377500069
215384,-0.3144905158900011
99035,-0.440702964605002
24074,0.43164470843000036
71888,-0.5442247991949998
20613,-0.4287360237800013
270091,-0.3971936671450029
11937,-0.4784469727450045
384783,0.17046342027999728
21673,-0.4445302463049998
268709,-0.39125641015000845
20132,0.5364366730599972
22678,0.38995084898999854
193796,-0.1709256839200055
75985,-0.3215803869300018
66894,0.19108176859999304
71837,0.3128913585599973
67544,-0.3695281544100055
270163,-0.4220033594800032
242406,0.29085190124499505
241226,0.4976082718549999
105835,-0.1893222226000013
74469,-0.18924381665500434
13070,0.3320949228149974
215890,-0.42662881357500204
230721,-0.3046703396500021
23871,-0.2046256208500008
12915,-0.3274963280249983
26876,0.32517086552499874
22185,-0.3526286467750017
16341,-0.2211864916099966
218035,0.22247073988499722
229588,-0.3112136507000036
171531,0.4722375926549991
17381,-0.5650884850400013
66167,0.14357522385999388
52690,0.16411638907499793
20910,-0.4728748861050027
216971,-0.4168219210650026
12411,0.32724822894999406
22773,-0.4015308603599994
94245,0.1567924822500011
13877,0.19704018074999752
71254,0.4002799443199976
22334,0.1953728861000048
74919,0.2070982902799976
26910,0.4026212499349979
17883,0.3801025359500003
22065,0.2813056549799984
69368,-0.2389949343999973
19385,-0.12529215009999817
237091,0.31162295421499797
104009,-0.1479062302000056
218952,-0.3800782769649991
170442,0.3837110951399989
232910,0.12409690694999753
353169,-0.17089170494500383
56457,-0.12958138179999956
319579,0.35966003454500006
170779,0.3701209788649962
17287,-0.4015822326000027
100494,-0.17061487678000375
11416,0.40034308044499767
70122,-0.305413947095003
72754,-0.5345733334300062
66183,-0.36396921564000095
56195,-0.4331932505599987
72948,0.24581026650499727
16205,-0.19313414959999697
15064,-0.3390056675950017
72480,-0.4567725022050011
12865,0.4393255827099969
320864,-0.4538916886250015
16551,0.39742141780499907
69149,-0.30113167727499857
19660,0.5130431941700011
108072,0.46475194694999633
68202,-0.16757795350000926
103963,0.1257568032999945
12570,0.5472681560700012
22594,-0.1764568464100016
383348,0.4110317480250014
13665,0.13872554607499943
12374,-0.3868736298400006
13644,0.3426680692749944
246728,0.25182192448500196
12684,0.4855364162049982
230126,-0.5266969509299999
270685,-0.2563418133500033
71355,0.2855036492399985
63955,-0.24711223113000447
217364,-0.23107671236000016
72661,-0.17746909699500169
68468,0.15777142949999146
68465,0.14400190739999807
16874,-0.2871885612000078
56876,-0.18247448752000395
68310,-0.1765242535849989
71766,-0.16194847990001016
78658,-0.24611374713500656
67952,-0.19083232605000333
110751,-0.1886767888950036
15395,-0.3505029912550013
223696,-0.13490857248499744
18506,-0.3482148747300018
27883,0.176486071954999
69159,0.20135704334999804
16841,-0.33778460747000105
66707,0.6180796699649989
68736,-0.31773306497000053
224640,-0.1296085821000137
14252,-0.24514028399999432
27279,-0.30622708146999944
22094,0.37935587752499966
106583,-0.44480006724000276
17220,-0.15653855545000717
11856,0.26162946950499943
14118,-0.38846039734000026
75317,0.36262026258499835
20388,-0.20555425407000127
56407,-0.17755274630000173
56744,0.13500403809999462
30939,-0.16593487960000886
75772,-0.45298539863500054
22041,0.17124696944998874
22035,-0.3176275903650039
77037,0.32863136724999675
213119,0.3173300796599996
16490,-0.3594524140000006
78895,-0.37067195250500085
207212,-0.3486695077950017
18706,-0.3760974602250018
14347,0.5531918249649932
11488,-0.30252894967000543
110816,-0.15986324076999914
67996,-0.18806758548499936
77015,-0.41303979736000196
19712,-0.23755049958500063
16452,0.11912161865000037
235344,0.30651910022499695
73739,0.3761962155499994
320111,0.33600098319499594
67236,0.3767119072099989
234515,-0.20210382582500053
18387,-0.548275578555002
21355,-0.18359628675001005
109332,-0.38704087725000136
70791,-0.23387935073499833
16524,-0.23713304713500127
66244,0.1524008610099976
17681,-0.5986649536750015
56199,-0.21324834856500452
22627,0.18582949039998908
71592,-0.36148595370999903
217356,0.20815773399999493
232976,0.49954537171999824
320587,-0.5329205687350007
80884,-0.13438836044000624
219072,-0.15294486194001244
319468,-0.31530619445999797
544971,0.21185766263999817
20688,0.35028685023499495
213696,0.3392936181149988
105428,-0.5974471723500026
225283,0.2695373544399988
70652,-0.37807400675000125
75597,0.2242420609099982
109754,-0.2879041861799987
20266,0.38900581852499805
20650,0.3263105802599995
12468,-0.1556058683000039
17131,-0.36925578362500033
102075,0.5998464750899988
76668,-0.36350737538500244
12064,-0.636653826499999
319742,0.505524021719995
66508,0.14735998940000172
235415,0.18126384074999713
17702,-0.3954248109199998
67592,-0.8831344386250048
73844,0.34570997801499903
71330,-0.18984011350500118
433619,0.38806809092000005
70129,-0.40522104698500083
72107,-0.427038140405001
21817,-0.3213879633450043
67937,-0.3161064289750062
214669,-0.3206653895400011
106572,0.5090743745649977
320226,0.4263690727349969
212398,-0.16480969820500135
57775,0.26846965299499814
16997,-0.29997459608999577
27261,0.15681405605000265
110796,-0.20712197300500357
12592,-0.4240242605800013
74455,-0.33861590187000523
66223,-0.3942825077700052
58194,-0.2030803281150071
16826,0.45008808709999837
223527,-0.16138750195500862
333789,-0.21514267866000303
12580,-0.2942133499499988
232807,0.13828260474498855
228491,-0.3159790601800019
319601,-0.24595706167000309
23893,-0.6155640719899997
54325,-0.1271008032500056
52440,-0.23401190260000249
12362,0.1647924444199962
230718,-0.2841022266850004
230751,0.49789295476499795
14237,-0.3820518025450017
17750,-0.36643897902000333
276829,-0.4824641122700011
56529,-0.14796680600000656
12891,-0.36692341199500245
67422,-0.1913942611100019
69459,0.2437721586549948
216150,-0.13020301870001028
14225,-0.1237818264000019
13205,-0.13877935379999684
207393,0.45574515442999886
77980,-0.19797140585001216
17189,-0.6804275963750017
234847,-0.13901040875000525
381175,0.24254766591999877
108723,-0.21082950354999852
68646,-0.2887544129000048
71514,0.13768394931999595
14464,-0.286653166965003
67071,-0.3085222789500004
110385,-0.2051579126000025
228550,0.37061396403000213
81897,-0.16913342290000877
67719,0.36029855945500255
64138,0.11862128214999679
382253,0.3960631282049998
243548,0.35032907478499764
54135,0.3956931733099962
212073,0.4400006166249977
230576,-0.22694703698500085
27062,-0.412495427080005
215641,0.5135826090899998
242773,0.45018594508999854
242702,-0.3495399166550013
64818,0.285702061454999
72772,-0.18616116224500256
69790,-0.18332835493500532
22061,-0.13581042520000253
12305,-0.31863325383000163
227331,-0.21067311375499997
106707,0.35924152246499474
69309,-0.5137250043250035
11604,-0.38728214708999964
209268,0.4740992935499966
217378,0.603580276769998
21754,-0.14362375365000268
268379,0.36813235613499806
66667,-0.4891500603850023
114128,-0.44149878528500164
22286,-0.2710220709000062
433864,-0.15872464144000276
232969,0.3016743904849992
57912,0.12330577274999932
18810,-0.20015672614999858
29875,0.21499034609998624
69480,-0.3236729205449995
69617,-0.1571398641200048
74440,0.17784627559999144
276846,-0.17610909460000634
66811,0.42326138069999875
20512,-0.44319867200500207
107503,-0.18791867724000078
239706,-0.41310948455500096
66074,-0.1581319494099933
50926,-0.13868407235000824
73103,-0.16814767203000347
68813,0.4088116884899966
116905,-0.258796929755003
246257,-0.258796929755003
109272,-0.4736395229700019
232536,-0.25925952757000204
75620,0.4613896439749947
64945,-0.310895718720003
27008,0.18230553039499675
22419,-0.24422290102500366
16924,0.4269704022699994
67010,-0.182503757280001
13522,-0.4773100560700012
245450,-0.46669670066500224
67646,-0.2727736682100015
22762,-0.3310729440950029
77772,0.3807710871899981
20443,0.38150640942999825
54197,-0.13209169311000402
55987,-0.4651030589350045
227545,0.21498287180999753
12321,-0.45656459116000203
67092,0.55470593169
331532,0.4449059518549978
12669,0.42518065736999766
74393,0.31791160400999807
22327,-0.30170122632500807
78834,-0.2691823586450006
67052,-0.28310399404000197
23808,-0.19415917540499983
242681,0.4053425828699986
15254,0.1610321288000005
210992,0.18742249616499507
14852,-0.13621928737000744
233410,-0.1438890847000014
24128,-0.2405443392650053
245049,-0.3295701075950017
238799,-0.1412218337550044
20623,0.26374522620000107
271036,-0.3460168864750015
12817,-0.2738622855649986
234023,-0.1504128937500031
16499,0.25129624389000016
100929,-0.3385944351550023
17763,-0.323424636980004
72729,0.15306148584999235
12848,-0.32398528088000766
67296,0.2530724568949996
66447,-0.41027883610500204
17698,0.17354917380000145
240633,-0.4934783169800032
72088,0.3854944417999979
74764,-0.12638992657499948
66480,0.19721458699999594
94063,-0.2248509047799967
18142,0.3536164652099969
11504,-0.2085999582650011
66511,-0.16272374750000473
13430,-0.16786307479999785
14787,-0.3779301853949999
11931,-0.1541175715350036
66248,-0.18943075037000412
27421,0.4129493855599997
627049,-0.44297189814000326
18700,-0.2342641075550036
104252,0.12564765936499356
52377,-0.23877593755500293
546611,-0.47341598963000164
72461,-0.10723766317000738
56375,-0.2588489706750008
14699,-0.3485613471100044
11519,-0.5480846519200018
66690,-0.3366978012400015
78004,-0.3497267060150011
71704,0.17441951779999698
100502861,-0.3237318929300015
19014,-0.12468037755000694
71932,-0.14874538510001045
66383,-0.171803906700001
12508,-0.1941803979750052
67043,-0.15524200708500224
210027,0.4763176352749996
67341,-0.4559419997500025
210172,0.5285875864749965
71797,-0.3702742466650015
209760,0.25788894938499984
22436,-0.3404874582200015
71673,-0.12920141389000506
56321,-0.15704246865000115
330450,0.4307322567099985
76507,-0.31935760855499984
68797,0.5734094503799971
108153,-0.3793301074150026
66445,-0.1345680061000074
83767,-0.28034884800000004
268567,0.1256876496500059
240444,0.2719503952499984
545622,0.3012888866799992
217265,0.3941457581200001
170441,-0.30467294720500027
81000,-0.25566048305000333
243083,0.2915390157849984
12933,0.4463029149049964
15467,0.2637996780100007
216558,0.18317558461500028
76917,-0.41867156958000207
66163,-0.12749763395000713
59031,0.1734467437899987
109151,0.40511773778500704
109006,-0.21710844668000107
19339,-0.18852764755500395
55982,0.3869179503999982
18173,0.193063022905001
60367,-0.429616879000001
18111,-0.3776557494750028
67031,-0.46957526975500397
52150,0.3582935475149931
624866,-0.2585261926950011
333424,0.34844567037499896
12544,-0.3982950879650007
22110,-0.18845362360000628
333605,0.5033758458299986
382562,-0.4180244094350041
67836,-0.3803472234200056
15223,0.38819841700999635
24059,-0.36420027232999885
100710,-0.3936352438799995
75099,-0.5312454237950055
63985,0.13062911644999708
13543,0.23671789522499953
19035,-0.14099499660000525
27979,-0.16860270713500114
17079,-0.3282006671700035
74354,-0.3020179902649991
70383,0.30912975515499763
14680,-0.30328673687500185
320712,-0.4332064155850013
28199,-0.11609898430000065
217473,0.37881868005999664
243274,-0.37278294832500203
20741,0.39903504659500033
209815,0.21205625463499977
15403,0.37946953644000203
73373,-0.43933477211000405
94093,-0.16363526782000637
29807,0.30669376559999595
69632,0.2905224192949962
66056,0.14367514721499397
66841,-0.2804279456500005
218581,0.41401346164999975
50927,-0.24236307150999714
15357,-0.36812143308000245
75593,-0.1470749486700047
74111,-0.19804733925500173
70799,-0.2059639046300008
208936,0.30808440895499745
20462,-0.32997106572000146
17920,-0.5562910042699993
13650,-0.29852239254000246
216274,0.29280914497000143
70612,-0.14685488025000737
209456,-0.4372118091900008
11655,0.1650012159949963
56711,0.3469044786399986
16650,-0.2905399101500077
107767,0.20560627928999864
226243,-0.3265162050650039
67433,0.2935323066149955
619605,-0.1456738338000072
73296,0.3518782541749985
227154,-0.21956856815000236
20742,-0.11815356310000347
20017,0.3350797491350006
65247,-0.3089500088000037
76273,-0.49921090555500136
73808,0.2934537987099972
234129,0.34269208578999866
93884,0.6461373605599992
16656,0.6205005658249991
54613,0.1699619342049985
69596,-0.25162848184000275
11545,-0.25771366723500044
384214,-0.6211986052050014
240641,-0.35704253713000345
74106,-0.3634059697450027
228576,-0.6208825396700011
104582,0.3881591756049976
17721,0.15199092559999272
668173,-0.33616305024500015
53374,-0.3123450123000069
99650,-0.11631027949999861
12988,-0.19449444251500303
18744,-0.17455110241000504
54563,-0.17432406950000434
93681,-0.29369705910000565
230514,0.17874891059999598
245424,-0.264767688580001
223669,-0.27175181826000117
245386,0.2846199218250005
14528,-0.3879875556600041
108811,-0.31054905692500023
100102,0.2712407004849977
68527,-0.41743403784000277
497652,-0.1637799212200033
217217,0.3353040746650011
11532,-0.3267770925600031
53325,-0.15539518275000574
244713,-0.3068168678600056
72720,-0.2392738501800027
17758,-0.2170935373850078
226419,0.42692145558499917
17961,-0.22159096654000265
27428,0.308047304055
50787,-0.31770925370000214
26409,-0.12034987530000407
21955,0.20902459321000144
83602,0.16335523744499802
71116,0.14269163647999683
319848,0.2956823120900003
71861,0.28614196847999995
11657,0.3810230584799994
231798,0.16501054427000028
242851,-0.1960705524650037
22027,0.12701454499999976
66682,-0.1475834283000026
12896,-0.13084927313000172
67067,-0.10661569610000754
20563,-0.48785195636500056
330695,0.2115931618799971
69876,-0.14936843546500445
14479,-0.19968715990000163
242700,0.33413333136499457
228765,-0.41861719028000355
50773,-0.12784126585000344
55979,0.14218056004999546
243755,-0.500272266400001
13871,-0.16708234440499936
244585,-0.2599670828149998
243084,-0.40903369150000035
52502,-0.1367854459000064
72789,-0.4933266148149986
209378,-0.3692262263150008
74256,-0.17156856431999934
270118,-0.3924593513450043
320118,0.26542774295000005
14313,-0.33874127812000054
78894,0.31542675721
70727,0.3771554693599999
12145,0.15248637769999718
321019,0.3377517737699982
15422,0.4019462430050016
218739,0.2540317935949994
214901,-0.449628453235003
67914,-0.39478103450500157
241303,-0.17328041375000858
215194,-0.1696843673000057
80509,-0.11514378250000412
18389,-0.24166760812999843
57277,-0.4783281336300025
66847,-0.13145996245500768
69478,-0.13154895968000346
382089,0.35181254116499616
28028,-0.20791155733000277
20778,-0.23824223154999835
58809,0.3014881319699976
18201,-0.18576611055000392
26565,0.200089538514999
14381,0.19163618914999958
107656,-0.3040403785949968
384281,0.4591419615749963
18546,-0.3946894243800019
229474,-0.4745178093000053
216345,0.1787338077349947
67429,-0.30270702421500406
170748,-0.2555669793150024
19395,0.11339779490000446
19079,0.2485885289999974
17087,0.2439997239249987
67216,-0.3544618235150043
18510,0.4044454878799999
67295,-0.1852836120300001
231668,-0.5910051349600041
224840,-0.5051112554800001
76594,-0.3031699593800017
244721,0.3611794209299948
78914,-0.26232397126500295
320806,0.17420463804499597
20204,-0.36008049322000124
12426,-0.3770469409000001
67579,-0.4846711540900035
52231,0.12254617262999368
21938,-0.4397059185000014
17999,0.2076490479699995
101320,0.3208676228499976
74178,0.11214076565000397
66573,-0.2682787152600028
74552,0.14245608114998554
70591,-0.24540496214500163
19192,-0.3170564268300069
105083,-0.17557267499500284
239659,0.47693654366999727
68723,0.5464595905750005
234344,-0.15431206072000148
209550,-0.29753683197000313
16912,-0.1540559584499963
19730,-0.16480982079499995
14525,0.33305941532499617
12192,-0.13547249625000113
72297,-0.6587253969650044
14708,-0.29424690395000486
18984,0.1816336634499951
69757,0.2439990590549952
353499,0.2439990590549952
71132,0.3325357206849997
238011,0.2930310470599986
70611,0.3022750829349965
20495,-0.27892179041499965
14664,-0.3488054098900033
106766,0.36219360767999964
26946,0.3013730720399983
208666,0.53575965842
57437,-0.201818761500002
98258,-0.1141689119500029
210719,0.5114735655099989
76080,0.15148663641000049
22320,0.12407243479999153
66473,0.3108862068550007
19888,0.46072927725000046
66222,-0.18390338175000664
22084,-0.5262844150500001
18628,-0.4175763224000013
217944,0.3332143673699983
230163,0.32590734966999824
246133,-0.19053812932000191
56386,0.1135222201999877
70428,-0.22079892292000913
13007,0.12226887265000386
74043,-0.1889918168200051
53895,-0.15311420100000284
16792,-0.12596558410000824
227290,0.13786764261000073
94066,0.13965463564998792
16409,-0.20403405820000486
77963,0.3687086354099973
68441,-0.1920693488800005
99681,-0.5086022974450017
68140,-0.22944840477000206
70362,0.40820380737999873
97484,-0.1144046019499978
68023,-0.1144046019499978
233020,0.28761209919999153
268451,0.17375986395499865
74202,-0.37842736783500497
207911,-0.40047040980000137
268395,-0.13826451715999966
68048,-0.13869070475000278
20423,0.16816186848999903
210297,-0.3679793689150026
216134,-0.1755185847150056
70354,-0.4105141468799989
99100,-0.380254888670005
216867,0.43002413636000014
27762,-0.42372879055499846
57230,0.15754428157499767
67588,0.39232991968499853
78733,-0.27757696806000354
17873,0.16364243863499794
52468,-0.23293676993999668
77951,0.3080009780799955
26440,-0.13547087175000883
99371,-0.39898394924000424
230837,-0.3468661846249992
66538,0.10973714607499652
12581,-0.13655599935000673
27984,-0.2855926445100021
69639,-0.12404053702500129
23925,-0.335312913285005
67235,0.3189407525400014
14950,-0.1391729752000046
67710,-0.12917403075000955
56088,-0.14338761586000714
233537,0.3934970560599984
15561,0.5603373146249986
217125,0.18395788489999454
105559,0.14230005317999606
73447,0.1535076990349964
71287,-0.34136626841500206
68904,0.3151651009649967
69834,-0.11220447109999476
84704,-0.3533817253400011
57781,0.2773267201799987
53881,0.15060240351999798
20439,-0.20038292961000348
104110,0.47267061774999597
19878,0.22300779676499616
67177,-0.1728180300400073
68730,-0.1274331325999949
56642,0.4129073999949995
65112,-0.4192962975150003
75744,0.22542425392999643
71354,0.4391704915799983
380683,0.3482763424999993
19122,-0.3330238099200038
57258,-0.2845383671550028
654459,0.3098098727549976
22335,0.10142599745000247
11656,0.09568492649998817
68499,-0.14180675411000188
214552,-0.19906671368999795
13680,-0.3394488610250024
73158,-0.15496316320000858
11832,0.4469161406749995
18114,-0.16355749999999958
381534,-0.3386500942050015
212114,-0.43939327414499996
280408,-0.14775295257000565
66646,0.17949690132999674
69752,-0.1651891998350017
19765,-0.162004953630003
67226,0.13320269237000204
14587,0.3482570710149986
70361,0.20061620669499725
60599,0.20721212967999136
14548,-0.1377476300000069
11364,0.1619033028150021
54673,-0.14077389810000618
107047,-0.1563297162000028
68404,-0.3634197296650008
13653,-0.28390210526500415
216543,-0.1735207967200072
54598,-0.36882845906499995
17527,-0.10722695585999809
67204,-0.11632682990000554
16574,-0.34578793007000197
14745,0.29970987295999985
226646,-0.1579813092000073
20646,-0.36950616011500337
66871,-0.3341515527800021
84111,-0.28479022924000086
71780,0.18222033494999756
241516,0.3538496429149989
227485,-0.3743645144199994
21849,0.16043650608999727
69161,-0.13104002439500384
11774,-0.14246339716000378
11833,0.29654752048499766
237940,-0.19051150060000488
12677,-0.6110005318550016
19298,-0.18567647902500184
15163,0.18514564909999365
240690,-0.23508293047000217
56464,-0.40218512450000077
230577,-0.35459524589000857
72124,-0.18923189991500422
16678,0.24539395320499935
12815,-0.4266592088400012
73472,-0.38417209227000093
67091,-0.11764316295000299
11352,-0.3343247070700013
67375,-0.36306768533500566
104099,0.30743019647500036
242691,-0.2391765901200058
232944,0.19041988384999442
69010,-0.13054402060000925
57247,0.10748372516499671
235533,0.32541124025999846
51886,0.40976485551499664
70369,-0.39980170412000327
101401,-0.24809523495500185
72792,-0.3787178062150005
19186,0.1135169027999865
328329,-0.3061470422800001
94181,0.14529502094999103
74326,-0.15330779157000407
330627,0.3188686952800004
56513,-0.3040703996800058
14800,0.29479577048999905
20494,0.24752581261999884
654460,0.22979214199499864
216760,-0.1922703855800023
13010,0.1607566019499984
230861,0.20240989400000053
67821,-0.3799160034949991
80294,-0.29626017346500344
81840,0.3659191489649971
231474,0.4088746792549993
434778,-0.3882079635200011
12632,0.33796138045499724
56427,-0.20183369219000458
19725,-0.3832315542000009
103694,0.25450165810499836
93893,0.4289659657299989
68106,-0.24402331046500425
69151,-0.2730807346100015
56748,-0.17835269029500012
66492,-0.11930807714999858
378430,-0.2680039288100011
208154,-0.22141572679999832
66902,-0.4046966539050043
14356,0.1382748340499962
66676,0.23387263530500046
67846,-0.3076792776449979
58207,-0.2951012799600079
333315,0.35409902946499905
56292,-0.12132252463500315
74288,0.5475944329649982
71950,-0.30112123925000667
223978,-0.18537437327999928
68385,0.3427658725999976
75624,-0.2827809547000104
67160,-0.1452716924000068
20391,-0.502568848890002
22070,0.08869106359998824
71276,0.39128098028999414
78801,-0.37747157770500195
18759,-0.16263199323500466
224065,-0.5457229813449991
18081,0.1327167019999944
19891,-0.3066688243500062
239555,-0.23522218669000328
330863,0.31725932357999875
78284,0.35398330372999975
68859,0.35020270793999675
69737,-0.27506322530000027
268936,-0.33699799979500256
240518,0.3226958301749967
13448,-0.15597283399000084
68277,-0.430957019600001
211922,0.17819255547999546
76421,0.32659794702999756
70160,0.12608606399999367
54153,-0.3494208005650048
72472,-0.29503937701500504
13082,0.3537048118499988
338348,0.1299329111799956
78455,-0.2932527861250005
226747,-0.15598535155000182
28114,-0.11451857374999719
66587,-0.134489502080001
621080,0.42726279950499935
16534,-0.12111529683500599
338364,0.3130199875249966
74359,0.4243566500699991
13527,0.4115911612449987
17880,-0.4397478718100025
14000,-0.21646490643500105
66597,-0.4437664246100077
320183,-0.5647086458850019
110058,0.599624266964998
237178,-0.25305753289500155
17879,-0.3760329208900024
329152,-0.3840296017650022
71804,-0.17845383030001294
11844,-0.1335898541000038
54380,-0.16769326599500367
210973,-0.12837191388000946
23957,0.5572165468899981
16681,0.40354307350999896
75398,-0.26632482704000005
208665,-0.3338790753500014
193043,0.3518553842799985
18507,-0.29658285130500417
101568,-0.109368212999998
234796,0.25425320745499747
27413,-0.5068216315150016
18256,0.2952370495649994
69740,-0.1363990266050088
328162,-0.14868057059000606
17711,0.1841840220999984
67629,-0.3517846778500022
319719,0.24436142591999577
327766,-0.2881486323400022
18181,-0.13472944743500115
67605,-0.39201603121500117
101502,0.17221151971499893
12162,-0.37224848474000183
76799,-0.0975598810500049
225995,-0.17596885214000402
70207,0.40064489162499495
26429,0.3857611453449987
23928,-0.3098470701600027
98363,-0.26523636829000274
245000,-0.18005436240000172
17035,-0.5158901150149999
78081,-0.3027330526750016
545136,0.4615101398649992
18242,-0.3299038569850037
17929,-0.2659906252349993
56089,-0.19217349300500253
18046,-0.13210711145001142
67676,0.11253385350000222
68810,-0.402188971315002
13039,-0.2888455870100026
22625,-0.331015573675002
69178,-0.13328018069999992
23988,-0.15898910382000153
50788,0.17732952666999768
71148,0.24937101258500238
15114,0.3817461609799988
22353,-0.40852501551000264
280635,0.28289209364999657
328417,-0.19065359393000314
74153,0.09728061474999627
78416,-0.1804994812600036
78244,-0.19348183772500427
26564,-0.4409085693550008
66166,-0.3695513518000002
11433,-0.17744107060000758
17826,-0.0974859618500048
100504518,0.31497092630999823
70358,0.33671768860999807
22234,-0.13088963935000208
631304,0.31844310830999945
381305,0.09799216841499359
14836,-0.4221400255500014
240675,0.4252546604849985
546648,0.2793478432150005
63954,-0.526302052230001
68742,-0.14948887109500753
74468,0.35559181153499964
74653,-0.35407825181999986
56620,0.2984219360799969
74769,0.4092600189949991
20821,-0.13018736805500453
228846,0.48745006655999656
22289,-0.277237651675005
110648,-0.3558582246150013
68655,0.32740689099499987
68262,-0.12834293145000508
67865,0.134627502399999
70827,-0.3435305440300045
70790,0.12046412424499309
22631,0.21843868524499577
14744,0.17026901583000154
66897,-0.29627198108000385
217827,-0.4058370468600021
286942,0.1894895286849998
72123,-0.33430388796000265
69671,0.28817614717999884
71752,-0.18218203569000657
19731,-0.34585447695000227
211446,0.323287416154999
11567,0.2355487486949981
22235,-0.14508062573000302
22165,-0.18015681592000732
213389,-0.2930673568600053
15983,-0.31954106128000603
26397,-0.132742815600011
52184,0.4097218390549999
109264,-0.3635302561550011
227867,-0.13396451270000576
20719,0.11495190149999779
56632,-0.14605875055000617
208820,0.3893968943149986
16594,0.20274366236499652
212998,-0.4062884213449989
56520,-0.18795706106500365
11669,0.12571633744999566
79464,-0.13556628861500108
21401,-0.5261614456100023
101187,-0.2492619365850013
21807,0.13282469534999564
244349,0.15319217125999707
18755,-0.28125108802999765
232210,-0.16684145283500662
12957,-0.2441121311000014
67229,-0.12542190660500374
14134,0.33222898042499605
66343,-0.16914634186500077
233038,0.31791550960499837
103149,0.32847367915999826
381582,-0.27448206954500254
214931,0.30482937072499894
57441,-0.4872209176600055
56200,-0.19192853204500615
12521,-0.13022382100000485
231238,-0.28214654850000054
17242,0.33573628036999725
207615,-0.3642798133750009
238880,0.47737775453999776
224823,0.12714741519500095
19175,0.1368187997499941
11806,-0.18498541888999975
320495,-0.17571512005500445
269633,0.31782076691999794
73748,0.5867207486699968
14114,0.32786955381499805
667663,0.34947847335500004
74735,0.22932148405000063
21337,-0.2539949211000003
21681,-0.16164252405500434
74051,0.3026868734299999
16198,0.40206521223999925
15530,-0.49785324554000354
110084,-0.21756423517000156
26424,-0.28485603224000133
66884,-0.18090618456500351
56221,0.46878640457999854
56491,-0.15532466876001116
71909,-0.15759977951500126
269400,-0.17003034599000877
71007,0.14882888252000193
68031,0.22423314489499635
19127,0.34052398639999737
22249,-0.3582812397049997
57753,-0.14720988221499987
67512,0.14710039984999845
99311,0.12867780704999277
12558,-0.5590662455050026
68339,-0.2014296184500015
320705,-0.27334863500500006
17152,0.32773764643999925
67698,-0.204858014974997
69379,0.337836599224997
19766,0.22157967759499542
72136,-0.23562082982499977
218121,0.16390922394499619
14874,-0.13443166637000026
53322,0.2640548667499969
629378,0.5051982855549939
22359,-0.3281327517150032
28030,-0.19293585888000386
13853,0.37317536840999876
99512,-0.36892219507000323
387616,-0.32424089748500506
75311,-0.35766951743000064
208922,0.3552481091499997
18802,-0.14707404715000294
23972,-0.31205210689000573
217593,-0.4854437280050039
98170,0.2674833000500003
226026,-0.3312377733400007
11989,-0.4327238718250035
102423,0.32366965495499667
11640,-0.40577539166000065
76479,0.3705153267649992
68634,-0.12544120661000946
79455,-0.3522878179100015
94180,-0.20228499148000267
76898,0.5135315228499988
114664,0.16382060765999995
19687,-0.16847338344000562
66500,-0.22702984399999693
23892,-0.6347843086950014
52882,-0.35412850126499995
100213,-0.32572444383500176
232491,-0.26750463270000235
19362,-0.39207616924000455
64214,0.1948064761999948
67454,-0.2732503768250023
331004,-0.4345145015499998
668110,-0.17815264265500108
231380,0.3530717425149996
382427,-0.24547110107000147
29819,0.33091271658999766
68818,-0.11241343835000883
13423,-0.1442947504000056
67042,0.12741347737999753
13424,0.14939510981499815
12966,-0.36241673828000387
27223,-0.22710359678500325
75568,0.437657043109998
110083,-0.3154748134200016
80913,0.14641130647999212
67981,-0.27683574207000206
219094,-0.3567282224000028
27660,-0.4713485760700009
78258,-0.40210046908000363
17101,0.31613369171499883
55994,0.2864084231900019
77045,-0.35262870945500424
218138,-0.33676627601500275
108797,-0.3983529920750035
29817,-0.355830699035002
246221,-0.17871177794000026
23983,-0.1483060037000019
242557,-0.2687791992800017
74442,0.23786096335499618
66154,0.13299650101499516
66437,-0.11034491690000792
245446,0.398639314285
27426,0.16655991060499886
68121,-0.21245068188500138
76561,-0.24470485148000298
545260,0.4635075982099992
268481,-0.255795864550004
71738,-0.38506608623000105
69487,-0.3268400007950012
114332,0.4253388606899984
19283,0.2442178245049984
320292,-0.1571184246600037
70699,-0.14084544899999507
78798,-0.2257649828950008
192654,0.36254436955500413
51796,-0.17403612010000202
53611,-0.1542877765999986
16410,0.23857739563000013
243910,0.1426736506500017
218454,-0.3332534589050029
15126,0.26343107023000023
18458,-0.1311256337000053
218877,0.2883213816099994
100061,-0.18686369970000172
227289,0.2717067867199958
71963,-0.3342416247900033
382030,-0.1154659354500005
11601,0.3067891967449996
94246,-0.2942806769350037
11924,0.25655595151999977
269682,-0.20537094366500064
18563,-0.5201931839050022
55934,0.12930923934998972
19330,-0.1982871474350052
93739,-0.1299518719999977
51944,-0.35434766720000077
244682,0.3371349744399983
67652,-0.4070405613400023
214505,-0.09920958120000734
76863,-0.158344458560002
22409,-0.30798945246000287
270192,0.33092619841499893
56233,-0.20569165802500855
76338,-0.14518808246500825
100434,0.2234871399249947
74080,-0.2031675630900045
19699,-0.20560164698500127
72027,0.13754815304999823
12790,-0.38286962705000027
11553,0.3453960926399997
73677,-0.2146048675099994
219249,-0.1960106695400059
381903,-0.19961364732500453
218442,-0.14719872844000115
84505,-0.3043417930700052
116891,-0.09933007934999694
26561,0.39789088855999655
18216,0.26548328518499886
239554,-0.31625449718999743
67078,-0.12413750105000787
20852,0.2170981764799933
19126,0.32597174025999864
67230,0.13089673568499904
16006,0.2125111432999982
230379,-0.3618411247700015
225825,0.15561943694999592
52670,-0.357785784670003
80385,-0.19621846284501032
74035,0.26123470274499994
237781,-0.36141687303000136
74287,-0.09285428719999977
70823,-0.36861272878500095
208768,0.2450387698949985
320429,0.2160690142099977
14275,0.3394734684700005
76577,-0.266515394005002
232334,-0.3126723004850058
170638,0.23527353378999472
74410,0.15598361986999976
328789,-0.3629816662900023
13713,-0.20070276847500068
234404,-0.25873649672000454
109552,0.12515615864998964
20660,0.1864672859999903
12000,0.4429891595249984
18591,-0.204234665400004
237806,0.42603569204999925
56190,-0.2963718506450075
73191,-0.37697997359500146
68075,-0.35029070064000045
224807,-0.20912789145000588
269060,-0.4911602495600018
19703,0.289911157765002
14701,0.15151205678499657
67845,-0.21344410677000525
109263,-0.378580483070003
23829,-0.4146752954750008
20878,0.24917074575499942
69297,0.42334815514999935
57908,-0.22632454953499703
17254,-0.11429466220000428
83770,0.4100382680449979
68666,-0.2139080159200022
238217,-0.7190344541650022
224024,-0.4354332715699991
192119,0.13804701067499625
329003,-0.27353286532500176
210148,0.2973286075250021
12788,0.1781838419949997
67868,0.36928892500499355
73178,-0.1108354552250006
67893,0.3062855083049989
51885,0.1599166909049945
72699,-0.1484782660999997
229007,-0.1484782660999997
56452,-0.24084921068500265
56525,-0.2650171851700014
320557,-0.41030487757000067
66108,-0.11691390870999996
68151,-0.30111217572000104
14419,0.20521276015499623
11674,0.16492725329999303
13602,-0.4726359072800017
434439,0.3468650638799984
22690,-0.42473905686500046
52662,0.29959215512999826
30800,0.46899687871000095
70012,-0.24836060464500154
22273,-0.11311251157500557
140486,-0.34724831637000175
67687,0.4216082442049993
20112,0.2164410357499964
242891,-0.2911527321650018
69047,0.39004437057499874
67020,-0.45156637580500014
13549,-0.13868329306999883
14113,-0.13868329306999883
18822,0.28192530318999687
233799,-0.4500889324400026
84112,0.35620590196499835
72656,0.27867051973999946
67561,-0.14706669443499898
208092,-0.2639136358950047
66272,0.14973331352999075
16693,0.2732488210849988
17169,-0.18999714156500858
21824,-0.36179357757000297
19182,-0.1200912151500102
67883,0.2508825303899975
386655,-0.2675141094350053
53333,-0.1472508398250021
76130,0.16408193433999507
219134,-0.34073065796000046
56349,-0.313719976155002
12563,0.30480304456999896
69051,-0.13895067952000062
17937,-0.27212047679500095
21814,-0.30548936113000114
20606,0.3864526963399961
12262,-0.231536687530002
225115,0.27910473358499654
224938,-0.16021406157000584
67689,0.16217291979499038
94216,0.1943484356049967
209232,-0.36083798220500185
13162,0.28349604730499767
18260,-0.20768693733499966
217214,0.29610133334999933
192285,-0.14856429560000528
218165,-0.48754678164999854
223664,-0.2995598252750016
208618,0.3158927516699972
18601,0.3707611812249989
69032,-0.2445699524900018
16426,0.2590698656549977
387609,-0.3037419867299991
14369,-0.2952756933750007
11816,0.1517109694999963
15424,-0.48265981239999967
27401,0.27757941646499873
381457,0.3137891999349982
17116,-0.26297499759500154
240058,-0.14737559135499723
12816,0.5459412033599982
72355,-0.11276613927500634
105352,-0.25940741738000384
22116,0.3074920688749998
217893,0.23289515128999483
110651,-0.17282940931000024
170749,-0.21626629918500306
74776,-0.13190059210000094
15569,-0.41332810381500007
246154,-0.3857235306550013
241324,-0.425724648055001
12818,0.42844564076499836
22282,-0.10979218395000423
69499,-0.3104539195750018
67944,0.4842618237249967
94088,-0.5548278971150018
224656,0.17147609472999115
245595,-0.30270644169999983
20299,-0.2509685930650005
353155,-0.26594603867000366
68475,0.14605734139499837
320181,0.4447982771599994
67711,-0.11237442699999889
20491,0.11090218164999932
52717,0.11502157500999388
69554,-0.15745051055000747
13198,0.21063896350999833
23970,0.10223465484999217
606496,-0.10971323190000959
108671,-0.1411763145000009
67197,-0.16739643539500548
71835,-0.28777984331000184
17975,0.12286956250000003
56551,-0.11282634860000407
22341,-0.4924942395100045
232566,0.2665504790749935
66054,-0.19452120379500037
72825,0.20472485434499532
56368,-0.10757965770000233
66656,0.12787930530000402
20773,-0.21299823498500192
93679,0.1268501304499985
20170,-0.17681630336000786
215693,0.2762336734399975
99571,-0.24970389258000214
19882,-0.12514039810000144
12319,-0.24295886369999975
64705,0.28737963151499724
81879,0.5036184987099963
20239,-0.14426158726000082
12801,-0.4626503358550007
116701,0.2214197668500013
29812,-0.10933186245000392
243374,0.14500609519999585
331401,0.26783238385499786
74198,-0.14725836919999935
68977,-0.1703672178950022
68564,0.13345171369999598
105787,0.1847882604549973
12606,0.3572149766400008
18035,-0.11098783115000899
56747,0.34156721622999964
212070,0.371767624499999
68867,-0.36606088731500197
381142,-0.3609852575800008
68291,-0.3797357104700012
74134,-0.1491070926450071
16497,-0.4825118217350006
14241,-0.37494990146999774
107684,0.35623974338499753
11922,0.3367566120400003
17279,0.3231447629649984
12289,0.2676982865249995
18221,-0.12900378448000005
69080,-0.11780269144500188
67245,-0.15269354685000103
11428,-0.2521350781899976
239435,0.42655288961999815
52815,-0.257176281035
68431,0.13338121459999996
666468,0.3359449256849989
14388,0.23583613321499763
16392,-0.17303557578000284
13609,-0.1451139507499999
76813,0.20931881716500111
268706,0.23874056013499434
20787,0.3769288314099981
60525,-0.1817646207450032
84035,-0.3382726589300029
226541,0.17395822291499918
230815,-0.2839679276800018
320685,-0.3331844431250013
213990,-0.13329849700000018
320795,-0.11288287205000991
13508,-0.28364202222500223
70779,-0.20078439572000262
263876,-0.11042390435000371
228983,0.1644593912799941
230405,-0.2988113570750013
52513,-0.22494612049000118
16815,-0.34069449719500255
226255,0.42584050274499763
246179,-0.1848913409500028
19128,0.16534309350999976
15396,-0.19676522349000125
66586,0.2174981517000001
75426,0.281421604969998
230793,-0.23451889188000408
80288,-0.20460525122000384
101533,-0.3198424055250024
20321,-0.2973798709300013
12803,-0.2119350864450018
67088,-0.340072767255001
240068,0.3037027078000003
227292,0.09543943924999532
78749,-0.1503761363900047
50915,-0.308181943045001
70575,-0.3663516908750015
232156,-0.2129834108000006
11771,-0.15520316277500257
114741,-0.3199220621450003
76572,-0.25409874249000186
67490,-0.40587323955000176
109333,-0.19526984884000065
213945,0.38180151339000057
108154,-0.28575928163500297
18012,-0.3038177892950018
107746,-0.16763263225500857
12931,-0.5334441840600013
217558,-0.24559939239000528
234155,-0.2514232135850012
19099,0.3009615504699994
320267,0.34767327234000156
14227,0.1074753362999914
241950,-0.2648753815000049
20602,-0.4726400045949992
21672,-0.13860844210000778
54198,-0.14793005110000657
244666,0.33598410160499537
319322,-0.13246737445001067
114570,0.4532205739099968
76574,-0.39578879547500145
11807,-0.16016534670000482
52635,-0.19005652789000216
75422,-0.18017840662500273
75404,0.37729616221999773
210274,-0.7643129070100008
56258,-0.15948720917500125
66704,0.2887519022099978
235611,0.31811653910999915
277328,0.2876538993249991
210544,0.20881228248999584
17993,0.12142176184998732
26939,-0.3105018416250056
12516,-0.11046313135000752
72085,-0.17406426349500137
76709,0.15635073219999285
329877,-0.3957556324650011
67044,0.09233375079998929
57780,0.2248235305249997
109685,0.24800772613999822
18007,0.27015614131999843
53893,-0.13133783990001113
15429,0.4325299051349982
629499,0.3786255430349992
13656,0.28990390418499823
56299,-0.20287971501500301
50764,-0.2594530800150019
75196,0.26045008275499804
238564,0.3255324394649981
66231,-0.12191165855000996
116914,-0.3376554552600002
66151,0.12135004297999608
100198,0.2140742252249943
69527,-0.2490620966599959
14630,0.14149639629999733
17391,0.41648259263999954
12643,0.25777794259000153
71795,-0.20909863849500177
57376,-0.1163410417450006
17828,-0.27326328981500403
110958,-0.2574411049600034
243168,0.2743507284599973
622320,-0.2174569558450008
18194,-0.22955655402999842
55983,-0.29151066830000794
14387,-0.18150482183500039
14272,0.1298799391499994
21781,0.27614913875999747
12825,-0.31185281420000077
15199,-0.28852426658000674
21393,-0.5762340201150016
56710,0.4415786974000011
76357,-0.36416851259000005
69131,-0.20543265604000727
56874,0.2880785459899986
50887,-0.2522866130850039
11758,0.10216920169999355
21744,0.3305574041599977
68440,0.16302565154500215
103836,-0.23237056169000248
30962,-0.44536155048000037
71472,-0.14112838206000333
545279,0.20361306593999995
14017,0.16008690670999748
68731,-0.18500463762000763
20222,-0.11405042450000558
170826,-0.35911406358000164
53890,-0.18454954860000328
230579,0.2987114466949974
116748,0.12433723818999987
235380,-0.2586354038699996
68845,-0.09540597265000628
58810,0.13366108359999807
231386,0.13820544809999724
237360,-0.14374269290500052
17939,0.14091651900999835
140781,0.26669881517999716
105298,-0.29730065010499995
210009,0.2787805843299993
19133,-0.33090874682000315
14151,-0.11000106979999558
223753,0.09776440179999568
72949,0.4747359195999996
69716,-0.262477092050001
27359,0.15660795664999227
74189,-0.3250091887600024
223754,0.1157880070000008
110935,0.18627722024999693
268752,0.27093532400499853
77407,0.10686372264999378
71365,0.2654152843149973
229900,-0.1825897384200017
76260,0.48774533674000065
12051,-0.13103040925000364
19293,0.3432905371049948
67279,0.4103655455649946
20981,0.3357120912249947
330401,0.3545544877399962
239122,-0.2648982797300006
224826,-0.21056808069500121
244698,-0.3517604640800025
12412,-0.18723138850000165
11490,0.1199928346399961
234683,0.19685220038999685
230848,-0.13426901553500592
320808,0.35883040792999754
68276,-0.43204339015000226
14561,0.3383467790949979
216028,-0.3431405889400012
54132,0.13269485269999315
244562,-0.28735345132000134
242285,0.3279014444699988
171095,-0.4498056362700007
207596,-0.3215243090250013
78887,0.33550394236999725
208583,-0.21406120041500287
52428,-0.2915142532799999
215772,-0.3009132694100001
666060,0.2562639800499982
102866,-0.31007992114500293
21366,0.12471065020499772
18715,-0.40009243015500395
27409,-0.28086659994000085
56196,-0.22375695519500383
20451,0.5046701430499985
244608,0.4330214174299978
14077,0.33877889298000063
230235,-0.38327785550000115
74435,-0.3475567229600003
12029,-0.28302368024000035
20262,-0.4434343786700006
212514,-0.1333069326850005
83433,-0.19799400423999902
64294,0.19224142133999678
12156,0.28099069918499797
13601,0.12739866739998895
271639,-0.36142354733000204
76857,-0.2727363039050035
83431,0.13805894265999008
74374,-0.2931704123950034
76491,0.250345552044994
22324,-0.13997543395000456
73744,-0.19705366684001113
23980,-0.11608986490000461
66913,-0.3828158449300032
84585,-0.21155646718000298
12562,0.2520617551250002
317750,0.33279296310499795
66836,-0.09425482850000222
15007,-0.16977929624000332
78908,-0.43012489848000257
12585,-0.19285127550000247
114565,-0.2588458600700023
237222,-0.3616446052700004
56773,-0.5605404190250041
68718,-0.13304905055000127
26886,-0.3345110639650031
260305,0.40419842236999415
56324,0.2777697940099948
67053,0.2895939801899958
78977,0.5276491023149985
102339,-0.22779822782500325
216871,-0.20684987827500123
74355,-0.1589730364500106
100039672,0.43162952122499965
68188,-0.1379201339150029
20447,-0.35695468648500217
231997,-0.2644562218550002
19328,-0.1939612926800045
252868,-0.38619530724000306
12540,0.14467734854999215
78372,-0.2111140071000026
269582,0.3259945605949981
56357,-0.20203766624999808
11966,-0.2995195442199998
74175,-0.2961410316300013
15378,-0.4049858238400015
17200,-0.4493287503800012
56289,-0.12131954594500627
14453,-0.29439505389000153
12022,-0.2489609065300007
56735,0.587766382809999
108052,-0.1574170157100081
230027,0.31108247909499864
381813,-0.3249451250500015
20182,-0.11460086665000091
100041581,0.3406993997049983
74190,0.35416452604999904
14767,-0.24829375213000038
15208,-0.40923019963000673
107368,0.42055142519999755
225392,0.2097137358599941
57370,0.12460885974999591
60504,-0.1572295737599969
67866,0.35189601285499794
14164,-0.29110674297499983
16179,0.111566459619997
232973,-0.3091355173999988
16510,0.253762347104999
271887,-0.2996912294550027
320683,-0.2611585952900004
11765,0.13462714560499833
11792,-0.11948004526000489
217302,-0.3807817809450018
14089,0.2698859081999956
15211,0.09787996814999111
380785,-0.2406065815800016
18285,-0.3767294224100022
19038,-0.40802791691500406
13481,-0.10074546999999612
72322,-0.16288219397500203
21899,0.16827136392499753
54667,-0.4395092659150004
17966,-0.26171962796000425
66864,0.4576851280050005
237310,-0.45008691439500303
319934,-0.36052601280500074
228807,-0.14504024353000133
72084,-0.13248823303000634
71405,-0.3067518717800013
18521,0.09079898555000554
71409,-0.4176616045400019
18817,-0.4282099535800068
434156,0.23936283685499804
207521,0.369097340599998
252837,-0.4630259616200023
26403,0.1555741776949997
72898,0.24727246946499815
16154,-0.12403390310000795
170759,-0.12612650654999769
12217,0.3067236727399987
27041,-0.11014586174999508
320869,0.2594239747049967
208624,-0.23956006521499873
77622,0.29675289436499774
17120,-0.15758317028500013
54194,-0.1366749937050038
73916,-0.17978942311000345
216835,-0.22489832430000067
104885,-0.26547279839500515
19823,-0.11956063956000307
107338,-0.26588272014000314
72568,-0.2523633683500002
23945,0.4107544712200015
22630,-0.11043097875000463
56050,-0.2024737390250051
217335,-0.31015319327500057
229658,-0.2993918851949964
14348,0.2940945979699974
225326,-0.1615383143349982
68184,-0.2110153068850007
56485,-0.3680228135900028
68498,0.3214408614199984
14811,0.2980057362199986
69496,0.25560048821000025
67452,-0.3708208613949999
66400,0.1318590131499917
225010,-0.21126284179500132
434215,-0.26297615608499836
14866,-0.259852821715004
228942,-0.47540837711999995
20418,-0.29383683975500086
20775,0.29114755602499276
329641,-0.3020875163250025
208177,-0.3121429258949986
230145,-0.18349184040500255
59040,-0.13930904516499965
53867,0.35264072544999703
235040,-0.10108802470001166
20664,0.28580973774499974
22658,0.2991654302500004
26428,0.12712177095999433
210529,-0.47936896627500225
21333,0.2551666380999982
71481,0.3330770997050001
18426,0.4258742628300012
71667,0.12933048333499464
330096,-0.2967653499550025
269623,-0.1952711226900048
319455,-0.25816273096000275
65098,-0.28736970813500484
78408,0.17473702115499634
16322,-0.27397765216000014
245683,-0.30553348774500044
103711,-0.2068943443000002
245684,-0.45463680957000063
80915,-0.23089172566501048
76217,0.18118332940499915
78016,0.29391629163499733
18534,0.3400691783999985
54526,-0.5667933959000138
242126,-0.36340554669999925
22704,-0.18690594140500494
217371,-0.27099761162500213
319352,-0.1994655746150027
16543,0.14251064840000005
19417,-0.216170647185002
56309,-0.3580795895700044
77521,-0.35872571916999885
228071,-0.3907161574000009
68497,-0.10746914718000689
235130,-0.21459144094500182
107723,0.11965571689999877
66433,-0.10724471595000473
14544,0.13337706429999407
56072,0.39796762030999666
56469,0.21846991391499415
434756,0.278868834779999
269615,-0.31691311987500104
17122,-0.1366025210350017
11925,0.4222776968699966
319197,0.18722936493499898
21841,-0.34543107503000314
13856,0.3748495375350007
68644,-0.15985377563500158
20754,0.27312776982500075
26413,0.10448321299999463
57436,0.1053530938999998
21885,0.21372866251499723
546726,0.3431948369150004
23853,-0.1589242862000102
13384,-0.21111772271000095
13990,0.305798161054998
595136,0.10584824039999496
19824,-0.29471896575000756
19267,0.48289195641999605
108030,-0.2596494822800022
12493,0.15511005540000156
64050,-0.3674481731450001
22414,0.2459529210099971
22784,0.29622450772499676
14960,-0.1514881429999999
69692,0.11063053065499595
77578,-0.22719158262500283
18247,-0.10081476420000968
74330,-0.291521955170003
319713,-0.23121219935500115
319734,-0.27125344520000017
100637,-0.2652959646150004
230726,0.329220514480002
236781,-0.7151318705000067
319415,-0.5104229692750013
12450,-0.14263430340500882
234094,0.23763742862999848
74772,-0.14267726220000476
19387,-0.1396834632200008
94067,0.11849526279998912
353346,-0.3435719176799976
56637,0.14793650996499963
11434,0.2769249705799979
15112,0.3220285931399971
546071,-0.27341217608000257
68995,0.11696480815000321
12500,-0.12395528345001061
269610,0.2796087727349983
17685,-0.13376329275000565
217219,0.3752599636299978
74781,-0.15571913708000373
74237,-0.3313124378150043
68944,0.14000522220999834
13019,-0.2144733284800031
268857,0.15934957744999423
14939,0.2949889569799957
64176,0.21951957094999974
67182,0.15060266680000112
503847,0.26271244898999857
19707,0.19051200126499523
19893,-0.25372716273500373
17173,0.4232268306499991
245671,0.293783948579998
15929,-0.09396416974999511
217154,0.28067916674500104
207352,-0.14568127070500125
171281,-0.34118039435000114
17168,-0.11517367951000246
27015,-0.2212788483099981
229663,-0.09844487035000427
18176,-0.09844487035000427
16404,-0.3345355153950038
70472,-0.32264738842000273
73683,-0.14045730395000255
68735,-0.12413105687500092
627626,0.18347298609999285
21375,0.5685135519799984
654498,-0.29598498445500265
216001,0.08809648879999976
11852,0.31760395879499637
22021,-0.4506992900850011
94041,0.3987211848599972
24066,-0.43509092269000016
18588,0.15002135857499965
12467,-0.3328670028899996
27056,0.15787506728499778
13681,-0.10871499375000937
108687,-0.24792209412000155
52808,0.1502975923649963
230801,-0.11646722473000537
16506,-0.14490177326000087
74760,-0.39045399276000303
12909,-0.08261173637000496
72074,-0.26476711357500093
13009,0.31834960967499804
20343,0.15425449054999163
55944,-0.11581100540000122
69232,-0.10662161329999442
66840,-0.4145487524800018
21745,0.20764344773999355
435811,-0.17212908980500208
15275,0.1440459451000038
227801,-0.3183088354300043
71939,0.18403092935999865
71474,-0.2207356487600043
76137,0.20433939737499696
76500,-0.19260569714500697
232790,0.21897864733499972
70873,-0.33271231285500136
74570,-0.3005676774400037
213068,0.3782895948649987
50875,0.16511649908999715
320078,-0.24700569762000102
14366,-0.2930944221799985
80748,0.11035865619998297
194744,0.2282436165649977
193003,0.25072473126499784
75710,-0.13256500147000239
17865,0.19743419143999574
57745,-0.26861206511500413
73230,0.2699281840099981
54447,-0.27904960376500076
18845,0.31369056684499874
70835,0.27891930327499903
66191,0.09131047144999727
327747,0.34700733013999807
67717,0.28312843112999886
13521,-0.2591699706400048
13590,0.2356337814899998
16188,-0.12269107379501065
69071,0.2706028484599967
319991,0.4584120122899993
13712,0.34623112789999855
14123,0.26213085735000075
20300,-0.22582587705000012
17972,0.129154089799993
237615,-0.18607091802000308
83410,0.09418119618499787
56176,-0.14323471309000269
70456,-0.1953774843999998
52430,-0.2591609123299987
100040608,-0.3138856118050022
216565,-0.23414291334000215
217031,-0.2739331934500022
76453,-0.3998623660450038
12015,0.11832702288499597
16948,0.35329093905499986
75104,0.20453918665999815
66530,-0.0902482887999998
19933,0.3935558234549976
16332,-0.1576265235250034
14916,0.3167143266899992
66489,0.0827097078999941
17354,-0.1753741284250001
78245,-0.32940126268999936
12721,0.15866566699999574
68028,-0.16627998009999878
239556,0.23057875784499338
53332,-0.10579754266500352
212127,-0.2962648131550001
81877,-0.5047715971099995
21942,-0.21302557349000573
216974,0.2936884701749971
231724,-0.24348064629999921
225865,0.2131880283099994
77987,-0.15821434861000405
70408,-0.3144313876700018
12449,-0.2451197544000001
99899,-0.3412916167750053
77721,-0.25131848574999793
67706,0.1131025089549933
228012,0.08628709421500069
30951,0.296334552814999
403178,-0.14856233150000175
319636,0.19088072222999752
192176,0.2012209933999909
17751,0.23750258713000072
381038,-0.1922430375700026
108014,-0.12995730568000496
211187,-0.3734011525050027
22757,-0.11857289613000432
15135,-0.24721345094500435
12183,-0.1349833085000114
67492,-0.21439737484000254
268749,-0.1313490140800031
26406,0.10078866738999714
69181,-0.2849630769250018
94218,-0.11152915570000488
16536,0.2964244760449972
12425,-0.3298236673549999
14370,0.24630376203499793
73456,-0.18987243079000127
434784,-0.4009260900600049
52685,-0.19567356662500224
74438,-0.33135794966500054
408198,0.2850535309450004
56532,-0.14286864342500216
319613,0.25786462770000007
98388,-0.147426174965001
20503,-0.505916129945005
319767,-0.3138922967600015
18005,0.2475452272099976
13051,-0.20806475395000668
193736,-0.241477242400002
319909,-0.5007585970300008
19714,-0.15765400376000294
12729,-0.13397195591000255
18390,-0.1424330703000063
194388,-0.1803644173450083
20840,0.27719735574499804
18141,-0.10475653808000462
18671,0.24497406640999841
381022,-0.21117137342500136
246738,-0.3424374357500053
72042,0.18037510739999618
14130,0.2264912728400006
11484,0.4955509057249987
11705,0.4115362539199987
76551,-0.3528191302700012
57295,0.23198023536500045
21835,-0.2575222560449988
19152,-0.2662190356600016
12481,-0.13155867879999583
75302,-0.20970725169000382
18567,-0.12898706282000383
74094,-0.2520357963450026
99890,-0.28353342051500086
107585,0.4135861330899999
14309,-0.2342207009100008
497097,0.2879375934399988
67474,0.12013052353499987
22025,-0.19244723680999787
241489,0.2208175693500003
14958,0.34901604024999866
72002,-0.23411312197000278
74463,0.2389404181900021
231430,-0.4245648783750031
211064,0.21651283566999524
76025,-0.2822185709950018
89867,0.24709904996499876
75019,-0.2940263888100034
239337,-0.34516405803500394
66102,-0.21393570647000004
80718,0.14349810905000027
18676,-0.24984131766000317
16675,-0.5595376049300027
52174,-0.11290887700000063
102058,-0.2336299032950011
14829,-0.4714794977000012
22691,-0.3061711240150018
18536,0.27044583740999784
231655,0.1433481267549972
18781,-0.23612377105500126
29820,0.38641103799499277
74129,-0.32185304528000147
170484,0.3372847566599999
66983,-0.2424639641249975
21682,-0.12978785257000602
22697,-0.14133623874499968
19376,-0.41608327817500035
59090,0.12326929579999835
170750,-0.10758722825000255
13836,-0.2960401234650032
109136,-0.15457514442000075
65246,-0.3133416278449994
13730,0.22938924260000082
244484,0.203377399379999
13077,0.38263566369499946
170813,0.2279129851849957
77044,0.2290482423449962
12868,0.08751217979999737
74008,0.22546829574499494
17760,0.2233158061999969
59289,-0.2476431318050043
59042,0.09732462089999849
237353,-0.24011806125000001
78752,0.37413481221999767
13193,-0.3825061320149996
19303,0.3525326648099991
98238,-0.1846140004950021
16165,0.33172546734999875
17192,0.08551639940000122
109052,0.2015928019049995
67446,-0.27363143693499925
268482,-0.23379100658000107
21767,-0.12752880130999777
224045,0.15345051282999655
228361,-0.13934260615499916
209357,-0.3617736437900012
75570,0.10786126034999377
19374,-0.6883799572550036
21380,-0.20587478826000138
67675,0.09652979299999664
20897,0.2762347045199993
19356,-0.21467495217500243
16661,-0.2828586097950003
240263,0.22904173930499727
67573,0.30912905179999983
171463,0.23353746312999668
194908,0.29431598697000005
320664,0.266663261794994
14815,0.1216626275499948
623279,-0.5527141681249996
29866,0.33143144236999866
19711,0.2134681239349998
140703,-0.23676529232000654
72749,-0.13901566771500562
209212,-0.18336561725000067
217116,0.24126776891499802
215274,0.36169521651999625
223825,-0.4559958351000004
214742,0.19761959656999473
69878,-0.10910722117000482
227683,0.26076867109499613
15410,0.34390818118999933
26570,-0.3685986235200014
246177,-0.14053605560000193
57355,-0.08443531009999994
71967,0.22746474008999984
17245,-0.31059629218500184
381113,0.2716780361750013
66599,-0.10112089100000254
20524,-0.11220585677000017
22138,0.3724217041649993
56640,-0.18466413352000366
13030,-0.1810421621999989
16163,-0.23489276276500126
75686,-0.22936386149999954
227697,-0.13739428083000327
76467,0.3383256265399943
21335,-0.21376567927499845
74218,0.24019786291999612
15116,-0.36232329825500464
22591,0.2040133075699977
11430,-0.08993677494000529
103724,-0.18472430216500335
17718,0.12646322819999156
17720,0.12646322819999156
12461,-0.12419826874999984
72479,-0.14179586131499988
15366,-0.1536368956900045
233863,-0.20854747512000138
66326,0.2719438144199984
217734,0.37560412563499934
13840,0.3142575217799979
76411,-0.31682352173000083
22156,-0.2329749846050042
22758,-0.22217313791500448
102098,0.12382915071499667
72236,-0.4419101120700035
59036,0.14996321949999825
13492,-0.19806420832000038
72982,0.3376955283100007
229542,-0.2850484189200033
140481,-0.1376843771550007
320981,-0.31811732446000107
22349,0.2659664558699988
83397,-0.2233438834600019
74277,-0.15096052780000413
224824,-0.11179475251000426
16834,0.09555842564999573
208613,0.23019697142499584
21785,-0.2284719345050008
52637,-0.11433913239000404
67678,0.1341665061249948
52076,0.32218133100999946
14051,-0.30033350395999925
106407,-0.2794298364400043
227638,0.8521221878549996
70031,0.2647094070299971
242838,0.28808426771999684
72082,-0.41122183204000073
100037258,-0.2335808845999976
11907,-0.1744346649250037
11632,-0.12035368024999826
626359,0.17336243373499904
93687,-0.1037547114349966
53323,-0.12239434260000337
19358,-0.3241077664100045
243616,-0.2388468027600017
246049,0.2637983336999983
319200,-0.17922893774000093
56379,-0.3906924571849988
76571,-0.38785926276000016
14652,0.29129236920500023
56372,-0.09949536273000703
12857,0.09909196709999968
70155,0.16939342333999718
11838,-0.3240150291200017
69723,-0.12045445758000284
216825,-0.27409387790000217
209318,-0.11399136685000322
72685,-0.4314070520400022
73124,-0.2626457240749991
382066,-0.24004699670999585
20359,0.2527369082599975
20405,0.11372234608499987
353344,-0.23746258920000285
245596,0.2926059991649974
216154,-0.07562128670000945
72634,0.3797082218099983
229214,-0.20547799741500183
224907,-0.1540832416900031
52504,-0.20274008183000714
230737,-0.39761806358999996
621628,-0.22736743265999948
21408,-0.3200812033400009
209590,-0.3286180336700024
13617,0.33541094655999615
27973,-0.09547579565000675
214663,0.2752613789749976
13394,0.29256289780500033
269823,0.308692799844998
666173,-0.24143234859000273
71753,0.34067772103999694
385658,-0.12610478903500777
338417,0.23333412727999647
16173,-0.23615285899000327
67897,-0.14706095472000236
68044,-0.33643824270000344
56057,0.3478986278699985
76156,-0.24679207042000195
244486,-0.3246772427850009
320713,-0.3411769185600013
68267,-0.2057646843200045
320299,-0.41093629090999784
235469,-0.15913673009500506
50791,-0.183997661960003
380728,-0.18519179343500092
70640,0.36834366052500034
67089,-0.20191041692500455
71670,0.2566661715899974
12010,0.12339850939999586
74157,-0.09693603215000302
211586,-0.18553972200000501
22355,-0.24902425623000335
93671,0.3625035435599986
68839,-0.11576978073000532
71991,-0.2786940693550024
14339,-0.24666199467000194
68251,-0.09119879574999601
66124,0.2427228708499971
114654,0.20007663870499925
64136,0.37824438120000003
243813,-0.14717990851000096
30050,-0.28282256516500404
319939,-0.178064919275001
75914,-0.20684527688500065
216156,-0.13669007915000364
56226,0.35529058344999953
76132,0.25946348698500055
18641,-0.3500142766900023
98910,-0.30170606856499926
101772,-0.33295457494000313
276919,-0.4006331669950054
241688,0.32388961284999906
17995,-0.09984732895000903
72961,-0.3326680181999979
78893,0.19360760237499441
69865,0.35058354696499894
12843,-0.46464607326500307
66269,0.41630545721999734
433813,0.3341939159649998
18002,0.1001356110999847
21339,-0.25354600588499876
218973,-0.1948989261000058
17248,0.16839566617499635
50528,-0.2542727390950019
192192,0.13122071530999158
72722,-0.10983557730500593
15437,-0.3315503968950022
13490,-0.2326518356450018
93960,-0.33182914956999987
108086,-0.11575300483500506
50907,0.1163099410999866
83382,-0.10996698370000324
53605,-0.0828607174650049
243300,-0.291212171275002
12927,-0.24272383776500117
319476,-0.1952600515299987
228357,0.37363730965499853
12962,0.24010629776999792
210417,0.39712192415499725
102462,-0.12478040835000925
224111,-0.23339365643000054
27081,-0.25519420941500215
13016,-0.1069268770000047
67500,0.28099754704999746
20932,-0.09470928115000099
93881,0.2623938569199984
12556,-0.2526801425000009
54383,-0.10155745035000585
94185,-0.3073584231450015
171395,-0.34411288682499963
56371,-0.2189097109500029
58861,0.32708654767499645
77264,0.32652964242999616
11881,-0.4093085254350006
18791,0.4072797432799997
277414,0.13868613699999344
14783,-0.2556332850950005
78697,0.191192128464996
108058,0.14761145736000358
80890,-0.36172323184499877
213452,-0.18249559543500293
66440,0.15044369332499752
225467,0.29275314582499945
66175,0.2113504457099955
209239,0.2905897973099991
269954,0.18025962324999512
214579,0.2728401692849971
81905,0.2597366687000009
215854,0.20886995583499868
56456,-0.11048935099000268
14758,0.1862105246750012
140629,0.21444223092999515
110157,0.1383751113999896
633285,-0.3593445249600009
11441,-0.3339154192050042
237891,-0.28785128953500294
396184,-0.30764645764000154
81006,0.2478690986399994
18489,-0.26599481989500307
386454,0.34272080481499856
330962,0.23156608049499905
71954,-0.2087845350800137
68015,-0.2508802891150035
545276,0.42762172237999874
20523,-0.10469296265000416
12020,0.37690006305999724
227933,0.3024162406899995
192174,0.24473370301499742
214855,-0.09348084160000347
20533,-0.21495310600001005
66388,0.24485887203999823
70925,0.30246930078999856
69961,-0.09696861749999819
170734,-0.28061923075000283
433759,-0.11935776994999969
320635,-0.2369980394350022
240239,-0.29290283640999926
193452,-0.2958218362300018
18545,0.20663507162499872
75901,-0.23295144962000247
71751,-0.21179756029000085
240916,-0.45085684494000233
103406,-0.46375925880000324
77569,-0.4636240246350005
269198,-0.23976437991500266
69672,-0.18061969311000503
74309,-0.21774933076000202
69993,0.334127966680005
74334,-0.21250055169999627
246104,-0.21123245343000008
110310,-0.2415148274499992
414084,-0.2933929970400029
100113398,-0.23430331867000564
19694,-0.2743984715050023
12918,-0.2841562475850008
230863,0.18705658798499858
67537,-0.29188206543000117
100683,-0.23153653640000105
675812,0.23655363060999512
67370,0.26184747564500377
56847,0.17352269105999785
67504,-0.3574843836200001
213262,0.4890452812799988
68299,0.26836737891499807
73467,0.20194842520499723
70843,-0.27023624669000235
68970,-0.21557366170000591
68614,-0.1286161166800035
51938,-0.4823696868300007
268297,-0.15532173553000206
21689,0.24980486561999848
68510,-0.13178065148500373
16855,-0.1298864735350067
69401,-0.28216060170000024
14463,0.243036624979998
329470,-0.23961459572499777
242341,-0.220226484175003
69241,-0.20553145050000055
21821,-0.2942948742550042
68753,0.29507623177499775
18741,-0.26416042753000246
70571,-0.2571163520499997
22038,0.2716163193200005
59093,-0.3831904095250014
269181,0.1933499203349971
14598,-0.33543755409499987
11605,-0.15735411900000962
268656,-0.3922301969050084
12287,-0.336411680315003
270160,0.2313597969649983
69642,0.25875078037499666
50996,-0.17248478316500115
64292,-0.08209543225000893
109222,-0.3718072365100009
72900,0.09265919795000066
59029,-0.20511912867000603
18704,0.1954236717099942
19651,-0.18118633816000518
140904,-0.20931760090000395
18760,-0.32658050062000266
71685,0.2667210464149967
192212,0.2683211017549989
83493,-0.11673422206500206
26373,-0.3264040186499999
234857,0.1924819814100016
105348,0.10546536043998778
19272,0.32304962469999854
75617,-0.29911093474999983
239618,0.22490895567500013
78052,0.305597365054997
11447,0.2242291341599989
77889,-0.11652053018000608
21411,-0.12727792398499815
20639,-0.11495162024499983
236285,0.2310978419900005
22598,0.2760211854300003
381259,-0.32448580657500026
70561,-0.18293887842000167
56696,-0.10250947485000594
72230,-0.33252354828000286
224585,-0.20439902305500013
74451,-0.07410470645000089
75956,-0.22098086116999927
27096,-0.11683619369500065
11975,0.1254850871799924
97820,-0.1286210548500044
22671,-0.2997940992750028
65116,0.10876309338999768
19092,0.24055704435499958
104771,-0.08323318990000139
228094,-0.30517671410500125
67707,0.10683113809999689
229363,-0.26012384123999954
15461,-0.14075748368500207
70802,-0.23735056216500183
77110,-0.0890821221950091
52132,0.20038877361999674
97064,-0.30317388387500266
93760,-0.18163497599500644
11555,0.1735093099599938
18102,-0.1158136826000078
546144,-0.2633697393750021
72927,0.2787520494349982
68152,-0.16694620691000672
18973,0.29443389288499766
20846,-0.2877810532350029
57435,0.25139720920999586
71340,0.20156705439999723
11569,0.14392062125999594
12576,-0.0877137898999969
28036,-0.1836965497800005
11923,-0.4037418756450015
66493,0.11038671099998787
71817,-0.08727103870000796
17217,-0.118674077220005
66336,0.2793226875399988
545474,-0.1517066250299992
66816,0.32643918935999805
29859,-0.3750557328200017
75669,-0.18740118132000028
66875,-0.22846731755500116
235599,0.2345971283049999
12466,-0.2944709311250042
28040,-0.14032816011000016
103236,-0.09486694910000537
105439,-0.3284471079300024
16399,-0.15276167750000447
12775,-0.15216247260000237
108112,0.19538654782499876
12482,0.12640603794999805
75805,-0.19333382302000235
14154,-0.090921490850004
67980,-0.14954807895000144
218624,0.22381497019999763
66878,-0.15091720140000753
56189,-0.2002816587450038
23992,0.26155161778499814
329941,0.39028784877999767
211666,-0.11596709900000413
230959,-0.28523741175500117
16401,0.13351005319999665
14470,0.1270048660999965
66257,-0.23643393631000187
66659,-0.10489199612500144
380993,0.25648393107999823
22385,-0.23002495107500565
76563,-0.2985120427300023
80290,-0.14720312336500108
57778,0.4094226168149939
15394,0.36440963264499615
15958,0.1679347221199956
52906,0.09693767561999689
209003,-0.11880616642999975
15369,0.10359524940499654
74340,0.1288947615749958
228598,0.37884432402500146
72112,0.3049111993949989
15229,0.4099685418349992
13047,-0.1590132542500058
66262,-0.281466861565006
67345,-0.10129891975000405
101809,-0.2816767719100022
57439,-0.1714088912800058
12555,0.22605912086500002
22317,-0.14613364601500223
20269,0.20039806137999827
17925,0.11369527254999845
383491,-0.24967348654000165
113868,-0.09791483944999868
78232,0.12475571133999708
12310,0.32581907227000206
15278,-0.14148575655000428
403175,0.2896975469699985
26754,0.08627018520000007
67332,-0.08194543122000297
100504183,0.2281349891699973
66905,-0.11692989587000113
68992,-0.2528688725550037
12894,-0.16267695368999924
16796,-0.3126074715650011
319880,0.14825357614499612
66498,-0.10611748088000539
57748,-0.22015623268500306
277898,-0.20406750749000002
12142,-0.24790159952500268
192897,0.20789318191499628
12288,-0.2740087435350014
100177,-0.2709739764100032
219148,0.1731044772299999
67306,0.3241412203349956
11798,0.13888356366999943
27399,0.08970892894999594
56214,-0.12070971444999934
108089,0.17100501573999694
18736,-0.1948585324650005
24086,-0.2886234127300016
329795,-0.2275855248750016
66854,-0.12242612780001139
232984,-0.2088969584300031
17846,-0.14802358042000208
224344,-0.12569336409500043
240899,0.2680774578649996
104759,-0.1171360734700091
80904,0.26694385512999563
69597,-0.12520331558500786
18504,0.259268193839997
68565,0.10907573174499596
78781,0.08631292514999345
263803,-0.3630278828650022
75939,-0.2234344804500017
19249,-0.3072964185900018
228812,-0.2474188842000009
20340,-0.17098869195000077
16777,0.38974479286499797
381318,0.23930897366999737
18439,0.25772538994999916
24102,-0.35472887355499916
192662,0.11288321339999463
69718,0.3835468587599973
22750,-0.2342180943550014
53379,-0.10198477595000455
72039,-0.24650991398500555
76701,0.2460095369649986
74338,-0.26895133501000235
328401,0.2554127925599974
217342,-0.14822520640001002
232413,0.1921845812999976
72404,-0.28312536791500253
381798,0.2401119334799997
668501,-0.1140436137600016
72565,-0.7248949891000054
269397,0.2079413436649986
214779,0.26407673223499817
404545,-0.21177140937000027
219135,0.12027251504999725
74337,0.2529631559499985
12671,0.30542253606999825
16969,-0.15161160598500345
12290,-0.20465126282000323
14772,-0.25535958353499844
22661,-0.09877159573001215
22152,0.4013767288299954
14693,0.11737077069998847
22416,-0.2281895651300001
319625,-0.23015928375999994
94043,-0.2587507848700046
17957,-0.31997303308500324
26971,0.21444944324999682
320027,-0.23986003735000017
73713,-0.30171496361500116
242506,-0.3221408400400021
240427,-0.3143273131350002
11749,0.14267749559999032
66825,0.3328174095349987
72434,-0.22060197712000207
78825,-0.2289817436650008
13038,-0.3623832212600009
382793,-0.3785147446700039
67046,0.3549046842349979
105653,-0.2627869636100044
70701,0.28318521520999784
67976,-0.15670316779999816
12124,0.2094887952999973
71020,-0.24802392717000288
328801,-0.0927145074650042
16911,0.09336430439999255
77579,0.3887110732449992
14432,-0.2560612535700013
74370,0.1159455185649989
20671,-0.2815814810700008
242642,-0.23534006850500022
20687,-0.3393241999150023
74187,-0.16121653961000249
23923,-0.326318026685001
237336,-0.09789592765000421
72446,0.11574066127499982
11481,0.17096490063000047
56437,0.2756735586849963
18231,0.48377597401499894
224023,0.16449515391999547
332131,-0.24329893518500345
140477,0.35669073610499913
71241,-0.17561198518000287
104027,-0.24239194883500037
67556,-0.16157921764500216
56068,0.17378648602499425
19286,-0.13407224076500235
50914,-0.1644816670650009
26936,0.11918717244999577
58185,-0.162411336000007
319448,-0.23023473492500024
20292,0.18383208866500045
20148,-0.0984955860500012
16502,-0.29500992494999956
212772,-0.10960873184000253
11977,0.16057535604999984
213464,0.14624623242499535
107526,0.11614348109999639
68737,-0.19353843159000217
232164,-0.2767397485800016
237436,-0.19528734624500155
106794,-0.09426297926000338
64706,-0.31893682549500113
109108,0.20289322773499663
17246,-0.10128003534999763
231637,-0.22158222126499894
27027,-0.10306950035000106
75533,-0.25487151534500097
78806,0.23662503215499875
114606,-0.24937012994000352
240087,-0.10868907593999921
72823,-0.18509222153500282
171508,0.21150395329999672
83674,0.3410648204699971
319945,-0.16643705977000067
56194,0.18905901739499953
232970,0.14688856927499927
228608,-0.12288700330000246
219144,0.26502931134000196
233204,-0.16121078750500573
20271,0.3113322883299965
72852,-0.25756666331000133
216516,0.3017471483649983
497106,0.2194270782399972
230757,0.38685869394999806
71946,-0.2376182052850062
432516,-0.2609226112049994
15201,-0.3751049549400012
26385,0.11874029814999609
12704,0.31814002526499596
237010,-0.16574155768000498
272589,-0.17270397854000308
27419,-0.19778612925999894
330820,-0.3163216749900015
217653,0.3059623619849994
269593,-0.3140577055200007
381801,0.2957165367249992
103425,-0.10165189515000783
70918,-0.3672291329100017
241327,0.3581405988249986
57444,0.08415210239999027
15371,0.46337484523499883
67785,-0.2902064089550027
76781,-0.29223605874000125
68509,0.300640990299998
192185,0.09989687934999658
14426,0.2829301001799953
71971,-0.2598368102950044
54324,0.2334219480249966
208908,-0.2087239209850038
52710,0.1833203890149946
12608,0.17188796537999806
14658,-0.3779192816500001
67470,-0.25582056205499937
22190,-0.15111647570000208
16164,0.2212914767599985
240726,-0.18597757963000028
74766,-0.2725992567750062
110172,0.08703961521000281
12995,-0.09750780583000562
234199,-0.2460902197150041
207920,0.22458893071499908
268301,0.2540694462299973
71609,-0.0914759338000053
19253,0.10236883779999673
66172,-0.09759494664000279
12386,-0.2645836788950007
14104,0.22692088026499935
94280,-0.09609958820000664
27273,-0.1776474956150027
18518,-0.17040606203500452
140579,-0.2400732384500026
212168,0.2499805697049986
241525,-0.3327600942250011
64658,0.08901182954499554
241159,0.18027230199999922
77864,0.2901873029349984
58239,-0.1365734867500077
80280,-0.10747721530500165
171211,-0.2918697977700013
218613,0.13853033240999757
243937,0.3601009589699995
69564,-0.2238828796800001
56462,-0.09311172290000158
60507,0.3010669661299952
224619,-0.10811881560001169
67111,-0.16183989348500383
74136,-0.18261680731999963
60611,0.28964954812499766
100009600,-0.13210024288500222
16649,-0.08803895751499802
18619,0.3053442347999962
69190,0.2702808097199947
217069,0.10324438079998899
208691,0.15737149333499545
74205,-0.24244080302500048
76809,0.11051715794999595
14254,-0.26935273398500303
66506,-0.1525611032900045
20526,-0.3629030583749988
100503041,0.2702595542249995
240215,-0.16851921937000292
15417,0.2712485371049982
102774,-0.2731381083099995
74626,-0.18337406297000491
67138,-0.20792402186500603
105440,-0.1084590293700014
234130,-0.2679563515250001
67184,0.08150586549999161
22431,0.14092706603499794
76022,-0.38613138362500354
52187,0.2872068001799972
68607,-0.26862673835500406
238988,0.135817576134996
74352,-0.15643076082000196
215280,0.09717871109999443
100226,-0.2616714967
21414,-0.11382360940000602
212706,-0.12812064735000384
100040591,-0.25665942588000235
77318,0.24035638953999827
232232,-0.2109793923200014
241062,-0.2760907275250055
252864,0.24639143423499732
50850,-0.08466110748000588
330671,-0.14397118743999915
29857,0.21138614757999719
241850,0.29158254748999823
93721,-0.1964176198100005
22628,0.22749868900999104
385674,-0.24104819391999843
72357,-0.10285088718999624
116810,0.3829969250949987
27403,0.08642118484999806
69920,-0.0909043872499975
74419,0.40685736825499896
70616,-0.13087489405000063
17749,-0.11378779410000739
233724,-0.1818200655699984
18795,0.26719854963499845
209200,-0.15386327567000002
360013,-0.2575262147400075
69602,-0.2706169060150012
433938,-0.4001870626549988
217410,-0.35970710021500274
224814,-0.1518192475049993
20917,-0.29363718415000495
30785,-0.14626862304000188
58887,0.22714093077499786
217166,-0.19966360047000142
246710,-0.18139076995000458
11571,-0.2433838152999992
238266,-0.29705263091500234
194219,-0.24550866477000044
224116,0.14746420113499603
252973,-0.4480037915750037
66230,-0.10754878037000637
14616,0.19353454512999813
66109,0.08587441339999202
21843,-0.07975523510000038
238384,0.1939993120199981
13516,-0.2279053697150002
225870,-0.16145313025000174
78255,-0.10305304499000201
11634,-0.217665764870004
56175,-0.28165328460000083
56018,0.265868320964997
18013,-0.24798310755500275
16663,0.19825164578999743
101113,-0.2949161876600046
12043,-0.0898882750650074
226075,0.2396623331899992
67099,-0.23073878931000102
16159,-0.3951091583800017
266620,0.20157533243999826
20255,0.3495416985099995
50758,0.18681565675999856
16541,0.10529529989999808
353502,0.08974497964999806
53598,-0.07837979625000635
22379,-0.28171446835999703
21407,-0.31467073522
19281,-0.25851079300000324
74068,-0.33038314514000033
68728,0.31387128637499906
94315,0.1435717084250001
70884,0.3411195278899988
83435,-0.21622391245000294
667118,0.0946361151999966
70579,0.0946361151999966
12774,-0.3474316335300047
22700,0.23765140177999822
14812,0.26410721707500073
71889,-0.1511414349500022
18261,-0.2959281935000009
71198,-0.2727816504149967
16592,0.11474801570999915
22222,-0.19726809890999952
103466,-0.3582428934700026
70097,-0.2581954600300014
50935,-0.1154455179900058
102747,-0.13801919905000304
69299,0.25531422464499665
67128,0.22602083914999938
69663,0.3418437938899963
19719,-0.10561244791000668
66196,-0.24678801880500156
74351,-0.2617205321800018
105837,-0.2540542023150021
333654,-0.23792225001000222
17886,0.14879631489999312
93732,0.295106857575
66904,0.3054009105049964
140570,-0.14964529168999974
73699,-0.19369904005000027
68205,-0.10799667284000591
237759,-0.24751549260000072
18985,0.1262856183999972
105859,-0.2870129325700015
30877,-0.14865893914500372
13599,-0.2628618251199999
94215,0.24489810031499815
239283,-0.29034945462000206
14245,-0.1903668747300049
72701,0.3476354025549986
73833,-0.11419664573000787
67393,-0.16465559622499804
104245,0.16680200451999783
239250,0.24213162926499843
20465,0.12659047962999814
16498,-0.2895593710700015
66689,0.12458823034999789
66959,-0.23066759424000072
11991,-0.1339263493000047
30928,0.17138805566999338
12767,-0.17266755128500222
224705,-0.10558966615000642
68925,-0.1902748566400021
71326,0.09358708959999618
635169,-0.21881615376000152
16391,-0.11378170265000875
237422,-0.14962578577000496
17183,-0.2717458318450019
55961,-0.3126084796300015
320655,-0.2760552955000053
66691,-0.14333500672000454
69187,0.09507576246499738
12298,-0.2671681622300044
14853,0.2580055612699965
240396,-0.15873712579999832
18571,-0.11379327556499952
434341,-0.1352263147950019
74164,-0.1445305334749989
68567,0.3659927024599994
21940,0.1451313280249984
72429,0.28379965580999933
67102,0.11063959849999705
67158,-0.26181361251000546
12861,0.07533247690000344
75097,0.21297979589999816
18241,-0.26188928327499816
14319,0.06413137039999839
67465,-0.15350721304500325
67300,0.06625163519999688
50883,-0.21454195981000002
229228,-0.13511300959000394
319984,-0.2312593590950014
22284,-0.218286484810001
56791,0.08349930259999283
94092,0.2658188893599993
72058,-0.24407200931999729
13360,-0.30865302686000096
109294,-0.5977893688449987
16172,-0.33819334918000266
269955,-0.294226618495002
13144,-0.22491953254999686
78286,0.24466153590499928
74748,-0.20414572700500244
329064,0.24150971860499926
171567,-0.2373733753250029
71728,-0.1285692326050043
240057,0.23179614655999892
52064,-0.16655498862000417
16439,0.09727483689999161
67728,0.12390785851999553
107986,-0.1608212294700042
80285,-0.1210208650850042
58246,-0.25483168193000516
68375,-0.08618620142500255
104303,0.08462399893499395
233877,-0.23011937999000232
330064,-0.2897049284250022
235033,-0.18158301625499984
12042,-0.11894381698000345
93876,0.28155289235500014
108682,0.16029175719
20909,0.09495355124999705
20605,0.17777085732999787
71709,-0.2136268148650009
74243,0.16199148733499502
18611,-0.11219816378000402
66696,0.2345443636299991
77975,0.07897448604998836
18223,-0.3934998532550007
213527,-0.3815970480349984
68875,-0.276309481214998
12578,-0.21287014670500337
18488,0.2530783343399996
228850,0.12859294271499522
378425,0.2750933589349982
108837,-0.1130580630500031
27410,-0.08801118342999636
74914,-0.3856192888100005
12766,-0.11384899979000451
226519,0.2049522157499979
12462,0.11971484207999517
214301,0.30888341888499893
19164,-0.1031331488000049
14938,0.14063318249999135
67291,0.18177735158499875
69113,-0.15009126481500346
77573,-0.2197750842300028
57743,-0.20158576812500328
214531,-0.34087371210500184
58227,-0.23920325832500033
231070,0.25823603724999966
14778,-0.3461279592199995
66603,-0.19319453710500145
75430,0.16531247536999594
80901,-0.12493619519000276
100515,0.25278484237499743
140492,-0.0868016460400014
271842,-0.22740154033000115
320633,-0.3010472793349983
64340,-0.3286638923700034
13445,-0.10608655099999886
170459,-0.18449966855500222
66161,-0.14452388463500299
353170,0.168375412539997
13885,0.0912490807999955
17713,0.07298947609999296
238831,-0.18859085715000035
73998,-0.41038392370000487
12193,0.10429505449999787
14025,-0.13968562741500357
16396,0.10688169537999315
58244,-0.2905105675650077
16009,-0.25599786376000155
12686,0.2754887692849981
58170,0.1959663680449979
11790,-0.254843724105001
23837,0.1085547172299961
114874,-0.24631702874000183
71989,-0.19432691944500213
16985,0.15269408150000174
50779,-0.19095656062000455
65961,-0.0987010292000079
68153,0.10099633009999742
12902,0.10206165014998625
50778,-0.2988147931100018
18159,-0.27441446702000105
56706,0.2073248130049974
78754,0.17218833768500064
103742,0.0872861358499879
78926,0.10005228324998683
12062,-0.228626354325002
433667,0.3404774998549991
93746,0.20281924480999525
225187,-0.23892474771500272
80986,-0.21384765402500072
19713,-0.1947463898150006
20198,0.09475111079999365
76826,0.28541874553499635
210376,0.17237969078500104
217835,0.19973317399999857
77914,0.3775338218850002
30930,-0.15096628819000202
66320,0.08564636349999866
11883,0.1426112458449964
75869,-0.10971017736500599
72759,0.16550309599499968
671232,-0.217305045870003
54126,-0.10001449942001273
227612,-0.10827124847500258
19193,-0.19100221791500216
56695,-0.1176936645700053
14806,-0.21060437871500248
108123,-0.20089940256000194
192157,-0.13562099025999608
68177,-0.11368667843500191
18767,0.274027267814998
21749,-0.1223073099500045
12741,-0.3324313104500005
208117,-0.221847474835001
68966,-0.10150003814999664
12296,-0.28417107672500297
14056,-0.25395769833500115
80292,0.24859986863999595
22018,-0.34896045431000244
11835,0.28530639173999894
21954,-0.21657624849500134
70430,-0.21447375518500156
68729,0.19850512136999932
77522,0.16824944962999888
27278,-0.3029193875950016
22376,0.0876434526499974
19243,0.09360694107499334
619310,-0.28819694313000266
259300,-0.28770383807500277
17714,-0.16294281828000212
15218,0.30727117979499896
70008,0.32657973100500026
19045,0.12341542369999381
66557,0.30232181089499743
11429,-0.09394270263500992
104215,-0.09883973274499702
170625,0.1243173883399944
239099,-0.1550673157250051
98878,-0.14319656583000206
80283,0.07273219199999481
26891,-0.09897953481000599
54369,-0.10256002165000133
170756,-0.3629672592850044
23845,0.2661668296199995
66277,-0.36134653199500333
73032,0.2366423591849962
240756,-0.08551446920500716
215690,0.28721400567499966
66505,-0.13680740338500463
68942,0.3284464009249932
332175,-0.3414022574650035
224617,0.28492503046499884
67516,-0.15440419587500243
16521,0.17234086319500097
78796,0.2597370178650005
244701,-0.255650883770004
320472,-0.2846115695200009
22123,-0.1062161462000013
56504,-0.19217305936500395
226250,-0.18567569471500178
241556,-0.17472290875000418
67778,-0.10778512169000187
231464,0.13533892044999618
234663,-0.1934366309250013
100043861,0.22304657177999587
11489,0.18173341658499975
20834,-0.24469161527499939
75695,-0.23218237007000297
72504,0.17233243414999944
67733,-0.15541110506501
215090,-0.25219140826000075
268291,0.2603903917049979
16601,-0.18405097241000057
381983,-0.19412204864500016
20612,0.17186786072999904
22051,-0.1262772535900032
14086,0.24983939895999852
224008,0.35518072915499754
104086,-0.10940764303000083
23894,-0.263557916210007
68975,-0.23832525870500287
56055,0.31031314319999836
26894,0.08294135958999505
71927,0.08428613488999304
667772,-0.25277654477500144
24071,-0.09915255566500747
55980,-0.21064480846500544
93672,0.16421145093999812
18793,0.12758139398499146
232493,-0.2751059547200003
620779,-0.17579643651000154
17005,0.24728878746999872
14723,0.12440482037500011
18798,-0.22040264355000083
71827,0.21538137802999735
66143,-0.18036145293000416
11514,0.259862133584996
14794,0.14106702257999615
320528,0.19099194809999887
18220,0.09025853009999274
18624,-0.15482877184999921
14030,-0.09582367168000339
208898,-0.18017565818500358
20674,-0.22295815750500125
69710,0.13334865389999884
56787,-0.30577925855500254
114713,-0.18320086415000514
73225,-0.16304149571000082
72831,-0.09883150135000207
19729,-0.12501397935000824
252903,-0.08909601540499956
209224,0.1490362592799972
622434,0.15400800941499826
216781,-0.22746035034000123
72345,-0.1933995224350067
216749,-0.15512804606000064
67732,-0.2607447483100005
381085,-0.10711152482000053
66899,-0.10113297171000823
270004,0.23775875778499955
235043,0.1615373084449967
99377,-0.14062767195500037
22325,-0.24760614274000137
80902,-0.28260589816000126
69833,-0.08556832061000463
20652,0.26596962864500107
14809,0.3352137304149956
64685,-0.09937362935000671
18479,0.2648684531199992
20935,-0.15940793187999702
382236,0.1421209404600008
12371,0.09856356865999594
109254,0.2762987608599987
50932,0.13351943505000108
18639,-0.21808202104000163
208994,-0.3965547321999998
69398,-0.19406104977001082
26371,-0.1385983531350039
83924,0.1847948056899975
231630,-0.25801327536500285
654824,-0.15238958207000586
208777,-0.18928938654500183
237256,-0.1920480319950073
66152,-0.08115044160000195
17719,0.1480453066999985
67459,0.2371825086899979
99889,0.158005733109996
72401,-0.2905080535250031
109910,0.11272551657000207
14173,-0.20353749076000183
12447,-0.2914887253800025
14257,0.19220213961499866
227615,-0.09262077344000019
110391,-0.1733797489700013
215008,0.2663926480399956
213053,0.24537440635499763
26875,-0.13270242147000566
20473,-0.20525693730500016
100340,0.3706779528099986
69662,-0.10976626960000502
66606,-0.134089770210001
112407,0.2426369588099968
53612,-0.08607453595000081
380629,-0.1057266639600023
20502,0.28555422318999746
239546,0.16459351912499898
215445,-0.1628468202600013
16545,0.1598559652899998
53311,-0.15384029283
83702,0.3311020566799985
77590,0.13436941140000158
210757,0.15264883136499474
223691,-0.08432861874999986
53618,0.1459387071649978
100972,-0.21521131346000288
18631,-0.09263840232999954
246190,-0.19261852389999845
329504,-0.15738778943500442
75415,-0.2266914712350001
381280,-0.2121108905150031
56484,-0.19937426359000376
234258,0.2286185402299985
12808,0.2649851387399975
57784,0.0908290058999981
14695,0.1826211304799985
234776,-0.15101704614000688
13356,-0.12270071017000994
76899,0.20479215835500142
11432,-0.22341235135000037
11781,0.2804717608799958
14007,0.08686581155000006
14645,0.10173547393499227
98193,-0.06489252060000439
54137,0.14208096762999567
68764,0.22213784290499383
67935,0.2415130092999993
66494,0.0986833028499916
13427,0.10780374149999439
14961,0.16296615890000332
71584,-0.2412003038999977
67674,-0.09668039520000349
66977,-0.3529637319800001
330662,0.3819183501699994
66725,0.1153251344899946
665180,0.1993085292699992
108067,-0.21202485403000093
73316,0.3379680405800012
194597,-0.16467203572000289
19886,-0.3056998362200014
16151,-0.17350635656499946
383766,0.23319521835999613
18607,0.07432744384500012
244144,-0.23115051814500287
101540,-0.12827050735000256
381823,-0.2894683078350013
66590,-0.135897622015003
17936,0.08524541948499653
17301,0.24674927388999457
28015,-0.12394985645000922
74053,0.2558787824099973
13000,0.12277931862999303
54384,0.26637706770999836
75480,-0.06913063769999894
68311,0.1759013252449959
59308,0.2690070236449986
68159,-0.2563072846000014
19289,-0.12761651055500245
242662,-0.21863967301500153
75668,-0.22381238593999964
76800,0.17100428040499693
244179,0.18704157185000048
72674,-0.08554480290000299
20354,0.12327346940499595
66540,0.10614982719999055
435653,0.15017912475499884
15904,-0.2875341915300016
72614,0.2716494491999968
241794,-0.2943272677450013
50723,-0.12544899922000496
230654,-0.2276713768000036
12958,0.27250588052999936
75964,-0.29092928006499985
67974,-0.2279347802000018
331461,0.3105459342449981
18132,-0.20801269729500005
12040,-0.18904255107500845
22751,-0.17868139698499874
74006,-0.0881082757199998
266744,-0.3092424600850001
353242,-0.08195662669000825
76742,0.11399250011999484
57782,-0.30270221931000485
56535,-0.3438338294100083
68693,0.13639169577500088
15874,-0.2797893296600016
224092,-0.09674809667500739
19329,0.23305757384999826
23877,-0.16620044912500376
21871,-0.08889764205500583
80907,-0.08955786639500474
218294,0.111793568519996
14163,-0.17692333047499886
53378,-0.11024651700000554
54486,0.2194917892599988
54519,0.13937914884999358
18970,0.27792733520999935
68294,0.132254440179997
12847,-0.12332627060000334
227231,0.21437494542499902
56739,0.12472460228999793
18415,-0.1291032428150043
72137,-0.17998681513500348
53416,-0.3207167497950012
71990,-0.1389336507500083
94184,-0.1485449795750018
14608,-0.29820778923000324
69807,-0.21314450417500108
20638,-0.08943102816000348
67059,-0.11652368469000685
66105,-0.10230385465000147
71713,-0.23330786070500142
14084,0.1291957357099971
68337,-0.16430056590500186
22092,-0.2107129612099996
353165,-0.20221335630999882
17311,0.2015304049199993
76438,-0.1383432881499953
67841,0.11548748302999456
234366,0.12300387742000218
67863,-0.08418581895000976
109889,-0.2177468608350024
320040,0.295963681945
266645,-0.23221950472000152
23789,-0.14518900211499997
242109,-0.23379377184000072
224088,0.24078586954999803
68743,-0.2597112600400022
13842,0.20275758363499907
226970,-0.19815689933000247
77929,-0.279266954109997
71829,0.2528882142249995
338362,-0.32196842718000074
70026,-0.14591593730000696
69017,0.16948021858499773
70601,-0.13050562526500187
107733,-0.09137122003000897
52712,-0.10274354151000153
50702,0.22324373413999954
14977,-0.09013172210001485
12353,-0.22217064565500033
53601,-0.2007473438900016
70650,-0.3016587620550011
329324,0.23572239348999746
212712,-0.29266792623000093
231642,-0.1280212147450026
233064,-0.05990894869999863
75273,0.2251648963449977
68889,-0.14531651214000085
239405,0.21174337610999938
77097,-0.123427459545002
16870,0.19410865407999633
226594,0.11259106839999156
26940,-0.1328866836999989
230674,0.10471363068999473
332309,0.1733603107749988
70598,-0.3412576089250021
70349,0.14701150236999894
67684,0.10465513314998987
28185,-0.134061194774997
230753,-0.1066890236000102
57028,0.13046669056999516
68815,0.10067205927499856
227835,-0.08336285039500702
67103,-0.3083015324599998
106393,-0.24659301200000305
71830,-0.1938761728249987
78306,-0.2600758894900004
68865,-0.24300572677000254
223775,-0.23643061781999908
75495,-0.24483713367500037
26441,-0.08107113144000522
69020,-0.12223794144000344
16068,-0.08810223825000385
75212,-0.08810223825000385
20853,0.2211117859049958
21687,0.22933723334499945
330177,-0.1644910878150032
56726,-0.10136864652500677
231646,0.32163940338999986
17954,-0.2311153840900011
26356,-0.07191442880000842
194952,0.22790190123999743
21349,0.09692054598000333
56365,-0.23408270007500231
237082,-0.1799914303049981
170719,-0.1152262401100046
237073,-0.22898777096000256
171180,-0.1800483382750011
56426,-0.1177522536500124
218518,0.29886075867499784
74840,0.09619185466999802
56612,0.08372396960000117
268902,0.2112115324399988
71956,0.21646436459999663
226654,0.21699459526499787
54123,-0.20043201520000586
56044,-0.0766075844600067
67703,0.18533619223999853
12821,0.21848543958999933
66201,-0.15564851911500277
67681,-0.121088005770007
98403,-0.2611790254500015
66335,-0.3099132954500039
233424,-0.25543602451000424
18091,0.3167470630649971
54393,-0.2316808716850005
217201,-0.1487891855850032
104601,0.3018895058949971
19346,0.07997748079998956
110596,-0.3614606034550003
353190,0.1842588122649964
68270,0.18188218770499986
101700,-0.22056189019000172
20360,0.2524048317299945
11829,0.21454791123999595
224897,-0.1635025715850027
13177,0.0838450923249976
52696,-0.07156143655000413
66686,-0.23222175844000326
239839,0.19984505863499846
16194,-0.10043517915000066
102278,0.20989325440499762
16527,0.14358816019000198
381418,-0.17710501345500207
104175,0.11609573289499764
20833,-0.10851826835000544
56795,0.21158949141999894
234421,-0.21847950072500666
11419,-0.2892808327450034
320011,-0.10423050745000495
211712,0.28151489438999633
83766,-0.36442648098000197
68828,-0.24549049820999969
14049,-0.16563376548500308
110750,-0.24798929762000022
68011,-0.11516886290000805
52202,-0.27666550913000076
77794,-0.25262592795999916
106052,-0.1230102318850026
19069,-0.11510951938501002
15977,-0.16071350342000335
66190,0.15525218097999538
56041,-0.11462019529500544
93688,-0.17597831870000036
383563,-0.16181446512499864
232146,0.21095276986499956
27360,0.14006530125000438
237860,0.13673607430499501
12344,-0.2973826632600005
54196,-0.08273906280000709
53420,-0.21901594133000035
329693,-0.08363469395000678
67568,0.20782161879999883
15213,-0.21723407969500252
108138,-0.11927816136500091
18969,0.2649588210399969
238386,0.2208528611299987
67959,0.10450739676999454
13618,0.2919803306299986
12167,0.28436577157000054
233332,-0.1841348100950011
252876,0.148870392294997
74521,0.336927833604999
108800,0.2822104553099969
268882,-0.21329852518500303
338365,-0.22573905340000344
12617,-0.19181753214000263
623046,-0.2654682083600006
12215,-0.13608503900001168
246313,0.23868693783499983
55988,0.0765475223199985
432779,0.15334778384000014
67122,-0.32713883321500115
70567,-0.11585207313499879
269336,-0.12656988435000294
72413,-0.1690640929950038
213827,-0.11728198226500375
57869,-0.25077576895500453
67268,0.07863036809999002
330470,0.30562695177499766
23912,0.11967226664999586
100045792,0.1817756712299996
66988,0.1363947708049995
19280,0.1266793715499972
21936,-0.09448983022000235
225030,-0.26312120416000084
67302,-0.16839751187000118
330812,-0.17403880248000192
72615,-0.2629099251450038
14178,-0.20251856176500382
76932,-0.14634962109500194
67528,0.29285961232999735
19017,0.2659698462899982
69547,0.30824822541499985
56631,0.16751517477999567
66496,0.1030580325999928
16904,0.1437440264199994
18198,0.1943347775649995
16168,0.18631178831499984
69256,-0.2916400967100028
20493,0.26411393358999824
320924,0.2656005026200008
68964,0.09454353353999778
19744,-0.17503242236500238
243816,0.1130835432099957
212541,0.22709685170999805
29806,-0.08030111345000712
60505,-0.2207036369200024
231290,0.22148326589499767
57253,-0.3878878481850023
207728,0.1084896993499953
80880,-0.23528992588000097
56496,-0.28420429831500194
72931,0.06465280789999817
66830,-0.11802200891000236
26444,-0.07332777130000778
76205,0.16544491134999806
65111,-0.07955958050000511
28088,0.09155032851000122
63993,0.2552503621850004
16539,-0.24572545311000127
13610,0.18227244963499967
56223,-0.14007507051000356
12903,0.3091405404499996
67219,0.20116337905499737
108909,-0.08443394846000096
66585,-0.14422216540500354
77799,-0.1881817671700059
338346,-0.29343627588
15442,-0.08452464409999472
54401,0.07033548248999466
22589,0.22831173975500096
237052,0.3161608965599991
18703,-0.30069176807000053
20352,-0.1733550776200019
67724,-0.2929264565800054
52615,0.08762918141999343
56405,0.10126136637999927
54608,0.21428696651999868
245650,-0.1912383464150027
70285,-0.16515865305000688
66916,0.07227350629999663
67843,-0.11430236376000202
13396,0.38288908123500054
109637,-0.23725923543000427
140499,-0.07718077350000208
228756,-0.14390492941500055
71583,0.22371048299999963
107934,0.2310088397449972
15434,0.39744655254499994
19171,-0.07045816490000689
19084,0.08348351155000344
80908,-0.2127512109700036
330953,0.29653841972499917
216859,0.11506421049999638
216858,0.11506421049999638
21917,0.09696247379999612
19227,0.2450232843750002
56095,-0.1450269988950028
64452,0.19992213296499628
67920,-0.12132582916500478
233016,-0.16203659270001047
76719,0.1987309907550019
15464,-0.20641625852000178
54426,-0.21511434764500104
210135,-0.1815121894000029
237504,0.2476448360500001
56453,-0.1008106240000064
13011,0.162708191084997
60321,-0.11458509076000567
208990,-0.12216951791000774
99326,-0.27147923149000164
231727,-0.1995174404700002
118445,0.2872398759399992
269328,0.17735426078499783
68799,0.26511501649999936
14427,-0.37993314510500165
59008,-0.09090971445000307
195733,0.3287556650549961
270162,-0.27645653551999994
114716,-0.22238518001000163
17330,-0.15462969270500082
14182,-0.1666539056850045
27993,-0.08427127725500405
100763,-0.18078711845000583
68473,0.3212008340999999
19355,-0.22020941912000414
15239,-0.09766612895000115
18412,-0.16724903579500072
94219,-0.22890236087500426
235050,-0.2244067805500034
252838,-0.24117076454999964
76884,-0.11400651064999856
53871,0.28533547201999987
105504,0.08265254729999327
214106,-0.21878174514499982
56463,-0.25896451265999954
66067,0.12807688280499363
80905,0.21637744569000095
69634,-0.20514453462000493
641376,0.39040778022999767
14009,0.23032919983499855
74120,0.08032628418999721
19726,0.22707674557499669
71131,-0.1835627680600025
241263,0.24399368441499636
320007,-0.12976491746000463
81018,-0.10172359790000662
18530,-0.1663322300450023
75782,0.2841281442549981
229524,-0.11979120791000497
12631,0.11489111429999177
98404,0.15080340241000023
230082,-0.1871937148200029
381359,0.2510071085949974
67712,-0.10631628040000507
12336,-0.06676590715000508
14824,0.12280868258999433
330485,-0.18651875955500197
108943,-0.25788981273500067
121022,-0.10209221570500837
269224,-0.2160541689850004
170574,-0.25992503077000206
170772,-0.16481601792000156
20541,-0.20394208667500102
14709,0.2982055247149984
105513,-0.08126933315000429
11487,0.0811959004499947
212090,-0.0865541989549996
230796,0.25059224464499774
378431,-0.17762124708500426
73095,-0.15968423485500605
382074,-0.23675580411500352
320508,0.2480678182700018
70620,-0.10408709126500781
227707,0.07206694599999608
17930,-0.37621527365499974
21334,0.28428382600499713
319513,-0.08817418238500707
225876,0.11308432160499926
217203,-0.14080454654000185
19934,0.11177626789999628
240725,0.27619885499499963
54140,-0.247556643985003
19158,0.09650328769999206
66355,0.11867914732499862
69060,-0.19315543150000103
13984,0.19704686821999662
434437,-0.32511171716500264
230259,0.28901073512999886
70316,-0.08100638759999867
209416,0.09897420378999655
68770,-0.0715803088550011
78779,0.19738723168999606
14420,0.1574032947099986
381924,-0.2952256808999989
320538,-0.12844961789500609
74325,-0.14075059660500244
71449,0.22320954053499964
227326,0.21711950215500098
320234,-0.1683028631850041
106522,0.207941515984996
66645,-0.30594021136000293
223272,-0.2974470789350008
319508,0.267737073764998
217715,-0.074119139100004
81799,-0.2311173135500013
384997,0.27796507018999916
72275,-0.25633238965500205
68236,0.22026675895000025
67586,-0.10812284321500343
72041,-0.11111509405500186
99151,0.11274328562999969
241066,0.13108676943500086
12709,-0.15633166198000037
239857,-0.20839687960500441
109929,-0.09519161354500305
230908,0.0881024736000029
243911,-0.20922081624500066
56087,-0.2308392706950011
56075,-0.10491854222000452
218397,-0.21662360861999908
54399,0.09789092264999688
21336,-0.23196165103500022
237362,0.1573072653849965
330149,0.29055345875999716
21952,0.20540890202499895
50724,0.07532709734999443
73893,-0.2041446841750023
66403,-0.19964893038999598
107476,-0.16295314169000719
72141,-0.2740785120300022
114584,0.09083193749999374
17165,-0.09684596620000185
110957,0.28632922165999863
219149,0.1746682837799982
100465,-0.21384784958500092
234267,0.17982337173499996
380718,-0.15774968124999944
226162,0.10989081896499897
17535,-0.22284705338500466
94061,0.12977841216999675
110835,-0.20762394709000143
15360,0.2294349567749996
319554,-0.20919779069999933
71078,0.2107501132499987
21425,0.11220801172999639
213272,0.651532062884999
22371,0.12619179639999878
241727,0.16761085641500006
242735,0.17997255393499678
11440,-0.21328572834000425
65019,-0.08354040409999186
23917,0.11303191848999994
22293,0.18778901666000003
12121,-0.1998993959250015
16825,-0.08254614029999807
100169,-0.27961168641500045
20397,0.10482845438999533
225912,-0.10252364705000261
26395,-0.18883613519500386
94091,-0.12369107589999828
54364,0.21172864098499478
16180,0.2032959414600013
140498,-0.16942893949500037
67776,-0.15729101341999918
12807,0.15605802819499637
18746,0.07308830719999548
83408,0.11077162930000028
108124,-0.09964619089999971
16848,0.1477989309549983
66264,-0.08529150629000526
327762,-0.21769406324000418
26918,-0.22250149118000273
239667,0.2533103846899962
77647,-0.08701025608500323
20618,0.2543812790049973
15574,-0.16108010394500027
24060,-0.2424457282400061
27416,0.20866765682999677
171170,0.2065747067249939
74377,-0.2552683304599994
69655,0.14094982928999666
242316,-0.23724058470000164
18519,-0.20899338698500447
12033,-0.20752069001500395
494448,-0.10349667724500122
14208,-0.13799427813500031
66352,0.1698509500749985
67968,-0.1684794962150038
211986,-0.0889419835900025
71591,-0.2947250001500059
17722,-0.1931193242750009
23922,0.1008262887500031
214459,-0.26508769115000197
234086,-0.2379454171650046
23796,-0.16271794314000232
14823,-0.14726984767500229
15982,-0.09836297356000401
545798,-0.1747730123050042
66757,-0.26850141088999724
17083,-0.09396819859500027
18509,0.17959158193000047
14460,0.07961867620000085
69352,0.21743750798499972
56085,-0.11524307821000512
58988,-0.1642008415050018
19220,-0.25997411513500124
12737,0.4807324623349989
71791,0.3102070698049979
224829,0.32958565244999694
94214,0.3620070557199977
100121,-0.15558331345500775
18028,0.24337030186499575
102595,0.06792431374999808
225644,0.32471598925499734
237782,-0.17572108037500733
80743,-0.09656726622001344
107449,0.19046588514999785
66734,-0.1679731286600008
54525,-0.21558776956999814
20686,-0.16342920190000143
54403,-0.31322995088000116
69666,-0.11593721337000318
20440,-0.1083253170599967
67993,-0.1499828894399986
104859,0.17695278133499492
227715,0.07142281849999677
18747,-0.1671045278450043
11784,0.3059706203149952
72190,0.17582461867500054
217480,-0.19304451572500092
71768,0.10732584549999924
231207,0.18989464096999864
71819,0.23527749313499946
73830,-0.05714146389999897
67057,-0.11109528910000321
66925,-0.0799566134000056
227644,-0.09981184760500206
70750,-0.1074164045200039
72003,-0.2225556534450015
14165,-0.12857228418000144
56758,0.07156501534999649
16976,0.23009662125999508
207704,0.16881774478499167
72167,-0.12840431891499726
98053,-0.07911677409999918
17932,0.2310656980300001
268469,-0.10071423618500219
12945,-0.2572479260300047
78239,0.20494608074499876
30054,-0.2533091814550006
216810,0.2074851597549916
14317,0.3220385056049997
242259,-0.3070821149650018
78088,-0.18613526301999972
321000,-0.1729539475400017
12309,0.2812432765949988
654801,-0.205302511360002
14161,0.2425811500599977
239126,-0.21886813515000014
75729,-0.21245058484000046
72826,-0.1897458040300002
12590,0.2239870349649995
67729,0.19194457210999705
276952,0.30618021365999937
21812,0.09447466453499231
66362,-0.19793192952500238
19130,-0.21628571176000078
240261,-0.2224828673300019
18073,0.2206294773349997
214944,-0.23308364175000662
56369,-0.06980707296000688
22163,0.07570717575499408
57312,-0.08565670687500493
55943,-0.10747146107000205
22350,-0.09087668120000458
15001,-0.12185684460000523
53872,0.2159232728149938
71891,0.07348593327499664
229600,-0.08411340220001406
18291,-0.18045386565000143
64898,0.09604345797499736
333883,-0.20688088360000556
18823,0.0914661092499891
17202,0.3078928240499996
497071,0.26353658730999907
116847,0.19729208421999722
226562,0.2518996982299999
227102,0.1415125941450004
217143,-0.19436502584500248
211482,0.21999363119000126
11845,-0.12390229407000852
53609,-0.0969502840500045
380669,-0.2450164769600014
69940,0.07794518572999287
223604,-0.27504133158000066
231214,0.1970218877199965
74996,-0.22725913212499815
67143,-0.0954050950700065
68327,-0.07650281869500297
67742,0.1319623354300017
78891,-0.11222187537000217
54624,0.10082927166499189
76850,0.13049212417499945
12879,-0.40988656792500233
252966,0.2104060179599978
20392,0.14158591295500056
216456,0.18779538742999646
76959,-0.07371093715000931
20532,-0.27780257651000095
102371,0.22314307597999905
77619,-0.12108352939500211
11517,0.11827633885999767
56397,-0.07374639570000419
57257,0.21696259181999977
23943,-0.12096332177500457
54352,-0.1274151709450031
67657,-0.09940686819000089
216860,-0.07857551490500114
60533,-0.2134834722950023
50754,-0.1093216853300003
107569,-0.16380554340000586
244281,0.18463398412500043
231670,-0.3152764785350044
16531,0.19266413753999867
75607,-0.201923212335001
24014,-0.12592045576000999
73902,0.2744217391449997
27280,-0.23213781293000757
75553,-0.06628302044500423
75456,0.22279421377999942
69683,-0.11757170086500235
232670,-0.12064058565001012
26446,-0.07645435310000259
230903,-0.23678716528500132
20481,-0.1941282804899993
100088,-0.22440571749500204
229302,0.24735968498499794
52065,-0.08982519670500011
64177,-0.2759541550250022
77613,-0.1759156077950026
216987,-0.10975345030000483
71787,-0.08144599400500319
209195,0.22937738017999898
13616,0.15962748852999864
59014,-0.20481670154500886
269378,-0.21444881602000176
387353,0.19397952834499899
69090,0.22311545570000035
66824,-0.08232555885000714
17089,-0.25171896647000036
56389,-0.07343215389999536
225348,-0.23965740430000082
12908,-0.21121581088999974
216739,0.3535051589799991
71881,-0.2335767637300039
73710,0.08718798239999614
67534,-0.19365968708000292
56742,-0.2159535821300036
75388,0.16556574293999882
11855,0.18750298941000043
232989,-0.10268311628000326
77134,-0.08750983680000779
14810,0.18711634281000133
223989,0.1478663691400035
66399,-0.20936769588500148
67171,0.08999560649999516
69539,-0.29667805458499963
78586,0.14606979955999844
12369,0.14406832080999443
105670,-0.27701819556000373
17907,0.19789995162000018
15372,-0.21155490237000185
74091,0.2690620290049983
270049,-0.2741315319650015
214987,-0.0806741400499984
93692,-0.17585816446000457
97998,-0.2443001532700011
209047,-0.22093678403000006
22788,0.26049365133999824
74150,-0.15186845058000387
218885,-0.2930685230600014
216439,-0.07327318557500817
229534,-0.11527644345000887
78251,-0.17660127186499874
20529,0.2507454688949977
214230,0.3606256305599995
237221,-0.18526341633000154
330657,0.08044110289999118
545030,0.10756206154999504
101943,-0.11693560775000478
66420,-0.07865446835000789
76527,-0.14249774123000059
11861,-0.156215464469998
80898,0.18259023198999902
234911,0.22033481000999844
224796,-0.20573319622500286
20345,0.0691275661499926
12405,0.1589709947599971
100038417,0.2051923853349984
17913,-0.10272605817000446
54473,0.08227934050499641
20044,-0.06644966590000223
68312,-0.23224860796999947
217737,-0.05515815540000801
18164,0.1956226328349997
72748,0.1734292348199986
19153,-0.19184557456000118
98432,-0.14749793739500294
68090,-0.12018632570000243
230603,-0.2866587903100051
19218,0.15539540472000013
67270,-0.1483417272300045
71137,-0.22170511691500439
269643,0.20390239718999847
14149,-0.07865889532500425
13418,-0.10553043531500528
26456,-0.3052466662000026
16470,-0.14402909972000266
17156,-0.11689830099500398
77053,-0.1661015193900024
20492,-0.16946033516999925
66374,-0.1573162287800045
14013,0.2763374004249992
17425,-0.2667279642000011
68877,-0.0679482850000035
74528,0.18989945801499974
54354,0.07761574724999143
50776,-0.09579418394000783
12367,0.15575766200999386
66422,0.07360152699999745
20336,0.18001896557499997
320024,0.17976499302499782
68879,-0.10949810893500889
229512,0.07139278035999297
19213,-0.26832293467000046
56222,0.13038137200499467
215653,0.08638330804999406
216578,-0.2374312470300035
12307,-0.21834313584500276
75387,0.12186971083499909
56429,-0.06855671788999995
23792,-0.17940121380500162
72739,-0.0679444584200013
59125,-0.06661517500000436
211739,-0.28981211513500105
107766,-0.1149269534000048
78240,-0.21104219466500185
270757,0.09289769779999446
64295,-0.08785270470000484
68295,-0.08829530351000159
19340,0.19534819635000122
226539,0.23061842614499906
109904,-0.18799356432000192
12613,-0.16670609487000032
101314,-0.07227743635001183
64339,0.26899029240999894
110611,-0.10497300990500058
78928,0.10652638421499816
19341,-0.17031602413000257
78593,-0.2833243432850008
230376,-0.19351447321500093
234396,-0.20741766856000154
71389,-0.2533571224000042
107375,0.21944486869999835
217837,0.1068819991199943
73112,0.09257363894999848
17912,0.23896975712499868
73016,-0.20826711133999964
12300,-0.28537372167000274
68794,0.19008205447999726
66126,-0.06616142390000945
100502841,-0.2086221899350056
66121,-0.08196588795000714
215449,0.07589535399999647
574402,-0.22140058613500058
70930,-0.23841702361000383
77531,-0.25803240018500073
319266,-0.21514970050000226
20607,0.13426481196999607
227960,-0.15471499791500243
21941,-0.14837631964000364
17201,0.4438777236250022
69590,-0.1985721002700025
78709,-0.2958034736449995
21915,-0.0966177577749967
18582,-0.11140376577000488
22030,-0.07168242475001207
19018,0.10222731349998426
13807,-0.27756290674500317
16977,-0.27756290674500317
22169,-0.1768947280450046
68988,-0.0988926519350013
245841,-0.13434370257000428
24105,-0.06993866740000598
20111,0.09823150889999432
56338,-0.1087821648500018
71702,-0.15789800374500373
213171,-0.20143669817000198
93747,-0.2349989053299968
108062,-0.11639003514500246
13852,-0.10922021835500573
434130,0.26637768517500016
327959,-0.13993811120001176
215999,0.20221491578499595
15566,-0.24708506181500134
72599,-0.28395522250000305
214897,-0.08455315402500752
52700,0.07422029934999763
18503,0.11400540760999789
20463,0.09506052499999385
232801,-0.21429980581000097
64385,0.3402667312599985
330554,-0.30056989416000324
320709,0.20563299764499865
54130,0.08417577539999854
242484,0.1417145722649975
18245,0.050949341299997286
93757,-0.12477280681000469
73668,-0.1502437783600019
55936,-0.090965101100009
239096,-0.220256860175001
11804,-0.07812607451000808
74211,0.15436855739999444
17387,-0.20474526835499773
22213,0.1641595062750021
14268,-0.19847202020500632
16150,0.07482304485499647
14365,-0.14130696235500295
234594,0.09709919637499631
170742,-0.15373765957499863
73834,-0.06871911900000427
66679,-0.08800799374500379
56846,0.16822816660499917
53892,-0.10319437088000516
56699,0.08281501856499496
11720,0.23925758052999946
26370,-0.08694650420000904
66278,0.11063556157999521
109323,-0.16329337984000158
67225,-0.08094529301500408
329506,0.16561060463999855
268566,-0.2142212259950016
66408,-0.19682606604999542
23991,0.07271816759999972
213435,0.1435805785049995
268591,-0.28151649745000284
66290,-0.07085550680000807
23794,0.1626314319300004
50780,-0.06899223865000081
16562,-0.14257363499000064
434402,-0.07599791187000093
75605,-0.09189607440000813
67273,-0.08364654896500134
233744,-0.19160077916499985
21951,0.22577002177999184
17286,0.19234673333999863
54633,-0.0619389227999978
24064,-0.22808254807500283
18717,0.2224481118899977
319817,0.10268452737999745
27966,0.14760622690000336
66413,-0.07268107639000299
69089,-0.08338256510000619
70433,-0.2793766601300014
381738,-0.1930372519550012
66952,0.18848322756499902
53896,-0.3360203323150013
56187,-0.27133757230000466
381062,-0.2058419005100003
59038,-0.2820942683650003
14733,-0.24498129310500083
67151,0.11371753996499656
60613,-0.1336514580350059
239833,-0.26583805773000035
76117,-0.11353357537000086
56409,0.06805002909999303
23993,-0.2289646472650002
218100,0.08097060644499443
27220,0.18508761369999638
60344,0.1871572871399998
83704,0.12170971340499648
387515,-0.17916399865999955
66629,-0.07157457823000257
75660,0.07263493441000257
56373,0.13621047430999678
244178,-0.06478225697000273
108654,-0.18232542971500454
12778,0.39443153575000034
72201,0.2589124217900025
223626,-0.16218006454000067
110147,-0.08599868840000546
171171,0.2200249901899971
28126,-0.13268298542500023
18477,0.07167086664998834
240332,0.31472290986999907
330189,-0.12249972319500735
23856,0.1201938058249894
17434,-0.05810166904500491
216393,0.3419679542199985
17884,-0.3160570027550036
218232,-0.1701360994900023
16790,-0.2641532280500032
246696,-0.0776186060450037
70466,0.2318764283749979
75400,0.18939649376499634
21753,0.1116487910249937
16432,0.05374290709999663
271813,0.25213783549999835
56734,0.18775587241499814
20624,-0.13290478255500737
237403,-0.2028132601400019
268977,0.11799304289499446
18555,-0.1350007347800002
69305,-0.11477514484001183
73068,-0.10318691735000307
218811,-0.10318691735000307
13361,0.16736533758999794
14714,0.2537494268799989
67922,0.09084279484999591
239845,-0.18275424708000232
99349,0.09163523958499908
71567,-0.23076761686000058
12236,0.14631747359999903
12419,0.2531893938899934
59050,0.08254975700000244
12828,-0.22061335895000012
67292,0.2941894757349992
19674,0.14365848465000086
16508,0.21181240400999757
14581,-0.15649158283000375
665563,0.13685847914999894
16923,0.08759309824999129
11905,-0.28780928782500137
232947,-0.18521549037000273
209692,0.22928377486999674
108937,0.11011724917999643
228359,-0.06433553600000685
71735,0.11790328677999895
270151,0.11608132466499477
100129,0.2069919773649973
240667,0.18728304896499637
27385,-0.17574313252499696
70380,-0.11687091312500186
12564,0.24782985030499827
110279,-0.08884874630500583
13667,-0.07015306175001079
69556,-0.08006796328000476
22275,-0.14566432430000198
66510,-0.06331881665500916
654795,-0.0844408010300004
22026,-0.0921918136700075
102680,-0.06312235839999758
66314,-0.0700069060100077
72778,-0.1914268254899989
75345,-0.3097670491200022
414801,0.07537404539999493
26949,-0.22230433728000332
68725,-0.174476378925001
72351,0.0865596782199951
52855,-0.1427535647350009
11651,0.0859800319999966
16403,0.10749192239998884
67201,-0.09469958145500357
20869,-0.09863394059500408
109697,-0.21429712115000044
22196,-0.07835640975000402
73338,-0.1359241566750029
228769,-0.1261512021300053
12091,-0.09242854470999973
66848,-0.23084794731500136
52432,0.0670526583499953
17250,-0.23016404974000704
66593,-0.10416393490500298
277154,0.19238417060999913
26404,-0.17252559650000165
71151,0.1355210528649975
97827,0.19151583544999617
55991,-0.05834338909999914
109115,-0.14453543004000036
18792,0.30395258606999853
67902,-0.23390988132000334
69136,-0.10177493525500303
210503,-0.16230856668999927
56198,0.16154502895
319845,-0.12443912614500796
56264,-0.1859291660300011
13426,0.15827751918499589
56296,0.3099085634449965
74616,-0.16980420712500433
17314,-0.09202586673000468
217218,-0.1860661569950004
11480,-0.2137761431600005
14345,0.17866968172499487
71883,-0.08764740080000344
65114,-0.1957722768950001
69470,0.05781515294999373
77832,0.1869047261299972
240186,0.1653564637649989
380614,0.2531875607149985
73139,-0.13901939403500663
20658,0.09556391074999837
242505,-0.2773242509050009
66198,-0.2297864814599997
328967,0.21872757488999728
244049,-0.11049533213500151
140810,0.22952636219499833
11688,-0.1701556153900019
67016,0.19312537607499536
19172,-0.07076220045000348
68802,-0.17888329531500258
18648,0.08409293899999426
227195,-0.1577919845150042
11624,-0.21428472976500323
59056,-0.16528698089000082
14526,-0.0639043686400016
12014,-0.12147908149000308
216344,0.08359743827499866
56367,-0.1298998125750055
50762,0.07174705506999679
14579,-0.15224013490500177
68350,-0.17002742408000593
21898,0.12327845032500129
12561,-0.28376550084500174
102545,-0.0846033841000029
69528,-0.30071139209499975
75965,0.19494752167999874
107373,0.09153045913500257
67775,0.11482446669999113
30935,-0.27999859274499705
50505,-0.19287817890000092
192156,0.18263747434499678
107029,-0.10904875158000493
78935,-0.18518419001000108
68520,0.1933911057299973
20400,-0.12818270758000416
101867,0.13310435826499845
14679,0.06598955454499134
26357,-0.10282947680500332
24055,-0.13431496577500113
21400,0.18475847098999942
21763,-0.22014145532000207
12159,-0.19286297180999945
74052,-0.18354529106000061
75292,-0.08825797674999514
105445,0.18475169696999627
13123,0.1518078348250005
17444,-0.1408596314099988
74100,0.16736448745999777
76184,0.18386908650499878
242235,0.19989851388999824
328019,0.18379298786499731
110380,-0.20563586607999973
72930,-0.14174747411500288
16421,0.07720479069999797
12799,0.0611219790999975
19348,0.3008956946249981
12675,0.09234022043999879
338366,0.07821587279999598
244058,0.11254721762499997
208366,-0.1332090155700003
66787,0.12223177979499411
110312,-0.22684757964000024
68671,-0.0716505602500046
101685,-0.08515880471999893
21353,0.15127029387499746
19943,-0.061812672700007454
12750,-0.08830912892999798
56403,-0.21235598540000122
231532,-0.2656885272450036
227723,-0.11268982667500183
67547,0.21158005933999657
107701,-0.11220920769999942
76281,-0.06792888444999434
56720,0.21556444274499942
69094,-0.0910990009999999
229615,0.14772397080499866
56362,0.21460035746999795
14256,-0.06843303086000674
18618,-0.11103523537500237
69962,0.14035252846499802
330836,-0.1700639699899984
14058,-0.10331326196000568
229445,-0.16126604030500147
67889,0.06909852647499903
110521,0.11485529958499896
13405,0.30832323872999856
66827,-0.07496190125500313
241915,0.14031631194499727
28019,0.05349677866999869
11843,-0.11363663863500584
26961,0.07392713989998967
11793,-0.07342849507500304
16816,-0.1962739068350028
16647,-0.08618509989000955
11552,0.20331799311499932
11471,0.1917067143249982
13131,-0.11711905330500194
67035,-0.21671047249000264
69456,0.21468676677999543
12237,-0.09665091559000771
55946,-0.12205906520500598
30949,-0.12973888311500126
217666,0.14962620890499956
217353,0.18715423144998944
19247,-0.05844071069999757
50500,-0.19351779855500206
56844,0.0644782553799974
13660,0.05504398694999679
114602,0.18211738460999793
69540,-0.177766122355
18968,-0.22289663940000537
320208,0.14694223995999778
14247,0.06671792614999994
229279,-0.07281103405000522
12445,0.0617130769999914
17345,0.20520515175999599
18440,0.14662211895499766
23859,0.1590304384149963
21752,0.2329021149399999
381605,0.12738740122500225
232237,0.22874719432000035
18815,-0.21034208789000086
225724,-0.1441776370700012
78913,0.1767452104149969
17256,0.06185447009499789
71955,-0.07532001050000225
242585,-0.15656307848499829
16803,-0.2409433072249989
66089,-0.1506944925400049
11421,0.1367689709000004
69656,0.2178381771250013
20441,0.14581424288500067
192775,-0.13942074685999994
12168,0.1428491757349981
381644,-0.09480296787500286
59011,-0.2880650530900022
18679,-0.11317508264500287
110639,-0.27324600905499974
56284,-0.16501439492500314
24053,-0.15340340328500268
66307,-0.24808498018500202
66421,-0.2243046245950051
104444,-0.11555891387000372
171210,-0.2262037549000011
104799,0.07936169558499806
19650,-0.2547741459550039
244650,-0.25332730777999934
216151,0.16922610283499928
68082,0.16294294504000018
13052,-0.15940483387500048
74132,-0.05908498505000814
226412,0.08734063304999751
209645,-0.1255266433400002
20663,0.10317662450499743
66218,-0.058023975300013575
20356,0.19730412584499657
16423,-0.05695253490000418
545817,0.13988403036499708
16193,-0.15495280652999988
17181,-0.15041476062500303
270076,-0.14335415435000698
210029,0.18128923001999553
229906,0.11912849091999611
80297,0.18968854316499595
108946,-0.1759425466100062
244202,-0.1967602992350015
69195,0.16370340159499674
71707,-0.2836856259599969
67166,-0.10537824656500305
12175,-0.057738325050008754
26420,-0.18249723673500107
74096,-0.08699747570000227
170729,0.19214980544499927
16579,0.15193009183499573
78651,-0.08917196770000935
50753,-0.0996819909250064
330409,0.20709149332999743
59005,-0.07846995695000736
269831,-0.2010130472600018
108853,-0.14532235678500083
69601,0.07510326516999655
69823,0.23106631873999817
58222,-0.06367225919000319
217351,0.12396550843499732
20278,-0.20833227061000148
433693,0.08189466925499644
12385,0.08585205540000018
192190,-0.2367527628599979
13401,-0.13821755063000296
66612,0.07854190745000089
54650,-0.1647498510950074
18799,-0.3062449474000024
66658,-0.15790397768000286
22171,0.1164913235299947
21930,0.2289264448300008
22384,-0.1018386936000013
320720,-0.20410481931000213
26398,-0.13774316878500237
58864,-0.15545534682499973
380755,0.17470966725999748
170439,0.12108785042499903
83430,0.17022809442999876
217847,0.1831438344550005
320158,0.18993997604500068
215456,-0.28996324477500135
231841,0.18799280682498853
16548,0.07593527084999785
229675,-0.1480474117700039
67457,0.08348951995000142
219181,0.16753830740999387
22346,-0.07057275675000341
17928,0.08369097682999671
22255,0.09852989800999801
69097,-0.19312366204000098
71843,-0.23420567872500264
76763,0.27646220946
23994,-0.06209774630000098
108150,0.08013405509999139
75600,-0.2568291788800039
244141,-0.133464484220001
74498,-0.2672907127099977
382913,0.11885961658999866
107568,-0.18432033198500353
269473,-0.12485628133000048
170767,-0.20121930022000178
67134,-0.07264838635000892
20393,0.11443193324999257
268932,-0.23239373611500147
67272,-0.12838516675500244
224674,-0.20356012418500224
17692,-0.08085078820500691
59009,0.21528816543999918
16890,-0.1663867721550032
14297,-0.09474315995999838
69592,-0.13617157438000316
13494,0.10234453645499819
18040,-0.39808305200000227
15387,0.06669524700000018
20675,-0.4198021926699993
56395,-0.2612996002100063
109346,-0.13237269109000316
277250,-0.19402366369500257
382620,0.2363149009299974
15245,-0.19854193560999978
76843,0.2498252934049976
216705,-0.11877308470999814
243574,0.19135236325999916
67667,0.0901817918649952
330369,0.17233110210999758
73162,0.1532272058249946
72144,-0.0823541800699994
30056,-0.1354020839399972
14302,-0.2137928187550009
76580,-0.0798620732650015
545481,0.27602626288499543
107650,0.11971531513499745
69863,-0.18700802816499973
102414,0.09399002235999987
243983,-0.17191447664499915
68080,-0.1864217019150054
432508,0.1189771114799969
217303,-0.2461277031450031
16878,-0.38172378836999954
232086,-0.17776487328000012
233571,-0.1423179155500005
386649,-0.06402777035000007
244923,0.09235994793999858
20588,-0.12471034710000417
433702,0.18404841952999984
72649,0.1497230035949979
233040,-0.14948610340500057
231931,0.09285217789999933
244548,0.10313642074999763
59020,0.2086194275949964
14607,0.19521825845000063
54120,-0.15482433734000622
103534,0.15808537510999843
23827,-0.1890417260400019
225651,-0.1438434305650036
232314,-0.1264325305749976
218490,-0.05067799890001368
12846,-0.057548578550006724
15485,-0.1661664332249999
56538,-0.2947281168700009
218699,-0.12955347780500492
21356,-0.06584135180000139
66128,-0.06736564849000182
433485,-0.22645965981999927
214189,0.21009362867999704
52715,-0.16467179397000287
18377,0.16204870799999993
71701,0.15796340607000037
272347,-0.1306364876100039
69162,-0.16350483115500225
20355,0.3266961432549995
18166,0.1567173986100001
217980,0.06911026192000236
15478,-0.155549603119999
77011,0.27526065073499995
17979,0.07759250325000089
77945,-0.11085092719000222
73132,0.1811602687549989
240960,-0.18725643593000463
56370,0.2674145394099985
224650,-0.08263398288000268
243653,0.12315825413499804
14773,0.06961072397499812
19344,0.18926036394999812
66624,-0.20567616022499813
94179,0.1485253833299991
13593,-0.2187107209050021
12826,-0.07354069067000069
50530,-0.21489740206000185
18475,0.20443846202999794
68226,-0.1817127732450059
50722,0.12513540257499578
72290,-0.15041668830500043
71929,-0.0762369585500089
403205,-0.13738253920499988
63872,-0.14728402355000192
66073,-0.07809502853999817
19123,-0.21880297110000146
546729,0.20925180132999888
386463,-0.2162351460600025
353188,-0.20730877086000188
26903,-0.17646553397499964
320916,0.12293379699499773
268512,-0.1682657839500008
72308,-0.16079059788500416
66069,-0.08102217775499998
50760,0.14871727785999944
67105,-0.1956798808750051
74182,0.10739103274999628
26950,-0.21294328438500187
23790,-0.0750221827000015
74901,-0.08673345912499997
629114,-0.20241334619000373
268510,-0.13609453613000255
16578,-0.16182597508000196
14940,0.1936366614749998
26912,-0.21052397385000265
18080,-0.17146943226999856
192231,-0.07830328568999789
20248,-0.1551751650400024
665119,0.15753194229999856
100609,0.20854873425499765
17347,-0.06968825460000438
56531,-0.24647770599499896
268294,-0.13673071007000104
52837,0.176452726664996
69748,-0.0727602751000056
72119,0.3365958330349983
13482,-0.20145650181000363
239436,-0.15996273921500004
14871,-0.10016389007499882
231876,-0.21865279147499983
79401,-0.15280072283999946
66618,-0.06370994050000434
234852,-0.055225022280005476
56078,-0.23218869018000188
66098,-0.10834321624000154
53607,0.10193217420999545
13447,-0.15250674177000167
233187,0.1409811158899994
22417,-0.14456124387000013
13138,-0.14019406909500098
63959,-0.17408382955000068
18750,0.07836218066999301
243914,-0.150860301839999
246198,0.08838009739999997
66797,0.25281963201999824
14344,-0.19217062608000202
234549,-0.059117798865003124
228866,0.4150010469049983
100986,0.09243120477499822
101883,-0.06935172540000778
231946,0.14830531773000022
252870,-0.08483840240999996
58523,-0.10112904107499965
170780,-0.1973733972800007
14681,0.16121590749500125
320634,-0.1280210128000041
545554,0.27364985294999933
11551,-0.12940050091500233
338369,0.19130097044499994
210582,-0.12603521355500202
74479,-0.06756351955000106
101565,-0.13301202947999968
230872,0.2549642556249987
66866,-0.20260798316999828
71878,-0.33749224310000026
227717,-0.19565018368999976
27681,0.048162886699993024
171286,-0.16901295123500049
29808,-0.14904681956000232
17188,-0.21881480259500208
30932,0.07236628330500139
54614,0.15606962704999727
68558,-0.10602095051000582
271005,0.2964511310149982
20619,-0.13096448040000475
16475,-0.15106018779000285
67222,0.17419100438499857
19743,-0.19149788633500542
227632,-0.21623130843499894
18130,0.18065906387499764
18992,0.27191407196999995
140740,-0.06275638441000186
19696,-0.11896971680000412
213948,-0.41231803098000075
212898,-0.17623412822500306
14107,-0.5475940120850025
17350,0.08736258386999829
72693,0.14452309614499903
105239,-0.17952363573000696
227631,0.22492973736499966
71063,0.14896019609999644
11491,0.17428962702499984
13663,-0.3242413817300056
11682,-0.14328998257000158
16885,-0.06882984201500797
338359,-0.13454771998000226
74761,0.15810160667999984
18511,0.19360777043499988
20382,0.09540508709999429
449521,-0.15776901647500363
228432,0.23430327338500012
67267,0.07688023948998968
74649,-0.1479783027200039
76263,-0.08659805456000136
66552,0.09007062731499538
170833,0.1436522502749984
71854,0.15163908940499748
12611,0.11983150281000121
140546,-0.15626230649499995
229714,-0.14398753519500262
71723,0.11481656896000025
70312,-0.07922801945000657
329628,-0.18641761298500015
239083,0.1618227502299976
66684,-0.2275984087350027
109900,-0.09674311406000236
56790,-0.10632573838999893
432677,-0.17595076707000157
14635,0.09032231187499384
75547,-0.08245491560000495
15109,0.17583033940999648
245638,-0.17118716932999956
20467,-0.045851506600005365
74335,-0.17997086682500463
77577,0.24585939732500073
211389,-0.07457169966500565
12862,-0.10473747264000366
69191,0.18220841321999792
20586,-0.0956247844
18643,0.10163370320000098
81630,-0.2361332312050033
232196,-0.11539319327500408
14657,-0.2170891289400032
12388,-0.16589460160499847
69700,-0.2374858281600023
66212,0.06029509659998844
18764,-0.1876209709600003
67767,-0.09299803258500461
22695,-0.1952359041850027
194231,0.2450147559599989
76722,0.20431172387000052
67027,-0.13349224535500692
15260,-0.19604476616000088
22228,-0.08967561580000272
71313,-0.18157211421000152
70769,-0.08767567887499972
66570,0.13940262480999932
53624,0.17948947830999984
16364,0.2535128392449941
15257,-0.14124882528500038
503610,-0.0683393880499974
74648,0.1536070641949987
69815,-0.20975762272500376
11877,0.16638418065999794
67580,0.20816566893499377
268449,0.07487855884999917
12151,-0.11879404696000329
212632,0.16233630117999986
21944,0.17747774032999608
270035,-0.13006770900000664
238252,-0.1844057839100004
22408,-0.13102686228000415
73825,-0.08797869097500488
12649,-0.1701699814150004
140859,-0.08976481956499605
319748,-0.06520446885500242
21357,-0.05480324799999714
66580,-0.1883857274700036
217716,-0.21004335023499987
23857,0.1657623123599974
100503879,0.2385058135899989
228410,0.16271228022000095
14026,-0.11555084060001164
21909,-0.1213888160150014
246048,-0.2116637568050037
18739,-0.07487342840001077
73809,0.16367820802999944
320487,0.22478204246499267
15203,-0.13273352889999934
110842,-0.0640641201250034
71393,-0.23938233565000377
13629,-0.07511480990000408
66059,-0.07066656455000064
641340,-0.15875426652500124
21881,0.04741393060000121
223648,-0.2078063197750044
214469,-0.09005520224999408
217138,-0.19736709373500183
77938,-0.07987845885001299
13013,0.16192497366999747
68755,-0.10313250636000593
230868,0.25445522953999866
14105,-0.14252619404500688
66401,-0.20209659299499982
12032,-0.19749061491000264
11538,-0.06975066099500538
58237,0.22212106949499866
77371,-0.18900832455000138
66661,-0.06397261622500494
70231,0.1262470137749947
69562,-0.12997720120500666
67647,0.18107620887999865
20751,-0.06547588007500593
19383,-0.09937561021000008
21388,0.13301930213499835
625638,0.33134063364999733
207607,0.1983929379549978
67795,0.2627581129500016
100855,-0.08700532535000072
60531,-0.146203465920002
13419,-0.12905046006000065
241431,-0.22467377807500366
15159,0.06551017259999625
218461,0.27067580753499865
17341,-0.10225548934000361
69934,-0.16335405641500333
20469,-0.08195813370000415
67849,0.08287939078999873
72843,0.16390419197999773
73094,-0.17962623499000419
15289,-0.05561719730000547
13417,0.08997816335000053
231855,0.0609690472599933
29863,0.22962612706999597
13557,0.1779260032299952
11534,-0.12432605772000649
228677,0.19138657594499708
239027,-0.17621005597000217
231382,0.18496505888500048
16648,0.07840714447999986
380842,-0.17070854442000138
12408,0.08201108379999944
235132,-0.1154717299200021
13209,0.08200856609500207
69186,-0.0788732316000047
30955,0.2526324740049928
74194,0.20621013969499646
72349,0.07020542879998892
109821,0.27550618859499876
140887,0.08958574044999956
14261,0.24737873404999844
109857,0.1875008575050039
117591,-0.17141607958000815
192657,-0.15334782603499697
12428,-0.15166638478000216
78076,0.1695629939699992
11803,0.257767645755
55927,0.06278317917999487
76824,0.05045939629999907
104445,-0.23806687546000038
329274,0.17680491511499907
26887,0.1370843511849964
93742,-0.1469002968750024
26896,-0.08018619085000545
21432,-0.16509431518000062
65967,-0.10647221977500365
84544,-0.08233109320000587
104776,-0.1014878321849988
56012,-0.13988275978999987
18163,0.2502062863599983
100273,-0.08523286359000437
13139,-0.10367674835000784
629761,0.16195104573500085
22427,-0.16177471981500346
26412,0.08288180613499208
20018,-0.0593866902500082
243771,-0.21767838853500088
233870,0.07412263358999915
74868,-0.11503343181000503
233066,-0.11711733278999858
66671,-0.15539439521000187
75276,0.19823536864999713
544791,-0.21309156898000126
229665,-0.12342918145000503
67418,-0.060599796755003155
52477,-0.07911708988000399
67870,-0.2106203924299983
66455,-0.19788778913000193
16646,-0.10352057398499781
320355,-0.16501046836500066
211978,0.19161084657999883
18514,-0.11664281110000552
246787,-0.15734777787000054
16847,0.1954069108800045
72393,-0.1535347945500023
231872,-0.055340807150006555
236899,-0.1785635605450011
72155,0.21369964667999497
66294,0.12391824481999514
66860,-0.34118957466500355
13655,0.22489190922499436
269120,0.19044709368
68323,-0.14786166165000125
20924,-0.08811013475000706
229004,-0.1096517760800042
22780,-0.21299300262999932
20811,0.14742300713499823
242608,0.2149462860899991
70239,-0.10794966841500475
20630,-0.07127088030000372
106338,0.12264345204499705
73086,-0.20735154015999857
71147,-0.14451825051000355
12274,0.18621222801999693
18610,-0.2428676643999994
269514,-0.3100686107200028
53761,-0.12773985987000458
56381,0.23282711718499627
230584,-0.053641638050001106
69955,-0.07914968870000472
70859,-0.14876836951000172
15416,-0.11906441005999957
12444,-0.07706087464000788
58909,-0.11975763574000409
140580,0.12818210956499776
434246,-0.1853039714750011
71968,0.05731075239998873
217316,-0.1464376298300012
100705,-0.20363610049000158
18516,-0.24595271794999984
244551,-0.10430285515000648
73826,0.06836787544999545
29870,0.1768969154899973
66616,-0.08545069164500418
20589,0.10224675406999673
353025,-0.19218538663000118
72117,-0.08824169566000162
17393,0.18201797847000023
13048,-0.13956000490499987
58250,0.19089347841999604
26927,0.15569103927999794
268396,-0.1641258322400021
70536,-0.1855305399100029
29876,0.06880917809998977
71599,0.1670365637550013
329738,-0.09698837254499981
13830,-0.19597205891000602
70233,-0.1295512850550029
217127,-0.101640923750006
68219,-0.0892742531900037
76787,-0.0820745507450038
99334,0.13109903661499622
434203,0.0644300625049965
98970,0.1503963581449983
56280,-0.1593439039550013
21956,0.1762579611999997
108989,-0.09912094652999848
66569,-0.19392252636000062
12226,-0.10886479480000233
60510,-0.11642504025000333
22364,-0.07614863945000216
73689,-0.06688439164000215
74369,0.2351592759699983
16186,0.09304384284998868
217369,-0.2004664035450041
76246,0.20099738147999524
50817,0.1886296263799978
108155,-0.08801589695500134
15978,-0.14251480748000134
78832,-0.13369516543000515
233189,-0.1746764520500026
13435,-0.08465856217000223
26379,-0.07464709116000279
70568,-0.11728458180500567
69549,-0.10329104083000473
110920,0.1581813508900023
231769,-0.15407366368000286
104069,0.1580254098499978
20408,0.17282751790999829
100201,0.12195892742999703
19060,-0.17229823990000526
66973,-0.0676322489000043
58226,-0.15050518205000163
14533,0.05947163014999468
23836,-0.24201999924500006
20724,0.36564284524499735
327655,0.13127843581499654
16776,0.1422340375049984
224813,-0.14776274017500235
67068,0.052385364549992985
27390,0.147147605999999
15898,-0.18768787921000296
232714,-0.1307179628150008
66284,0.07143310219999988
109349,0.1622937610449986
19697,-0.0796860898999956
66302,-0.08398836807500665
13167,0.054659118749997404
74477,-0.07629328269000624
19365,-0.12038501159000425
76088,-0.26363820205999833
21423,-0.13363845107499195
20257,0.14511212447499622
382423,0.055502905749994724
16560,-0.12044929185499864
77627,-0.17886934397500376
228994,-0.05206910850000668
59310,0.15700325005999893
17180,0.19180820249999675
210146,-0.2407900555300042
234072,0.1808103010399975
15486,0.16073315238500197
194655,0.1439690016349977
71711,-0.0874874391749989
67905,-0.06690555590000358
59069,0.10032676159999987
74108,-0.283268000159997
329260,-0.22034002113000195
20732,0.1444626643450002
207565,0.06310186120000161
238725,-0.1777527232700029
224405,0.2049814815699995
677296,0.13778609318999857
319196,0.17172811144000155
18949,-0.09899598538999754
13385,0.16846392202999727
69237,-0.13714875705000473
66497,-0.10326451785500446
69288,-0.15087706571000314
140559,0.162183994794999
57434,-0.2167129130900003
241846,-0.16728072477999856
209630,0.1933026584799986
117150,0.06552018807499316
13132,0.18900368672999823
11692,0.15300613048499745
68477,-0.18631821810000382
22709,-0.17628955362500331
21684,0.37378555552000003
74114,0.2644242199700022
75773,0.2423662304749996
60364,0.11791819684999894
110542,0.16375056849999758
67864,-0.10793663730000702
69253,-0.19490079947500227
243312,-0.16870453211000003
107239,-0.1484497983600015
233912,-0.09083898932000523
54189,0.1768812520099985
192292,-0.0758022493650028
321007,0.17695856775999896
59027,-0.23042362409500416
21780,-0.0759452157700018
75986,-0.169872011825003
76650,0.06347636205000207
368202,-0.13371206510500144
74513,0.22825460704999978
11539,-0.15929416878000113
100504689,-0.16442351852500314
73024,0.06420292773499625
20358,-0.16062290812000146
68079,0.07498619058999623
14400,0.20673023429499926
23890,0.17578109042000012
22146,-0.047164369300000786
227733,-0.25606014424500234
14011,-0.14774526738500082
232941,0.15769130808499954
231713,-0.2562099028249998
27374,-0.08910218516000157
20977,-0.0800397695000008
21374,-0.1175593921200031
22365,-0.1491999936800008
19142,-0.19701356767000267
233107,-0.13970316434500063
223739,0.13523389640999728
107522,-0.19287908224999883
80860,0.1716063115149984
14255,0.09183780748499437
17869,0.12782621007999673
52013,0.21098622722499982
229707,-0.06443512974999877
14199,-0.10039258880000723
320162,-0.07033016098500511
56445,0.1434530971400001
12057,-0.21006446249500232
73813,0.165017951774999
20841,-0.15496103964000163
14712,-0.08550076554000796
213311,0.23652094196000029
75763,-0.17582037938500328
217026,-0.2231867468249984
272411,0.14269550319999746
100604,-0.08430273162500335
12261,-0.082258047750015
54343,0.13134299433499486
208228,-0.08659594834999673
13726,-0.08888632121499995
12161,-0.1836526482900016
214597,-0.05319749300000609
12478,0.08211769864998963
15161,0.09162562385999706
66818,-0.0828535384650042
232813,-0.15903040610500074
80912,-0.10334835641500284
93734,0.2493725392850008
74020,-0.19407767001000487
18685,-0.15943767376000473
15381,0.06488108189999231
70225,0.07395101529999515
15975,-0.14562371260500484
22145,0.05023445659999126
67489,0.14354551965500129
17991,0.052774665500001205
72310,0.06619698639999427
319446,-0.1341182266300036
225638,-0.12576234075500148
29861,0.15240943032499654
78600,0.1037211919599974
382010,-0.1719074026849987
101142,-0.2115768008100014
69804,0.05716281710999205
227525,0.07729688425999637
15502,-0.22973013096000106
57319,0.0701317501500025
67655,-0.10225027358999661
58175,-0.1118002720500062
67186,0.04430392439999409
72338,0.04430392439999409
17182,-0.16885404550500027
83993,-0.12561561707000424
319953,0.10347554462499531
319998,0.09428201067999709
13850,-0.13208869095000342
18034,0.077058424459997
103583,0.06291157289000182
27052,0.1567273366399986
12889,0.1059288809099983
229595,-0.1510315539649998
13486,-0.07099533683000736
13876,0.20443075924999965
382239,-0.12491545740500332
330959,0.08250539008499302
104383,-0.20096573980500043
60409,-0.06280827195000604
50931,-0.08247382458000097
18830,-0.08015665560000507
107765,-0.2021362840200016
432486,0.15374141927999574
75452,-0.09613594723500363
75616,-0.06682533569000171
108148,-0.057031891650003885
52335,-0.16912585502000255
14198,0.16124773760999656
229898,0.08555132786999842
228136,0.06966979569499365
70355,0.17519567192000007
106763,0.15964691273999598
108069,-0.1372636330350021
22294,-0.05977817041500444
78177,0.1024336324549977
15421,0.2597614339249992
21894,0.09536854039999376
20211,-0.13475264644000085
332937,-0.20606039116000074
72556,0.16356888412499693
20873,-0.11347998150000294
16201,-0.2264296556749983
280645,-0.12384013230500113
18986,-0.08842030911000798
108116,-0.0487423802300011
12339,0.12114139545499736
13506,-0.2099475022500017
104416,-0.09543791339999963
71648,-0.18982730342499998
22024,-0.18146510402500038
320752,0.28461406075999696
67115,-0.06837428760000819
68918,0.1087265681599976
11550,-0.17643770734500164
225363,0.13370068186499662
67951,0.08955126353000153
71175,-0.10298511272500033
21848,-0.09241243422500212
217337,0.08924559371000029
238455,0.14706452731999775
225020,0.055420424774995425
22433,0.04681857335000039
27404,-0.17670757438000173
226470,0.08082345245999889
68146,-0.09794424810500413
71765,0.07683796599999226
28064,0.051400089769995105
11831,0.20901563519499922
237877,0.13884174221499812
16195,-0.14033752580500192
18674,-0.0745043219500019
65963,0.10699366899999596
26945,-0.15907641801500105
320632,-0.08074675474500381
75627,0.17254529849999845
100043314,0.13892680596499574
66448,-0.05171866930000668
667742,-0.18034880348000248
111174,0.2740303627449987
83946,-0.10658764780000318
75497,-0.14095913796000303
16785,-0.05206261850000615
237636,0.12499190023499951
278795,0.13888009025999892
12211,0.1432643213849989
20464,-0.14537470471500002
233199,0.1444241233600021
76484,0.12253230750499977
17384,0.50618851147
27784,-0.06929919712500521
18595,0.06578326983999938
11782,-0.14467116579500416
20649,0.10996290979500234
74023,-0.14845104697500355
231903,0.15946465572999813
239273,-0.09959455778000059
69217,0.2143647461149989
12550,0.09873583799999608
72465,-0.14316294230000182
227526,0.2102259593400002
231125,0.14964941851999924
207215,-0.1691154755699995
207375,-0.1404691780500027
21399,-0.1202184269799993
210762,-0.16739906225500212
320277,0.13015227958499764
227746,-0.16181283463999918
13711,0.15133652110499707
66193,0.0621757909499987
97086,-0.18957491652000202
109129,-0.05172414120500868
74117,0.07668859460000377
57916,-0.06702549690000659
241134,0.15950500062999806
108657,0.05307126699999998
22779,0.16233390262499992
246228,-0.17730126060000195
668940,0.14418624813999825
26879,0.13307837202999817
20641,0.06252885992499735
66361,-0.16331030054500317
67680,-0.053457133449997585
66844,0.16565097130499762
21784,-0.10936221402999902
235134,-0.18768882639000495
13191,-0.0644526142999986
14428,0.11382568088499934
17308,-0.0711357127000003
52708,-0.0886527915150026
76952,-0.1973167249900003
30795,-0.06176816095000426
72416,-0.06819566922500364
11870,-0.1237127534200031
16886,0.16688917923999824
19679,-0.10091784831500483
14314,0.14195337757499926
14430,0.12235233872999984
109275,-0.055281229605000703
20983,-0.19176627224500153
239931,0.11503916158499905
76233,-0.08012682830500673
64657,0.05696090214999394
19094,0.08684184126499694
66622,-0.07343237772000322
67763,-0.049621137600009746
73435,-0.1145899120150018
230025,-0.14204045263500031
69836,0.173941217274999
68185,-0.13838234317499953
330908,0.24919787931499915
20592,0.2572932985499983
66717,-0.15430798209000018
107182,0.07546689788499883
26427,-0.10872388710999914
69726,-0.15367841576000263
328234,-0.2521607171799989
11837,-0.04244064170000428
71769,-0.18609850971500386
237542,-0.18609850971500386
231858,0.16244643740499942
259301,-0.13942348155000062
73137,-0.24518756758000215
229782,0.132104720650001
16561,0.13640120246499698
64242,0.142590899095
235379,0.11204999029999696
72726,-0.06069034930001216
77128,-0.1533035790100028
17876,-0.12207771869000261
229725,-0.055869007690006356
242202,0.1214193849149936
14678,-0.07014303750000117
15500,-0.15191150108500473
70314,-0.08175220119999871
229700,0.1251198407199965
107951,-0.06479565430000278
69371,-0.10786489931000354
229211,-0.11553055789000233
71790,0.16153132710499918
215114,0.15027771459500006
213539,0.17290648861999713
52245,0.12669609560999895
66664,-0.09453366268500574
74249,0.2183104061299952
26405,-0.14586080927000378
56220,-0.0991082440700044
227449,0.10836910832499669
319695,-0.12472787635499927
230936,-0.19168567922499946
15107,-0.07972820625000487
320858,-0.1622542388050019
100039795,0.11586527985999773
68833,-0.11983862053000394
68816,-0.12604426113999967
54215,-0.20978602592500284
14718,-0.15472095333000446
20874,0.17487578715499463
338349,-0.12346775872500615
109331,-0.06956460550000187
71279,0.19336181873500013
75329,-0.1707948200099998
13860,-0.15576451160000104
66817,0.2259875982399997
77042,0.18771946972499842
494468,-0.14948723434500621
26414,-0.20884304692000022
55935,-0.16121366418500038
12338,-0.27245136345500187
26394,0.0561490034999963
14904,-0.08100071990000224
17532,-0.11751343613000387
67458,0.1267736305199998
66985,-0.05789287221500672
14397,-0.2409680713600011
270066,0.10711279347999536
18971,0.07641938577999063
252875,-0.22537353636500423
18041,-0.1556705980699986
73340,0.15253481966499827
234854,-0.08910317925000477
252974,-0.11998224441000183
140577,0.14383920768500058
104725,-0.06207692383500607
20848,-0.07279342780000242
109095,0.13062362530999483
170952,-0.1710316291950016
329972,0.10692642257999685
433292,-0.17686567796499908
216792,-0.14757837022000508
67971,-0.1451274209200042
101118,-0.13433774107499996
11409,0.16826157159999777
15441,0.054634464249993187
75396,0.248705950569998
21856,0.06121541143499698
69572,-0.1316911499050022
242384,0.14197214075499875
24051,-0.15079520408500358
15384,-0.06129560105000209
13353,-0.18360788784500315
72149,-0.09659555000000175
22619,0.15452551834000072
15891,0.15937783749499967
16402,0.09483410829500016
66880,-0.1488016148550031
380684,-0.17348197837500123
16328,0.17161415582999684
233900,0.10257784039999862
17695,-0.15345709174000177
103213,-0.10653959058000417
229096,-0.07629194606500178
279028,0.16108979439499915
100532,0.09736304437999976
71793,0.07117455644999726
320311,0.12291473224999638
11777,0.07531078617499176
109135,0.1336540806549973
57278,-0.15013192248000085
54394,-0.06602720474999835
243499,0.14712161345499997
13507,0.137899295355
54601,-0.22219738553500346
22626,0.18014391856499845
13166,-0.11361196342000035
65107,0.06113051737499653
235283,0.14056315938998942
21350,0.11065444206499908
75823,0.19346934151499706
18578,-0.0833504369150031
19250,0.18368278941499838
327826,-0.08493603969500363
243867,-0.10783130824499931
75622,-0.16837432903500238
16598,-0.07713799859999959
74386,-0.09918861962000491
56354,0.063374644949997
108098,-0.09626110724000725
11308,0.08387029830499682
226115,-0.1834894883700029
11863,0.06901230865499564
70573,-0.1498025669850005
110749,-0.06553971698999739
19981,-0.04847411029999904
27756,0.04973278806999737
66997,-0.05172124209999751
12532,-0.1774030973200027
73379,-0.1279710308450026
19062,0.08285770026499684
16800,0.06911866699999081
56207,0.0482015458599907
215332,0.13681350434999917
77219,-0.13817736714000617
57265,0.17923171619000078
22272,-0.06760026335000902
12035,0.2790477859249991
381695,0.13001108969999642
65105,0.05181842469999687
64580,0.14251214564999826
268860,-0.16591836795000248
215095,-0.21069615337000291
105785,-0.21392881863500168
114712,0.19563614665999784
213783,0.13036052491499772
83703,0.17578368761999474
56794,-0.14651471998000076
244962,0.12092959660999636
69281,0.14780097685999927
15433,-0.16862661730000106
11448,-0.1232097134500032
24000,0.14070122657999828
18505,-0.21013276118999968
78937,-0.13795250812500282
16478,0.05686496089999871
68576,0.050000904800006296
20832,0.06139658509999357
19655,0.06552343755999512
16671,0.11041412435999964
230484,-0.1146744631350014
18584,0.15132055671999467
98733,0.1430325170799991
19173,-0.05383732935000474
142681,0.11421467472999591
100216474,0.1377095901799974
18577,0.16302127562999935
69076,0.056731099969995924
236690,0.1075380482999968
60345,-0.14018385103500153
100504164,-0.14831278428000116
59026,-0.08096390948001009
69583,0.0917276677299963
213019,-0.06207403350000895
67212,-0.05275584611001172
78541,0.05719787816999222
11303,0.12959174800499795
12831,0.1284841359199964
621976,-0.1612024027450003
68703,0.13783475569499615
30878,-0.11383554979000188
71436,0.08567193019499753
15168,-0.21551615333500251
57259,0.06783868958000028
75029,0.1214771153799985
230657,0.1608452071599995
235636,-0.1584713468500003
15399,-0.09788728715500072
66365,0.11484471659499373
52028,0.14612556012999978
12740,0.28454103791999774
210801,-0.11703782087999981
27057,-0.052637367200006224
14473,-0.13411203111999903
53421,0.04894407995000627
20744,0.13663098037000054
12514,-0.07745200714999889
229504,-0.1427133416550035
77055,-0.08802780664500176
74213,-0.06127048480000141
239336,-0.16736399204000652
108653,0.16449608743999988
74133,-0.098467927515002
74522,-0.1393750041950046
11520,-0.09371892175000163
12265,-0.15698966637500433
72183,0.07615488887999966
110893,-0.11949418960000102
76299,0.10544493989499681
76915,-0.10481105183000139
11920,-0.08307417812000395
74201,0.08785328431999684
105171,0.10640146854999788
19063,0.12875297709499645
244216,-0.05806132700000255
18295,0.13385521001500011
12234,-0.11459744896500101
71998,-0.11335136776499954
56636,-0.12254085564500006
22218,-0.046820285800007966
56458,-0.09191881065000196
259302,0.13456169229000015
93735,-0.158174987029998
74018,0.12015439932499739
227157,0.12015439932499739
27406,0.05112094639999576
269642,-0.11401791023500163
18996,-0.42317691171500105
380601,-0.10369555258500363
12488,-0.06364223510000144
57246,0.10960274957999916
109229,-0.06660521101500017
54377,0.14987170616999856
14234,0.16597594019499917
213011,-0.14602943088000142
226049,0.1551629896499973
17524,-0.10258077530000875
23863,0.12485563623500173
320438,-0.11785894368000172
50933,-0.14540165628000246
104836,0.061945003714996005
235028,0.044639877485003865
17390,-0.14356296790000078
233895,0.05876672950000206
228829,-0.09506557115500236
24087,0.10939427573999838
72323,-0.14392102043500365
110197,0.16603591439499965
74362,-0.166599589905001
22083,-0.16054618658000486
14567,0.07053025091499698
27215,0.09125411153499385
140475,0.1421503450249988
384309,-0.05613623025000258
14623,0.0993892078299985
71300,0.16970199636499927
108083,-0.06770889128000057
13854,-0.04272460809999501
106582,0.0530041173049991
67145,-0.06140386900000294
117149,0.08524590089999151
56323,-0.1444045978050017
16326,-0.14554263326500294
235587,0.17028102463499817
241919,-0.20349183065000132
11750,-0.04859014224000724
54610,0.20074680738499673
67874,-0.12663716318000118
19732,0.07086176851499637
319634,-0.08270705862000094
70417,-0.16065176625000177
18670,-0.10763464516000099
232875,-0.14101369283500276
17927,0.13035953559000069
67255,0.14086857721999824
60595,0.050345097394995264
629747,0.1433644216049994
239420,-0.09900608414000267
72029,0.11321742229499598
70356,0.05043593237999744
68526,0.13864355702499598
66075,-0.04816460695000124
71742,-0.13088317240000436
192198,-0.11234037106000017
243912,-0.14828607546500105
12387,-0.0922059799300019
66911,-0.06158084933000296
56691,0.14469704061499833
629147,-0.07699039283000042
56361,-0.20193002099500124
240832,0.0585949228349989
56174,0.17449238156499547
11815,-0.20506846443500226
19896,0.06312056350000006
17777,0.09112284201499765
74549,0.1120466139099987
105501,-0.08401815850000638
67665,0.05267000991499593
225362,0.09018505857999592
231861,0.0941232213849954
78911,-0.18011831107000198
109791,0.1155988471099949
20338,-0.12515602746000454
105675,-0.06492892313499965
14395,0.1915940496400017
60441,0.13161761493499569
170706,-0.07114034112000489
16779,0.15077773719499676
381511,-0.1351202794550037
223827,-0.06446085042500549
13542,-0.0686057138900047
94352,-0.12857400105500538
230257,-0.08100102075000137
19332,0.14713804954999876
269254,-0.07304717120000781
14884,-0.05927939243000324
26411,-0.07142972214999688
78656,0.2122015485249955
237928,-0.1534953129950063
93790,-0.05833611379000736
244871,0.09817344855499677
226856,0.07322976198999953
237213,0.11670502837499619
170745,-0.17708875769000265
26562,-0.11407279716000396
216188,-0.12147451435499956
19024,-0.14472228552000388
30791,-0.0910916090000029
330192,-0.05403528345000019
229681,0.06736974866999823
67308,-0.17266481191500294
11857,0.06287020529998344
268973,-0.18701925606500502
15288,-0.16883824159000405
67842,-0.1100118301050026
66416,0.046319007499995735
20471,-0.24809694358999845
67036,0.07048973990499618
66085,-0.059670753700006074
12452,0.12092941568999649
278097,0.0832963292149973
77827,-0.25406089793000675
83554,-0.15248021348500185
234677,-0.22651461335500267
73822,-0.04708269458000025
77739,0.20886266957999666
18451,-0.0957110638900005
11761,-0.11273518325500342
64144,-0.08450100734999744
111175,-0.1764256652400018
11425,0.1351460152699966
68307,-0.17850576842
66113,-0.13483114409000319
101613,0.14431347345999868
14726,0.17966315375999775
15170,0.08164123699999948
18626,-0.09414919932500254
73453,0.14606959982999967
20191,0.13546072082999983
170725,0.1397307146900011
78816,0.08081988331499623
246086,-0.1729280288099999
64008,-0.14027036043500107
218440,0.1183013245399982
14447,0.13453321964499754
246727,-0.14910040730500818
319370,0.0412482193499919
228788,-0.15921284234000055
70810,-0.27398365169000183
330938,0.14134926201999853
330267,0.26732992348000106
23986,-0.04556073430000218
16418,-0.05725971755000003
224481,-0.060499125914999397
71782,-0.17529044587500042
238328,0.11832723747500129
544963,0.1154187702449967
219228,0.2605940664199977
110855,-0.11992150084500075
71960,0.15259311975000323
239364,-0.13272643682500185
114615,-0.06726753214999981
22642,-0.21580588219500152
626870,0.11562228619499892
13608,0.19710435540499827
13666,-0.11723344897000487
53975,-0.09947235539000321
14042,-0.15964358742000773
14802,0.11776197626500018
104271,-0.1900970712400012
407786,-0.2658340235600054
11772,-0.12831373831999748
76282,-0.08356889598500228
211945,0.14098340844999768
12506,-0.05842002845000138
76499,0.1852956370299994
215210,0.07184802761000242
226245,-0.2267374037800005
18205,-0.1638256271600036
76795,-0.05460724279000573
71712,0.12408980426999605
140493,-0.10325969307000271
14571,-0.20106193892999968
378462,-0.10630376698000621
56643,0.25516534580499917
20521,-0.12838442582500242
75540,-0.14538821836000437
70892,-0.13513889335000018
224143,-0.10775568361499754
69481,0.12038898162000056
12870,-0.13276195529000212
17922,0.11261623079499383
11984,0.041830048650000506
54445,0.07369558334999304
50997,0.1506055583199961
105522,-0.07407344639500124
207592,-0.0979347790000018
245381,-0.184169386155002
108954,0.15192135513999894
19654,-0.0700782085600018
20504,0.09842608375999973
18232,0.18468120724999748
14711,-0.13945246420000323
11614,0.07884512362000118
272027,-0.1377709469700008
13998,-0.1798743270050025
192140,-0.1403622065250012
71999,0.08269349331499676
78797,-0.04261127150001087
260315,-0.14911300928000237
56356,-0.05155128737999881
12723,0.14650052904999944
319642,0.09991207198499907
52469,0.044968962599995166
14859,-0.11885440431000127
233904,-0.13593124699000292
50789,0.11664647205000112
74026,-0.05136053249999861
207181,-0.20506480391000226
209462,-0.08955250468500431
209018,-0.08517454317500395
16897,-0.09984416778000105
211006,-0.09029794109500511
105638,0.11832526253499687
268663,0.09251347272999588
329908,-0.1517738051550035
76893,0.14611034572999593
12391,0.1631175081199987
69215,0.2126177544299992
230661,-0.08786052361999985
54392,-0.16633532637500092
18222,0.11356539994000059
76192,-0.1198484375600044
22019,0.16398401544499563
29809,-0.050246548429996096
67936,-0.07448019893000613
22059,0.15133845542000124
20620,0.16257309843999979
66340,0.04111509244999567
67269,-0.13970520941000242
67338,0.10732913125499799
11980,-0.07342814935000153
193813,0.06368214833499586
74004,-0.12310208766500041
16518,0.15270307479499934
14677,-0.1712583767500031
20525,-0.08789974243000742
171207,0.059294712499996294
67141,-0.20478090308999874
26568,-0.10546717864500366
234825,-0.04397290234999929
66995,-0.10289600809500321
11363,0.18325812701500244
216136,-0.1610176000400081
76789,-0.09173945947000739
12552,-0.23994942646000172
213081,-0.14057523900000302
70294,0.06162076047499809
70385,-0.1503339054100019
109731,-0.13987552800500103
14343,0.12078427753499854
231098,0.09872805387999817
114873,0.15941825034999857
57432,-0.073684397635005
54609,-0.10464478178000114
20689,0.1662586107099986
20745,0.13130220715499874
66171,-0.06376871978000942
78369,0.15260150345499657
52666,-0.15199761478000084
108911,0.07813985943999313
74320,-0.10165897202000274
212326,-0.1001013385500018
67760,0.129245692989997
16658,-0.12194382782500046
19157,0.04457626019999772
116838,-0.0973608729250004
353130,0.1585783871900004
268878,-0.11265483132000131
16522,0.10279328515999797
13433,0.10028239766499691
70804,-0.19862167151000243
108096,-0.1159598878350021
21982,-0.09602323268500257
217011,0.10443539765999876
433766,0.16172503884499845
13078,-0.12970461985500048
72654,0.03760374244999909
70762,-0.0624982708300017
320790,-0.07861979035000921
15490,0.13113105908999945
109342,0.11652814461999661
224727,-0.05762493095000387
257633,-0.08219761748500254
21933,-0.14739123479499927
380712,-0.10173698696500111
76089,0.1381667160149993
78795,0.08690335334999588
53869,-0.06456608864500346
12294,-0.0789800943750012
13813,-0.08254383907999774
66070,-0.041198436350002865
233979,-0.10194653512000329
621239,-0.34104412037500165
20530,-0.09009729405499911
228960,-0.12154487468000141
72293,-0.05505169156000633
15939,-0.1560835003450034
382406,-0.13749877870499994
22173,-0.07622753730000298
29869,0.13091111601000094
67136,-0.10387916578500977
54721,-0.13402892593000448
83984,0.14418455167499644
67333,-0.1335268696150047
19222,0.12307187700499789
226169,-0.10653211716500177
234967,0.10450730326999924
237911,0.12006928705499842
74087,0.13962932180999754
230935,-0.07219490320000332
223332,0.15100305905499756
381379,0.07782626569999884
623474,0.1465576086749989
108068,0.10098625893999902
15376,0.2038340272700001
240869,0.09282053914499677
108686,0.12403005011999557
67030,-0.05631780292000599
243372,-0.11009263717000373
64930,0.09704731600499983
12651,-0.058185849075004015
16828,0.05901922199999987
332397,0.1427092475749978
15209,-0.1054234044750002
225266,-0.13274024846500065
71699,-0.1668028897400058
72026,-0.06017508172000596
73174,0.06621421524000048
17252,-0.0544508203350027
30853,0.038506072100000566
68212,-0.05109493771000473
74388,0.05942457300499626
110637,0.15140844316999935
269180,0.11796751748499901
22415,-0.12317089234500189
246316,0.09647444166499897
83814,-0.12386578049000363
224613,-0.1235832599250033
70885,-0.07192830243000259
93872,-0.13222414673000582
50799,0.1058157882450006
96875,-0.0855171518700022
237988,0.13662457863000022
76897,0.39015621378499876
18979,0.060052518289996026
16199,0.14579979902999707
231086,-0.04608811245000766
76687,0.05830324725500091
67480,0.11217092206999624
15557,-0.22074785599000046
353328,-0.0900329974900016
11767,0.05948586539998679
12904,-0.09189917005000403
26878,0.10759085707999905
232341,-0.07632305465000222
226025,0.11787698684499404
11658,0.0789725958299945
102060,0.04546778435000043
72098,-0.10184395008000369
225642,0.10974397481999887
13869,0.15391767614499807
403171,-0.18877886952999923
13706,0.1076927618400001
75647,-0.13698094058000354
57339,0.13581686106499946
71046,0.12764824529500007
240411,-0.1373950332550029
56336,-0.06269528446000017
227693,-0.06023017265000696
18015,-0.09301765441500898
232925,-0.13543741779500262
75623,-0.12239289455000435
209446,0.04473208983500143
76478,0.039301601649993856
209131,0.07421697590999798
13796,-0.11188483816500217
77805,-0.05522185931000223
70093,-0.12484184160000389
101488,0.21664061802999823
99003,-0.11472957985500365
20316,-0.04181617875000576
71619,0.1621440372899996
232414,0.16419950657499172
216033,0.09895842777499819
110078,0.06215745065499334
66169,-0.046002622000013815
52793,-0.1258172768850021
17193,-0.11275599168000117
233532,0.11080999355999577
57749,-0.10598443267500102
110119,-0.1162380167650019
20452,-0.06526415585000755
241520,-0.10055687330000129
52530,0.048318511749998905
210741,-0.14545167605999954
21427,0.09638906937999714
70118,-0.12779027137000298
347722,0.15023742204999557
18583,0.07683646604499295
17978,0.0555100250749998
241547,0.15790930769999711
76007,-0.13053602453500002
80752,0.11043940262500129
211673,0.05498960653999596
18424,-0.15297024738500387
20346,0.15939825399499963
12325,0.06697674777000096
17423,0.06697674777000096
230738,-0.10829157368500475
117146,-0.05389913981499994
18763,0.04989734463999618
76167,-0.08752662804499955
17463,-0.06487843524500114
18559,0.10195825784499846
269855,-0.16074547719000254
13487,0.10579100433499855
50523,-0.044649360374997116
269999,0.0470660947999928
216846,-0.08462495189000041
229644,-0.4212845158350058
22215,0.13563649890499896
22688,-0.16908647580500258
76071,0.042855577909994835
76485,-0.06150211291000218
75613,-0.13220473250500042
12143,-0.17055966290500457
110593,0.12047492725499787
93689,-0.12921894174000403
69024,-0.10062830055000838
98386,0.044583151249993236
217082,-0.10744540042000406
72960,-0.094196258360002
93890,-0.17693962973999922
76816,-0.07232835727000442
18019,-0.08280137042500435
72454,-0.058542816989998414
229521,-0.07185441922000368
140765,-0.09552204824000654
24045,0.05579159664999267
66072,-0.049488647665002716
14421,0.05582757704999608
56185,0.07219830893000134
74691,-0.19652565777500186
23968,0.14249363122999847
241035,-0.12163221117500456
67948,-0.17509751136500196
330171,-0.09817270580500548
218977,0.15090416796000072
108699,0.07741239331000083
20186,0.13054187426999686
212307,-0.06911643855000094
27878,-0.14886670341000574
69890,0.15841848615499377
11737,0.05955366444999832
269470,0.06666216384999579
14583,0.09592879279499655
56376,0.13022466734000027
226982,-0.13269739661500157
16907,0.042525763849997844
30055,0.042525763849997844
67824,0.11121346762999362
12476,0.09193085362499787
11818,0.15093376143000015
22787,-0.14138314040499944
77116,-0.1450135498500007
270058,-0.07441431423000111
19047,-0.052197660099999155
18552,-0.10082450024500167
320127,0.13032497172999946
22004,0.0816402066299986
93677,-0.17096067184500008
239552,-0.07956171126999934
14228,0.06355665022499757
238057,-0.12376900552500114
12539,-0.04637221080000842
15931,0.08272967595499914
243371,0.06924324949999416
13204,-0.1694082900350038
16576,0.16017124966000074
226144,-0.06742368758000161
68836,0.046392360299993385
338352,0.1457687792899991
68597,-0.08173236774000614
235661,-0.14769991702500018
11686,0.09367166877999544
118451,0.15214259384000073
22670,-0.041843341050007865
22224,-0.057331298465005176
208982,0.1355266398799979
11754,-0.11023419618500352
52686,-0.1121348169299976
66337,-0.11887010379499952
233315,0.14065232245499537
12795,-0.10377729187000373
18044,0.16900381292999977
72611,-0.04198839484000416
233115,0.12772664322999816
69146,0.047313136299987235
67213,0.05198965349999618
213121,0.08976048498499267
170828,-0.15968042155999962
21463,-0.10385214486000205
67701,0.10241774894999889
72046,0.1357815357450045
16987,0.10712054701499785
13043,-0.17399210077500094
213084,0.1591863746399973
78038,-0.116806755829999
75423,0.043105913144997565
17060,-0.061800839550002706
67305,0.08747418202999846
217695,0.1311780629649979
244885,0.09661343603499972
213773,-0.16402430823000103
78670,0.14157508479499548
20931,0.13103028716499754
54131,-0.06243988295000413
58180,-0.12674339458499873
223255,0.04559451555000216
330502,-0.09058298118500652
18037,-0.14007490665000333
69769,-0.05034130231000766
74563,-0.08880417185500455
114640,0.16403186106500023
12317,0.04546684294999892
66632,-0.11157065504500352
192187,0.11982117655499813
117197,0.09555626194999611
72043,-0.16172318451500267
67276,0.13069659288500013
103889,-0.10842731959499918
107221,-0.15382989445500073
12638,-0.11358350107500303
18472,0.037298991449988605
233733,0.1266686479299981
193034,-0.13535388223500133
20444,0.08924916500999558
20378,0.14259287931999776
23997,-0.04216613807000158
208169,-0.18753977098000263
494504,0.12917371584000037
70435,0.053559663649989986
19414,0.07349030270000156
72432,0.1452487867299972
22063,0.13717180719499922
11783,0.19793597416499864
56626,-0.05277098556500093
71902,0.07391822133499559
74571,-0.3310119079799989
56480,-0.16180104794500227
75718,-0.17567563139500075
23882,-0.044556142400001164
192195,-0.13436793612500342
17705,0.03801665814999211
17710,0.03801665814999211
626596,-0.14650169240500155
117109,-0.05147015135000821
14055,0.04817993109999641
22295,-0.09751946895000252
68463,-0.04337720510000409
208098,0.13443380194499976
14079,0.155891414694997
24056,0.05855999323499894
67150,-0.06289179618000329
233919,0.12895659643499968
18551,0.1407388858999976
102334,-0.1671928978799997
70807,-0.04249105956000321
67709,-0.10845937497500113
100038347,0.06980036010499813
70240,0.07233417794999752
53885,-0.19960841138999985
67790,0.19183697541999933
22184,0.10053953864999876
18109,0.19303797244499776
19419,-0.05100916925000121
24115,-0.11408560801000434
14415,0.07444812561999647
67367,0.05892383165999249
228801,0.07383009690000009
231044,0.15043085900999964
17342,-0.0891654464750049
74105,0.04806936065999068
99439,0.05003236384999976
78334,-0.04940256513500252
320405,0.11059738984499834
70110,-0.04533392888500387
217866,-0.1430784570100032
74204,-0.10025509688000334
18457,-0.04153766964000738
66673,0.21599044366499864
319565,-0.13662826247000392
72103,-0.08629127507000334
11548,0.08819215904999922
211936,-0.10896693441500105
58231,0.052381428850003076
230789,-0.06426784374999883
105689,0.046409888489995055
215627,-0.11545512705500105
74711,-0.10353198813500342
16526,-0.1671704437099999
19647,-0.1555538167750008
235567,-0.08913332972000099
18938,0.05122274684999617
13614,-0.06067935336000163
237890,-0.18931739068499986
277973,-0.11907821898000259
24010,-0.06948070730001099
80892,0.16499102752999706
66931,-0.0654016884000006
56727,0.10162053827999973
22195,-0.03626989684999593
110877,-0.11083577140000145
229584,-0.12431413019500503
20402,-0.07128227391000497
114142,-0.07877878122500181
70829,0.048203743779999364
546840,0.11123912302499894
67966,-0.17878224061000303
241296,0.04961767889999713
58198,-0.1577393295700027
12628,-0.125908827685004
66357,0.05878794069499449
12607,-0.06722932208000465
114641,0.07393290443999856
13801,0.11343457293500059
243339,-0.1142572042400003
212937,0.1822071857199985
117606,-0.1648344544450029
224697,-0.12481126499500306
13495,0.16547242206999524
218544,-0.11059027371500196
70054,-0.09075549819499873
13172,-0.1106202795400022
236900,-0.0968536401700053
21405,-0.12956364457000102
233276,0.12944662770999749
80987,-0.13189187911000033
19009,-0.16600926569999963
19883,-0.13894547435000248
75124,0.10906815988999607
239408,-0.11113198728999985
319740,-0.05814669087501301
51786,0.08809382738499849
225579,-0.09105146810500075
338337,-0.15290391223999933
228482,-0.14488860724500263
72388,0.08373703137499788
56805,0.08654938111999311
56705,0.07423429090999889
26908,0.14532466209499795
12892,0.15034152930499722
67337,-0.050650947430000315
50798,-0.05248249407500438
81702,-0.06326354831000636
66411,-0.05224720383000658
55950,-0.05235538624000213
69349,-0.11734839587000145
381269,0.15807116776999797
26968,0.37698857894999893
668433,-0.11039835933500175
75692,-0.059760927875005976
108000,0.12045773798499715
15165,-0.1783180733500016
12653,0.08768273653999747
66441,-0.08966421043000672
104111,-0.1267195431500001
16533,-0.1310233330050008
11836,-0.05205100190001133
241118,-0.141685409915004
59013,-0.05888214695000471
223658,0.15882612407000263
64009,0.10352908371999803
381485,0.1276854687349971
232664,-0.1721517927250007
218756,0.05608184660999882
15902,0.11511168174499709
20264,-0.16783586739
76178,0.07593161547499605
194237,-0.10770127929000273
11826,-0.07418159185000306
73569,0.15731710691499812
67096,-0.1183699461900023
68738,0.049427610099991526
50794,0.06783373782998758
26987,-0.038824051850006924
18189,-0.17904341754999953
64933,0.07159663043499709
22437,0.12327393357499972
319758,-0.13413886788000795
16190,0.0630304921699949
26895,-0.10508602212000717
17918,0.12062730180000081
11304,0.12031728381999907
110962,0.05280573572499492
30057,-0.05001303700000115
59091,0.14609957848499944
622665,-0.08470832332000189
20190,-0.10238127180500278
100689,-0.08169830328500183
68292,-0.05713747730500174
102632,-0.12646956630500217
76223,-0.11727891433000259
20514,0.043137524030004926
70208,-0.13494266914500397
17765,-0.0956303203349993
53599,0.04373085495000062
207742,0.06397677974499949
99982,-0.04920920622500624
98741,-0.20691395161999981
30840,0.09072636575999748
70166,-0.11368675801000139
70387,0.06806005643499624
74414,-0.07160690776500012
107477,0.06414947768999468
18993,0.15373754312999877
52020,-0.14699381828000213
17716,0.05996727164999349
17717,0.05996727164999349
66892,0.08901608674000272
14775,0.04060767909999896
66578,-0.12458034591500144
241447,-0.08310840442500034
69519,-0.07478860456000369
18576,-0.06823636405000855
212679,-0.09980833479000317
64660,-0.04354375460000526
338367,-0.10440815104500345
233651,0.0908122366649966
23888,0.16391549952999807
58205,0.09012847917999789
232345,0.09290709653499984
75320,-0.05499496664000425
67437,0.04385501633998956
104625,-0.04329126960000629
212391,0.0642761181950009
19212,-0.0903982078200003
80888,-0.12540529836000225
14281,0.14819571786999752
12418,0.0645743202200002
269016,-0.17026041586000407
68680,0.11624553918499769
14088,-0.15296298154000088
50493,0.04499593124999812
74716,-0.11908849350500095
225849,-0.10193285921000772
68611,-0.06306186005999859
226999,0.1114617984850006
224090,0.16046634971999918
67224,0.07337763499499772
54218,-0.04822366177999626
70044,-0.15050704110000268
71529,0.1471608640849995
21855,-0.037457677750008855
212508,-0.1671200916050033
244373,-0.10408304206999919
83925,-0.09278796619000307
13199,-0.12265831583000164
245038,0.12498019264999805
66758,0.09576170378000004
56737,-0.10146204998000208
66822,-0.05033010103000457
329872,-0.1650232447150013
319618,-0.06310166832500386
235459,0.04207049828999132
72552,0.12144511530499447
21973,-0.09196983721500285
17339,-0.06799402082000272
266692,-0.07789292222000199
268996,-0.05438453998000625
66412,0.1328403732499961
54161,0.14659335080999725
71306,0.1348739534749983
51812,-0.049926739350000915
64113,0.0889810497300001
83679,0.05062518598499999
114141,-0.10369669694000017
78785,-0.10335841448000416
67040,0.05875935729999249
69171,0.03176897699999515
234076,0.10524319536499949
57014,-0.10729714379999855
107527,0.1305949493400007
271970,-0.10083339659000234
12854,0.1064348640799988
70881,0.11854807664999978
69219,-0.042490588650003325
215855,0.11982105258999898
104360,-0.14505640887500437
93691,0.040360403799992284
13107,0.10901591024499968
81909,0.08308624334999593
72094,0.11330406982999808
12491,-0.11425987424000539
15430,0.13921967047999928
338372,0.16396068205999903
78610,0.04843205849999599
72947,0.12979704764999678
66526,0.08576774160499667
12068,0.07727502942999731
19090,-0.10430572810000083
68260,0.10498691298999852
20520,0.09918734294500009
12830,-0.14254809981000083
229055,-0.11021001978500333
11306,0.09419996414499998
71325,-0.14860247293500173
209027,-0.11427213348000276
76877,-0.10509113515000212
170822,0.0440960409599942
16993,0.04413660974499933
213575,-0.1392008056100016
77040,-0.14731888449500108
22592,0.096773245629997
15132,-0.1310821636799986
20351,-0.04776256060000783
381990,-0.05191376036999884
16666,-0.10072000561000571
192169,0.05333820123499855
66795,-0.10336962392500038
71566,0.11597107690999842
53886,0.08637899259000026
67622,0.14245801779999745
97387,0.07003456819499654
18716,-0.11859909032500182
13682,0.04942988749999522
67769,0.13288933306499828
74890,-0.12220409083500083
380664,-0.12464126169500123
69784,-0.1274731225600032
13688,-0.0470422154000012
68525,-0.20506705216500043
11886,-0.101701964250001
72238,-0.18294502415500524
68668,0.16233744622999957
22668,0.05366065484499494
245527,0.14922927483499837
235584,-0.0711829214250006
74559,-0.04765481950999728
21869,0.05562121877999937
16581,-0.11382674991000208
75571,-0.12053723976999908
13684,-0.12783206251000045
269063,-0.15113375302500032
56447,-0.036390486950010015
14073,-0.05833037088500159
382051,-0.07496673626500261
93871,-0.09410718140000629
217198,0.14456754681499806
433904,-0.08729954709000243
77041,0.13849629094999827
74254,-0.16370115068499835
230734,-0.06409617832500558
71834,-0.0500548513300032
14697,-0.09238021523500173
12154,0.15957318627999983
78405,0.08728924309999186
81898,0.11422840553999691
73062,-0.06091926947500603
77777,0.14541902979999755
17901,-0.12515830142500128
63859,-0.08708357883500639
224224,-0.10709291421500122
74137,0.07538328988999687
56530,-0.053035587135003226
11704,-0.142076993075003
12326,-0.1392652283000011
71919,-0.04094000405000742
67178,-0.0844564656350002
71703,0.07838654126000044
16865,-0.07139088819499939
229574,-0.13540103156500205
14911,-0.05623520561500506
51960,-0.16706600101499935
66377,0.04047669450000235
545486,0.07808520489999538
66628,0.10173175484999852
18003,-0.06863074394000002
13006,0.07751552241999882
71103,-0.10344888322500001
67473,-0.10411577214999879
333433,0.1042565878849997
382038,-0.07360869450500296
208884,0.04518979264499201
18476,0.05642209700999956
78469,-0.10254702267500182
140780,0.07462236055000027
22319,-0.08613357165000046
624224,0.31096313329
78339,-0.03811293964999862
230866,-0.14356572851500005
56533,0.15417456000999907
26965,-0.04839073461000076
100978,0.14929576937499878
64656,-0.03170232500000303
24111,0.08856282794499659
13559,-0.07900166893999927
19046,-0.04249813600000962
14731,0.0717369946299975
99526,0.10283968914499741
76547,0.08231119355999805
107260,-0.06558342992500332
71096,0.17604378806999588
211255,-0.08251005103500209
16875,-0.1189590715950013
18768,-0.06216367076500173
15979,0.037964298700002175
215160,0.11686346149499727
214084,0.0990371898350002
22682,0.04346915288499886
16211,0.0584520439349987
17299,-0.0820573211450002
240880,-0.07886559494000167
56494,-0.04062952940000386
226849,-0.045628115550002235
234384,0.1255727608249977
20509,0.13683756498999777
52864,0.14497419403999778
71544,-0.1700060529250016
110821,-0.0920326976800041
54188,-0.03952415141500509
22242,0.13960795704999862
71893,-0.10168388908000114
108995,0.04859943854999216
103806,-0.05849122426000619
13135,-0.036181525049997276
54616,-0.042819986075006256
50771,-0.0845239711900021
319765,-0.12091382476000323
73914,0.14464450083999836
19139,-0.041966953685001585
14816,0.09570379055999911
109648,0.051475804649992796
56774,-0.10527551623000164
67013,-0.08419074493500212
69276,-0.041561856250002194
22720,-0.05563037486000333
66144,0.031212856799990973
94244,0.07612654155999987
22352,0.0541145495999924
77090,0.11567216805499836
16798,0.13420161986500023
14175,0.07983213947999834
66047,-0.04219924145000853
11938,-0.10563562930499959
243846,-0.09023164452500598
73102,-0.07178580254499956
74306,-0.09864855333500033
67941,0.042714785599995864
22764,-0.14100650658500502
214791,0.0872234266499996
66765,0.1070800224749977
67155,-0.14659846623500172
67123,0.04803833329999563
50769,0.12155139198499665
73582,0.11817901386999718
19752,-0.14184127578500227
71069,-0.09999737122000596
56468,0.15671773038499914
574417,0.13491267863999745
268759,0.07804759442999742
66596,0.044033025594998776
269513,-0.11644980974000241
226040,0.0885038106799989
71729,0.10057877304999785
100042150,0.08372379822500076
217012,0.11393397632999669
66235,-0.040838486610004665
73259,0.13944246992999787
503558,-0.17791664755500136
83964,0.1244154291799986
433294,-0.10488500807500145
54648,-0.15011442548500042
226265,0.1858991515399988
20877,0.21123457930499834
545370,-0.11082412056500068
27049,0.06943114330499434
67288,-0.055795840405002295
20962,-0.0998401088200005
380660,-0.06595392046500148
15483,0.037456149699997
224805,0.11043788391499998
18769,-0.04362948954999801
18218,0.17383814166499523
320707,0.07065931794500013
75563,0.08320124796499861
243078,-0.056426847840002736
20855,0.09212737295999762
245866,0.15265972045999554
16971,0.07946635204499763
21943,0.10041831186499861
19367,0.03756532829499726
64074,0.10468727554499946
224762,0.11539965689499887
407831,-0.1148287978950071
50781,-0.09902236343500359
272381,-0.16437884350000243
243725,0.0732388514950042
19291,0.04183833231999401
17257,-0.06879628537499904
19219,-0.11785257750000078
229759,-0.16013854959500184
19302,-0.061098283849998936
67164,0.18975246997499795
106759,0.08548047826500138
17281,0.04477695293999595
192167,0.11886631802999803
223722,-0.2790076392100058
107702,0.04520355405999332
244853,-0.09279551384999696
23999,0.04424938854500304
382118,0.16369740416000145
238377,-0.13055145342500474
235582,-0.0644781995799999
320080,0.09818384950499759
21983,0.10625099822999706
228140,-0.11901116331500283
66398,-0.059839524490003626
11974,0.03744863324999237
71941,0.16559594253000043
20740,-0.07003049855000576
79263,-0.06317497890000645
140491,0.13726929071999905
107515,0.13967912084999767
268448,-0.12824183718000004
320506,0.11344367329999905
70047,0.052121449744998216
228961,-0.060220864390002404
436059,-0.09659864588000033
319670,-0.13833524803500108
14566,0.09092811993499783
216148,0.08330091536999795
211286,0.03456288317499734
12591,0.10081320276500039
213819,-0.041574104175001736
241627,0.0930200352250008
65960,-0.05813442436000127
69188,-0.05170388390000191
66251,-0.13571472626999892
320590,-0.10991979507500194
56771,-0.16089914384000004
225182,0.09431030853999633
27045,-0.054065592885001124
20230,-0.06810917709999842
13859,-0.05627977293000086
16763,-0.08660115553999903
110862,0.08789505333999825
73490,-0.09192897857000037
17068,-0.046236459600004665
17305,-0.04753534749999311
94222,0.11230087420999846
213988,-0.09159625281500539
20843,0.04038866415000797
241275,0.1265160773600007
231413,-0.06284144326000352
170707,-0.07203512345000362
268288,0.0725199644399952
69440,-0.10143036814500217
74316,-0.04270947614000242
18160,0.15453976521499957
17196,0.05005292114999982
432467,0.08005928705499876
66083,0.04772275951000182
19879,-0.13350813031000408
52668,0.06580593939999346
72053,0.053002619240000826
106931,0.11119729418999658
12776,0.14251818725999943
110826,0.028380862599998835
75172,0.10533668964499876
218460,0.1286477726100017
50877,0.08402192795999941
24116,-0.13890905597500147
320727,-0.15567922163500292
12055,0.1472961101500001
67608,0.06334448674999837
207958,-0.06011995724500263
219022,-0.07980383090500354
68758,-0.04147866908500575
12971,0.09722999615999806
15438,-0.09955365251500048
11842,-0.036646679999996934
104806,-0.0533607905500002
211798,0.10201811251999748
230696,0.09600502390499877
170740,-0.1261739035599998
242122,-0.10856674022000146
102209,-0.0499249466500018
22378,-0.04703529209999857
16814,-0.11526438153000296
13505,0.16448940141999957
237987,-0.11788687974500034
233876,-0.09695504578500458
20597,0.03691010049999832
22770,0.1071118032799987
68401,-0.039626123699996185
71777,0.11770265073999653
78266,-0.0577355965600006
14629,0.11061745482499497
20288,0.12767219646499584
546519,0.09995271567999842
68939,-0.16441584594500114
12069,-0.11569204677000133
209334,0.11927679747999775
67264,0.03295644740000192
57750,0.08071525670499735
12725,0.04746933559999711
18023,-0.10537334248500319
22283,0.10024453828000013
52563,0.1256684821649996
75459,0.1158397542199987
16351,0.10364913635999873
73388,-0.08334079383000148
79235,0.18235049771500034
277463,-0.07247945551000434
11988,-0.15329844088499867
238024,-0.07628898476000145
76497,0.030974220199997404
20513,0.08834335134000115
69538,-0.1037927149800022
12286,-0.08703372816500199
20842,0.05466523822999658
102570,-0.07366110185000174
69310,-0.38131271705000014
67231,0.044729157139997255
381580,0.08071559163999797
380916,-0.11967365426499832
74569,0.06485658488499979
215789,-0.09478918317999963
17171,0.1447792454099992
66211,0.06799412667999905
54634,0.13992868439499873
328258,-0.0738629818350014
110109,0.08044785123499487
14634,-0.0950085805100005
14595,-0.032174911350006496
228731,-0.1523317560500006
101544,0.12156396987000084
170736,0.05885400610499758
20448,0.08206869023000074
75690,0.10467413869999831
22318,0.05770424947499464
208650,-0.11166730366000177
236266,0.08952338287499817
230895,0.1280324261250021
116873,0.11317764800999885
320717,-0.04389409719999904
11911,0.032056084199993506
387510,-0.14451120628000158
66592,0.04013435547999933
195727,-0.09313157216500034
109594,-0.08216026164000212
57757,-0.10089391212000098
56036,-0.03703834934999861
93762,-0.04183234202000108
52323,0.09638592130499646
68796,-0.043115777205002814
260408,0.09631307131999911
14672,-0.0717749140950028
286940,0.10298702587499431
13207,-0.0381587228500031
267019,-0.12403989710000118
20399,0.0632807629499954
71887,0.10883716293999868
83398,0.13344504742999597
17095,0.034550340949992986
69627,-0.0947216423750028
14087,0.1095395056199937
236732,-0.04091206330000574
240064,-0.07771201766000368
67738,0.038994472199993524
22439,-0.10778049460500316
215001,0.09700636421499809
109145,0.03424443145499545
76858,0.09027535582999757
23921,0.12254426555499798
58202,0.039926352999991366
211660,-0.13335781907000221
228607,0.04319743094499451
100038882,-0.07149543570001171
73503,-0.0793393517750034
16565,-0.0625972442500018
64406,-0.10421571774499983
72199,-0.09240959968500118
216766,0.03273501895499642
15900,-0.054684876350004075
20598,-0.09390874459000287
24017,0.05786025300499098
83669,-0.08052831404000482
14236,0.09560777130499876
207304,-0.15302872879500384
16573,-0.10250411973999984
67768,-0.13859743464500163
66964,-0.15181074328000133
54006,-0.04837047772499936
242362,-0.07909518042500263
16175,-0.07861845738500328
19167,-0.0375656732999996
76854,0.0499925401699981
74762,0.10674624300000168
14367,-0.10589009497500079
20585,-0.048580125105006644
27494,0.06777609961999786
56492,0.12670233612499704
233878,-0.053704653535007196
245847,-0.0352939065250073
170788,-0.061704929665000297
64424,-0.056540966925001435
109079,-0.08774430865500626
225339,-0.052854338399999534
18010,0.02917815309999483
108011,0.09641935153000025
71853,0.04388740039999206
11628,0.1029440704749991
229317,-0.08886157066000422
329251,-0.09210646090500241
353187,-0.10659940491500297
223499,0.0705440104949977
269585,0.08780591630499401
66595,0.08456818433499791
66106,-0.10204637355500257
75991,0.09353471267000035
18646,-0.03266258348500273
20415,-0.12134650804000469
60365,-0.03776400819500125
317755,0.15436824076499844
17380,0.12937887757999844
67417,-0.11246109209499977
18784,-0.12463761756500347
26938,0.11991359725999784
269275,-0.07779800524500224
80857,-0.12211662200000184
266690,0.13150799827999737
227743,-0.05771023278500387
14719,0.047721031500000066
226518,0.16591016355499733
18072,0.17698860777499759
16867,-0.12561440819000147
21761,0.03040318659999386
67387,-0.07413484189001451
106957,-0.05979833383499589
93686,-0.1509906549450024
244329,-0.09184738886999977
140723,-0.0918228408350017
18854,-0.05690853752000535
67873,-0.031966099889997324
19156,-0.048605547000004634
18738,0.043056171099992824
16324,0.14559099356999905
319701,-0.09198052318500016
225518,0.10921085386999962
170460,0.08621520674999861
11773,-0.030778102200013535
17274,0.04899138329499664
330474,-0.07167130778500486
68524,0.044991317290000055
639634,0.11657002670999894
13081,0.06726047012499903
21813,0.04547780279999181
11540,0.0856992749349974
67979,0.06701697049999744
72844,0.09583001135499725
19820,0.11038848871500129
59047,0.03515539434999759
20016,-0.04605930584000362
98496,0.09180008937499551
227937,0.07515761991499748
20739,-0.08212270230000307
56449,-0.034161273400009406
78919,0.07598366199999784
70426,-0.1097467327800028
237400,0.09041322085499637
23806,-0.06133658113000351
72171,0.12652304667000003
27377,-0.10704003796000539
67533,0.07403894180999693
66532,0.07403894180999693
98710,0.10270077389000143
105663,-0.14750567319000396
382034,0.09509664916999672
78772,0.09339629176499908
80861,-0.06925240076000438
73046,-0.043566246100008144
214133,0.05668934764499323
56350,-0.05436441062000252
237465,0.15361271936999943
381157,0.07065222700999829
328572,-0.06878310969000179
665113,0.04759003112999949
20616,0.0975335051549977
12263,-0.09194490168500025
14962,-0.09194490168500025
72542,-0.05258080408000332
19724,0.060619158329995315
75625,-0.10081604279000134
66576,0.02689685569999689
69533,-0.09879695064500194
170720,0.07136312889999985
70993,-0.08444635674500045
109314,-0.07403746324000515
18124,0.04529451759000125
57914,-0.039199943500001666
11891,0.05909683561999479
228662,-0.08582457413500189
14675,-0.07459520889500748
107448,-0.07760618506500094
227377,0.08323996612999629
66242,-0.03818564400000213
21750,-0.045118124775001434
240174,0.09557065211499882
381404,0.08533253777500072
18016,0.05038807812499435
66082,-0.055908332080005785
68198,0.040379965749993474
26554,0.03822537336499732
69721,-0.11772537609000722
241612,-0.2466552292000026
212516,0.1164788141349975
14706,0.06650844816499735
207785,-0.09661772296500093
381112,-0.0883571847649991
102032,-0.03396164187000217
27356,-0.13123132208500277
21386,-0.11581522691000323
229320,-0.09414290155000016
67933,-0.07930763223999904
58243,-0.17654572660500234
241568,0.09773056085999787
76707,0.0570691179699967
22270,0.08118666708499767
100039801,0.07186848092500098
24108,0.08914254884999995
54637,0.07284169307499688
432839,0.06451213661499766
241494,-0.06439433356000057
57344,0.05598310847999777
142687,-0.10506262591000137
94176,0.06058791242499861
227606,0.04898635358499659
239852,-0.11921826188999907
240754,0.0594251957999985
68268,0.05843607150499608
57275,0.1053501834999997
71564,0.14372117115999572
67050,-0.08578182129500522
23900,-0.040019858900000926
94190,0.08426272851999528
21907,0.10683183807000063
320360,0.1258887897899963
270190,-0.10781102854000402
246691,0.10987884056499864
26361,-0.056992393739999425
13710,-0.10142330731500282
331535,0.10267300088999676
83671,0.08092295107000158
231327,0.11618208810999775
73711,-0.04034946820500451
71764,0.13483121074999893
231225,-0.06974889237000514
21420,-0.07664080276500274
353326,0.094108622944999
69101,0.08182353504999806
67130,-0.04168553159999888
18693,-0.12210420944500111
72640,-0.11508684553500004
241073,-0.07965315558000219
12753,-0.11835810641500188
16783,0.03852829419999537
225994,-0.16633376986000226
208449,0.07507817493999092
12623,-0.09119078510500112
70484,0.05592486182499723
68126,0.06321276300999745
229709,-0.10496228954000486
12954,0.0579765140999946
320661,-0.06695721183500503
79555,0.038392002699994876
11564,-0.12617728250500448
66199,0.038376802650001096
170654,0.07305688179999592
104479,0.10646526476499663
67015,0.09649368467999686
16801,-0.056529496000006674
69038,0.03429441844999914
665033,-0.13898797261000118
14633,-0.05485923745999832
70977,-0.05465337902999945
329910,0.10148536630499727
69019,-0.03303367885000874
20284,0.1006438780099943
435818,-0.09405300811500039
15985,0.06534830739999542
329679,-0.1219384508400001
435965,0.11184385067499836
78246,0.05226279631000175
12961,-0.11201536058000272
100043332,0.135379451709996
20583,0.08026574843999912
16204,-0.07276369662500404
240873,-0.0645816766750027
73327,0.09509490929999842
270150,-0.08466186042499935
192950,0.1449684777099982
27219,0.23036942544500016
22685,-0.10297104344000108
57811,-0.18084967999499968
20851,-0.04231224595000249
98758,0.04005822129999537
16599,0.03711052024999084
57746,-0.08256325845500134
21991,-0.03524090965000504
75894,0.037724266034993015
71974,-0.05259495236000422
75572,-0.10364947820500259
67509,-0.09082248427500073
74737,0.07185233603999652
75470,0.07733599441500028
102323,-0.052414666370001584
12630,0.13327477515999808
211896,0.12666017831499676
271305,0.07303291076499985
12049,0.10082573786999838
109161,-0.08686225759999999
330941,0.08709299383999669
107747,-0.07188295529000399
15423,-0.09124124191000105
241764,-0.09204368744500169
103554,-0.06126292089999996
14688,0.030653832619998767
67358,0.09199691993999792
14885,-0.11782070488500196
12169,0.04379491954499137
74203,-0.09521734041500807
59030,-0.05198258752500351
11648,0.07786534178500082
226548,0.09600003408000024
12663,0.06550835676499833
72267,0.050208448409999384
57329,0.0927747535899992
228787,-0.0655443157600013
105245,0.08851567816499628
70686,0.05027594145999892
11757,0.03910703980999841
66660,-0.048218869060008274
12614,-0.07935496468500247
268880,-0.12019866046000338
60315,0.049783475090000806
54150,0.08417650446499758
215748,-0.08002824794499919
68214,0.06916000786999854
230597,-0.07979537543500115
76614,-0.042038803590008555
208151,0.09721884934999725
230709,-0.07464608277500595
277468,0.13180022507999878
23821,0.10776006835000018
56717,-0.07048543802500085
237339,-0.09763209840500942
18701,-0.0727809815000029
14685,-0.1216489515200001
380969,-0.09012486936500164
13491,-0.10913541988999942
100504234,0.07788824069499833
332934,-0.07697989580500053
67880,-0.057155763644998636
75339,0.04291381184499343
78910,0.14496078034499815
218030,0.09139090037999686
320940,-0.04174696866000005
12053,-0.03497507305000447
53858,0.09915894506999656
14406,-0.09490333046000021
229801,0.0707953457949988
67095,-0.15904189729000162
30925,0.0468447963949945
217664,-0.05281777748000138
12330,0.03421298010999507
12913,0.1306318044899939
16161,-0.07714444727500336
16330,0.03752207439998401
76014,-0.042985571110007115
68691,-0.06668909767999764
18416,0.04183427508999715
110532,0.0705947178349966
545975,-0.13666729665000332
214642,-0.06776077599499963
320678,0.073605973714999
241289,-0.11243958762000217
69665,0.06720431197499943
20215,0.09221051677499936
68642,0.04392027255499631
14472,-0.10396931540000143
69660,-0.05202297952000201
245007,-0.09526051674000247
73242,-0.08041717287500383
73389,-0.036267009050000354
67006,0.04535734597500074
67988,0.052725915965000425
13058,0.052585640094994446
12396,-0.078228676725006
245827,-0.10333063778500229
214105,-0.0751616800299999
240888,0.08034756925999975
100503884,0.07226526608999917
71336,-0.028971086085004316
72567,-0.041883570800003156
12477,-0.07980833586000102
218772,0.06149792156499956
225898,-0.03490408740000639
23942,-0.03490408740000639
19386,0.07958039078999768
20318,0.029856995749996784
209012,0.0854389460849978
16873,-0.06784003008000017
59041,-0.03841753672000614
11909,-0.03950502569000136
17984,0.07421132584999945
225049,-0.030805500650004092
26423,-0.05328748062500033
14863,-0.07957668013500196
13389,-0.10426433616000175
76808,0.11443897779999901
14628,0.027494094379997946
407821,-0.10286826103500335
71770,0.08485290857499894
66615,-0.07110414287500078
16660,0.07455700730999926
654821,-0.10889897862999964
77877,0.08672954128499821
18027,0.08645524156499995
170677,0.15950589183499764
109154,0.06630851387499792
68379,0.035978204999999264
70335,0.07009182171499617
15273,-0.0825009635100038
66706,0.12392933480499746
83395,-0.07019231353500244
66237,0.06961120080499583
110829,0.03463741685000343
192986,-0.05544103665000488
234729,-0.11752818615000482
210004,0.05546545854999696
320974,-0.11894809270499973
18195,-0.03827265407500313
75507,0.08406782043499739
83486,-0.04218720665000042
233833,-0.13259120333000407
14050,-0.03290450925000599
14735,0.07621429031999982
66642,-0.028537146800005075
70373,-0.08103077947499848
18143,0.08889717995999868
107587,0.0850116218200001
114715,0.09125939613499767
78689,-0.036140671990002815
12497,-0.06283742049000196
109077,0.09618204174999878
18998,0.0748094198699989
19184,-0.03647727938500189
27221,-0.12374856596999972
407819,0.029957019489994963
98303,-0.0697226176900001
215351,-0.0876892321050029
12404,-0.15746674262500004
12448,-0.07204484826000135
57330,-0.045619116870001974
53310,-0.0695998285600048
14235,0.1022439866599969
238021,0.1023203325349975
13121,-0.08977618449500202
66566,-0.14591871879500573
68917,-0.035997550275000734
225027,-0.03999003539500734
268905,0.07183419594000195
12125,0.08356418481999928
11642,0.08607141260999818
19109,0.0523965993649993
229003,-0.05588068385000433
260302,-0.04230578159999787
18414,0.08579387315000009
225055,0.0708837530399995
83409,-0.02717415480000085
69168,0.07789388462999813
56177,-0.08879656082000231
58805,-0.04727857110500189
27411,0.10205483574500018
214137,-0.10598527698500249
52521,-0.032603942900008676
19072,-0.03988633082500126
66168,-0.04544254230000888
226098,0.0925508580600014
330483,-0.07192989244500314
326623,-0.06526452788500325
19951,-0.03333051480000471
14805,-0.09442189545000268
20277,-0.059364837604999554
545389,0.067359895710001
110524,-0.09927315523499836
209032,0.13099838189999868
226304,-0.08099731835500279
210293,0.05338973266999325
19025,0.039355238650003344
654470,0.04671092307999558
29818,0.039693962329999
69576,-0.10689166220000512
67493,-0.06590699602000516
100038725,-0.10083776370500175
13637,0.1084252651399984
242151,-0.06678994121500192
67803,0.044734870799992166
57377,-0.03459934124999897
74022,-0.03491561841500612
19277,-0.0460309536350092
217431,0.11344933418000025
83429,0.05184067275499871
140858,-0.04577083092500622
76295,0.11133354740999479
225372,-0.05202748257500467
22680,-0.031025003715010158
76784,0.026923333800001004
107305,-0.10310945433500329
72549,0.10548256071999518
269878,-0.10525913781500229
269338,-0.08369798108500781
15354,0.11339286923000014
12823,-0.08944014910000231
20028,-0.09067725408500316
317653,0.06611820390499767
228876,-0.07704371956000022
212442,-0.09427777225000433
218314,-0.05097410282000325
58991,-0.05614622642499967
380840,0.07454607721499773
18705,0.1225700063449997
55985,-0.09215849058500103
72462,-0.11462933495999827
71865,-0.07238613837999974
269113,-0.03186576948000308
70967,0.12170261718499731
72787,0.08054535453500211
16582,-0.06576593887000204
17085,-0.1179777544750058
237553,-0.08419782575500001
66687,0.04481103004999376
54169,-0.07173347465000646
83961,0.04358887845499826
72482,-0.031279887340003754
327814,0.0770265925700011
76187,0.06296656746999663
69163,-0.08557766275000134
272382,-0.04791822720000205
20621,-0.04321725520000186
381476,0.11224851248499856
20019,-0.10535679332999948
270166,0.10755735422499502
435286,0.06962566060499853
22388,-0.02742466235000407
225131,-0.035802066255003595
18787,-0.09114660231500027
78309,0.0818045253249986
226409,-0.09364982824500068
75801,-0.11541330335500088
277353,-0.10594625836499993
69125,-0.043781707110005286
12316,-0.05377972413000176
140721,-0.0897992203850011
227333,0.04671290644998827
230676,-0.028308397880000058
76856,-0.06619393388000239
69745,-0.03546597345000002
23947,0.07891574032499937
100910,-0.09883326782500035
52858,-0.03538711475000689
109225,0.07833412975499687
67252,0.06519911666500011
27103,-0.10765303999000775
81896,0.06839022290999797
72324,-0.07594925029999988
67120,0.07543936098499238
18754,-0.07940813084000098
230098,0.06403717588999758
24013,0.08731543496999761
232370,-0.08916653786500106
56808,0.09210425962499791
72185,-0.07020965742500263
23954,-0.08559390704000425
234407,-0.032388131680002985
13429,-0.09404530619999818
67886,0.046295046340000034
26943,-0.03089606340001083
56550,-0.035483721250002986
16773,0.06403106457999819
73681,-0.07874769184500074
16668,0.148201038609999
69786,0.0317131434499931
67630,-0.07447690305000076
116848,0.08024566689499757
117158,-0.08055489228500168
232585,0.06674559680499881
192236,0.0886722882149984
268935,0.06423329270999822
52665,0.11724056688499829
72049,0.07729667039999377
223473,0.075401141675
73301,0.11543791344000098
14673,-0.07725096921999963
68479,0.03796331499499139
216049,-0.0809139837600048
74568,0.08892585123499686
93888,0.09387171616499934
107358,0.05476834014499943
217212,0.09803796416000132
12465,0.028491051199990736
18605,-0.09343771564499992
19338,0.035869625574997954
66259,0.07898669401999969
224105,0.036192225969994496
26363,0.06922035380499825
14450,0.11862777711499994
75581,0.0748505164299984
231503,-0.08005695430999982
241113,0.06448859474999757
56753,-0.11765837320500427
56809,-0.02961975990000809
66125,0.030578825349989458
329384,-0.09309156973000299
30924,-0.0704269861900011
216874,0.036955229949999335
72113,-0.05528447936000447
15398,-0.06700879303500074
105847,-0.052134522985000764
327978,-0.07617842795000662
329154,0.037486983599993806
381293,-0.11450601478000166
66975,0.0689200051249994
260298,-0.07288941227999857
19091,0.09122433467499835
12747,0.049491369969993926
17346,-0.03021630408000142
22042,-0.07953784229000505
71890,-0.028353707280004414
12648,0.07779355747000238
380773,-0.029337668455008625
71778,-0.04247562901000279
18378,-0.08569053994000164
14226,-0.05585188072499925
94230,-0.0679648541649982
238276,0.060369308769999463
225215,0.05947028390999698
26932,-0.07142982013500188
20662,-0.09962173923500295
11603,-0.04896299085500466
622404,-0.03352669885000559
18600,-0.03843084185500345
192160,0.03387948070000135
102791,-0.09399990837500383
70984,-0.08411153860000553
69698,-0.07986667652000268
218236,-0.08146122134499922
232539,0.07143713108499483
213760,-0.06351494996000184
277743,-0.08122579578499911
69780,-0.045818768975003366
68916,0.03170431856499789
76376,-0.09690180163000317
240025,0.10313303228499304
59045,-0.03643873650000984
231602,0.10413693800499857
320873,-0.06020350832500165
20679,0.07063698473499791
231915,0.0371792448099999
404194,-0.0669753534800015
67420,0.07301260116999941
382543,0.07477237631499722
21412,0.08126531940999993
74467,-0.04418225799499975
218103,-0.09586861181000117
18813,-0.046651745365002384
116940,-0.04017699642499828
226407,0.0974345214599941
233067,-0.07920134694000236
19305,-0.1088360681599978
52633,-0.04543095122000107
26396,-0.03253000955000829
109700,-0.15716600285000304
19258,0.06761288885499717
83965,-0.12320001195500208
75731,-0.03501757729000232
56807,0.1146430528399991
16590,-0.07470752989000307
17898,-0.15230209120500326
11305,-0.09283463381000434
56218,0.08679474988999569
68801,0.057711585579998115
13124,-0.07612181461499956
67671,0.023032701099999997
12572,-0.07710144216000447
17135,-0.02901799450000553
216991,0.06550510385499742
381338,0.08103201920999892
69306,-0.07940297265500362
20024,-0.024551057900012552
76886,-0.0674680292950014
213541,0.02874087383499635
27967,-0.05043978138000682
76980,-0.060623999635001535
244954,-0.09797930791500242
75406,0.03113049189999728
50766,-0.08797459679000319
16449,0.07178425138999911
68915,-0.07792873071999917
110033,0.05485045201999661
72508,0.025536021799997144
17184,-0.03586375351500415
110175,-0.04319415683500161
98256,-0.031523204900000934
22130,-0.1736707688050032
63953,0.07601356579499718
16672,-0.2501181357300011
13804,0.05384684607999635
30805,-0.07851276922500272
665775,-0.08019300377000071
56382,-0.10325269883500532
19434,-0.08746634169000167
93695,-0.11914214093000064
433586,-0.047883385560004044
74589,-0.12512510181500147
238161,-0.07727152201000154
214804,-0.11151045288000017
100043254,-0.07485886460000124
20370,0.08460195516999658
208104,0.09357540344499782
11797,0.038237359399987625
213753,0.052950223849999034
110213,-0.022695448650004835
17084,0.031857054299997856
226251,-0.052039787090002676
77485,-0.07116915238499999
78830,-0.1286585085300036
227618,0.09575543201000025
72114,-0.09399935046000074
22654,0.1525130714549956
74365,-0.09118656627999977
52830,0.030354755149998525
17690,-0.05741252592999935
59022,0.027013518300000428
234959,-0.09613106458500287
69270,0.07861437712499608
11799,-0.054637197150006145
17909,-0.052270707115000814
54615,0.04319433948999851
13722,-0.029722506250003278
72344,0.09289719168499921
242667,0.06177257763999755
209707,-0.07731008091000113
68515,0.07582470895999727
12421,-0.09528970862000818
22367,0.046037460274996
269356,-0.08887834582999865
67466,-0.10230969634500475
102920,-0.07025005006000207
16177,-0.07058779237000179
59032,-0.045016105155003316
109093,-0.10990728728000221
230596,0.03139238555499979
75178,0.09252682050499761
269952,-0.051494612020007935
12773,-0.07406839729500092
67285,0.06998890039499805
234664,-0.08010136643000099
67379,-0.02064592470000015
20254,0.09647524571999844
13591,-0.04974033792500698
15248,-0.06370978932500204
100041096,0.062664224820002
74155,-0.0630936067400043
13046,-0.03795138530000308
224139,-0.03498825540000716
75909,0.025769136599999243
54371,0.10308263976499799
50793,-0.02814541066999432
70998,-0.09014132023000165
71732,-0.04132174446999848
14897,0.0785562665099997
435285,0.0768887755400014
20815,-0.09496572307500184
14804,-0.0897064710750004
65079,0.06210317105499863
70315,0.07243577144499724
66724,-0.06316763211000165
67553,-0.08194110225500273
330216,-0.05972190974500258
110809,-0.029179210865002858
22344,-0.03314396455000157
11787,0.09189591597999502
16835,0.04724393374999636
94212,0.11978782329000026
14705,-0.056774297034999144
23965,0.07741765776999943
74102,0.08016666889499646
12836,-0.06401571291500652
224671,0.05399263724499903
75079,0.06924850708499708
64293,-0.07913606088500114
212880,-0.037344337285004414
74318,0.04933829936499734
67443,-0.02162889209999541
73274,-0.039524390300003986
73674,0.056110069189998946
21927,-0.06392049636499841
26426,-0.033846028100001035
14738,0.04284609576999898
320817,-0.041149017535
170721,0.08009865477499822
17764,-0.06972693722000223
74718,0.0888997154350033
66142,-0.034662935200010736
77034,0.02875422389999116
94332,-0.05626090711499998
74081,-0.05662297314500453
11529,-0.05062529758000256
15512,0.0763871870549977
170771,-0.07334480843500124
269881,0.09706937484499711
230770,0.07838983309499614
231605,-0.08514161651500185
233801,-0.06224731219000157
21338,0.08699628427499961
59046,-0.10518984905499984
226841,0.11024346399999985
14103,0.07487000164999724
104816,-0.08481257248000329
227696,0.03560455740000279
234311,0.08018314808000149
76041,0.060363307509996744
28018,0.06452549607999458
109979,0.07338497910999653
11443,0.07383053783000015
16182,0.0369415896199925
353047,-0.03841938057500727
13872,0.07969011748999666
16994,-0.0442120249000002
66522,-0.06991442853500107
50884,0.03370562347499906
19052,-0.02672555625000328
27632,0.07376338951999983
245695,0.0883311098649977
66663,0.02800792133499108
241490,-0.03057021522500314
71041,-0.07507694812000132
67972,-0.07948063098000091
114663,0.08528287602999463
69137,-0.05806449441999906
76405,-0.08372478075500167
108161,-0.05899963872500047
104831,-0.04523845507499935
227656,-0.03158471970000676
67869,-0.024820914000008187
12522,0.030869364099995522
73680,-0.07497325679000078
233977,-0.10724067265000414
53623,0.1485519803549975
74637,-0.06290248222000105
104112,-0.02697648420000398
101206,-0.03044740372000021
100503572,0.049023795904998835
240322,-0.04078345707000208
18710,-0.07573879053000088
14615,0.05436091707499946
69917,-0.033110553614999816
19777,0.10745184659499607
54670,-0.07594720586500081
319660,0.09787003670999894
12748,-0.036883543074999636
17199,-0.11289215647500184
214254,0.04750054080499666
16413,0.03254039614999904
70461,0.06254059550999891
18021,-0.047007325865002336
69956,-0.040480900020005706
67180,-0.03947501111500529
19075,-0.07174818306500441
108156,-0.10279683814500551
67397,0.033166745099997286
207781,-0.0745459366650012
16680,0.07948616915499818
14012,-0.08343251485000103
77630,-0.0846271994950003
242125,-0.10496183443000184
74025,0.1012235392399985
53356,0.02716525539999992
229780,0.07373636588499632
101602,0.03829821879999962
239528,-0.05093859909999665
73940,0.07569976756499663
19259,-0.0623221644500056
18751,0.05815382974999039
67199,0.041744764359993525
68778,0.0257184189999915
73344,-0.052706972180001976
12346,-0.06097390263000335
21816,0.054909348679998526
104884,0.04977074637999834
94109,0.050380897654997536
68631,-0.06282837472500269
320696,0.12591196170499863
18749,0.023224222349995216
20429,-0.10732256767500248
94112,-0.028875198125001944
100678,0.029480374164993606
114601,0.028597872549994463
244882,-0.10340683428999897
67228,0.03212181992499552
19645,-0.03894305777000717
13382,-0.05153300535500449
75216,0.06441689548999996
13837,-0.10166807850999904
22401,-0.06223186666999947
67604,0.04847810963500265
381560,0.055018735799992946
109785,0.037677234220000244
53814,0.05416447163999605
66971,-0.07587239559500425
66853,0.02977548030000321
75788,-0.04615186210500344
56322,-0.08106160790000239
16653,0.05849708553499866
223723,-0.05491700727000648
117148,0.06664905386499775
75786,0.039996572644996675
268534,-0.055535796289998274
330119,0.0761412632099967
19039,0.030969544000001292
22689,-0.06622113148000253
56741,0.046716655745000946
20901,-0.05638283024000135
216613,-0.09562439346500362
268933,-0.052383971009998476
52036,0.04862062348499929
12006,-0.06738166218000252
233905,-0.08000843936000468
70797,0.07292425222999643
72507,0.09480384513499818
53357,0.045819674579998804
59004,0.10092885669999685
72371,0.06136639298999791
266632,-0.06589691518000063
331026,-0.02346545075500117
101739,-0.039785725675002936
69234,-0.03272215056000505
12368,-0.033845406550000234
75221,0.024241729074988783
30957,-0.030502904550001375
93873,-0.08794337844500255
20390,-0.07160796107500023
330286,0.07928413943999901
117599,-0.04406748338500144
66379,0.025728076349995632
435528,-0.04939236744000208
20844,-0.051190598290004274
320473,0.07307361539499801
74253,-0.05165237694000524
99138,-0.02492213380999786
13797,-0.10433948227500078
68365,-0.028413015750004433
270906,0.09334454571000039
66249,0.028821622049990836
51875,-0.0449528137450006
107065,0.07598203950499904
68107,0.06368651970499695
72129,-0.0725918332650064
73919,-0.08476493403500207
242093,-0.07130155827500051
104248,0.04836643706499899
329015,-0.06028755661000318
20516,-0.07253276716499801
67801,-0.06012754697000089
56709,-0.044354965195005924
74493,-0.11959677150000303
218210,0.03160505055999607
23825,-0.034633673675006804
54167,-0.028520895735008267
104394,0.07316822658999644
13858,0.04027818677999839
20980,-0.08614859112000373
21828,0.06769967658999931
232798,-0.05359021418000154
68135,-0.031864501799999445
433091,-0.0663625425550034
18214,-0.10596490252000024
269037,0.041764632399997836
77782,0.0634045550699982
55947,-0.059104079470002624
14862,0.06240827662499804
12616,-0.06550544966499938
27393,0.03223538472499854
107895,-0.044102259265002886
66753,0.07577541222999606
22337,-0.054606427440001326
192232,0.029529355379999345
432763,-0.04134640839000525
100126824,0.056047383094997016
72962,0.056047383094997016
102093,-0.07364113755499968
67432,0.08710056822499723
18976,0.08258658482999603
69226,-0.10471692832500157
75510,0.09220661890500104
20224,-0.02428892265000293
231103,-0.10920656891500169
170752,0.08234482528999809
18761,0.02509429205999858
327942,0.06064850634499752
20238,-0.05093478955000297
218763,-0.08251334468499838
106585,-0.05424474089500286
320184,0.044377802199996985
70661,0.02429938308999091
99738,0.06973470302999907
74252,0.021717401309992113
15487,0.0857616545249984
224903,-0.03851352031499822
94187,-0.07632954838500261
192113,0.05343749002499987
21428,-0.09059330135500243
233726,0.05679242526999673
64213,0.026407161920003475
75291,0.07706323968999751
21788,-0.10846230351999964
75739,0.0649094890249966
114674,-0.12199088934500146
228913,0.03388111374000147
380714,-0.04451867039999957
19177,-0.026345824165002085
78653,-0.026523654700003618
71275,-0.08357263962000161
22268,0.0215834999900002
434484,0.02972863632999534
225742,0.06360711616000003
66634,-0.09042634419000128
18712,0.029083421689998445
29815,0.03975777602999031
21422,0.047987728200001634
12034,-0.026807528800009806
21823,-0.047337192850001486
11522,-0.07697031357499995
14170,0.08689002018500158
68427,-0.07489050732500413
225997,0.05122296735999665
16558,0.04992525987999752
12928,-0.022503966065004377
414872,0.046453715510000215
16651,-0.09115057164000451
56305,0.0626126573199981
236193,0.053994923379996784
14536,-0.08800050164000117
54611,-0.10508281442999845
226178,0.02379476365000066
68303,0.05448991626999522
22192,-0.03422823535000319
72179,-0.0382424331600042
14176,-0.05710029931500271
22410,-0.04914940630000064
264895,0.024588834659997616
71972,-0.08293235125500242
208171,0.04066238847999504
232878,-0.05175692147000177
229357,-0.04690787681000064
19216,0.07032564137499708
68678,0.07872993377499782
77634,-0.04360045837000026
16005,0.07028055242499853
26410,-0.04823332853500162
67661,0.09289749760500143
17687,-0.03733429431000079
269152,-0.05082928537000031
19043,-0.021293389150002895
194309,0.054467360514996344
216527,-0.03275640490000242
27222,0.09220762663000004
50721,0.03101885133999538
67554,-0.06112816705999968
330122,-0.05648118882999942
14725,0.06843499958999821
16593,0.03841093006999774
232680,-0.06578303242500283
19895,0.06178870625999444
381290,-0.06409697528500136
99382,0.03455031352000226
216285,0.05742607891000029
103733,-0.08251017741500544
17155,-0.04100213605500169
17318,0.048318320790000424
64899,-0.05442490311000192
76051,-0.04684312168500071
230857,-0.05782374468000118
110082,-0.062424824605001206
17931,0.03078073564999606
226101,0.05234704960499892
231571,0.031967225464994975
208198,-0.0887879853750011
67888,0.091248998334998
242960,-0.0919267553550025
70300,0.07394658596999282
226971,0.055953329089998505
56334,0.025731561899998923
19877,0.033094219524995694
242553,-0.06922409934000173
79362,-0.0716234810499996
11513,-0.02722161775000309
94229,0.0420146370200003
70530,-0.06990222570500215
83672,0.03515941636499598
72667,0.05853307058499713
74229,0.05752539395499978
74413,-0.09225895717000343
14390,-0.06941884496000394
72662,-0.030912578460001505
22226,-0.05982844872500248
18011,0.035702697969995256
209512,-0.047631284165002175
73251,0.025755784149996686
17919,-0.062063422159998716
12724,0.06050288596999742
328110,0.04213664785499738
114889,0.062411938814997736
77065,-0.0676255406100017
17967,-0.05134779269500234
83796,0.029568262604998452
103850,-0.035791235340004945
54405,0.02587386359999755
108705,0.02293764059999681
383619,-0.047100062110003726
56460,-0.0391083835999968
385354,0.08763053837999824
70481,0.060327661389999676
66549,-0.0208171085999993
380711,0.04891622460999834
170458,-0.07608578561500146
67477,-0.08522659138000677
99470,-0.05131293818000415
12845,0.05713522557999706
381549,0.047981865759997966
228543,-0.11095456877500132
22062,-0.04327419020500578
19739,-0.05645842131000567
224630,-0.045181933425000764
215243,0.03402904749999536
18975,0.07721991908999648
12566,0.06810362954999771
236920,-0.06974047267500172
60530,0.05364168631999888
26399,-0.07174256111499844
27400,0.09204372766500146
214601,0.041092504164998545
70549,-0.058396312625002444
67609,0.0265636926899937
26381,-0.08118056733000412
170760,0.07576836030499301
170483,0.044002262774999856
67529,-0.02770357130000356
216080,0.07129214419000007
75953,0.04244736371499913
77411,0.06551142591499826
381409,-0.039342538690005924
74197,0.07139844794999917
103737,-0.058178561410006324
18227,-0.08056806821500206
211347,0.0656707556849998
75691,-0.07386448135500201
16181,-0.08487998039499978
22209,-0.02307440027000318
16525,-0.06355850933000173
13831,0.03995126793999937
12832,-0.05493026957000069
320145,-0.06510264114000464
60532,-0.020486527350005446
226564,0.06479162285499829
75469,-0.060140961420001915
70178,0.03239617577499665
14357,0.029708749899988618
106143,0.029706260744998048
66468,0.06105859657499657
72668,0.05170811077999993
67414,0.04132500608999923
56857,0.04468119681499694
268686,0.04023182676500037
106618,0.04845855279999789
271457,0.026936566069998946
74577,0.043912702640000134
56431,0.037189512514999024
654812,-0.06300142916000384
241528,0.09157895681499806
209448,0.07282063426499752
20643,0.029699483669997306
232934,0.06670576059999966
13669,-0.06225485027500355
15212,-0.028041915400006445
219132,-0.028841320755004674
277978,-0.05629439065999975
243743,-0.059042138870002425
75420,-0.02349698311500248
108105,0.034837473539989006
18935,0.08696902926499783
101513,-0.020788745240002626
272636,0.047643669740002004
19718,0.023980952064992067
14586,-0.037939430050000666
67382,0.025192856799995944
235542,0.05705612765000012
76654,-0.05142582418500119
20698,0.07135390614499748
66637,0.03381972895000018
79059,0.022070417249997476
56424,0.024394403099996964
80796,0.07287958604499956
59290,-0.04980072838500327
73936,-0.044901767465002074
67750,-0.04533139297000233
19015,-0.04560068329000355
68585,0.02737040552999659
14686,-0.05822723495500082
70450,0.02225416269999414
74424,-0.06354352939000174
66148,0.023262698349993727
15547,0.02519038534999396
77559,0.03920037114499397
51813,0.04040219766499753
11810,0.023353068799995214
114230,-0.06870558368000035
216445,-0.028838848299999498
69852,-0.07606247618000284
75477,-0.07753818185500139
14620,-0.08682626110500058
18391,0.020118234919996425
107770,0.0502758524249991
20666,0.08779710559499998
71602,0.06746290266999466
76608,0.06342137879000198
26558,0.02289878808499779
228859,-0.03831858095500085
72193,-0.08144837454000431
207921,0.06511121820999666
238330,0.026079441719998542
57741,-0.025479078185004056
252967,0.0495660108399969
230157,-0.05567379273000128
56420,-0.020086870815005042
381626,-0.04372426755000802
107589,-0.04594057092000359
107753,0.08141102058000094
55951,0.02818501894999237
64934,-0.04710398741000432
240354,-0.0470032324850056
71912,-0.04735090225999805
109828,-0.05502861888000066
66156,0.0181478472999963
12176,-0.03553934587499974
19357,0.028605119699994574
69259,-0.08339697898500287
70082,-0.06115717120999875
383787,-0.06611966511000134
72391,-0.05736539372500893
20850,-0.031647406420008295
17126,-0.06803517587500085
78903,-0.07697790733000165
67453,-0.021615834170003012
75677,0.07793354511999917
68201,-0.05700192630999901
319876,0.03349731890999941
66674,0.05392498134499757
103710,-0.03503490105000395
54200,0.05734116824999802
52123,0.025861472179999012
15432,-0.04463668445000213
228852,-0.08064345220499991
99683,-0.04253705630500981
12017,-0.016590787500005533
16673,-0.086560782544999
234814,0.05095426048000018
17355,-0.021413359530003007
23801,0.053983584639998305
20974,-0.07115825417499799
107932,-0.02976231430000098
15117,-0.050317715170001165
223513,0.07645816802999938
78444,-0.05172729075000415
19720,0.022850939499983625
18548,0.05205980562499901
240505,0.0851574874599974
72560,0.06314516452499985
12751,0.05661263517999959
21981,-0.025639863900007498
67826,-0.021057686835004752
381413,-0.06389114755000103
71901,0.038411633964996916
623661,0.05245507488999657
13012,-0.06693307893499956
57357,0.026597552494997956
64099,0.03988510235999598
11541,0.03253283803999629
70370,0.06471278877999875
232836,0.04429036284500043
72502,-0.05729841197500285
240752,0.044614266184996865
17904,-0.05878621219500246
216459,-0.05878621219500246
14404,-0.05740857186500392
18431,-0.04750460391000111
192287,-0.05770177016000044
22644,-0.028984181514996266
70625,-0.039544106215000596
13555,-0.03325192245000341
208194,0.06358065668999657
15937,-0.06295805289000356
13841,0.04752330161000007
338521,0.08605834741499718
109689,0.020574811500003065
71722,0.0326190226499925
20637,0.01798934599998603
16535,0.06170065559999838
224480,0.04500608548499807
240283,0.045328241684994275
12662,-0.0690698110000012
80751,-0.05329302088000354
233871,-0.030443679450007366
70556,0.04934298493999645
71037,0.08176767105499927
12568,-0.05758982019500003
103199,-0.018946060404996246
76965,-0.04652453453000227
12905,-0.06063669586000309
76408,0.04573368548499346
67912,0.029164440194996644
65973,-0.061697104125000735
69228,-0.03069072739500278
68021,-0.020111475380005572
67025,-0.02274675700000728
69912,-0.09403362800000359
74241,-0.03235066825000388
14780,-0.06683149047000025
16621,0.06687293469499789
140489,-0.06215241076000133
17829,-0.05652982611500246
100043057,0.04540852585999877
237847,0.03280251605499718
11858,-0.07437571563999956
235184,-0.02714577361500048
53381,-0.04132756890500744
69694,-0.0676297144750011
22258,-0.02964779834500675
103161,0.038355868465000054
21762,0.023817530999995284
57317,0.025670987074994045
27402,-0.0501819012350051
24018,0.03072033904999749
69792,0.056662761074996126
17847,-0.048528111320000455
207932,0.04695468962999794
218832,-0.07162785434500485
211232,-0.04982938330000275
245902,0.052600129319998246
76366,-0.04215107602500545
50795,0.06557142893499712
14622,0.05075911934499899
380928,0.06185823776999744
226866,0.08976308658499654
15285,0.04488978112999842
15586,-0.017733069890006448
279653,0.059956046835001775
22143,-0.02586300469999614
56086,0.019202217799993093
71718,-0.02404809676000763
70788,-0.07898382700500672
215031,-0.07176964694000265
66601,0.05310079645000032
100087,0.05016852773999858
68097,-0.018912261975007283
74286,-0.048929861704999134
105355,-0.0962131657200036
63958,-0.030408198975004908
214384,-0.04945449076000141
241196,-0.0628075247100024
232339,-0.05017132390999901
67804,0.02403625205000104
58521,-0.018574663099999
64383,0.018837330724993606
67958,0.05867090130499797
66258,0.025280840249992664
18038,0.01660261795999496
66695,-0.07511027430500228
107321,-0.02093003867999954
239318,-0.05386977354000422
218268,0.044793543384998635
68662,-0.036909974820002134
14912,0.06479688516999893
21873,0.04405441648999453
116732,-0.0447770619050023
378700,0.07822959995999801
228790,0.022834815700001343
66641,-0.038183135720002426
15040,-0.02750314750000804
239739,0.03372600233499412
66406,0.024363759489999026
207683,-0.06453909318999917
240843,-0.06286288201500234
17864,0.05622528962499862
72020,0.045327918994996885
54170,0.03909251393999469
70552,-0.07508116573500256
319924,-0.07733344483000604
625098,-0.047258088074999094
330260,-0.023461101030003206
244071,0.06695868655000048
21678,0.049033317809999755
223921,-0.05431682982500341
233065,-0.031066860985006883
12292,0.04640851426499992
12352,-0.04158459200500175
16372,0.05054311248499799
18107,0.01608257913500033
240255,-0.06222083558500202
320213,-0.038623538165007076
14389,0.04618432176499798
11671,0.06425085403999997
59028,0.041211452094998435
223697,0.019214036899999343
117198,0.028573676814996674
16367,-0.04407744099000155
26359,0.03018716561000101
110265,-0.024450840109999206
55984,0.0521560669149963
56743,-0.04473263555000351
76927,0.04073927374999897
50518,-0.04640312045500217
107435,-0.06096500756000456
71924,0.049449054384997915
13026,0.0197582997849981
20947,-0.021146122034998882
240119,-0.05023960988000109
387355,0.1640409155599971
213054,-0.03329796067000235
67133,0.05974733408999988
20303,0.051025228419995905
71900,-0.038689140225002916
30938,-0.02472472514999957
64291,-0.046130965870004204
232187,-0.042133927605005006
18647,-0.05338606691999992
17158,0.016601149019997763
192199,0.07808393972499861
14240,0.046257363529997875
52705,0.04557621520499744
53376,-0.04623237412000236
72723,-0.04507742678500026
327987,0.0481013423199963
12757,0.019249697199995808
50524,0.19153743783999744
104871,0.040553672359998405
229517,-0.04916909535001324
12593,0.04935833072999607
17480,-0.06303536907000407
403187,-0.027935796920003142
21387,0.050286537674999465
66594,0.020995792499999055
67683,-0.02934984534000229
100727,0.04751959869000011
66491,-0.016272008600004995
75083,-0.016272008600004995
68493,0.03675153107499618
108115,0.0624065029699965
74405,0.037675640489998496
231296,-0.03668160537000276
18537,0.01843387324999668
83434,0.057949987584998475
214922,-0.06995788999000041
15587,0.05599747598999638
270672,-0.05646401468999951
223917,0.033269692575001564
326622,0.02665602538999945
67467,0.02928516498999656
17127,0.05210563480499886
22288,-0.0667642860449984
14028,0.06884398364499766
210622,0.034715292899996975
68134,-0.032136451495000884
13846,-0.04913580917500049
83995,0.08802015712999989
68795,-0.0478051452750039
66882,-0.01368851368000179
70478,0.055763010280001524
18779,-0.056101506645001464
236727,-0.04056336931000093
26362,-0.057275954200000534
68117,-0.04261856730500213
19649,-0.046841366965002074
68929,-0.020433319020007445
13478,-0.019011844284998247
58911,-0.025598310105008792
26433,0.021286315014993562
195236,-0.04151335784999999
13074,-0.055920868550014546
276770,0.015380925899991738
18024,-0.026624824410003356
53330,-0.027621916020004633
224902,0.023753738249995493
382014,-0.032879630175002283
234839,0.015164745699994597
75137,0.052571116669997586
16854,-0.027515755700008526
105782,-0.02016331720000153
18226,0.018334272029992604
268739,0.05611557453999705
30942,0.04462633149499817
109065,-0.05306638921500184
103268,0.04846976933999336
140806,0.04697616279499961
68393,0.058763389034997005
66748,0.05865731276999675
116939,-0.062074881045001806
76832,0.06012749601999534
97031,0.09864235569499691
15468,0.019332549944996558
76740,0.033583703789993535
22045,-0.03168265178999974
75667,-0.019118798330000075
101706,-0.024089162350001914
71981,-0.059441313555001596
22113,0.07291506743499632
232816,0.013075738199997744
232889,0.06672433436999947
27364,-0.05517562819999977
78889,0.03227526300499761
76804,-0.05476055208500252
433931,0.03744161798999901
69731,0.019245910249980014
56363,0.04108446454999992
73942,-0.06399057764500338
14619,-0.05865536765000279
66648,-0.03212435791000168
21888,-0.05241509639500297
277360,-0.018063131100005236
26419,-0.057422805845002145
59015,0.031141085569997173
20409,0.013842862649999788
57342,-0.04361822662500181
545893,-0.047087399750001424
16411,-0.03142604986000208
17175,0.045728632659996826
218989,-0.06606314259500401
245877,-0.018135259250001923
74843,-0.03678344542000289
66626,-0.0523378549900011
57321,0.053151292729995525
57911,-0.06662958183000178
20475,0.04051377634999698
16774,-0.04891362088000406
72254,0.028971135924995117
66084,0.01825219182499893
81907,0.04551396825499854
66282,-0.035141628955003945
319944,0.03337509638499725
56048,0.04235730891499756
19416,-0.09940684371500108
94242,0.055704837149996855
107686,-0.015572795950003382
110198,0.017922218789998112
26572,0.03155742853000021
332396,0.07718656707499694
406217,0.06697696707000089
277203,0.035566594860002354
20872,-0.021715167015001313
227624,-0.02083409975501027
231506,0.037452379614992815
73106,0.04556171225999872
330463,0.03982734559999557
71684,0.014900853749990617
12819,-0.05025156934000119
319899,0.024675048244992226
20482,0.014734652749995192
67371,0.01688960799499739
215705,-0.018183306350010753
72195,-0.07064521752999964
242860,0.043002598469997544
170738,-0.05490722970499906
57837,-0.024642667975003363
381201,-0.014665702755001675
98956,0.03419132179999451
223752,-0.015758034730000148
74841,0.024938141485000287
12295,0.0633335066399976
241877,-0.03298355135500142
215474,0.04479737415500029
72543,-0.01586491429999448
70317,-0.0493174427900005
215476,-0.024928681740000513
13409,0.04923663829999647
56282,0.022249009244996287
16336,0.06890618735499476
102141,-0.058286573330008196
18174,-0.031540426395000765
54632,-0.01698114834000819
100502876,0.05689134444999766
105833,-0.0569615019500036
242620,-0.05089917931499999
387347,0.03393804450499882
12458,0.027192423349999828
20930,0.018407462479995473
58996,0.02213403623500021
27387,-0.029985351750006828
60406,-0.042698113930002
75646,0.056984309489998886
53602,0.018416062529999166
102193,-0.015345147390007696
98415,0.01977831160999699
72162,-0.029522971020001343
94227,0.04470473857999657
170762,-0.028800158050004576
66714,0.05278287578999752
110168,-0.032990631075007215
67619,-0.0556853850000012
71781,-0.03595276278500226
226591,0.05009112013499628
20317,-0.046674279150002995
210044,-0.04003422924000022
74174,0.03389673799999837
67487,0.015185362099998656
54219,-0.018650840130002067
14600,-0.06587767357500196
19144,0.04667725639999798
329002,0.03925376020499982
78757,0.023121157614999
75475,-0.0426265421200025
72425,0.04676764305499592
52466,0.032518744909999064
27050,0.016490543364998445
16348,0.01946991107499585
66350,0.03276684528999496
14674,0.018454932164999605
13626,0.01832027319999341
75974,-0.02032335510000216
238331,-0.012172795700010397
546336,0.0382764590349991
17134,0.019750465549995155
27395,-0.016744476055000845
217648,0.04835389398499679
319930,-0.04112371687999916
67439,0.021794021314997636
64103,0.02004080220000004
70397,-0.035180958735001155
68040,-0.029543000065002545
67163,0.054205027464995226
218038,0.058756920869999174
26451,0.01902194289999315
73246,0.04318136318499999
320165,-0.016694221275002974
19373,0.03080271059000106
233490,-0.016163682700005566
109218,-0.045501742184999916
210126,-0.052484218465003174
71373,-0.043513697395002104
57915,-0.019448705419994994
434325,-0.06529902437500112
547253,-0.0223441267150033
228019,0.05521417426499564
434232,-0.051011090625005195
71240,-0.04695456616499705
195208,0.044672734144997506
12328,0.032720306094992324
20166,0.027410890204995653
18211,0.05886125737999848
26457,0.03991186932999824
66926,0.06963105052499685
108099,0.018256683779993566
233752,-0.03921062676000009
211651,-0.05002978578000139
66568,0.05769178191499691
12810,0.06467997951999838
227059,-0.04756963079499865
192656,0.03352261515999988
226551,-0.042252564335004905
14155,0.018822090319998708
20466,0.07025583093499588
108147,-0.0328691111900028
72244,-0.03983732625000158
98488,-0.04352223343500672
16185,0.022408950544999584
22178,-0.0742120143600018
16882,0.04200393155499427
56503,-0.02725542077500176
217578,-0.0286171345249997
12005,0.021141476654998215
19134,-0.05058041295000226
71715,-0.10260325219500022
66617,0.08463990292499801
117147,0.0425266132349984
77305,-0.01772705910000738
68052,0.017782434899990207
241694,0.054789237279999625
93685,0.03990716878999967
76686,0.038444749484996876
74591,0.05672854091499824
11776,0.024696996499999457
56716,-0.016597597009997855
207278,-0.03159735573000155
76303,0.0426269351599986
13548,-0.017505775295004966
17691,-0.034138819055002934
53380,0.020071482849997935
14360,0.02014121968999838
224079,-0.03235011590000081
12974,0.018225901799990396
68233,0.038095306674999385
21937,-0.01700835281000579
229841,0.035560232040000805
239570,-0.011130884099998184
68519,0.04915489353999902
68563,0.017728728200001598
66716,0.029632329609999175
231051,-0.022290719820004412
433899,0.022610597769999075
69035,-0.040397777750004416
227619,0.016943438500003793
27277,-0.03433756757500639
13346,-0.018727453750002176
71448,-0.022964774700005464
75173,0.06189358286999802
24127,0.048993241844994095
18786,-0.03448719664000599
109658,0.023319839300000922
67248,-0.014410755300010791
16430,-0.035209662924999385
16859,0.021284789624992584
104443,-0.05051318192000176
76947,-0.027189349875002655
20357,0.04332971513999917
19821,0.041505449560000685
246782,0.01904759870999584
109232,0.04226658437500053
72475,-0.02321476181500337
72584,-0.033688642080003106
75678,0.04787961486999848
76737,-0.012890479800002907
319504,-0.04688687988500062
73845,0.053537108004997336
69384,-0.03792688411000178
56784,0.02804651723500129
246694,-0.02051535023000106
84036,-0.04592795881499967
74322,0.016595242704994462
16641,-0.04258747841500021
229011,-0.022448805575001174
19042,0.018763450839994533
67026,-0.03184648016500535
70840,0.028723737429997342
11990,-0.050626016245004735
98732,-0.038673111505001856
192120,0.033004463814994445
67486,0.0286181991049963
223666,-0.015239673339998205
223665,-0.015239673339998205
231821,-0.013860243849997289
81003,0.06592015441499655
67610,0.018262006909997908
67008,-0.03147950514500497
66255,0.0426668352099977
100561,-0.016392558200001517
16538,-0.04572615281500081
636931,-0.0567818881250024
195018,-0.04621059984500153
74185,-0.02148647113000557
26401,-0.01611625934999772
66209,0.03584841625999946
228005,-0.03599036964000746
74741,0.044765434544998595
21410,-0.030450810685000107
27397,0.0365141472799948
11596,-0.035347902215001614
20528,0.016497565040000772
73836,-0.017548707875002734
15488,0.0273906534350008
30926,-0.01594087990001114
69736,-0.03677491315000303
269019,0.039091014654996314
67003,0.010903971599992346
319481,0.029207983294996076
29816,-0.02899559121000017
19384,0.013950576149994731
76487,-0.038511282855002715
67997,0.034239528244995654
69900,0.0359729356699976
208659,0.027921610049998602
66556,0.017077049149991197
270120,-0.0766017220850026
225432,-0.036011491825003183
80750,-0.02604168865000034
106504,0.0150486643799983
434903,-0.07092488680000208
54651,0.02788039088000005
72258,-0.056688688610000426
26944,0.03508653675000062
11775,0.03806227562999709
14423,-0.03192347906500714
14137,0.03284568075499905
73078,0.01955171175499615
212139,0.022334736274995493
100952,-0.03589693160500129
13002,-0.019493075500006896
16362,-0.01692385845000466
108755,-0.016922442710006536
246229,0.03482130431499986
22635,0.039988073039998184
20661,-0.03695147147000277
66889,-0.021957949765003093
12777,-0.02742653900000036
16889,0.01673030545500076
17688,-0.02286435980000512
58223,0.027758291984996575
20849,0.01641620556000234
329207,0.054475579609997826
72056,0.043381937784997326
78912,-0.02438530418000262
14998,-0.019386156499992424
13072,-0.03920935466000097
68349,-0.01299726304999993
52552,-0.019025938130003084
227099,0.05027572070499353
15499,0.027911848089996028
70603,-0.029828240315000087
192970,0.022060959099993838
211488,-0.04314887214000063
620235,0.03496784378999784
237934,0.04531681217999983
11479,-0.05145184000000658
19360,-0.048295959885008344
105855,-0.019484296600001727
223774,0.05333667298499556
319478,0.049388213890001254
56380,-0.023552664490004815
76933,0.020833293799991992
64661,-0.05238859653000416
68094,0.03736363348499783
71323,0.03708862355999765
14531,-0.03968150894999978
20129,-0.053673404250003554
19737,-0.04054830089000161
224093,0.034614975964998074
70470,0.024213339754997065
68947,-0.037747257420003066
23989,-0.02481667316500058
109181,0.035468691244997075
226442,0.018221539314991375
77744,-0.05427170867000086
67618,-0.025912929510001348
71586,-0.0256130551900009
233765,-0.050836960290004285
244745,-0.051954052964998
15401,0.052159862279999025
69312,0.031376644574999446
381741,0.035739875144997324
235633,0.014644514699989841
12454,0.01637021589999854
76630,-0.0144471189200015
70088,-0.016252021205003686
72569,-0.04340503884000135
243043,0.03379106475499816
208188,0.029672601159997036
23879,-0.014181849485002118
12565,0.03545126564999901
208431,-0.05615605566500115
319885,0.01578330164999464
68119,-0.04019666525500387
98999,0.018513730544999163
56229,0.03936361374999908
76964,0.015412673999994908
72160,-0.028176224625002355
240476,-0.046107592320002055
69714,-0.04698998887500849
170737,0.011462222249997822
67498,0.04880556729999741
19208,0.058526181389998655
233011,-0.03264174630000216
241322,0.02712100842999554
195359,-0.028536648565002487
76524,0.03232829872499998
26909,0.03547107349499967
18413,-0.03483532046500226
66989,-0.01842340103000062
235386,0.044732335239999976
78618,-0.023073393340004245
216963,-0.042764262200003955
108673,0.03987321856499726
171285,-0.032587534880004654
14180,-0.04145934259500361
72993,0.03669534780499717
19058,0.012692904769995295
110196,-0.015705195119998905
66968,0.04369750524499594
66834,-0.011365050400005572
231549,0.044444683875001445
14451,-0.04648543862499821
12223,-0.04194445314000106
14248,-0.01654716672000589
22420,-0.050243375104999544
58916,-0.05710956665500122
329093,0.04683388741999961
99712,0.013867544199994697
56069,-0.06919431807500231
73884,0.027738997919998898
226652,0.012624030149998688
242607,0.02700750999999979
67220,0.013482972499996748
107227,0.017483373339999275
242248,0.020577107499997638
18553,-0.031720067495002
59021,-0.04060667184500577
226154,0.03326533519999941
72780,0.034028134589999315
232943,-0.03597171559000145
16529,-0.0361108662150027
70767,-0.01938766237500822
66855,0.011747355299995377
67856,0.036230575549997646
100210,-0.035334198470001965
11848,-0.01346197356501122
66914,-0.017859502300003882
22095,0.03589532695999642
56430,0.01957562925499623
70645,0.04513783850499831
100737,-0.03449335787999974
192166,0.02965502024999811
104015,0.012807795789996135
20678,0.04352036563999562
75717,0.031491453789996626
373864,0.054649830789999854
12370,0.02781198104499616
57765,-0.01386978129000127
100040972,0.027811546604999293
12343,-0.018495620870002227
18654,-0.03005612235500621
58248,-0.016013292310002925
232430,0.010705169975000928
16427,0.028475502339996517
241075,-0.019805603370006253
22786,0.028595967754997176
232157,0.012552827975000014
107392,-0.0300803305850037
12738,-0.04787658093500191
15184,-0.009758173050006036
215387,-0.029118773134996445
17475,-0.019788806255003344
330723,0.02737433167999903
70605,-0.025590128690002878
20416,-0.01360269233000011
21834,-0.02960595635000196
244668,0.021582291394997455
106639,-0.020114827575003602
18742,0.03139704000999988
244198,0.023151324659998362
76900,0.01161467250999415
54409,0.010989737074996953
28084,0.010989737074996953
71690,-0.03816782345999936
14854,-0.031072620039999777
224912,-0.025254820114998466
99031,-0.04517651779000165
20286,0.04070108539499895
386750,-0.030772751680001598
105014,-0.03531082118500173
78767,-0.030410264840000423
15925,-0.035266098044999694
78330,-0.010064545350001453
328424,-0.04593658351000229
171580,0.016145901299994492
14020,-0.023076666985001992
71877,0.04043220996499919
329777,-0.03206428507000236
14547,-0.012367145080002473
209488,0.031010224549998355
668257,-0.025856677200001066
66091,0.008706861600000337
22278,0.030134919934998727
225523,-0.029011893115000298
13350,0.030939363259999908
230649,0.02272967803999748
17129,-0.014284274045005318
170829,-0.023125880265002507
66930,-0.051583922189999853
229593,-0.012666358065001049
319583,-0.028639820355001788
626834,0.025707115549998605
76938,-0.016087692555005972
232288,0.036849881194995326
14559,0.04300526262999682
67440,-0.016025990680004654
15926,0.032562046879998086
103988,-0.02498889278500105
433926,-0.024046926475002728
226139,-0.026757606620003038
226182,0.030252824064995743
15551,-0.034132554890001554
71864,-0.040832013034999726
327957,0.023421652104991253
66206,-0.04312899758999933
13008,0.016917295139993627
68846,-0.03427362143500279
93838,0.03018840994499783
628813,0.03142995541999927
109054,0.024124767890000065
30934,-0.03689951929500701
233987,0.03331233225500263
66464,0.020509043824995743
27418,-0.035390380005001276
107652,-0.029089453075002325
14667,0.019011777919995865
385668,0.0683508070099963
69116,-0.013980856480005244
56294,-0.030195911320001656
56613,-0.020807034435003757
66279,0.03272220705999551
76444,0.051721787439997335
327954,-0.042632167355001194
101100,-0.009976995450001525
22771,0.02196683907999919
58869,0.020415109079999105
20055,-0.0117013047000043
75141,-0.01852935889499996
66373,0.015844525745000837
18711,-0.028512628410004126
380967,-0.028599176890005573
74196,-0.0309007052400041
11546,0.04269248148499738
56030,-0.017647095210000074
68979,-0.025073388440000954
268980,-0.020150979195003416
269870,0.028071422034996907
16331,-0.016297353550001503
237926,-0.028161447654999616
68612,0.01877800969999832
76788,0.01557849060999672
15525,-0.016307123650008748
67210,0.012242504300003176
17294,-0.013824015560002678
219105,-0.008935710700011867
207214,0.011424199419996839
15258,-0.02059037260000629
243819,-0.012449646780003931
68255,-0.012449646780003931
242819,0.03106315436999907
83383,-0.028425909790001924
106025,0.011890819099997785
72946,-0.012922594730003567
217705,0.022347954269998915
69091,-0.03442827072500165
11834,-0.05109116075000397
233918,0.038606878709997794
14936,0.016364423919993598
330050,-0.02260815478000122
73991,0.021392253529999294
19363,0.02810730119499727
77853,0.022203456354992213
54723,-0.02614159457499987
21343,0.015799367819999688
381591,-0.029175631520003797
67207,-0.03186212509500308
77781,0.019099220069996647
23897,0.009065187249989393
17207,0.014572042169994859
73341,-0.011514716300007777
240131,0.055142079085000795
15893,-0.02948835185499954
16363,-0.012742343350002017
74011,0.024516182930002017
75458,-0.01793543331000258
56455,0.020477069955000538
70425,0.013106404099993085
16438,-0.017463695090000897
20480,0.010607790534999495
76072,0.031531521915000305
103841,0.02148293913999133
69816,0.01123665559999587
75766,0.03236350607999938
26563,0.026406891994999793
240665,0.021552934664997636
18806,0.03046886556499473
22201,-0.013341192150008396
217463,-0.03320802905000164
16913,-0.010979650400004815
235441,-0.011372023400005205
12960,-0.02315341666499826
20296,0.017377306259997116
327956,0.02093477176499814
70717,-0.009104648900017054
263764,-0.040598987355002336
71176,-0.0950327268400013
68209,-0.008384824000001956
109575,-0.021114873780003762
107607,0.012783966799998936
24030,0.010869348299992865
12012,-0.026568825130000473
68460,-0.019478694955002318
252972,0.01180849951999896
278507,-0.03039457405000423
83945,-0.014197953720001877
225192,-0.028930537660001754
83553,0.03580964990999824
18634,-0.019418264810001862
76157,-0.019418264810001862
14790,0.009531780649986388
73412,0.03511940808499947
21454,0.015291911369994082
105351,-0.02120854377000203
228545,0.025805203934998744
16425,0.02493996546499888
75590,0.03266955913499858
70789,-0.02052374477000196
16880,0.026147044209999137
319520,-0.027426399875001284
15259,0.010500552059998114
229562,-0.045843728080002144
20322,-0.011662149199997529
98711,0.039796925060001875
73466,-0.025312406000002063
20387,0.018082421755000855
75735,0.02863225809999781
320951,0.009132279799993981
13169,-0.012414974655005295
57773,-0.014343441380006539
692132,0.02925832687999952
208795,-0.034383061830002504
13732,0.010506282999992678
14776,0.013202746059997494
74694,0.03502822504500003
15415,0.025118715894998367
66881,0.02889237752499607
11736,-0.02868037500500087
53414,-0.007908852405003941
214425,-0.030776308210001435
13498,0.027633134279998472
57390,-0.03825669591500214
170799,0.030793582684995435
19894,0.03826611829999971
69837,0.0279016005949968
76779,-0.01285633029500488
66895,0.01902208931499949
106326,-0.01341648071000101
13411,-0.03668639916999883
107995,-0.028647478960004413
23830,0.017053807639994645
71665,0.010163476499998936
114652,0.02577722876000177
18997,0.031695173229998375
192786,0.01407199665000114
14793,-0.027420789884999408
66313,0.010732738409998888
12577,-0.02910429994500152
70451,-0.0201019431900038
208634,-0.034215708450001436
238463,0.02369269780999783
319638,-0.012439315174999521
22247,-0.013677673670004609
12859,-0.008526743600000941
19051,-0.026305478690000328
80732,0.0090758910899984
217718,-0.015424487800006048
209354,0.03121658707499364
15930,-0.024918323790004138
18108,-0.01934080381500447
14283,0.023121518874996916
231999,0.02527874326499724
56032,-0.036466545455004606
20899,0.02492826106000079
70465,0.015803467669996962
269003,-0.013328782070004763
233902,-0.01174093862000447
246779,-0.015482813850000277
227399,-0.03493135367000022
381246,0.03361349253999801
102294,0.037712644829998254
50878,0.04018496668000093
12622,0.03223685547999988
68187,-0.051096792990000584
227522,0.021115429619996462
17151,0.00995126919999656
14527,0.03330889500499978
22377,-0.00852870999999844
19349,-0.011119373990004178
66165,0.010325595214991878
72077,-0.0277698159650015
12866,0.011848402399992963
18570,0.011584133799997787
22413,0.029416821674997262
216724,0.028023273619996125
268859,-0.01899263064000234
18212,-0.009593845550009306
72354,-0.013153557675003924
22121,0.010396056849996782
232286,0.01141450584500081
26384,-0.011315483280002425
213402,0.018705300524997526
57320,0.009860705549989746
11668,-0.011508641700002542
211401,-0.02192270282999953
72080,-0.03410938305000233
207151,-0.028740197615002128
12554,-0.017620617179999964
70439,-0.01773615633999981
19013,0.0157159572300003
70673,0.0313788856899988
13982,-0.02393306869499856
18185,0.016006085829998185
16468,-0.013539801655003458
319518,0.03632767466000075
66315,-0.01417294565000482
80883,-0.01744846165000169
268281,-0.02054296359500185
98685,0.02500311452000048
75725,0.011043385659995408
21960,0.018036894980000717
108760,0.01855022124999861
240084,0.023703033769997717
69046,-0.007732148600000599
68172,-0.022096894700000647
623131,-0.030805393935001035
20510,0.011341436899997781
330406,0.019440374204999333
193116,0.01194545922999879
77595,0.03344927494500016
231600,0.007509864400002897
12401,-0.020419864029999513
215051,-0.028103696370003206
26951,0.059373076379997336
19221,0.024446413529999766
628779,-0.027296439590004162
12299,-0.013876270000004354
18983,0.021652619689997543
20430,0.03319368659999711
56433,-0.010192178950001463
231932,-0.00878321965999973
242297,-0.02222559871499996
20779,0.025686386239998527
68147,0.01271956031499677
353282,-0.018226365435002556
66965,-0.008993216450004837
67792,-0.025614029150002438
207165,-0.011123665150003959
66917,-0.008328931770002157
17386,0.022033619469999266
106529,0.009364100110003548
75734,-0.01317350080001134
78634,-0.02186170807500032
19116,-0.026730462380000652
229706,-0.02992692954000198
30954,-0.013143118205006132
193670,-0.010709867090001879
16400,0.020816150744996875
20683,0.03328771442999212
67456,0.026113570490001514
243906,0.023388182160000603
210766,-0.007769145310003722
23834,0.0180736686699996
74186,0.018008813659998513
664805,0.020289161084998675
53883,-0.01574312159000124
66271,-0.022735268295000388
17761,-0.026001199014999088
140630,-0.018523101180001333
66358,0.00944371403000055
235339,-0.026309691840002536
11746,0.02293543532499509
16210,0.012507349364993203
106840,-0.018723670870002707
231834,-0.010708452300010052
381760,-0.013457726990004915
66863,0.017898413784998013
106021,-0.011088090595005262
15413,0.020092277679998993
12841,0.020578450504997292
64435,-0.014906943795002903
246102,-0.022367553790002326
23885,0.012018493099995808
171168,0.01798575383999923
225908,0.03138097730499689
217864,0.011292146534993108
319804,0.029948166379996977
215494,0.022666699669999346
57875,-0.031862313360003114
16516,0.019632696949998696
114644,0.024168815065000793
57442,-0.02705649357000084
108160,0.007132922349994075
243612,0.01847825980999751
16450,0.0256950528199984
269717,0.009332984879991457
68364,0.022739863164996876
69029,0.005977746499993941
235431,-0.01922036018500428
19106,0.011261491399993773
238803,0.02175537649499315
18972,0.03389619965500046
207839,0.008080534899994163
17161,-0.015360937090000526
12661,0.03305480270999839
19881,-0.010897678599999239
114249,-0.016601732070000708
67747,0.02453676161499807
19325,0.006667272349993425
53817,0.010069388849993643
239114,-0.03338931109500187
211556,0.022691885514998678
30941,0.019111130380000674
20442,0.009779246999991997
240672,0.035143771324996465
67770,-0.023601864035001086
16323,-0.0173261167700014
71761,0.028471629129997567
14605,0.010655680249998412
20847,-0.011376203304999777
74281,-0.013017123210001813
101359,-0.015175223649998681
20185,0.013935570559995725
19188,-0.007536351850010448
73720,0.023387493844999163
16008,0.02109495742499856
229541,-0.008825490550004034
320714,-0.02199084222500325
20818,0.018118111904998457
218194,0.02100195454999687
67097,-0.008347070700008175
59048,-0.01355342669499926
215378,0.026657886929998043
208677,-0.020355070940000886
66715,-0.023145146980000586
75409,-0.030101329184999415
381410,-0.010372795300002124
67203,-0.0101468550149999
333639,0.015158202749998573
22782,0.021303997604999125
22134,0.006675731000001406
70052,0.020070724604998702
338354,-0.013790719170001964
16542,-0.016326495300003074
50913,0.03108682025500009
21969,-0.009957637870003921
216011,-0.019628698460001814
19214,-0.02251933691000252
622645,0.024350717379999054
66397,-0.009955586965009644
272359,0.024195049194996265
14919,0.02476517104999676
387314,0.01872054393999889
360216,0.01559520784499746
80914,0.009547382469992982
14563,0.0242142194849988
16196,-0.01974274680500221
83813,0.023670103130002396
24088,-0.011057651960001635
237775,0.02504206300999723
108101,0.00824584957000063
28035,0.017070166849999957
23874,-0.009969052855000271
21389,0.00946495916499579
107272,-0.012146157480001918
20103,0.007036320399986806
20280,-0.006323675350003555
382062,-0.006159267000006352
240442,0.019861807069996296
666279,0.03169604480500032
19049,-0.024520338415002563
17288,0.020707002590001355
12768,0.023240465079999773
67249,-0.022722060730004934
381411,-0.01910182948500072
12155,0.028050478175000393
11812,-0.021544179034999722
234788,-0.019970871340000862
231329,-0.01560864436500431
13190,0.02055473322499779
223920,-0.015368981460001763
70296,0.016636734810000497
15936,0.01795264524499718
13437,0.007590691950001727
58172,0.007404258264992691
329650,0.015173754565000586
17973,0.015348212849993104
14651,0.02347583369000006
15373,-0.01626422327499988
21846,0.01734178253500085
16906,0.012030747659999008
14065,-0.022228945360001084
54152,0.00833601062499767
17153,0.017118661974999227
21923,0.01695373851999804
235682,0.023698494409998716
66266,-0.005350436970003258
223267,-0.014092001945000376
50492,-0.020462076505002535
13809,-0.01339673557500154
13589,0.006238575349998499
79456,-0.01777427532000253
54422,-0.016569151825000183
19826,0.032488382669995985
240697,0.01869441442499875
114604,-0.016939538254999942
71164,-0.01723586433000257
19876,0.026715292769998733
53319,0.008875889149996041
227929,0.006991496249998619
12041,-0.020501880655001692
20218,0.008013888605002961
22223,0.01950507611499619
225152,0.02203224741499943
14969,-0.01117653380000938
224794,-0.011234740985003988
13116,0.017335923664994368
70238,-0.009475290300002825
19769,-0.0053793263000052605
243382,0.011125127969997095
66311,0.015377185914997149
269061,-0.007528874270008146
68556,0.006694006064998703
57170,-0.012351069250009061
94065,0.006699072499994685
233529,0.004732928899986888
234378,-0.01927743622000566
11666,-0.020428037600001225
12337,-0.010858163630000917
20743,0.009095570769996009
229672,0.020499257764996948
98558,-0.0149664077950038
16679,-0.012283933280009762
28075,0.011107971564995545
56410,0.017172058659998157
22343,0.015292360064998789
78929,-0.012456942095005807
50876,-0.02745517568000011
231986,0.01330664522999836
241633,-0.00666105468499989
12524,-0.012952519409999752
19335,-0.016484317640000246
76936,-0.005552402450007321
74131,-0.0085355369000090775
75871,-0.019662074570002908
71951,-0.022216266670000984
50880,-0.012346873685002535
15445,-0.02799977446500046
329416,-0.01809769777000092
271981,0.027213417659999628
114301,0.019703603149998195
19693,0.012643544749998625
70495,0.021014264419997986
18627,0.016896206339996667
30927,-0.018756809390001017
67223,-0.022679966435001475
230967,-0.013951703585002306
228536,0.01713240246999881
229699,0.026318510795000805
13983,-0.008485662809995631
72318,0.006928707700000203
15463,0.015907310844994527
216238,0.017551535259995532
17237,-0.00947467900000376
53331,0.005214079199985733
19279,0.02240074902999778
19057,-0.009942392190010807
73724,0.008322912959997097
76793,-0.018061531865001257
13421,0.012541643790002333
403174,-0.011320071670003706
24069,0.012281044635000349
99237,-0.009299070824999589
269784,-0.019439676785000692
51798,-0.006304829245001642
57385,0.016213006934997498
234736,0.007710116824998892
17992,-0.006808046300006865
320563,-0.012239151260001968
64010,0.011902297250003357
70024,0.021655448659998022
216350,0.019947870614997143
13874,0.015612108770000521
64378,-0.017917824710000918
52588,0.005459932349999974
100039139,-0.02492147300500136
330660,-0.006806295220004088
142980,0.016645256489998594
67830,0.006029093049997769
231830,-0.018138291895001935
67602,0.00870765841499832
60411,0.012464824014998044
433178,-0.021421149300001385
73945,0.00922310316499697
29805,-0.005747051820007343
27998,0.0052788145499995665
12181,0.006687390999994491
70560,0.017464801674994312
15568,-0.01345360665000328
15408,0.01819690283499975
18861,0.01378621386499912
329547,0.023028420889998458
66164,0.006878357599990892
72630,0.005030965200006676
109978,0.008635682459994243
67045,0.01662473618999627
19326,-0.004829161100008861
53626,0.014648210729997668
13395,0.020079970904998135
21417,0.01738171240499664
67832,-0.007782749195007099
328845,0.016399087009998148
17064,0.0064006506350011705
140476,-0.016936367250002693
404242,-0.016451510225001353
208266,-0.006674674945003289
244238,0.009118907165000856
12380,-0.007935495635002177
19246,0.0044411139399933575
214572,-0.0054706220799989325
22339,0.014510509509998215
12123,-0.019447566830002927
21929,-0.01810915765500809
21838,0.008580411899993479
75465,-0.0118905407500014
279499,0.009862530859999552
664883,0.014878766359999851
234582,0.008830589079994233
18101,-0.014765290915002005
16513,-0.010668433645001585
105446,-0.014509021829999469
71773,-0.015794199050000124
234329,-0.014078621440001271
52535,0.013168489569999942
60363,0.011685128570000813
12640,0.01351289253000143
11768,0.024693733859997735
16572,0.008228303309997465
13040,-0.007638467450005848
74385,-0.007619222760004263
269639,0.011787994519997902
76960,0.0089489635550013
22632,0.005073244619998363
73314,0.024669122639997987
226641,0.013596106719997003
12549,-0.01576295253000204
69121,0.016387772969999048
11307,0.006847040539994964
103844,0.010755319034997157
56505,-0.006463738040006106
226977,0.018518200524996864
24132,-0.006970079530004725
237868,0.015149086529997469
68035,0.006370509199992824
66967,0.012905425814999205
240776,-0.01566598163000199
269704,-0.00479486215000513
16183,-0.0038524419000012244
18203,-0.0038524419000012244
99412,-0.01023483608000042
66736,0.009116267049996907
211480,-0.015441710440001089
67620,-0.010518302875001773
54607,-0.014154446320001846
235628,0.010259238404998428
226180,0.0075737982950006
338371,0.006636089000007672
103537,0.008563358204995097
107513,0.0038743463799928435
69693,-0.013256198755000614
74015,-0.005624151930009091
67217,0.009138351570000314
212999,-0.013709944585004408
68955,-0.013061157830001946
217692,0.006431648454995553
18816,0.01463418709999953
277432,0.009975661390001278
16846,0.0065775337599993655
13171,0.012473691510001217
14060,-0.006009547550000605
18667,-0.014166448900000628
93891,0.015363556279998303
104718,0.011783720649995999
67328,-0.012069875995003088
213498,-0.010670187825000177
114585,0.009678993294995664
15560,0.012289326664998157
217946,0.008346362374998861
69802,-0.013437232130004695
23919,-0.012739315645001525
70508,-0.01596293307500396
246196,0.015485556149997137
217207,-0.007760170670005451
218441,0.012087625355000853
231507,0.005008407399998305
69702,0.006910191934995424
225929,-0.008586174270001301
213012,-0.011212171960003126
14287,0.005193576204998607
71978,-0.007965787280003411
245474,-0.00859734508500054
26380,-0.012652110450003029
11535,0.009360904339999365
216119,-0.012122439524998363
56522,0.009048880859999553
14489,0.0067962641299921245
12238,0.004684341100002598
242474,0.009469553590003343
246277,0.015842299569993834
330230,0.013391750559996751
67298,0.00884664306999916
550619,0.00789702626499622
404710,0.012220099214998115
83456,0.03538075930999973
30933,0.00727086553000067
15976,-0.004448721350009066
71774,0.010137185684999217
72562,0.009829182649999879
16775,0.011945767394999862
270097,-0.013829824435002358
225497,0.032887027684998404
76183,-0.011082785460000188
94223,0.011560726699999968
14265,-0.01328388155000404
14391,-0.0053100304500084405
67072,0.009686633084996288
228993,0.0076958583999999775
68891,-0.013956823540001828
51795,0.009660100074997846
20963,0.0054658209499915955
69582,0.005599497044995516
67578,-0.007683631629999965
16002,0.010197656634998609
67890,0.00498188325499882
66306,0.0032568766250005154
68038,-0.0066731445450010085
170461,0.009445091229998148
67118,-0.0035381421500098043
12589,0.012458166625001432
103135,0.014518266810004121
83436,0.00412485945999741
19708,0.004382884249993779
230678,-0.011903942179998683
67781,-0.006892134960006402
76306,-0.006698035940001734
68636,0.008492653430002939
103743,0.009262299284999553
232987,-0.00282039440000581
21803,-0.00282039440000581
432628,-0.004097852700011728
20272,-0.01633856788500232
68053,0.007736112819996421
67112,-0.008253562655003321
71726,0.00817528974499826
14825,0.014493475869998829
13838,0.010606483464999705
14362,-0.008080073100003471
22778,0.0074688698650042795
235169,0.007584044699996184
70675,-0.004270960090002163
22232,-0.011460504925003612
619331,-0.007869820250001602
20403,0.0032899809049897755
108829,-0.0030093858650044325
67929,0.011459821799999048
71169,0.007768793219997683
214063,0.011809774434999198
14008,0.011476544060001537
14739,0.006723306779996996
21833,0.006452324249997865
69743,-0.007770903705003107
18045,-0.011647847815002166
16782,-0.007199344555002263
100163,0.008847769844996911
74375,-0.004563898430003377
54381,0.0053242112299969335
20723,-0.006270551555005888
20479,-0.0046885746300073805
70078,-0.005677055144998278
68352,0.00695252212999975
22137,-0.007609329295002798
66174,-0.007108672530002025
227674,0.004358902029995448
382077,0.007054227469998509
99929,0.005489040975001913
56412,0.002680120635000449
16171,0.008365242864998734
56316,-0.0054055497850002965
244757,0.008301777824997192
55992,0.0030716610849967907
71111,0.008225723499999393
216198,0.007515440839997112
12173,0.009258662779999316
225659,-0.007170284055001197
19822,-0.004457755359998927
22673,0.007647235904997274
230787,-0.0038267056900060936
75552,-0.004795251400004474
16973,0.004122425209999392
71435,-0.007984616320000804
207209,-0.00821174009500103
233405,-0.008511211830004584
93887,-0.008010163745000298
66427,0.003942281624995658
245020,0.01171472966499909
14886,-0.00277900780000806
12304,0.005484093614996688
231123,-0.0029569780850007277
170676,-0.006680679045004467
74978,-0.007731336510000908
72325,0.002792865084996876
68166,0.00809640726499783
75712,-0.003032279890004652
219257,0.02724563572499905
56752,0.004287295374993505
211948,0.00633121807499748
12364,0.005278638554998771
78581,-0.0037922135750063646
68366,-0.009083504225004368
17766,0.0036218900499989104
170716,-0.00483713289500276
56364,0.009371606399999344
232223,0.00422104098999565
69550,-0.0026835663900026674
233328,-0.0037580703550013084
69942,0.009041072629996982
80289,-0.002610495085002995
67391,0.0025585128999949802
69537,-0.002304625049998066
72727,0.0029242652799981173
225600,0.004364232954999103
12227,-0.0026196534200018107
66495,0.0018359861499916974
101122,0.0020173256999935774
17392,-0.00889685328000267
72832,-0.010325343765002604
75210,-0.007506774475009692
234725,0.007731003009998627
75122,-0.009659234780001746
11435,-0.007713134180002079
102436,-0.005046088314999864
56248,-0.0024590706350071656
56428,-0.0014884872500058322
93836,0.0023001648099949534
226016,-0.0021228950000011793
93736,0.004644005264996309
74580,0.006175529369998323
26556,0.0048866361499992905
236904,0.004591404404999722
245857,-0.0056346219900014205
73090,0.008539424299999432
75502,0.0027635010700013396
22368,0.001959179799991162
15516,0.0022445131999901946
13436,0.006548227144998364
268782,-0.005940190870001416
24100,0.0036161300199957225
381686,-0.003737255664999939
74104,-0.004326470339999666
83453,-0.004609847060002004
12492,0.005783130389994895
21384,0.005221720469998026
19366,-0.0034849985600020617
12038,0.005353025349997154
269252,0.005283279739995983
68142,0.0030540982749975853
12929,-0.0037314532000056744
70911,0.004740110184997981
140571,0.004412054724996395
73420,-0.0024390534700007294
20518,-0.004269413800001676
12140,0.0060071875349967385
53415,0.0041716414599966
109593,0.005532801004998422
14660,0.002217077279993873
218503,-0.004080882790000295
68774,-0.002867473289999367
192650,-0.003964009150002834
12301,-0.001801498810005242
381107,0.0055846906299983345
24068,0.0012607496999965662
73754,-0.0039340500800033595
101214,-0.0017177807000123835
228421,0.009328372089995263
72269,-0.004630070970000233
15375,0.004622668429997034
59033,-0.0037510165850047628
213109,-0.0023335754500042327
93730,-0.00320002661500407
224109,-0.0017759706500033445
72175,-0.0119399070850017
23887,0.0029780689649978598
320844,-0.004488546245000613
69155,0.0031008639199958665
68472,0.004734403234993856
67898,0.001003637799993129
105450,0.003300051744998811
57279,-0.002716281295002787
140709,-0.0056906117400012945
29871,0.0037157348400000956
15431,-0.003075993785001341
78388,-0.0031725083000022636
216799,-0.0026202659850023124
20907,-0.002095286280004771
338370,0.003880563284996974
18104,0.0036755973050004442
13041,-0.001488143140010223
71983,0.0035723313949969082
80859,-0.0026480044400027936
16453,0.003054568665003643
52822,-0.0032330210100059986
83922,-0.0028514667150005835
54485,0.0018567303199978902
11801,-0.010299446985004845
67525,0.0031597027199987693
57276,-0.0021490156600023624
16532,-0.002525700370000994
66701,-0.001689383520001364
67011,-0.00200660767500338
381399,-0.0036046682999986146
56378,8.238720999997895e-4
244310,0.0024970866299978134
97761,0.0016744084899977807
53417,0.002558089609999925
76375,0.0021375877299973922
20725,0.0015665693999853403
74732,-0.001019571300009403
279766,0.001103498869992947
20168,0.0010611640749988993
67087,0.002846749734999321
20655,6.323154999900993e-4
320394,-0.0025267131999973103
74144,-0.0024128991250012
118453,-0.0027119567150011292
78826,0.0010074371000037274
13654,0.0026157249599965127
14585,-0.002127434455001076
56792,0.0012435706199980245
22380,0.0020742881299939953
73122,0.0023146891699976635
21945,-0.0017343015650039817
216892,-0.0013962415950015128
117167,-0.002321377229998589
80707,-0.0014043235800036413
242408,0.0065998386949996934
69376,-0.0014932523750044169
235623,7.978694599941605e-4
19336,6.798239400005457e-4
19185,-7.668166000005527e-4
59035,-0.0012303811799991848
223770,0.00232481942999474
77706,-0.0015263681050017297
72265,-0.001187300655002943
67838,-5.665553150038249e-4
15221,-0.001973964830001229
100043757,0.0014787183050000152
15405,0.0017184337099998004
14570,0.0013126415949979986
71913,9.005133050008496e-4
80911,5.513055499957176e-4
11906,-0.0019222650850014844
74470,-0.0012732918550022454
64209,5.225974499953878e-4
53621,6.001305700031878e-4
54367,-0.001154632305004455
30051,9.894648250021731e-4
14560,9.390195249996403e-4
77519,-0.0013096287200031753
23802,3.7903102999159444e-4
13476,7.622604199948313e-4
27362,-0.0010838577550043027
231672,-0.0011642272200038661
70974,4.908251949942155e-4
17977,-5.306036250036783e-4
66286,4.3752995000545525e-4
93759,4.4073152999857257e-4
67472,-4.6672877500597565e-4
13992,-0.001032568985002591
75425,4.937286799968632e-4
225160,6.063907699962456e-4
76293,6.922327549991891e-4
213603,-0.0010182331250021548
109778,-3.406514249997272e-4
20537,6.224521249982296e-4
110834,-5.741449000020715e-4
319822,-5.525300800002242e-4
12797,-8.922060300040613e-4
15476,-4.1797360500250846e-4
72281,4.3138111999896367e-4
215654,-4.058288000026167e-4
66181,-2.0440500000340478e-4
67106,-1.6142650000716685e-4
52897,-3.2005365000076225e-4
208144,-2.7606575500094266e-4
66940,1.9247399999144932e-4
104346,-3.2424546500298135e-4
231760,-3.7466561000165655e-4
67074,2.8490935999947453e-4
20973,7.105224998760207e-5
21975,7.73224949988105e-5
26611,-1.7254394500287873e-4
213326,-7.661825002891476e-6
