MM.Entrez,EffectSize
69742,1.4775389289353615
109660,3.2907769725124876
12402,1.8001651252869433
67331,2.6223943118416084
21676,2.5096785051752004
233875,2.909142247577364
98314,2.2530547902914453
110135,2.5640370538735686
320202,2.6632512364040988
56184,2.41479171325558
545902,2.4664655381235185
11470,2.214338609511426
17537,2.2484130493269596
226359,2.3295418686246006
54199,1.8215873872536603
18796,2.2013040112531543
15227,2.082209539276315
73192,2.0667978053485268
243510,2.3213183090774985
14807,2.598470155204681
77462,2.496771727393547
13106,2.0744702833913236
53870,2.289898680565001
14068,2.686622027820193
52892,3.531968234372984
77976,2.1223169618627242
213435,2.083426652611088
74915,2.334817429398602
628324,1.4770908428866178
319581,2.3614912173642653
140500,1.450877514334481
225631,2.1141382608974393
22260,0.7039219980880667
76267,2.02501602742503
21645,2.0762033665397492
237397,2.558545926822555
16688,2.578565981427155
74754,1.04804945040304
241201,2.25281541341794
227753,0.8506784456587386
69318,1.5003013065414486
76645,1.5351182783323658
224023,2.0798596079552585
17260,2.18493608925786
21968,2.2553804500997856
668303,2.5997512451377816
13446,1.9615306871736804
106565,1.2802026852412176
226896,1.8208828395319472
12587,1.8474143525331455
14168,1.5529780232705885
384185,2.2016880536384553
17202,2.761792764847903
76073,1.1905913361259977
18029,1.3530934173755096
22066,1.931031879950857
15567,0.9032602632709672
13483,1.5407961194001487
68713,1.6601955501764678
16981,0.8670670158039435
11853,1.8562756663293758
237943,1.9210201333438928
244199,1.7839184193034061
13714,1.7035471254447252
332221,1.6986412373383777
14179,2.449534463841575
640524,1.9027221987481528
170736,1.2801073968659349
18991,1.2843023353832201
259119,1.8806347655702518
19334,0.6609127477775747
13196,0.777821210802637
212111,0.6925131041699508
14270,1.6593869270831227
19079,1.3508572561307695
13370,1.6943098735717808
66333,2.5039615943372846
226438,1.622025051679091
244550,1.2823883220609567
332578,1.8165610798671263
18022,0.707520700413621
15519,0.6392745952134007
69836,2.1615920506815183
13649,1.7488556511347797
18121,1.4318166804377537
235086,1.519782516014347
12840,2.658667420662188
26757,1.350845482112648
20913,1.6538824712858995
75284,-0.7855803470701321
75723,1.8427849220057446
56501,2.2715181793295622
666794,2.275426011981584
68487,0.6922750224849334
11492,0.9449060133511509
14915,1.5731953406959889
94064,-0.8209434580488821
21854,-0.7440141177635908
71973,1.009517123226031
17776,0.9991052268602871
58804,1.008021078671666
245468,1.258101853088677
385377,1.258101853088677
18590,0.9278102048548948
12518,0.9862240155056785
230398,1.6417287677486119
29856,0.8392268355484109
170472,1.4804963172791847
14461,0.8864608848396776
75788,1.3634035946042289
260301,1.4599803358862804
22163,0.6715705286965843
14729,0.875610568126346
14071,1.8173350872785061
12180,1.4000406592896253
80886,0.9968399112831463
671564,2.058185735878517
24100,1.3377997278031994
26434,1.2385236533626092
16012,1.4117230110555008
17287,-2.112391056381875
404549,1.72857095198819
16419,0.7411300965063319
12260,2.0751823819979744
72383,2.2200628290023374
258961,1.5907727000730727
19418,1.8851776281577948
69274,1.4108209831819183
12266,0.8853960565581218
14201,1.6467124131523727
12834,1.6417422839249483
270150,2.07600780090313
57765,-0.7854907269082352
74383,1.7181270121977779
226861,1.865537549427243
69533,1.7416865066782279
94249,0.7883503454336918
11770,-1.8400527001144926
65099,0.734170456576928
76688,-0.4971763167489911
212518,2.0904503468508526
14430,1.3560047903192398
12977,1.2071235600558676
332110,2.0993151381388735
69398,1.3817672464850022
13639,1.4341670669895654
13857,0.7518776310633344
21906,0.8618910764673835
13844,1.592648436479558
26416,0.5144519769525573
58206,1.053943943356404
68316,1.2025302534101687
16905,0.7870173104352496
328778,1.7878843413099963
67703,1.2694838993633093
387565,1.709903950086451
109624,0.8737957870467898
30806,0.8712656131074894
78394,-0.5867136051640909
110446,-0.5417578122352422
67881,-0.598550340572185
243621,-1.1882219632184992
14756,1.8366768599000771
18190,1.4345592609138391
16643,-1.0041648625579107
109676,1.0421228882350189
16973,1.2525189912057009
70080,-1.6258431368232307
21926,-1.0964251301633245
68632,0.9589090921919823
12075,1.567939276500609
68423,0.7670881068157573
74463,1.2405449527752888
57814,-1.8441644717105623
76539,0.9739213802464857
170744,2.1272975840990336
71728,1.4405911252900765
100534287,1.4982735568187335
21934,0.935305226320537
11438,1.6692711934105375
68499,-0.6865632742612817
268977,1.028474491764328
68203,0.7626927652631768
69806,-0.6317072486233872
239827,1.7454567380898487
68346,-1.1086243867269392
14884,0.7529258805651082
54357,1.4536085465721849
223970,1.2237191117335744
170834,2.1545006110565232
233836,-1.180796476669765
53313,0.5968023088777272
329942,1.5083601183344824
225745,-0.542694535492295
57756,1.389143154780223
15505,0.7690681841311555
269608,-1.8807589283517707
56176,-0.8650183822885289
382639,1.4091553321279768
69332,1.1393459840943994
329581,1.6795845054401557
54483,0.9184654479269234
71856,1.2392214182537433
83492,1.2266750379151485
11979,0.9958374351905768
13400,1.9788928491419657
71673,-0.5450278745557728
100504285,1.804697206832457
320429,1.201128088928007
102502,1.701712857578567
13116,1.6867454013413594
241128,1.0254197170585648
66446,-0.8094949502551856
68453,1.2467588385664872
107477,0.8750374922570554
243083,1.867526341230736
545486,1.1170838765332753
77056,-0.520398671408481
73166,1.0248632356506064
72121,-0.5539963601782407
233020,1.4352368313132846
22245,-0.5756572727148246
74286,1.5709370586486875
11625,1.4153876988683187
108652,-0.5773179773934034
24012,-1.3925602691650045
72828,0.719569558324606
224116,0.9558168729084873
94226,-0.955206214513324
268490,0.691835627786805
15216,-1.0920566551548037
24047,1.0449041761143487
14312,-1.0792957728829933
12475,1.4479976339477387
20014,-0.5910364127623868
68240,-0.8643796947785347
66042,1.444058020990937
14723,0.8736370171018812
18208,2.0335173642437248
211548,0.6217264307307815
269037,0.8625824895792178
20384,-0.6021632700394104
77733,1.6549319205974307
66220,1.0241466353253728
20867,0.7489815225638559
193742,-0.750805461699481
21422,1.1563239828729444
16784,0.5599768050614014
66712,0.9267697670806125
20290,1.3207679114003383
14073,2.050371487966691
230784,0.7202646330428681
69906,0.9483460926626917
16660,1.3452825350082778
381199,1.1572121609130486
68311,1.032638063247692
20401,1.293297769298439
14724,0.8118578415660078
13638,2.0065073417855483
50916,1.3808361564985745
223604,1.8170432588292815
66999,-0.5262106459581446
14923,-0.5606900389475857
70784,-0.7415569588031907
67623,0.4878631489613934
320916,1.099934788220855
15565,2.1547875796161557
227288,0.935634335570688
170947,1.0092210612537134
20168,0.6399187089159426
66537,-0.5517024781698492
19662,-2.0413243141199136
399101,-0.6923839463758057
100306944,-0.6923839463758057
207920,1.1932129842776753
258470,-1.5786117861017441
18417,1.8245184998000301
16528,1.0080538344567298
12643,1.2929235032168647
67198,1.5216548261688576
17149,-0.7007976649361325
19385,-0.49529472536314145
27426,0.7194970646710059
55960,-1.1550903971137485
239591,1.672278698635596
98828,0.6384211677005709
108097,0.6778812675722108
77701,0.6733973893519334
102580,0.9306792236448098
22371,1.0071230922500973
114304,1.625432648811655
75778,-0.6335553325058259
17763,1.4092236618367853
11515,0.9704388374913906
21961,0.9007400171827893
78771,0.6904876535004263
69376,-1.2337828254229208
110911,0.622391259423221
229841,1.347771717613635
14067,0.8174062256539969
76510,1.0338824616753506
217708,1.3294163767954732
20163,0.48908823936856116
12874,1.1974959273582026
19651,-0.8579122350302439
15114,1.8776292167729913
217125,0.8149748363569689
170484,1.631306500145155
227697,-0.8458401645351259
15108,0.5291819902432966
237107,1.3141841877237415
83557,1.0272360273088648
70604,0.8677101608274942
108121,-0.5570664611167278
235574,0.5387877221292401
93746,1.6549379937183684
217588,-1.7136079302646747
57373,-0.5551749457037936
268564,0.9556020831976051
215707,0.650803216405949
74504,-0.6540532645430535
66435,1.5412699714356979
12765,1.0443307638439716
67991,0.6351109139183393
74178,0.4963486510071391
67819,0.5151463097226276
15531,1.3279090868447527
12983,0.783736888344368
73910,0.6696992529764474
545156,0.6661263024776805
22330,1.178736399523836
13199,1.413011006080814
74675,1.1640848589587884
17123,1.4805885196055986
213956,0.6086029631818999
110279,0.7395730800817475
12912,0.995937771728765
17064,0.6682212720641534
57752,-1.1339110049390788
108068,1.0777903066846495
233080,1.1539143364696205
233081,1.1539143364696205
64011,0.6210934615378747
19700,1.5168807009660306
11890,1.0911672214663195
66075,1.0057374378755863
232533,1.1551606597986614
66046,-0.5499700649897363
20496,-1.368177264704035
223227,1.137797427572643
106344,-0.5155408004909496
217893,1.1130014093885547
74097,-0.49942203518554784
99167,0.7775713890118281
71912,1.137215250311364
58176,1.549584926862797
11643,1.5014680405108338
212919,1.6256476903855432
72775,-0.5164541098944042
15186,0.9794524756026597
234356,0.7853288956821594
19088,0.47165323732562925
64898,0.6833818158073566
170735,1.43083637175173
28169,-0.5473397366873289
243819,0.6012058609127386
68255,0.6012058609127386
69260,-1.0566345270545714
66131,-0.7810375264374008
231874,-0.5690941894743435
20527,0.692631491500995
71840,1.1653328949934743
13595,-0.4847170208659364
74315,-0.41583259704670184
23797,0.5692949626168797
16416,0.722324569333459
544817,1.413986922860449
329504,-0.864931809243223
216767,-0.5185471836167181
17063,0.7938398400909614
13033,0.5520641335697114
110606,-0.598292168503562
211151,-0.598292168503562
70231,0.9970975942000733
242603,1.6946788322728503
13644,1.553863170101561
67399,0.5711696057338163
100039795,1.1130025885316126
19181,-0.5013703691995648
54368,0.4569606168126299
21940,0.7598869300131028
16162,1.6978571955088615
15903,-1.0400022091735632
74026,0.5679897953039639
16706,1.613356505637885
67905,-0.595537977454585
20287,1.4157793588400676
50772,0.7230604714789894
68705,-0.8723122806847368
67903,0.5928328747108429
140741,1.0852581898222144
226970,-1.175682300647546
72446,0.6130258201003667
73368,1.265208144116495
76332,0.9692046932455689
52855,1.0494252825525976
13548,0.5761945491427696
20379,1.4875181510644175
217124,0.5277237052372019
235320,0.634881850304092
53612,-0.5451143991477583
103768,0.8392570035278446
338348,0.4856560954208984
17192,0.43984498720765686
106877,0.8173620843934959
74747,0.9867432935120188
17187,0.4311845397108147
12064,1.9173961718868116
18198,1.377679680539254
259122,1.2149282806239867
70382,-0.5552403807969171
14538,0.9501926589713401
13340,1.4931858351966794
66241,-0.6523039608812145
27028,0.7921170136714135
67212,-0.5035598749184143
68041,0.5423716172332824
140493,1.1623041357892152
56089,-0.774891124891127
58996,0.6702305828013984
102693,-1.8888575741687532
269951,-0.4779396216616796
100434,0.9418573115443678
232934,1.5951375708811817
214359,-0.9146795549592674
19347,0.49153850262464616
140477,1.994901195065252
17760,0.9503318891632002
71810,-0.6441394051461771
211389,-0.5390383442376478
320816,-0.7289853975448608
11998,1.2964472367903936
17305,-0.6135135477004852
231440,0.9365877656786354
268395,-0.48967076338413484
320795,-0.4896190612723075
50918,1.0526756784490772
14768,-0.37456475996484606
19242,-2.3402824232863306
353258,-0.5380897872799402
76002,1.5372006724852287
12335,0.58235085516705
214523,1.7777171036163333
69606,-0.6805617083811857
246293,1.422994454568287
63873,1.0993305882676019
67511,-0.5267501964673933
113523645,0.8251709499303663
22117,1.4407986669452617
76646,1.8055148805665064
14404,1.4026898582401746
14682,0.4693494102674096
70099,-0.48638490615973673
69826,1.1766725814620846
11928,-0.5061108298211643
268970,0.9781581426074659
245945,0.9925229321402842
272636,1.2137831397621204
28113,-0.804201301377101
20203,-2.325312577603669
14348,1.3751881841449842
74255,-0.6592834112746466
66958,-0.46288458772292707
12505,0.7565408488891148
231148,1.0907035218710392
67872,-0.4147894481490315
93696,-0.7243611977484683
195040,-1.4136106747989183
56312,-0.7261449656522672
21748,1.9936119063792423
83379,1.6414803552072348
320840,1.294740232571188
72349,0.6049310764984419
100756,-0.6279492254532748
102637926,-0.6279492254532748
17002,1.5289947000530315
217207,1.1094867565634292
435145,-1.0709576748974907
67229,-0.5393333360152734
236285,1.1480392304536187
665113,0.5706141555473474
103468,-0.5449528395821641
12953,-0.5220647294360194
78929,0.9708141052307395
72022,-0.8743230867489942
11629,-0.834716678834452
14562,0.9595225351554184
19276,0.8994399605830283
66824,-0.547113637037036
12696,-0.9550167658026396
216725,-1.6726815088740477
217038,-0.37794378426819364
68275,-0.5837449580911009
66212,-0.4339490190614743
55992,-0.6513570998541942
108143,-0.5184403914960214
26569,0.7778331115251671
114666,0.8186234981774803
72661,-0.7977134787612012
19223,1.1635154104913923
245026,-1.2721149339388198
22141,1.9012486539120053
109689,0.5163733999768851
66659,-0.5243428659717946
72168,1.5236048049459
66343,-0.6422884094569836
69048,-0.6857291695813466
75209,1.6338244178511894
18587,1.3260639735593864
72999,-0.7039632295598919
100637,-1.4541478779438828
242691,-0.8978225419912871
18636,0.6410219784126046
66248,-0.61438163637958
67711,-0.40236901976171247
232400,1.2837764367813858
14760,-0.743129109051651
14938,-0.7098378605443276
56703,-0.43953740377658157
19299,-0.6195249430739098
56324,1.0880592577723007
67210,0.5518876083374344
15452,-0.6117756774174108
78933,1.519157279175011
68598,-0.4802272712645035
66231,-0.5206716257652815
70435,0.6475074144998363
56488,-0.5060741051507485
67201,-0.5816985669796626
106639,-0.8455599790939461
66548,1.5119926220619826
66260,1.6570264931573329
19655,-0.5029906820678276
65106,-0.7706237123640047
13136,-0.8202846244038628
68090,-0.665952390066483
12507,-0.6183730816607653
69692,-0.46625595915892326
219072,-0.4887269843246873
27965,-1.0004007202868221
320435,-0.3763205561414029
258025,2.251514094746198
17475,-1.0663948720285332
20661,1.301518589155731
11984,0.3912789568526449
78134,1.582429268075483
52174,-0.47530801768403386
668225,1.577214961837786
58223,0.8808856356902739
117148,1.015860785163432
56189,1.5789702305214393
12506,-0.6379549627682444
19271,0.7010214637958132
21371,-0.668242149585403
66067,-1.157089513192875
268857,0.674402041439139
328833,0.5899134320552388
53791,1.2452635451448097
17772,1.4744316925961032
57260,2.053077546026667
218756,0.6245536419101967
22004,0.7832503200511463
67106,-0.5516256105854183
20322,0.6022035154294727
226744,0.6077644443670156
217151,-0.6296378211267104
20292,1.2363321659549453
244431,1.3742480394891423
16434,-0.5000297700505207
70316,-0.5145654590104112
72133,0.9808176618284996
13528,0.6310681991382641
75305,1.2609041222059219
72008,-0.41650296523025965
30931,-0.5503042101195454
71772,-0.6349945843387541
14199,0.7069896274480305
66443,-0.6450811906738476
317757,-0.4965893790793743
433022,-0.605371864790043
73067,-0.4919431207451268
81535,-0.5650967450849755
18823,0.557857940723931
71839,0.8908308134283223
18399,1.271601794644777
71336,-0.46026833558090985
68375,-0.411699483352276
67181,0.6268499913151953
59031,0.5233402301140844
71897,-0.6960527393367686
11933,-0.5702406061148277
20530,1.007102683512251
246317,1.4122256988070703
93679,0.5252854648148944
98932,0.37885403902716774
18747,1.185642394575515
21975,0.5009404006125546
58239,-0.7043376459198516
16728,1.2450945920118084
64657,0.5181264853432239
16156,-1.2855999071482804
72055,1.1093393572625594
28077,-0.4639764534965991
26926,-0.4277788948090464
30843,-0.5514340863312199
13115,1.457009391796083
55938,1.201848767917241
235633,-0.5500745152348898
19248,0.5486571650487431
212528,-0.4630258483498082
217201,-1.1454683512825055
67963,-0.49873757580003897
19039,0.5863933333781706
81489,0.5683105101714307
67453,-0.4213579176685247
319653,-1.2112640461299566
19076,-0.7672141256259835
18483,0.7138998279381248
12767,0.8617158518213497
20199,0.7196608387316541
225895,1.103470189116166
100039957,1.103470189116166
14183,0.9199127175040829
110829,0.5098794971536709
67680,-0.4975791828803331
19255,-0.6143873324125799
208154,-0.8336438343599006
93889,1.6905341625855828
216551,0.5456847087038899
99045,-0.4509797613785498
11773,0.34869776677347275
20641,-0.4770268467380472
258248,1.087463292360968
66810,-1.314268967532489
17451,0.9678508695705537
140629,-1.0259293015063342
50905,1.6140050009472535
232333,1.410853620681892
21873,0.8436773472849319
80837,0.6675493600129645
56434,-0.7310489222631729
16563,0.7077018293842929
58249,-0.46886664603874806
109006,-0.6908923319372313
108664,-1.0506489671840376
20450,1.4043272590766787
218030,1.230204449876327
17701,0.9625955831063697
15064,-1.2773363963504791
12660,-1.0090298033012761
319262,0.6489617265809482
105837,-1.131776255823759
69632,0.8883919574636252
631797,1.2149489321439555
74167,-0.35827063178774665
21981,0.5528615669332932
67877,-0.5315422523166333
546648,0.9686112648128651
26559,1.085615552766491
78558,1.2220464605869932
69544,-1.1922033960217897
317652,-1.5065549611953797
80884,0.43085938576603766
20400,-0.753099578288781
19260,-0.5436414096471118
241075,0.7571160800928212
23970,0.48749408190510657
66409,-0.4805002648173087
18632,-0.5861762904251417
12824,-2.343771830650241
17532,0.806452678688685
15560,1.3276936860561976
278180,1.2709731779260682
94062,-0.5271123761925782
384783,0.5775374408844467
53321,1.351172741514814
66111,-0.4985956961291116
241452,1.10615305802221
20753,0.7355891929466765
67873,-0.3745832772844562
74782,0.9667272875488848
353242,-0.4220572546211052
21652,-0.44845159958643777
70567,-0.7559827100933436
70310,0.6377701497037371
67272,0.9784342201017662
103554,0.742232192653991
19035,-0.5011324984054664
14710,-0.5901321634640038
13681,-0.4816655049237113
68273,-0.5883486905923494
76786,-0.5883486905923494
26380,1.2039191668429057
11593,-0.6481445926532539
269198,0.9199108775434439
18612,0.7683669994431721
217779,-0.41971967266033516
67602,-0.6801256925301526
229517,-1.4632268103516672
52637,-0.4748801490661769
57330,0.6787085272315174
70747,0.533072886232107
70510,-0.4008313031690971
68332,-0.5509973303564486
74127,1.9294361747573525
18148,-0.629062298289357
72514,1.2627597457916089
23988,-0.5132970788830331
71609,-0.41039156000300636
26410,-1.2778586504880236
226122,0.6456116159878453
69608,-0.682717079056947
12626,-0.7759577840984395
12282,1.2703248431228369
21809,-0.6008167683248073
15382,-0.5347640436387273
381457,1.276163280022467
270151,0.6442004551444747
19070,-0.6453664044408107
20498,-0.4915533021725542
59054,-0.41714059361540023
228684,1.512918864872959
16370,0.9302998415420234
16819,1.1404721674406328
13244,-0.4137261626214048
107047,-0.4659375038164626
208211,-0.7070958662148303
74145,0.49264476768077614
80283,0.33831743124762603
330721,1.2912698235191882
72179,0.5795477526547774
269473,0.7593708914820052
11669,0.4703461108773084
66890,-0.47560739654929485
58246,-1.1397795442647087
72310,-0.5097639266390175
56374,-0.5608695700584789
76905,1.052939069231062
75516,-0.8199946299736265
72900,-0.4179655277288692
68537,-0.4388613820686178
170742,-0.7450723322138
22218,-0.4510894951132194
68215,-0.5582190725867449
81907,1.0789725678008768
227699,-1.1833041375485198
74434,0.8310275641833336
66687,-0.6758455238238827
73828,-0.6231321482716758
66733,1.283256222350614
100604,0.6207411053265854
114654,0.7964127165823784
239099,-0.7770299826448168
12752,0.43881161338307173
22196,-0.5121358184345919
17904,-1.285609229522552
216459,-1.285609229522552
67725,-0.4786556664182786
13003,0.6928805291835092
71949,-0.5688463375055441
319229,0.5645127329458131
76938,-0.5284344651778587
75828,1.2762677278937504
224250,0.384662973076324
19652,-0.7397010090963452
75777,1.1576023096895254
56748,-0.5560201645999729
225358,0.5023699774473389
69635,0.662277674499089
54709,-0.4618437805717601
214112,-1.203132651724283
71869,1.4186709398705117
67674,-0.5020114402539786
18146,-1.6775278964303926
56734,0.9756478319044817
76257,0.8336288119285902
83961,0.7064169928233479
68440,0.5738283866931528
226075,1.0598043544334308
212090,-0.4896427488061912
101612,1.0033493932293176
83675,-1.5816823529992652
66085,-0.564080633684183
224481,-0.640148441785743
320502,0.7497405216923623
13401,0.7465462003191305
12567,0.4565939565217736
18187,-0.6871794125842898
66044,-0.4778479785450571
103978,1.287810160739837
102626,-0.4496810281431074
98682,0.5379609295769168
20639,-0.5515573684520785
230971,1.1024201387194559
13601,0.5103897379456441
212390,1.180547318788495
279028,1.3360162767619475
66743,-0.5316413152816093
232975,0.7356043682622406
14262,1.4769074783467477
107589,0.8801199570015354
22287,0.8768985319390215
67657,-0.5918673414853375
30795,-0.5243049377740583
14266,-1.2811567288110615
20907,-0.8557238238393259
21452,0.5160327154570492
27058,-0.5155815533352346
50793,-0.46984396368603676
83485,-0.34617851067638483
67800,0.8488774554962859
22174,-1.099789255520201
229603,0.7774492331684417
22631,0.8234606745455135
59016,-0.454806914463056
22213,0.9658488762747961
72373,1.6890987040059704
330657,0.47191188783442506
54139,-0.8707710770546111
224640,-0.4266134849920995
66371,0.8919596582100704
70945,0.6253218153702509
243816,0.6100205991408547
104771,-0.3475180336385968
12519,0.6015816787903283
16641,-1.4571944085157602
77134,-0.4944705641127136
106564,-0.5348736249156989
73608,1.289366540614079
20562,0.7238953441437257
12061,1.558997193412834
244871,0.7451414331309438
100504491,0.9518291430337218
30877,-0.989782444831083
17293,0.7990215971510306
15284,1.2074750839795056
56368,-0.44554108159192296
84094,-0.9607348058613558
19128,0.5218339427248662
12238,-0.4863347093482151
66161,-0.5734460282442502
71919,-0.4235599088988007
19293,1.227537952954238
246779,0.7065502787990683
56788,0.8396973117990951
226351,-0.7819552071119853
18107,-0.33599014775051117
66694,-0.49725243455585044
215201,-0.4969833231142129
104009,0.47748163670829413
26425,-0.44041488510777604
75812,-0.9090330413520409
20523,-0.4652399588465439
68431,0.42816350640782996
433926,1.0430300596740913
21819,0.5576431915518523
16412,0.8738313880216619
56795,1.224299625939981
72027,0.49858768717866475
53886,0.8855145132421001
240058,0.4341115070139496
237823,0.9194280173739635
78473,-0.4358603414265989
71986,0.7270992573621928
68263,-0.4119128046035101
234836,1.1621820539931607
21376,-0.4619276016124836
69684,-0.4232060306585961
17200,-1.5918646677373554
50497,-0.5304600919004461
94346,0.3617915876816564
18675,1.4179979527179563
72515,-0.4601958183809476
17878,1.0967948839547739
94245,-0.4298904702093882
243743,1.0718686788121428
67710,-0.44367692664044256
68027,0.8178190880304825
66853,0.5177502960082538
216810,0.9427112483828157
56693,-0.39852577573102543
109305,0.5597179039177451
17826,-0.3101544362332458
70527,-0.49821466251046065
15258,0.7592038651110364
57436,0.37377222385092423
64659,-0.4255969474127834
19395,0.3520008909083785
69847,1.3354406638307204
68701,1.3162184898205327
22781,-0.5536371236056583
66104,0.7816911393277213
211228,0.6304417550329999
105734,1.1854476252297985
22354,-0.5775566758339767
17974,0.47682637655239724
14739,-1.0777155004076313
100048644,1.3601191411846645
19346,0.40002168983863484
170823,-0.540947081288877
212514,-0.4963479842831191
16478,0.3718132272016046
16552,1.0887558898217153
14293,0.9762492975718473
212307,0.5904999517011174
67239,-0.5290891794095636
22601,0.5445041531308714
277854,0.8391081139145857
242607,1.033842107086559
71706,-0.42186613926821614
259071,1.1097121030950587
27398,-0.5270958456502406
66515,-0.5270958456502406
75689,0.8019000034427624
66200,-0.4954147782958511
16588,-0.40977332199735983
18230,1.074019634815178
66854,-0.5053546580812078
105511,1.4744210608382051
13051,-0.7329823917860558
21915,-0.49868924750802
223917,-0.7354744570943046
18570,-0.5960964980622041
17113,0.4034316289628599
72147,0.7814968734976393
84682,0.962201441262545
233332,-0.951394636522509
58802,-1.013899619444203
69367,-0.3760502909210732
215243,-0.5478266220104722
19659,1.1049593875263861
26442,-0.2900782398231847
17527,0.3768176004788959
66094,-0.43015243675536574
66488,-0.627695911205767
79044,-0.390262125668535
79059,-0.390262125668535
56444,-0.3486765283666351
64704,-0.35036991646743765
12703,-0.5157350424475053
241489,0.8940149346590518
13449,-0.5631397260125723
20525,-0.7334293054599925
20148,0.43930215435640463
239420,-1.2339973415884105
269615,1.135518303386724
18946,1.4136686260389082
223881,0.9410468012231616
27218,0.4976332148663083
67460,-0.47256862265962063
66965,-0.4065748574708419
22044,1.2652079358067878
19211,0.4056001238458471
53857,0.5556914878723109
18217,1.5977091364069205
11877,0.9394461431486008
80280,-0.40713675403074134
71767,0.5345985730699745
14945,-1.7345199853461164
320398,-1.4820147706381421
69957,-0.4724412709825945
74276,0.8512557690792413
445007,-0.44223147991525735
338467,-0.7459260098818605
20227,0.5869373910969724
66790,0.5963872501453045
17955,-0.4030374142100488
17086,-2.5969792821626516
231633,0.9197555470225973
71787,-0.4116488993327163
13866,1.224964515340079
17118,0.5384268095500246
17150,0.9832268459922533
635253,-1.483636511404026
14114,1.0460494064625747
229900,0.5586059598161999
13209,0.5260446789301412
68039,-0.3752386622404469
21391,0.4843449580798076
211623,-1.843694232054082
24131,1.4175977002873195
246707,0.6224455415500092
16612,1.2401889984042835
53625,-0.521222559211191
16709,-0.6030758169814536
29876,0.5284340043759261
13481,-0.3043728755005919
16515,1.066250452375069
245886,-0.5463701619819883
17222,-0.4793266259968565
15259,-0.4414070231396874
19302,-0.5645582235781941
171429,-0.6872879297325651
320802,-1.5270953047605156
20745,1.2562742209108775
218203,-1.1724215373220641
26359,0.680377860304386
66461,-0.34044327966250343
595136,-0.38181018784949394
20540,0.43242357654752706
58810,-0.5226123522086592
12502,-0.5641291748347435
26397,0.43224995204264616
21877,-0.4287518877106171
107747,0.7802859023370816
15312,-0.538592585147887
71300,1.3878669939003956
104836,0.5228928534277486
52840,-0.39289437836343843
83493,-0.6412757558922726
75426,1.372516793913816
75423,0.35543978726065895
68634,-0.41297772278545786
21685,-0.43798663557454276
19331,-0.3777716414475023
74600,-0.5227854176922939
56722,0.44814195457345285
57916,-0.4976639239338052
66425,0.38707980758611704
216820,-0.5082927006040396
18537,0.38742619808176926
229706,1.556106247033184
68842,-0.6621919981115871
70551,-1.0860192158097473
16854,-0.5766808800579746
234309,-0.8497596873430604
245308,1.9191687127197998
13804,0.7099466252163928
16197,-0.5485872235440024
622935,1.1594766499266704
107767,0.5784504964122803
56070,-0.9826643600909
327762,-1.4056335177781358
19230,0.44954716333130484
217364,-0.5654975341535531
66208,-0.5651030337853928
27060,0.4365998425033304
72136,-1.01338613766863
67416,-0.4425990543224403
242037,0.7580875169229868
26891,-0.4031719423315696
57435,1.0716550302094623
18550,0.3812441766716983
80286,-0.5871104375846183
140792,-1.023712299757241
53622,0.5004668082158679
77862,-0.39803479930567676
110323,-0.34288783570363535
56222,0.6537278966405173
69113,-0.5666506682996886
76701,1.0178078008112124
13823,1.0730936248765568
216850,0.44709307145509136
245446,1.3754948743267184
66400,-0.5078173562351651
104080,0.9950118030121438
223752,-0.35281066543503314
11600,0.5284431619484149
231600,-0.35417497848870916
54353,0.4666342066894753
17988,0.41447062330555795
68585,0.43975914888328127
66254,-0.3625465651458608
17294,0.4592176478200436
77254,-0.4330090850097612
72058,-1.0971080335156298
12876,-1.2166650178428826
58800,-0.4803818665488624
12034,-0.4416763177966967
13682,-0.5261677429300757
76366,-0.894127215629303
24068,-0.3603066594681934
71743,-0.3604828717156181
319555,1.1038311055436196
20997,-2.015464697107004
259277,-0.5443250282015377
19172,-0.43945135156783444
320982,-0.6227678052934102
68789,-1.0559470421117227
72536,0.32155951687785844
57810,-1.0916763899640483
71693,-1.0146823258322821
110532,0.7293763161699944
56619,0.8946605523224491
11572,-0.8148387866301512
20728,-0.7975246819358599
353283,1.1972204752557838
232989,0.6134360976451791
12812,-0.6240562942779357
110095,0.7970471043573912
18126,-0.46134303697892864
52538,-0.4435744213816637
19057,-0.6073772310634578
268903,0.4232603734851468
433294,-1.3487197452285429
228966,0.7610346834252599
18256,1.038141944293606
407790,-2.4776886192328114
244672,-0.7211892850725636
16997,0.7492217388951037
18704,0.8408029739972189
56690,-0.41800667250609536
69713,-0.39171926662514345
67815,1.1462828938655774
228785,0.9978774084183293
100306955,-0.8075297473701069
17855,-0.38029640321732927
53906,0.8664093074335675
22793,0.41162830790307225
66611,0.9082317138913139
22029,0.38574571138512326
230075,-0.3488472867445669
74053,1.0980768989768794
77220,-1.1459708245305866
66193,0.47060051486972476
75422,-0.5474869634379598
216150,-0.3356589952524818
76895,0.4366347763498091
70083,-0.8268651054520566
224824,-0.3471166208084213
20344,0.47357484335899347
84544,-0.48974642721367445
71904,-0.5206792433417249
69151,-0.846131973882394
17938,-0.48168112580964006
20729,-0.5002703224819296
107751,-1.0057115163495531
329360,-0.9232703116257639
15242,-0.507720295429678
16477,1.075463263004563
16341,-0.5343114960363557
19352,-0.872686842894673
224624,-0.4314354101608977
15439,0.5679627780505925
209086,-0.5831710685151776
56334,-0.5003971784591474
69008,-0.43436014017904334
66394,-0.42961451067462875
70186,-0.4123719769246481
21944,1.107847618715617
17831,0.8500727091032205
237636,0.896073268312668
140499,-0.4027857847525649
74249,1.5024395600465486
65115,0.6089032838471464
52592,-0.548123897690524
66313,0.403729307570698
16408,0.4105691973810135
26458,0.5519054880285452
234129,1.1880822655924033
12725,0.5882619725210052
16210,-0.5928522585035845
102462,-0.5392673622565383
20916,-0.4419415401947493
11461,0.4259598031280625
26901,-0.6205400243540522
71756,1.1877841759030883
66506,-0.5208382773121887
238871,0.669371792912429
68764,0.9596212670938282
75454,-0.37388726014281914
104130,-0.260842180037713
54326,-0.9014374183654765
72713,-1.3896091925987717
435815,0.9802429230660055
217119,-0.4331185862339897
22017,-0.8901369972081774
68839,-0.553328913230068
17833,-1.2726885194401092
13870,0.7708678122051955
81004,0.6939928106659172
102103,0.6426215821063614
234463,-0.505949490925623
108101,0.4613311104797706
192292,-0.45132051419674646
69815,-0.45132051419674646
67994,-0.7813325805603446
259279,-0.5570104943859686
66801,0.3381118531268701
11569,0.6086679622171758
18642,-0.5614093659695074
66448,-0.3805020342006351
13660,0.2913979143007097
268451,0.5322824587205979
22771,0.6648473972084181
67119,0.6489535248254272
11792,-0.4044619866072061
17228,-1.0444564507395606
12868,-0.27953799426475356
16650,0.9369619265263527
17434,-0.30018985927345376
14417,1.0308154675417671
232821,-1.2122851845429832
100040972,1.0819436296292357
103573,-0.38423986048722547
52635,-0.658501235087229
20725,0.667011576094449
56438,-0.35796801150389435
624910,0.986708211335217
71883,-0.4911083476367448
11699,0.8874099833210778
67838,-0.321906613458939
12367,0.7781117529137482
12750,-0.4975943824635003
11790,0.9276376153926247
56205,-0.4379344070350957
320376,0.6757953046591396
17134,0.4836322640990769
75571,1.2150775886526173
69535,-0.7258090273806745
21786,0.9551774688187358
22348,0.865930644342078
15370,-0.8243806724734171
228869,-0.34685326022143137
23939,-0.3455625943624714
14049,-0.6483864043466987
19116,-1.3010726701104245
242202,0.793904571192372
67044,-0.3115599963879436
258506,1.1664339498486025
16493,1.0857516460424526
13732,-0.41253161677226835
13434,-0.7526738207717294
12796,0.8098901029710888
19265,-0.4189793062890228
81845,-0.33866982668436485
213019,-0.43603403554041265
15360,1.0366278395696926
16828,-0.4865788034219545
22234,-0.4084919855321463
66861,-0.34557678048662943
22143,-0.4123289860773074
52815,-1.0563136423668231
20524,-0.4678883708053565
320634,-0.7499377555833631
258697,0.9130273551419079
22025,-0.8050551342548014
66511,-0.49344490455990275
17246,-0.372916082153008
19106,-0.475657427182707
21936,-0.4170206330340296
71665,-0.4386959276643889
14582,0.42671096508212525
29873,1.211357440770307
13544,0.7845627171440963
66513,-0.37186479292064867
20541,0.8334695396310332
240888,0.9904392092027474
12525,-0.8092141141526152
15476,0.6513853329544901
235043,-0.7061636582478794
93747,-1.0028292141499149
14260,0.5242807933510436
58182,0.6210819264665473
17190,-0.31605034853444636
60595,0.39535898586589546
110695,-0.4165439083626499
272551,1.2229567524236291
100040201,0.8005236635658264
52028,0.9489685820860121
11739,-0.3686904613930633
14635,0.49759688545323755
18573,-0.6728262161291774
56456,-0.3825293123400497
108841,-0.99681643252464
83946,-0.968002375855483
108079,0.8407254614110666
70082,-1.0671412533695763
237360,-0.4841668511117039
56529,-0.44399175295195903
14704,0.7991909947604707
19384,-0.3830293686483728
15902,-0.9306954819534834
66559,-0.6833846058608612
65963,-0.6307439145119744
17248,0.6531077424283156
83409,-0.3124243497274666
22027,-0.3973885704863953
74103,1.111098034572363
208583,-0.7381708018199569
70350,0.8666733609948896
435626,1.0367320301107092
20360,1.097285146612748
56503,-0.572144547875717
22157,0.8477338941628911
71069,0.8019110818450885
71733,-0.9634030664707982
57896,-0.578609275799252
18582,-0.7620643687434319
69241,-0.8121305807949613
72927,-0.9880035284112898
70533,-0.6400880546940764
67186,-0.30153936200664155
72338,-0.30153936200664155
245827,1.1392348986383425
66949,-0.5108435668832723
26445,-0.44628078624617906
260296,1.312794229646693
26447,-0.49021443755433936
66868,-0.5115149742248768
21939,-0.7290468685403741
74748,-1.084890048226403
213439,-0.8306682805401655
16772,0.9699279619135774
108900,-1.0344871313003194
97212,1.0382534277524158
78914,-0.5982913841438338
67604,-0.6741785849152695
23825,-0.44615761805814813
56809,-0.3619810564080126
12258,0.9470478289371531
16869,1.1625547482986072
73724,-0.45837557929133776
68581,-0.3057443181680881
78416,-0.5005376808851363
19259,1.1007618676636515
12581,-0.46797889750867583
21374,-0.6676600318376416
215814,-0.34256201797098385
67241,-0.36112767846506344
19167,-0.4308406215592733
69790,-0.4946649925000024
13822,0.9400062995570364
223838,1.2787050931076513
67533,0.7609895941234512
66532,0.7609895941234512
223696,-0.36613575576325985
69459,0.6159343793716818
11684,0.4856776636842106
331524,-0.4303324885742459
17449,-0.3704606857834367
50760,-0.7046965674503882
99982,-0.4246694436718581
18143,1.1438591075223683
74479,-0.3531592699090318
11840,-0.4294143278394369
66350,0.7892462377445195
14863,-0.9621829650024667
14406,1.108319422082749
66980,0.5571555764671849
19207,-0.37213461564738637
12985,1.4435897448228365
26939,-0.9199482760448454
233208,-0.346660028526923
259063,1.3784843486075449
668166,-0.9906100918441503
235627,0.37107570671469325
72041,-0.4739049040066412
228836,0.39156435203893736
55950,-0.4337857775775351
11370,-0.3173338392485334
66973,-0.3677545065667829
20768,0.9717210991186942
218397,-0.9083133507060719
67603,-0.4243681206335328
69641,-0.7155843311358359
73884,1.0685146201007565
20280,-0.3450145265344027
108150,0.425629512175556
170822,-0.4389585606998381
230654,-1.008899938617577
66396,-0.5737260415436296
68917,-0.41368504593460464
66249,-0.47857241616692825
69573,-0.8747116217929536
64424,-0.5170083566232284
75465,0.8755238986881153
20918,0.254043314763269
18120,-0.47449884280219656
70686,0.45694561615193763
14029,0.6232298394691238
109054,-0.8907945270817903
17692,-0.4009446566859598
94214,1.6725531254959316
66690,-1.0228876689828184
353156,-1.1317474209111094
381073,0.8178217576482223
67025,-0.3771481234269647
13858,0.646834214243003
66624,1.3164923893903264
73447,0.4277771353040922
14409,0.5003720167823502
16403,0.46974825762945116
11828,-0.5043153121381705
76117,-0.5674895856522788
227682,-0.3750022024181643
19646,-0.4123878994381922
20713,-1.3022226342264656
382083,0.8807234696109099
67941,-0.42015049212607813
14732,1.2039777163246317
51812,-0.39982419835339655
80879,0.6909164353057573
117167,1.2043442078408235
13685,0.43351554397717607
15466,1.1428251166970087
14812,0.819736171781603
228961,-0.4683807504187314
15507,-1.8904526948377347
67804,-0.44630020531958614
75578,1.126477765490578
52700,-0.3911471936788402
14605,0.48941972039068204
17474,0.6043630612944266
66165,-0.4062859106087995
67726,-0.28424159831759077
170654,0.8467684818957473
66573,-0.985814318857523
219103,-0.9902672527319831
11513,-0.4049703584283222
13404,1.0132493915172311
59095,-2.7561524545634475
18099,0.3264371052344419
12464,-0.32672966955718863
16600,-0.6490188250529307
73710,0.41040014859088014
21390,-0.4123019742013323
70974,0.4011253142128979
243339,0.8358610053068531
229228,-0.4587021875559856
77569,-1.419045740947431
66847,-0.36706577478257607
227656,-0.4356087720710722
94190,0.6768212224627153
66482,-0.3976233897976318
77836,0.860658169000569
319594,-0.804035725027406
18822,0.8036108823065433
68209,-0.3351719013751353
381409,0.5482634229337817
209361,-0.5744035250938708
74140,-0.30937833198584563
16768,0.9823078593114953
381560,-0.8044376163251643
28193,0.4136997165233609
15254,-0.3573893834419781
51792,0.4226979648174938
67128,-0.8567937082487163
234371,-0.38388969447766463
53319,-0.5133347696730244
16865,0.6939467409083857
56698,-0.4891395129811116
69065,0.9068546654322507
67878,-0.5865184480708701
55927,-0.3707971518007547
67078,-0.3513384376647064
66311,-0.9086778635524713
20843,-0.4078546822452118
80517,0.28424869623324334
66834,-0.31048011023800015
12759,0.39345839826492224
24070,-0.36367749201235533
13198,0.5596662817533877
56640,0.5966812185751804
66315,0.5406659439895716
13800,0.9327031533300061
12261,-0.4813616990643137
26412,-0.2769905531323822
218271,-0.360086868168354
237211,-0.5945309665939265
258853,-0.6062705002752757
72157,-0.47952160779808395
26398,-0.7571045163130483
66641,-0.8503831359384542
20932,-0.32616380972001124
72184,-0.9860182774611026
100129,1.3256647049567114
71148,0.7189897585214649
12576,-0.31424578312390317
330050,-0.7772438579907885
238328,0.8430896653617133
27359,0.4924419999899392
66445,-0.3716415918063536
67681,-0.5030408618012068
231050,-0.9074929919563397
223435,1.2273809573639065
17083,-0.37648004176708394
57357,-0.40885989471769246
19082,-0.34311152938647815
56786,-0.30613572028882174
218629,-0.8945998518045775
12946,-0.3457448688024076
21887,0.5251468120983365
16669,-2.6362679765584365
245867,-0.3902378828726345
56088,-0.3835782948673341
80749,0.7587706836848582
107607,-0.39779694874439464
242506,-1.2140001523580128
66925,-0.36802476665612716
259147,1.1372490207477357
18637,-0.40828265404383757
18707,-0.4153212181281454
666468,1.0090513472816043
13478,-0.3298395411215944
12638,1.081359452066926
12865,1.0397889253148378
27373,0.37280783007148344
17207,0.5067333326324146
18420,0.7737422143664041
66493,-0.397162544525429
68539,-0.34842981725029354
80708,-1.6104956778050186
73836,-0.4403092560632178
12445,0.3438471101601337
67211,-0.40186694430001246
22268,0.35309832502006566
27204,1.4472425340832977
56453,-0.5000535029139588
93672,0.647514089133689
100732,-0.8116480476015617
68682,-0.37214719776393146
53895,-0.3647077782653412
14672,-0.6527958298487073
66354,-0.2860852456759453
27278,-1.2207776847653666
75234,0.46876133347194937
71306,0.9265439193126248
140780,0.6573656225084328
16427,0.6693847024002819
66403,-1.3223869410599374
67863,-0.3610964097078444
23859,0.7397231449650192
76179,0.6065993565304577
14359,-0.33787365407668624
13717,0.9674181376137403
12818,1.3102106016152817
319604,-0.3711229705181882
67374,-0.9878442955529563
75732,0.6145295475619683
56431,0.5379663180339165
664883,0.9484825018984022
66805,-1.0097196646989266
668880,0.6467676287148478
71367,1.3028825219318239
66397,-0.5313412685905554
66711,-0.2897725264521931
56760,0.3030872563452025
54342,-0.7871915016777882
67019,-0.7232958591746561
68205,-0.36477399552409473
66416,-0.32500672838243894
12033,-0.8022332308619173
68428,0.5730145890989098
229007,-0.4464342020769365
72699,-0.4464342020769365
56216,0.7168537985993204
13722,-0.3900225664013117
15896,-0.39871812523740857
56426,-0.55687158805347
66253,0.6993104371917056
66229,-0.7623992738943999
54383,-0.36903618145006867
217366,-0.34161168195175584
17035,-1.1521791495770115
15412,-0.7788374862760179
28135,-0.3199443445475083
76816,0.5734236560894423
19661,-0.4572001809815145
65116,0.33333245637561504
170706,-0.4151721910017878
59048,-0.5858875456021471
16202,0.3199917907396337
66701,-0.5108350517138254
16000,0.4049872468373703
71183,-1.2988784968441682
17349,-1.2089774868546526
668257,0.9105408644743722
26927,0.7159583401258827
11964,0.3375907826232911
16428,-0.34737412462926365
16835,-0.5050065161501642
379043,0.7971089585172422
244548,-0.44167457734002813
269261,-0.340748856755015
104367,-0.340748856755015
56209,-0.44590081742428556
59040,-0.4265691193259702
75029,-0.8270026348089665
13202,-0.3608358497527089
74192,-0.5427744025639836
76457,-0.35110963973690446
53317,-0.43864275835790423
17749,-0.4295198602632908
16469,-0.8516467650257962
108100,0.6572732225179347
74467,-0.49167817604322384
18718,0.597269750924843
224143,-0.8520222046944399
19819,-0.63235033486822
241528,-1.388535837556228
230558,-0.7895956938616293
56036,-0.34224176665994044
70393,0.5797894428480266
103841,0.5797894428480266
14239,0.8678221129916612
56248,-0.3740297244199091
57274,1.0571920205154974
214944,1.012732274537318
56451,-0.2845836676723401
66073,-0.41078449107326875
20220,-0.3765077118769131
14645,0.3646921798907634
230661,-0.6456613908177431
14057,0.32496510106581944
269713,0.9248389050454788
23807,-0.3357333953998083
106489,-0.49583704416830976
12511,-0.3980092228298009
208869,-0.38176340416333154
270198,0.4110795178061437
19170,-0.3537064186233252
223753,0.3255877923192063
628870,0.9454789176090785
54646,-1.019286466460164
66849,0.6201785091009224
114615,-0.4305524151107436
66197,-0.7131219049688475
20568,0.5304485696644647
207742,-0.6279442477454813
319655,0.9270695070159816
20692,-1.7575005212705817
21413,0.45364208496519076
234072,0.860562742698427
68988,-0.4168196214941684
258616,1.3302759757758436
73473,-0.5967347364624027
94282,0.6550933075757683
73681,-0.8207465590997902
208092,-0.628444423365198
105675,0.42880266706355563
71330,-0.41575812182577643
67005,-0.3507564454989094
666938,0.5051456460211599
21343,-0.4482582430672917
106557,-0.921102968887241
69923,-0.8157704580148408
13609,-0.41552058777856615
66799,-0.8187716917942955
76668,0.8994134645495144
26444,-0.3226491767390325
240239,-1.183885304950672
17765,-0.6732652490334283
22693,-0.9394698614448327
20276,0.7112819939903048
100502766,-0.8647874338154464
77721,-0.8679824767474669
218975,-0.5302624629118737
22774,1.1928122782502228
59033,-1.0136863433415444
380753,0.7492578027615444
54637,-0.7819146661571024
16591,0.8975834002035494
414801,0.35458253297249165
231134,0.8907772487522565
12388,0.7859146999623254
229096,-0.5777348550347465
215335,0.6798433108124957
170829,0.810430326032253
18640,-0.8655934280144688
50884,0.4220111335747436
83674,1.1590094879794006
67978,-0.7358395359437155
20382,0.4803432007003643
72607,-1.260669721408933
57443,-0.7276185038305467
54124,-0.6643478850447995
14365,0.6218434794640526
664968,-1.0576417028687057
74717,1.0674744685847717
80289,0.4382523439379087
208263,-0.3175467366498701
76577,-0.6003173956302357
55988,-0.27436982271980703
18015,0.6793538694789198
78938,-0.38828107352477215
380780,0.5947228901535766
214895,0.3020445641687335
18778,0.5765495526488458
271564,0.5769433836751938
56150,-0.6181508107215281
14784,0.4475537066213402
19188,-0.3258138431216384
22785,-0.47926126452099194
66914,-0.4652135796510546
23983,-0.42065317204428077
227620,-0.44318998067136306
386655,-0.7833153676233353
76582,0.3509819603830131
68350,-0.6312451256767737
66536,-0.5036240656261644
114142,0.8659888467645445
545474,0.4641121482708934
20872,-0.4165768311798992
233724,-0.5399143140704901
26893,-0.2785762882443965
107869,0.9747646322643613
226646,-0.42234745253603556
56278,-0.7944766523656934
21664,-1.0037094261513984
209176,-0.8555653487909267
106794,-0.3190366875357462
245522,-1.0855452241092083
77582,0.3437526673402669
73668,-0.8791566120906031
234219,1.2858082835108622
30051,-0.8338144281463729
19064,-0.9093817500768155
269614,-0.5303591473385811
72973,1.3016705167210105
208727,0.7485378756192658
67049,-0.3726616615572844
64296,-0.40974089783889056
232790,0.5394696074253922
66121,-0.42674010644578253
14852,-0.32527319762203
74165,0.8134944611137209
245610,0.9148709498340395
17769,-0.6373344652897295
19336,0.38590939426710236
74090,0.7903404136189875
243967,0.5846317524528635
56077,-1.1057945158226143
239706,-0.8204708224913722
50773,-0.33052537180406105
15356,-0.31268598386162516
18082,-1.2358162994136528
20423,0.47851283391603916
229898,0.4454756609082242
12489,0.9272235073455661
20630,-0.39573103777380503
360013,1.1569636476997225
234733,-0.6001817222890109
66125,-0.35896817010421067
12499,-0.43293436091963144
66910,0.8392530116262282
68695,-1.0258290599015254
386612,-0.2869059031734924
14687,0.794818603457494
243499,1.0004144895049034
258882,0.783832196637058
22165,-0.41877996266481254
110175,-0.5190403548600759
70240,0.5208932373982229
75302,0.6978643189382572
229317,-0.989222208236507
104263,-0.396656604486596
12394,0.4535928238655291
68028,-0.4683628476246202
233073,-0.31277457771806816
12580,0.819518661601073
52377,-0.48518655542190814
57312,-0.367370765847868
100216539,-0.35327898527053136
268449,-0.35327898527053136
108168140,-0.35327898527053136
227731,-0.9719745700023941
232536,-0.500242521270402
225010,-0.6662492543470542
70750,-0.3753357007984457
26377,0.3298884280423824
671535,-0.32648710530836667
108897,1.3961688867651816
56523,0.7267545993231312
102857,-1.645735800435848
18100,-0.36171078560444236
76637,1.130963108115251
58179,-0.9264657666629024
22370,0.4302820166355876
16491,0.5221175348893006
12400,-0.4779821395378079
67713,-0.39620566077200436
69527,-0.5757841478287729
114641,-0.5215832455264264
20788,-0.6164419738471887
19177,-0.34461793940165464
66262,-1.0561096120227313
15401,1.1716856230416548
116701,0.5764444035212026
22697,-0.3913066424788143
19201,0.5206572268606031
381411,0.816372564084749
217030,0.8070450660437807
22033,-0.4698530812129924
69168,-0.8097429944325354
68995,-0.33407193892696085
17250,-1.213822216571212
320508,0.9223929396090496
546729,1.2265957497874869
68140,-0.52568834449111
69215,-1.270183013687177
19246,0.26470118982573965
18020,-0.45920670650785844
112407,-0.9541329930599947
68559,-0.29473419881841245
57745,-0.8604085254775402
52530,-0.33788955742116045
12654,0.8455405917975201
21859,-1.6044942744845816
66113,0.7819481587135657
18220,0.3566873705420459
320277,-0.8733014974206066
66865,-0.5315818297371839
237052,1.3827200921613896
14058,0.4981261423045371
14548,-0.392691315706438
71890,-0.2905809299243636
15894,-0.7532900954731847
66689,0.37446911507421987
14734,-1.0164262299787636
67065,-0.9045280644396296
231887,-0.5119313266637189
68267,-0.6954352616653328
14204,-0.6015437909906396
100328588,-0.6015437909906396
102595,0.26508094598035115
99237,-0.5312491038673608
26446,-0.3359676239835654
240660,-0.9257715976006438
21814,-0.8106897727175371
11856,0.48206113892750047
68981,-0.3793136227438154
30948,0.3337079346320717
235459,-0.34583709344473945
232827,0.9231338479762172
11793,-0.38605279326664466
66310,-0.4533303653115208
80907,-0.33082580070471934
21833,-0.6992329557955257
66455,-1.0672002058588044
22214,1.0947072293517426
22701,-0.8118834628993099
69723,-0.3776806292773838
14287,-0.44154006681932056
235040,-0.3159705913720643
71461,1.1576605478270494
74776,-0.3360107990099177
66126,-0.3044453223064121
75686,-0.5886776979814448
17685,-0.38111395115940105
12321,-1.1233661254899028
26754,-0.27192515526589744
14218,0.9422347111316656
16439,0.395241716951265
66078,-0.28977516078427534
15978,-0.7609448202947178
19027,-0.37088495790708365
57279,-0.6935081477001335
63856,-0.41505255789429363
235606,-0.2944513115716987
17319,-0.30944780886378
14871,0.6819225957066664
22123,-0.38344706170343557
329152,0.8353133635893988
73693,1.1767158877812562
19197,-0.8281956071924546
217353,0.9054647929318307
56692,-0.3077744350680245
67067,-0.25573867200502853
236915,-1.3237641816652905
17977,0.43555755293870924
57431,-0.3514151082570649
170707,-0.5391010606067521
227659,0.5315845818353111
69716,-0.7189959088677274
69089,-0.3396952905040056
66661,-0.3070135390648119
227615,-0.303674362428362
12859,-0.30418917394952594
16542,0.8460302532934492
225876,0.6414107324337355
56360,-0.42283025934985563
54526,-2.138185990610072
71889,0.61168592074179
56541,-0.7145317140765384
67899,-0.4736040488322537
76429,0.36340983357902523
69709,-0.3043383554368617
74116,0.6909173971704679
218335,-0.3896513318045489
626359,0.6956076084895955
116891,-0.2814392473838794
214345,-0.4089497034721452
14803,1.0479740390373737
67115,-0.3412506259849284
70726,-0.616898916716476
56847,0.7755606129230652
66496,-0.3755949720838103
67512,-0.37128802504023994
223864,-0.8986091436057739
74075,1.1783014750258087
56772,-0.5081203760888577
269954,0.6023515942539248
216821,-0.3461175353250816
24014,0.5417105761767438
26887,1.0258846401421478
66164,-0.4695965557869979
11482,-0.3766981912640315
56622,-1.3465318157827815
268752,0.96823998170112
100042480,0.6834428947387101
106369,0.9201998192908176
67698,-0.4905675945240304
11535,-0.9140317417445214
16322,-0.7934165971604816
18092,0.9943394636988483
234723,0.33682321788582037
19935,-0.3363917179852578
258696,0.9629946614378584
20387,-0.7255379924651395
66234,-0.3479945672570057
26381,-1.0752980749516325
15184,0.24782948914402603
12417,-0.3597197323012171
66065,0.5787573480034585
76650,0.37584728221986374
14263,0.3579090622734675
233824,-1.3717658193588766
545824,1.0158117344370856
232946,0.8609290630743658
21349,0.3815715664266346
16433,1.1523928673163546
24099,0.8646296970515985
102442,0.3143773731828201
65961,-0.352841089094321
208846,0.8065370287320786
72290,-0.8151152937997983
26450,-0.8016718333505288
68011,-0.3786596674401519
474156,-0.36296492001806513
102545,-0.3675706115590973
99010,-0.8617415864991571
99377,0.4403942903022884
14791,-0.3691256704948689
67590,-0.8915005226796975
73719,0.9811630408753276
231571,-0.38889596291654893
208258,0.933273400738166
235106,1.1423254790101107
104086,-0.496062913230384
23991,-0.3316927359167412
330890,-0.5747176743395173
18317,0.9955660305166507
12450,-0.38811347033947197
83771,0.6135988859423023
12611,0.48414568019097093
17961,-0.5393567167264433
67694,0.433930359860085
17131,-0.816266233276461
217140,-0.33396596729139105
14017,-0.4169410546995582
15118,0.8857535639848928
20677,0.4009971109644379
54125,-0.33788378590517887
73547,1.174862582084637
68278,-0.29735917802629075
387524,-0.5084607537281904
67733,-0.487600601878702
208643,0.4695833510555403
20723,-0.7249788596104061
13661,0.8860665400397121
16182,-0.3873738826030113
233038,-0.7048641073615824
237928,0.9059706732891719
52123,-0.35181571946219137
94176,0.4593690596411353
16570,-0.6677460036673644
16780,-0.9767380152294436
69577,-0.41329935316230326
382014,-0.7315849191688422
56196,-0.8258362387437232
66822,-0.41863531697830236
217946,-0.6692992135005489
68512,-0.4229871206381315
74455,-1.0119490070502968
69976,-0.4288257578446544
16161,-0.8483861899010101
328949,0.8953608795945862
50701,-0.4374132009040608
75736,-0.37581129030380556
26572,-0.4713608957873401
18127,-0.5686295412491651
71932,0.3037681318898535
213827,-0.4090404071672147
66258,-0.37812611235579574
112406,-0.28461522263442696
620235,-1.1107552691053333
230883,0.7948633002737013
72881,-0.37209983798752777
53334,-0.37834327157298464
69161,-0.3039342107297358
224440,-0.33392832557968255
81897,0.37869584795900835
17314,0.3611440513389379
69583,-0.5268915855093352
56284,-0.6351519935525536
19762,1.0609586823274082
208366,-0.8450059916745065
321003,-0.8760723029932507
26876,1.1597071660239746
81701,-0.3742506184393344
75751,0.30166354290998143
268783,-0.4541230911848064
114886,-1.6082408243674258
107951,-0.3727011452647986
66201,-0.4716508379942601
125179616,-0.4716508379942601
67706,-0.3030581775630896
12814,-1.0811632309161938
101565,-0.6932676277875336
100017,0.27796416899275656
319740,-0.376283268594527
27402,-0.769776704022612
106021,-0.4555330777376927
12325,-0.4782868769344244
17423,-0.4782868769344244
16814,0.7948963798003499
19074,1.0081654682011862
74185,-0.3913441203465329
211286,-0.3312924810299691
104215,-0.3997713768985989
231642,-0.39382014101876983
78893,0.5441732913359996
57782,-1.169577964119462
14156,-0.35954038584959847
74335,-0.8497535545245283
76071,-0.30518386520007645
234138,-0.4350840687164048
102209,-0.3843501319287128
56224,-0.4427410621879524
66877,-0.9388815785906028
21389,0.39376381318800924
22235,-0.32372111136490567
53412,-1.5758610462982099
69747,-0.33162668594287226
70375,0.6840638325860899
228980,-0.5517116993179565
79560,-0.4039106337835552
235323,-0.3455452745159686
67958,-0.9780467564613851
227327,0.9133506747663507
64075,-1.7144142850338628
14148,-0.37461808303601174
77591,-0.8180143954285501
329628,1.2035074520596574
19982,-0.3484456535905682
105372,-0.8411638420400438
78294,-0.3445319394388022
66599,-0.29770422097377214
20668,-0.3305795633331954
246746,0.6047643627139507
192897,0.6086105977203831
16399,0.5518058223274647
12709,0.5157946338118071
68177,-0.3505578198716375
319481,-0.6010244513520338
30056,-0.4894196251098233
210762,1.0822203668530719
18185,0.7302545088222212
56086,-0.3275374837464238
54132,0.3551565482807604
77296,0.5814376054881247
69306,-0.9523123608348536
12727,-0.268468346153675
56520,-0.41704261117103414
110895,0.8988787264386975
56443,0.3255353897118738
19038,-0.943413133872081
54615,0.473478027628353
223922,0.473478027628353
76892,-1.0511192659254602
71997,-0.3524134695703154
216188,0.6560679223115038
69028,-0.4461880798164213
27050,0.32105578242527955
75841,-0.3906674756012176
23938,-0.33817916546380644
69106,-0.45255299985541164
20184,1.0088557757980414
80752,-0.8287093172524012
93683,-0.9500206694850339
217039,-0.28919044413428807
16826,0.9949225135872859
64213,0.3226646153813171
20776,-0.4401135025670433
215476,0.5453257863686858
68922,0.555220468007243
69587,-1.0802663176070313
29866,1.0600445823424276
26992,-0.3067475241210662
74410,0.3677024562443343
94275,-1.1775273864035887
21959,1.22537106835884
241950,-0.8223334457646727
66108,-0.27294300036660957
15214,-1.0876017666526852
245578,-0.724429972016468
320162,-0.3375274700082871
66593,-0.3895429985976442
276920,0.509522255473998
98258,-0.2722974914153493
83603,-1.0071300662230698
53310,-0.6765015517911506
68636,0.7756725063318095
76959,-0.27462527356719413
53609,-0.3764744383888079
27027,-0.3495142938744902
16847,1.2154269668204005
110935,0.53417664500614
73078,-0.38392442543978333
18004,-0.8637394823192195
12614,-0.7016102164020674
60525,-0.4924827350708627
191578,-0.5690165133489371
12169,0.4241459491411561
16912,-0.39982950318176336
20016,-0.359255508210385
67283,-0.28660970626163795
68226,-0.8344722691797051
269400,-0.37296721082327977
67591,0.9754805248455836
98376,-1.141982558862579
71884,-0.8305351257580931
14555,0.986936613119509
209318,-0.34948214432904656
71041,-0.7687542092320161
70829,0.3116079146941253
13489,1.1247469200227371
258355,0.8839032785377592
17885,0.8373692332470188
230979,0.8160460210713509
52513,-0.46066118499321096
207181,1.244764905997147
67742,-0.4937833715430724
239766,0.9908649302051531
12068,-0.6396136397021648
72085,-0.42374174723193825
22068,0.5749784234097568
102774,-0.7237285965667084
380718,-0.7907898406001435
21849,0.32559931443886114
104112,-0.30197657534663236
67846,-0.7805200448805376
117590,0.7184282415920356
12613,0.6844441517709203
75530,-0.8561323092683732
109346,-0.5125961180543097
17308,-0.3831031311938844
232089,-0.32737463962797264
16904,-0.5108184452399422
14159,0.40703150951486045
108800,0.9922568970801064
53624,0.7514434254878282
78478,0.7989413729060773
67981,0.9078463067135703
74213,-0.3758985505354353
67702,0.3954188123144
13056,-1.0099966683451136
14284,0.3927171098012243
11433,-0.3637507206159718
22222,-0.7541430267461022
96979,-0.5035634029156091
57740,0.8833356301208175
67952,-0.42503035476618933
381350,0.8401149335436155
70503,0.9685843923224478
69940,-0.313119776229664
67855,0.665367179156175
12279,1.0347752711260196
54375,0.7232733047015767
57340,0.920805918608103
68979,-0.603077528206863
433864,0.381569631536836
338320,-0.39845582953831027
71984,0.5994810431403339
242557,-0.6975857648006638
245000,-0.3973610435055672
66077,-0.2564705696653693
107371,0.3201726583022477
12370,-0.5587761244399942
19355,-0.6605064342912543
69674,-0.3770772605693491
12487,-0.36907970053711026
67122,-1.0808637231303897
56295,-0.3934789850722016
330260,0.3129955000839244
78885,-0.41326260204462173
11465,0.25771999476286034
76737,-0.28489271892045487
78787,0.6770309974385551
16694,0.787606007838936
26565,0.40908691343205383
217356,0.47303000741642265
13709,-0.40862189329399
69131,0.5004552275861336
16185,-0.44612176415316007
66491,-0.26563449858826615
75083,-0.26563449858826615
69736,-0.7058468540120462
68396,0.5730127842463428
269629,0.6171486607772012
329252,0.9404371173844974
18588,0.39288554414377064
211612,1.362737934852209
17254,0.2790911929547697
13445,-0.35366567049097775
75677,-1.2653738241317631
98221,-0.32379651102431595
105278,-0.6499350737070113
70620,-0.39449485098290715
18726,0.3957503559222495
103677,-0.34958244734072785
16193,-0.7941810713981994
80901,-0.42375763464641736
69833,-0.3047597723704083
51789,-0.4487280640411928
68477,0.9473935439582597
320581,0.8938826247939735
210573,0.6843452764605136
19342,-0.2742351407783641
57905,-0.32864948899692514
13972,-0.4214110209113979
244653,0.8390328430821334
216871,-0.6951042834467378
68365,-0.3224039631692328
18119,0.7139199873503008
66225,-0.26388370527278227
16431,-0.6644081596913862
29862,-0.72326335618048
76747,-0.34082691084843475
233040,-0.6384344322639226
216343,0.5945183193251737
14775,0.3756151620818464
80915,-0.5487949277011168
22632,-0.273543507646302
12192,-0.29904936599644394
20499,-0.482650167852265
14733,-0.828034684414555
58193,-1.0226560297386778
224630,-0.5378533134190322
223649,-0.7956202247841357
69556,-0.3179134886293884
319953,0.4464193813168267
69920,-0.28099421548358094
13081,0.8224031528990063
230587,0.5778883907278125
223664,-0.9277901595425737
244373,-0.779819250569247
12305,-0.6983936830556869
75458,-0.48458394828064044
68794,0.8804804902532659
231712,-0.2698816157113324
81601,-0.24152571905529285
19726,0.7499587592767307
238257,-0.7641367269493156
65079,0.7348696831252535
434197,-0.36852175543677923
14802,0.7941863537410985
18025,0.9813211792314114
19732,-0.36015491625371077
21749,-0.40277308083493235
19328,-0.44181187371631125
70894,-1.1555813736199507
237754,0.9746718078992549
101700,-0.8002232517588217
73124,-0.8037361280661441
12583,-0.9487316087048328
239283,0.9919387163163069
13167,-0.2867201863567672
210582,-0.691956777027352
56489,-0.3348124079386512
13653,-0.7554472332930722
52430,-0.6849556411026487
28114,-0.24295054653332926
30923,0.9667526702420774
242521,-0.3357236860875883
22057,0.41435373058852853
52857,-0.38145379442379834
217738,-0.7342848824937711
27049,-0.42024623906789227
14297,-0.3537859117680542
71682,-0.8792579804627403
56695,-0.3744014871069137
51798,-0.28847255861244037
23794,0.5988810641110982
208426,0.8621240225703066
12964,1.0204944276015588
67273,-0.28622335239563057
268288,-0.5495015927092926
212123,-0.48771799384088155
71721,1.007965392712915
56424,-0.30866658378175416
67468,0.333730654667157
213233,-0.5397360164256666
209683,0.5245404032388752
71326,0.2648545919633243
71861,0.7965148331492373
258793,-0.8296347512836584
73398,0.9191606429126407
73338,-0.8301310269582096
72630,-0.29494945594068867
16992,-0.41691194107889107
218490,-0.22937068294885066
234847,-0.30925657807889273
74626,-0.7183062569970771
28028,-0.37664447632107567
73658,-0.32061642330441487
226791,0.4985481394342699
18750,0.34220672823882303
78246,-0.4206928513267183
270160,-1.1416748283424525
78334,-0.28011647346646207
27217,0.9852670285718581
12461,-0.37102849661011383
103737,-0.8098720604788117
108014,-0.3352550341180631
20357,1.1101245080395366
234594,0.3337506988086556
21743,-1.504016867502851
27275,0.23788307643059436
226541,0.3896231175331879
19356,-0.5980470634914665
19204,0.5264234103030621
22773,0.9970844475011069
67245,-0.40596036020237847
68877,-0.2692359749689235
207781,-0.9220769057678817
21955,0.43512028547766235
71887,-0.8015969432337862
105559,0.331004246121017
12571,0.9601989029315097
74012,0.6080533346749277
19338,-0.3080014479246813
17172,-0.385261485723543
68511,0.38603803225927713
18191,-0.5484372182343931
232679,0.4251671681611473
100019,0.9326129771522336
66978,0.436513742266742
52713,-0.35829755388213513
14030,-0.3154043457041382
68836,-0.33187834480255773
15368,0.5285949551951585
11423,0.9345278867902183
245857,-0.7363387653828468
69981,-0.3342898141658601
269587,0.49544191639384394
12729,-0.30367854411995054
66836,-0.2745692638747297
21917,-0.3698013566806022
94191,-0.95448279498568
245688,-0.30454612898948064
67035,0.7815805198839243
19058,-0.2729232381765687
13179,-1.1675465567773795
23918,-0.2482343935251876
68526,0.6511545183276723
70335,0.5798238123815134
67075,0.3551190370008541
75216,0.6032475539593944
74559,0.3235035054719795
66309,-0.35170595951030137
56317,-0.2839083075253228
66460,0.406949594163704
207958,-0.39959160578893194
14227,-0.2796521799724374
67869,-0.26706290425350687
79043,-0.2697435137226041
23968,0.9137024724414702
381903,-0.6797099567160503
72895,-0.28653686366281406
67302,0.6709228797034221
15353,-0.2864049229126735
22690,-1.1147604976826884
18633,-0.26078970504342003
67464,-0.34581929005688217
12283,0.24866408516638927
13367,0.2900568881095147
67444,-0.298213255525571
66413,-0.3185072652827756
218304,0.8990608189876266
56738,0.33502072670688676
66170,-0.27307224381805995
17436,-1.2188852748619308
641340,-0.5940509693175917
13205,-0.3224542743148664
13427,-0.40173992766752953
20599,0.9927202682480027
20845,-0.9707856500054115
15207,0.6702802982284246
107986,-0.42559883328483394
15234,0.9109557969527842
52570,-0.4638721777787831
229504,-0.7423308711587513
67089,-0.47026722005139643
14240,0.9956354201041342
16191,0.8555866977857436
68501,-0.3813868902408979
108115,-0.9677168281951074
246177,-0.3673634358799447
217342,0.41416731142713914
76863,-0.39109075135921145
22433,-0.27842999750714803
108903,-0.8565199315494345
109263,-0.8224973520403305
171282,-0.9669198260166998
117149,0.48050115249889824
11501,0.5870252402671277
12164,0.8493733915284993
623131,1.1753613533534475
74126,-0.47906485240372554
104174,0.9907035524666146
69454,0.7610740157089957
224938,-0.36477683410854933
53972,-1.2707711505456758
74442,0.7035590079200889
114255,-0.9812579533384183
22282,-0.2662108925961526
27784,-0.38427485862062305
19734,1.0646172244111574
19942,-0.31953095548881905
21950,-0.9376070181315566
14702,0.25730822154572053
69878,-0.311131252337546
71833,0.6474020447305158
17931,0.47562094752376183
72500,-0.5501813971916256
98388,0.36681237008880707
117146,0.3337492504115165
74343,0.22949060031897695
19653,0.20142720217863008
214593,0.8796528476578018
21338,-1.1742895900078771
386649,-0.2587498324601931
21928,0.4747900466358601
497652,-0.3361413526464112
57267,0.34568564199968677
69159,-0.5123869045049476
12994,1.162868065117694
66480,-0.38995361217684454
73469,0.2983720994433323
20621,-0.425100894190777
13619,0.5970249249202375
228026,-0.6852214127555518
56297,-0.7531118803758474
56195,-0.8955851737589704
209550,-0.8213182768576659
244694,-0.983065069437389
622404,-0.3260477540006157
12443,-0.9182381554323946
68730,-0.2744446410282997
75692,-0.3318650009790378
102115,-0.21346247513876015
50930,0.3757535064698505
68178,-0.6109382080628181
22171,-0.4652074450452224
21406,-0.45927477427125396
56330,-0.35558379449072675
68977,-0.3695555443488594
17165,-0.34518331619280573
66169,-0.30279329063803573
66398,-0.39588916425764786
135575218,-0.39588916425764786
66616,0.4745956775405933
22378,0.35874504115851025
12808,0.9278806120991581
233046,0.6700683589922161
74440,0.4188473411086875
52838,-0.35395136737374155
243374,-0.3844460939508494
68342,-0.2588177514296355
212442,-0.8824730312669713
108657,-0.2692605733086513
68251,-0.2459550906290371
85030,-0.3798113044871041
15446,-0.8438476468892535
66191,-0.28906430312264497
24053,-0.7630499829862334
170718,-0.3212099354546094
97998,-1.075758039330724
72825,0.46316268055340615
23872,0.3900097009457717
63958,0.42240045872895493
13849,-0.46848095402299883
231326,-0.6429569211465864
70423,-0.7290897318904568
100040608,-0.7550512975299686
71648,0.8916829974874627
105727,-0.4140850909022742
26427,0.5052049384555053
16832,-0.44818836566426423
70451,-0.8500404744883143
244962,-0.5626107848175419
242687,0.40484526239504426
228880,0.3536823905973421
19264,-0.29426376943723653
67830,-0.32492112651880944
68603,-0.2868158755854573
622473,0.6498893633286702
72831,-0.3391474580702756
21982,-0.4740478969549411
57783,-0.28884928949213595
18720,-0.2623952481819245
258267,1.0833612712690206
66887,-0.3361601196192243
20615,-0.31322825995235526
328162,-0.3122312348491558
209334,0.9670909485669261
12733,1.3384708737464543
240411,0.9274910786329249
14311,-0.8279588156391089
21351,0.18689310996949793
76547,-0.4807716414032832
67936,-0.36310123979710696
94066,-0.3230594645952092
67455,0.877883308473888
74646,0.5513202824836227
18014,0.8080131504710204
56403,-0.7224441524884897
207839,-0.32814324425521946
69938,-0.9869971951268566
101739,-0.4052935616367952
80913,0.36835889339211647
15289,-0.25293498724327534
83924,-0.7246191260001771
320191,0.3290888905278795
15275,0.4142457034158511
65019,-0.2577238963053432
80888,-0.9035842209984506
69094,-0.37048390694251765
17700,0.8144847141232368
66172,-0.27139584317448673
74087,0.9111775503045028
77619,-0.40979951344720966
19663,-0.7880353067608983
258303,0.8511275974867534
72826,-0.5986854954513223
56637,0.39552930680209286
13178,-0.846574065010155
67030,-0.3125272134917294
18938,-0.3356401086830978
217716,-1.030801576263876
20493,-1.0154969075512126
69019,-0.3014509588679406
242406,0.5144707468262641
15552,0.9727968434955665
76238,-0.29573361472541926
16763,-0.651343671960094
241230,-0.5166855735432145
71750,0.256219069918874
66556,-0.38958404532095514
106389,0.40669275709465147
238725,0.974687356014011
257630,-0.813935506333805
77766,-0.8272797269249432
18125,0.6944780411252989
12508,-0.4009651028895327
544710,0.5954946075750129
242681,0.8400109296179128
56075,-0.3602202555970013
14602,0.6477905959301773
56405,0.2819234510986659
19270,0.8722527144033876
22032,-0.3253000263800825
54422,0.8058237841873868
245670,-0.8486428705000035
319618,-0.37033136439380243
16178,0.8090548176194616
67197,-0.34587277643266034
494448,-0.37715880012359015
328417,-0.37846970109416933
194231,1.0619338859841942
17394,0.7885173604785072
11842,0.26248267909297773
67755,-0.35958889849490383
13992,0.6772719333196147
67003,-0.20185783396507873
246257,-0.502395708270023
66357,-0.37375780854364216
629378,1.0310401692571194
13058,0.44016636841982937
68563,-0.3749747516847943
214084,0.5391914989525386
71801,-0.3865009336323517
56336,-0.3466331994750256
52055,0.45071194501787293
98396,-0.9345639169731674
80509,-0.2349044884245064
74257,0.2743984665228165
65112,-0.8527253386773852
230596,-0.2865236925210075
20182,-0.28788387822136485
67437,-0.3113828363468425
213402,0.6178547670072936
67378,-0.9926669768294092
18041,-0.7846099950929819
20130,-0.25884819816655735
74448,0.8218128900737831
214897,-0.30005536162384594
63959,-0.6256160305599918
15081,-0.5929247700205318
244646,0.6761190552907816
66867,-0.39333515195648694
13429,-1.3104837415508825
18174,-0.4489849102268675
228911,-0.983506248562835
13610,0.7034896055295379
24001,-0.7770900695523393
71978,-0.4790889145635795
216961,0.8968871682349739
68323,-0.6400100567507625
68339,0.38001464078281444
26894,-0.2542299408950388
75212,-0.28839392528769636
16068,-0.28839392528769636
71584,0.8389280028442432
69612,-0.49654022933357833
64705,0.5362590960594629
12799,0.23855540416564658
20750,-1.6146183048731988
53598,-0.23481433118685047
58799,-0.9056194741940375
17448,-0.2567067651297652
65973,0.8447390349174597
21780,-0.33933651462603187
329470,-0.5377786487132843
20336,0.5773260698415807
109575,0.5085414875383485
67111,-0.45225472011227197
219022,-0.4903891648004519
67166,-0.3642026304511905
18572,-0.8660382350277338
613123,0.36982205678009805
23877,-0.44324616527877225
12915,-0.5554798985096294
246694,-0.34255367790947844
241197,-0.73232182972587
69721,-0.895204499131502
14579,-0.9120772468003029
21762,-0.3138416422408081
216867,0.9183084292972437
18674,-0.41399032930164914
226823,-0.36199340700412463
66119,-0.2774493432743732
72102,0.7851134443264858
68944,-0.36808664313388917
14402,0.8193132263953311
234825,-0.2542198400429001
75404,0.973514679844945
276905,0.30919178062843056
17096,0.29286991724285993
22329,0.8537580151200785
276891,0.927063315713645
319944,-0.5319255078621294
16468,0.40840650281820423
67839,0.7538031811854893
80719,0.3589038984761146
17975,-0.26359978539778517
217707,-0.2755073223435822
239122,-0.6151399525382466
68515,0.6775781415877535
56369,-0.2227693773380537
18519,-0.7563073639266022
19378,0.7679068047773301
72185,-0.7087992564157286
51869,-0.5405079863592075
66948,-1.1597096117554075
12802,-0.3695462770991771
14020,-0.5064421460760631
76233,-0.2432711125648943
75266,0.7661467130521831
223870,-1.1441314340797848
73674,-0.44394412283279205
99100,-0.9282075095886198
30059,-0.26604325567757137
17195,-0.6503390014958161
76477,-1.2095327717723237
21379,-0.24651241748318142
58237,-0.8595963189122049
108098,-0.44078065362985264
83433,0.40379387263914346
239017,0.9679860807294935
242819,-0.9251803598555348
72454,-0.3211869188928169
26396,0.35141939750235807
433586,0.37996999272442356
66069,-0.4222700331583926
83429,-0.4409989803655874
70779,-0.563940567681009
100038882,0.4616522087554227
74164,0.36394079750627917
66296,-0.6633186838306333
70120,-0.48850292511180804
77559,0.38457957081575866
237500,0.6624623230675217
277353,0.8755642098479659
14763,1.1306334038482766
20515,-0.29328483414107076
56457,-0.23906962524511322
271457,-0.3240614550037906
20442,0.3736850967608092
66306,0.2235586230861628
215690,0.7824828077563355
15525,-0.37127567656258975
415115,-0.26731200153611656
75956,0.7220408523544828
78926,0.3031398187818244
110157,-0.37626969452039916
320244,-0.6252868873987829
226610,1.1166349527433521
53621,-0.3703713255678185
93884,1.3103564771079208
11910,0.6977216962325512
16647,-0.3168986197421084
73095,-0.5767774072002796
67270,-0.4392875819614517
232227,0.3456753991939294
228775,-0.7518894721735307
67011,-0.4385828585041285
56379,-0.8804886702646559
14489,0.49710770939092974
56200,-0.3617873846785429
17827,-0.26829433985897033
21419,0.8235821681997035
74032,-0.6166997014783915
214301,0.9202457409124771
12873,0.7208957126478559
229211,-0.49985162536919514
64660,-0.2610441756440345
78908,-0.9450414706611392
226517,-0.2609418196506148
19752,0.9444056103766938
18655,-0.31043414710014616
19023,0.750873958876932
258600,-1.0480102863190397
66610,0.5313277344126082
267019,-0.7553775617580327
19981,-0.1945255782160764
330355,-0.630279192778108
100226,-0.8037863945551962
13380,0.8343148404488292
68082,0.5832122999584515
245828,-0.33297995854874607
18817,-1.1920667101861104
14299,0.37235555263349873
94221,-0.2775309102877035
16890,0.7806327257504204
110382,0.7057479455672087
116914,-0.9853763098362398
20650,0.5543530540701376
67530,-0.35592048113538866
320808,0.9709907604725272
228998,-0.2857739496261438
252966,-0.8185754049405451
26379,-0.33267855005998825
24030,-0.30730603523237043
70274,-0.7014594747223986
378460,0.5579701760667763
330959,-0.34984542926207673
76378,1.1248260359204503
240595,0.8200953731412359
109648,0.3861516421233713
72729,-0.29205549013109966
192232,0.28849335323594794
110391,-0.4769343007724487
76787,0.3656350249998468
16913,-0.30440738399764555
110821,-0.7401036701599448
27998,-0.28332778270658565
73490,0.5202095326926095
192140,0.8728485059671005
70561,-0.4613492486703956
68735,-0.2792471575043258
18109,1.1550561453256387
28015,-0.37707788114637353
225870,0.6297848951753506
21853,-0.6500666540065936
56430,0.36736690913520853
233571,-0.47648473529215707
69091,-0.7553473305337803
57170,-0.46240441212080086
27226,0.4400647267434348
171095,-0.9564870316567999
70047,-0.3280728823390806
320051,0.563465853628915
107885,-0.5218739266139014
16518,-0.7890312962373982
58222,-0.228677439047674
100503572,-0.5950916569618592
69009,-0.31102086619278957
67544,-0.8100896377643707
217262,-0.6664749180564105
12334,0.2650021227755275
213119,-0.7830354335743852
239611,0.8476017653400127
108767,-0.4652076148420221
67203,-0.3263801699555433
67160,-0.3049515406994896
75624,-0.5238001672152546
20761,-1.0025146595151773
53618,-0.7773033176548729
13435,-0.3952367924764122
78779,-0.7580992099293038
56808,0.6931766899265783
68818,-0.2194868494238591
215446,0.9425700176932983
216560,0.7095089996995796
74268,-0.25880750029400446
12798,0.22814757864704482
319885,-0.3282143204851593
17283,0.6478856181624497
20848,0.3808683517920173
225028,-0.49001522274470855
67738,-0.3104085400581269
67489,-0.5833047194453398
242785,-0.38597207633072195
23985,-0.814838261925455
16950,-0.6941540983271972
66671,-0.6765024034678007
18754,0.7062814037908938
66266,-0.2136293686223727
216345,-0.32613831314610575
101476,-0.25503368777827795
58859,-0.8718073750121729
328779,0.9084305663420933
245126,1.0077416351603303
11538,-0.3301531605789876
170719,-0.3703910258856471
15384,-0.283194871760271
11302,0.496869681377726
50996,-0.42009441782756873
69047,0.9607239726269228
27277,-0.49916245853016594
80876,0.42054814048414
380773,-0.26796980948723714
11308,-0.6259831413174801
435766,0.6152485400685128
24046,-0.7417029934634378
16519,1.0587023333662389
103098,0.7156357374385203
52477,-0.2974268064030561
54196,-0.26769114104777536
15467,0.4673692269706118
330998,0.7963767285485011
107526,-0.378845654630652
74044,-0.7406185215362395
228368,-0.25688601019390767
80910,0.7712512755516112
171166,-0.7559836953172923
109331,0.3783055569584519
217331,-0.26391489442063154
109323,0.5856284312366826
68975,-0.7165866174753557
106522,-0.658145376233775
100038417,0.8699966902239784
216805,-0.3696598693986992
18391,-0.24806509897342188
68970,0.5878591480907378
74270,-0.23067066790937396
24018,0.36727768858017384
70209,0.25802200691275523
12728,0.9681918727510448
268567,0.25274025711421366
232077,-0.8125489248942799
78600,0.4207264657908283
270110,-0.3333212067072946
216445,-0.36440226677116705
13368,-0.7096415134916079
239408,0.6025490787251893
12615,-0.40495684985886715
216565,0.7195950489546963
232288,0.7860967206385494
108671,-0.3472646531502388
12369,-0.525919263538511
259112,1.0960851541804866
18514,0.5307662526346792
83815,-0.29981359638966243
14765,0.8313354803570325
234724,0.5932513856328594
235415,0.306272873946833
15931,-0.6082354381522448
12337,0.40818710456004403
13631,-0.7067960274505936
69639,-0.24486648109420095
15160,-1.082711088130683
12043,0.2561386413346103
13527,0.8414796177303829
19656,-0.29999320509389804
74158,0.2181341159153316
80857,1.0549450166601702
71670,0.6603861730531428
17344,-0.6487296504275983
16994,-0.39252615228970456
279706,0.959373829355028
142681,-0.8735299765204965
20410,-0.6090022791990197
69499,-0.6292002560789367
15442,0.31205246934382913
474332,1.1019849000625457
75062,-0.3055946294308818
72181,0.6318427479999382
57246,0.8791516691782588
213760,0.47599656744381935
230103,0.36819294084095056
111175,-0.8279702292684696
224661,-0.709990148281594
57377,-0.2858417581218866
14345,-0.8754714373989607
20297,-0.6170282402112179
12345,0.24177712606685375
80911,0.9154212011976419
20315,0.8031675141663563
70835,0.7409188918316243
24075,-0.2722005859690384
22754,0.51034889319315635
170458,0.8852261011158209
109229,-0.3477905065506679
227120,-1.0312331905052514
15874,0.8047555312559878
320256,0.4638226016293956
276770,-0.22732362793309946
230514,-0.38038462005158635
21858,-0.3763861327597038
64291,0.5682169741830556
55979,0.26996366399653127
20193,0.40787831629869054
16449,-0.7612873088032628
259097,0.774448836825028
13001,-0.25086815423629716
56452,-0.5960579370669858
77480,1.0383890894211607
12460,-0.27073842782357715
73296,-0.7605790430297752
20044,-0.2607298149840478
327766,-0.5984457265489138
68968,0.5655762767466737
17758,-0.3688164785412127
194388,0.386751591039582
18484,0.7938511022910175
71956,-0.7830652026510698
212986,-0.4059457895601133
14459,0.898241001872786
73723,0.2334523874769161
380629,-0.27290131966974585
70650,-0.8978220359415641
11652,-0.18565702613584634
329178,0.6561977405551707
72392,-0.4045137075916463
75746,-0.6009738487195282
14634,-1.0000794524425478
121021,-0.8633888694172462
16880,-0.769893159188622
75786,-0.3691846469383391
18542,-1.4259843275970727
209707,-0.691444038414728
171531,0.8173450938422779
22259,-0.49453220312500257
50762,-0.23968530365851493
71520,-0.3472995228684148
229323,0.32933301109420654
71963,-0.5724848386877337
53600,-0.2964119917777044
78408,0.37203996101399817
13360,-0.9359561621867654
11603,-0.5421371465008944
68507,-0.7027314614090008
217341,0.7906104184899165
544752,0.8253460440065901
16906,0.4250390868998535
330319,0.7461961100830568
12766,-0.3429014243742241
64451,-0.6166408354038939
11811,1.2656041479420623
14105,-0.7011930660141426
19247,0.2566292547208793
214663,-0.745317836745401
18071,-0.8886496996873188
80292,0.7171950090368524
210808,-0.8439913392896026
12273,0.9810110227380888
20302,-0.8150612734394311
71891,-0.24989028391256163
75320,0.3136521455731778
83454,-0.647017001982233
80290,-0.33790907698637085
27403,0.26083866875811523
20544,-0.34622444724921664
14811,-0.9414739715386791
66101,-0.34701604669146047
59090,0.3053839574693864
234857,0.7979820542345744
229675,-0.49081947189422515
56629,0.7552121012753297
13726,-0.3388181835886801
27007,-0.9379445616678845
320473,-0.9613637802584298
23853,-0.3268110629273355
217664,-0.3779760162135979
67717,0.7923002199227627
434215,0.48754418667370114
233335,0.5270443475943232
22290,0.6169032000975787
654795,-0.2704836016943446
57266,-1.0172117923604058
79196,-0.3460994362554697
59009,0.8418127215834668
67501,-0.42361724776792276
751865,0.3651655679335093
20055,-0.2486799369298982
74306,0.6541375828007987
17215,-0.3688919923418279
14118,-0.8522235048430153
12412,0.35695746683868546
238455,-0.7123273955796576
19119,0.7200271293805729
102323,-0.388447326624469
381352,-0.6043882271234899
84505,-0.8479646905488272
50931,-0.337217082446875
104001,-1.0418272566681566
67996,-0.3233085304887062
14533,-0.25991505814399396
59008,-0.28636704501941956
213211,-0.34478399277304383
269693,0.687969019378524
26394,-0.26577486572135633
17869,-0.4580705674307115
96935,-0.7794974446460143
266692,-0.47758168075961116
58801,-0.6654164382858347
67486,-0.5520300886443268
76857,-0.6615564002791059
209462,0.3962811466782741
17395,0.6125245394671142
215789,0.7527857942809204
60597,0.8218568223988916
70789,-0.6240396898383089
66922,-0.2652201831835992
327826,-0.35911365208352297
74316,-0.25237344352774116
17159,0.3446499778938943
67006,-0.3614687828413077
226421,-0.5111336292065394
27406,-0.209209997360972
217826,-0.47459953729467674
53323,0.3584601251752044
14154,-0.25855133832703814
20690,-0.8218960838189808
140858,-0.3355712690394821
24064,-0.8169673797649466
212531,0.3241732959412733
67946,-0.5188063178898972
384214,-1.0104915393885445
11449,0.6763373944100799
14296,0.2950036320595437
64242,0.8306549506059859
11686,-0.7696632898749867
19889,0.3966472950061979
106894,-0.22312631032689367
58231,0.27137870783774076
233315,-0.8335694482402793
27993,-0.2550258136583583
16447,-0.5669719837002614
55944,-0.2712660537761682
15212,-0.3241897654247303
68259,-0.40812723086735225
328370,-0.496102230880199
16681,0.7106461682270497
15481,0.23158489791573977
18222,0.55829875210925906
71684,-0.20685783616091413
213452,-0.7466992517729216
20849,-0.28319217626479265
98878,0.33406543650944975
14919,-0.9555943032752845
22094,0.6972867583796103
214580,-0.3157530641798667
68291,-0.7652571770487242
20393,-0.4171369907454885
74201,-0.576920088685803
67402,-0.7862626048656285
14911,-0.3393758614657667
258746,-0.7694837805311385
17777,-0.5439002587012478
106052,-0.3524291157804189
50754,0.3750072690335351
74322,-0.3126509312385988
105782,-0.27078446598555317
22240,-1.3086151680890703
338349,0.589274591811435
67050,-0.5248710602184099
18441,0.4727860164849087
66284,0.3341983515914406
59050,-0.3735673495584919
14701,0.29444857116746803
68709,0.5412894009094771
22192,0.3691932883158735
218441,-0.7576374929768637
241727,0.620540834329546
15257,0.6133021544557735
52202,-0.8419060009238848
56012,-0.7634235036299044
24111,0.6561033934272373
68047,-0.2511021384315164
20751,-0.28451405508970584
353169,-0.42668490942624704
20638,-0.2481712567669625
68742,-0.2717357709975232
100039681,0.7780279075327714
110417,-0.6728361635905209
75744,0.3992191215964027
107321,-0.25073622067325907
13830,0.7279388239020124
59014,-0.6942926919074921
94111,0.9099857013418164
229801,0.6458652635942168
320878,0.5860360653992505
22384,-0.4189532128794955
18701,-0.5238517128862945
72599,1.0093605582877823
16871,0.781206582660146
69769,-0.27328183091412583
74563,0.44365619425742686
57775,0.5942539242951375
21402,-0.26366816955023076
75316,-0.30784776559477667
56494,-0.24786113329496473
100678,-0.3226776363031636
20779,1.127556249262959
93896,0.9035174229251401
57915,-0.28482408427671224
67091,-0.22308665809620898
15958,0.3768648922672826
228012,0.2046301206870087
26443,-0.229676523494188
217069,0.27134416020147967
23890,-0.7173796951323599
68052,-0.24178550815471844
72088,0.7847269363032039
16153,0.29607362863175
67422,0.2890874940776502
22156,-0.7008946239071117
68183,-0.23256358630985297
67031,-0.7125520727806176
70484,0.4284303573988346
67064,0.3024758682541133
70315,-0.812638034542859
53420,0.5904441213394618
76630,-0.24981418657426246
20533,0.5100778799721137
107999,0.21538095655581202
546071,-0.593121395970023
66242,-0.29628229784864146
72278,0.30313794117384596
26921,-0.2599019524975166
13170,-0.333030340188607
74464,0.6655016855806508
66047,-0.28772852527768755
665180,0.8499326541987937
56210,-0.7464569664694523
14678,0.2960848757790995
16907,-0.27303916470392586
30055,-0.27303916470392586
69051,-0.28148000263797
74244,0.3003968254103402
64652,-0.3514891330479024
66940,-0.3107162191876558
12928,0.203598683955855
71751,0.4402428392412636
13040,-0.4100897448613061
279766,-0.2647676021451373
16543,-0.28180733518132595
59041,-0.2624883597256549
50935,-0.2598698304016569
330790,0.6886457857681423
240832,-0.3277033525988724
19042,0.3034352904416666
19289,0.3361071501041888
109129,-0.22891706020895874
319508,0.9132351586336735
66366,0.34440506323815967
213742,-0.3410719183277475
70285,-0.42352622458399125
67420,-0.6244379876653063
228598,0.8399093957167088
16653,-0.5712643829061888
52504,-0.3844847318964817
66226,0.5446097560410195
329941,1.0089749761339522
11350,-0.30329990504974624
17221,-0.7664411131362905
217517,-0.7310906094399803
76205,-0.43140046996632897
80987,-0.8320340938210551
13384,0.3985185331531511
53868,-0.7066860496205187
69743,-0.7013459017735908
59022,-0.22914057293015766
320522,-0.5150164694632284
69481,0.9075206059479823
68795,-0.578031136679849
66190,0.4225514660696259
66406,-0.28906148167919454
18030,0.412748220231415
75717,-0.8327913165279028
78339,0.22212610948106004
20201,0.42834644415139245
209268,0.736722929250333
12299,-0.6731533566028407
233902,0.28245005638448273
17995,-0.24757794545118905
13169,-0.2840120019142631
227522,-0.5318987132275597
378435,0.23860074392888286
19069,-0.3079432130676736
15166,0.2483054231340489
223527,-0.3058544987372649
72475,0.4011856346000897
100177,-0.6853083447625288
12564,0.8342165312162297
70432,-0.32473831728256464
71817,-0.21832303337968106
244349,0.26724125859617764
214704,-0.7271973811884216
67375,-0.6234382608229128
66538,0.223050120332541
244059,0.4141268877263524
237459,-0.5121624280167829
241636,0.9058322922994764
73182,0.2395809681373393
12424,-1.694126576911163
23849,0.25773305581808437
19934,-0.31089011735152994
67397,-0.3162269410137917
20743,-0.6719504960795075
15469,-0.22916132475341122
26406,0.2068192008480283
66059,-0.2763297633626358
22630,-0.2568773273648812
66066,0.23647925392683256
27356,-0.77679950993892
226548,0.5973424467533661
72140,0.283340742040739
218699,0.5612989766243057
12929,0.4551914758574789
234593,-0.529267666299146
17886,0.3463333115785918
21778,-0.670758564985996
76779,-0.3531534180467659
20585,-0.320449759385804
14411,-0.9625659009614527
329909,0.6259080125612746
216795,-0.6577136311625522
209239,0.7470674686462813
243385,-0.6673745711275219
57749,0.6181461980376821
14453,-0.7083946331725941
77704,-1.0186979451351563
78372,-0.47164680426856087
16792,0.2896143323111744
17925,0.2916305650410962
170952,-0.7943521578037451
66627,-0.23784028788291245
68644,-0.4114109728317512
72726,-0.2511768157862697
71522,0.7066961257783175
17863,-0.501134747966578
53324,0.8428864758593986
218210,-0.3087518362714423
13650,-0.5668363987652221
50706,0.6494051911216228
232987,-0.2391824382139145
21803,-0.2391824382139145
214133,-0.40689300012466756
19744,-0.556094573009438
234311,-0.7698758854516732
105171,0.4193311271957283
276829,-0.8564750868129578
246179,0.48528152279777803
11537,-1.0478114941218388
107733,-0.26497291406685974
74419,1.0336501643567924
15273,-0.7545969240811106
18195,-0.2792405017387427
14174,1.2583054370523548
384061,0.8318839049306357
17345,0.8085499170789987
20643,-0.32365973983239726
20024,-0.22613549856666815
100503043,-0.6465808850224324
338359,-0.6694332101827039
225020,0.2641762935890277
17210,0.2682009054832548
382111,-1.7511482678682349
432450,0.46176715193709583
16189,-0.4865106379323194
19262,-0.19832413671823623
66855,-0.2368992903764564
216987,-0.3009496115063399
29861,-0.8061826317742877
26464,0.4879436493711502
69572,-0.4780892349959167
117591,-0.7510368351279677
12570,1.1882409734047434
11495,-0.5172416002400055
52897,0.6819123823282065
14864,0.7197931064530247
20321,-0.7478472267530796
51810,0.28798218303340306
20103,-0.19921354353716758
66449,-0.18561472560521608
114713,-0.569773052289535
110172,0.2145592485104757
27053,0.6793498520289436
56691,0.7953271277283016
18759,-0.330224653032146
21838,-0.3653087652841158
54563,-0.34034862093056795
69640,0.7167714490132688
230376,0.6470004838222438
235604,0.8441578290323228
14526,0.31767717126263717
52468,0.41502341853098557
229681,-0.31300379374994325
66656,0.2309420273534144
75050,-0.6598350229362921
504186,-0.7222503432824774
17084,-0.3144652994038317
78891,-0.3330462471277045
215001,0.8068357808802418
23986,-0.20040704567680123
14252,0.5106902275993104
215693,-0.6490176933598457
14371,-0.7837743613596091
21933,-0.8400859013572779
65105,-0.24835289429224972
74326,-0.2708455037443027
20508,0.7145795279952116
12500,-0.30525831143035376
56273,-0.51331214529612
241062,-0.6558606103592695
27397,-0.48539718634281215
17355,0.2656681317724203
22629,0.3001963346189722
77038,-0.2518190673077516
11864,0.806242471413908
66821,-0.4104016072740233
12563,0.8108120529363116
19668,0.8138418938637928
240754,-0.35794918204021897
27279,-0.41971745962055707
59013,-0.4162898767306764
226123,-0.8643189443373891
239759,-0.28139893440869734
68750,-0.4557248958678546
19249,-0.7940081414579963
66934,-0.667712938697381
67490,-0.6935128718483989
66717,0.6689556463551933
18103,-0.26772266474391415
56177,-0.7617531172019314
20425,0.7253694358526177
258935,0.7520125829936473
26417,0.25838588968684206
213121,0.4598118666592299
12774,-0.9104327061222159
50995,-0.3461550674605025
16882,-0.6164616146519997
433759,-0.30848513296159297
26395,-0.4836485451878687
21892,0.8671578636365069
94186,-0.47727877578470057
65970,0.6539660943383754
12566,-0.7470962373900818
56527,0.6734504355665649
237831,-0.8314045910389871
22042,0.6980066367268574
66830,-0.35126067028148444
22226,0.605824380412423
27211,-0.3206819140558679
22121,-0.3206819140558679
27208,-0.3206819140558679
27210,-0.3206819140558679
320705,-0.5879279992856743
12151,-0.4801267682963024
99890,-0.8800990364398409
117599,-0.3742164421536778
218121,-0.2778041028182745
13803,0.2475614897767482
73998,-0.9105525567269668
22209,-0.2453885538618117
67841,-0.33989907428265553
23980,-0.24180241333906416
56422,-0.3086123097491651
319583,-0.628781691576549
102570,0.4614191459652659
56743,-0.5067105059146719
75387,0.4043723291083543
72508,-0.21799889959592278
71276,0.6867929378354196
84653,0.4293001712261768
213234,0.6825827643120661
213988,0.46293901283507033
213550,-0.3201296631545105
228960,-0.5455745519900423
102193,-0.21021501438310075
105440,-0.2759788550349036
105844,0.5902047716391774
93837,-0.9098355520340387
53417,0.8207451159865062
73804,0.8200322966473972
12122,0.2699088378902328
21807,0.22751423271794025
20255,0.8635882241448947
226591,-0.6758635360537015
16975,0.7164967118506649
16691,-1.2293577606587531
83486,-0.34261047216359053
76108,0.29092786175502994
74147,-0.5177203512548676
53413,0.8856715077883264
240396,-0.4611622930796919
75965,-0.7345147361846678
20658,-0.3383407546453139
75805,-0.4295450218052661
109241,-0.25628600025486037
14004,-0.1900690773407998
13614,0.3304962260200859
104303,-0.2095671593104047
15451,0.6029999553342158
71296,0.7330217523502078
19228,-1.2848980328573045
70355,0.6354329740252229
13131,0.3760815574834169
68219,-0.349693076639765
14462,-0.3237865848245818
56198,-0.6402722697189382
70359,-0.6384702820557759
20444,0.45743906649768107
69860,-0.17446301949343912
98488,-0.8321659451102406
224814,-0.41761246112191763
23984,0.7912915737693962
16560,0.562534556700113
268822,-0.2017547371034727
93836,-0.3303486596295109
434203,0.2470945659773527
15939,-0.6470843956795047
269878,-1.021632584284733
640543,0.744890008368281
121022,-0.2653363603832659
170743,-0.5338144628437576
66725,-0.3670616104668074
11909,-0.30001544289667237
244958,-0.5600893863326775
218503,0.528509350519256
69185,-0.6340505441228341
240869,0.4507247653757718
16667,-0.7254960703630005
99003,-0.6439662470025951
73230,0.9443193772642045
18423,0.8485769662550084
22590,-0.21561535212580196
73075,0.7555653468579009
56496,-0.8020746506290273
12667,0.7156499997255024
327978,0.7837604977728816
76438,-0.374600668453855
230972,-1.0570328433927259
70425,-0.3221191525680318
21665,-0.7129792737995659
11464,1.016719582892581
229499,-0.29058964962634715
108829,-0.23919091531353764
66467,-0.333565783120914
67337,-0.244950835823861
12833,-1.1652196238055925
67789,-0.45343360632452434
50768,-0.7118334100333206
67043,-0.3012424664651565
13555,-0.3683574253201636
16569,0.597616627060825
105348,-0.2732615323932457
78895,-0.7230066682423217
84035,-0.5831429670863937
214987,-0.3056316744002281
75785,-0.42299239376966824
66704,-0.6627965973480565
66344,0.8183059069185878
22409,0.6226614813615408
19361,0.7024935254942992
16440,-0.3536707243705717
57259,0.3747313117499331
19126,0.5953133328277405
225164,0.49159086785215056
69582,-0.3052668663599345
70603,-0.41389662881941103
80297,-0.6310570590929139
110326,0.8328599287862382
380669,0.7726007122567395
72590,-0.4045951088012618
81904,0.8147346908324318
330177,0.40855118530252366
16554,0.7015531692208019
67180,-0.32995693926623026
66897,-0.5124253835123094
12988,-0.2890359593191789
67099,-0.4723312795915433
384281,-0.593297808382764
21823,0.494923138450714
20597,0.25486081861598464
14235,0.6733286890717816
16978,-0.25835244760501297
30945,-0.22918146536069983
23806,0.3510673042494652
56874,0.7274945031467173
93882,0.6268605858794065
74770,0.6918364062302103
668310,0.9674408534018406
56282,-0.30346301731194814
13559,-0.643287600984273
17133,0.6905258763450504
53416,-0.9209760557879827
52679,0.646122872840861
15945,0.5699458714115382
66395,0.2831653908668752
321000,-0.4868456349483443
27062,-0.6545083746637781
26371,-0.3192156583041239
630146,0.4211127020524721
67440,-0.28005314002994286
328401,0.6613079944814197
100534273,0.7888371071130602
19309,0.7552602518000677
68591,0.400652015123538
12771,-0.5200690416535192
12017,0.1778541498309849
21956,0.806711837801835
246316,0.8159927746620448
16413,-0.27528756047643377
105245391,-0.27528756047643377
17472,-0.23040745407440255
66929,-0.27489338992143963
68468,0.2853344585661013
218973,0.4109043385415143
547431,0.4136162614925798
22228,0.32464360047318763
12651,-0.26026767141992835
269109,0.7235812231367316
70127,0.6987292008048094
68149,0.2729857736362238
20731,-0.6022783084211962
329506,0.5259076204947828
22194,-0.3877887305959806
72113,-0.401537748046076
231123,-0.29769779015059505
19286,-0.2788378824090971
381668,-0.28029290494742476
100494,-0.28990369895402246
231861,0.4353029954115426
26448,-0.5983453747520668
218476,0.7333425440739116
229524,-0.29349311916748455
83410,-0.21224037536777196
225865,0.596848405111325
208691,0.3541521193410855
56017,-0.27023469536779743
16500,-0.7992645019980196
56440,-0.30620099937478606
26879,-0.710790631832436
170750,0.23737901255642946
70834,-0.3879812224834822
13850,-0.5431467456163555
228071,-0.7299944824847806
330817,-0.19221910774498063
75894,-0.42615007420676765
67843,-0.2782080987627511
136856708,-0.2782080987627511
107932,0.3641780601002296
16476,0.3370676214765016
103213,-0.4732725976374832
101613,0.5847852817195527
73835,0.6631154501306948
18102,-0.27310238676179033
403171,0.7704913814737457
56357,-0.3464566579662325
17304,-0.34935975730044433
72170,-0.30351095663596617
21687,0.8058985647100396
76969,-0.9387498486193886
74144,0.6627535183598519
15431,1.0646832420343086
100210,-0.6081124059223217
11651,-0.2994799383140432
67231,0.25334708364160896
547176,1.0796704763470024
57741,-0.28709202326575856
24084,0.8973172640602298
56358,0.6706908363774033
27395,-0.21979642848563685
245537,0.3304050385071555
13615,0.7475170019154409
67037,0.35254482975700796
320311,0.9043745059391317
74355,-0.3471588055015751
380686,-0.7208898720753263
18181,-0.2371546982684265
100710,-0.773486615886978
70144,-0.3961142362011625
77634,-0.4541413244448096
74552,0.3028940692604092
74159,-0.38073210853160866
69816,-0.2625162837451036
77116,-0.7114253703336031
14264,-1.1170932656730566
75416,-0.3331715415661902
106025,-0.2634628712725693
14858,0.4004781928988965
215113,-0.30577358270311805
75671,0.5269472738385921
330671,-0.5929896055658497
19377,-0.4720831112355537
208715,-0.2395047385943041
229906,-0.41498296045040206
17263,0.7439722180597146
12991,0.7705806788014953
277973,0.800529179033322
14764,-0.708313137751797
70445,-1.113061856112754
78935,-0.5777825066194975
66377,-0.23930745861697567
71746,-0.8646523949383571
98432,-0.7082319367812482
20449,-0.25024487910947
368202,0.5549757885233761
72962,-0.42910365317358856
100126824,-0.42910365317358856
234214,-0.6762612081422543
94065,-0.22974961476378297
66420,-0.23668330023107131
226144,-0.3420316049553911
140484,-0.2280978333181043
52245,-0.4739116207959819
263876,-0.2074812365006622
18600,0.31620548982841434
66365,-0.5247365790409795
17528,-0.8219553771988046
217410,-0.7329521684454487
66990,-0.2125643321849786
12449,-0.63184046602428
666339,0.5520956742027257
67417,-0.7112164090712838
233064,-0.1802544732492528
59001,-0.2017837738226902
259036,0.2589712342372952
18711,-0.5343328914186207
56280,-0.7538932004144954
13869,0.8597347680925371
170833,-0.4760014270402628
382089,0.571975311551097
13859,-0.38823202001661805
65969,-0.6511517493302854
20897,0.7621424417194955
238076,-1.007591514989966
268512,-0.5297981926497792
18400,-0.7314566618600402
245841,-0.3770867900129016
94184,0.378855438113316
68991,-0.26835492165765906
22365,-0.484391138613395
14590,-0.34154783867791316
240215,0.3842816617093927
74720,-1.0274340230649983
74478,-0.529751892063338
13135,-0.22519474595513778
215705,-0.2535169068421421
212503,-0.45371190160634
231093,0.5368245343580877
66213,-0.36064266690738833
56068,0.5473638130676832
67204,-0.19430678736585527
235134,-0.7274535679720344
223254,-0.8709455141695459
240725,0.8370757631702896
20603,-0.20923694257518832
50791,0.46665473783422495
258854,-0.8448238444434453
12015,-0.24819680592542603
77974,-0.2284721625694761
14428,0.6562500923147039
229550,0.8292277911276873
224697,-0.7328796865229004
66813,-0.8037064261681373
56491,-0.30998798878003164
29875,0.36181215262991095
19946,0.28283331930779987
56515,0.3034228085864461
21767,-0.26260382684076333
56249,-0.2373826109019177
212032,0.4965834267709681
14699,-0.7283721672321612
77522,-0.5897385589891324
11532,-0.6049038354714704
14026,-0.3562668186401545
68558,-0.31731543159041387
66841,-0.4017668312485325
26451,-0.24024029194420393
19024,-0.6054196889895778
21336,-0.7022122338374683
54601,0.9480802274395952
231805,0.37446893452758445
240880,-0.5686458693571899
319636,0.49722809971371085
73332,0.5512432349430716
15550,-1.145354657841378
69627,-0.662428788288504
69534,-0.5369784268896245
78689,-0.2566892462463297
74153,0.16231563550844896
80877,-0.2658547698584499
56406,-0.44035858098623404
208117,-0.6482019602076434
50932,0.34614948365317666
19694,-0.7775519969575475
70369,-0.572930117732021
234875,-0.25408394767361386
66663,-0.23661653071070887
232925,-0.7926637435799853
72277,-0.6518407971311087
330938,0.6210042357249028
214601,-0.35219358567934567
66902,-0.7204383695045822
11889,-0.8209770899725592
320940,-0.26710733393475206
52685,-0.4031752550367216
16398,0.47689379002718546
77087,-0.4436932042211481
207615,-0.676409554930812
18585,0.4909922165182232
66576,-0.16137021165879162
19718,-0.2223070396737441
65113,-0.23096182525110365
13542,-0.29677090366221925
17274,0.47100307382683937
21843,0.2624908078985264
14407,0.6042766316988519
72183,-0.28627595355036206
14289,0.5754049188611177
21401,-0.8969366691512399
11435,-0.9342240838580467
105014,-0.5706273473624917
16599,0.2749522906512496
70394,-0.21868989582215903
17240,-0.9116991917367634
19691,-0.3513387785480697
68718,-0.2789398142103483
100504663,-0.21813162379611484
226652,-0.22116927572059986
171283,0.4970655043786132
67223,-0.7564389704674648
15248,-0.7598000342440363
214952,-0.23860514015832734
72333,0.5592887655256318
108075,0.3532764671151698
16531,-0.6066484814787128
12366,-0.20101155107964885
54411,0.2284299658818938
69982,0.6349138382643114
66177,0.16383937440447127
14470,-0.26093477294711676
68048,-0.21148810783104643
384557,0.8504203765690557
13437,-0.22957541517556024
245616,-0.7172547075589524
14400,0.8284491664769358
258469,0.4961200673754984
230753,-0.3099273614733473
270669,0.5832742963976978
100073351,0.5832742963976978
71066,-0.7401028324656926
70233,-0.4036336699113514
106947,-0.30887646267689384
18034,0.27839650460544796
50779,0.5094711398786806
243084,0.8278050012746019
53374,-0.5519305451791183
215854,-0.5398307681728194
69297,0.7444038505514001
71132,0.7891759515403383
242443,0.8907128837485336
18567,-0.24230262175404782
72774,-0.2635657312363282
227102,-0.4322608454725856
224840,-0.9185302594758591
71355,0.5759812840686163
14581,-0.5038908569234835
70536,-0.6511685271370604
110350,-0.7419582872684236
19325,0.195002187155227
74718,-0.6664625775861701
56188,0.3728943961812128
17132,-0.5950586428328855
56417,-0.21973796292095393
20440,-0.31930545615723993
14782,0.26919088564236837
11816,-0.3081043927049052
60365,0.32022609565110294
268930,-0.28057338820598154
21897,-0.2021228480083188
22278,-0.5785324447679265
66118,-0.23242833038814226
18080,-0.5362236946290224
243547,0.6631458850233329
109275,-0.2113587303325648
12142,-0.5662629762113269
211666,-0.2556992199797836
75339,-0.2749308439838716
63955,-0.37637204726788376
276846,-0.25053245656899215
99512,-0.7504378989021356
27419,-0.405691685489054
71704,-0.29013308395609627
54712,-0.49587576194166516
100061,-0.41501803729889986
19888,0.7964264013813835
17937,-0.4557098688322876
109901,-0.4087700347019254
75697,1.043940841403705
74112,-0.24349755658796646
30953,0.5889976603323284
110784,-0.7282190098309647
208228,0.3095754141534126
72324,-0.6667688697825893
270076,-0.6344218177812664
66795,-0.6727422338855327
18574,0.2339683305513276
57743,-0.540127534779467
54448,0.788663225899604
381979,-0.7996213021311016
56708,-0.5724447376356787
66988,-0.3217068121684292
75605,0.29009819419615646
19654,-0.2856483960121121
66492,-0.21153705841799741
15526,-0.23821006756378083
382038,-0.421190458111794
68720,0.38525247481434377
16319,0.2868687631111495
11487,0.22194179070406683
77805,0.41817012524465724
68792,-0.552710370395717
320709,0.7256523280107494
69740,-0.23531242213738857
236732,-0.22355976616374917
24045,-0.28476452704956046
66566,-0.8506443970794288
16177,-0.8156696436594615
110826,-0.20411907905973514
319765,-0.6280999218876091
380714,0.3725460464955299
67967,-0.2139317871942339
79566,-0.18249354302754384
19013,0.3578068554151166
71393,-0.8545470518591465
140740,-0.1931367487401534
66597,-0.6752211317764374
497106,-0.5943004817207997
94093,-0.42585982943275
66079,-0.2403004853809314
331004,-0.7916827229066907
234988,0.5779629269002862
448850,-0.5401214713069589
14391,-0.29277667141101027
319845,-0.3289957478345489
80718,0.32806439457727166
228875,-0.211188819442361
14282,0.5046035931724786
15967,0.6673125502478086
73666,-0.5183398881131325
68268,-0.3181708405153598
16201,-0.7170049523946354
66441,-0.40612570365064293
64378,0.9108997555592078
20116,-0.19810716424682795
100040298,-0.19810716424682795
242377,0.6929935058947807
101513,0.19907874991848828
18802,-0.2847235159918391
12390,-0.4004185107395193
20390,0.5858155564282042
12839,0.6105093324247797
76612,0.39556219888941335
77411,0.8774182259499037
233895,-0.26755398020050336
12399,0.612934731439541
18194,-0.539678852072603
99439,0.2536495821496567
101772,-0.7914861786902918
66913,-0.6070603291157619
54004,0.415602479880933
17830,-0.550517968322878
58214,0.722532378872561
73683,-0.30278419147755464
19056,-0.21919836676725168
233879,0.618730727876013
101568,-0.1694290738635118
26556,-0.5062563897521883
17901,-0.7635577080092055
67621,-0.3382554168301315
233405,-0.6250639160352334
224997,0.670027345663466
72354,-0.2886246493149063
11639,1.1426250648433833
104346,-0.6595064251434026
68545,-0.592121292866346
18012,-0.6012004984122514
72727,-0.3436447416264299
16679,0.40697171306824487
67890,-0.2880087272817562
241274,0.2609577757938517
21810,0.3866436707532124
20964,0.6272934030678083
17350,-0.2706161864430703
241547,-0.7867867515743852
13841,-0.6487541242284687
109108,-0.6084967406717006
66148,-0.2515350188903476
258763,-0.5690650585485195
319713,0.36798546604056437
67836,-0.523883139290855
242805,0.6830132098915236
18088,0.5443623544464682
104027,-0.6365050123404918
58805,0.3182535580294177
76563,-0.6240182870855131
14281,0.7132103456518184
18150,-0.5070784875767327
76299,-0.3922099346248249
216363,-0.2625848018407755
14171,0.5316759152004984
320678,-0.5486965846570238
20681,0.6362461446024974
232984,-0.41979400836514547
103710,0.3259508726825384
20973,-0.1881789060637935
13728,0.5451007406665154
239510,0.2677688396578155
68837,-0.2370133959996279
19059,0.6572588022257224
15387,-0.21946029883437745
17754,0.42399130534077045
14618,0.3920723128268371
268294,-0.40353555021131626
235582,0.5333345637699249
20536,-0.8113923749422653
17137,0.8070810152464545
70396,-0.1694075225296494
227357,0.3743633639912751
227683,-0.6165613018590426
231842,0.25970029603791467
403178,0.2550505692386613
20341,0.6127869210422876
67276,-0.7990025989086558
20528,0.2991048008713717
22635,-0.7064148273118476
170759,-0.23038767142072913
74427,-0.3782415418642353
18476,0.29156192177440055
23805,0.46954932208827493
68525,0.8170755082941135
269955,-0.8485306888503601
75957,-0.624173816579213
218138,-0.8497632716236536
231207,0.6359527186031224
18618,0.3322652944493196
67285,-0.5073781542086033
17178,0.6531960905450394
71742,-0.454666967888663
228413,0.4757542541884012
14127,0.25174837340765244
231931,-0.29688028259462484
11517,0.5213621104931376
231327,-0.6523082521639427
67311,-0.500476846048012
333605,0.8979179096609369
20239,-0.27689434549519554
233908,-0.41393051119927904
237504,-0.8163626088725078
27354,-0.616007007049455
252974,-0.6135051362694872
338337,-0.8094671501628543
192176,0.3320651026499135
353502,-0.20033848632037632
72144,-0.3136625616334552
230163,0.5379098411762553
56193,0.2589246317083713
73830,-0.14022780831430737
12503,-0.6704521577401801
17261,0.2242125756690605
70790,0.1898790676628952
67466,-0.7340599733999236
16825,-0.2223359075823801
58181,0.4704949633522233
97863,-0.2909170468402671
14595,-0.18031219641193275
66901,0.5689388105723427
243574,-0.7219233319706442
103236,-0.22035029620458424
69035,-0.4862281080640063
15192,0.6846341299660406
56791,0.17976544569518715
67579,0.8861509116837318
69536,0.4626003108044783
52014,-0.2145365035426714
319934,-0.9036182185074786
234267,0.6210251285162642
380967,-0.71355069071131
234023,-0.22764398594359747
74591,0.9041081295814286
13627,-0.273867290464171
11421,0.4774138879647216
17354,0.3877980514031556
56705,-0.3912452119974059
171486,0.240945508632592
14886,-0.2809662337188801
381203,0.6188588702155746
15278,-0.3230137511019002
117147,0.6175025462366115
104368,-0.164149786306222
110954,-0.164149786306222
17868,0.651420257077227
78803,-0.6499074446990951
13640,0.5947929990766632
18452,-0.725177450647422
14211,0.23499818355285562
50529,-0.19292328617623866
16205,-0.29383832965031864
53333,-0.24515121602666134
142688,-0.2283726632301999
53380,-0.25683977602475583
19171,-0.19116242574735764
258168,-0.7341443693424052
16348,0.26727942516817826
18033,0.22535815194081543
21346,0.19844025366329276
20742,0.19003087120657547
280645,-0.7110712238684211
15410,0.6391277142566008
216136,-0.5953650711965723
93732,0.7025249019659139
116904,0.672891654753061
319817,0.26963053039060725
18772,-0.9911570280022977
16782,0.5595168268135708
16527,-0.48206498792248365
225372,-0.32901075961662585
14794,-0.2997449621528485
12757,-0.24331046500879516
24128,-0.34974171939970766
74251,0.34673899996560387
232906,-0.4675866022658983
328035,0.5346513310758318
14061,-0.6789714192786054
18507,0.5001150770030689
56506,0.33074871678415185
18557,-0.7728979191678746
319922,0.8459463507269214
217306,-0.5562389567181452
76007,-0.5181731819484208
30926,-0.23692456754633362
16532,0.5943073493164985
74338,-0.6143444241675886
208188,-0.591853696524292
237221,-0.6597733584365528
218793,-0.5823264895513156
407786,-1.0531758495695396
219135,-0.2907120522497806
76025,-0.6729463471321209
230577,-0.4666386421209108
19183,-0.7121784916483529
238988,0.26691017086647584
17068,-0.29192705431896293
68966,-0.25322390846747567
19645,0.32151597738117665
13984,0.5816060073229776
17242,0.5850122320460169
67768,-0.900728423134483
17146,0.8740449850978527
17145,0.8740449850978527
78826,0.2772254109865422
240028,0.30760829891544184
15371,0.9598557386161564
76775,0.6007752650268854
13496,0.33152225646751177
18559,-0.5404405248006547
56325,-0.2238932665357627
12293,0.6437642741813736
69706,0.45570348752567025
20343,-0.32712716153805843
74325,-0.3711609726098626
380712,-0.4976038138678893
234959,-0.682058658706084
233877,-0.45033125369389815
226255,0.7058113610690144
22092,0.7946876125153035
240690,-0.476527308659664
214105,0.704261261319211
77683,-0.4035370594119634
101206,-0.22004539047238403
259301,-0.7816259587390291
11829,0.6307298320344961
99899,-0.6838235458878028
114141,0.5838749473857638
50505,-0.47766646170183336
14367,-0.5625371277304301
216001,0.18008542849689846
74150,-0.5100345008421376
22416,0.5379221838785289
408190,-0.551716458428114
109079,-0.7218398437200042
67463,0.23990418570911487
57914,-0.2577310565988338
97487,-0.5269518296545863
99712,-0.23193080258812415
225348,-0.5522465604997944
11848,0.22345415268510926
14583,-0.3649278482638918
84036,-0.6690822221774555
14580,-0.49030237284671774
110385,-0.2958777139396478
107029,-0.33401886003797543
14773,0.21155510359792462
24127,0.5867198477402038
320415,0.23802482796166302
19016,-0.35912868713396495
19650,-0.7767637347745353
74117,-0.29624687443342523
14087,-0.610195829513053
14610,-0.5761932949363509
381921,0.32046259948863653
18413,0.6145087325000649
80294,-0.6352312835554308
89867,-0.5732729170636155
69702,-0.33822208082518834
69562,-0.3475348049709037
20469,-0.2811191004550384
330216,-0.6763307488759427
17173,-0.8000305699849788
77552,0.6065757558276599
22088,-0.3065232714359869
18949,-0.30595796747927295
140474,0.648304161454031
76357,-0.5460160991181491
68021,-0.22091864774516878
56745,0.41428052967401374
319468,-0.3921767204172202
319625,-0.6053783770904042
54405,-0.1966924417095779
66583,-0.5235611324836142
14539,0.4024248777641306
241490,-0.28139583238201205
54137,0.30967740499905894
330222,0.36817617124491786
19052,-0.23826022857724105
53975,-0.34894843289659594
213208,-0.6431029760955784
14447,0.6394435090769441
218639,-0.22875727980656535
66686,-0.6346232314081792
15563,0.6295092246816272
22045,-0.5658236719535603
94180,-0.29011945631377234
226849,-0.2642968978499809
545481,0.8605232319148266
242662,-0.5825605437183903
50767,-0.21997078986325036
94178,-0.21997078986325036
14063,-0.6796597616378373
56397,-0.21089389036142236
72621,-0.6297823068409922
245880,-0.8034343556702739
20345,-0.19056490480135224
26440,-0.22401333390175715
53883,0.5867753515755485
208151,0.7282971570108883
105298,-0.6795476627733548
13016,-0.22769762628066204
56292,-0.18954236675986813
68153,0.20590503637971658
70791,-0.2925365788416645
20224,-0.23927687506139783
17535,-0.653018731795938
68134,-0.37740956959493666
109225,-0.6728693842707996
18383,-1.2149732960888104
237222,-0.5537892032375389
72149,-0.35460923859556104
14620,0.8318471284282665
208449,0.22616054573660271
19220,-0.696181333913771
75735,-0.5929461072708597
18555,-0.4724935341843608
13371,0.5339561622318767
108645,-0.2794205440358972
72026,-0.27360541588229825
67130,-0.284895804868011
230119,-0.2841701980884963
117150,-0.2031243268174272
65246,0.5886126409910286
19215,0.33539556300656415
69634,-0.5764951051478988
103775,-0.7316053021248914
329977,-0.7555790082826874
72843,-0.6748409741763446
11994,0.6780496781306447
106298,0.19549633209824968
71567,-0.7156215645884316
66646,-0.3947216636624722
74256,-0.25190014330951804
66411,-0.23131270369268364
78240,-0.8382839721923441
106200,-0.2665173699775032
237542,0.7723594981036879
71769,0.7723594981036879
17684,0.2787719329709919
20970,-0.6193837680992536
17686,-0.27628285818014486
71761,0.8345304985240558
13855,-0.5194440105601457
94218,0.21700647023743258
110168,-0.37372308963245615
11991,-0.2824582236974429
15233,-0.8848290060600994
19687,-0.2609389642033815
67149,0.5770711355507512
66912,-0.23238958206865235
28084,-0.1736646540191078
54409,-0.1736646540191078
11488,0.46581600470849516
78749,-0.3008560668556868
69745,-0.24172319141056775
12819,0.7996389096336993
15547,-0.2244319859529771
330369,0.6123480965309485
21766,-0.18337158325892666
70885,-0.2583429236936228
72567,-0.29320297586973254
12748,-0.27556425882377056
71562,-0.2791476005985558
12193,0.2849581551676508
60409,-0.22097524681782232
83561,0.7254692600680896
67656,0.6000002232798023
216578,-0.5983557151483483
406220,0.6507374865419004
14426,-0.719714590250681
380785,0.38016513354954906
108699,0.45955131996359766
13207,-0.22897925970780797
67268,-0.22992646635353253
74187,-0.29576011870513774
320208,0.43771398859925625
66432,-0.29223414138770565
100972,-0.516858848546061
93687,-0.20501981641258027
74337,0.5330399858142929
208104,-0.6759107904236856
73844,0.7515606816048801
213819,0.20425247088751242
72674,-0.18960516407008754
320799,-0.276360504747311
71137,0.7188344742075814
72978,-0.5000747597784709
72946,-0.23632456197607965
77573,-0.398936474616459
223918,0.25358321635264325
230676,-0.18608745560539575
27078,-0.6798441643123416
13491,0.7550068753524175
68059,-0.19319317212986853
26554,0.22693675720203021
330812,0.557423027454595
69072,-0.2160407571916707
19258,-0.5740836348633556
50496,-0.28994037637692927
53892,-0.4349731441618996
16886,-0.5808285002918279
12455,0.5297810854041334
19298,0.2602408815366042
50933,-0.7260376986428669
15116,0.7934873575539916
78910,0.9054874102566464
12951,0.6342535986966382
20869,0.2760658733726906
66237,-0.5279341403948221
171212,-0.1947167092328641
11486,-0.2267097145051391
16414,0.26297379890655215
212198,-0.5777638500307667
75459,-0.7888700951760059
66314,-0.19536687350321635
241303,-0.2677853872242064
11520,-0.3333863612752417
23893,0.9459509714311412
30942,0.6551494676616145
23873,-0.25023418368573314
76273,-0.8368155805609532
14177,0.7993597075619174
228359,0.19952314172900643
211468,0.6202629339119223
22404,-0.3032610512622602
280411,0.5288549276391059
69146,-0.1950466278869527
246728,0.353443788991747
75219,-0.5466664059868891
14573,0.6559446881194853
74375,-0.3121444548466803
13629,-0.22188057919605697
19712,0.29681441559111654
231832,0.4105434677933797
270035,-0.5054425857215428
170738,0.6842085960187765
17385,-0.625623006578464
237336,-0.1917147579373939
211673,0.22589048812012358
108995,-0.2579634661903416
19763,-0.5911131129384897
171504,0.35627155034033997
214058,0.6120484693050203
101240,-0.32887232946552114
17534,0.6684294866470291
53617,0.8267351977414732
67013,-0.3766982025964509
110794,-0.3581697377609654
57028,-0.41919193513513875
24074,0.6833570370479913
69116,0.2796435480276518
15586,-0.17183376960472607
70062,0.7944378687662925
208613,0.47649560719111594
56277,-0.7732246255236963
69956,-0.2939255308211308
227674,-0.3205809893291436
16572,0.34176632096566006
67161,-0.560734527885705
68961,-0.21016554459573733
14025,-0.3141998028651223
18378,0.5962061427162828
14394,-0.5934146450695512
209357,-0.646137645290195
67534,-0.5538102491928028
69191,0.6249371982810858
72960,-0.36502073534250457
21894,0.31718027166513707
20930,-0.22575864418976188
71908,-0.4510559469225699
229776,-0.45487132496007554
16876,0.6537969935771901
66938,0.4115680657603846
268566,-0.6225637247018394
216019,-0.49244396924751044
11820,-0.48201264417035894
67849,-0.2730631695757637
70884,0.7422138709195059
78283,-0.5588794805763957
56462,-0.21604847635054725
68299,0.6124728633901051
75909,-0.22619873782244682
67287,-0.2047189914515286
14309,0.7511426227866274
229004,-0.3375275625795302
66885,0.37973197110743584
67886,0.5325820143008704
18578,-0.3638688915481598
69666,-0.29239053278428706
16451,-0.26620308858481323
108755,-0.2483380708120464
13490,-0.5113500750195996
14688,-0.1741747797862221
66578,-0.5306428863106785
52335,-0.6432610147940805
100737,-0.633096692452213
234664,-0.5146010070094711
18324,-0.6734428830783847
71968,-0.20653486888766182
13593,0.6648713877038386
53626,0.7000054102691617
20278,-0.8118183963901586
328643,0.6020681038208258
72754,-0.6725042604752467
81840,0.6144759423005581
213464,-0.3529208358518918
12721,-0.26494904835239375
12737,1.1572406447779788
52715,-0.5419503277867221
76192,-0.5524568237214353
13026,0.2193503639773926
320713,-0.6917978770088391
102371,0.6189540531591962
329207,0.9117997975532885
75763,-0.49241805170303365
268936,0.5121479343242861
76781,-0.6665541104520356
245638,-0.6951086844030963
15900,-0.3373371869361659
140917,-0.6534655740091218
28030,-0.27102648904488813
212392,-0.5848578551513457
20020,0.4614097619310229
76568,-0.20165436914667545
18626,0.3229921158971898
14184,0.7451948782289302
107503,0.26348127011341127
58911,-0.25097870562748703
27393,-0.24099337843109936
58523,-0.2897818393022984
231580,-0.3467713734058968
71967,0.6500747553848343
66863,-0.37486307568630295
52858,-0.25891957386939346
68198,-0.2662417681797056
18377,0.7291647974262365
93881,0.631861472063556
18227,0.7105036390308506
235626,-0.32518172127800504
11847,0.6492888700196886
64658,0.2040017313064002
70802,-0.7241382185947751
16956,-0.5557960555628645
72429,-0.7649104014217851
319899,0.2765221966677345
54135,-0.6883604035256852
15975,0.5865072693653604
17203,-0.49042297572500004
215474,0.576350010717591
233802,-0.2283451729269359
14294,0.737929121948504
277250,-0.5095030517566421
13122,0.6597512119989477
319263,-0.2948917965392148
68606,-0.22491092016434777
70556,-0.5583328537859895
74610,-0.22977180788581641
217980,0.2449053683319402
68262,-0.1952061664838407
68631,-0.4125902315673713
72535,-0.4361929562841498
320024,-0.38210146785012356
64580,0.627835426670516
110379,-0.20399535554639314
217333,-0.4680536591554292
67767,-0.26029607808957955
68038,-0.5046459451337015
66495,-0.19825476303192602
216148,0.49524427875344657
17713,-0.15704946272918008
67158,-0.6613346656625767
18201,-0.28244592564442605
12237,-0.2855813629678394
677296,0.6540855327555395
57329,0.5989950652416107
65221,0.40488725337025144
19720,-0.2189386415581236
13731,-0.46602464572869984
214547,-0.571337918572393
100952,0.6902111186520958
19671,-0.21553844499383423
13418,-0.244327360437941
328110,-0.4123149728043449
140489,0.64002698399961
228812,-0.4135258831186901
380916,-0.5243188148962208
17751,0.45935972317069584
97287,0.22949065696355753
18645,-0.7380568810052424
56323,-0.5668704087124077
71902,-0.2946091195034395
68137,0.22005276848129451
68133,-0.20603083794538612
269397,-0.5379094654885517
13626,-0.24040216674761972
170439,0.29567336989125614
229584,-0.5484379128218881
66049,-0.27355085290384373
104859,0.430140029083649
30936,-0.4106832065219739
103968,0.4998548388341493
21886,0.3828279635870597
12669,0.6841278019421604
20823,-0.1727044425251396
330470,1.078592347132636
60364,-0.33898078261879583
15183,-0.6064721613900081
83814,-0.4590926712542869
13667,-0.17724532008002392
64143,0.2740296240617539
103724,-0.2936405798259063
75388,0.5939755170062062
241919,-0.7263335076624071
64295,-0.23991893604354253
66587,-0.23991893604354253
73102,0.43882559169536606
73873,-0.5705387839412843
12922,0.7620457981149817
76375,-0.385355679044312
12497,-0.3562329515615943
56805,-0.47932639823727996
107071,-0.2600344001261563
230861,0.295362348175054
68736,-0.4948362445385115
19719,-0.2015181442622218
75406,-0.2270400881032426
77219,-0.43098097084229625
258097,0.9356274349398568
20303,-0.5098683119930199
15208,-0.6066201873193906
67712,0.28277865450094986
224024,-0.7550938666076767
97884,-0.33239536937802505
26938,0.7374205218563987
140580,0.48925251518065416
66866,-0.603133460498281
15458,0.7478658068384405
74691,-0.8250206251055214
93961,0.6363737792406221
213522,0.6428759825691142
72416,-0.288666949188098
109700,1.2493269619254805
68098,-0.24625980662151825
21958,-0.45572080824612193
69590,-0.6943516665762308
56470,-0.2454168639219887
57811,-0.9846733393795346
57261,0.5257725112483609
76282,-0.30829403919018894
19419,-0.2482005732924275
53318,0.5321425893873806
217866,-0.6695701790178354
18646,-0.19626451290299762
13665,-0.1878948463038057
406218,-0.6514224183602266
28019,-0.16134519455200014
72739,-0.155825211070729
24136,0.25376729211579185
72162,-0.31308198998161085
52331,-0.6701332221853944
76376,-0.6050425840867208
12909,-0.14114910738183717
71207,0.26078882633857603
18429,0.7690723280647633
56371,0.4993795766147713
74154,0.7135286999253276
20739,0.5142653130542723
80985,-0.2065953588964664
56532,-0.2287250921553028
71853,-0.24201203025362972
77771,0.5709051731740793
108116,0.20470816617074483
52793,0.6666725774143627
14042,-0.6252692339484529
12854,0.4158983263059701
11444,-0.6033937583271274
228361,-0.24018568776521576
24059,-0.5468430696382756
27008,-0.2578080552998774
26373,-0.5621187020314826
320736,0.828828573725203
270120,1.2280915183602845
19244,0.20068314983598157
17907,0.5230559973842013
71726,-0.5518922336580987
72068,-0.188775478577762
236266,0.5471169684456418
272158,-0.5632435435900565
226265,1.1171932472250354
80914,-0.2330186737889317
67451,-0.6030490919332467
268741,-0.42974173205601573
209737,0.6772776680154751
240174,-0.5455900569888463
24060,-0.6249871117287622
56535,-0.7189706388913164
12609,0.46815356045826206
22644,0.24196390051077543
14611,0.2642512782331998
67709,0.630599509267844
67242,-0.545045897403825
213391,0.35975700703496916
234329,0.615784782546489
243272,-0.34799766083735584
56463,-0.6351828575501575
242864,0.40461684078696525
14670,-0.19825320427759507
18526,0.52145182293705306
208164,0.7001627632670169
77627,-0.6644032143430687
13511,-0.5560271804175216
214469,-0.29883270742981694
94175,0.537486330674013
26423,0.31584498232716385
66945,-0.25809744895653175
73456,0.4582361729545621
74320,-0.3754790410761961
73181,-0.47601057324797313
216344,-0.3652639730131151
74287,0.14456729952663494
242553,0.6031796618899761
14423,0.48604276465608365
19330,-0.3176408453345285
18708,0.349666743195308
68147,-0.2851705017401578
14675,0.3915171476220616
74105,0.2243383374173611
277328,0.576128595063282
67200,-0.20749316971363907
108089,-0.35919408793274155
228829,-0.33752468850266837
20460,0.606263642551994
17181,0.4637124200042857
73173,0.5726440023137651
381678,0.5298729864897558
259106,0.5194696837089814
231507,-0.25851388687853394
66155,-0.1806150647307483
72461,-0.1696544183174833
12309,0.8423092539737875
14163,-0.666301793933779
230837,-0.602901609924916
13014,-0.17912192523687054
52118,-0.5914682972121152
13010,-0.20695275364838217
20660,0.29922384534569524
235623,-0.21116872513518636
106952,0.28560203439517373
259014,0.7434929556663685
74386,-0.316762826374843
241624,0.6590985331556531
16425,-0.8788802973682053
66508,-0.2001258490868274
74412,-0.27969693851829014
69101,-0.4526804026605751
76408,0.4506629178088728
12467,-0.6922832382023634
105651,0.6423983895487901
15203,-0.45483045597028493
329650,0.5005432422163452
76365,-0.8405615556890464
16502,0.5223303135302482
12018,-0.21005539497502923
192120,-0.6059452470489832
433931,-0.4918755511528099
211986,-0.24243747638869095
68142,-0.3258009417141805
101314,-0.1771239917509959
17339,0.5632293482231199
381122,-0.8879940380527884
19714,-0.25733158101348685
26419,0.6766372843377546
100502861,0.42047112210156534
19014,0.17676275374310535
30949,-0.37915846634961614
77929,-0.6101400296317587
234677,-0.8038873397737412
109785,-0.31851071841864975
70297,-0.6583303463001293
320604,-0.6438589075683323
69660,0.2697708884683374
66825,0.70157330584677835
20333,-0.22939704358081414
23830,-0.3599392038089695
20481,0.6120537333636697
231225,-0.361389140118324
20971,-0.5507875294327986
242297,0.45269633434272727
230777,0.7520668428353439
217031,-0.4569186209652747
53379,-0.2216675977023197
20516,-0.5046333436715793
13537,-0.2785059099646503
26432,-0.7094354984362328
106068,0.3058411910819121
67295,0.34293062052774914
17235,0.7710248738637349
13853,0.7284727043063137
16529,-0.6141789382610989
240960,-0.6482163142665707
27999,-0.18751334439988554
15574,-0.5331884785646794
193670,-0.258048714886419
22722,-0.3281138827376706
66385,-0.2553915937337905
387314,0.4496294455955967
19146,0.6810841216727224
228993,-0.3577669049958594
234344,-0.20283684020888693
16779,0.6148051992347474
100169,-0.6766408656438596
22751,-0.3669253345119001
55980,-0.39133190047356337
12177,0.20600410381164913
14370,0.4962790146158427
67465,-0.28426610855762213
68729,0.5144832764149605
384806,-0.5266703748848918
56468,-0.7813382577056966
78937,-0.5081275173431683
59056,0.5962493134437765
11676,-0.2517802590348719
12768,-0.6920766706750099
14236,-0.6186343103038272
11298,0.5479367331279992
52670,0.7351174422452074
114601,-0.2114388450444764
320106,-0.9027731123791733
546038,0.5745551991043665
56744,0.17646008543017722
93737,-0.23935430236944288
18591,-0.3058689759958906
269338,-0.5628498916255786
66163,-0.18459584475277246
18008,0.5764840820965222
13074,0.7638645242754141
16656,-0.8105306738229237
68897,-0.4974955746091059
75099,-0.7524397639585247
546840,-0.49631970621208854
234796,-0.4589096546316407
68731,-0.2655272477727788
58809,-0.5171135054759795
319651,-0.6373007669715314
66961,-0.26063054826716936
20231,0.4523987607356146
15399,-0.472783235287225
209837,0.3034991134439675
50934,0.29017650324898714
243846,0.35144644935682656
12857,-0.1637675460740553
19674,0.42422151588634494
60504,-0.23971988676620448
20463,-0.2195989544389736
13591,0.32779109314854615
66682,-0.24399629653829535
16923,0.2538981909493305
239789,0.5503190880609377
67454,-0.7873580787367036
27215,-0.5043449016057497
17388,0.7936137164462687
208936,0.5945140310483152
71302,-0.5100915168371376
68889,-0.3183647158417129
94220,-0.4169319614815592
116847,0.5076250310176147
13605,-0.4816503898867479
22691,-0.6123621936098043
320118,-0.49077428104354315
240023,0.1899528727998856
269881,0.8032462965301441
259047,0.7474836219908445
68938,0.21071114525179802
207818,-0.2570080452322028
238011,0.48106957645638504
232223,-0.41724691523833624
23900,-0.25298326442726804
320534,0.433181375972465
20758,1.0166776370646882
11602,0.6244110637019142
225997,-0.4861654729323974
14257,0.4576695240117097
72736,-0.3334710764263562
109593,0.7225488191490999
14460,0.21098960041990544
217219,0.6344951357716333
239839,-0.5919724550951795
20649,0.3726895185459673
12355,0.7842652364742237
15904,-0.5723579000222752
54427,0.5630825496421865
28200,-0.39441285461839737
68393,0.6961898317653814
235441,-0.20821054491620927
17969,0.19892740385242114
71156,0.6616584743336427
235132,-0.3479917857368271
71924,-0.5372595981382204
101540,-0.27002139616967646
68212,-0.21968876438937635
58234,0.8705639083565702
18752,0.5605433713519474
67145,-0.22406869025528664
16331,0.2962715761913586
17220,-0.18514199979373025
67103,-0.6719473242043783
230868,0.8242711535941094
67547,-0.6112936776174243
14860,-0.27436254310382147
233919,0.5293380390512654
233406,-0.533565660575043
227929,-0.26005662263606055
56433,-0.23195038714633043
69697,0.36723807326418534
228607,0.23778592792825215
14221,0.701884133853766
223648,-0.5700307669627307
72042,-0.2736651677314903
12916,0.365385613505544
56737,-0.39735607737414735
66989,0.28015925522538687
16539,0.7127273066561202
107435,-0.603319348726294
69926,0.39136188744021716
14339,-0.6035551266575991
240168,-0.23893804280966968
67118,0.23714012458448863
50493,-0.22772277647273853
26415,0.41056499393375834
72141,0.6738661176604737
26896,-0.23813935492250504
67888,0.9005321688003671
330695,0.29248361087858044
68565,-0.19735597512204706
664799,0.5485602122883098
66568,-0.7507516456632928
225160,-0.45437328924603815
77781,-0.40030411056179904
14130,-0.3541645808134213
30054,0.6533280138259032
71843,-0.5500108979313145
19089,-0.2239757312151074
72662,-0.2562394345632564
20472,0.7132066558392154
60532,-0.1580747479030915
104318,-0.3003268055228858
56419,0.458600033218854
66603,-0.4437111985020623
18777,-0.4544124447641318
110751,-0.24296771028796815
230779,0.4792877054335998
67112,-0.5662552853551563
50774,-0.6543869230157009
224224,-0.5498906715299432
76524,-0.5069482345315723
14842,-0.55126130917151
68493,-0.3114318455715539
227720,0.64759343007404
78317,0.21625356234329018
15354,-0.6094618579549431
66218,-0.15418111447272587
93886,0.7470144742225768
108067,-0.4416320856403395
330836,-0.5580286330689246
208518,-0.6269706860012128
56031,-0.4379532892446125
56289,-0.19899985666849318
544806,0.6367338902513229
240514,0.6460421927205022
96957,-0.42857242050753097
71911,-0.21064750691840217
102566,-0.5065722127124594
74015,-0.23699555093047486
19708,-0.2562332363925819
52615,-0.21290076724661056
243548,0.8398199196281482
27387,-0.383671954961736
67296,0.3989255924515067
56298,-0.48205820686159306
19047,-0.24113361750853102
330064,-0.5631529789897423
84506,-0.6328293759968608
30925,-0.25564117287217414
97484,-0.1677563195943943
72399,0.17514078016102452
211499,-0.4280217083611966
231932,-0.21584540037836497
20383,-0.18067512549849418
241113,0.5496151776421829
12488,-0.21899765091508527
212880,-0.33172086053389904
78892,0.60691238962385885
226977,-0.7685379674860497
21453,0.42058434426960645
279499,-0.45799086565079516
57342,0.40549407133756254
110521,0.45631206256350776
109674,0.21646095921980368
57750,-0.4259006125508513
14265,-0.605015091424467
50789,-0.39991644815766225
12481,-0.23032151905071352
76877,0.5410139423018077
21426,-0.5343234257544323
75580,-0.18028626553183535
78913,-0.5409436924556719
15487,0.7526069474824912
54369,-0.23488922213006092
66654,0.26854542596772424
12314,-0.2614179816939437
225187,-0.6241700523899585
13518,-0.5889014099831247
109136,-0.25152017447619635
194401,0.4848515189857219
71690,-0.752925130642772
18933,0.6376833405819045
106347,-0.6534114159476259
30930,-0.26269425261621926
215632,-0.28348921717126796
56349,-0.5668447705405297
74414,-0.26440603967718346
77300,-0.39175594222334986
107328,-0.380403385190883
15959,0.40032190599533646
56214,-0.23483495444643943
76800,-0.32319811572373247
20957,-0.5378674286173251
73293,-0.4960587416275719
77697,-0.46046748241997637
65960,-0.28666423857468804
625249,0.17125152836500845
53419,-0.5797277577284774
56047,-0.7312850263078885
26971,0.42943511664364564
27045,-0.2199357416452603
232560,-0.22159128712221854
66143,-0.41133028858755516
71946,0.4918977824984374
73945,-0.2843005543086079
277939,0.3345383893321472
68556,-0.17919975229332152
53325,0.28791508891901074
546611,-0.7591444724050196
11922,0.6211583744496578
258358,0.434644095108085
12173,0.6805612771574787
16675,-0.8437154803492994
240913,-0.48494938256398834
18091,0.7217742768160464
66102,-0.4653860129008942
64685,-0.19718014096872594
20202,0.3256525841601885
69727,0.56749703274635
76917,-0.6329754149125408
271944,0.6141074263022146
21804,0.2342250566388966
77521,-0.7056939577899755
18260,-0.385121199600035
15163,0.26094266052864157
20917,-0.7154421318711242
232680,0.5275610002779558
67096,-0.5671974398813839
71147,-0.5186036127801241
52589,0.570518904720192
210998,-0.2957217727650967
69837,-0.5940383677646537
56350,-0.2862447737990337
16889,0.23581957347020932
268934,0.5972847950741276
21418,0.6362911463112595
22247,-0.24254496637727208
14696,-0.5391795843653471
259302,0.6250757369085074
320165,0.20969003778032835
170813,-0.50376620883985
54607,-0.6127703301136886
244813,-0.5345696522725807
18976,-0.6412968346177825
109929,-0.22553275005974527
18968,-0.5311404805283937
21787,-0.2520743899940161
68724,-0.2445677792314811
71971,-0.6666372854256748
320139,-0.6520057646003039
20853,-0.5376622838265908
106583,0.6428434347215788
109075,-0.21981877889925627
66257,-0.45150064954615043
240665,-0.4365323422651546
13663,-0.7742663465455566
12753,-0.5959647722142742
70465,-0.29400975815301766
232670,0.28861248299589093
67484,0.5179415870596946
215257,0.763759745790435
230027,0.5796329787942924
23920,-0.2695744698786591
208650,-0.5316674301388469
14027,-0.48981924839215196
20497,0.4906535880450895
74360,-0.3928399370907556
213499,-0.30057187115359785
270906,0.7010501623430159
228859,-0.3125883938061298
330921,0.8492643842039409
192156,0.4127492880554291
118446,0.5145177359199367
93834,0.19689864716840688
624367,0.19689864716840688
77767,0.6704466341912276
69288,0.4161949603191424
231296,0.41309650118305363
230721,0.5075337037838885
18654,0.5491104764854704
228432,0.7120955397497166
380664,-0.4868684119960003
216516,0.5070788764147558
16846,0.2830276589724994
215641,0.6033279994565675
72040,0.6432507275518922
16589,0.21568899552122112
225392,-0.37375276099134247
446101,0.5736627888733983
211484,0.49524312979861307
19084,0.1988290029295765
16646,0.31181997980636034
67526,0.2795876508455315
269389,0.6689567515579995
18163,-0.6335880683125046
229615,0.5754364601602666
142687,-0.6467531724317066
207704,-0.3762972476829525
21881,-0.12715125098160485
106840,-0.4169889767442889
20170,-0.23128221953138883
50523,0.18892208208563765
77669,0.5376641459997336
30946,0.4702221014603527
319776,-0.5336902785252109
20813,-0.20210528014137275
399558,0.5325285671082511
66904,-0.5536944025893096
57753,0.2114390152934167
264895,0.18454447994182566
67781,-0.334443975117507
234365,-0.1310362595927579
67184,-0.1310362595927579
66967,-0.6121873579405435
79263,-0.293141611042544
68379,0.19597927839913787
72098,-0.37802895218756216
270084,0.4674129872917705
66294,-0.3235256506009314
18783,0.3169597763587717
105504,-0.16691974133999565
110197,0.5733704618282776
58178,0.43925023701169863
17687,0.33216952664477706
211652,0.40682361184688975
434756,0.5855530118073653
103268,-0.5584105100692298
12227,-0.23547093877265723
21856,-0.1984250923143076
20778,-0.30745909625942236
75553,-0.15649569489021964
171530,0.5113195086008706
67898,0.14702334035761844
71805,-0.2829307841465969
16195,-0.3821602812991891
54447,-0.4969137023009358
21744,0.6341893082979784
211187,-0.656182288875268
58909,0.46670837751975514
14613,-0.4654496433859139
258281,0.4005884048995014
66140,-0.6161363548782068
259017,-0.5304649231321896
435965,0.6436056832865691
76485,-0.21349693648527968
56471,0.5648346162986018
50785,-0.4904362849592534
59046,-0.6966330739456272
60534,-0.4700542636436209
213409,0.5522598564113266
225523,-0.4882293054064828
27376,0.5333108430419324
15378,0.647045875650992
338403,0.7358373734956833
22589,-0.5552126169284834
26970,0.36024455578824366
13000,0.257363659786761
114229,0.5402876758701796
56534,-0.637278021379196
20480,-0.17304238179517384
16783,-0.18932656182109042
72615,-0.5730235023445127
19182,-0.1666048374466076
74840,-0.20723437312768134
100216533,-0.5476210063298677
80883,0.22470711475397653
227526,0.6319128990080354
69664,0.6491234909380013
94219,0.5227564877124085
26886,0.47855621320669695
52323,-0.49935875297847065
73833,-0.20709967193121592
74143,-0.2557066550951177
67177,-0.2281089267443388
66083,-0.2219951603237833
105439,-0.5645103271194989
20539,0.4541948617220726
21885,0.3327464601906218
12226,-0.30712050917277267
381334,0.85581404359176
74978,-0.5750918336509776
75452,0.3107426571977996
232879,0.3014059480165052
105501,0.31489253336128975
18521,0.14818089101678034
12028,-0.1936558104193793
209003,-0.2174680275652232
258238,-0.46437528236309955
230815,-0.4525253043251789
99929,-0.32233711115558705
56212,0.22340268685287334
71989,-0.32177930378331254
229512,0.16064008289773923
21672,0.18777610569579828
20935,-0.2968536809167315
77055,0.40867622400643366
320091,0.577739833534133
226971,-0.535848812777548
80732,-0.2855902097498939
57256,-0.5860201781234129
211480,-0.688310799430941
73389,-0.21590534025142816
622480,0.5064095485655029
192650,0.522728449461868
68969,-0.19849027157488486
74318,-0.2896447312730075
217843,0.3533913374777633
380918,0.4155010723817707
107686,-0.18659174828691683
246738,0.633563172022555
68626,-0.24326560155840937
319924,-0.6929044109383096
12789,-0.43272778701445613
23885,-0.25141831887177535
216892,-0.3270644826574758
14626,0.6110183644987144
12477,-0.5574110618269561
23837,-0.20539329872121037
240641,-0.5261880628892843
83436,0.20527069197726178
13048,-0.8109216327790727
19245,0.1790690102531176
231803,-0.17909490397217986
210719,0.709126052843577
11568,-1.0236227311502626
210801,0.5356079253855812
210029,-0.4149431620193873
545428,0.45858396941298896
108123,-0.44352298768704657
66590,-0.24985741923162585
100313943,-0.5469423095506398
74081,-0.3793245218663106
16842,-0.23110587296069696
19364,-0.506616511661611
21855,-0.15661183681375057
30951,-0.5218984391763968
330502,-0.30381846805164514
64051,-0.4953978525569678
27428,0.5253873311289441
68472,-0.6494512379672468
16764,-0.5333048459493206
56299,-0.27484093770400886
67445,-0.6180037213721574
13382,-0.3285092177349229
170762,-0.3703213490512631
68980,-0.17143797827542073
20529,0.5130493420260329
637277,0.5937410517515147
18769,-0.21612274053592984
17967,0.4830750584894048
20520,-0.5476045273597752
234094,0.402786025312186
270192,0.5606777090232069
12010,-0.21488776787945696
54170,-0.3078383187851621
21386,-0.6667855252804378
104816,0.5385019976230625
50770,-0.318788746005346
73677,-0.4692772058386594
442829,0.2786885583612584
66399,-0.4912712658680487
69253,-0.6120675909687678
104725,-0.23171873213956395
320981,0.6989173379557494
70823,-0.5128830366027897
226757,0.41880204747755023
66098,-0.27438484108830874
110109,-0.3388417309698646
319520,0.6105235469457249
107448,-0.4846493632164428
56626,-0.18789612031770275
104416,-0.2695395241526075
64293,0.6271082548508957
13426,0.4794297655711457
116870,-0.3950338278958858
77015,-0.576087048324144
11677,-0.23984885582918203
72029,-0.5511767196170103
20262,-0.6805441616193875
19365,-0.29439310702659327
259067,0.7628761483872708
192159,-0.31662017065578496
60510,-0.44547672776739544
21802,-0.2992681651769433
258677,-0.5309337199335395
76687,-0.22159778804734742
18212,-0.2537564437954405
14011,-0.6120598235071055
225849,0.4215594478317666
382793,-0.6980619595093822
18685,-0.39506654682996256
12023,0.7505120412367914
18715,-0.5500229382677917
217337,-0.24724930347394292
67123,0.22564145430768612
208748,0.6063435396615082
98752,-0.3140619376766125
66724,0.4250160359701205
70110,-0.20656836954915114
231912,-0.43358012531793655
68053,-0.5069328109133613
234776,-0.2480066299429513
93876,-0.7351193779453884
56378,-0.136598927537678
19895,-0.4225738872847975
12166,0.5604491839214187
116871,0.32396805389305605
108857,0.24967629541807135
14731,-0.4520263897073251
70796,-0.5433333683823465
66362,-0.4017644418018582
70422,-0.5671224657708369
107305,-0.6333345275554825
328795,-0.22819979774113364
28185,-0.26173260127371023
17755,-0.6532647674272605
209200,0.28696343046748574
16801,-0.30279071103438326
28035,-0.41184210578383595
20927,0.45485824036159883
252870,-0.21180666353291855
14357,0.26873606928196025
73919,-0.5768106860897824
234542,0.5309977146680724
13166,-0.6070272926836915
232414,0.54060373682779606
235631,0.5004839858337071
22385,-0.38984816300803526
13835,-0.32950716624300735
58208,-0.5633359539587923
100502876,0.6423324415252294
237940,-0.21816212873161867
108797,-0.5652843357174318
277463,-0.31510761158301737
381373,0.5979184714915085
67834,-0.2517052274191869
15194,-0.20143673478472301
210376,-0.39293884782855226
381626,0.4231892810475735
66589,-0.12815158807132931
246782,-0.23963971521834182
330096,-0.5784918896697175
73218,-0.1750765734491022
108946,-0.3800598772031094
215387,0.35518472659765976
13666,-0.3506775256886767
68328,0.46646052226641554
78586,0.34314643601634387
102141,-0.5229613029700655
14712,-0.26082940290840106
381107,-0.7412998422097257
245607,-0.719199639986785
104175,-0.2316160685831541
193813,-0.23211711575627447
69134,0.5995455213282099
14663,0.7216102325136715
230904,0.25801679543994993
545291,0.48216412652427243
50849,0.3100048081630007
21781,-0.6288720996171557
244209,0.48330861922632984
11973,-0.16998739771596938
22379,-0.4344384321121293
26457,0.4404845044688006
20613,-0.6775929127220395
238680,-0.8035685128910477
72614,-0.583358352791099
18857,-0.6639448443037965
11781,-0.5626835002041846
75953,0.41365031259127116
70696,0.5018782474853527
66128,-0.17152631426700005
74155,-0.47101405378543326
110648,-0.6195837125582457
13082,0.569344538502186
320817,0.2490567145462368
12683,-0.6941377579766361
26384,-0.2179472793285413
19018,-0.20001791642204125
212398,-0.1909690472142609
225215,-0.3279598359381364
227210,-0.3888934388427776
432572,0.37776119300803046
12304,-0.33335795363147636
668173,-0.4586443101441233
271127,-0.5353368870355353
258756,0.5270235896714395
211936,0.6204530279117106
17919,-0.5755904773314939
66361,-0.4108108268045054
654470,0.25165563784547373
228769,0.3276426267994985
71279,-0.5615583097785981
19376,-0.7132044658406635
244238,0.3105878236986799
20196,0.24897408591396797
68743,-0.4871552436579156
52428,0.4712639885176939
57320,-0.1957523206084577
66151,0.19312650085038996
77980,-0.25872127455776095
269589,-0.19711115569261395
23881,0.38079003997268046
208890,0.32537666150499867
54216,-0.5074913360415949
54445,-0.29047527549319163
268396,-0.508819104233694
12217,0.5797213967364279
15251,0.45156353537530824
11750,-0.16632237462444088
68614,-0.21421227639974738
59036,0.37839000763838015
19266,0.6197442291814399
56644,0.3182766821997465
23924,-0.16639945115959165
216848,-0.24621836978703548
66541,-0.2445942677883277
69207,0.3355316117901683
66196,-0.47078938562217587
170571,0.5561262156831401
212391,0.2536347895565729
68616,-0.5494017596070577
110880,0.45783203124397165
114584,-0.18680858233460107
70799,-0.29151345283602215
103136,0.46761709271096397
74330,0.4442859846551048
12332,0.17418518568524988
73834,-0.17472997146617253
14885,-0.49947557369470985
192166,-0.41334803286318955
69482,-0.2673708405235633
216831,-0.6673895784942432
230379,0.5646484211575205
83885,-0.6323167049798473
78038,-0.5728466648929329
56367,0.344912555940871
78697,-0.29715504724592456
51799,0.3300974088100226
72544,-0.2188307341327036
229279,-0.1933234910912205
14255,-0.4469448791651649
214669,-0.5761806130460005
226352,-0.6059424138897764
14939,-0.4295936476995923
19988,-0.1963570902690126
13132,0.5789443559020091
67224,-0.2541310849873408
105638,-0.44065684343180767
13508,-0.4573708992554786
170644,0.1452300462824443
58867,0.4221943050933179
52898,0.15078221774030176
19109,-0.7084857555612385
103172,-0.1552321823538083
330460,0.6348821093945531
74176,0.6123566775009137
67414,-0.28300204460274614
22341,-0.7004250681513806
15402,-0.34518353453736195
56709,-0.2699728632671965
50887,0.36950518409145783
83993,-0.48411267703216954
78076,0.5371559512610644
208194,-0.5166563379176186
329954,0.6334751798435807
258381,0.5513471693758154
226139,0.3514182044198595
22353,0.6666707130320777
74245,-0.4706985785325024
20587,-0.2330466671363851
242860,-0.4843070489503791
67492,-0.4286530878335837
67803,-0.21405759520536805
209378,-0.5402998601607782
70864,0.4346536019419749
18609,0.5342367563760133
19739,0.39960622441383986
226090,0.26354512820761045
54338,0.5271189611677278
237313,0.5874902457454869
216033,0.5964600384912977
66471,0.45449131504958373
192970,0.3133535685578579
19221,0.49790405136830707
72167,-0.431898206103301
20737,-0.23237032278088066
18416,0.6733642832262645
18595,0.2298759781141868
18610,0.6809630673893272
194952,-0.541535884327593
22720,0.2705755345955758
67758,-0.3854222114544106
19118,-0.6385142575459097
12647,0.6172125441761986
232807,0.1501862465670687
100273,0.25351635654566085
194433,-0.4674412953475402
20604,0.2887084615877109
71206,-0.7874036044207426
16198,0.5872583764023487
21689,0.5619625723693717
50850,0.15172740282287656
23943,-0.24414941107364463
54624,0.20701221532603498
226026,-0.48575118780482995
14246,0.27513663239354713
269788,-0.13627676758200913
67582,-0.4468270620388761
246696,-0.18817876101216768
20264,-0.6521775562145993
13476,-0.2844156509002147
56351,0.14806176518504088
22258,0.24934840926492008
29805,-0.18261334606234314
23928,-0.5010478872773456
12527,0.2155355232960119
114602,0.5436960595202285
94222,-0.5161654678201506
17922,-0.5084935205545049
76809,-0.2069222565832991
13041,-0.22126150531349076
71955,-0.1875450001191794
83435,-0.3422498242616818
12322,-0.40554058724150366
15427,-0.40715504320896256
71998,0.4315247635307875
108155,-0.2859962885638119
208043,0.3048187114095473
240354,-0.33756741179108296
66540,-0.23536998093341133
231287,-0.41423345765517805
224674,-0.4485451969332166
14115,-0.7831403727567521
18330,0.6703822714982564
212508,-0.554211644454246
66335,-0.537191008363588
73732,0.5153485444604957
75586,0.6202835435654084
26897,-0.503913440581413
68159,-0.5695657943803734
170745,0.7378988752661426
212285,0.434961554549961
74450,-0.18665093121189713
217217,0.4733397435058735
244421,0.30040593441609076
226413,0.5800965410961503
53312,0.2071395069553983
231871,-0.2333648490928315
29818,0.23459489689368507
22431,0.3660199371709023
67773,-0.12909298206938224
320145,-0.594562416592967
217325,-0.2474601267532064
242570,-0.30260534086922597
214111,0.5030012503911716
12212,0.5486568774518288
228536,-0.4612053096886024
18541,0.348060266918532
140887,-0.2504434000646514
21946,0.33666067581360437
12803,-0.2973941860153957
12452,-0.38981347186269044
320365,0.22590333761710024
381810,0.5243349805792024
228005,-0.4837370609897329
11352,-0.40911299802232914
27015,-0.350085178328011
75425,-0.2610851817236419
56530,-0.21589427535489492
93728,0.53502545006807
75475,-0.5865502232710433
55925,0.5705776850351425
234700,-0.5623916252209176
216527,-0.23949778779587838
51796,-0.2525191029841096
104362,0.4646766673626743
22099,-0.15766498835012754
110078,0.23448324363494955
71452,-0.29156933344060754
12870,0.6180187169300941
66388,-0.6098552002962334
16426,0.4461191060749834
214424,-0.337069717975929
104681,0.21656002554534837
217166,-0.43975493046306813
76615,-0.5246052090201836
71361,0.43291492230028794
99334,-0.290874982285076
26560,-0.5076481440358993
381379,0.26160168903062875
64706,-0.7304196837174897
319880,-0.34157813808996984
102607,-0.4816701195057478
77963,0.5711230245698973
320635,-0.44947169953741994
110611,0.23916661227209346
17142,0.5248218827523261
13680,-0.4122473160611264
74023,0.5318108923963969
12633,0.1957271279949424
11303,-0.3844652808824618
16668,-0.7708448594454902
22145,0.15081397496930293
230796,0.43382494173522357
57895,-0.2596719604479345
14772,0.6004301530843028
71927,-0.165563976283698
54652,-0.4800054276634045
12145,0.21379658598318585
30957,-0.23666178398878834
75974,-0.22114955222876986
69090,-0.46026289018180133
268482,-0.6267597449507569
12815,-0.6166228683323061
50877,-0.4391524788057648
20028,-0.6206123672567241
140742,0.21094843016183518
241915,-0.36486237204949923
54645,0.20136665099633966
26407,-0.21773975256593836
12785,-0.1979066773295468
17151,0.16481838496800272
56844,-0.15852581156896584
53817,-0.23956868279512733
319195,-0.2139637352353123
22317,0.2503838012952695
78668,0.2503838012952695
268782,0.54719828446422
258606,-0.5721970278869621
226182,-0.6236014491188513
50928,-0.30546715671203817
20616,-0.5290737593841106
30841,-0.21689087387157358
108058,-0.22679664194616933
208943,0.5611312798519066
58217,0.389517591161038
16330,-0.20276111176537448
329502,0.5375536853594824
77031,-0.19142788927444165
13512,0.5101195599960566
107375,-0.4349353554705422
19729,-0.24982408611021079
227700,-0.12447755228489932
67667,-0.2738268251584728
12889,0.5358991344190209
550619,-0.5487704275263292
17450,0.5407070277047485
22419,-0.24545923476327047
258569,0.4828773509118318
216856,-0.6179400490886193
106633,0.5347620167632456
52665,0.7221468437918013
94063,-0.2532389217158144
59029,-0.2912530237989941
22339,-0.7643580663929486
54366,0.4285099442116618
16621,0.6595872292425402
21812,-0.1923009190205729
170790,0.4774052946981415
64297,-0.4478656667925369
218885,-0.6263918806270858
11516,-0.5189271782614915
20185,0.2810762972189842
23917,-0.24624030175218614
231991,-0.2548028194773746
107723,-0.18023317655505977
20218,-0.1929465233789749
74370,-0.20183535003431707
13237,-0.5505250343132375
13012,0.5275586547469233
22173,-0.3762008953293021
383619,-0.29288036615232027
245596,0.46867234912675837
22248,-0.18701917906170706
16545,0.2822890941311824
432478,-0.409836051527674
74182,0.365182631771523
26408,-0.40503915999176243
67288,0.2672978791376268
11977,0.22986445046116444
280635,0.47767303995520827
66932,0.3392055063572492
71753,0.6290712062582697
80860,-0.5370091704065043
69046,0.1361378404538467
14429,0.6907626910741889
101861,-0.26647749651278385
26431,0.25577747640537574
77053,-0.421427881309854
16362,-0.24976345819100843
232370,0.5368740022881591
18393,-0.3427303764835896
23934,0.4468151409752923
192199,-0.6777286608320265
381974,0.9534655877764262
13712,-0.5722213248227574
94216,0.4551142849646701
76302,-0.23809795587119176
26426,-0.1843995325545773
12040,-0.32184529184206134
64113,-0.39869475645996655
319642,0.3743819641735424
72391,0.39513725451470627
213469,0.45581633389839515
207798,0.1569217185466396
11576,-0.14785119147348258
108071,0.41080535554104713
12234,-0.525053146330416
22761,0.29783649407651325
320664,0.5481717449170409
218772,-0.47776007824497
230899,0.2173215299832787
246710,-0.2655537338820526
226525,0.5653224081245409
381917,0.4396502199640393
67974,0.5622547678951344
13430,-0.20764346775419362
232878,-0.4673236196157129
16598,-0.2619354421346767
71916,-0.5304933703886983
213980,-0.5229493514370329
52065,0.20597127489201306
235130,-0.3627636502255118
241296,-0.18622183855965702
67039,-0.2031952053609043
75552,0.34114764337314973
18405,0.5897438542431446
71027,-0.7597546926971477
19213,-0.5937960520847616
20419,-0.5553131314376265
234404,0.32295462614172976
217578,-0.27268131790471006
76856,-0.4695265646095397
67059,-0.16807254421514628
67291,0.27593308233624647
70928,0.4606525079036867
102075,0.7377529599278536
50797,-0.17633851992347438
12616,-0.47189454043019374
74890,0.44065603251977414
58205,-0.3217264462451892
60321,-0.22327758966260802
68193,-0.12485005487767786
66622,-0.19446176515276292
101869,-0.1693826175042652
11447,0.43937775793861933
21333,0.7255282640121266
414084,-0.6219500313036503
320184,-0.3597936517070819
17116,0.49838001149708644
21827,-0.4584862486586827
13560,0.5986659146082118
58175,-0.40495035519184697
59035,0.32184843696945187
19317,0.3504101763930798
18040,-0.8821184459024716
66964,-0.6568121703962948
66084,-0.16142321031192708
76893,-0.4073293904225288
59038,0.6129505421896901
232910,-0.15666366615938543
353170,-0.297478384223683
21821,-0.4616729837121074
12795,-0.5281369711323345
71521,0.42820893960753637
109333,0.26776144872836305
66181,-0.21012602783543777
24086,-0.45670744697599464
67369,-0.5406400535631022
67053,-0.3873345082723496
19225,0.20151686809165126
20807,0.20259544367726168
20416,-0.1656351337821782
102866,-0.49256421776856296
384309,0.18288469168851584
14160,-0.6572751770145429
16658,-0.4602890721445476
50799,-0.4218911626657613
56858,-0.6383797925976853
83428,0.5589529556869808
74549,-0.3088169744908793
83766,-0.6978132209666663
59043,-0.6017263109357227
55991,0.13721729486739953
11831,0.6846069208974521
258371,0.4671820491727994
12607,0.23725172287228524
383435,0.5048907273446934
94179,-0.5097415384511064
225027,-0.24240835537447403
16897,-0.6043161494011131
225579,-0.5319303820468275
66387,0.19514139217645532
66873,0.521275969048451
16872,0.3693446113527319
69672,-0.2740461560552241
353190,-0.4971412788741185
218214,-0.3292448158746337
57757,-0.420096697470961
243371,-0.21869344320434436
320772,-0.4488840032764365
68738,-0.20048291014354547
67529,0.20808295049292447
74334,0.39952040968277913
21942,0.30711766884511604
30938,0.2257963705683821
233079,0.44129183399789706
22380,-0.4832938013030237
14191,0.2972030915835404
17182,-0.5682621634552887
63830,-0.22788584767634212
214766,0.40388689368587327
56048,-0.3393476787556722
494468,-0.4237000870727403
18509,0.46203708486647166
54524,0.25602852065851867
77532,0.40201062252239694
74551,-0.2260347164097123
230801,-0.15978306012574706
19186,-0.14113161078489966
231889,-0.13994452694354287
14617,-0.6687681754661505
242418,-0.4798755658953615
100039596,0.38422636356311424
108072,0.5621358251848143
71310,-0.5893870232066831
217012,0.4957440300867475
16534,-0.15940049295230452
240444,-0.3995892764000559
207952,-0.19782776089426513
76041,-0.3274583777600215
227525,0.20052458055956723
68338,0.41357864747198736
17076,-0.5626640053406531
51902,0.3861101457659011
269523,0.23398706430904426
232232,-0.5333472108422108
210766,0.16163895806720063
19210,-0.1579412403807332
12831,0.3972137770451125
11744,0.23783603476485382
665998,0.4778675585632839
20394,-0.16970234218325508
11727,-0.45806448269696265
18451,-0.29090032582820324
66082,-0.3874592729205135
432611,0.41231429486201154
20878,-0.40566860026479024
26877,0.6982744974128288
20491,-0.1674961258708425
19885,-0.6801034815115878
320747,-0.6801034815115878
20688,-0.3558476186778421
20211,0.526964168906427
68810,0.5867652934480763
228136,0.24539378677993717
73671,0.5476892487547653
17189,-0.7441181457867492
57781,-0.44656732081038086
108011,-0.5030981056827102
56794,-0.3913556823977453
80281,0.4704063868255952
74513,0.5998460692634358
218865,-0.4450091346688483
407823,-0.34594847335440004
14824,0.24830618493755452
77097,-0.3470349432912294
108105,-0.2369023931164378
11838,-0.5456088484556636
278097,0.2168377363575562
84113,-0.32833728523176475
77914,0.6997071295434294
23796,0.4916116951554512
231128,-0.24426199629202472
14787,-0.5186905469239247
74052,0.45346537111400576
19252,0.4560045997101785
241556,0.3001482334427159
72549,-0.5132965275265438
52276,0.4891249662101371
66612,0.19113512434930335
237847,-0.24323480674295705
67026,-0.33709230459538997
17984,0.3440091521696482
258334,-0.5687197404040871
12715,-0.48867060905181026
20965,0.4277657162570696
69707,0.38645984349006834
14654,-0.4755657503843911
258321,-0.6404425005733265
71263,0.5756648644628797
66894,-0.23595522290166038
237860,0.2432001953098215
11843,-0.20451678567496323
18546,-0.5600775795253847
13396,0.7910219419183981
16524,-0.43604730471170017
217837,-0.29173202100782003
69654,-0.19152924531479343
22770,-0.41209046433409835
56399,-0.1923866112472119
56636,-0.4675485477505843
72555,0.39183087052304977
66320,-0.15691643466514726
239133,-0.4044365417812821
101401,-0.4311016348885599
241159,0.41109280940389414
320655,-0.47432450060051146
66911,-0.1878005900943709
54393,-0.5309817969917767
19141,-0.2266598426001476
12162,-0.46453535225663956
14615,0.4024298762381253
74443,0.5157203759242597
78795,-0.8049743765506925
227618,0.6051630517017137
68953,-0.129060491186193
50771,0.28400232144285287
67264,-0.15174726270217853
12842,-0.8250445361463399
66905,-0.16550958988808695
21677,-0.5547285866642602
224129,-0.6360698488108731
56386,-0.13080923527738442
66053,-0.202172442579581
53424,-0.13431647183215567
16432,0.12114611188561675
71909,-0.19495575689218647
16420,0.5714665095683489
75104,0.5509185992405032
24087,-0.49733050716144556
20397,-0.24585048953487387
622117,-0.5133776958465903
20866,0.15182716446513034
57837,-0.2152113782793803
26918,-0.470290963067336
109169,-0.24425347907945216
258930,0.4752486384379546
68194,-0.19350621701364545
100041273,-0.19350621701364545
100042503,-0.19350621701364545
12116,0.483136916075142
21353,0.37900302553057674
223272,-0.6372460438896943
332934,-0.5557078786467544
58240,0.5046539916614297
116872,-0.49956512945951737
100048658,-0.4613566777496745
329727,0.4501269886953079
64945,-0.5108709334944566
223332,0.5244207250888433
229731,-0.2837609076886771
242585,0.4325346700722177
229445,-0.3020330600836143
18439,-0.450538783598347
24055,-0.27266597290308603
74764,0.1344541488329991
264064,-0.2164116126564366
17691,0.4578147079923225
545276,0.7044028096308259
257632,0.45404892421145604
14912,0.6117911341781741
23897,-0.1672830500679563
71699,-0.5415439138452891
73086,-0.5528675156410623
56461,-0.3443630353983309
69550,-0.21990102762526398
258944,0.33604802525839217
75495,0.5223339436139405
19139,0.16536918443033422
73167,-0.25356081421548904
15464,0.4090491982490736
66089,-0.30685976623813005
59032,-0.23085843249630855
71797,0.6764039090301637
18242,-0.3740598355031022
66696,-0.5356153749579362
54122,-0.4913340555296193
12557,-0.3368439333420037
380969,0.5350610589965035
258387,0.4578139248338289
56373,-0.37323730727603976
11440,0.4008188283944998
213541,0.18962682678062137
24105,-0.15625321251709323
668212,0.7281641190066646
384198,-0.5038521295891405
217214,0.5629356605002469
68420,0.1638907928822686
52463,-0.35141172274242916
217316,-0.3190880118609414
20840,0.515352549155681
26429,-0.47159132442026497
68723,0.6566215554417432
56353,0.23425473340893355
628746,0.23425473340893355
19231,-0.18337649880142415
210004,0.4017442610058142
243755,-0.5697127151531558
110196,-0.1690769634039917
231713,-0.591762612514402
18392,0.5642846512226369
13389,-0.6194892049017797
100213,-0.53388205406053
14872,-0.4263206328254894
14369,-0.46142362370168044
70598,-0.6110586065768127
110750,-0.42422361776600237
19353,0.1088647766479447
76252,-0.3551973694588586
330122,-0.4155989134219942
103967,0.441785843411
72759,-0.36134847185054575
218215,0.38855691038906137
320685,-0.5019138223000499
80750,0.38335753340641343
234378,-0.4670654279403079
12389,-0.7503944320125675
170788,0.45861586562832235
18738,-0.19851024946833107
28199,-0.14690819126630394
231798,-0.17660117323866498
329777,-0.44144355716823025
72656,0.3545008000533336
320590,0.5027240249227516
20452,-0.24028595644757544
271005,-0.6839541610103637
78748,0.48519504254884005
56428,-0.11406718985257491
56258,0.22121340257898403
64292,-0.12650159658358184
30805,-0.40961316333409137
26385,-0.1938912069773604
50776,-0.19505690423866184
13641,0.3250351473657238
259100,0.6411548733431793
52552,-0.19817241407730712
232339,-0.34528256788865974
16649,-0.1812598665828773
12622,-0.5676119670850777
52020,-0.602144755471473
67427,-0.12465382746267473
224617,0.5619185862427734
12190,-0.45342309438605266
320938,-0.1972581724057232
21824,-0.5195329651799172
70891,-0.3146964846693656
207521,0.5761321882669792
11551,0.4606533163253923
71778,-0.2326678904055779
67610,0.17104447342439588
331461,-0.5699056015217643
19305,-0.5391719846014098
69802,-0.45389800085389886
269774,0.23587881672200872
56445,-0.34990781244998015
76894,-0.4531969136368206
107975,-0.22180365426105908
110962,0.18100593370994922
11832,0.5643296444209422
226304,0.36506684167288306
22757,-0.1496136648629225
73744,-0.24495620890531988
70122,0.313697915729902
192852,0.5510951685023535
320213,-0.28086774793855795
27055,-0.6877499010966726
19893,-0.500932727922959
11798,-0.2283375600934967
212862,-0.5243316857040101
52064,-0.2719968078380788
101437,-0.1906234794024586
56427,-0.23820719119782474
57385,-0.5202134010541468
216021,0.5040477099145084
239157,0.6629058112370529
102058,0.34162995763581705
72129,-0.39095199338255604
77583,-0.2188227754789729
22724,0.28142012166435393
73178,0.14633189223339027
69226,0.6788838226198455
12267,0.5932062690532556
66256,-0.17755269215545688
12296,-0.5027940368098696
74106,0.36796182137730327
53856,-0.4751310426108102
69401,-0.5421180837822339
226412,0.18243235646306033
242939,-0.3765600152723705
68857,0.4272840900650783
14390,-0.413813564512183
103733,-0.47158687924411513
12659,0.24859075807982745
225362,0.310565854438674
64450,-0.43537828293479386
23879,-0.16788078377673443
75547,0.28867075545376153
16666,0.36047949809803015
327951,-0.3788896913306852
259041,0.34591871072062563
211329,0.5304965039477736
320352,-0.16915779689697708
69834,-0.1497085120374262
107527,0.5383743513989212
213171,-0.4664559155479431
16948,-0.515936268684452
232813,0.5999053292620928
234663,0.3003531829870463
52187,-0.5721593434663199
72898,-0.38920771161435663
212541,0.43573159601976386
14007,-0.17759404374541532
231997,0.3544629832101629
70652,-0.5866231094575407
14805,-0.5333766413349039
17342,0.27247420503569764
20684,0.2929522491392076
100503361,0.5320000886628229
317717,-0.48874926468704283
66586,-0.35099972710406924
234549,0.1536443326997965
20526,0.6996857255403506
57434,-0.615425819500607
76223,-0.4749470374393274
21990,0.12529427226986556
71375,0.12529427226986556
99152,0.165077895999028
21335,-0.2807027575067913
217198,-0.5191810700433486
17768,0.27223199389596253
67418,-0.16096267549017718
29812,-0.13411283701181986
16963,-0.4528163698072696
16155,-0.17922943389785395
68776,-0.21469418995730116
28105,0.38512079695065715
20665,0.34726105390805095
320924,0.6019148100129224
103425,-0.18566833032155472
17171,0.7741127397929919
117158,0.46392696130103594
11769,-0.17058471178086165
14104,0.37808133786650355
56185,0.23550961229871303
71738,-0.5371425286536691
17089,0.5564415146223407
20476,-0.5852510101877879
14693,-0.1804377805068107
503610,-0.17310471400801752
67979,-0.2493363528988617
11605,-0.22631104521676804
68151,-0.3655652740221518
56208,0.296665207106674
20670,0.5509510018403327
28010,0.17374254740180017
16775,-0.7317419421141458
21337,-0.29838574436623233
67379,0.15922491264767658
14080,-0.6669658554053868
13713,-0.21794313211274385
258648,0.44056380699817854
433702,-0.372998858448069
19820,0.4993681216996002
109093,-0.513637750109381
74392,-0.5874309088864829
67470,-0.45414417163220033
12183,0.17611738611086203
58869,-0.3960363964708904
170461,0.47072581123384305
212168,0.5126108437276082
73748,0.4809163744840097
80751,-0.34039330446184657
66514,0.5777848975598903
72795,-0.1198929875116761
71988,0.45154970929542504
13036,-0.22674379022480018
76898,0.6087097466173184
216869,0.14089429640115902
223666,-0.14883274823833936
77305,-0.1622497725437846
67832,-0.213573494253108
17775,0.17298104022992788
235281,0.7107543749849743
353187,-0.40610293686501286
242050,0.5830953570179576
13191,0.18711427456775276
238266,0.5108444434612833
546747,0.6568657107493001
56095,-0.26180260871311756
229593,-0.20023765301599283
24004,0.4692259085280863
20409,-0.13240765319191716
75470,-0.3698469522920558
107895,0.44843962058720077
54167,-0.1621301209129946
229715,-0.5657487524960425
258690,0.4508432185347355
24063,-0.4115610333004849
234076,-0.4274716751296017
14778,0.5764486504880422
235312,0.40439019590299097
12523,0.14953622685513857
240131,0.8698993345309285
67023,-0.18024422681950902
226654,0.3273948999988914
210973,-0.15933613730397056
100503884,0.38445502135947196
209032,0.6390885394291215
214855,0.1533064408950935
14705,-0.26027495861089545
66637,-0.20677447881242106
20969,-0.47772228397954475
269181,0.32209344238571
56878,-0.20350911798376004
83997,0.2130695957216222
68758,-0.1462939672404442
13877,-0.24521172627206056
68652,0.14975167569069825
66570,0.4160400271894851
266632,-0.5260613236437166
109145,-0.13902232171751905
106338,-0.31768670393575515
17082,0.27187753714753793
67971,-0.42230561233715935
71862,-0.2880445605603974
12934,-0.183906851738735
66494,-0.18723377730984048
108655,0.2568949167317349
258990,0.4764136671180417
18970,-0.4455524928506822
239102,0.8691538670013603
328234,0.6292138154474194
53422,0.37328080616558346
244071,0.5158195824510763
19773,-0.45254234822824735
12042,-0.22856245101719708
69543,0.4764238180184659
76500,0.2829292147232918
17119,0.2978297875314233
14859,0.42625843276600506
233107,-0.48476227829755736
17476,0.22210466970331666
54198,0.2136997688630924
20190,-0.47259034526556754
23937,-0.4562950096931164
19358,0.4584330467522326
242702,-0.5228753530685206
11541,0.2729366876022139
70797,-0.44790759001808844
21769,0.20450408558979127
212632,0.3787658117392185
18987,0.2925567650348775
12790,-0.515969683797671
56774,0.4444893621498327
67434,0.48535309955985184
380709,0.3941660938421956
17933,0.5597644089839919
56492,-0.5643483796296271
54354,-0.17397223533930628
83964,-0.5212352962857101
217328,0.4695313643044017
26557,0.48773948219528496
381113,0.40751455142034576
100102,0.4212906902829614
14469,0.2542326905213059
207596,-0.46221662360455973
269344,-0.27787577909701433
574418,-0.27787577909701433
252864,0.47166582555681025
67900,0.47093333492098477
68926,-0.18829060838967493
12465,-0.1574340313556224
13848,-0.20444092099713984
15493,0.35468983828051215
15277,-0.36333641555308027
19775,0.19537975666913177
12931,-0.5838909548580533
108030,0.4887791523149647
228608,0.1754807164191039
269642,-0.45430558655801345
320080,-0.4214518761128252
433700,0.41626503701147843
69263,-0.5098777169646951
268379,0.4799408001932841
64934,-0.3065022742625185
11443,0.49019596237362606
20514,-0.13625129646055179
12408,0.21310399471001773
408193,0.4683219399651515
18245,-0.13529509719461785
73336,0.3404948126002214
21907,-0.5963950556979234
216760,-0.20717759204065267
14680,-0.4081116937326845
217344,0.2555778303775451
15441,-0.16784510411934406
24115,0.417885375416402
20901,-0.29939198926680444
384997,-0.5600568222567235
319565,-0.4159166285779863
57370,0.1577743027307168
11938,-0.44478416418697275
13628,0.41650893619027407
27756,-0.14556339039056354
27103,-0.4789933578661927
225998,0.38176623136835364
11705,-0.7765456245516451
26885,-0.5512211230267239
207425,0.37741387714246244
108017,0.5031500287445319
15930,-0.5552787111270949
71991,-0.3397487584693719
21808,-0.5481283276232478
17470,-0.5638715442145612
22668,0.18104598833132357
231801,-0.2523217270477591
228545,-0.32302053460618474
109052,0.40954468584593284
320234,-0.3166481135123531
217737,-0.1411634204018739
331532,0.5064647935199806
106869,-0.19383137974761944
23922,-0.1835954166421203
110948,0.371931404794295
243813,-0.1924347548823775
58180,0.3582959480236392
22786,0.43506300684224675
66373,-0.21389027520217851
18736,0.3725944070535929
244859,0.5233598954399601
231430,-0.4984830498896713
791364,-0.648608439228723
269695,-0.45351365185932835
100039781,-0.5369495255868255
75477,0.5671013458448706
74769,0.4430615927164938
69286,0.4228200945473368
83945,-0.19464062457510778
214498,-0.23056975738134078
102644,-0.6336869562204059
433180,0.547405506305155
12549,0.4086896003674889
68463,-0.15249348664779028
170657,0.5365846361217299
71836,-0.5022854746438998
15898,-0.4922270878996704
321019,-0.337277863668338
229663,0.15337450556081755
18176,0.15337450556081755
11540,-0.3316361426171168
19226,0.5736853230875463
19099,0.48449087133858004
67997,-0.3314489995026193
60411,0.33909003378137115
74369,0.5121872763233482
50786,0.5046351543521306
214575,0.6246461787861977
97827,-0.49297587692346934
319832,-0.6149814120833654
213603,-0.6615100806927563
67870,-0.42034487955214495
73689,-0.1712092493840789
215445,0.2612683083079519
19272,0.6848430379854147
209012,0.4535502643433684
56784,-0.26037961930080655
170772,-0.27591568580768744
57444,0.1500548507339623
20937,0.5099973190416165
75064,-0.4672387965001654
231863,-0.563703853800178
67446,-0.3487967296905552
244864,0.2731473927809347
171395,0.5432670670943569
26420,-0.32609084470628247
212898,-0.3782709174914167
101471,-0.35666501647848836
56356,-0.15356759510219842
216705,-0.2333989672333061
21678,0.480913729580589
84112,0.7349588099570536
319197,-0.36226485285363363
100087,-0.32936664656836534
26932,-0.38813499019654074
67871,-0.30948031640529194
232798,0.3035643035029656
107746,-0.18437180464288438
432516,-0.44477804530321663
14570,-0.38903467531933966
77371,-0.5009117503881644
214552,0.2559351117602837
207375,-0.3611557282495035
69368,-0.21504063184054445
14425,-0.45330576692591507
229725,-0.16765900936493772
11622,0.23686794789654275
11735,0.43058204701203806
99138,-0.14409604305668822
66174,-0.30754436723207235
19222,0.31070257461513595
15218,-0.5736687978264694
326618,0.1994715541158989
381591,-0.3977656316122511
71085,-0.363004009253419
386750,0.4939244538166774
12591,0.3925433015597104
11787,-0.5325950156284458
320951,-0.1330358112348229
17454,0.20044779079216113
66580,-0.3770703121796526
64339,0.5698710788231427
75329,0.5220893135649427
11945,-0.3985177659772017
231668,-0.6388617614008067
69602,0.4596856450554698
30960,-0.13123886842006982
101631,-0.2895337423505273
93689,-0.4876227395098005
231214,-0.5137411131283414
104369,-0.1321301888293842
67248,-0.1321301888293842
67182,0.21903550646617376
12632,-0.42606874943534034
94332,0.2912147021665774
406217,0.6500500951446289
18003,-0.2295527390617904
15205,-0.37426406039341664
332131,-0.5192797772291389
19881,-0.1959910848243318
66054,-0.20850602493598736
19144,0.5042337113191051
30952,0.568582324004848
258658,0.47405351590373757
117160,0.5200444520764584
54426,-0.4017207383244661
320078,-0.4497841575393742
18602,0.3470035523784354
210274,1.1007219805069344
211896,0.5069702223350143
72194,0.3303528563048914
12970,0.49010121002349294
13011,-0.24389226649522744
22193,-0.28832211988647316
260305,0.4693869957822301
16716,0.37717082151656944
68146,0.2794588706003971
67045,-0.4016050634006394
72993,-0.3833212857288606
64074,0.4243988633231437
66845,-0.1830069379405561
65247,0.39438974366366963
15571,0.6497874099638192
52432,-0.1302574990958707
110115,0.42458690467274174
12862,-0.23942182134406842
52666,-0.5157663936412904
13057,-0.18716977000592827
271036,0.43123281884738773
319734,-0.44914167729328724
98910,-0.4565209984324863
50798,-0.15795858752408165
50780,-0.1504317971849165
67225,-0.194167343549573
69865,0.7466428169765802
14799,0.47207737358498925
17075,-0.5855422183706258
20378,0.53065367184792
246103,0.2420094396533674
70993,-0.4501446899966184
20265,0.5642331024430822
66552,-0.1881728134156475
674895,-0.5365446531773732
27878,-0.4009965227923802
69181,-0.3565187891092343
110639,-0.5674483203635097
67015,-0.38014632765973566
72948,-0.33051120596573513
238726,-0.3920343107095352
67384,-0.3991391000129685
18706,-0.3694160628717613
109552,-0.16965361730544437
13819,0.19618492776305807
54156,0.42560962898000687
195018,-0.3956486840704754
101488,0.5988791603983317
226844,-0.3800111609591621
66884,-0.19310704455867445
20624,-0.23563144119804846
69797,-0.6607053663739237
101497,-0.24156728186257226
54673,0.13978753127918253
276919,-0.4780714688147656
79264,-0.4005778740336092
104582,0.46757072548654843
67605,-0.46059592694969265
233649,0.4486658211163155
71382,-0.42812437163943873
193043,-0.4578873903240366
68509,0.5583519558876686
233204,-0.21253191715797826
52231,0.1438478446908782
72002,-0.16827551696067822
80720,0.4145891656367082
234788,0.47779780039500697
18613,0.153949759319449
74094,-0.39314877868546994
232087,0.15679945092404424
74011,-0.4245480635909402
118453,0.5167504887132242
16494,0.5351483712547287
14612,0.4248122879627063
170676,0.454290293053055
16174,-0.39077355656102775
98238,-0.23990681089228794
12540,-0.19650629652801577
378937,0.38592960919796493
17524,0.2595072437138093
104709,0.15364241638007847
320292,0.18963798026872247
68270,0.28969696294406067
12411,0.3880710669901202
93762,-0.18237486350336596
66090,0.12938628598967483
98386,-0.16882049055517712
68135,-0.1763702305516297
52440,0.28182557228794636
26934,0.2999920288566269
67812,-0.5758535439694916
73301,0.544563165323158
66168,0.21576125371111843
319767,0.3797541751874629
72572,0.49315496030261885
258673,0.4709474791962833
12836,0.3679484569202547
236539,0.21619516102671277
11642,0.5150753896077398
21340,-0.3520267469740226
14843,0.4895147224612191
239790,0.41828480145655345
12154,0.631021766615989
66734,-0.3440729375527978
81898,-0.45076134752282027
17960,0.39422574747175254
17888,0.45569203016207327
14979,-0.16726567104092815
14977,-0.16726567104092815
12286,0.37424771735054385
271209,0.49072706393157217
66977,0.5737639140682065
12835,-0.5604851216453772
234577,0.21981254170006714
212139,0.22045382381238277
219026,-0.33353540528394454
109205,-0.5240788383135233
171170,-0.37009721881647994
226041,0.42778194352264975
333424,0.504556449354089
15424,0.6733656837016948
69870,-0.1423935323207388
208076,-0.3968906072070526
13433,0.31297329388363604
259092,0.4157603910836274
66997,-0.12925352398612233
242274,0.42137825435710763
57249,-0.3579483453918164
22436,0.41836711394274184
11363,-0.5256649517481975
52683,-0.15018880551456526
22779,0.3978361336560736
50794,0.22019333230696247
20479,-0.2319366443829214
19672,-0.15663116996843662
79455,0.5173209762071838
73353,0.5234720358519738
78610,-0.17202492377148815
17135,-0.12950515427652576
12501,-0.1353929332545274
246221,0.24198114623573375
12908,0.3686904584000814
16815,-0.4303764802878751
16773,0.39412795137676593
13669,-0.33612823297845473
232164,-0.37188791409285393
243270,-0.41809565722783626
20609,-0.14941576462269524
93734,-0.6020060503533995
17973,-0.26903692304923954
22417,-0.3878783418515468
20682,-0.2798250047736821
330192,0.16483012255189777
72199,-0.4754668109142992
21813,-0.19909154418948027
100039672,0.5318935690596294
16010,-0.2757032368888579
241158,0.633272745594538
432763,-0.23988703153180246
258155,-0.4079077623223437
23833,-0.21152159871972565
23957,0.6436461169824321
21428,-0.5240942027116162
96875,-0.33890852136249183
26549,-0.4539134895345809
66789,0.5443898309918334
20352,-0.2791096752824753
68828,-0.6389719675983718
19329,0.49222556233925374
268291,0.4839475278715941
11514,0.4764166458821699
68916,-0.15058140125431052
66422,-0.1397486978879936
225638,0.38659989250648863
665700,0.484366557625755
18545,0.30090874699471026
54648,-0.605985267636425
233071,0.4545758589755531
105988,-0.43696200574128863
66916,-0.14406340807339468
14009,0.42465139606318747
21673,-0.40604058747026084
71130,0.27418059910188397
329877,-0.3632775174253462
216131,-0.2878744079599178
67387,-0.2967986324395131
329910,-0.4488458948304661
13204,-0.4998023755770502
210710,0.45259599073650136
100503280,0.45259599073650136
102423,-0.38736306338703663
434204,0.26271302912630023
17330,-0.24070635355982706
93898,0.4978930187240804
14601,0.44026669007159036
56315,0.4460008560350941
11980,0.18350090302696298
228801,0.26009901324895424
78752,-0.4362308407453952
22715,0.18330941822035207
268996,-0.17898524544363248
269209,0.3134037573638704
56291,-0.16074464244272857
66966,-0.17388981438157458
277432,0.46656438271253187
114652,0.46994921667814804
67580,0.43564009267679804
66634,-0.6364194083243397
12805,0.3205855018478365
73647,-0.41997003743135153
102954,0.6770883020637224
74901,0.21573432832297001
109978,-0.2114854234977006
78767,0.4548410373777414
69876,-0.1771495852661964
233537,0.5959738227728977
16511,0.2872293494570668
67951,-0.21437122164628164
67207,-0.3515495234949251
50912,-0.24805230173024917
214505,-0.1177580230283084
20588,-0.3312081764705006
26409,-0.11173834606790045
20022,-0.12617986100117662
241639,0.4044202186690975
12986,0.11997416054473398
72749,0.2198306469225777
108853,-0.27887982908877174
218877,0.37245042749214674
218268,0.41303274306548676
327958,-0.5079953192025339
78267,-0.5045815256725801
269823,-0.41319379553461655
21828,-0.42977408157938424
56045,0.20899719196947153
67345,-0.15368341628437854
14182,-0.2707529592886111
78651,-0.18126779697765727
54218,-0.18223977534429636
19339,-0.2021751038167583
67516,-0.3218088125084817
26913,0.5562865391703182
319622,0.27015448733824243
20912,-0.26206477920246485
54616,0.1564817850593787
12891,-0.4840177042880227
11992,-0.25409603212504095
77987,-0.1844636619560447
27059,-0.6016741810845483
231872,-0.13105694543125423
77891,-0.19584640431230405
100088,-0.3393141993692854
243911,-0.4424656641551743
213783,0.4372892953674876
225030,0.4996958151936486
20358,-0.38880367052543363
258601,0.5161727522940915
192231,0.14548020615072765
17756,0.43359302777984077
223773,-0.20233076502043446
107766,-0.2206241086302061
232943,0.3769251965743159
19009,-0.5464078994038513
268980,0.3236146910757336
13123,0.3975766925432369
54364,-0.4658313742292428
72155,-0.5079708801494967
108124,0.15842701198553755
19051,-0.4028462535422661
231646,-0.5762189043872965
70804,-0.6407300893615826
16184,-0.29960109535194857
104444,0.2521578843284402
70771,0.40225286495710133
50720,0.33337786173108785
18576,-0.2417643687258959
11668,0.1770534181978789
320092,0.1770534181978789
73360,-0.6020976943543497
14711,0.39965058826506716
207495,-0.20191440583654874
78174,-1.1639219189482812
67073,0.23617936306773224
100072,0.45522253064135265
321007,0.45869927470124594
14479,0.22114309293510104
258710,0.54072213969808125
66706,-0.4722625917379011
68957,-0.42495355830440573
75659,0.43814955916971643
226115,0.4807630210865699
74580,0.4928627212660128
17217,-0.1661529735724443
15460,-0.4107984746900799
77352,-0.33832349888199964
15209,-0.3522068730330039
18431,0.3849210647427479
52705,-0.3005296610140311
54721,-0.33889704651036734
18232,0.5732325258286686
12675,-0.18102277890451113
100042498,0.32874824903533284
380928,-0.42354878842870125
69638,0.25774068720188925
69663,-0.46710521514838454
243983,-0.31079735074641146
65945,-0.5157114918828567
236848,-0.27631494739607465
72772,-0.17673057419647265
18806,-0.4701541402618332
17916,0.22237439734047726
140859,-0.18195801870478778
56642,-0.37616205054584295
231103,-0.6082180206142604
104831,0.21889066744812702
74568,0.4070331475111093
66585,-0.25228090580374474
30800,0.5293893693939657
225651,-0.32091371975473315
56335,-0.16024477628042
19766,-0.2356884208217087
257884,0.3762043741275929
67141,-0.4844186881488364
17161,-0.3463844752457592
107702,-0.15504246430747948
76411,-0.5044427834271592
208439,0.3479286890681692
71914,0.18800021571846415
17444,0.2836908577974544
72084,-0.1539337299300616
224139,-0.1499756837258257
20320,0.1782746598773901
208638,-0.10801769823767948
635702,0.42797283658463225
333654,-0.4164958920106887
381644,-0.19916480658847657
26987,-0.13076214788674712
98758,-0.17789503202730472
101187,-0.3534385836609415
78772,0.47034254969176814
72469,-0.41454165464726955
114143,0.13585755007707334
57319,-0.21347379574013026
23827,-0.4266650357276829
12156,0.3038006566581011
74180,-0.4195733725672426
74841,-0.18552513371225032
81906,-0.49364516052952334
76551,-0.4762204468112685
72393,0.43162279014371663
432442,0.44626472651546045
66384,-0.16084068203027613
70701,-0.4778013161389598
207785,-0.4238557895773303
229672,-0.4580195335154089
227619,-0.1586941265375419
228061,-0.16738955049337
13004,0.375101433140526
108670,-0.31464923848934756
213326,-0.5040070604591467
17752,0.344676070694665
105239,-0.3280920169078847
20606,0.46044618578248464
26424,0.3646820507200381
73274,0.22923023858500535
12029,-0.3848325790933238
72778,0.4407573685276702
15403,0.4655885799936712
329244,0.5587306015176252
27054,-0.15468145375569264
226982,0.4341256036233254
71816,0.33264517556753326
192170,-0.1827037893086736
19075,-0.30890673404840463
229302,0.43095663254362027
12593,-0.34445703246730996
68279,-0.2241678935854221
72267,0.1862288861794834
23999,-0.1555788243638272
55943,-0.1865930861962113
67382,0.27044438426419415
244650,-0.5677817419159865
71732,-0.19017463375241306
94043,-0.3307025022464112
21943,-0.45515150174549257
70892,-0.38337480116194644
320027,-0.5256200904409858
19697,-0.19234565034801854
170720,0.37968167743645154
208144,-0.32089658125787235
235416,0.22757382260046555
268656,-0.4644201374226027
16558,-0.423490584273142
72480,-0.36367728796190413
78656,-0.5572885271729602
226180,0.2171176033519231
83490,-0.27564915746541363
20306,0.3277113592438252
68051,-0.10825907129871482
106618,-0.3726440956148256
211578,0.46344492258715775
69387,-0.47067400372443746
20274,-0.42338279613963614
381695,-0.325251197730938
68527,-0.5445817767352117
76295,-0.4182734590339541
170771,0.4374257695563859
74108,-0.5837520511186529
14588,0.289599504899261
74438,-0.4068731666401666
216080,0.53726228726042
381802,-0.4614807257108877
30941,-0.2927198318350701
209448,0.4999758674857788
12572,-0.3319999176992816
14008,0.42107223806531024
15377,-0.39987561336108524
217847,0.43412355237505196
74142,-0.16866565180023407
75782,0.41665620794223024
76130,0.18043095874830062
15159,0.12324227133645671
73649,-0.5356244630547451
74203,-0.31526845814215676
75985,-0.27184640573203467
223691,-0.1438468503207222
14089,-0.45393177398632023
243168,0.33726521152582123
258896,-0.38489110134507243
227933,0.4066260212087687
215919,0.5288960165375176
16987,-0.44678468619092726
68854,-0.3194202305767364
93880,-0.3510636811014942
11778,-0.23525386650027258
142682,0.3983660399064224
78928,0.22790026786263873
257985,0.45062786531637355
544749,0.45062786531637355
68612,0.23209590297541105
238880,0.6961977196433429
330483,0.2726557588184635
60533,-0.4107334178385278
224093,-0.3744234996931084
66870,-0.13583471857372764
22637,-0.1669393798774923
22153,-0.20641120593981732
218035,-0.2154667530507277
215008,-0.5139697925253919
72074,0.47542494525875956
383563,-0.24462653157525338
320595,0.24149084033812684
20405,-0.1501345904585687
110876,0.453749088579281
270118,-0.4579067151985967
69724,-0.12131351228809883
109032,-0.21377188551606174
30962,-0.5816410115935211
64099,-0.22619920343383448
74766,-0.32092992140542886
21355,-0.17193911651800242
12491,0.3757953897074451
383348,-0.3315036895972501
231130,-0.2045143319213274
14056,-0.39120110025802113
330485,-0.3597198784884834
67922,0.17719280839199492
18518,-0.21028418612901056
66498,-0.13646439958295886
68079,-0.16869162249772174
14683,0.15322833076495002
231470,0.40979359555329387
104721,-0.14618621921448316
319701,0.4006938922253993
74577,-0.31038210108031716
13557,-0.5078432031849189
76793,-0.40152343028482473
225115,0.31459751819170734
54197,-0.13004321115827722
170442,0.40341055974339257
75607,-0.4597320550044106
29808,-0.27865948487197834
12741,0.527701141824334
208213,-0.5792596977232107
252875,-0.48265949388181006
258487,0.4273630941761293
12867,-0.1601259353778488
17191,-0.12901038056628344
258296,0.4652343411749338
11556,0.40492737331297235
19345,-0.16623626388185642
60527,-0.34071552751562617
244701,0.4484882004436965
73314,-0.6494002870504647
238024,0.33608009636119984
214254,-0.27420618716429246
66199,-0.1412677292495932
234366,0.18002320349026313
22325,-0.4387861939392179
12918,0.42848613255802137
71078,0.4378864882030724
21974,-0.19677928364915864
100040591,-0.4943179605756445
109232,-0.406262349841775
232345,0.4499840793970513
329324,0.530998155765964
97064,-0.4633961351069802
271981,-0.5217954247935586
67784,0.18242723206233968
232875,-0.40422132648749454
30959,0.685980564138843
244281,0.37182528903020273
66233,-0.1738729983816807
67471,0.24534392924474702
14563,0.5107150109938745
110855,0.33169777320478566
116732,-0.370953798213423
75507,-0.3460408106591437
29806,-0.12421224257492547
73094,-0.41065709108045034
207607,0.4334560533004419
13421,0.33226433820594536
66816,-0.5150391449504852
230500,-0.35613885542975776
14167,0.16667174430441412
54188,0.12574772600515338
380701,0.32842683195422007
27057,0.13199039755887476
258819,-0.44445311225781303
12361,0.23173073242478548
211651,0.47393062209825665
18764,-0.4058590436121814
72201,-0.4834912700211884
22764,-0.4197601377902185
230770,-0.40321465506584175
14547,-0.12402321352631951
226243,0.28271811329957686
29867,0.34734606371636545
19822,0.23408935106723927
68943,0.20126706308285414
328329,0.29087540626806874
66614,-0.14220044483590222
259034,-0.784224879633336
237253,-0.4367137010418065
20980,0.4978407695878886
20441,-0.2443106491561684
11883,-0.19293490165655314
234740,0.3601861361153782
243537,0.2998755677838578
110834,0.42798431198849274
26611,-0.45727434480115914
231503,-0.4345448247922623
20317,-0.5502664652147677
27222,-0.5547755513172246
72265,-0.21882207170023626
108937,0.19077178432103814
239554,-0.32773754882467454
73991,-0.3622696004976005
109880,0.1759180630555477
233977,-0.5215089227256469
67955,-0.15450995481816143
20259,0.4603392174536789
211401,0.30934786177152684
74570,-0.30994540528760695
114644,0.5227503016358517
20787,0.4422798297256305
217666,0.3482139897983769
93840,0.3840156941915893
15566,0.3970491373701104
51786,0.2238035179250133
19324,-0.2351848940832646
66995,-0.3009417090819424
211978,-0.44350413212580175
319554,-0.31563275092244947
53619,-0.26160905455242034
78830,-0.5159940875167983
228796,0.2963831509774346
26931,-0.14527822660719814
24017,-0.23757269992877106
353346,-0.4089923391991439
381213,0.4916032813516087
109857,0.3889860590664478
14234,0.4944372226829361
226562,-0.3641607825828279
244668,-0.23658396563328488
20403,-0.14347445326629327
211949,0.4475290227957469
269941,-0.13768327648070766
14600,0.5407531837802
67495,0.15319798906313498
14399,-0.5174933704040994
74486,0.34917133100250286
93690,-0.3368201919396503
100763,-0.3578445600242208
72654,-0.09811522575732745
65967,-0.19648534015823138
239852,0.6060299975608463
13075,0.3261964988453654
12229,0.14171624997597476
18530,-0.3512952916950547
209760,0.38576650650079936
72107,-0.43383141881646026
19951,-0.11459464777706252
12777,0.3473446175379449
70616,-0.17518788545090835
23854,-0.22052163491342647
381677,-0.43679317185912403
407831,-0.5127992350035218
215456,-0.6349833032204337
11666,0.36089186699691567
18803,-0.14982152045142882
56643,0.6440534001216651
102334,-0.43012631460999984
237038,0.490415654448916
76281,0.12130369369556959
15492,0.4188484469667557
22249,-0.43024015241086033
194219,0.5129418173038891
76826,-0.4303824299924113
72023,-0.16264240291224752
56395,-0.4310380276011596
70466,0.4618380060460341
634731,0.30949552201104336
116748,-0.13488223443916958
17702,0.33954450694296145
269514,-0.6584824828204283
269356,-0.41918079514510964
71707,-0.4580046149967476
68510,0.18255320429041966
16785,-0.12114172733223505
69922,-0.22054487299552328
14865,-0.5109373233916887
12490,-0.3138518133945025
83962,-0.13829544725501997
22762,0.39919486223371514
67821,0.4719562786630611
109791,0.2731616473119747
330953,0.5274966325583921
109270,0.1290058666177405
16597,0.38502627696865055
233328,0.2067564919287479
13383,0.3367288751253348
70363,-0.35745157693604357
107769,-0.12963056529453176
12049,0.4900237634761315
21991,-0.14129880769364966
12181,0.1529984732421923
53858,-0.38592610667194815
58207,0.2942965106168227
17898,-0.6780636891212657
330401,0.34028783812617025
170677,0.6800594143488601
20466,-0.5111890783702018
80976,-0.21617483636208767
17846,-0.18923060924693047
211134,-0.44001906917036315
80891,0.32949205315549257
52040,-0.35325108739820976
19283,0.442524688223529
14738,0.20834471429002832
23945,-0.4219231789572664
239273,-0.3334044119353541
11920,0.2165838187903244
83703,-0.38790428906909025
76294,0.5690857873745006
11923,0.5351224383214555
20686,0.2651243704208861
11702,0.129149377469977
16562,-0.20944823672279078
20977,0.19732112130218837
22190,-0.19204726961045182
252838,-0.3554531097228244
56735,0.6691079932868096
68265,-0.3585359873462073
547049,-0.3585359873462073
12921,0.2652310747379687
22229,0.1831825037534287
320460,-0.5763520690226835
215449,-0.15132361643707526
20975,-0.3836800515146832
12336,0.10994055880734699
67487,-0.1590158996088018
12289,0.4419782403536834
225861,0.2815995189184619
69469,0.49948464313046337
68481,-0.44706478013515927
20910,-0.47866996795926475
109731,-0.38061910351750905
16516,0.3548114801817901
100503041,0.5030623209783363
72949,-0.5524059490983353
19290,-0.24634983614841488
16873,-0.38416583981574615
18293,0.21225754273904762
57754,0.43092105169081263
28126,-0.202862448925746
67220,-0.16706067616543763
26920,-0.20995200526838964
83555,0.28075372529425247
382985,-0.3915071805191186
83669,-0.24705699605726572
71599,0.34714857028028323
67880,-0.20872943845436254
211712,-0.43118668794368986
244631,-0.5260039012976909
78444,0.3685331394795641
16891,-0.3576179808760176
76080,0.1412831910976653
209488,-0.30689994493476025
56305,-0.328831441283306
72482,-0.13077309936959658
231858,0.43517608953880327
404316,-0.40277647998515587
93843,0.3107305645500187
107586,-0.167958616881684
108052,-0.1729014732546048
12764,0.39241888944144065
64209,-0.1742009630075234
74039,0.20036355909306458
11733,0.48937941730067003
17690,0.27339678716665716
64818,-0.3272944299292888
19087,0.4360840329754856
14664,0.35672174732502704
329384,-0.3815263253610617
81000,0.24941768303878398
23942,-0.1580042387331151
20851,-0.16637153547289252
18322,0.5017580363197784
330189,0.23002211409656148
272009,-0.3850116749852104
21927,-0.2498022289447306
382571,0.2998347883179022
98415,0.1692637727299342
235283,-0.2783797192448443
192652,0.12754638442322808
21752,0.4068818387451598
70354,-0.40910388973013134
56363,0.4807919723061973
78523,-0.1585601950941129
11636,-0.2510372124753326
17999,0.21170828198345681
140703,-0.26422716191344975
71268,0.29009221582245015
50765,-0.3850091245045313
68895,0.5001813265593009
240283,-0.3446556564196124
56436,-0.13241333472200445
20612,0.24987672602941302
170441,-0.41228522599615847
19268,-0.507137033871059
13852,0.18552636578546533
14268,-0.35127997993864213
18716,0.42706811308833625
218624,-0.3620108067331822
404317,0.35143768177341217
215051,-0.5636746700893536
12807,-0.21487578016825015
170768,0.13714068779813182
319638,-0.1948686289715882
21847,-0.24772916904501852
233878,-0.22700347125905473
20592,0.6069577771965653
243328,-0.2667963171535863
108660,-0.10108483468144236
210293,0.1985082133368099
12288,0.41350535730901905
258302,-0.40284631958718586
68033,0.11490143586432389
228140,-0.3524377602998783
320806,0.15011590402062147
56480,-0.4061093155526221
75869,-0.1407595060605269
231002,-0.1777462767287492
231003,-0.1777462767287492
22390,0.43148938991064423
53320,0.31943557745777795
76454,-0.23141830366781058
73251,-0.1344214810261608
66797,0.41033580339953923
30044,0.32074546946432125
68080,-0.31785265921314565
77042,0.5246522457298042
107260,-0.19715124648635562
72649,-0.31840512106274144
22359,-0.34261695397527303
239743,-0.16620793694425906
19193,-0.43605224989145874
73466,0.38961922798602533
76614,-0.14848193234823093
268902,0.35898967674156124
20257,-0.4766915732323529
67902,-0.3669312852303124
58227,0.41616993938813174
22034,-0.34297991038043474
104010,-0.4231249140858697
56264,-0.38216527143318224
22414,0.35850492773181486
100042785,0.3929377496403781
11694,0.3854583732797403
70155,0.20205589655072131
243362,0.37044892271992946
114640,0.451357021602278
208440,-0.47945065304657764
192169,-0.17298796787160065
75770,-0.41817569035826185
60613,0.2214395731893628
19132,-0.4561380584166872
11502,-0.20182035963375533
11364,-0.14918318383725548
218630,0.5340910053799162
14804,0.4633848336774071
17025,0.2588497313152658
26946,0.47024796305659544
28240,0.46904579058822726
29815,-0.23701215518994534
72568,-0.3039988001920877
217700,0.4493706487881237
71371,0.19031688848740203
259051,-0.46193635298751223
20899,-0.368127121193762
22410,0.35785360274195543
56221,0.502504188473222
18771,-0.40838285876189495
55935,-0.3783011215177332
237362,-0.3648429719257589
215728,-0.368848323075849
16523,-0.39882513950963006
225929,-0.24757895181647882
69807,-0.2963467847137746
234967,0.27480692420886665
214922,0.4472263849350222
235661,-0.4707142216570208
66645,-0.43212519751669465
381269,0.5258751893726537
243771,-0.45618297863349255
72137,0.43926917854909764
209446,0.12423245899804236
78611,-0.18282981322730496
27973,-0.11142116552161063
56096,0.48706972744778065
245944,0.13229210463234153
20316,0.11419315502693195
56365,-0.4222181218674521
78925,-0.42688234528468927
12905,-0.33722187233956014
12649,0.32544049379181406
76653,-0.42820625717319416
270091,0.328419749878222
57278,-0.42494876789470215
215748,-0.3918070174695121
26564,0.5771253169906778
53859,-0.14731273739775297
16508,-0.44893336635030945
72003,-0.39340737359556677
56615,-0.2608841695739912
68947,0.4690577992030329
80986,0.35168296337584604
21912,-0.5805692993242597
18760,-0.43139661619752623
16180,0.3628216949347367
14715,0.8342662961635976
67070,-0.12978299665349446
108687,-0.31944495121793537
242711,0.6789016014519813
16774,0.3213112088770105
68276,-0.4188111694053882
72293,0.15633525245562296
83796,-0.15025748805181038
66642,-0.12213524311156654
19165,0.1293590250098351
404222,0.3817490579947105
116848,0.288932750021333
338367,0.34958900183212194
12569,-0.32609097648033636
76355,0.36366821169281316
213948,0.8620639251104887
213236,0.22621619870905185
18352,-0.46302568172450886
20503,0.6195124510824561
84585,0.25109701768315773
270672,-0.5635331143436204
20517,-0.27698650648374823
11736,-0.4174830709297952
242235,0.44357610245120105
17347,-0.121549677916855
258424,0.4804438939089368
75291,-0.4359461946492482
18158,0.40843006590946995
66489,-0.09052382530497916
26378,-0.2466232844323173
244198,0.40622865634403027
75617,-0.35316520241581006
76742,0.15876709575283066
330627,0.3734566656590701
78330,-0.12309963593733819
668110,0.35983148613356697
56327,-0.25322537423129976
67865,0.1272584839606754
66594,-0.1455839570071511
75568,0.44904162127269176
75669,-0.20700655243146038
72404,-0.45588274795080697
16492,-0.24141073737160745
268880,-0.37734681483047616
16165,0.39892347053703103
67966,-0.45396018001893346
27220,0.42859485011797727
19094,0.20582999119949896
68972,0.16537818785312375
22065,0.42513210236733956
22271,-0.3070528339052041
64050,-0.3715831537422982
240119,-0.3598517800822827
71781,-0.3634692294224493
105193,-0.3000148640493743
66595,0.3533874657733538
13390,-0.4631858378159417
18189,0.5165265789213551
67154,0.1311211620573154
12053,-0.14296979072834048
68404,-0.366850417241829
259058,-0.4804705420519322
11987,0.17837487000188545
14176,0.37207341829354235
12841,-0.3959929773882518
18619,0.40295099433433457
81630,-0.4502846422333091
67381,-0.22396212812589233
14934,0.41663991915598864
74132,-0.1240569035259913
100910,-0.3329194607911745
12163,0.21866920416272073
78796,0.36118699924538955
16559,0.2415497277968086
98660,-0.3971459856425126
50501,0.7614708370041692
14169,0.46354505097121645
74239,-0.17955182273178139
17001,0.44733018513116996
66917,-0.1450613553886697
27052,-0.36329691208628745
67868,-0.3458250579842508
68533,-0.4288537107531196
68865,-0.3119224120067843
75560,-0.19581848694158843
230738,-0.28603046527613163
244885,0.3110421560534071
327987,-0.37964743674356516
67944,-0.500945599439437
75690,0.3697531337568494
238205,0.39544197409750526
94061,-0.22274288624111183
20855,0.306657732051407
14815,0.13882026932594727
320752,0.6825250499636644
382113,-0.534779174229091
22682,-0.1757372551557559
77045,-0.35175158725711775
216781,0.29500658176011196
16834,-0.11494514529282718
18313,-0.38173817005142485
117589,0.18736863586386932
330723,-0.38808124810118594
19175,-0.15435749587196312
70060,0.4272749990279574
353211,0.41447533525035807
70325,-0.4834741401795615
11767,-0.17062110341874082
12385,0.1628409682369334
13603,-0.32400696816727326
103889,-0.36971202367561284
18291,0.43901774904020874
380698,0.5004061759841703
80744,0.5909512749028423
258717,0.40837065793310323
71472,-0.16599491460807236
19279,0.46644301929194487
209212,-0.3008116628260975
56041,-0.1793580497111602
494504,0.4064686479560269
17386,0.43844786822391457
270163,0.40808338468850547
381038,-0.261313059463987
19291,0.12292772971295207
70846,0.4356864924052237
18797,-0.3637779299214232
192113,0.3467974271719605
64010,-0.25699342811370585
54343,0.23440651753094066
13038,-0.45295906305222466
246727,0.35871490440151277
53599,-0.14677778333164326
268591,0.4565622582953246
75456,-0.5535047619312836
232341,0.2090147354053542
67155,-0.39821060112935847
20354,-0.18006725664667833
229055,-0.33605451074134773
56085,0.1797823586243794
66272,-0.15714241392334927
70572,-0.27957005784542766
104015,-0.1470924147811683
56771,-0.46024141467704816
18973,0.32370480698217907
71313,-0.3215032567969027
11305,-0.33797221670603683
107652,-0.2612154775806106
170656,-0.4202759835600456
21761,-0.11197999779719936
627352,-0.11197999779719936
67993,0.3491720460191341
20445,0.6332444089140559
227485,-0.3669395462698599
13070,0.3784206337162992
71492,-0.4466720092363001
272381,-0.49368855426463076
73582,-0.4340955487252005
230126,-0.4158822919046008
19046,-0.1311802745795827
18205,0.4302420994913989
66510,-0.13528981260358997
218543,0.2346504845773154
68737,-0.204856845965681
320299,-0.523638749951095
56030,-0.18503750551348475
18793,0.19215688627100747
14396,0.6978915485254173
232664,0.3428851798320305
194309,0.3669560966250671
107250,-0.47149474546170467
16582,-0.3842042002843664
107239,-0.25931801195750204
231151,-0.40403408345700687
66473,0.35653544280360805
26949,-0.35275286754803936
30954,-0.18641987276740402
12013,0.16130349054332704
67629,-0.37444517399451716
69554,-0.16723864509291975
68925,-0.2223232507720141
235533,-0.32909432780147085
64008,0.3302234403640094
100986,-0.17784854983327314
70235,-0.20446089408351664
18639,-0.3967581709555965
23834,0.3140278725261756
72552,-0.3219105019043358
75753,0.27715780305457294
11814,0.253519287395803
108153,0.3762598780466768
73373,-0.37765068801352175
71729,0.2574835405916387
623503,0.3460076944345607
109342,-0.3136469580731136
103583,-0.13487520800751618
245532,0.3140649584974131
20359,0.4140956481172662
192119,-0.16513506402116906
208628,0.3646001224766007
242838,0.4058710272562722
24113,-0.3018341544137524
110835,0.348317153307951
71735,-0.18839254693669716
12425,-0.4149502282838351
396184,0.3126422843963246
17993,-0.13772070597079633
64384,0.13954579208424356
54402,0.31475960508154444
16175,0.30437699192473655
15980,-0.15249749523267475
69309,-0.4761768802477393
12374,-0.34177912717321446
12775,-0.17947915449805585
68427,-0.3348482967934361
21948,-0.30321063865062836
100504446,0.4302300616967827
57773,-0.16008606087135213
20318,-0.11846272349224307
74451,-0.0959057203660123
14679,-0.10851474249963644
16765,-0.3257727619136723
11924,0.36701567835735904
103406,-0.5461613720124401
14531,0.3941476216170421
67739,0.13231208392558358
56347,-0.17035873389541756
14238,0.486683912867536
18164,0.41367930126716335
71709,-0.33352169383326213
53601,-0.35661099146333175
52808,0.1787681237979326
11637,-0.1424192267561999
17766,-0.17425139130405842
666060,0.4214151550259757
105446,-0.33639448860546395
574402,-0.375260012982201
225288,-0.560004647735469
21947,0.3751943834631333
107817,0.1838008558624713
66052,-0.1294971570078136
77938,-0.1886007649028798
76980,0.33857874812712385
73893,-0.33809469160247296
74006,-0.11892297192705747
50911,-0.18523579492917008
18167,0.4238081009648278
57912,-0.11638304223123441
218440,0.4485961055729
17022,-0.5553743768015873
66153,-0.33574477856727203
214230,0.6318442795882255
320718,-0.3461277310147759
243634,-0.6137427141577034
53378,0.17472602620106414
56863,0.21869508716194552
19664,0.19710677204964444
77065,-0.3700576617424929
14137,0.3867051753595794
73940,0.3657604037744542
12740,0.6592812896125753
76571,-0.47634395854423506
66223,-0.37236107315929967
225182,-0.2480738174454462
51897,0.12315568864938697
105083,-0.15039080591272835
17129,-0.1710093783659925
237759,-0.39128332331941884
68152,0.22685081069352897
12954,0.2806336370973197
16564,-0.34068865299789586
12517,-0.16843561677999475
106143,-0.1598264021553355
68770,0.12166522517825129
72750,0.12229915832521776
17164,0.10130424015545714
280662,-0.5786083636689585
103149,0.3224044898258409
226169,0.30190133111406503
258713,-0.4197112037417612
11898,-0.2648197872665339
12894,-0.19405467767220053
20277,-0.30023654933693145
246198,0.1269322970985307
217149,0.1269322970985307
17880,-0.44871206410334885
237625,0.3978278814930718
270097,0.45900060628444583
215061,0.4587297914680346
20166,0.19362617452870623
11836,-0.14408600490911816
230789,0.16591850210619086
353328,0.2914018535420171
103850,-0.1644098370004503
58522,-0.5387430858978544
20392,0.31580841759963363
17391,0.5000537264124336
235442,0.09780291922692719
69902,-0.18764054768419491
23992,-0.3105431956608795
101142,-0.3994988230443539
216011,-0.29750696962466616
15461,-0.16415801754292758
70573,-0.320055221568607
329972,0.38981262085561585
381077,0.35342817064826093
72112,0.4408396197356592
231670,-0.4197360681520994
225467,-0.38207798785924485
20664,0.2971521439200506
67634,0.3696980044287823
72043,-0.516098994366244
14661,-0.13200369927848143
269643,0.4395728640612031
54634,-0.432973070209727
12143,-0.3802870128985125
66500,-0.23887817483546758
319317,0.32802433320622626
239319,0.1539016596033349
70640,0.4223451260171167
67848,0.1811275200867435
269152,0.4404358771571437
76899,-0.2872655622022666
77593,-0.2292371626246208
99349,-0.16662533049151929
50917,0.19540498903752201
330267,-0.3584488560236978
433099,0.26788937741865215
29810,0.20170360974319124
70417,0.4100356195792627
70772,0.4227095078354477
67143,-0.15697601098374214
20979,-0.4145193969575187
23954,-0.3799682678923366
319822,-0.28162105586966835
18972,-0.4742085522110413
50927,-0.18660218710693854
269113,-0.15880501125512225
22758,-0.2862362145621846
433619,0.4641100294298601
52024,0.37436136405666165
76089,-0.31788409871037526
237615,-0.22909186274343085
233904,-0.2670691371722782
18477,-0.13321332243953776
16513,0.28667428590617483
59093,-0.39164078638590905
19335,0.3836398290170786
77577,-0.44326765392712986
14387,-0.18389236300191847
17932,0.40643066576665676
66985,-0.11458149501217463
212670,0.18707573657256127
237730,0.4171573172469163
76916,-0.346974117342544
94246,-0.3510555709694154
210146,-0.4330156328187176
72151,-0.09533403656923412
66684,0.42986144748794697
207592,-0.255015176570903
14451,0.37436597570716224
68303,-0.4949536483541772
75221,-0.1074039073154367
66715,-0.5788192835385217
19192,0.29653966352930183
237091,-0.28668794634133743
29858,-0.1718547817601106
77799,-0.24475965246612663
11758,0.11266567643730063
67724,-0.36245309522904634
18166,0.34889208313963715
68939,-0.5564172748977794
170770,0.14572530845623888
11870,0.32346581585142875
259113,0.32376091030101684
68294,-0.16471996555202395
111173,0.22212165537579232
12971,0.3373397027964664
22333,0.11107343380295731
74716,0.35458167154411724
114604,0.579411693394019
66892,-0.31663310487718643
69379,0.3005127429914305
18016,-0.1524077775464967
11845,-0.17662531118962832
100504183,0.3167319390434229
18971,0.16605609572336277
20300,0.1734854893308997
108013,-0.2502655781468395
628100,0.24046207402627395
100042784,-0.31019592925779715
208922,0.3410604885565842
230828,0.4638049809560112
212127,-0.33280810416481454
13139,-0.21626458523844505
239556,0.22108646227680318
17136,0.2586211910999303
30045,-0.15144373559251623
230700,-0.1713005083210568
258016,-0.4258258599277527
15926,-0.3353696312735863
271970,-0.3574059063223154
16578,0.2889338587509265
19159,-0.24406980122437183
69259,-0.4933702143267267
56348,-0.26690964026375497
319757,-0.37111954442891815
435811,-0.32689293087217397
13063,-0.1300854390709727
15395,-0.5177005168964239
65103,0.2003615875812308
67568,0.3309028851941065
72780,0.5795046822557648
223978,0.1532920568226217
66290,-0.13702607528195898
18312,-0.4952847313932045
66147,0.10898129673705448
269254,-0.19105523144516745
14621,0.4189317471048195
21938,-0.33632751888887125
11545,-0.19544364476851506
11704,-0.4459262160185036
76768,0.3773521394265398
74694,-0.42327609480124817
21400,0.36730066598171796
228787,-0.2943534585561105
110006,-0.12302846593346395
51801,-0.16329546632967507
23956,0.2496976893811409
20418,0.30980042728637924
22242,-0.4739682216666976
211660,-0.524988678738664
105859,0.35900805120510704
20501,0.21631890691499844
15239,-0.15548259686779886
27418,-0.32529283060577097
12927,0.3137189423904596
109820,0.4822418116653222
71233,0.4173032541351427
74424,0.41367613183440577
15182,-0.16073880411037322
57869,-0.3157253614407036
110593,0.31951549833528503
239126,-0.5252678282394636
70356,-0.11139383750441745
55982,0.33805223017686536
19896,-0.124867408324139
53322,-0.25058371588944617
18741,-0.34777557931230474
21770,-0.28391386944354036
18648,-0.1456399364969343
380713,0.3967053305159056
387510,-0.4567833787078692
71893,-0.3453658303468732
52830,-0.1322459653887087
21825,0.15836392954178358
13599,0.37205794629779954
20389,0.34696135890817104
75627,-0.3542469356240412
142980,0.38529256356920794
327956,0.3527072400532387
20256,-0.3983514655295659
56187,-0.3741936144658782
63986,-0.13677291363771005
66549,-0.10945084883243972
70012,-0.28001150639033767
239985,0.16685507188722504
15376,-0.3227964484035155
19698,-0.14048009950333729
20167,0.35272561166372096
258153,-0.4766958073703398
83434,0.40531516086269637
17128,-0.12318250511898299
66923,0.1799684080255357
13172,-0.3606232390717219
14933,-0.31949963901313794
12054,0.35743338037448247
27368,0.35743338037448247
81006,0.3795012067814012
214048,-0.2001284565240713
79464,-0.12595753362875506
28000,-0.19317797774007772
277010,-0.24902758017447724
12589,-0.4593781257450509
77579,0.5639973597563976
19229,0.14940887654240598
15204,0.5523843329235056
433375,0.11480950396493483
170749,-0.18111040644970622
230735,-0.4368119339496852
71752,-0.1836204035664597
226025,-0.29562220177741727
545030,0.1886249576042296
109161,-0.26772227289646633
58186,0.2334986348886101
72433,0.3476688325757413
66124,0.2811915223165453
19340,-0.2949872729898093
215418,-0.14652913142931645
74102,0.36926262867779247
12022,-0.35744916269789195
73327,-0.3175840260293077
140571,0.33398663153723085
14069,0.45517196416637473
12902,0.1611520151000967
51938,0.5430624118061456
623474,-0.37673443139966434
18263,-0.1244030461292347
18766,0.4231755453478456
78455,-0.22442903042017548
217379,0.19160042911133246
226564,0.39228134139257564
242523,-0.34378417777943415
102791,-0.3357087612346241
20815,-0.3534009987787776
320995,-0.44009196609306356
14378,-0.3964598282596419
27056,-0.16480542485542315
18341,0.36778876657413706
17196,-0.16853082342384873
70026,0.18077597658676225
14166,0.4089542402564552
68058,-0.15670230806496477
110920,-0.3322078788774476
330554,0.23739040509489895
320355,0.429695356747545
19743,0.34274651026759084
109904,-0.3038243287438984
319448,-0.31791416460383903
54384,-0.4409021649238145
207683,0.47353550604782946
94213,0.23466551378343503
16822,0.1917957587617769
667918,0.2744093118910147
56787,-0.43669047035408504
17433,0.28599756420705624
12160,-0.33729029082680917
72322,-0.1588098790428507
74237,-0.3801753910581551
14084,-0.15541090071711317
22408,0.23440945248399991
13684,-0.30186278123969323
80385,-0.17090567509660026
106582,-0.1151387295137205
56233,-0.18438503400381556
68642,0.16547717202262735
77626,-0.2437793245226061
18935,0.46805695649688994
99681,-0.43839492676476555
69178,-0.1146013623560318
14748,0.13153836872434344
18226,0.11268767726517837
53602,-0.18001683633425003
20204,0.3997672183779488
329908,-0.3404829865316614
629059,0.3577239696427834
27096,-0.1225072846844224
94044,-0.18244501051572648
19736,-0.4232542581715899
231583,-0.3807941853408412
70428,0.1691658811566441
76709,0.13047340359235804
72318,-0.14522086502261544
18286,-0.29640095874971184
68092,0.2873828991464178
209630,0.349949280174382
109135,0.24282598658942156
71597,-0.5032555709731898
12331,0.1187534118372966
12810,0.4851565525904147
12561,-0.32882842401378376
67938,-0.11483757896717428
239114,0.4872861437122262
55978,0.19006696948585322
18861,-0.24804553914775074
50775,-0.2838550857009521
108069,-0.2987320070890753
66412,0.34142308675417343
224619,-0.13526219716176335
11409,-0.43678301387379825
432508,0.19865403684852634
13521,-0.37474940163392123
114714,-0.19776153697807608
252876,0.1810450671407544
72077,0.3787608151638988
18101,-0.39597886377234204
69412,-0.39597886377234204
68801,-0.19667940030722697
56696,-0.12953235498515703
72313,-0.1954102478245634
70317,-0.30227277388480545
209011,-0.17231822227940263
230709,-0.20786745134274476
227696,-0.1241237099238468
71929,-0.16026869282644896
15375,0.41289601956882116
209645,-0.259745178074378
94229,0.2900215200144789
240816,-0.35677368993463254
14870,-0.09015616466986387
18997,-0.4281031894307512
66091,-0.07543889739194576
59091,0.411396425759734
140488,-0.23022636437211474
100561,-0.1538074727965597
66230,-0.12965974835978678
212483,-0.12604047178981226
68344,0.33183033611344737
72562,0.33512332070183604
18053,0.14626460076006254
14607,-0.33347085674020516
70021,0.3611903459814294
23908,-0.3444875587702487
11859,-0.2983197132766082
233065,-0.16511912501483472
19090,-0.24288926699778912
71619,0.44848184662832136
78308,-0.10073800864573101
26895,-0.2584407368898809
69541,0.36153777804316345
59288,-0.16281882853956908
20522,0.355223787113351
22634,0.213039633889184
18969,-0.3737190035858968
18432,-0.12189593607870464
67199,-0.19653176478842305
69601,-0.15109032790503196
66629,-0.11830632115717066
170721,-0.38405001654283
22323,-0.10399987781039144
116810,0.4929316192537141
20689,0.42170698965085496
73162,0.21097130723657376
108148,0.10562806031222749
22778,-0.2547080964204813
17219,-0.13504738455148235
18113,-0.3452310029879113
72323,-0.2669336838736136
258656,0.36342720961694575
20610,0.18666937615084933
20564,-0.47317886105868645
21957,-0.29978558077519946
11614,0.20564686068477078
230612,-0.37930674598377756
11757,-0.13068203373956955
60345,-0.36188204722840345
14457,-0.3063381653974693
12006,-0.3803236153943459
232801,0.35467925731421523
20353,-0.171478246157875
67477,-0.3705668139115543
18749,0.12867956118428125
242362,-0.35613909054386905
13642,0.3598339856031072
66336,0.3528372138491278
76808,0.4656867370711475
382137,-0.2105678154334667
19341,-0.23837712316557802
50490,0.33035279262532313
11604,-0.4506605075845753
216846,-0.3115438447606298
13838,-0.4128705077745298
16976,-0.29218700019267896
57276,-0.24182584814995778
223827,-0.1273442894611776
629754,-0.3584137321841543
19769,-0.10308776299402211
213311,0.44035510949245316
17966,0.2555887128388825
271844,0.3693846425375602
97086,-0.4093230092650204
17144,0.5041641741490248
60594,0.33238609350421466
20618,0.35936862961108584
319974,-0.3184855761551333
66878,0.172248400924099
20981,0.44070858839556326
77318,0.31650243242851017
18631,-0.1514575264223339
66882,-0.08467215363462621
404346,-0.3354697463452805
226098,-0.36488863735150234
666704,0.1258433690875158
66307,-0.3702787951732738
217869,0.15047061949758067
229214,-0.3641320331603284
80898,-0.34684062077990063
103199,-0.11194744698869386
56792,0.22663709344394967
69339,-0.361085732611766
223775,-0.28673796028422416
56404,0.16977567072805133
12966,-0.40694247177367693
11609,-0.3883289310093616
74914,-0.5227665106504027
68845,-0.10035745077331626
216974,0.3417357531680594
16147,0.38447313090021895
54123,0.3171770100331255
235527,0.47202190953825607
76072,-0.3719689926620915
243369,-0.2839383923735226
68971,0.35671777118789816
240427,-0.37007441922272033
83679,-0.15231773748333133
67457,-0.15563468119627544
18024,-0.18922813032902575
58866,0.37127008937139827
93790,0.12009681294227192
432486,-0.25331681971595454
56720,0.34088262650641
268663,0.2457941474000176
18740,-0.3864448074938722
93670,-0.4115422728620137
74998,0.3629852007315586
56361,-0.3734099121314083
665891,-0.3814441961306354
74197,-0.2932270854657455
74342,0.34987535027732886
65972,0.15001706202498788
57875,-0.4696565423463994
78593,-0.42997524475304427
272027,-0.2482063302601203
56747,0.40043337898066866
13447,-0.3459091899379967
67493,-0.20471101165162864
244562,0.3191673635891661
70086,0.2642231337289731
106504,0.1189436798816974
75619,-0.5727436227247327
18858,0.1827718465971202
18628,0.39115190317456516
107656,0.24675727708201212
209224,-0.16914929286208213
170731,-0.15646546502930203
258914,0.48707283123970013
621628,-0.3621885771332214
13363,-0.23492171110648918
217705,-0.337611612207398
330914,0.3632575137830192
19045,-0.12781833108778606
12816,0.49123895475072654
11429,0.11073848774225858
14544,0.127611675013938
13177,-0.11669850383952785
230935,-0.16001277799169422
17079,-0.3352752613989747
11975,0.14611833621355252
78878,0.4032258129019519
16371,0.303925767083264
245450,-0.4165790487339578
12961,-0.4353352261499217
68196,0.10641708310390108
235435,0.20964452172770276
333789,0.21107570328736713
227325,-0.31084443237705983
13007,0.10368239936333445
109637,-0.3577045542925523
107587,0.35139407386568156
67935,0.3699148872521083
235584,-0.1667716169210225
319758,-0.3692283136339469
16852,-0.13779574774401837
217682,0.3276248404075375
384071,0.32286971308608337
213989,0.32286971308608337
55934,0.15757983579564616
23925,0.32184372928747607
233276,0.3595613634274324
21385,-0.3116092907330028
353236,0.43582689442890743
225518,-0.32502013335375013
74569,0.18312401210017093
18310,-0.31676250483317947
23947,-0.3349330718598096
227292,0.09038897208545293
237310,-0.43693618609249274
224907,-0.15487142525524789
75196,0.2809998141539518
70314,-0.15949088904598518
207259,-0.3841722871778517
13142,-0.45032386088644394
13047,0.21417066321971845
56726,0.12506278933270032
192986,-0.1788911272858309
101994,-0.2748450729289811
70827,0.29648778911869655
213081,-0.41306476843635
73062,-0.14302651544739398
333315,0.44006651656670215
217558,0.24796709364352232
239739,-0.17330961798298894
66211,0.4151976510108155
12780,0.44246609514257695
217734,0.39868897476797294
14186,-0.48953370158743503
102414,-0.13508457240696714
259019,-0.32692017297439335
22201,0.14910977846271933
270166,-0.32739495697627774
432839,0.24454414923301293
56699,0.1210176075239282
20495,-0.22446098685893467
269682,-0.16575633743300422
67041,0.1085375110444815
320404,-0.2687581175993623
268973,-0.3738045126027334
110542,-0.3496661272884056
15361,-0.10768643553569923
54725,-0.3002539684437542
73016,-0.35917766479131874
14065,-0.39677040132262587
71458,0.12856816117720093
69137,-0.3358525016621945
26563,0.28429830244676335
16418,-0.12428906707366316
75019,-0.3369568042001143
20741,0.34801700745761543
216874,-0.13556399363863925
76497,-0.09904826580989123
11737,-0.1694527524221403
338417,0.2542855548745768
654824,-0.18653173990293315
67933,-0.29778197086876723
94060,0.3305004499139419
18081,0.10702518867335975
74190,0.34735261685981556
241769,0.3382006544065428
170826,-0.3766607614756321
171285,-0.29244113017717055
22326,-0.3926806051832381
83453,-0.3559152392788998
114889,0.3098492098914698
16211,0.1450243209251436
386611,-0.30826289351532443
232313,-0.22129738814997957
71091,0.218608851651366
11477,-0.31177309472598136
338352,0.3927169390286469
268510,0.2207017466669292
20112,-0.19445570537856938
381059,-0.19445570537856938
77889,0.122163757982646
57441,-0.43722124539825025
22775,-0.34276044087911206
320679,0.3972463431200439
17237,-0.18716063016486117
77772,0.3923418068597786
214531,-0.3861962197008797
241263,-0.3257267563166497
100502841,-0.2807638004442685
258749,0.27684315326761233
73144,-0.3665399646932368
12537,-0.10449512169907216
269180,-0.38247197500599306
259002,0.3248859049928341
329064,0.348942132560345
68592,0.19403480570467302
18682,-0.392080099019541
209131,0.17717348137155486
19263,-0.33373331339495227
229320,0.5235454589720181
18553,0.3187792119983248
56018,-0.2724880483579497
270086,-0.1846713580203332
66011,0.3624415265822418
18389,-0.19599003138946802
381924,0.4258436394850271
72119,0.5293048024536509
14744,-0.15663635930339126
12396,-0.21203859692780203
378425,0.3441118070504654
227631,-0.36992429919427927
320271,0.3823010107825944
230674,0.12595946491377497
217026,-0.3647198559408542
74191,0.3137006672184519
69700,-0.40437135514447053
68519,-0.3789253527412928
75668,-0.31234131567822576
17882,-0.5043522851180251
74254,-0.35640248709208144
66352,-0.25491725403785015
50722,0.22770353163943913
232717,-0.15476809920737633
71900,-0.20611669693392365
12209,-0.4011015525123369
98956,-0.1869642346375633
76884,-0.16065203997837152
17441,-0.21025409470497358
30785,0.22709907839715493
19878,0.19289865462625855
26942,0.31460784870052727
234384,-0.27900316101529476
18131,0.39858127676918853
78321,-0.1379472428289903
20518,0.3245969990866935
14388,0.2843807193819572
57780,0.3546621724906469
67917,-0.3354805533213234
231602,0.3636137794969887
270627,0.1622842931897015
237353,-0.3599764360311317
211770,-0.26544151668378824
381493,0.2750719498193104
128900018,0.2750719498193104
224055,0.21381588738245227
21387,0.38226823760135265
20656,-0.11566392147662619
407800,-0.4195222574728672
66660,-0.15986435495975826
268739,-0.40669829907939326
66930,0.3195590036113374
242125,0.4244740501884894
22269,0.3305853844659632
11931,-0.12278420599251127
239188,-0.31357288644175974
15929,-0.09384696571710727
12579,0.3031536542317186
217835,-0.30968760531916484
66505,-0.1808203165753266
12048,0.14904023221070695
19387,0.12986592896379712
19660,0.3664655477361798
94212,0.4423034121318725
16816,-0.3453707848862564
19179,-0.10123239969437847
14366,-0.47129486457277814
75540,-0.3243800783145083
11428,0.2552412502111219
12492,-0.3024140332928784
18782,-0.23004161460651495
109245,-0.24035927353631958
66998,-0.10657486239136915
83558,-0.3304669690363209
71994,-0.1340432562065672
24044,0.09652357785437715
67016,-0.2803537344968934
57376,-0.1011123155328093
226641,-0.32017480782395147
11682,0.3798891477499744
103694,-0.2197211165018187
20510,0.1678097576618165
69710,0.177335443830561
330660,0.118628341001072
214384,0.3460540240329477
22295,0.4057271356958352
241989,0.22722590043044288
240899,0.3239488658487515
50528,0.3063461324989145
67630,0.32985972656673646
68119,-0.2759419302335875
210554,0.3826437429299512
228662,0.36243381650962103
72585,0.32374686779537987
218739,0.2612908249544028
231637,-0.35599910954624825
70078,-0.31173769785185446
240025,0.37006050260504875
67896,-0.48908545403461723
67072,-0.2594823525824177
19725,0.3566345940799671
16980,-0.4863489591965302
58244,-0.28652346183674027
240332,0.45123456573895293
18799,-0.5276316786763502
319200,0.2503661765932783
21411,-0.1227736672136821
114301,0.3702003188620262
331487,-0.3488400563362797
114893,0.2571048551292048
70405,-0.30500937904094894
12974,-0.14527342335795446
214158,-0.4544595281166055
246277,-0.4294599393562857
72832,0.5315479410732098
268933,-0.1844092160361157
12955,-0.20504521544750887
69694,-0.40398651345849856
18193,-0.15591885185479448
192656,-0.31351351466409394
53890,-0.1732669644176692
71766,-0.11231672883306487
12995,-0.11051891767483824
21357,-0.09056394804381185
78670,-0.2717022863252856
229474,0.3264225130783247
12578,0.302440051080926
15901,-0.2534435808555733
108907,0.2732208213286018
53356,-0.11706075748487521
68352,0.33870503057138013
71951,-0.3883535441667192
69574,0.47758629924796203
18552,-0.2442453258845836
20356,0.48575239388885283
258575,0.47037101651771396
16326,0.26272272547659803
17536,0.3335339912440469
30933,-0.18009101291996998
18128,0.4092574424907527
71254,-0.33292813674131505
109095,0.273655312045463
77407,0.10075257286457351
227693,-0.1398484708294685
330188,-0.3226245151268188
67097,-0.09687668748400213
66407,-0.10225046206523558
11815,0.3919826764888139
50914,-0.29947004793169585
53330,0.15438630486188654
71687,0.3080128917290481
12794,0.17279624034009178
73754,-0.3282948469035931
102920,-0.3362639611241125
67619,-0.32093357638634235
57265,0.38930102542294387
20810,-0.17676760199377028
52004,0.10888216955142127
382066,-0.27159200424826757
594844,-0.42129523775773503
71718,-0.12801840660659547
227394,-0.31801837580055636
236904,-0.32244207513424605
16450,-0.40978056041935673
109620,0.39059170059435555
67391,0.10695421972517316
234582,-0.15790781380512975
67393,-0.18501997645490498
74131,-0.14470227238351185
268297,-0.15282392832981628
238217,0.6055822809150477
66109,0.10664602596568074
330908,-0.30294072482706547
13356,-0.14999087007629086
12307,-0.37002330132651906
17152,0.29784442900526686
23958,0.2816441467069497
387285,0.3751050327021477
80721,0.32869602564934075
241612,-0.7443575983723498
16535,-0.3839731878723791
320394,-0.36937737852705865
14652,0.23956452973073095
16402,-0.28300580913325124
13590,-0.4149898821272946
76740,-0.1799146082229548
58188,0.2911199162286655
19417,0.30354876133352615
268515,0.4405726375538155
18798,-0.29081372367868674
50876,-0.41936038460590197
67976,-0.14786036420968784
58860,-0.3171461570533083
246709,0.2292525414566544
26362,-0.36473306526450067
232286,0.12300934668131713
260302,-0.15892092648885026
18744,-0.12504215755727977
15388,0.22828167162538637
11966,-0.30689908396033694
98366,0.16015791707805604
66329,-0.1499098439044797
76441,-0.3992672865277873
72205,0.13442088473318847
216835,-0.37297339612617275
216860,0.10801648619827198
15381,-0.1308937554481986
327799,-0.3520862379959966
18390,-0.14334244257167228
22063,0.30611702524846063
15394,0.41458912489153343
66175,0.22392254447938154
19072,0.11395142610735753
66142,-0.11736850592565773
68260,-0.34488649953770434
11650,0.31880030608690557
227099,-0.3905520833571554
16798,0.3400650651304309
224671,0.20695567517150693
74711,-0.3037869622967255
60406,-0.29942121083170736
69163,-0.2445993534124904
12380,-0.1450491233439415
215512,0.23560994982264738
69195,0.31045703950379533
16404,0.27812731921384515
328365,0.1669707639687399
19649,0.333421510667101
20443,0.2919473514031239
14628,-0.08634332781787002
66141,0.1448378904215506
17764,-0.28193894670537745
69693,-0.30285510441896113
67300,0.07797390529307968
23832,-0.4062946276870263
58212,0.3685375709034302
18223,-0.4381138798266182
71338,-0.3953519670795327
69519,-0.2729040804773577
20850,-0.14755809162019595
320267,0.3299410966111971
20482,-0.09901594525122981
67655,-0.1649160783797754
72007,-0.29566004061268547
76572,0.27294347219787296
12235,-0.15698915088081478
53332,-0.13837599759612118
268345,0.2932137051473527
209478,-0.13011800443752009
104082,0.36226019516193464
628779,-0.3659454792165824
171469,0.26607103634311535
56447,0.09774026990038287
70853,-0.3039974604225959
20288,-0.3665845875471536
56322,-0.3256749770487417
217265,0.3389052086926281
69077,0.10684741764471184
67040,-0.16673455533142878
432628,-0.1168469253373523
29817,-0.3316851472913349
16391,-0.13749562738674292
83395,-0.2541437703364533
71950,0.2540039983800906
381293,-0.36908177193894876
20908,-0.3645609792188562
195236,-0.24831857277453118
21407,-0.35821369991405616
353130,0.33044685094393333
81905,0.29968156192106843
16661,-0.3444939170010528
73738,-0.2909525145228189
217232,0.28847330886017986
226594,-0.1471609977811994
12387,-0.1762086815601105
17970,0.2595122466039044
70881,0.390367927628799
27360,-0.17646207303709893
319207,-0.27175855024201123
269252,-0.37344297027977813
66437,0.08353160956897909
11941,-0.35050522814703644
68089,-0.11682780861409725
71854,0.34378085507703204
225326,-0.13595256741424055
64177,0.4255138317621423
214240,0.440210192906239
271144,0.4356685982828101
24051,-0.31661081923319845
320472,-0.37175371230389853
80285,-0.11822185828255272
268860,-0.336824123614444
74229,-0.27639812694607047
17906,0.39818340496894855
13840,0.33147852653227927
21835,0.38987349059762
237877,-0.31207559274030405
75767,0.24899096035963986
546726,-0.33755301009803773
70103,0.12074678004852046
19130,-0.3698666705251106
223915,0.29895137988152243
14623,-0.29663368423771175
68070,0.3347090480634707
192167,-0.4018150145360706
103711,0.1789276056459279
244049,-0.15663544458524026
69737,0.26448699200047354
17877,-0.1922747296540872
19250,-0.2989379939513004
268445,-0.10667211276352973
67151,-0.14632073632744724
13206,-0.42338324391791193
29859,0.34822184929580313
21960,0.45604505928442496
16337,0.2910714952223685
17300,-0.2713744890544252
18426,0.3805063490673435
14149,-0.09450380750491227
12311,-0.2859933659680207
233979,-0.26446731763643694
67095,-0.5094590350750394
72308,-0.2106027190196711
12447,-0.31318359109493343
69824,-0.2531092105327444
269378,-0.393627080013796
18458,0.15523737755014366
381246,-0.4213932608878821
213012,-0.36942403788172573
330963,-0.3234866731208146
11634,-0.40609995321266634
217304,0.18887834360179667
23821,-0.40174179912386077
12914,-0.10461086973528921
225659,0.24723774936848297
208836,-0.2923188260849159
14673,-0.22788413286126286
22232,-0.3366958583461539
71623,-0.1694416342668701
215194,-0.13879185692194795
11479,-0.32543330331840803
71913,-0.1860139275379371
93897,0.37330725937988696
19679,0.16126949761449083
244585,-0.31238170796348097
64602,-0.33265881433049227
212190,0.2221252148744508
192164,0.24776446556304954
66848,-0.2768018107731711
67498,0.4028832609436037
245847,-0.10207996745739045
20846,-0.38240439924542713
101533,0.2918231644282816
258572,-0.333856767229074
665775,0.31479700458111504
93765,-0.26470151519110274
216643,-0.25756309577035896
227197,-0.11733711173559236
94223,-0.28012436748242653
320484,0.1324842458399118
16594,-0.13936949864162784
258218,0.31096392907345427
21674,-0.31357064952785496
16199,0.3366737860735922
14081,0.21691760678695715
71481,0.3647156625522996
21987,-0.27408615355832566
76263,0.1206470953058636
13448,-0.1263583494432634
14806,-0.31161634835820173
19224,0.18035668233070545
76784,0.0891717772901135
320127,0.34012196399611216
19288,0.4301086207036051
320923,0.29581820886487886
67790,0.42173144609322577
11658,0.15500065366273397
66205,-0.29025609853227863
80908,-0.281095496348188
225152,-0.3781278994058823
93686,0.460827950067074
433899,0.24249921282656572
98845,-0.38294649612954945
78833,-0.10293106742513025
270066,0.2003430607364276
257910,0.3630823348223702
20637,0.08988642609078745
30927,-0.3227923118891387
224705,-0.11613349856945376
93871,-0.24710245415007304
66860,-0.4898956321378414
22327,0.2120897094381089
216543,-0.12854861316320765
320111,0.2820911538432451
77782,-0.28408241218923713
13813,0.18600133384489403
68107,0.2514514016306455
210009,-0.29674133991909013
53878,-0.2853134849466583
52668,0.16187540364588493
16196,-0.30714770683290293
93704,0.24016209360061147
93707,0.24016209360061147
93703,0.24016209360061147
93700,0.24016209360061147
93699,0.24016209360061147
93710,0.24016209360061147
93715,0.24016209360061147
93701,0.24016209360061147
93713,0.24016209360061147
93711,0.24016209360061147
93724,0.24016209360061147
93716,0.24016209360061147
93706,0.24016209360061147
93708,0.24016209360061147
93717,0.24016209360061147
259045,0.3878848879361616
170752,-0.36112165625100445
105663,-0.36153001391224215
16324,0.4094399942206648
270096,0.09135938237085028
229658,0.2634390978165637
667772,-0.3251455218036341
15551,0.3326523853505985
16858,0.32878524879778803
14809,0.36885699240695136
22294,0.10822606679191438
228790,0.11201822953845131
19243,-0.11423921916994573
12039,-0.10481169934448431
14343,-0.3265740968472475
70218,0.3080126477372902
12555,-0.2485309146290593
72747,-0.280809347944146
225898,0.10684473882663958
224762,0.32063132092228575
11990,-0.3129768609196555
59005,-0.1181172113829998
240776,0.48815135417391087
14237,0.24686404597940026
11905,-0.36780941548760904
12608,0.18318150137362288
74354,-0.2821056654749521
107182,-0.11837219389175324
243025,0.2822689756171064
94091,-0.16484444378726693
18679,-0.1821231932840961
75712,-0.11865245513001987
258287,0.36969108583793586
245650,0.2699200080463253
57138,-0.1970854735536598
12036,0.2245826561496358
68416,0.2935083768099904
69719,0.38423807978681523
229644,-0.8068137957422801
75079,0.2524768939580557
19711,0.2940786769051482
69010,0.09917872492781576
66277,-0.3984416917841185
15925,-0.24598475201470027
433178,-0.38053510330612283
12055,-0.3400122730091084
56711,0.3581977720599103
381399,-0.3548271660843838
216238,-0.346235054014695
18739,-0.11596499855030906
212679,-0.29586710206898736
12942,-0.2920134423176437
67860,0.17910059959537072
72745,0.2404868543824259
54711,0.1712623238325488
66695,0.3826309717210128
20756,0.35515568701348865
217194,0.37204667701687555
56410,0.2986693310815145
17425,-0.29679391900870034
237611,0.31267758814426916
243853,-0.177462131767534
66440,-0.11367641662093497
225192,0.2600752010077416
330863,0.26774186393701216
58230,-0.1808402811150227
70470,0.1674960764471063
269116,-0.20511042314533245
21425,-0.12579874955604975
11867,-0.11281691715091036
117109,-0.13680106384570934
114332,0.33561776217716854
17169,0.15984210161853696
21930,0.3933037906538397
11907,-0.18052694935820401
11550,0.34073938547251803
52717,0.09582097065627693
13480,-0.09881316369919979
16396,-0.10595928228614504
18328,-0.33861152950401197
170935,-0.35808962903363195
72195,-0.4387770208247668
18807,-0.08522505883900777
66526,-0.314108306158964
16866,0.47116677427031295
100040019,0.47116677427031295
68441,-0.13689604258522436
223726,0.3193950659141045
234130,-0.3697655016552428
78912,-0.17185586854403212
213575,-0.3545005950889655
16664,-0.33002024047315004
14464,0.18536917643445605
20598,-0.29041135181209476
56013,-0.32087883019950825
66827,-0.10072894984559433
232371,0.3527483273473955
19716,0.38126466057394826
20335,0.1418478680806068
100038570,0.3273773746703168
544791,0.392422418663382
23996,-0.08554845459227955
319613,0.31128834911407566
216227,-0.4212101424373227
18830,-0.1360111712461638
13592,-0.32936688259052893
11552,0.3108627004053046
79221,-0.26991643882323757
94279,-0.10346393206122073
108811,-0.36343013529021384
233011,-0.23722498752160526
11553,0.3652320225524317
238323,0.3891995199830349
54373,-0.3100307775171953
212706,-0.13529417066512295
319478,-0.3710414242925473
103135,-0.3435054388940344
14783,-0.2935930418010626
240057,0.3022848624503931
77006,-0.13281504029596647
66592,-0.10468312578430172
11529,-0.21339230440218904
17920,-0.38094775188794383
545136,0.4055159153415282
71985,-0.0940107762589264
98733,0.28650791611142523
100045792,-0.27484345458547166
51875,-0.15476190017280977
57263,-0.35387355665234344
380975,0.44128453095782927
77446,-0.25008581931019336
27386,0.26125229944944994
233863,-0.18533891569719607
77590,0.1510506992160927
14261,0.3917880594333414
54394,-0.14216060408499942
64383,0.08540618068227168
330450,-0.38199761023975976
329154,-0.12844543943786313
20760,-0.310551802592844
11782,-0.2537067121156671
258338,0.393035059372028
258160,-0.28832517960699544
192160,-0.11231398880685894
53421,-0.08804732393581105
11564,-0.29930152897024964
15429,0.35768838181188833
77485,-0.2862601845387971
18438,-0.11778940879384692
435528,-0.23581802913446204
19280,-0.13679918760532317
20147,0.33245124506598067
433813,0.2813112079182112
16663,0.3775323978174585
17147,-0.25249760166089485
240667,0.25333101188042395
18314,-0.38022490374223716
433485,0.353252683267383
381510,0.23022670155491998
105847,-0.14475418554349506
74246,0.13892877933883074
12391,0.36737175658244636
74490,0.3395051772999471
229277,0.29551626379134044
55932,-0.1271915503843335
67661,0.35412489087649135
64707,-0.18129289985191122
231549,-0.2944558231537995
18780,-0.3718016022795134
21945,-0.24981945347941892
83671,-0.3082180337793332
67874,-0.29288671322525817
66269,0.44356489031013435
23912,-0.15507494162093138
224405,0.48300051189182813
55946,0.19037465306181645
71103,-0.28717734833061614
16538,0.3948453976797248
433292,-0.26423686777527955
231834,-0.12993109780501655
11804,0.0977892945840022
244879,-0.26896856256343504
20492,0.21365900983555708
215015,0.18846231908675826
54670,0.3482091109008265
217721,0.3583894420178231
74488,-0.22799445748197567
67020,-0.3554376961171295
211347,0.24358927345079806
230025,-0.2270075438376029
74734,-0.18356158658601274
14528,-0.2926462604639273
21679,0.22642727585681355
18115,0.1278814832425912
235169,-0.2058427729541794
19303,0.3494614449526896
76983,0.1262510045163161
68310,-0.13149414760236766
107684,-0.33834062204892756
117586,0.3061542841892253
14904,-0.12416487404977872
76560,0.22195432465397413
235330,0.3910205805286866
192200,0.35052068820402926
12182,0.2210621924894296
237890,0.39344383014435813
107815,0.32081949986188363
233575,-0.11188136164744833
14415,0.13950141689298334
13436,-0.32759051169963627
54141,-0.2677857677873101
228839,0.19940494163502187
233752,0.28197927897885444
54131,-0.14016538573647885
17301,-0.31652537474476006
78733,-0.23785989848055156
80707,0.17908507638498516
16859,-0.13444122736819963
13008,-0.12589915451768618
11689,0.19591885482479832
380959,-0.3249240615647553
64082,0.24157226924080621
15511,0.3214687611230347
193740,0.3214687611230347
71275,-0.27596050162187247
67439,0.1253255142920242
317653,-0.3010942534659038
56807,-0.36812299814886007
66156,-0.08404282625783921
319939,-0.23655000012045946
99683,-0.17359577155102635
27225,-0.10724384754496263
73047,-0.27474477711050405
18566,-0.25487755696450787
22021,-0.37696340455313226
76178,0.17980698367550652
14083,-0.2417790461864051
100042150,0.3375828460102559
66679,0.1139577353999286
50724,0.09658338649790821
226778,-0.2591692729867603
239796,-0.3292792366318218
171388,0.39473785400191064
214305,-0.37669530114313554
24058,-0.11264710440581638
18996,-0.6961330326808222
81500,-0.09726403547192852
15372,-0.3536919149974813
11747,0.15325278495599903
20832,-0.11175540347413104
71793,-0.18136001187143513
27385,0.20170432436271746
53867,0.3405676801075055
84704,-0.2923726271591356
71519,-0.14708637026691207
66722,-0.2936809636901607
14158,0.20700216762089596
55961,0.32018391414624503
210673,0.3193413532841487
21784,-0.43708503838335044
16206,-0.2927608533853485
13350,0.21956943134278806
69190,0.2297175726898839
71970,-0.25599823559536095
208884,0.09394977698882734
16154,-0.10517543550975184
75863,0.2775446822484078
17991,-0.08878997663023469
22364,-0.15890951799746134
18175,-0.2082799326385003
67263,0.10345032095116125
232430,0.1003401045965635
15970,0.2646503186543985
75695,-0.2805251506450457
73916,-0.1455278393259869
75563,-0.2828546452881193
108099,0.11074945300424233
217057,-0.1644837090507396
72709,0.30295375760269794
406176,-0.39744550664801226
12769,-0.11215176391960036
70294,0.12297326432356037
22223,-0.3353025021234721
94242,0.2829428045227367
219181,0.20109165581140243
237010,-0.34847440867352697
16969,0.16849116716333334
11490,0.10635787682355868
20230,-0.17265214708986676
12313,-0.12876995602775665
69257,-0.14478560758378567
64214,0.17474459086097305
244179,-0.2865372536115274
67695,-0.09310180661445067
72258,-0.42736715009451887
245527,-0.35886819977899487
114566,0.2734789425871291
14106,0.28774180631835744
22318,-0.1323864135589723
19823,-0.10317961479757365
78304,-0.10062502343052415
107934,-0.3105814001453515
17160,0.23865400835435047
665270,-0.33627213157259295
216799,0.18597919263569018
21789,-0.33301243594237695
93842,0.164166479503292
338521,-0.4001169768895223
21826,-0.24056958596687306
76498,0.22024019057834554
103537,0.15182345193444924
110809,-0.10031121773910279
30937,0.11257038053701329
67785,0.265583748598166
20674,-0.30053353471293054
170789,0.1858661951659233
68524,0.12371534279142793
241275,-0.3086552072924089
625286,-0.31101844829568304
18096,0.27934015473882656
13602,-0.3374447406925878
72961,-0.34325499672138626
19699,0.23205053601683856
329165,0.2620315723727096
12558,-0.4318232841460903
258039,0.38361989047011846
14109,-0.11297060696713856
239447,-0.3033460984693743
100009600,-0.11817076950491234
12123,0.3789447388258176
56458,-0.16737713063164605
18634,0.24192910063328465
76157,0.24192910063328465
170728,0.1807827730165883
271697,-0.23233556175316217
19883,-0.3004683816034266
70239,-0.14723350450752903
230082,-0.18897804839953558
24000,0.3093052949775146
207393,0.3087585557310666
20847,-0.12291463209153086
18983,0.2414519877946244
103743,-0.4116531910812178
12686,-0.31996351552225466
12913,-0.3247519530472811
83396,-0.2817166775986477
217138,-0.39787135805886464
11771,-0.12413292431412337
26363,-0.180078289807307
70713,-0.2807395751390409
55984,-0.2526086770227245
20842,-0.13734217520041536
93759,-0.11140327055704002
229562,0.4318922001387264
104479,0.2741321722147685
50769,0.29576136726814006
56716,-0.09663603894172468
18430,-0.19706073277774294
380711,0.24786572962997155
218581,-0.3234403770034078
66615,-0.1863518129181987
55985,0.310624990507709
404545,0.24146544674010517
20983,-0.4281593280755045
320633,-0.39279747059259673
236920,0.30076209034799994
16183,-0.07962230024962835
18203,-0.07962230024962835
71175,0.16746537693583985
12038,0.3268709872502189
71999,-0.14440482109072583
12813,-0.39351642245728247
14121,-0.31919550218153514
228550,0.26284751396789474
319211,-0.294475697177103
12301,0.12075103291954825
14924,-0.28834029639854464
78178,-0.28834029639854464
21345,0.18158629847773966
381338,0.39740713235834413
104871,0.2971480562060007
11925,0.3255884817510779
20391,0.33387817877071413
171211,-0.3160200027927722
22110,0.14325677067367693
18974,-0.29463357024982706
50790,-0.12340109244519759
50764,0.2724150329892261
545389,-0.24817309972481816
73720,0.3870647447022577
230936,-0.27026963197521425
18214,0.4384310436730443
215085,0.20020573855279356
15200,-0.24210659881564123
52609,0.2987330408704638
11567,0.2487931866689186
71846,-0.2414004385018398
18510,0.34039153805045297
66667,-0.34333088857597627
237400,-0.3143303230327952
231380,-0.28958566250124385
17259,0.2636109540903018
105980076,0.2636109540903018
20844,-0.17031644312989513
16171,0.33140527494685923
432467,0.24827122623981257
320825,0.34254458355503203
22160,-0.35722970076608496
231382,0.30620636316879457
109910,-0.11842526999182468
59028,-0.18615820900916447
20663,-0.13174105013041615
225055,-0.19009028817237095
66811,0.34869714447584776
228942,-0.4389943699143961
13982,0.3035673233958649
27061,0.088665164107125
54651,-0.3499350978924589
104759,0.11456458979531803
69786,-0.09181729546167539
67678,-0.1146749181681006
14165,-0.15285685965482632
27392,-0.30347783538141115
12550,0.17497579219893655
233490,-0.10284302824995528
77827,-0.43744258375565437
11993,-0.12510551878009046
224897,-0.17463746693080218
224794,-0.2571058956318435
108015,0.26388152566018963
66058,-0.40794424085351544
30935,-0.3047730099935073
68564,0.09854357995701513
230766,0.2853132065730932
225339,-0.12831405146223673
21682,-0.3201303155732873
68050,-0.0860529374537986
106512,-0.09225064374891723
242608,0.3678263734866718
18627,0.3793673364383858
238384,0.23529761525321824
13611,-0.14804110048027486
56207,-0.08531791852416681
17101,0.21231495873929074
66235,-0.08817960204525122
71888,0.35428346534212674
16770,-0.16677686997968078
23845,0.27499290396049636
140810,-0.3047816739578151
19184,-0.0968930565177839
11287,0.34038067857258936
19933,-0.34065193778333747
224860,-0.09334164807976464
20464,0.2752794172933086
80861,-0.160495974350769
71405,0.289975148893173
54608,0.28380906559416186
23994,-0.09713569071847594
109314,-0.19380057257120775
106585,0.21738270931235348
66468,-0.28504338366226545
252972,-0.1102917369635037
279653,0.2948190831579929
270004,0.26262792350144704
72844,-0.23177118965938526
100043254,-0.2838823246037401
20652,0.29060935439084457
258680,-0.2987305926602639
66889,0.13425603838708522
269470,0.10663532254018016
30853,-0.0792803505979407
81909,-0.25739991229848513
67856,-0.32872128267103307
70044,-0.2745539896184166
192198,0.23342312034939106
380732,-0.10409756864218878
353499,0.13826372312659707
69757,0.13826372312659707
18186,-0.34840497609607013
56407,-0.11655840856039568
67474,0.1163149973944666
109697,-0.36828385748911163
14840,0.2687741927391194
320558,-0.29135552021157896
239038,-0.37270431404388393
72477,0.30635338062813844
212712,-0.3811688218087186
238055,-0.3647988352929654
22350,0.11106526695211727
12821,0.30396497998706673
12458,-0.17147059864039527
22210,-0.11583464051820513
621976,0.30730990834003613
54169,-0.18849774815106723
21410,0.29036040289833576
54152,-0.12244651390128247
16351,-0.2696304816109203
16373,-0.29935254755188456
230673,0.07568664613143561
26399,-0.25142901043931776
93677,0.32751378745189985
106628,-0.1480912734248676
18218,0.318535376006702
106073,-0.08581763698937728
21844,-0.14831437053073326
59069,-0.12599284283435708
108705,0.1096302431279721
29865,0.351799696009941
19261,0.12227462907105924
18300,0.15041652493353563
16909,-0.1045567126010436
329251,-0.2467183156644115
17978,-0.1473906123704829
78581,-0.12812623468344242
269275,0.3454155652354518
81896,0.21990293679662187
13395,-0.36563647542202027
216456,-0.2863429344406341
14709,0.3504040209619821
12823,-0.36317282121899064
67561,0.10894135235816371
99696,-0.2649614020833466
66204,-0.2732346580518321
215436,-0.24611540135651522
12925,0.09610565457180797
258292,0.3130960227361159
66525,-0.1696358787894443
74682,0.36366702047071087
58233,0.20048687313250646
14545,0.38632374637525313
69305,-0.1433630759446718
67010,-0.12959868787572226
70497,-0.1034519609239819
75599,0.1257979092999264
382051,-0.1481721449484361
12544,0.26321089686528953
11434,0.22637931540782041
104943,0.24803451263836163
104245,-0.29866753314135464
53357,-0.14785149802333386
77531,0.33161120960966795
219094,-0.22209777340639736
214899,0.14679170854423162
14254,-0.2865427625869099
23950,0.20603926679096318
14107,-0.6785338255163387
330171,-0.16311402599445124
72090,0.22642239697954336
12534,-0.2840657758297178
108160,0.0842809008986567
73284,-0.2665996612955368
13654,-0.2864581878738086
218613,-0.12170914871974947
238252,-0.39087830075007135
244416,-0.18287182098604937
14793,0.25660832892311625
78658,0.1457079016445766
66071,0.11223544969628563
21763,-0.25217696607412865
13124,0.3028306762202755
19157,0.08410829715950996
258880,-0.36782898083584614
231098,-0.23536354589871555
241627,-0.2781846509763106
207728,-0.13307429065073606
66994,-0.13956816835207064
18647,-0.23942403276915858
116940,-0.11678842837482595
110524,-0.24290228917135614
13495,-0.29432816571220677
18442,0.25280989930145914
68169,0.2755158309535899
195646,-0.29585939419446294
66244,-0.10682242618181625
68117,-0.203456105232676
67553,0.27066422353358366
73254,0.1511820811456488
93671,0.3781289355394657
433256,-0.13074070553673778
12041,-0.23438275246856133
216739,0.424977473473342
13386,0.33801934153165636
68097,0.08022258296666607
269328,0.25035535511392526
13636,-0.3211274607931598
269994,-0.28013934035957533
105450,-0.25005253037070485
18676,-0.22423462706473885
73503,-0.264782398654984
93835,0.3056063064699668
435273,-0.47817596228442083
70508,-0.3152972689197151
67845,0.15955598785008185
140570,-0.14811455568597154
404242,0.2766240637578443
78373,-0.29239770598818193
11632,-0.11329271461014656
208666,0.3653222237262339
14123,0.2142037620428674
51886,-0.29523924592968687
207667,-0.2869748478070342
233826,0.25907704840844126
258352,-0.2395552572554287
16565,-0.1746611321880227
50498,0.1295253153940923
74114,-0.34365412001724227
435653,-0.25011467641571095
435376,0.2892707726451125
15438,0.23228791339324717
13144,0.21902455706236967
14619,0.3540714299753116
68366,-0.29658099058765686
257633,-0.1353762679904369
56838,-0.3595892425657663
14814,-0.2960879807898156
12531,0.11685852529768859
107753,-0.3489600719342292
227157,0.2762438997771337
74018,0.2762438997771337
321022,0.09763460873069185
75796,-0.2929258865149169
56856,0.37984427409106747
78250,-0.33245398393876213
21454,-0.12866436726812758
12223,0.32665008121985384
18781,-0.36034913592825646
67226,0.08661512498627388
21366,0.08954930711428055
50781,-0.33439761415473424
14455,0.09501561104695355
115487645,0.09501561104695355
68236,0.3198563789880984
320150,-0.20016139883410133
100306943,-0.12948773130326785
241794,-0.3945776021227636
110351,0.31733289233073414
76872,-0.3521272872617329
12365,-0.22497407422643256
18624,0.16205140341268098
75914,-0.151281032093582
329641,-0.2957443562917743
243910,0.10546158873708222
105245,-0.20683593521746513
12671,0.2962741867925889
629747,0.2659554633956005
15979,-0.08996695532263921
70088,-0.11166785594545736
108114,0.3290488079183076
75273,-0.20654825793024045
76846,0.06407984456549798
93960,-0.29883878412679277
83560,-0.2382728303831363
13797,-0.4349140008956285
59020,0.2603417189463775
110877,0.2510417571600412
109246,0.1493952967904102
70930,-0.2908950788531337
101502,-0.11092416894819657
71722,0.15720973387981552
217695,-0.2839231408879863
104885,0.19035434935543005
18010,-0.07930469133358464
67675,-0.0926381427002756
13516,0.27112886582590656
224805,-0.238115017997945
226976,0.10844770723622865
21427,-0.2305066128878961
20111,-0.11779219371083727
18805,-0.2608630132750198
66408,-0.2590392200974767
17859,0.2963648401399661
18440,0.3118318355535652
71683,-0.09037039496841359
13034,0.19715415492846233
72852,0.2579362989694918
70997,-0.1730110344093294
13543,0.13405442617940455
28036,-0.1550763616203623
227231,-0.22038365632950363
107515,0.33529960795904756
22217,-0.08685890783006478
15417,-0.4037130102501689
18209,0.2971904248922721
60344,0.2508275828822737
20186,0.24625235532727352
57080,0.13938144462610502
52588,-0.08755042409919511
104418,-0.09143254674554946
216350,0.28468641704590514
236690,0.2278248846473092
215351,-0.27947397040921373
224079,0.2507657781875299
320183,-0.3941273911963741
74498,-0.3166711681469412
17884,-0.3850940892843133
105670,-0.2600783353264937
16159,-0.3660304455291552
654498,-0.25651137029474036
52639,0.19809859435921862
244745,-0.3011297139540332
15235,-0.17728571580554053
59092,0.12659936437338803
70615,-0.24527590234256813
64290,-0.22846886051993742
229543,-0.14322919900044706
210992,-0.13927093051115413
19173,-0.08935219350934709
11489,0.18713543339451366
26562,-0.1760070823027764
114228,-0.2688580852010132
64136,-0.28169499871071846
231452,-0.09696769092871982
54380,0.11234673101587767
110253,-0.18458328621499298
66601,-0.24078127567785446
17299,-0.15717234349830633
12514,-0.13239654376222454
68479,-0.10249868963607334
27407,-0.08501113429389129
67972,0.22552494378382804
59002,-0.11289576617502917
57321,-0.23549495547309451
14405,0.3013318324271834
67811,0.10107535755048325
100504689,-0.2888085112816081
70118,-0.2630896738108124
211488,-0.266548736280515
11471,0.30305032351379957
240638,0.3351703864440285
64176,-0.21815494530677704
23923,0.3770606459198076
26944,0.22962856037946056
26940,-0.12305277339011056
208665,0.2542194982442627
320873,-0.2084104629001131
12308,0.22159801459087713
74377,-0.311861174497706
216156,-0.15747880463201103
244867,-0.29502312337610626
70450,0.09892767715618866
13009,0.30751275199538775
15562,-0.23485481119642326
22026,-0.10538586980464615
140491,0.37010504993451665
67515,0.15219830911361676
106957,0.1272339169270058
232491,-0.2751234634956914
109294,0.6022055371450836
381319,-0.23107940250209058
232983,-0.2857949762219629
20129,-0.3708054978240214
14897,-0.2122256419904902
211006,-0.28072988395346954
15168,-0.31010907137223676
15078,0.2377269157079227
15587,0.24193713502214909
16777,0.34532877674373363
236781,0.5220463940935574
72502,-0.2737058032969397
70472,0.2562098432868254
626596,0.2982584772493735
57014,0.2476783325814873
52696,0.08836480244878508
66454,0.17282873631482243
12428,0.21531095809421785
67338,0.17392683436617062
23969,-0.08512742470441204
56746,0.32414701942974045
69129,0.19515147541566513
53861,0.12438900048522505
381511,-0.23522337924264125
258620,-0.35820806601492183
58807,0.1825938378078522
633285,-0.3042243654862715
170625,-0.1305887217001196
258027,0.2527799929215382
215819,-0.22364420389926387
15561,0.4297867857897337
14375,-0.09097778992201633
21884,0.28569864786464105
23836,0.3382106538038654
50880,-0.151045849237458
14233,-0.2786165485342025
19892,0.3619317780056064
68867,-0.3212222510733369
13839,0.1550874955671624
66757,-0.2966176860480303
11855,0.208573456518387
231279,-0.21643968075980435
72542,-0.12152733899032775
70454,-0.2477823203303764
18643,0.17119583020055984
231004,0.16651944434594412
100163,-0.29604668819170854
101490,0.17047886780101784
15976,0.10490534714503319
234814,-0.1934700397024649
70427,-0.2026843247646939
74013,0.14572223638402626
20402,-0.1310508480764403
75705,0.08887053406614775
271424,-0.24540305186015043
75015,-0.3242388761126094
100609,-0.25037782761478855
16979,0.3096181127993267
54130,-0.10006641156719454
12545,-0.23777594890369524
12496,-0.34929113478902885
67178,-0.14666929299984677
17126,-0.2512330128571616
319670,-0.29965044938381524
16952,0.18165768331937748
17879,-0.32950659344899513
16998,-0.1333619324437212
12062,0.25921988106892524
12476,0.14683940843527843
319984,-0.32205400002427
63993,0.33041741412704617
71941,-0.310374192074911
69125,-0.11512438788666479
16601,-0.22059456299534652
246229,-0.23212410040324105
235315,0.21303563550935323
67914,-0.2701705606966449
13171,0.2780601363642585
13030,0.13918278020763175
215031,0.3535074525212618
213945,0.29573765583874545
74189,0.33807092082904955
218194,0.3058701068375629
56857,-0.17249313162045077
56191,-0.2898002138519331
17364,0.3367984835791109
20215,0.2642414113214704
122152370,0.2533382876088419
70296,-0.17923266542855298
227638,0.6353548737719752
71059,-0.11447908310707966
72269,-0.3139255767642499
194590,0.2218986329706496
13076,-0.17331024035955922
27377,-0.2953895592972149
74511,0.23274344544539893
67473,0.3146813976117615
211914,0.24464702445037112
83922,-0.2734178407697003
235505,-0.4292887855956806
71777,-0.2275941627547553
11988,0.3359786750141134
17921,-0.25300344109197237
15488,-0.14374800450844738
16533,-0.30927777072605833
230726,0.2412604029212435
57778,0.3039855489381722
67689,-0.1304604477415765
20817,-0.09066132940944982
27967,-0.13796938943504955
74351,0.2779862143810776
16796,-0.29996674452904815
67027,-0.17262925608829516
75901,-0.17156046097108213
57258,-0.15826029367405248
68066,0.10743500148501539
18032,-0.2691985974035713
140795,-0.27734250649658865
320463,-0.27734250649658865
140721,-0.25758669784269994
227606,-0.1990189999527714
243274,-0.2516983334020506
27261,0.094054192314183993
20947,-0.11691348516711564
80906,0.2532426807482704
11765,-0.09630302578149319
13078,-0.2637922981735237
239029,-0.2891292734694826
15223,-0.2667815124539983
93691,0.08308446641701295
381884,-0.17137865401041008
17140,0.35111853407960414
66871,-0.2743051095645255
12012,0.2788123828613238
229595,-0.24856183485181127
632971,0.41477206397536026
67808,0.05807735803778158
18216,0.26681806481529247
21415,0.34593088283983064
218506,0.2116448999754441
22275,-0.1917075395113894
545554,0.35409801536821384
23792,-0.25478542311366326
58238,-0.2829394429440977
67973,-0.12713433472213342
258933,0.3088009016100406
109594,-0.21684795450453898
104776,-0.17273477050277197
243923,0.3280318382803449
252973,0.4413778665189776
77622,0.20835596679200563
78618,-0.13586307831895006
320116,-0.257733006027725
232566,0.1775062732234698
240726,0.22840658335360597
102639117,0.2524104253862731
234595,-0.11842659040707293
69511,0.20010982964962976
67036,0.11255547158856238
70024,0.32820533311145716
17257,-0.13366779317677224
320528,0.19002600743017428
14918,0.244136648517431
14028,0.3112066562571534
16549,0.16966794768896953
319848,-0.2603735924833659
20183,-0.14334829052641496
213084,0.2805057318880291
12684,0.3193067754876582
547253,-0.12030294961794219
18415,0.11571407913440623
67216,-0.2281494979489178
14633,-0.22563439910191097
20972,0.1740034605234282
56490,0.09721611564920707
233651,-0.23717070704073073
231724,-0.28581636008310785
59027,-0.29326607524273207
245049,-0.2596070088999891
66271,-0.19982236100435635
56294,-0.24151089889344934
76491,0.14917729814481095
75622,-0.3201345425181139
11819,0.22331786718539082
15161,0.12856634331033234
109828,-0.2510434246628863
242707,-0.27813370808316096
208994,0.4023546449557238
69202,-0.07763102083012896
75660,-0.07868002944912078
110796,-0.10939905526903182
14955,-0.24097673543577258
101320,-0.27091868076875514
93878,0.34150012285346865
100503895,0.27204436056160564
381112,0.27453628700911814
72046,-0.21761362264122752
12788,-0.11765196464779937
239833,0.33085423401555847
209354,-0.23415567508080315
231821,0.07695852906023681
15112,-0.27600701159137264
19727,-0.13217533071990317
70800,0.2664783919454434
11796,0.08988619738390646
53896,-0.4021579770379282
14088,-0.30805606517165174
239463,-0.19049428810259794
20679,0.2521938742541101
11745,0.3045717355639965
72640,0.2628796812899523
244187,-0.3192544093311236
21941,0.28825707977057125
81003,-0.3581821361529247
18751,-0.12071158413901273
244954,-0.2918024830019057
622320,-0.22106347598217635
30057,-0.10738620575758873
101489,-0.08944702374832048
18700,-0.12229443392223782
228482,-0.2473751863793492
237987,0.38776097141212684
330119,-0.3000132339209567
69187,0.07849280346926157
237082,-0.15409563418723415
72434,-0.2610798219440591
20350,0.287443618968108
381314,0.15172123136245919
18985,-0.12126328454243485
18984,0.1321999219196872
12804,0.32434322923549885
15891,0.26110632129507616
216873,-0.1284044046148427
11546,-0.27953313105521094
15512,-0.25971321672911696
71409,0.27175432903102337
102631912,-0.17672504583165782
434341,-0.10981654786840345
73032,-0.32631287945312915
12236,-0.2169254460039003
237911,0.26100979970867755
58185,0.13652821819999872
16593,0.14495614276977786
210741,-0.4059259190721147
101113,-0.22122877998861856
269831,-0.24764359688729964
13716,-0.07874866509839684
50492,-0.23001902158581178
109685,-0.24167780035713404
22284,-0.17577989281936368
66402,0.238147693234938
232187,-0.20656676256825524
59030,-0.13086244980250683
15165,-0.31236094223724464
74107,0.21441431651240528
78390,-0.27738395096035884
27273,0.21324518157204553
13856,0.2986445444876331
13837,-0.30353808269102167
224727,0.11027430808767136
229949,-0.4513412988746861
170758,-0.14831452908520504
245404,0.27176881474968173
245469,0.26833401413735025
22678,0.2770455527239646
67139,0.18694457613181292
231162,-0.3502811372572374
12560,-0.4934407635390903
22221,0.15846814350986627
242653,0.18302861448425833
50929,-0.22857025920168006
14419,0.13946787704504793
11306,-0.2101048477643106
18035,0.08784478728744993
98193,-0.06293975618472203
57257,-0.2860263506686218
75124,0.22484691714307115
16475,0.23234884051214655
52023,-0.20483199185293355
57230,-0.17827876383490526
21832,-0.2914670838463662
19060,-0.20596867667725416
11416,-0.23099132381581367
20655,-0.05651112390905588
14695,0.2677591464809965
69908,-0.2306127667178952
15937,-0.29573516631722363
13805,-0.20378289951815187
241850,-0.2538966266077938
23997,-0.0772733991354091
104383,-0.25414202620186455
234852,-0.06337693092705976
360216,-0.14820305555668778
623046,0.28443888985799193
15422,0.2881751092986531
105887,0.3571957807079498
100647,0.3243768458567091
442801,0.1390418392315773
80291,0.1191814490849108
230145,-0.11345254370906943
194908,0.2570132745883349
110173,-0.11336231345395476
68875,0.23787076363937665
29819,0.2520079612660897
66427,0.11918482955510434
14420,-0.24545942127371845
20222,-0.07633598146194664
69470,0.1013926379900365
76265,-0.13669565833502162
211255,-0.2194084503470961
23882,-0.10816377646002096
54219,0.10064121920747127
224902,-0.11626337161963818
18412,0.16229779360126173
102636082,-0.2359288703946576
67920,-0.11283633878937671
71287,-0.2686972710239006
235542,0.2826908076420156
11799,0.1440728694010751
11839,0.22313799479192653
320452,0.2007196736706982
70252,-0.2155524006793983
78309,-0.29330700884923555
378431,0.22529060103266652
140577,0.28131233685081725
20269,0.2241177650010857
50878,-0.35654794604687545
20351,-0.10652882841774236
66245,-0.09888825979481553
227867,0.08028458006083028
243931,-0.2797987123684713
217127,-0.13241229571586466
71037,-0.3310143519843871
74762,0.2333854396423316
19821,-0.1832061220432406
26411,-0.12233471179724553
319710,-0.27685201853860075
170574,0.2691937339057664
68188,-0.09588006982582264
53382,-0.2353205564775518
16517,-0.2220143643507777
244682,0.33460224203525835
213696,0.24398927141523252
216766,-0.07209495478978845
16521,-0.14977658493899249
18046,-0.08856036640764309
546118,-0.34585534949535335
99662,0.23277672283886197
94215,0.221369469250857
552899,0.221369469250857
333433,0.24933690329737956
12161,0.27533273084751553
225497,0.65472511610201245
14537,-0.13374721868490624
234839,-0.08093299883438299
12418,-0.12404067208714409
54153,-0.19328772512380432
67727,0.12850364666169511
245572,0.5068889850346086
15504,-0.3051047939528315
52864,-0.24137883876267097
17245,-0.24559914711380504
74080,0.1100865521499399
19142,-0.2679979845334328
237553,0.26765305647026727
12568,-0.18953898294339044
54140,-0.26249876897154367
19143,0.18337198220930162
260297,-0.1894155136008404
17193,-0.16113022111723652
102436,-0.19429478860582172
20591,0.09864813603101474
78369,0.21179044444638873
216877,0.08845328676497566
67665,-0.07165977403723822
233016,0.14259583678659737
114642,0.10629584792916802
74051,0.2163712445027972
74288,-0.30700420294962916
11496,-0.18758842683051036
224045,-0.1088490900582677
71200,0.2901289020995055
76338,-0.09709359673224505
15982,0.10039937901297868
194974,-0.24339545426789222
171508,-0.20313728612764947
17201,0.456735597150594
19025,-0.09873766982068588
269717,-0.0915956648651477
19724,0.12553066622122167
73942,0.299496365790608
237436,0.21913323998761358
192195,-0.20475897437888513
15331,-0.12374333585621322
11698,-0.23489951295441447
67187,0.2061538017479556
224912,-0.19791855718927032
16693,0.2139744280363458
71981,-0.3055878886869414
72065,-0.22902788747938274
270757,-0.09109654055982119
213053,-0.2534804763278675
20198,-0.09209807375831858
66609,-0.11606039773505294
14119,-0.23699038282115437
56460,-0.17207284051972316
15206,-0.16644303204416566
56309,0.21276014885584438
216166,-0.301049525965162
56505,-0.10588906989697477
80743,-0.09450942229524628
234854,-0.11767233446142367
20521,-0.24019769475021135
22422,-0.18333503944837304
378430,-0.21191145236692988
18998,-0.21335573857740764
13043,0.2594849320382382
207182,0.3060802499755555
18742,-0.18466913370068117
18188,0.13255024493670753
30947,-0.08426114462581324
22334,-0.11809011395322777
18132,-0.23549814191025042
74589,0.21864871492046767
328580,-0.0962090556955868
170787,-0.0962090556955868
21745,-0.13215697685880556
623661,-0.23970596059189564
21872,-0.22387481705692025
76123,-0.11038946693721474
13346,-0.11071751883996095
108000,0.28197124677462737
231506,0.19716209794895345
54189,-0.19998237094009408
107868,0.2286598540019007
319998,-0.12308150494110492
70380,0.1226585114215073
70478,0.2376345453133002
57432,-0.12723201204563317
54635,0.27399594991438825
382239,0.20269365700176634
241568,-0.27898528967689007
639634,0.2643183739356272
66251,-0.2443910565394809
71780,0.10742200159977244
78894,-0.17361219723493804
12265,-0.25529766847211555
18779,0.27041750916986906
72634,0.31781879165682225
75710,0.08561973033365788
56697,0.10160386094694207
14651,0.2991294683609045
68799,-0.2874271585465875
17939,-0.10605069043554227
56749,-0.0801732944385698
270624,-0.25975126764829115
17179,-0.07427255657283638
403175,-0.31322688188365255
57755,0.44295735813843917
12323,-0.26689814186377436
50778,-0.2526813581373277
70675,0.10033069348957024
27400,0.33591175443091537
213248,-0.24304730697003674
68337,0.15865090207677923
12890,0.2274122619436465
67163,-0.22125397214858022
227290,-0.07771876019322299
319476,-0.3434970365438925
71720,-0.20173735586732455
381801,0.23572726359002072
223693,-0.09578813871131509
21414,-0.09678139034613409
17392,-0.3512290465893795
71768,0.11418084893435321
20657,-0.27815170276665846
52466,-0.14652302367239045
71151,-0.17027929368244354
67305,-0.19633544777136924
71701,-0.18035118036550646
15463,-0.17184307250326203
71954,-0.15409541775972002
64540,-0.28804309080055823
53608,0.27830487408463167
606496,0.07956111233278484
215332,0.21202704568391084
71703,-0.15682158334267715
18231,0.2631223990132505
21405,-0.25378364461310987
195333,0.26377737480394625
100855,-0.11903498146278046
20429,-0.3204482076751596
67472,-0.09692042371587917
20509,-0.2190744171525001
12035,-0.3621035578222904
12828,0.2584865480158345
15366,-0.13154520500596956
67042,-0.07911023444290066
332427,0.2163896640273837
22320,-0.07060932131173203
320632,-0.10434655495936873
12493,0.11425124425368516
12521,-0.06769819550202705
17183,-0.2661956711568747
26414,-0.26846042457964714
14527,0.2683352325016912
94181,-0.09472371093145071
67893,-0.18418571645151705
320707,0.202189516892882
242126,-0.27495706569808664
18073,-0.24257377846412265
65254,0.15037556835242327
242100,0.29107810832979997
20017,-0.17609494190250619
66618,-0.07966920329230298
69217,0.28820199546309766
74196,-0.19996787580182573
20467,0.053002469004834296
19713,0.20416328271569473
70788,-0.3611174029947106
226922,-0.32662390535229147
26404,0.24630033409195207
12426,-0.2226936377566
243078,0.12044052069746458
17156,-0.11102826431296897
26382,0.1075672880405314
66700,-0.10222833711398316
18028,0.28055832207432463
219140,-0.15858913753739756
258640,-0.28092936356724474
56174,-0.23589371970043782
211007,-0.08503869901010219
16136,0.33269126844639185
404319,0.2440553738854283
75734,0.12873103020366727
319504,0.30499124366273334
70611,-0.17197556613951726
214063,-0.33509166925066847
230734,-0.19284167946847397
105853,-0.2709897564210575
268958,-0.13795124502379785
12368,-0.09880770799583871
235587,0.2077420140125552
29820,0.2759907551184755
11746,-0.20930230258156168
380921,0.15365079687754868
100042314,0.13104820851332732
223337,-0.23380377679708797
21869,0.1147904721306281
18141,0.07018851264995174
244202,-0.26454350337283294
213272,0.5667819749816871
22003,0.15844651262843712
217082,0.20481032195657
19733,-0.20257493607999777
83383,0.17485771672779116
94090,-0.22314525351873105
72094,0.2516097268947668
14051,-0.2529140410151891
67883,-0.20096489335904
102633301,0.3312834440013397
67586,-0.10662949948164169
16188,0.10094814375009342
12444,0.09810604401413592
225608,-0.36053721067233724
12945,0.25446585200498184
18436,0.13673237073527034
232157,-0.08123216746110984
215274,-0.26345366101513834
20890,0.19733355301401412
214804,-0.2969047508173963
619605,-0.08951818745016737
19771,-0.33418316508301205
16974,0.11832680880105784
73703,0.24586737771745515
72057,-0.06380893851677705
94089,-0.1206390475749819
104156,0.09419885645316839
72931,-0.05959433025562255
212326,0.20906689724504357
107650,0.2049873562251383
21951,-0.2245432778792571
16573,0.1953632292310976
242667,-0.16993365365309376
56508,0.2620099351602718
55936,-0.0924327569930874
382056,-0.10232047070303807
100608,0.15271399803911478
231532,0.28746611037605874
66864,0.3093895993195179
66968,0.30452079722836967
434246,-0.23034803438599694
213027,-0.11961998400734597
18503,-0.13084258640929036
78943,0.15633560116375467
67171,-0.08894499599002614
286940,-0.18151869506141605
69611,-0.350005311238029
258563,-0.2662246925225604
16411,0.13404335125713018
226418,0.2000301785278662
56354,-0.08414146021030433
232889,-0.26986678978453016
103844,0.2533113270723617
20370,0.26948634397615967
258987,0.2371461063860658
18667,-0.2609257640090554
70579,-0.07540603022523484
667118,-0.07540603022523484
75597,0.11921947840246361
71514,0.06906895664096169
70699,-0.08276293327713091
75678,-0.26865440648745675
66859,-0.2611466071390782
67480,-0.1962900053879144
627191,0.2465268459166703
382562,-0.31679498196627964
14800,0.27127283582904127
68874,0.20396809043127995
101214,-0.1028993714465507
232941,-0.21890682219977897
68611,-0.10797925106425144
18479,0.23896377667349
101685,-0.1228151788555385
66154,0.07626345415578584
20733,0.19367974292795687
15569,0.2840265692548791
108043,-0.2080334257640457
65100,0.23666886909224694
403205,0.26609291829019277
12592,-0.2482942968660402
67433,0.22304270265468062
237523,0.2970770386499222
99151,0.19426293339984868
72039,0.16943624142146074
18005,0.1747313795506935
232970,0.10787277476923762
270893,-0.2749142760806369
634104,-0.19679176664027231
69281,0.2476351604534206
67341,0.25418718368009996
54120,-0.18138665426907252
50753,-0.10561787154177704
52837,-0.21340099568501714
108911,-0.10685373922961361
241226,0.28621392845965143
23993,0.25521139848141905
140476,-0.24943909317656487
241516,-0.4202112013392485
74156,0.295374327254335
74175,0.3094660018389055
51795,-0.23920320410445806
16536,-0.26389656582076393
107227,-0.10022325683650912
230751,0.2645342749452313
68667,-0.21033610002567293
433809,-0.1835235577090133
75772,-0.2657741761601504
320587,0.2866238771805558
19877,-0.1144707970015979
15483,-0.06950498505100278
406221,-0.29662240746084967
192197,0.12972153866456715
226999,-0.2990783600043647
110332,0.174017688341082
68929,0.09259019495842757
12723,0.24423735134087465
58200,-0.2834896041591133
56742,0.23598994260778206
22270,0.21640632579893548
242259,0.20221467297067797
381318,-0.2065615094105402
434784,0.27705529696205744
216154,-0.0536622154352564
17158,-0.0641382110744626
214791,-0.20011823173263865
231086,-0.06951325702636879
14226,-0.14688814049773313
246086,-0.26227417444625445
70918,0.2785411313178612
192287,0.2617918517283542
78239,0.2672011205589815
237256,-0.14757768845305907
108156,-0.237146060051165
71920,0.22845548899481471
14313,0.21940356019038898
118451,-0.21688355149532956
56613,-0.11678882416708447
11833,0.20451045682141977
228770,0.21848850246542106
66664,0.10795492067587276
234515,-0.08960122514485391
53872,0.16471601648404466
279561,0.2394061437958812
380684,0.19160095685177225
20448,-0.13463345077235012
84095,-0.16291943706520406
16430,0.18571995264421304
12705,0.26709279418616294
192662,0.07679613047689493
77041,-0.30179522524781177
224092,-0.0809017594011543
258207,-0.2747175909720956
67121,-0.2576901089973296
78801,0.2572699841222441
232174,0.3024506177274038
71592,-0.19929581291427123
18979,0.1045978523019282
26950,0.24562831169043076
69780,0.11081118849906346
67895,-0.06753402720864976
16392,-0.1159902725116222
16204,-0.24390789324610385
13046,0.09751274291914491
668382,0.3507590316590363
245545,0.3507590316590363
22360,-0.1984643146061913
13419,0.2698848238775131
227095,-0.0870422790146721
100978,-0.18060179700698242
223921,-0.17078067817009757
14317,0.31957883029573164
64095,0.19220626748529668
67772,0.10493906450182777
269610,-0.22625853059800827
19647,-0.21844975484226303
140630,0.14301591012879822
14584,-0.27009438648735795
100037258,-0.14086795877377334
71607,0.07869821035102653
227733,-0.30034978560373204
17175,-0.24676780889311623
14245,-0.162321020528978
241327,-0.2744038202669228
244310,-0.2267339304140119
224796,0.23504521852925464
16506,0.09230284272963374
23856,-0.11350508923529645
71877,0.2972258688003526
73340,-0.2071515143152034
12364,0.25248781594768666
27411,-0.22349092551658067
14854,-0.19390317570206062
66707,0.3303763350374256
74435,0.2161585979946099
104718,-0.16762270001760626
208080,0.18655660615163194
217864,0.09133229193361281
333182,0.13792937574948816
76815,0.23953139437798132
234729,-0.27309754856725466
243653,0.19718945915004493
12466,-0.18156890133726566
14561,-0.20940357571945256
328783,0.20839567326435393
16870,0.1696366043174562
18768,0.09911776452800058
229574,0.24970468832957504
239318,0.21755142328242005
67443,0.06540242543182195
54614,0.2222776795285304
27371,0.12327368438884356
623279,-0.3448424025763934
12903,0.2508566083457078
108138,0.09330134316316663
109065,-0.18969751307018612
319909,0.34168705459371385
237806,0.28882791459417234
103742,-0.07018165388667263
434232,-0.21810905837761485
219228,0.3519631581736009
433091,-0.21846286447897967
210417,0.27988638801253973
70549,0.2155368079885216
56546,0.2223480224233132
246133,0.14297050765348462
56486,0.06000367324586087
14395,0.3186633694988892
15559,-0.2241987030660222
57317,-0.0985656366279617
59049,0.10632819189163634
11481,-0.1853026638922053
27041,-0.06971815762253897
98417,-0.075878187648784845
239931,0.17584140873366128
12257,-0.07699531723833708
258310,0.2666387034796589
16452,0.06477062662985134
57294,-0.07071081176827221
78785,-0.25069898380666267
56504,-0.13752833935287612
59007,0.23773462023691394
14608,-0.27942579541188417
56016,0.21947293436254967
74735,0.15941611662416122
67980,0.09468146277004319
18472,0.06044696712144315
57748,-0.1783803743629102
225341,0.17001493108933907
77090,-0.2414720018063523
233871,-0.1109616823508972
18994,0.20225858767844862
226519,0.1675743031215493
50883,0.22096667066783748
76415,0.2418653015403862
64661,-0.2807456339655774
320844,0.2566981790094909
13507,0.20151826044526722
69955,0.094099481339045
66152,-0.07235305944823445
23808,-0.0789288819159264
66628,-0.20999916381589578
228994,-0.06674294427143401
110637,0.239825564617
12453,-0.08404409443459215
227715,-0.08087289197320757
69537,0.06949286595636295
244579,0.2417109777375419
76915,0.20918061190388038
16467,-0.3434246899447708
21954,-0.25170716709953656
68588,-0.22775159353136454
432779,0.18939717013270663
65111,-0.06986936688413081
320538,0.10182194418000456
21846,0.32455080245728585
76487,0.270505078050435
382253,0.2242253237444336
17252,-0.0742512912176494
20334,-0.16612694669025707
228357,0.2928767937195338
381418,0.22029044818876287
29870,-0.23088191972145422
16363,-0.07663609555156725
22241,0.07826705898573749
76483,0.08184764461731397
68473,0.27972545135810467
109652,0.2552272928825108
26462,0.18186047198964772
26361,-0.16586074542204488
227331,0.08873183575657251
76987,-0.21681126928731054
65107,-0.07880354200829842
72507,-0.2796515120804459
338375,-0.16641271600310326
22412,0.21284345951214956
24057,0.17569708346451485
14667,-0.10062762531493874
269585,0.14821376225422345
17174,0.3602336316188799
29871,-0.20045840924743796
11754,0.14216835354023427
67448,0.21138746822997057
332937,-0.2629227467295192
17858,-0.2314489925802956
71345,0.20430256425675664
81799,0.20040340103841547
105522,0.09954248547395572
22367,-0.10722578865778143
74470,-0.22447106090505953
54390,-0.07538040018167891
271377,-0.08679200095394002
68740,-0.3071704525729331
59006,-0.1878033325716788
271813,0.2494032039228733
77018,-0.25704481315673
67269,0.18017234081913447
319469,0.18017234081913447
50500,0.3576422626990228
269633,0.2101297432662026
14190,0.1661943238092034
105243,0.19368509440194215
14836,-0.240346491809162
67666,-0.10118728354732465
69852,-0.26021542562068234
218461,-0.2767657400481398
17912,0.2564617012400774
239659,0.24497424873066942
22286,0.13809058349148273
70807,0.06536475996513147
19414,-0.11576092063643628
218518,-0.2372909614755745
12575,-0.11189038883483615
107765,0.24369113923534913
11548,-0.16689521806245722
14566,-0.1861183121351937
232156,-0.1859464732865348
381337,0.0887170976449303
16841,-0.2256134670033867
258608,0.1761538388185313
228564,0.2229235226653925
27421,0.2345989466709404
59045,-0.08086819071909801
21375,0.32429991783143874
232944,0.09647255160838686
231769,0.14904952141250316
22293,0.18362033879694994
13617,-0.22894074162771005
70300,-0.20615454695751811
76453,-0.26752086547902554
69617,-0.08691366431425251
71790,-0.2404117115050033
327655,-0.18422560092178042
52357,-0.24853121613669416
22401,0.1496611199721105
226518,0.29252194409997223
20607,0.1495098836247406
107173,0.06350799180372846
53414,-0.0564029216297488
216151,-0.14118945915475223
171286,-0.2347466873007109
12021,0.13729802089484977
12326,-0.2936506041276754
68833,-0.13770120028996846
217335,-0.21939812745110476
71449,0.2164139089804733
22376,-0.06926484464675298
360213,-0.20951848134672169
53814,-0.15601920319450935
107770,0.1493786700560653
258316,-0.21304021088038327
14472,0.2453957803411866
98170,0.17522535272194073
234683,0.10903627629829327
381339,-0.17820679028674213
72108,-0.2248060314829372
53311,-0.1679939022770811
258675,0.1770715218747858
12936,-0.2812782118825434
64294,-0.09548681070204168
69080,0.0648293458305389
17910,0.2652228748973604
74123,-0.087455981790173
66171,-0.08407153354987962
67459,-0.23507303247460642
20339,0.3396550770622109
72309,0.06811223896717422
12228,-0.11944233347602662
170639,0.23536181307376225
19216,0.23371333636704517
11671,0.20474013465419105
320717,-0.08799495130546475
19073,-0.0869497941723445
13482,-0.1865360638773641
223697,0.06870181192263125
78245,0.28111535822270683
12896,0.0646060151127088
99031,0.241824753183971
233765,-0.22412729405300702
76574,-0.234081751607516
19123,0.22609006927380282
11875,0.21110383835915858
11768,0.33098119152565175
71412,0.2960542519016247
217011,-0.13327009389560995
14272,-0.07304054439988406
66708,-0.25098185934693706
259054,0.20874095222184064
75718,-0.27795530418009573
22352,-0.09917355110232151
227835,-0.07585753876467649
93742,-0.17908056175093634
68121,0.11016426080854735
54473,0.0767542169239821
68964,0.08028773103020548
118449,-0.19029849667435528
56375,-0.1971477348218338
70840,0.22256218821082285
53627,-0.1479082912110199
244667,0.124586553004848
210711,0.09817812851148311
217371,-0.23352754439945578
624866,0.14940483162551832
16867,-0.25514120143573393
23795,-0.24236539226578913
12640,-0.23164410278033642
56753,0.3234750922051468
17005,-0.20703834448197966
74004,0.220155000187372
387609,-0.26653488352469346
11610,0.12639746805777374
73739,-0.2080772130854509
11426,-0.09041285587772663
23972,-0.14680128386377156
17829,0.1947833349862398
59058,0.261245165079826
20307,-0.20535464049309793
76626,-0.08975008560222797
66433,-0.0650281890804223
72432,0.2923117756976281
27219,0.4116093218756838
67048,-0.10854692051875414
435818,0.22320737367428922
13190,-0.24277298596819286
28146,-0.06112661243306583
14853,-0.22135408901982156
75172,0.20544840795135144
100383,0.13821152743026488
70882,-0.12862737400782365
72124,-0.11376947253614755
17926,0.2094595540195936
66606,0.08955100727126375
21976,0.13751251973350698
14173,0.16080223895507917
23871,0.10537098667786893
58875,-0.05668037009574434
75002,0.25323439735333375
545893,-0.20240372179881172
17087,-0.1393283390706248
15201,-0.2549728991215652
20687,-0.24870004995638695
12421,-0.2128301573919309
240752,-0.13855023583306192
69071,-0.1755957682753806
21356,0.06969765429832542
57816,-0.07444065447712411
215114,0.1604628881655792
22784,0.2525178243738839
12069,-0.2160990517912098
77951,-0.1905650422292089
230316,-0.18837735840867076
13175,0.20514447799765012
76594,0.22574282470371276
80979,0.1977487642994591
19062,-0.09430933908470962
16424,0.22622153278294377
19362,-0.24103417841488817
67747,0.2360445151144397
71774,0.18392946706248825
11857,-0.06939547008526326
668218,0.06271175127054285
214572,-0.06529943277029204
11813,0.1154248454529565
17060,-0.10183381413594006
226747,-0.07152327272733405
78920,-0.07672160556523977
225363,0.1370611220538427
217715,-0.06203315047839908
237422,-0.14697937271551265
238896,-0.1696495377556264
64435,0.1768101994914355
230824,0.1887722615145382
11749,-0.10523165308967108
14178,0.16570126484687453
194655,-0.22255820503819557
93692,0.16839476039272405
73341,-0.07930764675095148
15379,-0.25206561962081286
50795,-0.2039912048456083
52850,-0.17512743489201776
56015,0.21553538714627773
330217,-0.20998965186283947
18241,0.21359625624294454
208146,0.08960574494959772
70893,-0.1919385162368208
67222,-0.21398814184250625
57316,0.2034362924589379
268706,0.11316265940834036
233210,0.22116067997707667
243659,-0.22635330572380985
258672,0.21640298082537557
269536,-0.07682299337676657
19185,0.0674378754084426
20732,-0.18365482432736746
209966,-0.2779320334704125
22791,0.14307528868565011
330149,-0.2755020415255771
242721,0.07014658533255336
228543,0.3410220685812142
58887,-0.1631564331097941
234736,-0.08501631699265211
18753,-0.12891192039905164
15530,-0.23398443930876578
381760,0.13407448394816512
245038,-0.2996955969525308
13710,0.22546715853729982
54003,0.18766753876556752
56543,0.15285143142319768
19017,-0.23125172025132112
214425,-0.2617068958511761
237716,-0.2499905579716879
18598,0.24517235879173782
619665,-0.24282423623803018
50997,-0.2098647633091959
18788,0.21151916450001274
63985,-0.06322505801666267
108147,-0.12235615849465908
233246,0.17385667671365201
17929,0.20230969029329415
383491,-0.18490219060526014
235431,0.13060979193184163
108672,-0.2320842134249288
14714,0.2679876399458214
58220,0.23361660366970494
14788,0.08158451941480749
12504,0.08158451941480749
407821,0.1889857528275556
272428,0.18911053932947164
75482,-0.13797777078377926
11806,-0.10733748306390245
52443,0.054951153336357805
235636,0.1978788276922394
109077,0.22528124422808826
114715,0.16559209557387522
19357,-0.0898340027082849
26422,0.2751538117481216
20583,-0.19563727699887146
56032,-0.21277090124352416
216991,-0.19259897452561958
238247,0.08931270508763234
320040,-0.24956789080926933
106042,-0.1315154523327502
19366,0.17185016795394326
259053,0.23620640473147247
69875,-0.07453952451882095
244923,0.1915336953556359
52551,0.07347728802042575
70998,-0.18458648480441475
78177,0.1835230235387355
68054,0.21970441912739602
54403,-0.27653588444875155
26943,0.07166231984589189
17874,0.07907469586672278
100043861,0.20468092460571086
15229,0.34561512031477415
12291,0.23129820272235335
14916,0.20454589900876297
55947,-0.19169405781051818
15983,0.1863186383746669
232086,-0.20721465753274515
107581,-0.15265582707774694
68813,0.17343972655459972
16576,0.23606622801517574
114716,-0.1722511344821811
244329,-0.2034171464637442
15109,0.17899100654272182
18992,0.18827471655603878
216439,-0.07238834952627649
219144,0.20619440158405045
246691,0.28337800800976565
78903,-0.1994462556772829
73660,-0.19947371241014356
226751,-0.2728136430712276
245877,0.07101624045088606
72982,0.2651255894510274
225644,0.25281696923039965
72899,0.1962938568432726
240675,0.2772682404751854
239337,-0.28144040401979353
27409,-0.24004064253233093
263803,-0.254612657296323
54644,0.08408822892032397
13120,0.2200855620513309
83984,0.2305731701926863
94041,-0.2664077208663005
20104,0.06653332412003898
225896,-0.06510894020783731
229700,-0.12231604592793399
76886,-0.24586703079252148
74648,-0.1709960654308631
12125,-0.21518766631287356
15228,-0.25538590655679805
20586,-0.10393336287121535
20494,-0.24405776489582864
58916,0.2873817006234014
108723,0.10318856832585332
14172,-0.20710123856670126
208177,-0.21358294422810342
19122,0.15796163116673156
258934,0.19176927393053544
13824,0.3127981632025385
21372,0.09614057522160735
27364,-0.19700678632484347
22200,0.2400984820888734
69656,0.25236108844507665
20874,-0.22790472575690934
207214,-0.07130015631657649
22083,-0.17207611103683895
12398,0.10931255717556532
77777,0.23743936531554688
13854,0.05271634474618381
21753,-0.09132686028486425
57442,-0.23061156194506882
16169,0.11679194247830438
23790,0.07479243141729697
326623,0.26280645275493075
76051,-0.10938929385565466
18072,0.3256246747078624
18993,-0.23063695830122022
214189,-0.22272949060812985
16453,-0.1369074890941384
70383,0.23241334205581676
233876,-0.13546925817304878
117600,-0.26039371714918014
52563,0.23411711304779903
67432,0.2848296656648812
15396,-0.10720373190004473
11858,-0.2474142126091019
67769,-0.18709490746658197
105513,-0.0723750284540472
75497,0.1467053123519486
70560,-0.19051343892742167
20589,-0.09342770937398015
192663,0.09346330723503549
244698,0.22829753645383688
100929,-0.12894050683837932
14629,0.16070553708257762
54632,-0.06260926870150207
73246,-0.22132632844372369
207165,0.08811583512665955
98732,-0.14387545178382233
217116,-0.2103193703174302
56420,0.072157755084854
57264,0.1338893565308732
545622,0.16313285237416775
56079,0.15338980173299355
245695,0.25515845627920264
18491,-0.24471195323760764
22340,0.17359076321159161
56736,0.111399092320692
80334,-0.20923440672891358
110842,-0.07077738863427463
403187,-0.08371248991394342
68192,-0.08038384762466944
79401,0.20438401267069217
81879,0.2638643382741255
320007,0.09243212070371243
16644,-0.22669217138592934
64656,0.049593407429551206
353344,0.24697293738230242
101359,0.16603952869023253
74252,-0.058748686756567636
245492,0.2454766534029149
78306,-0.1729228973974002
13162,0.28707384871187003
66898,0.22363266656106306
50796,0.09224506780821162
73680,0.1948384718966496
17927,0.17132136383037055
83965,-0.25297204305085685
67196,0.20910587098079647
26568,-0.16942428447142532
223499,-0.10643403021544007
11937,-0.24391035756919166
71711,-0.07950417626627271
383075,-0.1896748830241064
18791,-0.25586115480633076
331026,-0.05516700390357698
210162,0.17868682594406593
71785,-0.18713678098104847
18481,0.3773194945228733
16678,0.2810964616148297
215160,-0.21075753061231328
64138,0.05605027570767618
19152,-0.21557077392199098
71838,-0.05977564000851743
16008,0.1765145163091466
53885,-0.26679596584210685
192192,0.07520539368955603
18810,-0.09752599711180387
319455,-0.21024189198593213
226407,-0.203750640145973
68044,-0.197135210688419
110333,-0.22449299689085533
71354,-0.22112517404389065
67968,-0.1500371485974421
11777,-0.08367449252944148
18021,-0.1295576727522887
66120,0.15750834290631754
109658,0.08239811080177262
77125,-0.24919086539480517
14319,-0.05087143913701908
93685,0.21786211816555978
18948,-0.1645143122612165
319804,0.23509908285606684
224613,-0.1632138994667578
22084,-0.23097269920154329
66658,-0.1493508216921633
258405,0.16056824625380983
381413,-0.2138039166220862
14013,0.2504122344138171
14560,0.16619041290999848
216233,0.18637293852794734
56473,-0.1873309513766479
433693,-0.08114270843723581
269582,0.19416528005210676
233489,0.08276292222861947
74030,-0.21762694616657718
408057,-0.21762694616657718
73250,-0.21025326701146652
16490,-0.17308500758729117
11878,-0.21187245011755929
12879,-0.3041094943474456
192185,0.07084534476740068
93721,-0.19822978577659534
12339,-0.12435561779826898
228410,-0.1314574196431879
21952,-0.1681799867711513
320438,-0.1420618680091934
66753,-0.18707615900607522
67652,-0.25700533712654483
65255,-0.1451704443674373
78709,-0.265356456937178
208718,-0.05643555630260266
77739,0.21830038892984316
234911,0.22660360495323317
171543,-0.11418583233652413
107939,-0.07283133040983181
17773,-0.2778984732212497
72238,-0.23881704960604644
18712,0.0796649377029297
259040,0.5635028091155827
22670,0.058763340576597045
192657,0.14842390105253855
18087,0.09437564805064902
102060,0.0691037002901016
18536,-0.1724203137925402
77044,0.131721071702958
98053,0.0727540032179963
622434,0.15647603296708112
268749,-0.07170879746984227
56551,-0.056788620741629714
18787,-0.2401130604142967
320696,-0.2666564294221585
219114,-0.1322841455726662
108083,-0.07583658545994965
72401,0.1841722867479607
329679,0.19527202709322466
20859,0.23083995730216067
12704,0.19217184786085806
15414,0.20577035442117442
17883,-0.22092538549425278
23789,-0.08921432957389186
240322,-0.09732928611191127
14241,-0.22653679872666022
227333,-0.09799518638654803
17387,-0.2158141219064369
22035,-0.1184684045526323
12532,-0.22143984350314216
270190,0.21828269691264168
239731,-0.262880190895475
11571,0.17196014373139334
11472,-0.24338198852189974
22024,-0.26468119994324635
65098,0.1529780031191681
76813,-0.11126081751596306
20538,-0.25767836124385246
15213,0.2045121007984454
11307,0.08162994948886038
12386,0.19518185927741216
208898,0.21793331008988082
78248,0.19579046661399424
328699,-0.2004062744710593
223722,-0.39650014939859446
100503185,-0.20020658035854755
67959,-0.07364257028869581
110862,0.18691478169105213
246154,-0.22042130599457632
269016,0.2335909000012446
207304,-0.21339481990916642
23948,0.14593975785514424
67213,-0.08398447887124583
140481,0.07730552790079148
19049,0.2555326126846591
18986,-0.0900470303687868
83397,-0.1115271408939229
224022,-0.17023182270881243
21399,0.1165156306812003
11430,-0.04872230499808872
76014,-0.072732866691128
21816,-0.1826030198649895
14228,0.09318101138870727
50702,-0.18474097284705326
26401,-0.07228762130370647
14376,-0.06530726367156525
319446,-0.13797680044844274
12338,-0.2962665902800188
69276,-0.06467874923462524
216724,-0.16048023751107543
13929,0.07151385764368001
72565,-0.4116599460952477
233781,-0.07489702789863273
106393,0.21160583436046476
19737,0.192431986139026
213262,0.3051071786268569
71702,-0.14039671928408293
226781,-0.2037781786491637
338371,-0.07153339737254072
73845,-0.23766505313512454
74136,0.11445053305089203
68520,-0.15508174211621473
258772,-0.2167302609035726
216749,-0.15081852563762066
94315,0.09502260209284241
212377,-0.10707095832910696
97387,-0.09673583288971876
20680,-0.20005533730083247
99543,-0.11792673772378848
76942,0.09681041278125946
237339,-0.15364053570266378
107569,0.12758033256889334
239667,-0.20520975579187262
227195,-0.11242659374395458
72587,0.0845516971390996
70911,0.2083758468303607
319646,0.2083758468303607
114230,0.29031907898803766
258586,0.2053683894256526
18049,0.06867759377953675
12661,0.2640958353468803
68223,-0.21544737096730593
320974,-0.2265567898693286
217473,-0.203130411124949
228850,0.0839424840906311
14936,-0.09225165278533609
13706,0.1736238289471852
234699,-0.06652368535681319
382010,-0.18097747499763095
107146,-0.2892466249264265
68904,-0.1674945287329468
223780,0.17632859312650684
233813,0.21971758530304886
56513,-0.11979964533266863
230257,0.10965985181452176
67057,-0.08501821325007697
56223,-0.1596569320764072
380702,-0.23231887082194236
67538,0.1884951228570495
109222,0.26574249861909127
12895,-0.16847241214202047
230895,-0.1795642411528009
100702,0.3530790191560076
232933,-0.1423775583064124
228731,0.23910401130726733
271786,-0.16079812699619467
225432,0.13226168335901356
59047,-0.06716048832337407
16672,0.4820779055718294
94067,-0.06984591036818699
74186,-0.2030259787160058
228756,-0.16293882970316842
17979,0.07796127923625029
215210,-0.09308665557481532
67556,0.08761173858736004
74205,-0.17336717593953743
227717,0.21286557337109357
380683,0.1657982701364702
22129,-0.05776247534662815
71795,0.10467899667099978
80890,-0.21360311272476995
239217,0.08224551926029378
17909,-0.15121972001536488
319930,0.19424037376547476
18577,0.17504787794278265
12057,0.25396996841450736
20375,0.1549300162539291
68846,-0.18279564129749826
15162,-0.09007952893134608
12827,0.28312561792403645
237898,0.10229107125356585
76890,-0.10201129363326622
73174,0.0813547158638066
76138,-0.08443762786769682
246190,0.1621520290543237
23802,-0.05246779449981709
242726,0.1780579169835601
75667,0.07216693033069843
17318,-0.15176933554431793
217212,-0.19245301138954574
225283,-0.12177020996554067
20617,-0.0765498745754627
229937,0.09825563982119512
69136,-0.07684060114651992
75725,-0.07161174478861021
110119,-0.1482516296807157
108673,-0.1475650706793914
77809,0.16483192736231356
19894,0.22868543228682547
216853,-0.05116664451217723
11784,0.24043342437360504
93883,0.1499390143741426
74413,0.23584059390166878
75570,-0.05734397022744275
84092,0.19942678514373657
403395,-0.17251185152268267
332397,-0.19298995445910005
210044,0.14837841557177223
12020,-0.2138573547644933
16443,-0.09214362159717382
71436,0.1604199915563278
68349,-0.0585882043692596
234374,0.06781569936027676
78977,0.2532755601196306
234395,0.09450304679473298
67628,0.05602998276073912
17463,-0.06946834949166103
71770,0.16740657221553512
19063,-0.12740341078808815
67452,0.211394095121606
76184,-0.19361836217932948
12401,0.2021263065445016
13193,0.21503709092763135
22351,0.08563267626220039
56409,0.05920413104939115
102278,0.1352927509355455
72821,-0.20624267142396224
67071,-0.15265067789114406
12776,0.2597279277724862
18571,-0.0735878833637802
64654,-0.09409888018979906
231605,-0.20488282399512503
12096,0.1721294463728409
15478,0.18806489072153632
80892,0.2269825225235942
22782,0.14630439982143084
11432,0.14780414391735341
380601,-0.10482408358540063
66926,0.16562647870512937
14113,0.06520413821432314
13549,0.06520413821432314
68693,-0.08348695655151506
244911,0.16593964635484948
234086,-0.17164731490920015
227723,-0.08959978473693653
93735,0.19432871166227628
11807,-0.08610620003278235
19124,-0.15370568983322475
331623,0.0912406767039311
16924,-0.3241016972532176
74241,-0.08164554789070166
74340,-0.07327798606304903
236852,-0.16239253462328618
331401,-0.11773123722189194
381175,-0.22051587491224067
11656,0.033307912317269484
66183,0.1716071497736702
59308,0.2859016739859186
13488,-0.1484574001866723
22772,-0.36199246403791285
18292,-0.17286817346448302
13612,0.17386294868065066
67138,0.11255096927741182
50758,0.09850007805890826
73191,-0.22639424772531447
16911,-0.060061333985469645
14735,0.19870603264497166
22137,-0.22443169810741415
23936,0.07000740917111159
319901,-0.14344683133491198
19120,0.24416092381323384
272589,0.10425243411218865
238386,0.1706192582635433
260408,-0.21818807133927365
208908,-0.12359244578733541
71138,-0.16722578073573846
258481,0.2525330053146897
54561,0.30175691495627444
71907,0.15253838841939693
76936,0.05853692062489024
17329,-0.15310249452442637
18095,0.23085821974191667
13522,0.20655604184023746
13807,-0.2072167780380587
16977,-0.2072167780380587
216742,-0.07880934091671676
12846,-0.0551712219529108
239618,0.18373651187197693
52535,-0.15166333414053046
319875,-0.13460811106228476
13618,0.19465595496774846
109934,0.12514387038525854
74035,-0.1194903009619166
233271,0.18968087665594746
75338,-0.1630350573955628
73242,-0.1791453539534693
269999,0.057269318700351235
70238,-0.08519926175248482
69539,-0.23757849030081157
12032,-0.17974458493574552
22169,0.1376169811373007
105653,-0.15686595783922463
12747,-0.10536796304578289
17762,0.27685573160524246
21923,0.23295702006768648
75820,0.16759829628673018
320541,0.1653005699404062
77037,-0.20006130849181814
15985,-0.09541201958422718
223843,-0.16944115926039993
68915,0.15920025982273778
21969,0.08055603093987962
93730,-0.11450359099143625
66072,-0.0586229446444122
241073,0.15714368056608663
66255,0.17429981066809574
22178,0.278588340516031
76757,0.19453728720565877
22780,0.1707066871687566
72145,0.23555252742575972
18784,0.18709473667067922
78016,-0.18954462341991807
22344,-0.07349234006846217
66674,-0.16068924351978442
239027,-0.21028339959592035
629761,0.1752019841811734
243912,0.14264213990529928
229541,-0.06506296095331265
75991,0.1260704013709555
70351,-0.07437735005374613
252903,0.06486409342006105
74781,0.07900674788957751
76932,-0.09103023822705225
17761,-0.20374077461213602
20513,0.16940391399651933
436240,-0.18482496096441503
215723,0.23366791993235214
433102,0.17301522480572018
240614,0.23342750118706856
14593,0.09943756852561769
14792,-0.05285848356140299
225872,-0.24713498435946413
21393,-0.25516006081094833
12830,-0.17842840855486397
16367,0.14861846162397274
14456,-0.17519837490198675
70054,-0.16813580799433359
209586,-0.04679087637826562
18641,-0.16771458827519048
77630,-0.2192097003655098
67690,0.06467293060230439
15400,-0.1689857003688955
56376,0.14398266688031036
56362,0.1819780086552849
103765,-0.19326460035171422
16168,-0.15670731319731424
17256,-0.053605205242645226
76407,-0.07379282234695417
243616,-0.16631331764554735
56380,0.08851332477933127
66970,0.12710080554407632
241324,0.196821745814189
20766,0.15486988278469527
76763,-0.23437045488464658
230809,0.14791777538149375
433904,0.1757100581672244
12892,0.22185876768667878
19274,0.18478978986278616
22413,-0.19393379226861018
98999,0.0777637570416605
170737,0.04876430569796497
19882,-0.06294967018796926
20537,0.1818503292810414
93739,0.051423918004125824
12850,0.09174669414823367
74202,-0.16655097235660143
232947,-0.13975512781759836
14816,0.15974142250809198
67988,0.09573332772691323
26910,0.23458714410764303
56752,-0.08805978827264305
74194,0.17470174674777272
218460,-0.18189562734291886
107513,-0.047910667058262746
11835,0.1594219860176489
237782,-0.1067237747251113
13723,0.06535793743779728
241525,-0.2165151858644867
70426,-0.18127910544999226
59026,-0.07436249004063278
73825,-0.08006320747192142
232201,-0.07456218261632941
71602,0.14313035570140542
58861,-0.1795338936532973
383678,0.21124103099404845
22594,-0.061163887117796634
170638,0.1532198542829537
259089,0.17243704121872439
15107,0.10314001442930909
12292,0.19149003975127155
269295,-0.10619498482888101
99296,-0.21517366856419962
71830,-0.17656507622413997
104069,0.17174639980646145
22185,0.14984305235546636
14050,0.05782121111210259
208372,0.18880700903943382
78816,-0.0812038059741127
70020,0.1305369415166524
14302,-0.2092440000239928
327954,0.2002126906391717
15373,-0.17712693654823575
70093,-0.1230743647867687
74499,-0.18810894441364212
244551,0.1012708585632538
70843,0.18820553625080017
257909,-0.20096356893425238
21420,-0.16143061122734848
67948,-0.1842341608362288
109663,0.19038297552760275
79235,0.2690529477021939
54126,-0.058548058646300305
67729,0.15416217974930646
56741,0.1850227980593382
66705,0.10668799049196043
240672,0.22215493450402324
11500,0.21212869981373927
381853,0.15898840194760577
56437,-0.16447889920810344
320790,-0.09080143336849211
272411,-0.1762546093264623
240121,-0.19658341601716378
240084,0.1606252429786421
230793,0.09909344917509078
240055,0.10452525395308321
66720,-0.1869851751668561
266781,-0.04981855759887743
98685,-0.14098982107357472
69453,0.22954644842765193
16328,-0.15630302782689576
14758,-0.10282291681919631
74267,0.15662420898113005
78757,-0.07100633841051174
104886,-0.1212758012203885
629147,0.09062329148927395
18762,-0.17471368589603387
14269,0.0838273265374152
320712,-0.23719232045265404
224105,-0.07352985724096861
66105,-0.06958426606621337
12159,-0.14849872770186057
70059,-0.0880141710079454
12462,-0.0633010787008832
56469,-0.099116078103485
66953,-0.1209247166326275
18173,-0.08914080872678554
60367,-0.17612008202208296
14180,-0.1984279058826477
259083,-0.18089137410751022
380705,0.19681804209068332
217944,0.15899393236725246
214137,-0.17830712420157013
23828,-0.20364176904294418
68015,-0.10900992189933234
75276,-0.1927000906776981
258573,-0.16375599721296163
11628,0.17332001212513592
258206,0.17265931790094768
244895,0.0767641680645692
271849,0.2325924706150655
17480,-0.17378009721852106
259109,-0.2393850127883299
192188,0.17226297473874563
12290,-0.14843443955499414
13077,0.2098666042027748
14275,-0.12880516620953308
26372,0.17761457967647676
11797,0.08193473436368492
67615,0.06702447533109002
242093,0.24352536113172896
26456,-0.22815465676097801
17120,-0.07440971097471305
226409,0.14287787243178407
17069,0.08050581870109319
68184,-0.08451857766126558
99470,0.149606618549198
329093,0.27267216886436163
69754,-0.08002271139468853
16002,0.18205160022512512
68942,-0.16757006767857963
70387,-0.07956131786044551
100532,0.10644580473548793
231760,0.21483669180997023
11554,-0.12491822980531797
208777,-0.14396732661461842
76707,-0.07520096116742181
70785,0.07301394689024221
381259,0.21437341468250448
14567,-0.07041748377673507
233789,-0.05158278438226738
227289,-0.16356178410613254
106326,0.07190297254380518
327959,0.09582465630010972
70601,0.07468453725634205
19253,0.052563650542515106
217733,0.25050049004720076
69444,0.16614820578389988
72479,-0.06895030355372356
100504221,0.24609514449650094
13052,-0.13759163699800236
66279,-0.14644860582114472
13035,-0.1429404163071295
230576,0.1182678862207922
108989,-0.08476684227600728
12000,0.1954699620086231
17281,-0.07047199824413486
11441,0.18619766344665933
98365,0.11458880161209528
70495,-0.15536957819349873
16700,-0.21037899392773696
114128,-0.19114360587540524
69083,0.1768900935362372
16509,-0.1731812078172199
56538,0.2290347442064351
217431,0.19033831855467565
544971,-0.07850508794689137
211948,-0.14072252603185653
13842,0.1565285742875755
24052,0.18492023417071302
20595,-0.0722485711621399
16705,0.187212434945903
20532,0.21460747138609637
72114,0.19167971405236628
17928,0.08249111854154645
239845,0.18365106433266343
11484,-0.25384516378659017
243382,-0.11151560994164633
19354,-0.08080012550274063
72193,-0.1705641898402499
245866,-0.1712951273080705
73699,-0.14428716176326706
214931,0.14550414139768852
12419,0.17941797428303197
229542,0.13666635648608771
60611,-0.16762433180830083
15423,-0.20379524671277283
12153,-0.11417777374466276
99889,0.09005048394260218
11981,-0.12510590054755788
20535,0.05634808755678122
258544,0.1751886105430991
258794,0.13437669859328327
14866,0.12020699054249029
16568,-0.07673451350898297
219149,0.11146795380310337
67320,0.21334075508896166
78919,-0.14117853725488017
26403,-0.06879447379384729
21888,-0.1747644973482565
19155,0.057725851852097776
11846,0.18131120255965705
381813,-0.1818921343943236
333639,0.11662323551983445
20404,-0.22307901991865897
241846,0.1273989949542571
320500,-0.053174210266741184
333329,0.14651315405374277
67606,0.17177520578146854
72017,0.12936879471387286
13983,0.07436698541329712
241035,0.11698989648433056
68214,-0.181865626785215
64406,-0.18351800284324726
218236,-0.12437260254189209
66326,-0.14818749705828793
70673,0.1761736266064382
68566,0.10153621690848524
64337,-0.20885970865102355
328424,-0.18197046938311967
67844,-0.08094209228665505
399510,0.12257374076832583
104601,-0.20164339993790303
12952,-0.15865251533120883
116939,0.23658234264454148
105785,-0.21400892063294785
217692,-0.0697762094037131
18755,-0.1464413477955251
11555,0.07954768601905648
60505,-0.232069476765834
16687,0.17868038751224402
76804,-0.1555857804320846
64009,-0.1310333429595385
83704,0.16367891399786316
29807,-0.11821747485880785
52132,0.09122679500834607
258925,0.18760338111809993
105355,-0.2547459044608198
105000,-0.15143352870839966
258975,-0.18279930631221664
18037,-0.13779979112966512
72075,-0.046953144637489785
215090,-0.1719533040330674
268481,-0.10579359962715174
18606,0.19000380751596868
69655,0.09809415789346776
18506,-0.16843467512579835
54214,-0.06652138407586605
69538,-0.16675744504706147
227632,0.1855573835919504
170835,0.13499634634934843
56274,0.10997918481989721
78808,-0.17202904768875182
66935,0.14093998199420277
12224,0.19347938257280983
382018,-0.16646523089239817
231464,0.08504361821152706
22437,0.18517111394409813
76943,-0.17001077551320165
14066,-0.1687714419308799
70727,-0.15366575198454235
68292,-0.06342435038210681
12469,-0.04937123136348731
69823,0.1951159428314586
13013,-0.1530278991675278
330406,0.14138222278026857
231293,-0.18243562292693838
76952,0.09791845651912112
11657,0.16151560411686017
218103,0.19176970775578983
14767,-0.1253479219510778
353025,-0.1721321447336175
15437,0.17470180173475214
11827,-0.07233397151669863
22031,-0.06677137961077406
332396,0.22249050862657604
71116,-0.052343751273889794
213054,-0.08494098223980373
235611,0.15500833430723748
245860,-0.07676019740731643
259000,-0.2199055624840689
242409,-0.1749864202347826
12343,-0.07196695877514081
54667,-0.18829181628923486
24010,-0.08926176223051563
18213,0.11879312930884112
414121,0.11879312930884112
228576,0.2237666055206433
18018,-0.06640104090240939
380924,-0.13922423385176552
11448,0.12996465864892492
20614,-0.08794213390710937
20447,0.16869213296397856
329738,0.12265146889791012
110075,0.17976593506835536
68567,-0.2640128898886793
21857,-0.15485855038453078
18770,-0.23386240129078306
21388,0.11988103040175524
11789,-0.0909284675115547
332359,0.1494594138512162
15436,-0.23400944131872148
80859,0.13887234990064368
117606,-0.17975413528103612
101809,-0.2081616732149989
14062,-0.06620624888597781
108954,-0.12702273975814293
29809,-0.06548744717379584
74760,0.1868871192893149
17184,-0.0648076388332468
76799,-0.04445143185270162
68796,0.05695749500043057
12211,0.10241078299254802
72685,-0.21344496726273832
320119,0.12065487929390706
56229,-0.17832631410263922
76486,0.15122018493344846
263764,-0.1987123092068428
22608,0.06538457654900043
70977,0.08128144614705679
18295,0.1554462376790111
106861,0.18702192651224703
14718,-0.11627667001718756
237934,0.1855276849786729
107392,0.10497550108129161
74008,-0.11229270113395007
317755,0.22594222919995754
11596,0.13050345418221454
50787,-0.1944413263482363
50915,0.16286521317080105
14314,0.14405382624946572
68035,-0.07190979254174934
14622,-0.19190706963900483
208606,0.050920654668773935
71373,-0.16692150856925547
93760,-0.0831256866672252
224829,0.14766993959720232
110308,0.20653826688959587
319634,0.11617757544937746
100683,-0.09979087896710226
11810,0.06262054983691989
68678,-0.1561519094220225
98496,-0.12069013603821599
70575,-0.15004539689978547
103534,0.19147746934060006
107585,0.2027176975686258
16878,0.29825516527743634
665992,-0.05933578387829286
223754,0.048789504505410974
12144,-0.15716199202768788
13164,0.2326322909429006
381534,0.15842741928257276
20021,-0.1053307375632464
12797,-0.2106591832446556
100038860,-0.13362994653900007
237711,0.15969058003163727
193034,-0.1935982237207723
20834,-0.15185849047671685
14427,0.2522855050669941
56175,-0.1842161720272366
218454,-0.16422971521246854
74019,-0.16632787525782167
66899,-0.057246717756321175
102614,-0.1895748373341144
57315,-0.0546809436279414
268807,-0.14428635494597852
20355,0.22678289133727425
209195,-0.1932978561050418
218232,0.10124599311054183
57784,-0.05629433946974771
19374,0.34845372420740084
20511,0.15170535666623763
56421,0.10425487104095588
213649,0.17010563928937472
239405,0.17020422957975878
217351,0.07446391402352592
29857,0.10199064563321691
56275,0.0820209941053438
107358,-0.08046877777463735
20662,0.1845433664909395
226470,-0.08071384832169493
78798,0.08165157374234155
17279,-0.19683680183203256
622665,-0.12439080901628774
666907,0.12835056880505125
21683,-0.2595014936259865
667823,-0.1092926009695887
170812,-0.1468979595077755
66625,0.058374873709057695
17384,0.40442701251672286
18387,0.22201834174271884
14208,0.07231904738577999
55987,0.17489738110584252
18171,0.13611872929170366
56484,0.12300377051412603
77744,-0.233316166554971
70357,-0.05634528547618256
13002,-0.060960532516682875
320343,0.17192497239391624
22019,-0.1410505215125024
382074,-0.17082010398940106
14676,-0.14407777024011637
16790,-0.1961055951026056
227960,0.12995480686350191
211064,-0.1100079051769578
654309,-0.1100079051769578
71723,0.0745624820236861
230872,-0.20055908882784212
18505,-0.19836073801326837
170711,0.15833424398632046
66530,0.04113800113936783
70225,0.06026671467463807
212427,-0.1390852150440436
381280,-0.1390852150440436
224111,-0.10957326558768266
104382,0.16588649541885658
192285,0.06772724833043142
21985,-0.06303460706950581
15977,0.1439459100865239
238555,-0.16032042900680388
17714,0.12285901435938662
114606,-0.18440770679379614
13498,0.11770595898479641
67826,-0.05376812434169764
16574,-0.15867984541941382
67608,-0.07800959773909799
619309,-0.15244945186691883
30791,-0.0733424488400427
71712,0.18671147083972173
240442,0.15370936528351553
269003,-0.06474395732410265
74068,-0.19773330826558944
55983,-0.12104464192540654
12495,-0.11986563253801119
14874,-0.04847458583115838
15485,-0.1445753659090574
68662,0.08868529309048334
381290,-0.1759382123725608
18826,0.07487967226327363
224090,0.18508868963340142
94280,0.047758415662562115
382864,-0.07873206530366961
102639719,-0.07873206530366961
16011,0.16776909446764643
20191,0.18243872609313216
192190,0.16669677507140435
71974,-0.08641475067962379
105855,0.0650891372309399
70762,0.05557786519287511
69060,-0.17316498187058071
27414,-0.08976002100314773
18670,0.0900634433103491
50875,0.07256005915840191
329078,-0.14901719934580315
18169,0.190038685842016
207209,0.1541402742246505
74174,-0.13064958389591608
12298,-0.15071114255862472
57890,-0.16888428289218904
76444,-0.2267776762943532
56087,-0.17222520951982156
67588,0.12179885517853428
214742,-0.09146942692562732
22273,0.044458004492087255
20019,-0.13688630272392555
59310,0.1498096325661442
20272,-0.25037006385813587
68465,-0.05167014729536312
319876,0.06619350449703632
268697,0.13203097861916646
68421,0.06383001812599076
278279,-0.20214573341147268
19344,-0.14479483328325404
12738,-0.1250297056341103
434437,-0.22610368379075085
432879,0.09864071490138038
21367,0.1589653972535947
19043,0.0414705745391597
108073,0.18135346420626242
20775,-0.11066526859165826
60530,-0.11811866465152843
12662,-0.15330577158251746
14706,0.08079858966882902
72459,0.07447640427873559
15490,0.1511215810546913
93757,-0.09561252197508274
213773,-0.17402917475359203
69473,0.20098272996304978
50766,0.19919259632175557
12845,-0.13669342785020966
381686,-0.16356145751539453
230484,-0.08299823388561478
69547,0.17457592708590175
19194,-0.16258014256218623
107568,0.12394689074692788
381580,0.12839426003778254
258270,-0.15056798353276557
67671,-0.03098812568943643
72400,0.1787509973083221
17390,0.19300199624710412
320554,-0.22571732198188776
72431,0.1356154270004737
54160,0.06622136050253413
81877,0.20519220980146002
11518,-0.04267561592102531
22695,-0.15656172500771515
26909,-0.16284007697022407
18569,-0.07296478583086241
223828,-0.0690063078641634
65102,0.04710102318982656
72902,-0.1955127770342342
74104,-0.11527494472228739
83430,0.16948431678871456
16803,0.17946126157846987
99586,-0.12304672421000662
11549,-0.1446446561376722
11852,0.1506196490684344
18548,0.13609087258746522
329693,-0.05131396880256034
114774,-0.2034386081773807
12393,0.1785750913655102
72584,-0.09036251919734184
107732,-0.046250660576875546
117198,-0.06940372960231755
381823,0.15186591313641085
236900,-0.0948358226202437
67684,0.08606608079653455
21898,-0.08197136096152047
19326,0.046643499943861855
93875,-0.13191513252342446
231630,-0.14655591124073464
20563,0.18458140185290084
70625,-0.08091154777547871
80904,0.14335853630728312
258869,0.2128091620147683
230678,0.20042685086856338
72748,-0.14819097661109826
14161,-0.15010860150937955
53902,-0.1437603939385994
258439,-0.1745898104982886
232441,-0.11330329837497644
72823,-0.09500421781937796
252868,-0.17718389977047755
319695,0.1268254249873353
268686,0.10276128120898864
68879,0.06072255918887137
98256,-0.059554915829194144
12294,0.17301318117027753
19891,0.09676149277914359
56522,0.12187551733258051
102098,0.05493299978515509
20181,-0.13555298727322818
232413,0.15741260414021774
52626,-0.04984437765189753
71685,0.13464724790475202
74025,0.1723092611532291
17986,0.10396284500219011
70683,-0.11993221344355831
12175,-0.0435152935497225
320563,0.12784839403670745
320181,-0.16227889741656742
14726,0.1739059524908262
18813,-0.06629327625215531
67760,-0.10761678310827172
15516,0.05342955597034482
24066,-0.17717313554136105
104394,0.14077877784537485
67292,0.16873388160155578
107065,0.13656457937264
14685,0.1970062897314273
338364,-0.11419167990088308
231986,-0.15394218282260042
30052,-0.08296601850775964
21841,-0.1261749127232239
93879,-0.17878603709409413
56812,0.11365197116373871
76303,-0.13991139446290113
14125,0.11030872754899868
541307,-0.1580231584163525
58172,0.04691177867605134
53901,0.16288024245145216
13385,-0.14647230783998388
70461,0.09453983552787726
170767,-0.12987427124244721
100504156,0.12393947992578092
208266,-0.056524612047997635
67456,-0.1195891372399851
11775,0.144306496756208
380993,-0.11283420399131305
192187,-0.13326380495326795
78781,0.04251620166488479
18534,0.16416003605393303
110805,-0.16976287656856393
317750,0.13729705718492013
18607,-0.03884711249320283
229699,0.19639693199077168
192653,-0.15977155704399681
70546,-0.05352180421870223
20675,0.2689840157980026
110147,-0.055375719681045155
109754,-0.077025519353219
78783,0.04022468941536772
77975,-0.04784145926569039
75964,-0.14774183326639623
52906,-0.049772613120231846
16400,-0.15348413953128137
230857,0.1253790738548517
15408,0.1655750234463511
14958,0.1590054918073287
212085,-0.13500669497177986
227449,-0.08666046263803295
19219,-0.1282905082545227
22418,-0.16744725141944272
22116,0.1414148210319608
266690,-0.14519307057384712
123956256,-0.14519307057384712
269053,0.1171901200856249
620709,0.10579945013859948
266614,0.1292218621156982
108682,-0.11766151773807909
12371,0.047435423518452424
21983,0.141287697034441
237465,0.19966461623672993
15421,-0.19850313906272898
242894,-0.08453580146506923
53605,-0.03803351917782116
21750,0.05630538393996076
54324,-0.15444176459050585
210145,-0.12226049203705758
13409,0.15509029820115483
14762,-0.2002517406190676
16409,-0.06887317314658503
15572,-0.1407648590633439
208795,-0.13153874145301359
56846,-0.12435586327104531
80880,-0.11035337377941623
20473,-0.13153831057447274
51813,-0.08026616491084759
19267,0.16989339603905407
66464,-0.07690858927149513
102747,0.13307160029047926
227937,-0.10724402334839045
380728,-0.08247919376687562
105787,-0.07074858474799761
230657,0.13962666425411108
20399,-0.0718134153536969
15357,-0.12530327761808824
13711,0.17338602134204528
244058,-0.09015660389977675
258985,-0.18387969930913517
74469,0.06492428422971308
74868,0.10966073225010042
70208,-0.12371776237237775
227399,-0.1471946561659463
70571,0.18138603132523912
11534,-0.08180671624361047
105689,0.0440115924127209
101943,-0.07142408472227935
104910,0.11116870945534263
67469,0.05605298912416057
215095,0.17828364629403826
242735,-0.10567473952135664
16551,0.1406922553020591
78255,0.047801439651992794
77629,-0.16530158910424753
380863,-0.13677085029216762
16407,-0.1730251793084694
72693,0.1392870321153663
74096,-0.054509834587841866
386454,0.16243429801007636
226162,-0.05395513412923858
69299,-0.19078585104934787
14534,0.05708572494040354
270049,-0.17352803092046365
22346,0.04190291401634738
19085,-0.10993694595603731
230590,0.15931932224597656
104307,0.06950773543048605
269513,0.133586721103792
17153,0.13084234194863065
53607,-0.06229937567388255
15936,-0.10878613886114596
13874,0.14019956020315583
18616,-0.13638081224014353
381546,-0.14424296242135526
53418,-0.14424296242135526
56739,0.07001937206879916
58203,-0.05111133576986404
116837,-0.17350984179708107
69671,0.2041143565319219
66569,0.1537661728740325
54376,0.11477861578033988
17095,-0.045054224673966914
53375,-0.04632486254934065
13138,-0.07893164373014017
18408,-0.11078527693815321
54613,-0.05624350683998536
16005,-0.14582907515462828
54525,0.1540997711816372
21848,-0.061971222752822186
22262,-0.11931529533212881
211556,0.1468537130819625
71223,-0.11392211474698133
15220,0.15955972107411132
26968,0.3728113213311284
99011,-0.1417968033654251
272359,0.1294304853628434
18104,0.15065116322815442
545366,-0.11226661949530836
14043,0.14610889184447373
268420,0.060691141013144545
320100,-0.12421368322061
246049,0.12816946499086157
68475,-0.052010067096757595
241520,-0.11031809839469098
216274,0.125939761153945
12405,-0.10444648213592611
11774,0.0440230530299921
236643,0.19029996358752665
70408,0.1475007088461311
20194,0.049313162596535065
72103,-0.07819301341326046
243725,0.10936466754584107
14432,0.14283804043874015
60322,0.12103753605581424
11601,0.14227460641255307
70568,-0.1340807776517634
14079,0.1691175830401197
224020,-0.0688827962214944
110094,-0.06254067145032671
71538,0.08634373450820831
110891,0.09198493124711948
21350,-0.16249312822431072
53871,0.14487778141148233
19134,-0.13321643006097528
74596,-0.10602934988171331
381058,-0.14846229867635552
56706,-0.08848111231529376
16704,0.15062196943096318
22073,-0.12838079454393103
11692,-0.0927825580158288
18761,0.04387587300149853
268534,-0.1420070692913442
74561,-0.10525396930905595
245403,0.1297376519809692
503558,0.19344111601628677
12861,0.032847040915095604
67134,0.049796413431399955
268935,0.10865161359684983
23844,0.1623536101147316
20286,0.1310807088534922
625599,-0.12629951578582777
14229,0.05712230427677234
13032,0.053787771015439745
93877,-0.1317129869391387
64340,-0.1367235466577421
27984,-0.11230936297704819
19746,0.1413905948694385
66375,0.06498749824545591
73122,0.15104127356990382
242384,-0.12221426855140871
71966,0.0434063209849711
99375,0.1235396006498668
241196,-0.153180922834395
217369,0.12472166303683618
22138,0.1580010661611082
70358,-0.1244160628509623
380660,-0.0944401322815942
14012,0.16148777284651183
20534,-0.04114433120857086
18816,-0.14525529494669875
78634,0.1271777257247484
22115,-0.16422169634637962
70552,-0.13252524935231325
433323,-0.1650888029087545
100216474,0.1291463284814789
12847,0.055742516137133435
69363,-0.09888903243849967
85031,0.14729704007040567
19300,-0.054009708748141705
170799,-0.13377829489989335
26357,-0.06776097100611
71323,-0.141928209620096
83431,0.054782489274749935
12167,0.11986619212447636
245424,0.12653424511762612
19127,-0.11287201777977351
378462,0.0914339399689057
67088,-0.1357548513633997
105833,-0.1381450904537571
26405,-0.1284722959947171
208098,0.14148456193309356
244891,-0.06827284242323106
57742,0.11976907561984884
11761,0.13024269620295215
18843,0.17121917953652188
15110,-0.11224988566684058
30840,0.08095119839901432
78004,-0.1449640429263992
77040,-0.13305405535974568
72472,0.09545371622795784
22253,-0.1259133838054467
74133,-0.10068681595085227
100705,-0.12799564965772436
217593,-0.14335657215909237
71586,0.07517085734341222
217109,0.13119953957431107
15430,-0.1637627498556702
16401,0.05919472927716818
15413,0.14640303105554286
434778,-0.14713459099973836
18767,-0.15970940644599851
382543,-0.1169811145635089
20669,0.10786023715553128
170791,-0.0463031276267305
236930,-0.05648304019777761
13809,-0.12689683686330566
241694,-0.12913023266503387
101543,-0.1422606022022661
53623,0.2254580808414426
71939,0.08774852339595363
654821,-0.15931445039454006
219148,-0.1435258811247273
76246,0.13411507708334902
338346,-0.17326613130133772
16526,0.1775400554988611
17865,-0.0710167276910525
13821,0.17811196127024864
216441,-0.14745955610787354
73713,0.1467715161550478
12663,-0.11378714847765181
103466,-0.13849939055366978
320495,0.05183482064667011
26441,-0.047480986696216476
12155,-0.1606316311290068
194744,-0.11518288953463518
83456,-0.3487266390519528
16497,0.17069797543496446
211550,-0.0671711529881005
12362,-0.051262865669224666
29864,0.058553497493688766
233187,-0.1020287175128245
54208,0.052324137924058434
52184,0.14868775554602198
20439,-0.06611712559195837
26972,-0.14295729809889313
380836,-0.08770725585286243
67945,-0.032502937518525954
100039801,0.10765108286007807
22626,0.13303229394538896
13392,0.1531428082853381
71020,0.10467643869733045
20505,0.1883106259643217
18002,0.04077307540847386
22319,0.0868446833259604
226539,-0.12902446244762444
78751,-0.05221519068534164
14431,0.05697481198579979
22335,0.03414131307201096
66070,-0.03850577906743702
70392,-0.1177923926887523
71982,-0.04784653104710124
72351,-0.04874688875344191
233801,0.12809435918917034
16423,0.034726015757506445
83762,-0.04941656255577165
74778,-0.10775556640596662
218544,0.12635822993667656
545085,-0.13983474542760543
269061,0.04755969454088671
209047,0.1685542372352753
227377,-0.11168482031012505
211482,0.18976738297548357
27643,-0.06921482577645399
100169864,-0.06921482577645399
214968,0.0782393664283898
16512,0.057591231228253825
13608,-0.16874425781870261
13394,0.13018522076298478
12957,-0.07272052381444105
110651,-0.05744076851768032
16885,0.04913839647096019
16680,-0.12508945480084455
11475,-0.06906676482788665
194352,-0.17509125683330629
11468,0.130998091700941
399548,0.131417266159354
99035,0.142573295530668
23971,-0.09510095454935552
26428,-0.05103316098641031
54418,0.09679878834620936
105835,0.051345169063091944
22598,0.12021194226000942
338369,-0.12700976115380058
99311,-0.03979103233196213
22439,-0.15263146888329437
107351,-0.16748814489948494
66857,-0.07192354667777145
94092,-0.18786353103192965
73106,-0.12804098592043456
16665,-0.1585160726937751
77286,0.2094586750126224
26961,-0.035020289192909004
17681,-0.1672110198062211
23876,-0.10942267104119141
280408,0.04776262943386911
66264,0.04982167352856237
230767,0.04982167352856237
23888,0.15715587083530203
14598,-0.12864473242292185
18828,-0.20223113008554217
22255,0.10024476834355411
68094,-0.1230883354106469
27494,-0.12314184302160669
107373,-0.04455161445137179
242341,0.15244520617120916
66596,-0.04451985722487173
237891,0.12437075813560305
22186,0.03458976560647642
259300,0.09658614115994002
15499,-0.06822612755821034
21423,0.10122406230962255
69962,-0.08892065091397683
18515,0.043808336157619365
114873,-0.14977312139266763
67092,-0.14859896402810868
258992,-0.1878300939420101
77110,-0.0392898271396529
330409,0.13962522446571057
223920,0.08053730652691016
19212,-0.08774596559590453
208677,-0.11675417686936207
140806,0.20004175013300163
216197,0.13202817116013588
11539,-0.1390235110062621
17873,0.05310489062181212
17381,0.16403647212906325
26386,0.11243876183266277
78688,0.11243876183266277
64085,0.12357840858444824
14962,-0.09913700255710456
12263,-0.09913700255710456
21785,-0.16276972296662073
227154,0.07279698455864292
630994,0.07200672740113934
14745,0.12198239017599155
109113,-0.04796102370929489
19730,0.04480320078360833
239364,0.11600800289350754
12866,0.057679036417290774
70248,0.044520167768631325
16971,0.08492088452856983
78889,-0.0956234472945221
22038,0.10592950866480866
20833,-0.05394685363301299
84004,-0.0749336095335682
223473,0.12651548514402222
16874,-0.08058512663480677
13885,-0.03755504732386683
26945,-0.13156997298398343
72296,0.0302944182335132
103806,-0.056369889712966526
14761,-0.10666453520922392
15221,0.14688270921615976
66353,-0.11051235794105452
15568,0.09962657095454475
226841,-0.15308374963432758
11886,0.1054995513490411
20132,0.09811188747666932
245683,0.13235156861362984
14681,-0.11769475407796026
52690,0.040112360785183654
654812,-0.1280123494878289
56773,-0.1906549906556556
27029,-0.05921872478761081
11989,0.13387253252356324
230903,0.1377100532105926
20271,0.11181315613801068
78653,-0.03862191820460836
22423,-0.15203589889891544
14686,-0.12114345795733428
320782,0.10724687588503823
29863,-0.1534167052542319
71765,0.05064429181549279
224823,0.05064429181549279
67618,-0.06302942899673081
208634,0.1907871579935776
16776,-0.08917957206748373
71453,0.12734191202586853
11876,0.12132534098756675
15510,0.042831573695616854
72344,0.1325050606750242
72033,-0.15992120077909888
108912,0.11396060779614814
211798,-0.12034423087719004
12468,0.05021452069383514
23921,0.10623182084572669
109672,0.03600914171197189
20667,-0.13602230786493585
333050,0.10143241466043307
13497,0.07263832270876858
22130,0.2253671850734702
19696,-0.06579307061315198
71241,0.10496768239316312
60363,0.1181690235859385
22256,0.06319302483089828
67771,-0.03954470852059622
13194,0.03836839244067036
54194,-0.05111032422043138
79456,0.10016754194690325
67701,-0.10046607791481232
50907,0.04580970869516854
68628,0.10562529789625419
16470,0.06487393780475337
56316,-0.09421836921954618
16192,0.06307896722786133
100113398,-0.07912285402428498
67728,0.04825893143469173
218442,0.04469595844874252
58521,0.04493748641637474
22591,0.06477338706033997
20678,-0.14616834552330005
381605,0.06454820771465464
67458,-0.08803107058488813
217154,-0.10478400836347035
621239,-0.2409412414806562
66355,0.059140413578233186
320158,-0.17861921625550448
493809,-0.10658335310548761
231915,0.043497463699893046
238130,-0.12696819781062274
382427,-0.1137802438473372
239857,0.147607735631893
233033,-0.044715926162799846
22095,-0.11779343837044554
20698,0.1101383209041078
414872,0.06710923486213183
56727,0.10618265512938141
328258,0.10983623456499192
56758,-0.03914501895583378
259075,-0.17418079807427667
110074,-0.04280660688369409
11474,0.10547517459052669
64918,-0.1245472944874857
107528,-0.048409013600343
13072,-0.1331427831096601
26878,0.13391895742482696
208990,-0.05821583017901588
22113,-0.1575627499654555
15404,-0.07433174701836442
16323,-0.1079115041048686
83767,0.06531146678469923
27280,0.0925407622867791
69912,-0.1492158204987044
67792,-0.14867731281040264
12642,-0.11049461350208878
64103,0.05420363212717705
245643,-0.10101440251816829
69726,0.09836100364632383
665033,-0.17453694048409973
66643,0.1379708050160029
192786,-0.05524681003854681
68460,0.08963186665363398
56873,-0.15334169263258168
245615,-0.10365861074069205
108086,-0.03957295382619819
433667,-0.12764765405673195
224903,0.05539038096106985
67308,-0.10254580788837409
208659,0.10347508974429909
108012,0.06126244400432057
74020,0.1033547176687808
12822,-0.10632014465467243
68760,0.06811941014279732
70810,-0.1884822394920831
23959,-0.0626832406362059
385354,0.14298113251672984
23874,0.04384314268817491
68653,-0.04907716365643289
14086,0.1147320944563015
12482,-0.05231505180355711
192775,-0.09360034649983184
217718,0.05418313721649426
70530,-0.11871778465142624
13876,0.1431054392056108
63953,0.08408635395793063
16498,-0.14096156285392336
18508,0.1423484843753231
70061,-0.13856780231275945
66383,0.042484788846609334
218038,0.1545583328679121
76183,0.12223056538969157
228983,-0.050785201727748586
77864,0.12035022266586459
75739,-0.12669033130031693
50868,-0.04782557449373215
22652,-0.10702165511189321
21788,-0.15026032694053804
229534,-0.05405042262329651
71918,0.06387499166778099
105866,-0.1542125710049307
114874,-0.10008893867635127
66442,-0.051884968295279776
14373,-0.12955445975965318
67574,-0.11810336099463914
239530,0.12431964314650834
240087,0.035474924200103786
74271,0.1280268153828099
170760,-0.09794653480433624
69480,-0.10299083020708633
57295,0.06969512318895799
56218,-0.10448903370464002
109181,0.08358546477202022
338355,-0.03996162414076032
14674,0.043313512133254406
76965,-0.15942990455643402
73690,0.05056289837928318
54485,0.10088072486506938
246102,0.10912447060672115
71365,-0.09841983300261159
110033,-0.07140226083755241
19011,-0.09860674089283439
231691,0.18861263613671664
11720,-0.14927084167576377
81018,-0.0422748874434653
106572,-0.11299395995417871
104625,-0.03820057242982067
231125,0.1082311453163296
53893,-0.04153640042362028
20623,0.061600703109737864
11826,0.06470405844660299
12524,-0.06959718283648808
114663,-0.09463571769232537
216440,0.04060356486094108
17288,-0.13414547010061328
215280,0.03813274152993884
24013,-0.1202657716005846
14055,-0.03884166217358853
71972,-0.12434229400181618
16673,-0.15887709435326514
320557,-0.15474106043156688
15932,-0.05838164581123273
71099,-0.07229240199202103
258736,0.094272324641679
245474,-0.06321575168775873
22224,-0.039458211578706326
193116,-0.0499965051935245
252967,0.11005875713718538
240756,-0.038812068280972056
258408,0.1849620833285095
216859,0.051395853567200334
216858,0.051395853567200334
213527,-0.18138612766292672
74775,-0.03653141669759208
73388,-0.10456142764082443
104443,-0.13599806709940365
71146,0.07216974764857831
74198,0.03995779456770521
11425,-0.10648860360451584
114664,0.04196579358378649
17896,-0.04145424611835402
74253,-0.08749975157800449
269593,0.09458977324987217
66959,0.09127728894017917
71093,-0.111707143627088
227644,-0.0404035986112703
58865,0.07563263282625776
72236,0.1501234272332015
13616,0.12082200842497537
18023,-0.10877460693198504
382913,-0.10224835079631589
225600,-0.08237065539670096
72388,0.09704542873733857
109272,0.12306273411544755
232973,-0.08704295504989545
497113,-0.11805622393636916
244608,0.1429335131222964
233280,0.08691418756187552
11783,-0.1574745139330611
68187,-0.1827876370556223
22788,-0.1320988775435481
17380,0.175632546821459
20672,-0.12072177295869002
170483,-0.10960138157127242
27374,0.04458062210694713
22377,-0.032602473968575296
71448,-0.052602641788881854
54215,-0.13306793495377356
73902,0.11380635211998724
15502,0.12408872602734533
22787,-0.13709793553528105
229759,0.13318795464091382
210094,-0.10334504464488958
76156,-0.10381122113522734
101883,-0.03963503790958711
20860,-0.09549278601156619
17127,0.07981370676311172
22415,0.09070382957907164
434156,-0.10586081241573586
75137,0.10770662900410954
69171,-0.023388620301568963
16164,-0.0945712681850095
217302,-0.11924394579393516
210148,-0.09762425325786417
320011,-0.04008648828571992
227059,0.1063503524131919
66881,-0.08773020291811218
56228,0.03528285055020319
319945,-0.0518928131726355
67707,-0.03943583795321892
240753,0.1170071329121396
235504,-0.054810696444315354
213109,0.05098885514976459
237926,-0.09404311704895285
68671,-0.03674563618762683
73914,0.10505513897346219
111174,0.1953176520650386
56418,-0.040159043272783634
16504,-0.08512308925809453
69540,0.08411228025539064
16525,-0.10619887602427802
68202,-0.04330064454471305
231044,0.08670764239067097
14828,-0.03209994435576924
24088,0.06408612940521596
110312,-0.13086244907226963
72117,-0.050389523114053425
434484,-0.04069342469138526
76795,-0.03595309864530094
63954,0.15080164021574305
230848,-0.03742085841111198
216549,-0.0317291290690882
52150,-0.09304975071569643
11812,-0.11989288133121079
114674,-0.13944938665738604
20474,-0.06728358694117009
30839,-0.036015099197921785
13411,-0.14352954337480783
229363,0.08052640894311569
12259,-0.111884475689775
69384,0.07929233203710062
171382,-0.10687523532124299
278795,0.09561963937651186
16917,0.0702464106428593
76843,0.12444858310736384
226419,0.10713428653090329
116838,-0.09361230912809493
104884,-0.05335760152822999
18705,0.1425390406974838
18045,-0.11549654880985116
11655,-0.08092677828346062
67929,-0.14055185240633694
11480,-0.11405952705777267
18036,-0.03747442584495353
81702,0.042425723410304705
68014,-0.07691854396553754
241764,-0.09245789412047678
56429,-0.04124358935211436
16875,-0.13676116003220073
214579,0.11194028078454465
258407,0.1079674615825601
17872,-0.06982390023647511
258636,-0.14638003553393109
27375,0.03905537848669649
442827,0.08865057363183482
22030,-0.034842598132213354
71710,0.051599717812322865
11776,0.04710419100109675
72049,0.08968752502223332
386463,-0.11035618969012617
68955,-0.12273517934815059
13875,0.05727593389007524
30050,-0.08013185497317288
140546,-0.09236453703527925
193796,0.03746778471550094
66557,0.10403895156423992
15500,-0.08810059004339177
625638,-0.19555605383855967
12494,0.0552540683436753
408198,0.10984988335406776
239436,0.09858699875165122
13865,-0.11512844559921831
242248,-0.060142069927421105
14587,0.08949267255857585
72297,-0.1503994847527137
118454,-0.06969733547652357
20877,0.16955432164872342
217218,0.08672774829197216
54446,-0.09365385722781827
212933,0.11225233413513092
74616,0.07159304016031243
58194,0.05100586788362094
23989,-0.05646545986604501
11906,0.12707991969239707
214951,0.12500696274042955
26413,-0.030145709296672152
11936,-0.08480963656238316
77945,-0.048929817530067865
75608,0.07858418327292327
83602,0.03639440022194762
230579,-0.09432380111327854
104248,-0.08834210776122653
67889,-0.028235019294646335
11772,0.07163677852922046
56531,-0.11436513713891472
108888,-0.03350521023767783
171567,0.09250906671902648
381485,-0.10421525387413144
100043474,-0.0852566161978876
227627,-0.07960448854452062
226101,-0.08604499822968625
70008,-0.1208050466701307
353047,-0.0407247775742654
74493,-0.14249763461402587
381305,0.026618072084509947
103655,-0.15834050782748577
18159,-0.10746429765588994
329416,-0.10133663206120236
209232,-0.12178065984625963
17847,-0.06947948773296098
13801,-0.11106161327859798
544963,-0.08555867325337196
215384,-0.09596984708845202
20018,-0.02993858399732474
71827,0.08571787661906916
246747,-0.08173336703356071
72522,0.04167300529023521
18575,-0.11004161991945871
105732,-0.1311893302189544
76527,-0.07524505142143134
15529,-0.13043126321017873
268480,0.12232944121914002
20174,0.03818420825687596
235402,-0.06941162237583498
14048,0.055882291900642755
243043,0.11166475019252653
12316,-0.08210325324345202
18504,-0.09731160484542034
67864,-0.0634214299731557
338362,-0.11644641428929248
214901,0.09234804244274386
216119,0.08695688297972026
18516,-0.12513748357346444
66166,-0.14867004277441076
30939,0.03716918738467356
98558,0.09922286253708545
13998,-0.10524546364709675
244757,0.10179524703763843
15117,-0.10074462321347166
224344,-0.07347122985787014
71878,-0.1618348044012654
16553,0.07688265482649648
69085,0.049221761467908465
69514,-0.12188063068701549
67153,0.04209149712129978
241576,-0.054400777830950986
57344,0.043399634127911924
240633,-0.11303527982155348
192196,-0.04960674042666646
67500,-0.07940766172748681
207565,0.03985067601400161
13828,-0.10918342358518451
258105,-0.1158226963393969
67068,0.03021565038566365
380694,0.09480514212545987
233833,-0.11030561943439032
70129,-0.12062620976589189
19383,0.05848371196936242
75986,-0.08454273780202559
269224,0.09842450089623522
58991,0.06836233687452875
54391,-0.0585999108578541
27390,0.09314585329065217
56412,0.027772818905384966
67763,-0.03513671568648569
19091,0.10884250490252434
12014,0.04910514475011851
14571,-0.11772838640646466
12944,-0.11022945091271197
13492,-0.08137453213390833
19133,0.09858149441350417
54611,0.13510550888078754
68201,0.0996906008537719
13645,-0.044235469207205114
22428,-0.03134018603663691
14397,0.14375349360362977
269063,-0.14032851377981892
230603,0.10603525819374937
75625,0.11212798320128758
209416,-0.038207908339915164
67425,-0.11157450470309183
244141,0.061043884637199675
74281,0.09582626110889203
27413,0.12056800553012881
257962,0.08872772959756814
53897,0.12057468907431135
209590,-0.10382312222788359
71835,-0.06430577600540577
240916,0.14051479871272932
237073,-0.10211742321790052
74277,0.048640411049829524
73132,-0.09543390732830659
63828,-0.09770863371687355
233199,0.09198047963232536
12121,0.1293849272793577
18302,0.08819163515672912
59004,0.1117457812042808
100504164,0.09712191214196775
18605,0.0902776160976888
71363,-0.0790481200347668
333088,0.10455768873862503
12522,-0.035574690977437484
380614,0.0975674813497287
12962,0.07543114046733468
77706,0.08095156389993319
211232,0.0933892403323906
263406,0.05405189103433372
192161,0.09347929260217391
16703,0.08429480144233281
16332,0.041459527560695264
19782,-0.0938869120707837
18386,0.0826657999480025
71865,0.06514899316069034
28064,-0.02668468308372418
17427,0.04530458304532026
241289,-0.11476564527953759
94224,0.08811528297538285
15111,0.12037137981384705
18007,0.08690853107731478
223513,0.11031877048407113
65114,-0.08417236673856543
59015,0.0531212262518741
12606,0.08581027912750461
54630,0.05171716056359443
268890,0.09424761132931225
14810,0.10247270981725976
69568,-0.04837393218374242
20371,0.0697792108855646
209018,0.04512948293956587
227738,0.03669692723755347
268729,0.05346169406465329
110749,-0.0344396395037716
14077,-0.11877186990998556
13163,0.04127735592966708
210126,0.08756583945958152
240518,-0.07134997831333045
21380,0.09296536026378366
15445,0.15430376328953654
194126,0.13575177512036518
269060,0.1221800781157345
66844,0.09534859917273053
20197,-0.06248682271505679
20683,-0.10165507741870883
20475,-0.09626590965449733
70097,-0.1008281971025573
16769,-0.1214220921292899
231876,-0.10682171630098036
54371,-0.11142352255172039
170729,0.08478407728159532
72569,0.0909867601455332
240263,-0.05897518454084505
26903,-0.09079059237083609
207932,0.0741308930801221
14247,0.029261716387660286
107566,0.035921052793058905
69317,0.16056705764504375
107449,-0.07972422074557661
56226,-0.1058946416581179
23850,0.1096363190843519
73010,0.12602184466206623
20619,-0.05689125188294142
270210,0.0761580605540666
24117,0.13210065032918372
238799,0.030027422187123065
14825,0.13655440796127705
67622,0.09264244040213399
76832,0.08191450439209014
619289,-0.11414211913431238
546519,-0.11345618512167777
12837,-0.06689008804453689
237868,-0.10662356172628673
269233,-0.0897406551818003
19703,0.07282578543296214
68755,-0.05067605521469609
19164,-0.030894504641052478
19156,0.04337119979832238
240505,-0.1287676303133498
434865,0.09683876770655919
99382,0.04668531170618806
108078,0.08196409172028751
73316,-0.12695688811560624
80905,0.10951125454605748
29816,-0.060099866628182674
194237,0.08692817763215555
70925,-0.08614657320255681
239606,-0.05064330833323183
73569,0.13153432952285504
71228,0.08732651152155935
19373,0.07514925990931509
76478,0.02571160676371953
69642,-0.09838938796745467
13486,0.032547948471421506
52250,0.08644094246032541
14347,-0.09416851623249478
103161,-0.09053929227147473
243764,0.13727782993080773
71544,0.12510641825338764
71803,0.1119377985011516
226154,-0.08010226210203886
15260,0.07885676480460546
19332,-0.09326259774362011
12630,-0.11658244893928638
140557,0.11316967726195548
93688,0.07655366208948333
432536,0.08629206283313628
93885,0.08553216572905065
67087,-0.09912787263958567
19208,-0.13072016954162802
23887,0.06751587595581299
77853,0.05120509752085489
78232,-0.03792344332170394
67328,-0.09693351239240133
108686,-0.09538219435062789
223255,0.03349721820871743
58243,-0.13808903168917475
11844,-0.027421501555998873
83691,0.10605314257098364
12585,-0.044900759131632384
19683,-0.09400477380673866
216028,-0.07733185710356416
12628,0.07876652464577738
71474,-0.06077047079296172
22097,0.021901562787320472
18108,0.06374232765268495
171207,0.03537950879880292
27205,-0.08716725940718328
258941,0.09740688055248592
100043597,-0.07073459436818119
11891,-0.04551018709146959
14344,-0.08615205533371473
19153,0.07908984892770032
212999,0.07990106712466982
207215,-0.09818695987605874
21818,-0.04268694904640391
242285,-0.08281332476137049
668158,0.09552817190174068
257635,0.048527319746075825
140475,0.09045625295195858
67775,0.05509519154174747
76829,0.10205391866035285
73158,-0.03446298249037838
14232,0.028285036635216088
208967,-0.10051158047303321
84111,0.0858720839276792
54710,-0.08645519609242225
239336,-0.08357526334562682
71564,0.09700478296989612
68498,0.10119461269834229
54683,-0.03574129581466323
171180,0.08181368269156852
13358,-0.04347057620135786
12877,0.08548581875153438
67983,-0.08961383245318189
13688,0.03220462701060001
100900,-0.03597605349336952
227801,-0.08145373043043946
210789,-0.06059865978827261
18160,-0.13183027125931712
21754,0.026952128671569042
18488,0.09861872099672642
71145,-0.07907136605235454
69219,-0.03103471098507704
110083,0.09793962618216945
239393,0.07567665019187331
15486,0.08746996338271629
58226,0.06851493618533233
16581,0.07131886355194528
74100,0.06834789087952586
329278,-0.09394177844438589
53978,0.08520734918613382
229521,0.04210934914587661
20974,0.096717026708105
110208,0.04116681893820129
22022,0.032753465370792156
64144,-0.03756423388096497
319239,0.08967569439722567
216285,0.100544130531937
17972,-0.03158368631872932
76789,-0.04638224583020012
14616,0.09635217681921482
54397,-0.07645114301619316
69804,-0.026273179199945318
241308,0.0540262021444029
224826,-0.050261616840958645
271842,-0.08166322370902757
15433,0.1069324221354866
170460,-0.08763742496558269
16438,-0.042633885433238206
21899,-0.041634118006630416
56715,0.025958582155610088
12978,0.029445350193498143
105352,0.07156336704815036
23857,0.07475406241073657
382077,0.08535935727929189
223723,-0.04969761257403338
27416,0.06110420448447673
18950,-0.039409660603965335
227746,0.08830468023218341
641376,0.11003006883857491
17918,-0.06456776631589722
59126,0.10348187157821265
12959,0.0545114504671691
212937,0.10198421080220932
664805,-0.07556955708039315
55942,-0.030255704406817685
69082,0.033000790738540786
110460,-0.10104764475429473
109778,-0.03926180995568718
15191,0.02103639844981231
246313,0.09676176020259009
224014,0.0946224734675516
98363,0.07942012257262654
212980,-0.03427805948847329
17268,0.0585493127233736
213417,-0.06771441049427729
212892,0.0806887134339771
110380,0.08786993494451956
104079,0.09066457469595868
211577,-0.09495121389192196
93888,0.10909410751299342
103988,-0.059597321182713436
28018,-0.06482926692655955
545260,0.09784681961021136
64899,-0.07141643628435901
16701,-0.1041275725495594
17285,0.07178268076255856
56364,0.09182517195133588
230718,-0.07711012517092986
242122,-0.08629819635830271
30934,-0.07601726354941984
15465,-0.06475772274774982
140494,0.05560769521821918
170725,0.09301634073728371
56072,-0.10160204395483685
52076,-0.08434428063424626
330474,-0.04916826329247037
101867,-0.06710930807050719
20266,-0.08110054626295948
71829,0.09299696040794547
64933,0.03935449356035825
75564,0.07444164967989053
68401,-0.033149107539090394
52882,0.07171543099350997
70729,0.04953435264234507
20296,-0.05027413604504272
54200,0.07812015686718254
545963,0.07812015686718254
11304,-0.10466645632712845
17180,0.08848309115729336
238330,0.029318623747588646
20821,0.02895255089931048
232714,0.07974687261780389
57271,0.07363622974376938
94352,0.07600633038109272
13417,0.03899596203399014
218763,0.08039904117480567
107272,0.04034849616935521
12111,-0.09732893171312007
234258,-0.13541742032031046
215890,-0.09669082933622963
59125,-0.023364903197899523
21937,0.03325044530873633
574428,0.028985022227977275
110082,0.08595938440333395
17428,0.034691801439105774
13424,-0.03313461811315577
56057,0.08830757094293862
230863,0.058248413590868964
140781,0.07776863370371867
214685,-0.0824955982106177
353188,-0.0835166722278009
215303,-0.04687337437788397
19241,-0.025454734097486664
68815,-0.03135696307877289
330662,0.10724956807848773
109349,0.08046939936497388
14412,-0.09080814745861332
70645,0.0858429954678428
68911,0.03068768478813233
104360,0.09395291019460572
53611,-0.030406886890302687
69017,0.08700993504509036
192236,0.07441060890783646
381404,0.0719656799696482
93887,-0.08856721836913062
212114,-0.08206255127142459
381741,0.097728183731149
353504,0.07780334399611011
75600,-0.0993093310064026
11863,0.028132222689765563
20299,-0.06879849293539575
241688,-0.08705016761086926
27979,0.029252482478376862
21416,0.055184946322405004
224807,0.03898116539636831
140765,0.053956136220881135
381983,0.06646819338282572
13388,0.09127058082959927
76686,-0.08224433217877625
69354,-0.08014990976702796
22628,0.05026351063038881
21935,-0.08435002114188261
22640,0.02902189769846153
18111,-0.08134095586624568
59044,0.03335889059796493
243914,-0.051201183921918414
216198,-0.07462050172152779
636931,0.10870670683911854
94227,-0.0899686573196945
19707,-0.05021489533069445
319660,-0.1084003484559366
216505,0.03325551764810797
545279,-0.08388737321445028
78789,-0.09505756983084801
13494,0.0353612134222443
67801,0.10648022449794015
69149,0.07866533529169839
22349,-0.08239460987018221
67937,-0.048877587361712216
72722,-0.026523526918463602
72554,0.048820742620458546
94244,0.093054200982853
12478,-0.038766066905820296
215654,0.048895615684228844
270201,0.034806004850047145
53331,-0.026632057206422033
18475,0.08282515038992955
20377,0.12658427595221955
14362,0.07893006454417595
97031,-0.12110543830956466
319991,0.10251567731813882
16181,-0.09676022179749033
216963,-0.06884276227924246
16429,-0.06024821240952427
493583,-0.06024821240952427
15185,0.03186141712231816
51960,0.10416066194833595
50524,-0.22992702942642618
212989,0.06318422431411008
244484,-0.07137503840770121
245007,0.08615555781144835
74043,0.03188759784902473
14151,0.028772724942889738
71176,-0.22226669000748922
320865,0.08249572927159932
12848,-0.055288310419749465
16009,-0.0708677179179742
16495,-0.03419814959476675
258098,-0.08246247507729576
238276,0.06331852061402543
30924,-0.07359086802320824
19879,0.09952644226806884
13836,-0.09394412057832202
16671,0.07045404916526588
338366,-0.025664493804679722
234199,0.09602659351609599
54006,-0.029076538608117986
210297,-0.09995083710514674
17341,0.052004848241288926
97761,-0.04447724173214063
211323,-0.0966669375917224
229011,0.03597762679238059
328967,-0.09029568912309571
18821,-0.07627024306137642
11927,0.02161590352913123
75646,-0.09197278927824737
74137,0.042420969101943484
54392,-0.07853659841989646
268709,0.08121998506581996
67136,-0.04293847453436328
70361,-0.03501617267776247
140483,-0.06507131359051055
231999,-0.0715873683440229
77647,-0.02888386101345297
20415,-0.09764423479229123
14389,0.07822880402862786
18789,0.05417904766986048
233805,-0.07472774242513758
17286,0.08155068773853547
22658,0.09835729124063164
114712,0.10120570199430201
26400,0.06683503707612992
207278,-0.044927825561729584
26433,-0.027888148637860155
212108,-0.082298951585129565
260299,0.08265786546739307
18013,0.06442293071600247
331535,-0.09016769975135785
19015,-0.044680720275007246
69050,-0.044680720275007246
20451,-0.10892063670546426
242642,-0.06849957322410294
106766,0.07932222177177684
353155,-0.07595187659058578
71421,-0.07768447914492427
80288,-0.05251184927398089
67279,-0.07848244072695643
76399,0.10072931795893147
17085,-0.08090531928959788
65257,0.06319673026201311
54399,-0.027132755717603985
14225,-0.021594034377724114
329795,0.0934385548163883
241431,-0.0946667367895433
383709,-0.0946667367895433
108653,-0.0913824003982513
219249,0.03333973424411596
230917,-0.06107889049510273
217951,-0.07765171804047277
76448,-0.02960696714018418
233870,-0.02633424112359606
50530,-0.08824621089186024
270685,-0.03994685696291356
16855,0.029694016386841326
20238,-0.06120322097355935
18414,-0.0717263577339371
13006,-0.042056756213325386
11504,-0.04959155303595342
382236,-0.038487550443613294
14719,-0.029341258124414793
12825,-0.07355130142193911
69310,-0.22276869107357555
497097,0.08322281239170337
23919,-0.08490746855490539
277360,0.025109135158476903
22146,-0.02098909470116439
665119,-0.08192422054847182
17199,-0.10316333650590437
71325,-0.09212921817213937
67731,0.04436309193483101
14308,0.06045405010122229
16800,-0.031359551677729414
67236,0.06763182576716442
17954,0.06845039234509365
227334,0.04389895440230429
16993,0.02887174207767096
18221,0.024382341135590124
11624,0.07579444682601677
52348,-0.04497513782358542
56717,-0.05935314334789421
260409,0.03683755390417076
16499,0.07369942473957636
70207,0.0825678500375071
545975,-0.09879743437736321
71529,-0.08265094658674155
74129,0.08058874739293076
13808,-0.02597719386671926
18038,0.025937459506533145
12516,-0.023111132601489004
246048,0.07672984078215128
435684,0.04385984933595388
56296,0.09790472113156845
100043899,-0.07291704591888504
17346,-0.02595846349508335
66521,-0.04081291925826225
76960,0.041197962637265384
20347,0.10018643059729371
328381,0.07441482540885946
218977,0.07720151111596962
104099,0.0712621357302119
67866,-0.07462784425461333
269854,0.02851329787496404
210027,0.08880730400016557
238377,0.06447282997090831
76580,0.025391085813023295
225131,-0.025342769890846384
76608,-0.055187830154700634
13872,0.06099694749976958
70481,-0.0731172959348001
404322,0.09672455906405597
93695,-0.12564925457375908
195727,0.07278631860391771
329260,0.08763207252746774
240261,-0.07100538008625712
20811,-0.08938154424011557
83925,-0.042716684773208335
229357,-0.04568813247186876
210757,-0.03862532352928927
83398,-0.08525767888167035
75469,0.07958068750007996
71715,-0.14565975388139574
208647,-0.07069457225947628
277743,-0.07864292898208758
13730,0.04996283523569289
56321,0.024464941018338848
19214,-0.09147689722268071
228019,0.08004662766232329
18795,0.061239632784065634
12904,0.04385622900709407
215653,-0.025013297793384126
26965,-0.03018799856790455
13176,0.06940323201696375
20648,0.03379616885116832
12091,-0.025235551012769974
12306,0.03489782001674335
70160,0.029811546401941058
12751,0.052098071629415266
382423,-0.02149380334118689
207212,-0.07327650299053623
12005,0.02811705444039081
140498,-0.07264664412254529
68797,-0.10613404858485787
16336,0.07789713978330948
15416,0.050295111715523255
233532,-0.06805891986451318
218832,-0.07690664941931491
14586,-0.06353596530339534
69993,-0.0680745341317115
14700,0.03803481415009813
269120,-0.07650265876671991
213498,-0.06715188682096063
228858,-0.060618417488696785
229389,-0.07278229794775726
76654,-0.0709167227599865
78541,-0.021566085829338277
332175,0.07715563096547484
74763,-0.02713156093539837
17968,-0.09743748490331283
80794,-0.07607747170435175
257916,0.08847838082555093
234396,0.06530798999650944
74204,-0.040196443163377005
12176,0.03579641717436566
56384,0.025565248276773644
27401,0.058491335663171995
75604,-0.03991205230928507
232334,-0.04773310347790982
241391,-0.08818100348220614
67120,-0.04548836573759907
210356,0.0751689846602197
76167,-0.04023947672536732
239932,-0.06908695156776457
268448,-0.062797123218835793
71943,0.04172300483112856
18114,0.02743707963263553
78284,0.08082665127114685
69352,0.07319585672898477
668940,-0.07282321260929958
69456,-0.05817365308681843
68166,0.08261219692816191
71834,0.023362250686241204
230908,0.02675083607172546
12404,0.0995672085713748
215855,0.08401752693498343
78070,-0.06217630633660853
193003,-0.09466885440931128
69792,-0.05527217746010038
11803,-0.10047491637286932
277343,0.15509356665268204
104252,0.019822436355054762
211961,0.05667819586988365
19735,-0.029076839762661066
18815,0.07948165346443048
15199,-0.058679403373632866
56839,0.07560723132227531
272382,0.04157304856396138
56464,-0.07053740712136047
58242,-0.0655058160587072
237979,-0.037909774727405754
434130,0.08916130692444035
77057,0.07449307400344463
22619,-0.0503568731637678
12051,-0.03502251412603563
76920,-0.06948405409870162
75345,-0.08940255555351229
117004,0.048321394729203604
228852,0.07432517598525124
69731,0.027776088123610876
14725,0.0635528565433141
14585,0.06498679431114729
74437,-0.07566585991268893
76187,-0.05349940390169827
24108,0.06336209975138374
114875,0.05151629980632455
238564,0.06796112519921005
239083,-0.0634877231212383
67299,-0.06305668124599784
17957,0.06088562892083882
17930,0.09850695494999329
245902,0.07138411960619528
327942,0.05999038438212523
227541,0.021918195678260588
15893,0.06963840849415526
20273,0.041776971069262814
74562,-0.09021389526034618
60531,0.053609349477491186
18130,0.058991226366624794
109264,0.0706859688299808
77832,0.045302434770293054
102093,-0.06576300785807465
16163,0.05830898330600043
243978,-0.06603495732575038
74737,-0.045260289427716316
210622,0.038678751817542434
19943,-0.018027827289582632
12826,-0.02638991278063907
13845,0.03774845632808699
230967,0.059033465126066886
378700,-0.08220530239791035
20346,0.07757808477094841
19277,-0.029924029706364763
56310,-0.02178906869270847
14248,0.02823846716120748
104271,0.09900274312506996
67333,-0.0579897549126871
244144,-0.07946417685231388
21909,-0.05510766043580384
238331,0.017769419715016
210510,-0.07763136999180054
232493,-0.06617790627402531
74134,0.02640112041214593
239037,0.0511429003739714
27966,-0.03549400194991836
319742,0.08085402903749728
74996,-0.05547493711121465
57911,0.07606259547863825
21417,-0.058449943378014346
242505,-0.09966784213244129
68597,0.03594651109859015
110058,0.10897241931699764
93838,0.0652479635046288
12317,-0.0197052349499387
320727,-0.0692354147526082
17695,-0.06503601072641896
15444,0.04052243545923595
17112,0.0528778112047128
544922,-0.05684926853645145
228094,0.07426278875271031
22215,-0.06756283855602696
12801,-0.07955668403303928
75613,-0.05250078264228453
109154,0.06636983161342247
18129,0.02681522673377046
18854,-0.03237155528626623
20465,0.05568718375130377
99326,-0.06835356731354292
208171,0.040928601581720514
17996,0.06876623674914661
19218,-0.06129139604880507
259095,-0.06879896025866783
233067,-0.06139072396801648
110265,-0.03144781710720146
14569,0.01675048156618253
27276,0.05890430492228038
18583,0.032561818595977954
83770,-0.08984078789234262
20319,0.06767321714533647
68768,0.06094400836273328
102339,0.032439145790311485
18663,-0.0358999554571211
233529,0.021242786975296468
16410,-0.05088224125785423
11834,-0.08236140384886959
109218,-0.07018246368890768
14473,-0.06479019130104025
94045,0.062328605171871665
20773,-0.03810104236107126
27681,0.014296734570596215
22289,0.0361098118349199
20605,0.06005049604010093
193838,-0.04165347494417748
58988,0.038250607037111806
14827,-0.020201190009538905
16548,0.02277775653471359
16590,-0.056593060248740557
225642,-0.05602382146972884
14060,-0.02986779005170659
73137,-0.08124568207368998
67332,-0.019013309295836223
353235,-0.060090853408379274
235380,0.051462510105663384
171168,-0.05305309151165716
97440,-0.05732485585614455
16541,-0.022516856241576733
99526,0.06622827948556331
17393,0.0741048647195397
53970,-0.07084742656013354
233900,-0.03183640420353484
235610,0.015137114915248162
111828493,0.015137114915248162
22040,0.015137114915248162
54352,-0.04873808992113249
94253,0.038204756503738224
238831,-0.05335069829806649
22342,-0.05493259694747721
230101,-0.030272361890279598
667742,0.07053557789709197
71660,0.06325882231693303
15285,-0.05649704395713906
319415,0.09026902927317826
76866,0.06861349072039058
66971,0.07119462238633645
26356,-0.017408014834021657
226049,0.07457582608798807
57275,-0.05065839186881593
72560,-0.068814609884436
74571,-0.13241343575134312
76469,-0.08369683479774448
20311,-0.05165066713315891
218294,-0.025645490783947622
22070,-0.012337450884576384
29869,-0.04692833135029595
16173,0.04478240567076863
115487267,0.06464117531472802
258776,-0.07683321263546761
73847,-0.036478575137687486
18044,-0.07101591292713305
74485,-0.07570783717981477
14450,0.06503800882669264
58994,0.043290539367822234
238875,-0.05757187323247415
76022,-0.06703203882012776
276952,-0.08468513004594236
378702,0.013332479753506377
214459,0.06785746139943338
269529,-0.04636801753517705
140723,-0.0642152465730379
14155,0.024195744540730146
12363,0.024500857869959702
14658,-0.08307225885134883
268373,-0.01978061522014407
14630,-0.01978061522014407
233549,0.0678141134676693
76088,0.06962608494353084
27260,-0.0554643929343519
12300,0.0777083740940494
53604,0.05157650377704304
69097,0.05983042534131089
12330,-0.01840096662946422
66283,-0.051176918623432766
320506,-0.06430714179478692
12990,0.07468993473759866
12315,0.018515499380908906
67074,0.06292176903552171
71782,-0.05725803155669684
107338,-0.05328609414257102
214403,0.057936708681548765
13860,-0.05828988623429421
56050,0.03657059193615009
76217,-0.07513606270020956
24069,0.04902965462803355
72281,0.06070059207207379
241877,0.05547892747975425
268905,-0.053290111936139084
57277,0.07274917282376592
11830,-0.0673244211028794
624224,0.13387192181520824
242960,-0.06426022568391687
11491,-0.050426625586221796
12724,-0.05736555083148609
219150,-0.018635074733225565
12310,-0.06720412664581454
56044,-0.020594131079651135
216965,-0.020746755779317283
170651,-0.06803962632127769
71713,-0.04513665100327646
338372,-0.07584200417727693
54650,-0.04115536731109426
622645,0.07104954270189623
227634,0.02528825670819579
15171,0.0588429889815929
71389,-0.05738490417219477
74772,-0.025186989761909473
16421,0.02305066869919692
75581,-0.08766760633415727
16364,-0.06370707393692143
216881,0.06238881884710157
68703,-0.05601232424953917
73422,0.08202754115418642
19363,0.057276603620635136
19434,-0.06850912495143069
68145,-0.05598867540604058
239250,0.053829616328904706
268780,-0.07196983392065404
53603,0.07778763479193618
14126,-0.07862643858258478
12702,0.035608511734180226
268390,0.05995258176340501
18424,0.06092399570856788
67554,0.05738455960335287
12344,0.07538917863002403
21412,-0.05906365186434659
171171,0.07150788510619233
227800,-0.1146916108864211
18301,-0.02313176301997011
100041096,0.057988246957700884
101706,-0.027309091200800495
233912,-0.027453670722871415
277898,-0.06186815041051297
18211,0.07184253341003766
19731,0.04299369205630654
170755,-0.028638159823403342
57776,0.060735557248363214
231238,0.049968424853866544
74309,-0.058435617333717715
55981,-0.0663097119258822
229933,-0.07516123389480933
320910,0.06032746256432864
26570,0.06947892205604411
20931,-0.04649837366892662
73826,-0.022183477785645778
16949,0.055545613161848806
71755,-0.052771910113628806
14164,-0.0706057946181966
94353,-0.06502784548138774
19886,-0.07420813111767988
69592,0.07089143712645374
665563,-0.03954458662436622
67921,-0.04280107784356346
16006,-0.04283074967121081
76467,0.04817881489300646
235041,0.056108318263621726
328572,-0.03823927386640058
13867,-0.056872326744555224
13347,-0.056674707057621454
11972,0.027101387163346757
52915,-0.024454584928752965
23892,0.08782144620287058
230582,-0.02186658014376608
23863,0.05611581828450429
217653,0.06627213095941631
231841,-0.042215765061348165
13405,0.04533224195168151
73225,0.02887136312097205
109332,-0.058253117540241206
67133,0.05700215001136666
54519,0.02906252653186492
217303,-0.06769621147060434
235439,-0.013470778400799688
12652,0.04706408900933612
20963,-0.031228410352390767
18717,-0.06204289178152944
258932,0.04577483146222594
20818,0.045187787805559765
54377,0.05304145666166171
76722,-0.0615776158400112
66812,-0.04639656152379512
12648,-0.05141800063139357
68817,-0.04810949932258879
12937,0.05424679702601676
353237,0.05424679702601676
192163,0.05424679702601676
12941,0.05424679702601676
12939,0.05424679702601676
116731,0.05424679702601676
353234,0.05424679702601676
12943,0.05424679702601676
16186,0.02715739627235969
14780,0.07734884470334524
93694,0.023676396836847857
13239,0.0647841986709885
106707,-0.039121521922508506
22051,0.02578592829316584
17258,0.02983146241554202
12268,0.030964408844969427
238463,0.08010263738983703
74206,0.033226445531249205
16514,0.07197787882222473
266744,0.0694012522234404
19206,0.04774005399263448
230737,0.06051990581718414
258659,0.06113643303700034
53415,-0.03789246207310004
54723,0.03399659149904455
76260,0.0756549781421878
50913,0.07148237921057632
17306,-0.046095412639671096
72160,0.04914954311001285
66809,-0.06692931892811593
225825,0.023692192647839505
17864,-0.0568973901951364
223770,0.05221146255978404
68172,0.052861596989465465
60507,0.05860408660400562
74374,0.05036627805671845
70166,0.05386705100464795
228765,-0.05501231849308397
69032,0.03986817963207612
12672,-0.040775700440844
751864,-0.02911737448328111
320720,-0.04278763343264913
258067,-0.07273576563927753
210529,-0.06739274392002503
20209,0.06040363419554229
66447,0.04984312350658726
20284,-0.05359559796788993
98711,-0.06661683334541113
74365,-0.05984308782993697
213389,0.04025996911652108
258821,0.03410491072955146
69121,0.06635303688030847
67046,-0.06595086841335185
242620,-0.05231952893883207
75590,0.06152127928161333
26936,-0.02150211340530106
214597,-0.014544076022666275
234421,0.04270662589514451
260298,-0.03939214086021359
79362,0.05866889144903098
75040,0.06147724553822931
235567,-0.03793128673436996
231070,-0.056075416018177116
68891,0.07248504879593032
77505,0.022782578703332668
78753,-0.04915441725631231
76479,0.04780651215964404
68753,0.05307315999447848
258196,0.02807133746827528
12168,0.033361649461545184
11801,-0.1390961477183157
104923,0.018159281457213794
20928,0.06324758411377829
20911,-0.017506738220401274
12982,-0.03082489307270997
258614,0.054763403961590296
320360,0.06411897440199166
11837,0.010388506085311278
100043057,-0.05674083681946884
545192,0.06003561226221166
70237,-0.05380394760422913
68126,-0.03519457352441879
21463,0.04110600761849437
20338,-0.04316678076618352
110902,0.024528636035647366
216792,-0.04589757877233147
56533,0.06338973372236811
18247,0.013393346181858945
12653,-0.0322712227485229
17913,-0.024290282149795672
55994,-0.045455725304614614
18975,0.050459027547621105
241322,0.041355307894068716
18763,0.020640482111911496
17292,0.04619916080581943
70052,-0.0412358836150899
232585,-0.04769818604939058
50721,0.02320167298908693
18824,-0.019730565255169807
224273,-0.0429746467671297
237859,-0.04414117115318028
93872,-0.057367229329033265
233424,0.04971210027690809
74585,-0.01453997937592888
270162,0.06320381003670184
67298,0.030000205635512422
228421,-0.09092198134780549
22324,-0.02041094174002822
14609,-0.02706836508257604
268281,0.04531786910319635
53881,-0.02039578636153383
53761,0.029511234549000065
78887,-0.042881205073632245
12817,-0.0542847161221931
12556,-0.04949269294901271
195733,-0.06761070284668413
73139,-0.029590202621779582
12958,0.05121252230701501
83813,0.04453691240094493
381489,-0.06239925731503648
67867,-0.016827240915391783
75706,-0.05688687533533532
225742,0.044777908763805385
19281,0.06300336399801765
13195,-0.03326267367603464
207854,-0.09798121341671884
69863,-0.05294428706526144
69024,0.03978460910490256
69787,0.041740520641949
100336,0.03205359321612811
14677,-0.067847584973830255
18511,-0.04948246090133601
230405,-0.044327086862741893
108735,-0.01732572739255467
18596,0.06080493804820142
52163,0.02554853253814038
231290,0.051861023387974825
18105,0.021052109714648992
237560,-0.06587877206680925
56338,0.02688627280175737
21929,0.04720483501240125
107094,0.0576185025884266
219105,-0.015159960252965732
69156,0.0156025891379592
13864,0.01769662600123212
338365,0.05434175920769668
11519,0.056045619240180145
242316,0.048744628600556617
268878,0.05095168747142864
30878,-0.04056469022845288
238161,-0.050149270837048565
373864,-0.07293031056325594
433766,0.063183676467236
233115,0.04316579021693734
60441,0.03588644592140877
72413,0.038664379971880436
107995,0.039259295388474946
100340,0.06572880674091142
207911,0.053531906606792745
13796,-0.053736507142041035
234155,0.03541159185430409
75773,-0.07436645664558306
68668,-0.05614104935740816
76499,0.055110057883649866
16151,0.02666080770181889
94185,-0.051958053261834
83554,-0.056002780105822936
216161,-0.03628196034742093
66766,0.02653631738080442
215999,0.0510276287133431
21684,-0.08813310609586988
620246,-0.049069090186014463
110616,-0.04272378706177449
246104,-0.04938240822361184
68385,-0.0519500976834526
78257,0.04573460228657433
53869,-0.019188674281275908
66292,-0.02187808204124586
54633,-0.012377061371147136
240047,-0.05424459909309043
19386,-0.0316785502082535
18551,0.0468747078969729
71435,0.03961785386159544
101122,-0.0154687472555608
69714,0.04545715696043917
74055,0.05305621292477891
545817,0.04933596105256033
545370,-0.059496105567100166
78052,0.05137174267560107
100043314,-0.03935636633402728
12124,-0.039263887368905515
192950,-0.055664554888658735
217203,0.031058561066840795
226856,-0.019979990067630737
207227,-0.03384522411771229
12454,0.018192798925007025
192157,0.018576320224450882
329872,-0.07079670106296554
75572,0.04224520910528895
73813,-0.045466139035110764
213068,-0.050958819932545474
12274,-0.04415014836622788
12565,-0.045594578524586815
12552,0.06640001821884578
11536,-0.04799908505011974
237178,-0.0453180271207243
110893,0.03289964034137505
52036,0.02855459717019926
12140,-0.05929298538947503
101202,0.03774459005713471
225875,-0.06997312453561388
242151,0.041063499471651
448987,0.04119982848573933
56055,-0.041794279550816604
209512,-0.03463533837017252
12539,-0.0145392361244987
19826,-0.05983365662735274
257936,0.03451998142628998
81703,0.039678548347402476
104806,0.021323834793284036
74649,0.04143557647904128
78244,-0.02454189565899423
246787,0.039139725512039814
20500,-0.038332769103148756
67776,-0.02862101804609729
74918,-0.0719275996117017
22072,-0.06330877676757485
319965,-0.018689457123663544
67150,-0.019358656438370758
11674,0.0163236315930817
219038,-0.041308410861693456
269784,-0.054515658574349146
546144,-0.04034755182606009
268527,0.03242475709975956
56612,0.015028607284486739
14755,0.026970507936587396
56631,0.03113343349806197
70999,-0.0196577642657223
216558,-0.01700458955902384
546336,-0.037169833084568005
13506,-0.0535722889215795
27357,-0.017074021289738894
19227,-0.048368797910792516
12700,-0.047321533205803235
74732,0.02200187946369425
109900,0.01987942825805078
52502,-0.01231266988138735
270058,0.01989734368725493
332579,0.03916484454037761
13990,0.04543649928401994
75533,-0.039702152296927196
16510,0.040015977864489294
12577,-0.047589249054792226
19055,0.018404015084382053
18584,-0.03925940910679593
104445,-0.05389931307824547
24056,-0.01790941257261558
235497,-0.027240029082119754
217674,-0.05296807868426168
12829,0.04636022289687247
71983,-0.03822579641940038
17698,-0.01569058142727542
13361,-0.04007799448295213
269855,-0.053730362442647284
235379,0.04051062809826922
20200,0.022171329818620578
11818,-0.05142897877742403
68087,-0.0422782309622054
78286,-0.03450032862558494
140919,0.047135631055450045
20747,0.01749339268396355
246228,0.04684996498335803
74637,0.03676414325482735
20873,0.0321098378940059
75288,-0.03840604500285805
57339,-0.05584877289742485
18693,-0.04819820638003325
218811,-0.02018091213771811
73068,-0.02018091213771811
69076,0.014975277450700375
195359,0.035675960069234236
74446,-0.03045285480186699
384009,-0.015875661754458648
18703,-0.05531230299514567
242509,-0.034847764248943314
71601,0.024019849381968328
118452,0.06589678278093603
16522,0.03243685187648371
433938,0.06080782880915114
67219,-0.029505393899780685
15405,-0.04501566040542837
12967,-0.03579764485750658
241447,-0.029593026440814185
18365,0.04162602860434994
213582,0.022793542359320185
67876,-0.040620710224625434
14776,-0.01660384025125783
623230,0.049691884961080124
100191037,-0.023861338502790375
20744,-0.03615255260867922
71799,-0.03832791738139374
93966,0.02246651588344406
21339,-0.03555699872051932
27410,0.01280328844232237
68031,-0.029998652231428835
209027,0.03957655211641331
67429,0.03495527858529268
242851,0.03774356508008214
17312,0.030937543814685498
100689,0.03803431335810448
277468,-0.0537014481335083
71819,-0.03916698768449578
101118,-0.03690032594381609
73809,0.04033791402472353
27221,-0.048409900186928034
70767,0.018517371308934827
621603,0.030757132725044656
11717,-0.03694471067473337
17936,-0.01473562196001943
12562,0.040567893380710984
19400,-0.013415169570626162
238021,0.045705807771914575
66259,0.048716326864084
56381,-0.04057406896879634
208431,0.05113159336032336
56183,0.04179021827714369
338370,0.039321083899789055
70769,0.015303800509830268
93736,-0.032235571994247536
22152,0.05028500251269463
19296,0.020977427849503627
75510,0.05005999716112264
75826,-0.015765546837371858
329547,-0.04801386243796735
108737,0.017463594537903582
244178,0.013988167397211093
226251,0.018967330068370813
15434,-0.059710504748962556
19158,0.015616966234395235
54401,-0.010956260678492313
66972,-0.04367220231018809
269702,-0.03915857183179039
118445,-0.03855191783188783
67897,0.017839521776835454
72462,-0.0394289006570272
217365,0.013742498258670466
277154,-0.042856239303372234
76380,0.0354111848430505
12843,0.04777053402739195
16988,0.01582554545396775
228355,0.018060094098403923
271639,0.04931114723958974
54450,-0.03057893859648253
68666,-0.03416294397981012
50759,0.045318556308004965
240255,-0.04046579142868545
56199,-0.01818436278036195
110310,-0.037785579254141055
239096,-0.03833962669793678
14823,-0.026501094727923835
210198,0.03445588648707698
11431,0.028959708747528623
57746,-0.03495008586170201
21817,0.024021414132367802
18140,-0.028206847566816684
218952,-0.03356743806609508
67528,0.036223856230383156
22592,0.03190895886397094
12262,-0.023962968329695133
69496,-0.030100772951458854
224088,0.03546244584123848
23886,-0.029500554847539107
67620,0.041566275279934395
67052,0.0359040645727573
83553,0.04087038206960347
66144,0.008169158378377617
385380,-0.03489316323481706
71003,-0.0322621269851755
258580,-0.06308407940302985
232314,-0.023113940343751693
243312,-0.04313561831449242
626834,-0.030545079520067908
22272,-0.01690558716019197
20724,0.06396163469331739
66921,-0.017462372274461124
19108,-0.020911819285590383
100121,0.024050920497899142
109151,-0.03632823262994478
73259,-0.04261386158195979
666279,-0.05256699343190707
18142,0.03670769296144627
80981,0.026879800741623328
13505,-0.05202775758554701
64817,-0.02606696625949123
207352,-0.014771567491318471
57390,0.0482860534747509
52633,-0.01598117703863622
12677,-0.04905203903615263
667663,0.03408745006195524
71566,0.03297620763170084
21953,-0.016261645230835953
70661,-0.012177827135740671
11764,-0.01162666645587862
20602,-0.04720393906030651
382406,-0.025824439180695435
12416,-0.028197376814504516
17897,0.023940725262356466
18124,0.016545805685147297
319518,-0.040201304449447584
19092,0.036465476057683244
243906,-0.029991294216181963
75396,0.04449847162073084
140492,-0.013699152916127666
216613,0.04464780865600293
380840,0.0224070310798945
19367,-0.009408104916111881
78797,0.011301015708326645
24102,-0.042800000266955074
74091,0.0368504027921821
226278,-0.04783545590480687
258350,0.047981801355373666
227326,0.030382296593561176
69772,0.04115803861365652
72789,0.04036273667638213
241770,-0.04982273809971849
59021,0.028978359424645994
209497,0.014097750417471744
12231,0.019567280640163887
52033,-0.03262941683132059
72930,-0.02876984857310827
19876,-0.04247438563431061
75750,-0.036209536889797445
22283,0.03662900552007109
13871,-0.011703594837431552
13607,-0.038197096021606036
12512,0.01682384832821704
232237,-0.03863006522885115
54609,-0.019745324860856783
74405,-0.026841889062793722
231672,-0.02561001917591721
216134,0.012863410097995853
19411,0.011106677258217346
20216,-0.034323961142555426
20512,0.04584180026318618
229709,-0.02604373670178184
74302,-0.019451595875683125
17188,0.032795241891306226
237988,0.030563456247906906
73379,-0.03126011216566926
320487,-0.029774351770406327
53614,-0.03138808070493582
107829,0.013765733135517877
55990,-0.03873738746366007
216797,0.03581166038025696
634882,-0.041796305395442435
13487,0.029993259296904107
100038347,-0.018216862318618965
69270,0.029563683929118234
66681,-0.03276622427465625
329015,0.019613671203644323
229714,0.02844777797859832
237387,-0.04618451425718373
242425,-0.030934720133740434
12590,-0.03210995155973517
71111,-0.04093181497998444
15211,0.009244087565754455
213788,0.02773447435058607
68655,-0.03263877835116036
19684,0.01498247393265828
22225,-0.012320283573203028
22064,0.021714498867030585
19765,0.012744635234303914
497071,-0.03815208009789739
26900,0.033713365767313874
171580,0.013960986519277796
217143,-0.033411406547582345
237930,0.02407975733861889
12832,-0.02696756316930582
242083,-0.01832101835944311
69312,0.031666145878170404
234686,-0.010925508349833635
231252,0.013342589957809459
245671,-0.030253898695304926
74492,0.02662822968493428
224742,0.010394655169438494
13019,-0.020015263409320028
71340,-0.017460825632850785
69232,-0.008837922191446523
22368,-0.009164915903273396
328789,-0.03308349469164762
260315,-0.03103195834946426
66875,-0.022865024880577067
435772,0.026443764672265946
59025,0.01574160198804364
12287,-0.03724167608424089
74388,-0.011520955639555908
102632,-0.02355699109500886
77578,-0.01939641702729933
93761,-0.024729340396112853
19416,0.05101395895301852
66691,-0.014679877853536638
110816,-0.009353651666508256
11861,0.01861035465450911
109168,-0.01667358918586448
13846,-0.03170541985088571
21429,0.01346032313156087
15557,0.03963291979150174
14813,-0.02852704499371539
280287,0.024352690360567752
258991,-0.02232197338834574
30955,0.03529405423632159
381990,-0.011005815605834357
218341,0.030768445090060936
230597,-0.03337582189537702
69718,0.031650927939510076
100041194,0.024649906494279783
20408,0.02548643955821106
217169,-0.020697134989235977
217480,0.025648330728242463
16372,-0.040121141652300185
269637,-0.032051344947474636
381359,-0.04038030414499527
209692,0.03466255253948436
235472,-0.01359674855218529
68307,-0.03142665645570908
11670,-0.013844663656204403
12215,0.016497194380866276
18019,-0.014477747116730555
235628,0.026608724833735664
16592,0.012874294559788169
233189,-0.02322825866223699
67795,-0.034342543144903814
18549,0.03713798316770056
237403,0.026115316186624327
70430,0.025842476113130175
98970,0.03581513830753158
98741,-0.03978171671473785
53376,0.024599049691815367
16179,0.00758438124894667
107368,-0.028331067865797976
59290,-0.01622475220220565
382620,-0.024133139316269592
66106,0.027752863652677373
56194,0.016937107234043403
67664,-0.028199826709303544
14632,-0.03395374088864056
74376,0.011796239180517532
244486,-0.030963589246738366
666173,-0.016023650294102687
224836,0.03526101628332601
66340,-0.006649358646122039
110084,0.021893354420610578
81910,0.010589686523207575
12520,0.007534277561751068
19695,-0.027124673790364096
211945,0.037917033532168354
71960,-0.025054329767117522
50874,-0.01306012198342188
14536,0.03482420408250686
67164,-0.037818661052143376
67861,-0.018968904835791278
404194,-0.02340027017981461
109821,-0.033699015297413926
14198,-0.026372108059570465
63859,0.018250902680231107
114249,0.02008868668599817
381104,0.02524000285383865
80912,-0.012896607171803964
245666,-0.026527964823552352
75612,-0.010387061939672648
75409,-0.03207304512460141
12933,-0.0252074582827575
74022,0.008847360113083624
212070,0.02973827995844358
319322,-0.009272885520797303
12617,0.01816355084103094
20646,0.02890646779078132
71807,0.009342807422301647
70349,0.012838421443143844
229665,-0.01729393413666802
217378,0.0347830190237195
235033,-0.019058364531868044
239570,0.0073833844648341085
19273,0.023795428499028937
432677,0.027016450813130533
269604,0.019342345143305906
258486,-0.029706390109411007
67249,-0.026979052543382842
236899,0.027039548218645848
66653,-0.02208657097166622
245622,0.04313398165144644
108837,0.009827282427233186
209584,0.02973727879517174
76293,0.020846357203240906
23967,0.029758762276932416
277396,-0.02009627835223693
12050,-0.021426987183652102
193736,-0.01608273829200968
11640,-0.027341373630891397
72053,0.009055115768006772
20192,0.02240627663060657
76858,0.0255784752712529
219134,-0.031380230465090087
106763,0.023385553349270616
244882,-0.02977909256198119
209815,0.010677878997796597
57751,-0.0090737969996173
277203,0.021565563365839147
77595,0.031750016131953274
215627,-0.022583947583217245
66092,0.008279869393154726
434903,-0.033433793432418035
15369,0.007330322105893572
240873,0.032606861052716596
75420,-0.006774004254365806
14697,-0.024989001567026214
15364,-0.019172683919175704
74002,0.01892847028325928
71240,0.021186535614972968
12627,0.02622512884193684
94109,0.023498053597779123
329421,0.012056478977770624
268859,0.020488238816902538
105246064,0.020488238816902538
72171,0.022453738201643425
54484,-0.00820733111685712
407785,0.006061211050662152
52822,0.017819377851439278
67857,0.0059624735208725355
74111,0.008648112327199087
71764,0.02626403977996361
22421,-0.02081881690773768
70031,0.02476401207388257
19359,-0.023094942238198968
16651,-0.023050677034727407
140579,0.020606075790047917
12960,0.021346111305922122
107971,-0.02850661915735353
331046,-0.020383413502256253
20504,0.015612165613633877
55993,-0.022315590543262154
69900,-0.019189383996148557
259066,0.022847401197363837
67909,-0.02162665952309073
404710,-0.02096083048306685
12359,-0.010142993484832274
22427,-0.018374632560651527
227648,-0.006734156553724446
64436,-0.006734156553724446
214854,-0.014090967981001512
194597,0.016510474399021202
17992,0.008929368018746331
13656,0.017617996091894295
19824,-0.01898579314720017
78388,-0.015134019670128396
67525,-0.020417240139397386
12448,0.024905651006817298
74362,0.02266804012184842
72504,0.01779910580655475
13180,-0.015069872791279693
320405,0.018686278185916727
22177,0.009147530766695056
278203,0.022610429782946362
12856,-0.022120376944825715
326622,-0.007988384217569866
26430,0.010597680157483857
219257,0.06660452206246026
106529,0.0065663163910141265
51885,-0.007564748119569309
18554,0.007855880158833983
27362,-0.016293116857756473
22355,-0.016731691739046983
54419,-0.019344011291044794
67569,0.016581061217318727
14421,-0.007464704683181722
231386,0.00809611008018507
14000,-0.009042623762850255
19401,0.00767604579013792
76788,-0.007698679918153317
98710,-0.015189457622860836
235339,0.018318295462645295
109979,-0.01890502648162684
77794,0.022791765257729857
192212,0.023219316763454678
235406,-0.010445168897883939
240590,0.02161518102097837
110886,-0.017785478345734962
22195,-0.005170959544241072
66286,0.0068054715238510255
14085,-0.011803713856262554
211586,0.009862714009054585
67732,-0.015790230820728723
238505,0.00879768476506726
73728,0.013966379101114867
71213,0.013373967022610067
23829,0.021647055072731458
104110,0.019160523847181032
54325,-0.005344616075719344
21925,0.02305564949771899
12395,-0.013870126584460074
70605,-0.01585921952264524
332309,-0.02370603571910923
16648,-0.00756769946087843
67117,0.006775567726231557
230584,0.00485951723573308
22288,0.016991406854824476
73472,-0.01871671689949661
21949,0.007984913255118187
71745,-0.01780519464168684
67537,-0.020278625219152246
19360,-0.016419853484183733
228677,-0.021439034432221504
140559,0.012276266590163232
12554,-0.014680713867867734
105722,-0.012423951826395552
94230,-0.01077352211116267
385668,0.034640128491617794
11911,0.0056277491215972475
66380,0.02977698820936725
100039139,0.025237769165024737
94112,0.006125976017042234
214444,-0.009440733688744984
328845,-0.01768024652544309
116873,0.019754882216908243
99571,-0.014384467972706538
75210,-0.02028141176877085
13655,0.02082651175141681
13589,0.004685590301860998
231147,0.013138666088709172
54486,0.02675453728961852
258618,0.025788974893273142
210925,-0.007119584239932308
230649,0.016941792509233444
13831,-0.008109230817526125
55963,0.009006310357767333
67824,0.011268985182138813
26889,0.009168992015398558
243961,0.010101452937929523
110213,-0.0041744997701620434
75292,0.0064777230485812964
170734,-0.01788149420410301
14708,-0.010740491411301178
13197,0.01153107261965225
381204,-0.01933654075531699
14463,-0.023946977378240586
76561,-0.016828174168421306
15398,0.015988017647963648
23801,-0.017133154120679173
208982,-0.020709998442267175
266645,-0.013033787781644435
67371,-0.018437470442831838
13134,0.02003686821198336
69237,-0.009689495285819305
76897,0.037340089938759036
56215,0.009418288461976232
225724,-0.015325988748728925
106931,-0.0147672083613557
24071,-0.005541106153179598
225266,0.013365658448805995
17876,0.010323242832002144
241633,0.0052468724562437785
26459,-0.015063822642763292
171463,0.0120617669803047
64930,0.007921061247596839
78911,0.019623425249480242
11944,0.01318343260587529
20042,-0.002970576096803512
100529075,-0.002970576096803512
22671,0.014148678087831712
54720,0.007052047879591683
331374,0.018183566903195558
20759,0.013645978961001504
353282,-0.013159574168501997
327814,-0.013409147134515464
208198,-0.013965996970339845
21973,0.014259212416551037
26951,0.027392644469188987
22018,0.01628719553361213
278507,-0.014930315205140765
110595,0.02302380167456075
56459,-0.006928872948816611
17523,-0.01413303441538627
103963,0.0038391709171410326
75512,0.012688899473081161
18601,0.014437373146297894
14368,-0.009630099047158502
72175,-0.03530070598838542
66198,-0.014044763708019214
17533,-0.015014128641769542
21834,-0.011617936748796964
21384,-0.01343514104304866
54636,-0.008832341716857428
20254,-0.014492983477227828
218066,0.011526834231377237
171167,0.012987019018470214
20852,0.006318298435814995
320560,0.00457447632258301
58250,0.013672523330436448
15170,-0.006892301100783982
68694,0.014674812937273796
18406,-0.012905490225053384
83672,-0.006471819616095331
14862,0.01164174355720693
15432,0.011405442229362794
93873,-0.01365628419203313
15425,0.011794517595749454
209776,-0.009063186639781229
17688,0.0056665742222001825
77613,0.010930793503145964
16561,0.007863623098852024
330010,0.01198685668457422
71169,-0.009511313699420043
381085,-0.004386549344022939
14657,-0.01484983583212518
108151,0.012056892868937297
108961,-0.01197845256526442
15468,0.0038636057364733745
18369,0.013098165696051822
30940,0.00756306493190273
12631,-0.004559812294436583
26875,-0.004834503425007242
214253,0.013209272664483684
22184,0.007353370175871454
208158,0.004496058089420885
231474,-0.012637296390112684
209558,0.009914928560418979
170459,-0.006239081950289993
320864,-0.013026397681261237
226250,-0.010034115809559374
68673,0.011183737671757399
11687,-0.010119866685317724
71281,0.011166060605674488
76484,0.012799062491075652
70370,-0.015369391124295806
53381,0.006281758325270559
18597,0.00952072500390777
672511,0.0060246150854332825
233744,0.009934346631439439
105445,-0.01345964817809353
109889,-0.009680074134493566
353326,0.010431993412464813
11932,0.013589174280864924
114570,0.011987866133720715
26912,-0.01116233712358472
71791,0.015768487284440802
20430,-0.011716064709151652
99412,-0.00654760197535964
16579,-0.00791050870762433
16985,-0.004935461759092874
223774,0.012814796138178153
15415,-0.010969113494990967
59083,-0.011189097712420715
239134,-0.01255738432619502
74729,0.006917475538337214
75691,-0.011652507427121872
107734,-0.002626682041473316
20388,-0.008857709899174004
12295,0.012071327856338243
73046,0.003525179013490032
78923,0.012488912107002204
107522,-0.01158186811243711
18845,0.014475303880213009
170828,0.010589214781372647
26558,-0.004780105506755561
231830,-0.010195647666804142
383787,0.0110496031962386
381157,-0.00673583819199397
11921,0.007544130679970618
70584,-0.0044551193397435185
104111,0.009768713935405238
329274,0.008204659260926395
232023,-0.004522523769242781
15426,0.008568105626295175
67573,-0.01012216794312426
106759,0.0053017260112318
14360,0.003341564012506737
22276,-0.0036643426953784086
12773,0.007954580569683678
108960,0.004131648685829603
258441,0.008005688046099912
208624,-0.005250890902347649
76308,-0.0021218606139132845
545798,0.008541847990639617
19348,-0.010527794238193167
69597,-0.003320241678679281
208084,-0.0035526127661338336
69677,-0.007188483838334481
108062,0.006502451464284853
238333,-0.007909920702211082
21815,0.0032695711979791042
74521,0.011578802558290135
103284,-0.0026961882336431486
100465,0.011081301070293925
268465,0.007183275542302248
11450,0.013960028852705975
71164,-0.007295314650028306
108154,-0.00577774189939273
15245,-0.008360542601195675
20462,0.00747168899865347
20671,0.006658720021840203
11881,-0.009868028102167692
20361,-0.005002030894016407
236727,-0.005248916399405168
12340,-0.002267346792041991
18027,0.007874706500939688
66957,-0.00811688385999254
242022,0.005087897378494688
100198,0.003967963918068307
54598,-0.006815335368570707
235135,-0.007864474618416661
16848,-0.0032364262073816263
110304,0.006622886597656752
20666,-0.008497057956518894
66880,-0.005012724765466103
14283,-0.005810233015986377
99371,0.006600529811084499
269437,-0.009991984628747286
97165,0.0024819501259969456
69162,0.004102992536065386
20962,0.005677307849853541
15965,-0.005848845441853712
319586,-0.0042758369341155955
14175,-0.00471663426065394
19337,-0.005957820064283581
268932,0.00637129002806347
67504,-0.007343145196571754
22627,-0.0027979755725695554
20740,-0.0036049150014960674
246788,0.0072372817103305565
211446,0.004722590960438922
15288,0.0053523671916515525
228777,-0.0034563181462594628
211739,0.0051518924924227605
53404,-0.005825311206126393
224480,0.004921204696495707
71198,-0.0051012266537036055
269019,0.006099224748910892
76900,-0.001667943580345721
320858,0.007351984855308302
17125,0.005967578842047239
20754,0.005493537793344938
213895,-0.0055592205007384266
68680,0.005327969156340373
59042,0.0013872137250778849
232836,-0.004057087588455133
271305,0.006906787087094912
258322,0.006006531558779393
231727,-0.004518674980354298
56632,0.001700368790549689
192654,0.003947213215721668
13643,0.005781240998865567
67578,-0.004691285871721629
58198,0.006150786047911083
22187,0.0013948935065144497
107476,-0.002612672902177593
20620,0.0051578243375765
108161,-0.004796411644557352
20502,0.005669088805074107
15558,0.004688191194162528
18285,-0.006571601199191868
69748,0.0014476537618506313
56069,0.007261187338443165
434325,-0.005929623406447426
18792,0.006945827447089048
238057,-0.0031569812824079335
233726,-0.004057501764666682
328232,0.003155037081283396
99738,0.0043883991641413544
59011,0.00546732849008702
217463,-0.0033963186864429673
242773,0.004160905659492897
216825,-0.003535272363327735
11542,0.002974564763309928
69296,0.002974564763309928
229782,-0.002386738610114847
75141,-0.0018332446036364303
13637,0.003473761585121693
13017,-0.0030621600363831547
20348,-0.0028172184112822407
227743,-0.0014410263565851622
228866,0.005508436806920258
238271,0.0037026063366427664
75415,0.002597871517087569
107701,0.0014680841008480883
245684,-0.004246269461117169
20340,-0.0017368185372887979
100201,0.0017687248637807684
99480,0.0010779690406046427
14829,-0.004150401617536659
237213,0.003316437511173831
56190,0.002169935868023387
243867,0.0015195425598015788
74761,0.0029842689012165025
213990,-9.670237584131769e-4
625098,0.0020774551685258658
213539,0.0025229495852929773
69675,-0.0017927610449968157
117229,0.0013700066067068306
22388,-6.496487868954404e-4
74121,-0.002695307489957166
18786,-0.0013140057340583766
50788,-0.0010737416717869763
66673,-0.0031608375255354204
140486,-0.0019883808671221637
347722,-0.0023777128103956713
18710,-0.00242376667209232
56370,-0.002232834671992645
16150,5.541308655612198e-4
80885,0.0011854501191210787
16833,-0.0019893520688869515
73130,-7.35713263232185e-4
109242,0.0013004775580887085
73712,-0.0025797804087366316
545548,0.001550444725344935
75398,9.465638085153216e-4
54610,0.0019119359425130433
26370,5.857206368276024e-4
57437,-8.104977893896859e-4
628040,-8.104977893896859e-4
68816,-0.0011130421127951706
17168,4.6292964231220424e-4
245533,0.001594232857732969
235344,9.517082658678788e-4
68802,-0.0012064813294250243
217340,-0.00118262591050744
56455,0.0011522000075654404
56485,0.001448682776859389
231329,7.616576694360333e-4
67252,0.0011949836484843601
17122,4.688730589847978e-4
14660,-5.727629297993531e-4
71990,6.069267816855017e-4
50782,-4.665288180927263e-4
234353,9.529448881675506e-4
71096,0.0018721505087517798
243897,7.902545047668852e-4
269959,-8.207592999576185e-4
66522,-9.9895971086017e-4
244448,-0.0011244283375879682
27399,2.4041588193490782e-4
20471,0.0013435214645696192
230959,-7.842805480615667e-4
22337,8.951823845526619e-4
70439,-3.615402017524971e-4
108909,-2.1239083352320165e-4
22420,6.964543685175073e-4
66401,-5.531009656447594e-4
22642,-7.448555092004483e-4
94088,-7.15650720656047e-4
140904,2.7932808286657007e-4
16172,3.360767894164951e-4
269966,3.3294690974638996e-4
12483,-9.702067913686108e-5
58864,7.298080508810756e-7
