MM.Entrez,EffectSize
76905,3.1352046251688837
16819,3.14460964350223
16012,2.4743155457430293
78892,3.3693510947667056
12771,-2.3132130592733926
17394,2.81964283444941
78771,1.151418873888467
17294,1.0901946955943647
16178,2.649345619313597
228966,1.7350027694815005
13008,-1.0991584341085918
21825,1.1227704820044142
16981,0.9266220357453143
12702,1.570256172570712
545156,1.031856176484986
16784,0.794566955388083
170835,-2.069559476783021
68713,1.6912656494614087
12983,1.1511257065687595
12654,2.088309980021415
16592,1.1134628783277858
73910,0.9610723732586655
20527,1.0194414330320019
15186,1.42246865506287
14293,1.838649355561774
67623,0.6645430183839398
16419,0.8445924032780816
21349,0.9345701518001786
212531,0.9764788023087867
67468,0.8550974011768897
216551,0.8869884576053781
22601,0.9807596311172162
17474,1.2536887146353646
18823,0.8785453560434551
106794,-0.7096715743530062
107767,1.0718300047435125
68487,0.6999302177514366
67399,0.7910540752368789
12522,-0.8137768656159583
19230,0.8257563919785103
67819,0.6779514168679999
109624,0.9436664303999631
19334,0.5956915384175936
16192,-1.1307835410570366
94249,0.8253669395125804
20201,1.2026650318842211
16189,-1.3768055227608231
18022,0.6513541295114553
19128,0.8386515741740865
171543,-1.2149660063408758
14729,0.8515285570115267
68468,0.8220720562550721
27359,0.9559048546046558
14289,1.7045744288418057
14724,0.9524975688909709
211548,0.7161403903430763
14284,0.8750548856175255
227753,0.6642765350553557
12489,1.8717084354824634
378460,1.3847701483601895
331524,-0.7860202385107051
12335,0.7631246468473183
57436,0.5922100536196755
66151,0.7118774994150172
80884,0.6246035384753785
110794,-1.1293691299234467
56619,1.5106396909440285
15439,0.9715112442990161
15442,0.7833994230519412
208890,1.1939134498632642
74754,0.7948938407239403
54353,0.7795490698145251
21804,0.8058222773926165
15567,0.734161099146446
80876,1.0377851366285125
13857,0.7433389952169547
102103,1.0974166810965311
12523,0.6132602900678936
12258,1.6716117444747756
72027,0.7534641044496144
11687,-1.7289045249565929
104009,0.7180311606710923
11542,-1.6106810634728275
69296,-1.6106810634728275
14773,0.62744954732013
13685,0.7709152615908383
99167,0.9179496485929199
269037,0.9358936543476837
241201,1.659709772664642
56722,0.7091805292204949
12890,-1.7821841927718038
215707,0.7434825898993935
29856,0.7444397915509278
435145,-1.3548365279965262
64011,0.7186491280521317
53857,0.8506645505276946
58804,0.8700909592666459
18033,-0.640632215425768
70945,0.8978000668226365
258882,1.4612172685272178
227288,1.0037128174784167
74410,0.734036460214984
613123,0.8206412022144125
11470,1.3048551817103888
13196,0.6083061764178535
243816,0.8652446409738381
109648,0.8752964246683277
226359,1.4030022513581253
226744,0.7726706211393122
268977,0.9838504474624461
50501,3.515301406036181
18636,0.7918771986064055
27218,0.7340254817588914
14027,-1.5600912077569573
17988,0.6332114917101865
23936,-0.6934302932797172
70747,0.7075695055884506
232333,1.8201387021123834
78408,0.8504657993469502
18099,0.5424625779713761
80837,0.8573349749345827
217151,-0.7805787043724717
17068,-0.7939883030098027
117589,0.8463491393997948
13136,-1.0006709897876593
20612,1.0932205147172969
69816,-0.6580891821228505
20322,0.7385559813113769
70974,0.6568004791897906
20344,0.7148579009041311
67800,1.1485892742554302
415115,-0.5736567594659503
234129,1.800369554581298
170770,0.6799788371213324
74257,0.571680333951484
56760,0.5085038796225483
216001,0.48315796753769824
67210,0.6564556280678637
12765,1.0919464752540176
110829,0.6339212937379131
20202,0.9796598671401764
19248,0.6748148101104476
67855,1.2597926261567602
75423,0.5068595783148657
68262,-0.542521422453321
18537,0.5524971179492582
21676,1.2625925441746944
81845,-0.5147775820736005
14858,0.9683431388915356
12416,-1.3970790643871762
665113,0.6469420045915335
76650,0.6650622639058401
23970,0.6043617397400656
17207,0.8170294734008401
13601,0.6627927225718899
14723,0.8319703691590696
94346,0.4821200355789177
213956,0.621595879858237
73699,-1.4650371158876325
69048,-0.7800083403296139
58223,1.0227000343119803
14270,1.2001095970760236
11669,0.5944621826992336
54368,0.48072836973591926
20193,0.8661734968008439
14068,1.5603333283512661
12633,0.6236859972623439
270151,0.799030448551024
98932,0.4456236772397286
17060,-0.8085657510602555
14058,0.8405624573608979
21939,-1.0911363010549895
71973,0.7674197026737097
76429,0.6197989365741776
108101,0.6636677533665161
330657,0.6005099706784289
66733,1.5938479170478512
278097,0.7037536735162826
246746,1.0609107036572158
17776,0.7495811953391502
29876,0.7064193632398172
64451,-1.2837878492374228
53906,1.2045404188384303
105675,0.6814339037631152
94282,1.0400849756462982
14199,0.8026874660038965
74145,0.595601085997167
13033,0.555031433896163
268490,0.6218742439819831
71706,-0.5421557018787695
58182,0.8910522371527421
14067,0.7751475282629858
72147,1.0047388088263656
98752,-0.9142605910854709
53313,0.5061711299839704
22364,-0.8489255948723571
12402,0.8282131120018743
110115,1.4771714655123978
270198,0.6396173994817467
78600,0.8438090924610284
18476,-0.6977561116775686
320415,0.5837715557265639
212111,0.472411717855163
50930,0.6923519126696629
57765,-0.6137513799337677
56443,0.5532587828175259
66425,0.5074147530436175
21819,0.6860438892350391
11676,-0.6670979365722829
74191,1.4596356621215385
14461,0.6516793525078457
12182,1.148734033972974
14701,0.6040841170649109
17308,-0.656617592838117
58860,-1.5199426464145134
64297,-1.3531979158666925
11910,-1.338212957166891
72828,0.6247994377862245
12478,-0.7593287255403531
216869,0.4580784709258783
225358,0.592484656989603
26458,0.7424862190030925
217125,0.753713938332842
102502,1.4427804389223997
74126,-0.8532213351524387
18217,2.0113044366855135
77577,-1.8235308052178993
100561,-0.6650572001285013
319229,0.6622924735403526
59031,0.5714304819819391
258025,2.400981213172842
223864,-1.4367036618469577
98314,1.0473530206914337
20284,1.5546688748418545
76900,0.4706053519403195
57916,-0.6335834080909954
140795,-1.6141477011016194
320463,-1.6141477011016194
26427,0.902159169247958
17187,0.4216774366152851
50772,0.6957289932039021
68440,0.6685864760966513
235442,0.3929308207277149
20969,-1.535829248050364
21391,0.604093297237327
195359,1.2955346971335482
66403,-1.9254832595855218
19663,-1.4116209255900012
19730,-0.5536667726804465
68738,-0.6003216796789221
110417,-1.3388120669535235
18590,0.6527254390558195
17974,0.5755078478275557
11684,0.6689313394117384
70784,-0.6474289197108085
76582,0.5281097046397516
228012,0.40656505748737004
52024,1.497999021117506
18030,0.8257576871363268
19271,0.7283325885923837
22117,1.4188316410802377
12366,-0.43771759917852116
14057,0.47467721414909114
64705,0.9622568511499612
104175,-0.6358615896684903
106582,-0.4739810902959327
93704,1.137756530943066
93707,1.137756530943066
93703,1.137756530943066
93700,1.137756530943066
93699,1.137756530943066
93710,1.137756530943066
93715,1.137756530943066
93701,1.137756530943066
93713,1.137756530943066
93711,1.137756530943066
93724,1.137756530943066
93716,1.137756530943066
93706,1.137756530943066
93708,1.137756530943066
93717,1.137756530943066
58996,0.6392883737440584
65115,0.7829212192869885
68196,0.4555724389713003
67991,0.5669046431669731
11600,0.6556914155256344
50935,-0.5070572768289772
12145,-0.6019649836935503
52717,0.45591420893957313
235574,0.4733728043809604
19088,0.4256764292952102
24088,0.8944898040564562
12394,0.6675265183938333
21955,0.717745699821787
11856,0.7184236222597891
327951,-1.1414362682681745
14411,-1.8835885552057068
74434,0.9119396479497555
20163,0.4205386534786477
106877,0.7555155602673684
18121,0.924263145857477
11487,0.47384842385145554
18507,-1.099135078194176
78416,-0.6531750854227454
19395,0.40110813865102735
13003,0.7533114435351527
14415,0.6615777310278679
12169,0.6606605214620931
14582,0.5447860234078439
170439,0.6868779404291452
73456,1.0839085008331226
70155,0.7166855674838466
16202,0.4422735307065988
218630,1.896385023476678
13370,1.0430735153842896
64213,0.4965833470707359
74315,-0.367909489100283
107747,0.9172123551495774
80718,0.6915184812566402
319876,-0.62710742716148
14204,-0.8722038211070551
100328588,-0.8722038211070551
230119,-0.6291615575847977
21770,-1.0922469653874405
15227,0.9914764785385337
16780,-1.4557558675482332
19662,-1.6768817632463575
241452,1.146895490278819
381203,1.3282493417205483
19011,-1.2476107987569636
17896,-0.535842829059364
545902,1.0928374287239695
20359,1.505445895548875
70510,-0.41728491615815244
215446,1.6460539206010685
22371,0.825260579556117
14682,0.43062675256821237
26757,0.8453889483917933
14254,-1.4162523859626743
66066,0.4413402173932024
69742,0.536728289852789
68632,0.691728044384357
13106,1.0035804714910084
17190,-0.3925748442691308
21934,0.6789138017117446
21807,0.4330672798392783
17134,0.5921398826784205
73683,-0.6235815584946032
16835,-0.6783559515352646
245126,1.7455630114081635
15207,1.0622061557795495
17063,0.6836821705850431
19242,-2.105769775466978
67903,0.5145830249671048
68178,-0.9739103272213816
55935,-1.2926739085003298
242785,-0.6597943750240551
74097,-0.4189094744477746
15388,-0.9560808342966407
12891,-1.4934458095051317
52898,0.38344487441885455
14768,-0.33290784775208415
219149,0.9169528644713436
14460,0.48664571920668287
77976,1.019935637012999
69106,-0.6621057645899722
12476,0.748407619036481
66226,0.9822083921750187
65970,1.2111256993024306
12445,0.444745203342082
20845,-1.5068249893042438
26897,-1.29447564837447
234967,-0.9287969478374691
113523645,0.7327135784357912
216892,-0.7934584255853414
17119,0.8490803191878253
16000,0.5280275389016751
320292,-0.5627830834984344
15242,-0.5883795701837453
102545,-0.5158619335042172
230784,0.5528430776081734
230904,0.6357954020220244
242406,0.8122396579004301
246707,0.6822815435199843
12482,-0.6102512261123874
244550,0.7483166557589787
68070,-1.4003699457210987
73332,1.0598316144121478
17451,0.9300774019854634
75909,0.4817323983688766
106025,-0.4975438815011426
71982,0.4979471415314354
17084,-0.5673813106189378
21685,-0.4823567005221534
16563,0.6782093645127905
75512,1.234105657269473
11699,1.035510672647125
241556,0.7906799112774916
231834,-0.5671118896559211
74127,1.8968323296768936
214547,-1.226756110387445
70225,0.5196084321654251
66175,0.9091231242682651
30937,0.5022531401558119
225020,0.46937474257042133
14782,0.519279108849906
17201,2.430404500302364
240023,0.42280771903254255
74747,0.8283174690632755
320202,1.0758617494882436
20530,0.934990601382772
12824,-2.2483281268064927
67590,-1.2238857584420657
17304,-0.6452305233140105
108121,-0.43672387921196787
13002,-0.517663753111183
65221,0.8584059561994488
207798,0.39885360555049765
15476,0.759599313387251
207565,-0.527821140149122
21985,0.5376540651244852
75712,0.4960077945771397
14218,1.2596188735757385
435626,1.2143014832269925
58206,0.6939104113998864
67331,0.9904273073361471
108097,0.5161364488853781
67037,0.6478112119612423
268281,-1.1715844663065922
64704,-0.367853376889137
104086,-0.6751047302784388
15416,-0.9237757615490789
56369,-0.35039665628011996
74559,0.4778673936422191
384009,0.4938466014791949
109660,1.1764210831310393
66435,1.200866169153528
67881,-0.39665082082294845
108105,-0.6091525773989979
218442,-0.4903475004179896
14168,0.8162804394527843
12424,-2.9343273014775466
73254,0.6983758800761386
65960,-0.6432635922024641
209086,-0.6504947433523203
68566,0.7998438870579498
210622,0.7612087682053028
14264,-2.0436791329335495
14704,0.9245882327034085
66610,0.842459382372029
213121,0.8077980867513102
545474,0.5959253268552578
18751,-0.6015337469691566
11702,0.40493636470132266
338348,0.3977573076157217
116847,1.1025724644836328
15896,-0.4926359350674634
20823,-0.3601413575258352
14229,0.5438435954738541
20630,-0.5091643410150262
19274,1.346910289222416
71772,-0.571561561093672
68396,0.8092442434435094
100191037,0.7456038152018909
74915,1.071492751985013
54483,0.63754306523788
106565,0.6574035734088906
19346,0.40730093527892386
30841,-0.5322449448520938
226823,-0.556886393438691
268970,0.821464074511054
26397,0.45405097301196484
258487,1.2875834573917788
69544,-1.1066603768552916
236285,0.9739324523731208
217843,0.805663732239255
56184,0.9589438077072945
105522,0.5757740591797607
74012,0.8715953842770903
67784,-0.549731782298263
23797,0.44734042756435954
76645,0.7541715291961388
93896,1.5018040005544968
223920,0.8207613958367412
11826,0.7368188498796471
16416,0.566702270156485
64214,0.7412806529486407
232987,-0.40564644196981625
21803,-0.40564644196981625
12520,0.37058555887391087
68591,0.7070617707382985
65099,0.45938972743720363
20203,-1.9297858002307229
17293,0.7796327746260641
54473,0.45240888508156374
69632,0.8090730201897411
232947,-1.0015885104800901
213435,0.9358599821228069
21877,-0.4429302067451264
63985,-0.3848047693590626
12527,0.5093797216710847
56708,-1.0558796826637202
76332,0.7686435660469488
67495,0.46209253227566194
170736,0.6765384939150962
76485,-0.4741921586059119
81535,-0.49658381277637176
72461,-0.3514759012155029
69635,0.6277590172996419
50770,0.720073896218441
20997,-2.1320289889629525
110695,-0.4632810875926019
231633,0.9342747834573792
18441,0.7683401441851476
17913,-0.5910737253199265
56504,-0.76399045132964
70686,0.5221425896655942
244199,0.9259842996606089
71326,0.3703375056288891
94190,0.7839644046154879
28135,-0.38378408173274003
98682,0.5115246700180389
227699,-1.1102717160354354
18587,1.1136170585505853
18383,-2.3423375920463383
67710,-0.4341833293433073
110895,1.195920800247447
108143,-0.4323763043086881
16337,-1.1291482910089634
98376,-1.5351790743070297
328833,0.5057741183105833
12481,-0.491215863815361
320916,0.7865555170925678
83997,0.55333834223053735
70454,-1.1405158001706113
330914,1.288761925132492
269604,0.991143656463942
20404,-1.6641419949540297
109593,1.5069954518823425
24056,-0.5079534192025985
15985,-0.6541168312005237
13591,-0.6801937575189987
216821,-0.43942084377082224
73182,0.39290224512423233
13244,-0.3797080336627072
56321,0.416725066861269
20384,-0.4180158273301604
74901,0.5958723796935228
78610,-0.4678392816500345
64009,-0.9805093554925897
215201,-0.473644207057772
223254,-1.5262368104216328
100042314,0.6736245073350489
72500,-0.7741625982469911
170728,0.7487065623313462
17281,0.513431896849009
21906,0.5287221020214332
66078,-0.3614946105755159
13537,-0.5672188949454195
140488,0.7807094422208518
12475,0.9833419586051395
21752,1.2138683411136153
56744,0.35996284454038907
11517,0.9518407731039797
20540,0.4315656426865635
28169,-0.4077932699285043
114654,0.7300326629466181
18991,0.6577801108539223
68027,0.7826465807633838
75482,0.8133882694906278
215113,-0.5237130028426238
22033,-0.5746148939573388
26417,0.4256080666059159
20686,0.7810893566923927
58217,0.9048373455191996
240690,-0.8824792166197444
211550,-0.6247527541616762
67123,0.494852696916837
69076,0.4283361432238415
66420,-0.40426498314298875
73836,-0.5045637435901806
170735,1.0580103543078545
12759,0.44469282369001384
272382,-0.7355721063223424
68501,-0.524446222938689
69713,-0.40148467007647604
53374,-0.9663916893966764
224024,-1.4745037442798177
110911,0.4396535014089924
15118,1.1124788806161456
50776,-0.4764432141837487
18783,0.6715223052053094
17096,0.42305058968040843
17329,-1.011932107129914
21425,-0.4846673365075542
16906,0.6483660302268515
237397,1.1396266523566165
11475,0.6488244374988801
71673,-0.3539292779191836
27061,0.3646278134332057
216011,-0.9321545537750682
227541,-0.39455994640531955
12156,0.8345012586821561
72349,0.4795452390848123
234356,0.5745901566758906
19247,0.39049636319000136
13666,-0.765144071197926
29816,-0.7740257250675349
21898,0.6637031675817218
70425,-0.5299196441680678
17532,0.7005047579979875
320398,-1.4324824799580345
16975,1.1665916602579811
11890,0.7906676562146719
76108,0.4740529240829545
12534,-1.1946966674887598
13446,0.9284834413085097
13800,1.040446255609916
98365,-0.810711061641749
231326,-0.8845484651675104
69926,0.7880126721785299
232827,1.1127562620638418
13051,-0.693541233669519
56222,0.6476586530854993
78339,0.349210633461837
21859,-1.9225347370938133
19696,-0.6519660133576934
74134,0.4780080900599817
57264,0.7885626236169578
18663,0.6672110572167869
56453,-0.5604456812271277
12555,-0.9310153490849298
83771,0.7548891448380921
17002,1.1946115782203126
72713,-1.417724047725759
241128,0.6568690815530047
23859,0.8276798062633102
13036,-0.5548443486134236
245944,0.38621485959356683
14263,0.4352348989776491
16997,0.7462902257580915
67078,-0.38445300749811473
433099,0.8260729966976665
12039,-0.38923409425574285
52331,-1.2793468932825678
20194,0.4202187632448595
71919,-0.3830287145137845
245522,-1.2608075408720074
56434,-0.6129850841359428
234577,0.5649669226368399
668212,1.7105703606224125
381853,1.0720596691970092
319642,-0.8430817963544106
80283,0.2937896459393361
11569,0.6158354443782574
66664,0.54466713218652
15900,-0.6259178587529046
80517,0.30900038159913734
14158,0.7999983854186228
18557,-1.3643227642243838
18830,-0.5107439867591692
15512,-1.1682501916552792
99662,1.0757410498915534
56726,0.4186398347901239
60534,-0.9631592482692755
56012,-1.1517259721449489
56336,-0.4758566649319551
209176,-0.9849692861802422
328572,-0.7836070510860473
71336,-0.3731121913159008
17314,0.43974286492771775
108841,-1.0247446220055645
259063,1.4470568470797174
232984,-0.721290383953396
171469,0.9442016075059207
17863,-0.772196574114103
15212,-0.4833145247874455
235610,-0.28143555018847444
111828493,-0.28143555018847444
22040,-0.28143555018847444
108100,0.7310819784050206
21833,-0.8170941632808413
56248,-0.41644060721978526
11735,1.0649380737400866
14272,-0.39133642606600816
241062,-1.0180418972309528
64085,1.1431868904932938
11515,0.6511528859660825
12176,-0.5893355982235846
319594,-0.8556277695287857
15159,-0.32840348327999536
232680,1.0479475019920512
17123,1.0201941745984975
11797,0.5502414287861761
20383,-0.3541168344531176
171531,1.188001354628725
259036,0.41999720296738996
72585,1.1045462601593412
76969,-1.5060525686127413
217356,0.5930041769459997
72999,-0.5425623652407738
72433,1.0834862024794485
72895,-0.37144254395576226
16905,0.4524963072675199
17858,-1.1986197836699404
19726,0.9482582444279712
18761,0.3672380128866344
407790,-2.398669120481248
12257,0.3886045399143896
74552,0.4851410505556082
18707,-0.44632152250461843
100608,0.7334967551058433
80749,0.813863053232998
66208,-0.5330038353780235
231932,-0.4193277541732501
94245,-0.3829158798857133
18706,-0.9129873917901818
56431,0.5802468272036112
26401,-0.42783729627354816
67971,-1.0005455088323627
11447,0.9644365221017179
218203,-1.0846182220081886
75723,0.9405175777404056
260301,0.7679694122456251
12925,-0.38106539407962714
234723,0.3926609724752872
211612,1.687495424330164
52696,0.3675463408051911
68481,-1.2265021836052714
66177,0.26727362958700596
69318,0.6476630078209666
15400,-1.070479720562333
71862,0.6796910533754046
244631,-1.4441872832309821
15903,-0.7307740051797218
231668,-1.5495795691794978
72630,-0.370798007096397
64051,-0.9994587610787078
14812,0.8471662950732091
70435,0.4945346930800767
26382,-0.5028255429743371
22793,0.39349328684307494
268480,-1.367103951633938
11489,0.7658387330202219
53422,0.8779047493418695
16668,-1.6420509331590099
78478,0.9736982628490929
71884,-1.004640110384893
140859,-0.46377092510967355
69168,-0.9114361684982661
12014,-0.5573080854531192
53598,-0.3129866285012959
12649,0.9039690844325534
269642,-1.0704680646003082
16332,-0.47865065920514915
108705,0.4273149859906251
110542,-1.129937449384005
11979,0.598457163965656
52552,-0.4484400014617984
76252,-0.7975370351369397
66612,0.4194767287197827
53617,1.4498496772788352
20859,1.3208152436198697
12159,0.957459280004116
71994,-0.44141725515605224
14628,0.29320322629709494
12587,0.8246178356723641
67378,-1.3058806501251365
15109,0.9700944227024273
56185,0.5396105367501995
238247,-0.48033495746889354
11545,-0.5815888494885293
15982,0.4456802304761638
170947,0.6439543851098266
55985,1.1656595503689657
74478,-0.8333073576716625
12557,-0.7477711407620315
66968,1.4228690078586412
109676,0.5905688772929665
66599,-0.35037126243173233
14570,-0.923636716243843
18796,0.8108917772904825
18588,0.47569221896847225
66854,-0.4441735267352236
67905,-0.4108765604656899
108655,-0.593905279149924
16154,-0.3858381662553878
20168,0.4064964080061344
16438,-0.5405921319043436
13855,-0.8881744460941539
110385,-0.49854738329071147
21376,-0.39673055941182156
432516,-1.0510692719781654
58181,0.7770526554852042
64384,0.39415216161608235
11501,0.735843200191459
14696,-1.0268805745432132
13732,-0.3990293856493956
17960,0.9501825020992847
245308,1.7393575551819522
72536,-0.2978990226966829
259097,1.072458157299177
225631,0.8384317853565033
211623,-1.6413667346224603
104759,-0.4297058399526996
17984,0.7427855737843663
232201,-0.46404437766543083
213211,-0.48361905546188755
246177,-0.45705211750158625
171508,-0.8891332621679426
16994,-0.5389441766451437
20190,-1.0829872167088377
56017,-0.4116033282585967
14802,0.9586035091233605
239570,-0.3291910643986746
69606,-0.48180245919900777
216021,1.1208396739610187
12506,-0.47673256881431314
380918,0.8053822894247862
73991,-0.9366068929296452
29858,-0.4942516731109379
12517,-0.47542501436377904
245468,0.6275257221012271
385377,0.6275257221012271
69834,-0.33352433080876764
16447,-0.7937695681182815
54199,0.6493495318690723
16171,1.2273277140798164
18985,-0.5065219090810835
74251,0.5686351800405145
77569,-1.4210625392239074
17150,0.8633042468965186
14417,0.9710872758311928
57373,-0.35757245241965485
20182,-0.36825607561174856
24047,0.6256469198145558
26568,-0.9171381801988527
666938,0.5317134213998935
12369,-0.7109869385839263
26992,-0.3548205712220245
101214,-0.4711117204198345
77701,0.4217867938353823
110172,0.3106909415673105
26423,0.559028625583462
77697,-0.8542008269942638
227656,-0.4344607149044535
320799,-0.46496874392145493
111173,0.6341474941088681
19735,-0.4565310300867935
12843,-1.3437122006170563
105372,-0.9619861625160917
114255,-1.204137496804743
64657,0.3917554934541023
12143,-1.0712265652587663
66147,0.31327264227808627
19289,0.47512322495439285
21957,-0.8982500592626277
240427,-1.1242435371476764
114886,-1.8158773796492205
117148,0.7475009855163366
68039,-0.3265402549684957
56050,-0.6507412839018478
239099,-0.6255442735682086
217154,-0.9446314397425439
66126,-0.330975251843185
71913,0.6215908126048504
114229,1.0196267073138108
26415,0.743057905821412
170750,0.35376552021460483
55950,-0.42084044689775446
13849,-0.5777781795804593
50791,0.7090630264966613
12914,-0.34828585662848965
83397,-0.6199102677233501
73547,1.3061158522439205
69276,-0.3608540742084152
108148,0.3140364069145072
67872,-0.29058036114109953
170676,1.056845454144577
76238,-0.36861499810485654
110078,0.4721148462809044
16153,0.4118649390555822
81500,-0.34266693820588223
109323,0.7775700230548122
19171,-0.30676805528392315
68581,-0.2927793623367201
100038347,0.6192487878267654
56629,1.0241376839625804
74469,-0.4886005604912711
11576,0.3031370175499353
20361,-0.7323046966024869
17878,0.9127626473527513
15275,0.5129938899845481
16403,0.4564383963516594
16521,0.6313625129678124
66711,-0.2932094341818754
26442,-0.24611142168637024
225825,0.4622068563730686
66343,-0.4572245172178766
56367,0.6758870083858639
56193,0.41114070767036814
18550,0.3356015021086183
11568,-1.936893035385408
16992,-0.49270306930094065
108079,0.7892569749068343
16545,0.5721096999293929
17537,0.7647094209950946
66949,-0.48297111236885826
18782,-0.7190121967436962
110265,0.5167952753704927
12931,-1.296830884796404
98256,-0.42734839208362096
212198,-0.9536585704127747
545486,0.6448234658045084
72179,0.45487678980083235
12798,0.29715184291979746
226180,0.526989539848497
66609,0.4910968762131773
67841,0.48534683596706074
216543,-0.42612946278513864
252903,-0.3802310377054319
140481,-0.4231157585482963
30806,0.46342595148761134
18330,1.323918701371169
74455,-1.1131215055477641
66046,-0.3506274196744492
213550,-0.4571789946204916
20498,-0.38227871712798933
13075,0.8196152068545288
12805,0.7526860658282519
11643,0.9597929281048527
330660,0.36893655786825263
59095,-2.6663050000315023
20460,1.0456103846974791
12988,-0.4184354966185726
14764,-1.0439418007484078
17083,-0.37060973858402413
107371,0.36581373876986056
19108,0.6073064565756017
80879,0.6619426458357918
56299,-0.5148857600190757
75209,1.1456393437371668
71592,-0.9023813408834958
23879,-0.35885034279592
15203,0.783617434682367
212706,-0.4550613602356286
107589,0.6995917226846524
56191,1.1261144157436673
378425,1.0484394995850899
71704,-0.43950159364468
23807,-0.33798012179586046
78889,-0.8032582695090573
14756,0.9726126501932519
242022,0.7623715445646386
53357,-0.5399657122804697
11448,0.8362212734966317
231991,-0.5070289955570768
66172,-0.3288665325538638
224055,0.6538925411813761
98845,-1.25016267402163
70099,-0.3290195334010626
20130,-0.31775544040319303
330695,0.5136287167408504
93884,1.6509027296386023
234593,-0.7289701852814492
70497,-0.3758733212469192
102631912,-0.7065704986487491
228839,0.6766648984268127
16150,-0.31785778346416205
72727,-0.5252741222387911
20382,0.4873126824720675
50782,0.41455410646209145
76138,-0.4670954920986876
22192,0.49447946323221714
213417,-0.8170372467239728
269951,-0.315746570613479
217517,-0.9948424506545406
19181,-0.3213456002190842
14025,-0.5118485535277308
171382,1.0472050141490916
99100,-1.152401085827254
56506,0.5162633657226934
14268,-0.8862836126300824
235416,0.5401957351678552
99382,0.5151354603642222
57342,0.7125912097643257
11793,-0.4019246615612939
66310,-0.47189038194067123
56863,0.580663637837163
12985,1.3426881052592679
13714,0.726814401373149
77929,-1.0359820340189598
14175,0.803121850618651
22377,0.30902217181663083
338417,0.757207208254937
13639,0.7312513471154531
11843,-0.4142719257364398
268973,-1.1086819144160769
18504,0.9929328208311121
71306,0.9001081789682441
16688,0.9894053856014207
13115,1.0511997161224764
170571,1.0490631008617157
22260,0.26172912176755503
54632,-0.3180219733404357
268782,1.06558935400912
50884,0.42310115976662566
244871,0.5867782915613313
21664,-1.016385234516326
226541,0.44558568578102165
100494,-0.41249393416384805
19210,-0.31660216534293717
65102,0.32277006438984124
71520,-0.44897375738495704
73825,0.4644667865146319
21422,0.6653439196459452
224116,0.5391390543450605
13390,-1.1836263395354663
14240,1.1532377716315394
13667,-0.29137925978097456
225192,0.8480121887026195
76178,0.6034689597116056
16401,-0.4539299575260749
229499,-0.40660108921543436
108671,-0.4423915228786921
56327,-0.6434805845022469
26372,-1.0554244505215316
320736,1.376217188208071
27054,-0.3612893217796227
56047,-1.2801542753556774
67844,0.49785115691853044
67680,-0.3602888961915163
18987,-0.6238124045137088
353499,0.48713280828854355
69757,0.48713280828854355
329977,-1.1871839140188194
16952,0.6864957120513786
17874,0.3899348218750518
19347,0.3200239777291891
20200,0.520919214469858
319695,0.87494993097342455
20353,-0.48612728409129247
100042480,0.7123727362369765
68203,0.4026431201709748
67229,-0.3615978089398819
21823,0.692824344985036
22038,0.866248744457307
11739,-0.3306946160543305
19356,-0.6768815936757253
12671,1.0745965022813913
12581,0.4256622240569641
12192,-0.3324730568968377
12725,0.5106633356317829
107869,0.9749680513244097
69185,-0.8786197077491984
65019,-0.3031219860693142
76073,0.4874222288810177
11440,0.8117391885594811
67182,0.47593486644888827
100434,0.6079241229645831
77462,0.8672466594452466
17168,0.3341879868609805
215257,1.3384899954400025
634104,-0.8448114267438336
18675,1.1157108024322855
81799,-0.912264700058139
216987,-0.40536297227944473
12483,-0.3806638389264023
211228,0.49987172262841817
16399,0.5906582064567996
380686,-1.0165724144451334
230770,-0.9590917502006384
16412,0.6802525253767104
18081,0.3123448939177571
71599,0.8472404264171516
233765,1.0446118183467652
73447,0.39231686778538055
105352,-0.8284875140442178
231887,-0.5187377933002821
30948,0.338703572095465
319554,-0.753933974195947
224139,0.3432610683227093
12123,1.2782743624477169
109095,-0.822335836413215
71883,-0.428436110058092
382639,0.7517159293665188
75234,0.4440915654443085
70546,-0.37055347133529093
232879,0.533826402548442
14675,0.6426385110016755
19646,-0.3768365134694598
21815,-0.41541937206757673
73130,0.44633956020403076
64337,-1.2605489670381007
13559,-0.8879242959863793
107607,-0.37383440331711526
12703,0.41217802829176264
12953,-0.34485258937796814
66294,-0.566339620205885
223332,1.0407714248227382
16443,-0.49488834186086805
54369,-0.4009245173085194
104130,-0.22406335214287054
404317,0.8560203068699903
213819,0.31696719421680264
13631,-0.8794247012312848
12516,0.30869007815981675
11796,-0.34183172404777373
231874,-0.3454265617031904
66084,-0.31040171174883824
11492,0.4233327967750995
53324,1.1126622772046857
327987,-0.9450360822064106
74748,-0.9627300066379672
16398,0.6759807858933877
20231,0.74864933640676945
21645,0.760032296103633
231931,-0.43864721761631387
52808,0.4552420119983491
70470,0.529941511372872
219150,0.30640806098678475
76959,0.2917544910190859
18016,0.3992861784851769
71519,-0.4810360319304188
72075,-0.28200654610729536
78938,-0.37773833151819325
20536,-1.190727641723503
73828,-0.4613041882383584
12571,1.0610799751055624
238880,1.5970650430901734
22370,0.4239081882046132
668303,0.9963961148608176
78787,0.7277500731452662
14611,0.4252007963463278
54125,-0.3461374688155825
15958,0.48373092011315233
77006,-0.4212317089034858
233575,-0.36063616073826665
68263,-0.3149213218079865
18080,-0.7657009189625708
58859,-1.0626737793806127
235567,-0.7041076764273662
80294,-0.9541671468820097
245886,-0.4375385000754086
22218,-0.3315645975972483
83485,-0.25970203280824045
654824,-0.5314206483986625
24055,-0.5331732076625073
66957,1.1201917353205886
93834,0.3367492943388619
624367,0.3367492943388619
212541,0.8765161416389011
67201,-0.3873740284158309
70834,-0.5303387089036331
74513,1.1563903846700607
15370,-0.7081818744670159
20469,-0.42169019184383316
103765,-1.0634838904090662
66790,0.472266724804693
75050,-0.8687745274510359
110095,0.6596075234540866
19720,-0.34428160169189326
19226,1.1957853159170417
11847,1.0143135394565412
109032,-0.48779154556630644
70393,0.5468523610747518
103841,0.5468523610747518
20292,0.8341886875652613
16506,0.3928954133688993
93679,0.359876456851703
214575,1.2993688300680932
53870,0.771041369493453
216343,0.6380268328245147
67898,0.2523877529267047
225861,0.665694537398144
74147,-0.6882913475900114
68867,-1.1575970033651988
70088,-0.3905943624135535
18041,-0.9052238499105201
432450,0.6016157566718796
71743,-0.29575104712477085
17752,0.7699451456995314
11981,0.7302947778917499
232314,-0.6179691099600797
50497,-0.4033740021362515
28077,-0.3179207277836653
19893,-0.9941851818451113
76438,-0.5003366417844557
76071,-0.3138350546242652
212989,0.774674352257696
230126,-1.0283140021441506
80976,0.507069409965812
233752,0.8991420837683153
140703,-0.6273342739042764
140792,-0.8273461329623659
23888,1.2107299732888457
22068,0.6033326913128363
69511,0.7372233719616941
18095,1.2311533213542538
11758,0.2891805859541101
214505,0.2558589800056481
52670,1.1900981445648409
21926,-0.5463480464650949
20148,0.3420050567787829
16427,0.6150093528180376
230103,0.4482951295409503
68270,0.6136891033824812
68603,-0.32122723660763164
19277,-0.4395225409536172
104263,-0.3831860844351951
231805,0.5170584953364941
69582,-0.40764361033574836
330998,0.9587807071118548
269954,0.5975902646473958
74153,0.2240885390812739
666468,0.9198093310725155
237211,-0.5378702673225932
19024,-0.8339773190196089
331532,1.0377387745054572
329165,0.8514257950543103
68975,-0.8630452561855826
225010,-0.6423928817959217
63955,-0.5285686240531033
21345,0.59513214651985
71846,-0.794118445052475
108075,0.49122961789549535
14787,-0.9843301053680809
214897,-0.342755586365179
70432,-0.4143464513063009
21873,0.5805090061135525
12499,-0.4151305217267929
70726,-0.6083916577832547
110606,-0.3562974346286243
211151,-0.3562974346286243
320502,0.546322953797211
26927,0.6616920423629873
109689,0.3328456863268272
72661,-0.5129986928663914
21371,-0.4408310887924607
22634,-0.5690609881460045
233875,0.8289383327195416
102115,-0.23548124778140078
18582,-0.6543737767606244
22066,0.7524644945885361
14127,0.3610650279547851
12715,-0.9247914597738305
215335,0.6391651252506989
628324,0.5066061304135925
50765,-0.9019062002470566
108086,-0.3253106197099953
11658,-0.46626080026108685
16669,-2.3764257605420043
235439,-0.23105013764775073
68087,-0.9378319616832904
20692,-1.6336676582538576
16559,0.579970350911557
12122,0.3509150146998312
16147,1.0393203265825943
211660,-1.3475095383480333
74271,1.0778192885631124
210044,0.7637953599975047
20397,-0.4663208181903489
108114,1.126487018925963
13380,0.9716438895397919
15452,-0.39476194526681674
22004,0.5148113799461553
232714,0.9107106425154337
67443,0.2732922753918654
27393,-0.3661672987590574
665992,0.3570875302081724
66725,-0.47957668510238793
68058,-0.4076263670471203
100502766,-0.8045520628846763
12385,0.39100180001378426
93672,0.5837730891919017
13885,0.28949436620718316
237940,-0.37751482368397404
320365,-0.4052745536453939
13058,-0.49416530385165913
20598,-0.8884626017781834
69836,0.9009671310594971
74176,1.079507355301765
16646,0.5182033055253132
18005,0.7066155658703002
329909,0.7910684742725529
17221,-0.9593742673557921
107766,-0.47211164873051636
22771,0.5476989851159653
11984,0.2541660405606958
320162,-0.34331433697843394
69089,-0.32888566699762656
13190,-1.0798019374917387
210573,0.7118316907560569
76895,0.3522742300544053
209268,0.9228715026291372
68499,-0.3373874463231683
231148,0.6788777809669391
68453,0.6421921191408808
67453,-0.28294283254189523
56703,-0.281482632554809
238875,-0.8926527189117701
170718,-0.350591811789565
99010,-0.8462555754176266
13595,-0.2821068546246188
17888,0.9462433734294051
56809,-0.307483473870267
67220,-0.38375841204468664
19268,-1.1729554903121309
15368,0.5619352422103816
17995,-0.30931496874421605
118449,0.8375715798817165
16822,0.49522027276977276
68964,-0.35310216341661693
66997,-0.2682838697416994
104156,0.3738902279426952
234219,1.2023377093687317
69590,-1.0618952101775543
100306955,-0.6457786366862406
18542,-1.7012728630060572
70160,-0.39192427560107745
210973,-0.3128679000489658
18436,0.5401593494004295
69938,-1.081403994609849
66154,0.3044236653621848
104681,0.38519879727020445
114666,0.515106613693991
104771,-0.2510190352549291
56295,-0.4040142733812093
11812,-1.0680024102185444
27204,1.2872050891476192
74596,0.7277385850069562
240960,-1.0124326630480205
24113,-0.7271550607257513
11434,-0.7467729811800234
22027,-0.3325598930386082
72108,-0.9725615482704262
74244,0.37023889800645193
105853,-1.0603133949896346
16517,-0.8263249991843864
67839,0.8487477656172455
17112,0.7640628841836836
53378,0.4239606341678286
66371,0.6423179763402613
14758,0.557698429857318
74464,0.8179719135315997
333433,-0.9276887577728337
320080,-0.8322345765778332
109575,0.5681896876711043
75668,-0.85851569299215
74479,-0.2990856085956022
230801,-0.2924173562561361
17305,-0.3707240436359509
12952,0.8980628363123637
66537,-0.2969719051299222
14538,0.5638182251872719
56324,0.6875535165615307
17095,-0.30217449920774797
110593,-0.8026821368964416
215085,0.6366084918900059
211484,0.8082803456218182
18018,-0.3834922921798487
21346,0.2791231783268149
20496,-0.7740759841936695
21885,0.5493331025993093
57783,-0.3115295144844161
56640,0.5188170082316628
65257,0.7723171191382594
67397,-0.39058686128967857
15562,-0.8007884067630053
545030,-0.4768271512829738
319583,-0.7935112295116618
224079,0.8445272453596462
13199,0.7872762650773764
13483,0.5861784895639612
242248,-0.543267291651766
17118,0.4054722195506315
103468,-0.33566628118272845
21786,0.7772107932394228
20679,0.899071013293308
109135,0.6197325054688081
67738,-0.3565514056529082
69674,-0.38166121590344027
74270,-0.2668135611107303
70382,-0.3264619491322822
67755,-0.3924203134325186
19243,0.33478179849954515
72775,-0.29162395462658
106564,-0.38107160264379303
59045,-0.34194209614043203
65972,-0.3948117893397569
226409,0.7754007116570811
71810,-0.38379064873939406
20401,0.6806634407624514
58180,0.7016872416380906
20664,0.7176490340805861
66642,-0.28059503720389145
16495,0.40098645586979664
72113,-0.5153758129661377
73242,-0.9100559908972716
19762,1.028615737405321
69556,-0.32292912360712034
71567,-1.0198956463970195
73192,0.6503991832525475
277396,0.777621061929076
217707,-0.3041168138206327
263876,-0.26887222480866946
71709,-0.7896619569696517
226412,0.3428566578401018
93878,1.2006572482291986
103768,0.48701903588560747
66912,-0.33117615745005935
56335,-0.33510833606833934
108150,0.35520527719430817
94332,0.5758212262315361
72184,-0.8488722271729872
11932,-1.1305405915345594
12399,-0.8281668053885411
631797,0.8026864273364964
244141,0.5713671836797181
241950,-0.8085165278895978
68275,-0.3571001833966516
71130,0.5586646638001991
76380,0.8481269385162116
14916,0.9112474751498207
67674,-0.3469678128475113
54198,0.41020404942367605
16414,0.3768743332054729
18750,0.34994975265523465
212032,0.6471758775324261
75751,0.2904483343661628
67200,-0.3121040376991582
270192,0.9204192758263274
52592,-0.43013215264553484
17937,-0.6069025683325178
16434,-0.31553976907751213
101240,-0.47234196137747375
21847,-0.5538548470851294
107566,0.34633664754116644
21769,0.3913404327928074
22678,0.9832007100397604
17246,-0.299801019537405
20681,0.860581938693227
14239,0.7633585350950294
269252,-1.0510005609196718
11790,0.7383122538430458
216527,-0.41167802024941835
29862,-0.7236283137702504
21743,-1.5313824703623933
71770,0.8226193731088465
26411,-0.44100610800864537
14680,-0.7845082914256523
381605,0.49380546124266544
74178,0.26932968634071486
226861,0.8268952134511025
12064,1.1038393973897112
19981,-0.21549973780807363
13807,-1.034410429934324
16977,-1.034410429934324
13649,0.6974234192426705
258248,0.7042334245692237
18029,0.49807007402923986
208691,0.44737434493444006
433022,-0.3829609222731998
338365,-1.0050831641958613
52588,0.28704252583716006
545824,0.9513951161114358
75785,-0.5276567833071368
72068,-0.2790150317740654
21340,-0.6981145715601311
70481,0.9014341603104246
11744,0.4220250030392503
100102,-0.8007266141809879
108797,-0.9286400764372225
15937,1.046732648127306
214230,-1.474153759934044
70796,-0.8877608855925825
53972,-1.3067091352824614
216873,-0.4464456457815036
328580,-0.3504402253126315
170787,-0.3504402253126315
630994,0.5223473841813968
258930,0.8524236757855514
18616,-0.8805475560586093
12609,0.6895065871858783
55943,-0.3863318022133351
56036,-0.2971817645163686
74355,-0.43780144550196454
320795,-0.28486381092449875
66350,0.6416908141271307
67773,-0.21846426443625155
15547,-0.3130832423603458
497652,-0.3457957074524227
67530,-0.39116404445767294
214895,0.2674604212706928
217366,-0.2935217006422537
94229,0.7200572955881217
216156,-0.5171967002322306
76510,0.5435757792285987
93882,0.7774518295125614
22065,0.9528117434670818
19325,0.25318890155195284
93836,-0.4048987451049051
56462,-0.30599403369539147
78797,-0.2961249244707904
18712,0.3646855215803715
18007,0.8086753314101891
194219,-1.1004016641112444
69309,-1.0937093669350597
11428,0.6750214845191111
66618,-0.29494582950358605
21374,-0.5370246692822507
12700,0.9556157498593274
26565,0.39940950989146007
67937,0.5442604605106398
69634,-0.7959253282146417
229004,-0.4771008795849436
66141,0.39495628146094575
238988,0.3612053580813841
216148,0.708629879015124
245446,1.0238754438866176
237625,-0.9238454154341476
208748,0.9771956778986359
71213,-0.6389080399340639
238799,-0.28443231264223634
17754,0.5616564819335075
216161,0.6802522746897024
22385,-0.6310904314706214
57266,-1.1576971315164983
15184,0.22784022987077002
66098,-0.4393411816342949
71405,0.8916495090429719
12651,-0.3217786806130416
106869,-0.36544151148817683
54445,-0.47448813285831903
258296,0.9715389334364941
243813,-0.36273394006129145
17159,-0.39340426720580624
13619,0.6073668431355888
269702,-0.9002625073020294
56409,0.283996431326214
15312,-0.39124327424822347
58205,-0.5527034509885924
20753,0.4746836958222822
13001,-0.28094200658599533
331026,-0.2456744090243621
11537,-1.2405395942194373
235623,-0.3087663029049015
53859,-0.3244697998545192
12400,-0.42431794090050445
24084,1.1137577898586137
22352,-0.4090528314268731
80886,0.4178838135458829
72469,-0.8400674400343204
208908,0.600353079432006
104215,-0.37377848323347784
58807,0.5962058004729673
214931,0.7703494772615604
14803,0.9507261445803663
63859,0.6355635231579679
19338,-0.30564381940406626
380732,-0.31945405505472735
218973,0.505237695853932
67951,-0.42462017757527626
67804,-0.3625536884027074
237754,0.9541286314400228
68966,-0.33954253668765944
14020,-0.5386467525711005
11945,-0.7578733585108508
66530,0.2346359552590691
19299,-0.37007051502206423
68597,0.48549650381339937
228998,-0.30896595729028675
21429,-0.4075060730123603
433926,0.7131507809552744
327826,-0.40709833443682886
66053,-0.3538885316022915
66493,-0.3309849323127132
13852,0.4006127830671282
81898,-0.8727397647129962
22754,0.567047870683246
20315,0.8914769468991861
330460,1.0375469502801087
12928,-0.23557582163081392
12579,0.7883793638909511
68563,-0.3899126293682489
232089,-0.3123381219235455
81896,0.6771947758969947
50875,0.41871576138837696
74008,0.620401131287105
70894,1.126004798684436
320145,-0.9852779641115994
74504,-0.3426538400987873
259147,0.9429088044695701
107951,-0.34501010468251714
28113,-0.4626305224196523
29806,-0.25777798709558475
56216,0.6015264805152452
16912,-0.37863661592562714
21821,-0.787310407190227
102693,-1.0590772796950176
18720,0.2667333813989732
68082,0.6249758324441288
237500,0.7035974425382987
74675,0.6124551223826957
75099,-1.1028113374805208
18201,-0.3973817233385972
22226,0.7192043386219891
20495,0.5682866908677706
16440,-0.4274968535482415
83675,-1.0492576326830871
232970,-0.40244089210792033
70790,0.2493554352666738
19691,-0.4423432187666725
192157,-0.3512334793963152
68041,0.30193763720405187
14179,0.8948504808043367
107477,0.41790485006692357
319875,0.647951238615617
21888,-0.9177665670219284
20022,-0.2471120575298329
170441,-0.8816286247568543
73723,0.25806418627426453
18096,0.8194479025869041
110279,0.389393553417829
67143,0.3603738168190924
12362,-0.34308951990091074
11886,-0.7515385676137152
16408,0.30799982162079864
69539,1.1450109360937795
26558,0.45347936238873654
244864,0.5099879817340263
18778,0.4963627731884088
80708,-1.3285419396088542
208659,0.7763380277907763
14618,0.5086014697553871
52633,0.3946906286047023
17938,-0.35858068917944586
235106,1.035165608360558
68097,0.24786209452552654
17005,-0.8429360061232085
380924,0.7506966589882684
26569,0.4530123963012489
11927,0.24171706506677815
18802,-0.3645026433615577
329504,-0.4645854444643618
328365,-0.44352270949041817
259041,0.6167423795579401
76915,0.8154338635786589
16326,0.6846232036286386
69706,0.6018945662685118
64378,1.1629552149881492
59054,-0.2686828057635271
72555,0.67354497271449
67826,0.30362550234630703
330502,-0.47267548852033414
68588,0.8878847335605067
224640,-0.28427662076595084
547176,1.312484196438707
103149,-0.7276302883768659
52463,0.6130121760526439
100226,-0.8519187597606015
67684,-0.5050961498850182
70729,0.5119148752582205
78334,-0.271780518038252
384185,0.7732718143330706
54390,0.2959779512210883
78749,-0.4052390181733543
260297,0.6558209009400926
207596,-0.8433737199196982
192196,-0.4319410402046593
234814,-0.6212651409374983
665563,0.6028763733394804
19039,0.35943174981330017
23828,1.0259521422952425
319448,-0.7527881687099178
239759,-0.3290528232466845
19687,-0.3504600940314564
12659,0.440388925771245
19255,-0.37912670775887847
14938,-0.4152390005836235
58188,0.7625794979874909
17428,-0.363918953242214
243819,0.317516227122427
68255,0.317516227122427
58246,-0.7360559405135394
109229,-0.37878883549039166
319581,0.7354103887992158
66125,-0.30923364471946435
17702,0.7046990284903698
13653,-0.7244798689434138
212307,0.404056399944535
243923,-1.0728827204293507
242050,1.0468198252037206
58193,-0.9727668501516442
66212,-0.2500922637772298
11827,0.38393888716547586
56188,0.4667767757778627
99045,-0.27755206256724385
234463,-0.3777851186318095
53791,0.7392516495226138
280635,-0.7909514637504449
329252,0.8871490842515395
72774,-0.32903626449467005
30044,0.679185664155737
68169,0.8396310085985164
22282,-0.2616588155883157
22190,-0.4003832951228148
21343,-0.37631707206433873
66231,-0.30368657398250143
207214,-0.3026779895200349
14062,0.3548717670472179
240665,-0.653549373944533
66821,0.4762645600239743
16679,0.5176786511554887
69159,-0.5048567001484905
14167,0.33878234664629847
24052,-0.945930049893728
68126,-0.5842643766042137
12305,-0.6629224489544949
66111,-0.31158733997167865
17082,-0.48845074945203937
227960,-0.7191362961612122
16183,0.2318053717360442
18203,0.2318053717360442
57810,-0.7916014379504253
77053,-0.6957707425920798
225266,-0.7428094548258741
330721,0.825103717238155
67269,0.700703986019624
319469,0.700703986019624
244650,-1.121127099100689
17939,-0.37053307717111306
71918,-0.4801983032312833
17191,0.2600059146364444
67030,-0.3135072965809691
18393,-0.5647503476963118
21961,0.45030671849815285
214766,0.6760736939432443
27984,-0.7116522297844243
72043,-1.1569667340417888
68240,-0.41262282494317226
74192,-0.4474690185228063
56541,-0.6256241930963311
269344,-0.500144810351804
574418,-0.500144810351804
13388,-0.9620915738700151
11811,1.3736408548820371
78926,0.3148001378302503
26970,0.5435111760272076
228777,0.5179355353613264
110350,-0.9195148325370273
15254,-0.28376537140002434
20564,-1.1285544864086785
71827,-0.7252552117902606
57443,-0.6103771292097964
13490,-0.6921934006200603
22409,-0.73269802569079
15563,0.8265129305700363
15959,-0.5876225258451981
16826,0.9086102598857093
245000,-0.37002225822919854
14807,0.762100155875463
56405,0.28234598360113594
20265,-1.0444429565548532
110175,-0.4413840711155643
243374,-0.3776587837538976
73162,0.5010474015157662
81601,-0.22734570031410328
27999,-0.2655097398932984
68526,0.625222984516351
74769,0.8007450765080186
67073,0.4545485291000215
16205,-0.3768389605028375
171166,-0.8019499151896055
105243,0.747762775945402
19698,-0.3230664574600972
12279,0.9580707797003263
381373,0.9248319947129935
27225,-0.3002652762025626
19228,-1.4928008928732868
83436,0.31146824797768247
258355,0.8108710792666405
15978,-0.6569147126966586
80286,-0.41438968350706773
94279,-0.2829594432574325
71233,-0.9517442019352096
243914,0.5378603804793691
20174,0.3218721515123715
71684,-0.22632310764836738
52123,-0.31117629696978977
77055,0.61526486518959
170768,0.2847201693544257
69121,1.0526007645863946
19339,-0.3845018516332974
216767,-0.27131048440046435
20336,0.5828422993453559
71840,0.6060482577923949
73338,-0.7840645819277858
108670,-0.6105181146634786
21930,1.067486851282574
218304,0.8615914609784778
23908,-0.809525553731528
11551,-0.7917275833769999
14539,0.5228797825771068
67726,-0.22095078543744684
217588,-0.8604314745156643
19383,0.4985854276365309
106042,0.5384712208266107
56077,-0.9289187963285999
93885,0.7870644646535618
246696,-0.29700483008053347
79221,-0.7333470727921352
20024,-0.254747851054109
224630,-0.4996387426173534
67865,0.2680153796875171
17202,0.9420679831430858
16643,-0.43183302902039067
101476,-0.2664983958914302
170772,-0.4964084491571388
106522,-0.6910535506773741
30843,-0.32661075767226855
66522,-0.8177216272966699
21413,-0.37076589693332007
11352,-0.6486531297294533
68460,-0.6448276332454119
23805,0.5886217386479604
18578,-0.4845352029895382
67621,-0.41941228408553144
16469,-0.6897492030490433
20744,-0.7371556861723114
15565,1.0412595062231151
50529,-0.24421305085222222
16362,-0.4032367727958803
234875,-0.30519797816240235
67119,0.47297258155552324
17228,-0.7611753810878206
18146,-1.061953812063038
56379,-0.8985018636065609
215814,-0.25876197765920317
170707,-0.4612610109950044
69398,0.5755471191700972
20817,-0.2851500506838587
329502,0.859074415770277
235320,0.33547591491973705
83554,-0.9866858441940218
11670,0.4116687944885342
68724,-0.35589158927114006
233529,-0.2794534328482783
71609,-0.2533334661015161
69537,0.2605382664847724
50918,-0.5708309801407472
229550,0.9876080296267018
19331,-0.2598804900107954
94246,-0.7755991290809137
14731,0.6848380764335706
20181,0.7744886313344903
243078,0.41838067166496895
17528,-0.9698812161196759
71968,-0.27402960831225265
74729,-0.5685774597935485
101502,0.33329632140887355
319804,0.9940796156964655
26754,-0.23068534926968098
140546,-0.7435064943572947
13640,0.748189919891189
27410,-0.2623053538050293
66880,-0.6540996740193838
72313,-0.4508785375541873
387314,0.6240547678739832
15898,0.8739635179058514
11572,-0.5737268121382693
107321,-0.27176084929859456
269615,0.7610559061653621
64934,-0.5387207416006259
226610,1.130660391589946
11853,0.6390339630574822
54394,-0.38313822873890047
207425,-0.6653412192799149
19246,0.2218154398944101
216725,-0.927691420694122
13521,-0.8603462037627665
22145,0.23795305920152998
107528,-0.34215025520754194
57330,0.41472107032147143
79264,-0.7253601952833622
16373,-0.8665844922208463
14252,0.5712153942612304
15560,0.8008744092269584
21351,0.1803597406906139
22031,-0.34133400245788437
27965,-0.5670028237609808
140474,0.8256829033610842
20387,0.6212664395987035
53868,0.7740609358906694
68273,-0.35767280728224904
76786,-0.35767280728224904
70144,-0.46117848342712797
332427,0.7421624809070626
14828,-0.25134591970573084
15208,-0.8138967160767177
107373,-0.29425036204078836
230582,0.32107369085110005
224624,-0.30599546479222184
56317,-0.2658028855680463
74255,-0.35803762642831316
22196,-0.31865754464364215
104886,0.5816282332013687
68877,-0.24959819205470346
231803,-0.2648174285919698
235379,0.7729204789082273
225523,-0.7121842240311418
17035,-0.9128260847257277
219181,-0.5535352214582403
104368,-0.20420234347334087
110954,-0.20420234347334087
66290,0.30264439031194534
54132,0.3125821593669862
242653,0.5887999595611166
11636,0.5061777733254971
245532,0.6645313477789161
74732,0.4113036712800078
19697,-0.36561113051730665
74781,-0.36319631553480125
268395,-0.2610539403997656
76457,-0.2787116874978235
209003,0.31770322443793475
20321,-0.8258674819428622
56532,-0.3070875240707771
74775,-0.27302608850494003
75172,0.7943933414263444
71670,0.6826829282309732
13629,-0.2871224158985122
59013,-0.462718456519708
11655,0.6361321299694591
230735,-0.9762841289470119
18576,-0.4494862692235646
14063,-0.8614671420471804
68260,-0.8639410737089035
20872,-0.3391031212322524
330890,-0.4915486105083513
15936,-0.6406523858288837
72040,0.9242809854172855
75580,-0.2541140438901355
75956,-0.7204741071838328
107815,0.8646755821619561
71367,1.019582723095176
216820,-0.3441457854678003
15505,0.3348630733270994
21419,0.8244222055879287
622404,-0.30747352292749497
72277,0.7665186171138556
18572,-0.8493567985765988
70788,-1.230842932092198
64707,-0.4845980428260681
67199,-0.4489145876257865
66286,0.29588699619839787
76357,-0.686810461134157
327762,-0.9540511558104523
11514,0.8665868691608725
13710,0.8892871430962281
76942,0.4176548258051822
20239,-0.33959184673012466
270160,-1.0458174761678771
77864,0.8607312140674006
69860,-0.19564950529092506
208194,-0.785804656068084
640524,0.6525060573219772
114141,0.7285492366165451
15945,-0.6464324237176928
14708,0.5327590824074182
208263,-0.25581016769251974
14312,-0.4897934537493942
193736,-0.5581726999718706
18100,-0.2963290521356434
223827,-0.2922802721130573
22325,-0.8451542506279046
66889,0.38075850026830693
73469,0.2796226801291315
66980,0.4126589422999931
56738,0.3104428580914451
110532,0.5034890928712548
545893,-0.7805197161367778
114652,0.8587931030406128
18164,0.8707560254897051
68682,-0.2878820546565972
17991,-0.24078189774037284
17448,-0.24962913404224807
14085,0.5136586583427398
70127,0.7933729927962525
15277,-0.623990565378266
18598,0.9628737869107207
67695,0.25323148955783914
17827,-0.2664217690689661
83433,0.39695530250227407
258717,0.8403611541572231
23956,0.5465125800730881
94215,0.7162805955468281
552899,0.7162805955468281
57781,0.7154098824718584
101187,-0.6585938734262138
12260,0.8158895771980266
70316,-0.29009765962400813
434215,0.5067334095306952
79196,-0.3601377655508511
12915,-0.5399315143274404
26434,0.4789224425734915
232925,-0.9229161459120481
22290,0.6411830428852272
11302,0.501816189541672
110382,0.7016855428795634
21899,0.3889814508784255
243764,-1.2082261677884905
109594,-0.6665071062348487
192897,0.525664260848929
19769,0.23479084859974186
19225,0.3180220201426258
66622,-0.3055847664811715
101700,-0.7190708011663149
227659,0.44021287215365845
18452,-0.8861090649616106
433619,0.990401448324211
19241,0.25139382558224455
66170,-0.25075003050046796
381884,0.5240448021314679
18788,0.8260314353132205
72136,-0.6808616139675179
100198,-0.4693937305513618
21423,-0.6540961299512684
108995,-0.3287116655970337
22751,-0.4947732942779801
170638,0.7063509948674849
72900,-0.2531760808938497
67263,0.2781012744113047
13163,-0.3492523935025744
52637,-0.28241240953130564
11605,-0.3784888576533678
20973,-0.22603114507037958
14246,0.41620554882072547
320655,-0.7593512516227179
18740,-0.8859811390931611
193742,-0.34199042881998754
56734,0.5954635896863625
73728,0.6043906692377039
53625,-0.3425833714421618
16391,-0.3410591400793077
319655,0.7274160137976988
235086,0.5436346594600536
233912,-0.38102850542456856
19367,-0.2207998450589166
66682,-0.33003801015956036
66822,-0.3530862691580632
21933,-0.9115160780363167
73067,-0.276864619718884
22350,-0.31116419104976245
71085,0.6284048871687373
17122,-0.31533530569398316
18286,-0.6564860548426807
100042498,0.6004760055988969
22608,0.329985844836413
23985,-0.8128127801095464
235043,-0.5028172798874255
216344,0.482464541951078
333182,0.4851138607366199
194388,0.392877345591196
60613,0.4385966462706037
12262,0.5202623975221852
14710,-0.3466496239449768
73689,-0.29313895975124105
233781,-0.3148768796785646
223978,0.32856473693556953
19094,-0.4130724294306649
16562,-0.40618312425257663
67460,-0.3048824561931287
107503,0.33626043861727517
20472,0.9688638938852092
11773,0.19929087039017546
20112,0.4539052816880904
381059,0.4539052816880904
170472,0.5487713524807756
12994,1.066220709347144
21827,-0.711276600725026
224143,-0.6572113397301402
57312,-0.2934647959907801
70561,-0.45366883133627134
381259,1.0118506408338357
20947,-0.3520082494012513
20963,-0.448018781746109
68922,0.47519262190744893
14126,1.07028888402737
18577,-0.7476813332361738
18810,-0.39286476400499737
231093,0.6093480833940443
66868,-0.36621160336646685
28146,-0.2291369808950403
320557,-1.1116635943726498
14464,0.476151680131208
234699,-0.28100737694306943
102339,-0.4062814797431358
17434,-0.20839319793947908
14683,0.28636471294244004
18618,0.3958964089520016
75458,-0.42704153106671683
243743,0.6698591107495382
67177,-0.32212355371918733
217124,0.26542724247144456
353211,0.8334275124113337
73336,0.5734316179937311
72749,-0.39274793112466977
68090,-0.3619305685889902
333639,-0.5592109769363631
72831,-0.3129659075389739
16675,-1.1593303385635476
93871,-0.6202462230949175
68968,0.5694013529075583
108664,-0.5994619416936571
22340,-0.6881874173948388
66255,0.7700792746247132
433759,-0.33233260127214415
114602,-0.8105062114529398
381644,-0.36239484816724943
235606,-0.23847969150708437
380709,0.6583817404841077
76987,-0.7778271865482376
29809,-0.32425448868799656
71997,-0.2990019031039317
320150,-0.5695529087929874
22414,0.7012419241957693
56399,-0.30235835876681527
13363,0.5329149444046184
19084,0.27619722053478313
71834,-0.26799447088095096
192285,-0.3481723228778595
20729,-0.33908094860897897
326618,0.3403232263057028
17961,-0.4456884422189784
73835,0.7352026877143443
19283,0.8483307104322741
213402,0.5799636179400176
101565,-0.5795888711265818
14933,0.6864105063486736
105732,-1.0331355571907697
72961,-0.9154463540054101
105559,0.29421661165256197
110821,-0.721406926468001
72745,0.6085200870155303
17475,-0.5781094499034314
73738,-0.7112148261476374
17865,0.429109215852419
56205,-0.3037146315216237
20196,0.3616899237321807
19763,-0.7366857825225539
20810,0.4212985496480197
13035,0.6694332899734103
12075,0.6382598101533228
12608,0.46000281273028953
72508,-0.23448175737708432
353242,-0.24345579049246524
70335,0.5176717776234723
105727,-0.37862660989098806
229801,0.6645232418123954
103098,0.7044755102184688
109246,0.4247800508137951
170762,-0.5253590557461898
14621,0.8874779307797969
378435,0.2495041675724199
14602,0.6012441312577876
53323,0.3642289808870771
27062,-0.7165379137159187
12315,0.24227012538233694
213469,0.6940917944115523
319262,0.36889240855764527
231889,-0.21635205815363356
268510,0.5082079077515118
228836,0.2807668665413221
116914,-0.9512537589310108
22245,-0.2499385990340155
54652,-0.7192604721390099
78689,-0.28924255033589574
67025,-0.2717391381637011
103172,-0.22697858575308416
75387,0.43341848555141915
75212,-0.2704776599719292
16068,-0.2704776599719292
12321,-0.8994642538976194
26400,-0.6837228645097424
230398,0.5970846666524565
70297,-0.8590003120677441
93691,0.24677094109797082
67434,0.8023427037246442
16650,0.6408290052694721
66169,-0.27416870550246486
71361,0.6443882910834589
101861,-0.40290085703508893
74370,-0.3041603587678292
230700,-0.3586094161072175
14871,0.5458869312508474
59050,-0.3804632321202934
252876,0.3926559007498014
69009,-0.30163945257681846
60525,-0.41637526196661856
72772,-0.31512061401652147
94275,-0.9902178020018297
140500,0.4110450198486575
56233,-0.39628595846644465
101513,0.2293220415734485
18187,-0.4085494871406281
14915,0.5574504941378864
545622,0.635254919946818
76637,0.8867646809973175
18227,0.888715694092487
18631,-0.33357926194635823
74563,0.4526273189025769
54153,-0.6028872008110087
56016,0.7619108035551676
66627,-0.24788467636536105
14260,0.36294146835897934
209131,-0.4050733702341329
74026,0.27671902108551727
16500,-0.8710758395154792
140491,1.0602414601261039
19645,0.38100881908082584
68662,0.45193592952865824
218121,-0.2942470019503176
68545,-0.6834299997736384
66810,-0.732633383484119
16518,0.7596665898059909
12227,-0.3232884303090575
50995,-0.36533236097834454
319776,-0.7289646220545052
12345,0.23714938207772107
78928,0.4135735988142475
404316,-0.7650366902305645
12051,0.4015056051135417
13716,-0.2375162657332499
27029,-0.377832357654567
53624,0.6350260139252661
276920,0.42615110124401756
328778,0.700454404418422
66654,0.3587299461522222
67117,0.28916740603954416
13877,-0.39877967370540723
79566,-0.20822154264376813
26451,-0.26652848166467713
329727,0.6980344848013349
229445,-0.46860535974779616
67379,-0.25636360349703224
78394,-0.23123709658835168
16509,0.8000674733914668
319899,0.34381585668744563
66603,-0.5855555569059008
67149,0.6961506545004301
16204,-0.822305283273991
17250,-0.9475390052583696
231507,-0.330640004763886
18607,-0.20853918479660472
71907,0.6502369954408298
70240,0.40348652580838706
94064,-0.2889498003731745
11746,-0.6779333716169686
237943,0.6158439560638858
72155,0.8889904391571348
66355,0.38610814298490226
56520,-0.3447747937546968
75863,0.7146977331827866
20287,0.6848137203664653
245610,0.704521955808139
76267,0.5788735001918095
13358,0.3776853523474868
445007,-0.27697566907107607
52635,-0.4445143958552151
30925,-0.3377068689202076
99738,-0.8493942900415403
16512,0.3475647400284716
13796,-0.8658884264922455
68193,-0.18706970050735805
69923,-0.6153937976130237
27375,-0.29006304856833776
23794,0.515411722587352
72535,-0.5403795034558199
22268,0.25811498599313687
16973,0.4957095992507927
77980,-0.3666531715862327
317757,-0.2675911341756052
12062,0.744909345033018
66480,-0.344798564710759
27426,0.32179399732917613
12576,-0.2276507793604594
228829,-0.42832411169381146
56690,-0.27314957093381054
20418,-0.6417454489419572
16876,0.797002980276952
14430,0.5164555840755494
75953,0.5820368399224685
24128,-0.40770753440915897
108115,-0.8471789909631413
23991,-0.2654235588049012
99349,-0.33640053601971953
18993,0.8764627934752092
70355,0.6685308292823073
70097,-0.8157796360424716
11736,-0.801379501820775
107305,-0.8827086865438272
14087,-0.7180777208265301
243083,0.7857594248603341
21946,0.48801437494297595
231798,-0.27436934252717293
66549,-0.22735417228896715
23948,0.5837483993992869
71693,-0.6584423254827119
12918,0.7748022488953112
70426,-0.7917256125864114
16197,0.3479608724171612
18806,-0.8205323647213536
13998,-0.8076725499421968
17700,0.7296094663795736
67133,0.7826179208680797
19889,0.3923326250149879
71223,-0.6314805289811156
69156,0.24314901025245206
18423,0.89371260847755
22785,-0.36277086926656565
23882,0.32682917729979444
12946,-0.24932813054190106
68177,-0.2859495029953205
56758,0.254124993800831
230676,-0.2228080898846212
14029,0.4349905472334452
52036,-0.47890084193264393
192166,0.584261737643768
65116,0.24475920589780564
83434,0.8401751675411582
66161,-0.3386101119367355
57080,0.3859395422657901
77582,0.26069862878716776
26362,-0.8460916022420024
67604,-0.46288311983713726
14613,0.626619508589676
26395,-0.5001869756974351
12061,0.9173044331559179
18670,0.4506608832165906
18166,0.705311747070827
18213,0.5603621719934058
414121,0.5603621719934058
14042,-0.7786096109805722
77485,0.7093244166709591
19653,0.17589953157636806
330050,-0.5568791792931629
67042,-0.24941293987533975
320587,0.9365339022460928
20463,-0.28073208837147057
72170,-0.32367864963532433
80877,-0.2896957377425107
16917,0.5091856552587046
93690,0.6141921060380549
240047,0.8806027700569041
67158,-0.8089865690314966
70120,-0.45085816330865836
72140,-0.2871201311716831
16470,0.41452013351626427
66877,-0.7572800027322302
71909,-0.2949140704237685
57753,-0.28242475707903836
12951,0.7563699523842278
12643,0.5692225943785356
240168,-0.30799698979817336
12780,0.971116546284629
270086,-0.41133376400272503
14686,0.7569476632023235
12053,-0.27257086318709867
58178,0.5873631330544065
231252,0.3379270315355294
60597,0.8021542200948337
20116,-0.2211716738571603
100040298,-0.2211716738571603
233549,0.8479909276631634
14706,0.40686863953570196
19222,0.5067563998863998
13082,0.7901332633362008
53334,-0.3018076625123767
18120,-0.32820231393826127
76477,-1.1060756508938425
27280,0.5983092152611835
56692,-0.23822478996856233
70439,0.40172633403869007
338371,-0.2850182523448499
66671,-0.6358698330220669
21393,-1.0820958248010566
240888,0.6639643282372316
20918,0.17534328123763387
19344,-0.7242510585283881
320352,-0.26251502117967895
13871,-0.2694552946103581
74103,-0.7493344133092834
16828,-0.3244584865544624
114714,-0.4127994493145284
16785,-0.22016730188174982
13611,-0.38479023469192697
17182,0.8394177299570296
106389,0.36038479971252
13730,-0.5198755835749793
56735,1.2243292932428629
52700,-0.2716145315043921
13361,-0.6969054003461972
76527,-0.5645416021673597
23850,0.8780456133299279
381290,-0.8666221454000755
71448,0.3669225346896532
333050,-0.6338704835520819
106952,0.35488524742648053
22346,-0.22538215259910377
73102,0.5335376181846945
74424,0.8379441700605939
12558,-1.0940341392942958
69612,-0.44481185090438213
70604,0.3876159756307338
228368,-0.24108446550117613
67311,-0.5637266451425447
170744,0.8277540407033515
235415,0.28886460740000963
74600,-0.32355649328841096
93881,0.7587600035282529
19025,-0.29758778944465014
226243,0.5034569617319038
69601,0.3161981898424653
232533,0.5268099565381066
26946,0.8721468475214764
66394,-0.27644926471161035
18216,0.7578843170835752
232821,-0.792232322035682
23830,-0.44842720848803186
18015,0.5027770010737296
66961,-0.32768539815553765
107094,-0.8786093762697025
14463,1.1017861314023842
226856,-0.32288535542370056
320051,0.5217437659296467
240215,0.4095576821393312
53604,-0.6387137535749821
70296,-0.5030196773745041
18518,-0.36931410320303293
192197,0.4175727040754822
328329,-0.5174944438011018
53319,-0.3583632341987677
497106,-0.6538023949193841
18555,-0.5474377275304017
16987,-0.7787763383773614
93883,-0.6054760203520404
56362,0.7663632725904752
16174,0.6399733586184855
83814,-0.5552432287462024
76294,-1.031533645672977
70451,-0.7366183415934255
432628,-0.268929733915769
212085,0.7042116674741319
12819,0.9301555488733224
66058,1.0483037125166437
18181,-0.249109705209408
19130,-0.859438886382828
14297,-0.2943164951510653
241624,0.8138616360233311
330409,-0.8360514192853241
216853,-0.20605183931315096
71966,0.24092615286847163
259112,1.026614435217427
74105,-0.2758204080453108
216810,0.5532096110409501
19934,-0.3083064895332086
66999,-0.22496220523917287
57295,0.4593875792001674
215919,0.9176517763305827
101471,-0.5696551993995111
66496,-0.2874943794829097
67963,-0.26335031609236026
228769,0.44795437244533964
238871,0.4305598063472891
57256,-0.7770796210568744
71492,-0.8470515636012905
20517,0.5153558764253727
76281,0.21684267319891504
12034,-0.27612747068359944
68311,0.43753977400344013
70285,-0.4155374031112302
71929,0.3302853556775407
53881,-0.3001951358448416
94226,-0.39383386661707487
70789,-0.596956136823616
16854,-0.3541137089233253
260315,-0.7770532471497624
210146,-0.8506426787497494
76123,0.33237153421752375
73847,0.4431838471739571
106840,-0.543036338903212
94090,0.6943980856801621
11433,-0.29410097406451996
17173,-0.9115277371780506
170952,-0.7865073738173418
17149,-0.3013528294511456
66333,0.7965661764754239
26926,-0.2238089303132309
68564,-0.2513292881252269
244923,0.6900556317346602
71830,-0.748668119138582
232441,-0.5719194021791192
66171,-0.2882851706831975
433700,0.6515025390750759
19120,-0.9938732964184904
12168,0.4717589875633479
102462,-0.3440674196223892
24111,0.6321493448458835
13682,-0.32822000483920455
237979,0.4125278839776385
399101,-0.29591639014859084
100306944,-0.29591639014859084
380773,-0.2471989592493351
12967,0.6363368030490513
242126,-0.8444039484849322
71099,0.48288268128007594
269116,0.4871115744960175
76892,-0.8317781268574471
22317,-0.3533413426752352
78668,-0.3533413426752352
12306,0.36008263237486204
56223,-0.6271355870352089
76025,-0.7560466545722271
383619,-0.41622538681297083
74868,-0.5748770584547112
21463,-0.5884259509046768
66011,0.7852027660214413
216871,0.5651313906713806
66108,-0.21650305232526001
13641,-0.487675683524853
93840,0.6761754685123638
75422,-0.3445459974864704
280662,-1.111228120021261
12448,0.9015015227118779
26378,-0.45519389757307227
320534,0.5379011293369746
15353,-0.23928046016707505
66085,-0.31536485574354245
66352,-0.552922144613758
79456,-0.6182668282343542
71833,0.5466004746134878
258772,0.8416063409808299
14345,-0.8127659105918914
68421,-0.31101361394460625
493809,0.6628438172789495
70300,-0.695354001794338
67767,-0.30796274479605046
13516,0.7207985063744293
14043,-0.7798288985122346
68511,0.31936323047315796
69131,0.40332250575290907
216578,-0.6861720098138377
192650,0.6852468076666356
56089,0.3633249060778443
18854,-0.37010736657859766
269629,0.4973914170866145
66315,0.37209832569529233
12909,0.1691075472380401
69151,-0.5311212564409393
14125,0.5586709515727275
18389,0.42221411111689466
67487,-0.28328579649534724
66482,-0.2704981171853156
76916,-0.6732367778706156
63986,-0.2714821768116149
23968,0.7591785677680902
140740,-0.20808317826568246
71782,-0.6973663415201523
237256,-0.46787307158969593
208643,0.35972435111200696
67569,-0.6231115593028913
66701,-0.36003484231858707
268709,0.7674472742378615
207181,0.9874702538294966
54524,0.3674017859721106
72055,0.5729398051381924
66119,-0.24355133032513798
66695,0.8964819749041979
105439,-0.7331640938491315
67231,-0.26011342864374853
243272,-0.41793672912597835
21975,0.2581587511664978
17932,0.7858942257057873
98878,0.31630045171956667
20847,-0.30379073814696333
219103,-0.6682324835777953
76612,0.42626583408464747
29812,0.20198225851619078
17347,-0.22205457044888455
12790,0.7926500232174041
76448,0.28522889771982296
257632,-0.6624916143907615
217944,0.6757975368243692
19707,-0.45597450747741153
260298,0.5419165514490087
72978,-0.5703097538218609
74245,0.6385419346248149
277973,0.8223423276549711
69721,-0.781090993800567
84004,-0.44242462310013053
380660,-0.5125358549557522
54712,-0.52726156016518555
242274,-0.6764286807801589
69125,-0.3127286812330654
78248,0.7412488051810886
11432,0.5841666221531154
241113,0.6844549198911558
246747,0.5905470027071127
14702,-0.21438380230061327
94092,-1.0794776645271016
20523,-0.26234126704624927
66873,0.7406519465883501
75284,-0.25759369738497107
19142,-0.778403265727003
211986,-0.2918638822857691
76551,-0.794073115055367
212514,-0.2859926052497759
17449,-0.24368449840737405
321019,-0.5225931312709404
56791,0.19632467218743166
21897,-0.2133553666903918
73301,0.8666248013070783
97484,-0.2079244879677411
67836,-0.5639215046796453
226896,0.5280475412780437
22671,-0.700018577255948
16010,0.44318009844015194
83561,0.8191088601555698
68911,-0.2723852926448682
223473,0.7427825373562369
239096,-0.7402142750253753
19942,-0.2648468585722572
381122,-1.0652316574300031
72821,0.8087957267617236
243339,0.560258728995394
56543,0.533330341539271
16651,-0.785280537224704
66590,-0.3240021722601476
73137,-0.9404196054304528
12331,0.2368045718449281
74023,0.7305748280299911
170749,-0.35619826095237794
22417,-0.621497621439878
69072,-0.24463264848680843
77056,-0.20648428398504315
223604,0.7513376415197595
215705,-0.2607142739241777
50880,-0.4035118445271646
106068,-0.3675564003199705
72504,0.6344387416004449
27205,0.6959917105801052
474156,-0.27215960318486054
226250,0.6328753493842516
244071,-0.7806593548355081
72391,0.5500699198242458
67967,-0.22659480033745183
13544,0.5013094083077974
20224,-0.2666615885227497
24100,0.4584612631898395
16846,0.3571906576400563
18747,-0.6015574766366596
66743,-0.2926103734383716
216233,-0.6825780684378344
320604,-0.770260806689028
12974,-0.31311587155691534
70885,-0.2895759491456813
66408,-0.6742016337009282
211389,-0.250596359386666
71665,-0.2794288212878584
246228,-0.784899756283405
22185,-0.6174050802490365
69660,0.32250756210045584
380711,-0.605044209462533
21810,0.41257868260967356
52040,-0.615314813641719
192292,-0.28187302792788493
69815,-0.28187302792788493
270076,-0.6679868710162093
12287,-0.9070307865373812
227697,-0.3607853411306916
68527,-0.9073469479973557
76884,-0.34028368839968337
140781,-0.6797305198186812
27494,-0.7060281642893154
74116,0.5092102365693254
22644,-0.28503301109824264
66641,-0.5740130101698648
20975,-0.6692074828432197
229906,-0.41993672829274864
15507,-1.2491292659170057
75697,1.095707184752312
628870,0.6593535823142074
258696,0.7140723806023388
208076,-0.6275935846224718
94220,-0.5030889410702963
107650,0.6205021849658738
56280,-0.7666006497920907
13202,-0.24970814495834937
170791,-0.2517020600287747
53619,-0.4480114493189191
83961,0.3835180440205592
56278,-0.5653109360654796
20970,-0.6895378120722029
12160,-0.6629299641262469
18125,0.5849749324220692
353025,-0.7594772882230498
208258,0.6956522543977206
78321,0.291276885839042
16005,0.7543279258150637
52377,-0.3476462787860477
56461,-0.4933332557261201
14370,-0.5932063059797765
228359,0.22465688678896534
270118,-0.7662512964687522
19651,-0.36283090057604994
23887,0.5279791611619284
667918,0.5382336205605176
67994,-0.4853140709285704
14055,-0.249901557012981
226652,-0.22811442817396355
22720,-0.3616774563884153
11637,-0.26299668417545874
16593,0.40170699296317736
66409,-0.24962211975293158
211499,0.5235835469921479
101867,-0.5685443404052775
103988,-0.49979649649724056
208266,-0.27913622454000375
20288,0.8049504337426363
16491,-0.37415759395889037
13992,0.5716085076429387
108687,-0.5692696583157222
110460,-0.8419382727184894
231238,0.6172620378056601
226591,-0.6585731607589036
100009600,0.284681907570679
71156,0.7975329393793147
320873,0.5457746299218682
56095,-0.38969485532953296
19188,-0.2301011098752923
18754,-0.6263393791535323
54422,0.6771557889662847
67856,-0.8145719425748883
14555,0.7606681567202029
230649,0.7227239198251283
17132,-0.6168105957910743
100503043,-0.6170090984953394
21809,-0.31644515122942263
12223,0.8338020339572889
71281,-0.7031931427838427
65969,-0.658070264528023
68342,-0.21285155604222972
109672,0.21280667319688007
21824,-0.7526308528724668
216766,0.2039409280461264
18805,-0.6708103045735418
20606,0.7533406629282737
22629,0.2884959084098746
76614,-0.26032223651276176
21991,0.24281122624482698
232790,0.38152539613098746
54139,0.4759157495056403
13609,-0.2885772618764939
11548,0.5416351450756594
12583,-0.7491447747442956
225742,0.6342123760757943
16963,-0.6632003651009581
66242,-0.2760535876073593
12283,0.2001740599747155
22416,0.5832132976098188
81004,0.42691459410886257
29871,-0.6439266304065452
13589,0.1948162770124764
68512,-0.3144194855296867
216150,-0.20308046725262408
56727,-0.6380364477937581
66131,-0.3390561607380924
17777,-0.499625854067836
433294,-0.8103540602768069
12180,0.46965457946013256
19070,-0.3390372950738314
28019,-0.18610661552854957
78733,-0.5540959671073584
14360,0.278086599029276
208613,0.5331177735179717
12238,-0.26602089134719087
193043,-0.7077353083708591
23912,-0.3583209524782571
11777,0.2997268184435935
22224,-0.25221829108332905
13437,-0.23515325763283812
228994,-0.2113349690196742
27371,0.3830618821973779
665270,-0.7960959656121998
23833,-0.33179610676047133
14232,0.22309972068946138
76653,-0.7525159724507802
170737,0.1950335393883229
68854,0.5254876624450571
258991,-0.5429263489087801
231440,0.4281645446682898
16526,0.9568877517798904
74778,0.5912888820767552
110855,0.5535189401228449
67273,-0.22526217379860825
12161,0.7730561071646318
319653,-0.6068204066652463
84653,0.4120341904850795
234724,0.5247402847194671
54357,0.5365246522644238
231207,0.6693510143438353
58222,0.19883078624315687
68559,-0.2091408391986267
12539,-0.22549678412010898
12842,-1.1527608421574058
99899,-0.7337786659539978
217217,-0.6267242583242014
66260,0.7938513921723844
227715,-0.2548891569710392
75841,-0.2937523973672853
20269,0.6232687207300169
246779,0.3836925555420976
68310,-0.3030851676193791
20964,0.6530600679700767
69737,-0.5777323798112803
11761,0.6871337691471453
53609,-0.28462508580070356
231832,-0.45351860495100027
237806,0.8914178699952915
67204,-0.19402285222746762
56209,-0.3014752889958059
80888,-0.7399952794524718
15446,-0.6834331423630111
59290,0.42446030785032285
14827,-0.22482851820813998
235134,-0.7255634441590271
109075,-0.2681312959971134
627191,0.7328436207757587
72993,-0.5815452596670312
11833,0.6201615791016488
171580,-0.3228462082457053
58239,-0.34731538802202166
83679,-0.30250972637088047
50905,0.8084285468536097
668257,0.6129965184846347
69263,-0.7530907862982703
329650,0.5791249125707854
208211,-0.36780200538277086
171486,0.25401179693484366
110310,-0.7006478280943629
12015,-0.2471638721216376
69587,-0.8097423658495995
19089,-0.2658135283150269
228545,-0.47921396930371607
71781,-0.6368250487439058
50932,0.3462175183875864
67996,-0.2898437723799727
70584,-0.35066274599777714
56456,-0.23741115370442412
22598,-0.6598862418147191
52174,-0.2275233330738171
72008,-0.20247838845406108
234138,-0.3214962340439307
14119,-0.6654582901010904
239250,0.6378678192398111
215015,-0.42961264385138254
110648,-0.7903888189963291
70012,-0.5281052350579047
80743,-0.26544187964030286
353047,-0.2799937146044478
75216,0.4747383672453056
242570,0.3973354003876892
57263,-0.7966283327867183
20320,0.2837725888883966
78523,-0.2697182782825509
15171,0.6883565286437756
56743,-0.47906182671823494
233315,-0.7475323683902628
231130,0.332465543204016
14738,0.34998805133748645
12663,-0.6050231809774589
14234,0.8212684893895656
69401,-0.7707888586708882
52840,-0.22385766398059026
71924,-0.6292576369535636
218503,0.5039659828719891
12229,-0.2356024158597787
74096,-0.2701430670105882
230025,0.5158755973741789
212679,-0.6548551679003491
68634,-0.23562600023585922
54598,-0.7234274536000127
258387,0.6372071945005127
19013,0.3638965379622725
66966,-0.26960509394000987
234371,-0.24766656663168263
216560,0.6086070475267631
223843,-0.650834610675564
14687,0.5495639875602913
70405,-0.6311905655685499
13386,0.8298531774237823
242443,0.8938803045015193
15366,-0.376522958126829
15364,-0.5842787318785376
15901,0.525234198829712
17927,0.5932670312335255
330188,-0.670471466609809
52432,-0.1952855722796656
66104,0.42619601081810643
18803,0.2485826079915654
237877,-0.6696943869520955
233824,-0.9817285164927609
268958,0.3975719599558527
69745,-0.2594934612265831
142688,-0.23804214141933588
66164,-0.33345519134225476
353156,-0.7136693431417189
18438,-0.2643494619204336
69993,-0.6635161028720491
55936,-0.2693459714413624
15160,-0.9385273107441199
94066,-0.2593881803171687
242037,0.4347149047499199
18602,0.5176919632058024
110842,-0.2435758595610782
66395,-0.2707399365144738
66593,-0.2887244256103818
73490,0.44138957851741
69368,-0.318411144338663
240442,-0.6906697438625304
117167,0.7618593724263842
54141,-0.6059439331053165
103968,0.5557427292974748
219072,-0.2299465829069085
14156,-0.26224277595164125
217012,0.6700188805719627
71449,0.6860914770372917
269473,0.3903696292629313
66094,-0.23706883465664497
22221,0.4251720111869419
20586,-0.35219286695571483
14237,0.5392801360419224
69543,0.6876013264875951
224129,-0.868731020549582
18126,0.26846495226441025
12556,-0.6754562320796174
77766,-0.6676975085637373
69352,0.7245380251180795
12458,-0.41037183883358175
94062,-0.26323993453958394
271144,0.9277549853256084
76626,-0.2891018388454949
72522,0.2839947513451282
59022,-0.20790692476596995
192160,-0.2505215448486737
66734,-0.5191796149614873
23938,-0.24843539125506098
56438,-0.21445915718218345
75985,-0.43350596699122157
20568,0.35415219119768615
74112,-0.2441510721259199
15930,0.8084327679800429
14211,0.24330615700973546
217232,0.6112638255442047
654470,0.3166643464712635
105653,-0.5955696629713527
56315,0.6831521518346539
13134,0.87068614432531
66690,-0.6404417136411364
243653,0.5921073101854422
235132,-0.40242185079980963
258316,-0.6729035901376239
237504,0.8386266105636988
105083,-0.26745777439491647
68463,-0.2223996994400217
17758,-0.31964305989061437
77669,0.6454842806410683
57370,0.22884283205617884
14651,-0.8350730450064954
14955,0.6319529669159447
110902,0.32566243864021693
56422,-0.2870924817634215
106618,-0.5892186520670473
80291,-0.32090461437371864
74132,-0.21334676830105614
69655,0.4095503475103843
118453,0.7729100221334746
269614,-0.36030486639640635
213760,0.4098477659080668
52589,0.6759296597732556
16814,0.5743353931064679
80750,0.5300246128665984
19139,0.22621434254261352
69702,-0.35454260977966445
11859,0.5676532434191977
216846,-0.5978238950937014
53975,-0.3671301513624421
69908,-0.6187562166442708
194597,0.5481465486236896
21401,-0.88196859323843535
106073,-0.20461822470535473
21935,-0.7138530619601182
76051,-0.3696078806432137
94112,-0.2427366620979381
71787,-0.2280281639113948
72843,-0.7136959891892101
338375,0.5134731729623736
140917,-0.7102322623632888
239556,-0.4018744293628256
53622,0.2845995059045707
20971,-0.6242946878994706
272428,0.6238278344202945
110891,0.4576068388072807
66540,-0.30153033356611303
17219,-0.2569268139864622
19273,-0.6646857003874556
12830,0.6813591546013855
108072,0.7509388682355276
77522,-0.5728585764138976
234852,0.1696176033633474
22334,-0.3251095713914065
230872,-0.8817684626801183
317750,0.646930172436158
30931,-0.26102636982872873
276905,0.2523896789712632
19265,-0.2513578941411776
66921,-0.3295248163082585
74158,0.18649472114291754
56374,-0.28571372687106766
66849,0.40999995846846815
15382,-0.2687240429840969
66971,0.7850073942929825
353328,0.5170016248626257
69940,-0.23210652894080575
58801,-0.581407840020562
69454,-0.5907251429728566
382543,0.6023950066552448
12454,-0.267272988867127
18127,0.40519599172563847
108014,-0.2552421999845542
13808,-0.23774763593186243
66938,0.44288548951849727
228765,-0.6949275316405057
70430,-0.6399458875329493
18188,0.36387769741914866
11298,0.62215509541819
22412,0.6535072989568214
207165,-0.29747374364947987
19262,-0.1803587133658091
14560,0.5726998653659128
13688,-0.24633260485030561
53611,-0.25265181338485654
72693,0.6747293852074088
22436,-0.6252732074412823
57431,-0.2434919055984448
209212,-0.5156812987522272
73902,0.7146246633868825
99480,-0.24736019031242762
19087,0.7208565117915633
68251,-0.19213615555924868
14732,0.7475160156012182
107515,0.8210460417641019
67886,0.5716729841258559
435811,-0.5906036236543097
74448,0.6591029457711839
66978,0.33172325791371193
14225,0.19198649313199923
26920,-0.3452148189700406
27056,-0.30415904789107806
13615,0.7085237699661602
68509,0.8235640459491793
209550,-0.6371016167898342
276829,-0.7728854831245142
15481,-0.2021566597925979
71893,-0.6290078805461476
16493,0.6455543753297945
103677,-0.2590915254106996
24014,0.3758199199424741
73181,0.5281792396974527
22630,-0.23051861176585042
105298,-0.7074363306647644
11535,-0.6360365279908429
67186,-0.18228015493495775
72338,-0.18228015493495775
107769,-0.2109023812489763
16834,-0.195443802390189
94280,-0.2106119249039029
58994,-0.4778596724494628
319618,-0.2938132566364473
212377,-0.37991439148033024
381510,0.5049008770651886
24053,-0.59351155895334
83486,-0.3147513276403515
68011,-0.2647510774435027
15904,-0.649417213610227
21418,0.7425866496513058
15465,0.5147555563630171
71602,-0.5486481280352233
240121,-0.764031875862003
100039795,0.4655299055163624
102595,0.18055405487762144
59041,0.2321995792813425
19221,-0.6247609930153208
11593,-0.319812971125768
244548,-0.28609895305373545
94191,-0.7242959867977343
50868,-0.28139152008891344
215654,0.41151876414619615
50877,0.5617276802487154
386655,-0.5209383870730022
330817,-0.1804212895601509
56720,0.6501146183673403
14191,0.39048576129293444
56488,-0.23113810257034473
22271,0.516942405267125
65106,-0.35294300266064127
68420,0.2212856190394792
216831,0.8280763496248382
60321,-0.29051299822860877
11848,0.22934904432888104
69332,0.4084692321683452
667742,0.765036415711295
83762,0.25745624510013165
381350,0.6137122596815416
20662,0.7916191690440688
215031,0.8851116945213056
327766,-0.5071031677295106
16709,-0.3290010054522243
241075,0.3676159762750615
77951,-0.6041681240606369
27364,-0.6506398363680788
68709,0.47031340940905686
211961,-0.5532148036556417
233489,0.2815313083308375
17897,0.4621610462168739
66853,0.27199720262990823
18212,0.30677647608106007
99696,-0.6207144982264632
27261,-0.23701561326038778
622935,0.6411942241146829
66926,-0.6011496636217579
110637,0.7169056876707902
72899,0.6424810939643857
21953,-0.3093675060583623
211896,0.7321805416305374
20910,-0.7768410513027684
15289,0.19693097307328955
105193,-0.5021974260225832
433180,0.7770613674494453
18646,0.21282101372604245
71355,0.5574554062145491
330222,0.3777581594778683
12000,0.7737233985580962
54563,-0.3051384853215868
77889,-0.2377897991852933
14567,0.2775986388283691
20912,-0.3931370301206272
330216,-0.6910945921553466
83560,-0.5708746275666936
64406,0.7388455344328353
258196,-0.35653572885309837
433323,-0.8200638613785185
13722,-0.2483935830931916
70086,0.5015155206733475
353169,-0.36936896911632555
329015,-0.4210251975238384
12856,0.7344583350957183
66885,0.40095770753790294
13056,-0.7314626534184097
74039,0.3255412935744193
69550,-0.29252472846510535
21949,0.29475324568212713
217779,-0.20512735237589652
330122,0.5577589743360281
16002,-0.7119947922911067
12464,-0.20059374663901508
244668,-0.3756681236704864
70567,-0.366168560487802
11520,0.34716683767987533
74772,-0.2814379826944844
59002,-0.273915170068987
100503572,-0.4876624427395475
12217,0.7076949442460796
17120,-0.2893701378640712
27998,-0.2310661509642582
57746,-0.6210702774772856
71984,0.4336606743187774
28010,0.23836419363458639
140904,0.44304329126258857
56695,-0.2761723529075404
105859,0.6395708117077552
109934,0.45676791020222574
15233,-0.9095564256981179
227334,0.3889120656829608
22640,0.23793022154436372
16801,-0.36387800722549457
13497,0.40003320861255176
236899,-0.7438042567344487
28028,-0.27879494492275736
23996,-0.18247232807514813
13842,0.6166258352813898
320376,0.3918489300622081
18173,0.34268642707149866
18595,0.28383577706120855
80861,-0.36739027172323624
105782,-0.23208527512963784
54402,-0.5349807243132112
14241,0.7731639523530465
57915,-0.24608930893342418
14695,0.6945463296446319
258586,-0.717370822000964
116940,-0.2731882743675298
101533,0.6039805683271
24070,-0.2245617254954606
56368,-0.22725794739919536
240752,0.4326152743894669
18037,-0.5547199412118049
74322,-0.2676588741060666
19056,-0.21361971315126382
263764,0.8230210471408297
497097,0.729910616859863
225372,-0.32910239130269403
19258,-0.5936580082933367
227835,-0.23348831493486344
14148,-0.26300991596181866
70853,-0.6163393886847137
89867,-0.579974896774945
11838,-0.7095316882665657
386649,-0.19569532536605472
68736,-0.5283254287843686
231470,0.633872550880549
81703,0.5772637229744797
19782,-0.6405641944206097
594844,0.8376160376422588
223870,0.9092899721488159
54196,-0.21991990825743635
70779,-0.4502845234690871
98733,-0.610524635536366
244484,0.5940165972078044
72029,-0.6550345854603821
245596,0.5927275324069736
16913,-0.2464388150316097
20441,-0.3819552254523826
102857,-1.0853669744634402
18141,-0.1932478111232543
12461,-0.27335074795096403
67941,-0.25350243748311563
19072,0.22847234304742425
73398,0.6757120150061109
269784,0.8040273960931632
18526,0.5627503911786236
17395,0.5178509262084363
436240,0.6794067512293731
17826,-0.16055622391492186
404322,0.8680603664378825
269053,0.5380265727653653
76789,0.3490102063977929
78887,-0.5584064596852834
245007,-0.7152819592567727
56375,-0.6043327557830391
80794,-0.7128205968397072
16554,0.6368568043771234
252966,-0.6586036423309753
71967,0.681793578441408
16453,0.4443151200207369
77045,-0.5819160371501937
71943,0.3941465488710776
268857,0.3047553563135814
215748,-0.6387324043086142
228355,-0.31017558425275027
71829,0.7234707533489813
63856,-0.27732123850152135
65105,-0.21941903992989786
69786,-0.20620937341046286
16882,-0.5469392363762111
19167,-0.2546128448092553
74053,0.6122260272585889
52822,-0.5292038737608911
56696,-0.23460195460144284
18008,0.6311224845310557
66320,-0.20339781601874307
109331,0.3087885590943511
269589,-0.23679470428843352
546144,0.5913306065431971
114664,-0.24965548800644832
20392,0.5386934606403075
66958,-0.19858205324417355
52713,-0.26311291141830573
73473,-0.37975709296837135
218699,-0.48789121687626125
108071,0.5179336648540271
217847,0.6575134339887576
21452,0.2576842956883212
268930,-0.2661990158184775
16439,0.2624036719466787
19158,-0.26387985273626313
116904,0.6642470155896318
319965,-0.2719004003934966
546519,0.7890291891161834
15206,0.4372598732063455
15468,0.21198287650167202
17687,-0.3813505533798587
245403,-0.6198883622876874
96979,-0.3571215981060192
80892,0.8022199881723862
21854,-0.22082976468579751
68695,-0.6666052618461249
269356,-0.6562096244936235
212862,-0.6970922897020122
227154,0.38149071803830026
242377,0.663449673133746
210554,0.7409182334804529
66964,-0.8299241472895851
59008,-0.23913817025671058
217371,-0.7099542934896834
15258,0.38904008317406724
71774,0.5681019487713197
235402,-0.4493695848694079
66193,0.260817415655886
21379,-0.1935061751839786
18378,-0.6129559473046866
69577,-0.2809851359828608
103889,0.6066300008635626
104010,-0.6773699213488236
69716,-0.47745048244724586
21652,-0.21256541754407543
320271,0.7282960854949785
320541,0.5947601706319201
27399,-0.17081985600158411
66264,-0.2566501638700682
230767,-0.2566501638700682
67429,-0.5585660387157994
16985,-0.29820595357922386
233532,-0.6218992149167244
14402,0.6366145271931387
73754,-0.641028663316864
21958,0.4794927859140792
21886,0.40041436133632047
224613,-0.5364208515348237
68349,-0.205065648848878
108755,-0.2552508513536882
434232,0.6218472282185816
78795,-1.0347130840501673
14711,-0.5852538604417203
15221,-0.775334377487801
18073,-0.6506915793075576
67452,-0.7396513672197171
67393,-0.36150208111649107
268935,0.5170140131781347
14456,-0.6353586910401949
65113,-0.21455326382085183
13418,-0.25439950646184606
14918,-0.6007837142686654
18637,-0.24902912704004088
13848,0.27827239952512883
232875,-0.6167274775277534
100710,-0.7013715185514355
21959,0.8491083856916322
218268,0.59831533364365
16663,-0.7927252146663513
56044,-0.22222588023979029
99371,-0.6853731352940589
23845,0.6125405479234174
217303,-0.7831464449800523
19366,0.5377071497232047
212670,0.31847533976074693
279499,0.505175259379536
18548,-0.5910584793447029
56323,-0.5883173959500274
13864,-0.23206358897455814
20588,0.47830543284026206
208727,0.4787517775144181
229534,-0.30517445855056025
27103,-0.6532966478682978
56424,-0.22161282092914014
217325,-0.3002912600487049
56079,0.49107894528046625
233871,-0.3174686576424399
14979,-0.2364384902859289
14977,-0.2364384902859289
235505,-1.0365407150285137
215449,0.23598551809453916
76547,-0.35937932200858747
207952,-0.2496007349155125
269261,-0.21096501245816235
104367,-0.21096501245816235
66720,0.6951603936633681
217057,-0.35197811828409886
19729,-0.30668043464418737
12332,-0.20670316515507103
245695,-0.8163120763924963
12775,-0.29654858188482436
209318,-0.24255475392016734
68053,-0.5897253879275608
546071,-0.49954161592965374
17433,0.503240518060883
333789,-0.3885337789345993
69573,-0.5117467485159839
230654,-0.5896974177994414
103213,-0.4245863687521698
19895,-0.49137441109153457
227620,-0.2812773589559132
50764,0.5951435024361404
72654,0.15072016717623526
109052,0.5576731750108013
20440,-0.29766733483850416
74770,0.6148240124287718
110094,-0.2922634105055071
26379,-0.2615401734117171
110208,0.30169096352672753
66234,-0.23036474829225995
77683,-0.39425120596897933
15201,-0.771708637695748
50702,0.6185089661569307
252870,-0.2465194347718267
78038,-0.6788303651216436
22256,-0.338019639624747
19935,-0.22229855834421208
54326,-0.4990958879725991
56787,-0.7660087677490632
13804,0.3758073785570657
83409,-0.1784695246399597
243911,-0.6383820834661691
66148,-0.23862407950037579
18109,0.9098575266816891
68753,0.645070930828707
74150,0.49759143575943376
213311,0.7909736656664266
19732,-0.2549299902686535
16923,0.27223142910596465
20370,0.7287046869907416
80509,-0.17749062825460982
58810,-0.27325835098480056
26385,-0.251077273283828
114584,-0.22015187139363412
17775,0.2297122036094592
53883,-0.5777155886634233
77371,-0.686588454661897
212090,-0.23671771281734344
21683,1.0612280242383916
20775,-0.4677128709456939
224794,-0.5628747087608508
16800,-0.2669015888976105
68917,-0.24027013836447253
215728,0.58246052720652
54383,-0.2252975911240842
17390,0.8229954659298442
100017,0.1868987694884705
22631,0.4015050292842517
18185,0.49555476170389756
228880,0.26062651616400245
14069,0.7893435555830632
223691,-0.2126827051945579
56748,-0.26657773333838364
66722,-0.619544313389246
20848,0.30019144531996744
12153,0.43534630053417267
56196,-0.5490279525050754
11877,0.4818520198589198
17086,-1.3357698974254957
18175,0.43981134106480146
20650,0.4310279991886823
331046,0.6153132734484252
78783,-0.17746672712814338
13395,-0.8125388617127811
83493,-0.33423540794299633
14283,0.5818242363145298
226646,-0.2657621655250786
218952,0.5742743509307893
68316,0.38315228002775115
64945,-0.6462040148655426
13176,0.6118053227034443
494468,-0.5256080687093405
56045,-0.29745329688976696
381112,-0.6667283994526976
320816,-0.29795146495632174
19982,-0.2347306352504308
19264,-0.21571219601040958
14299,0.28830424355748363
24030,-0.23846030081820224
20614,0.3453233354836929
70408,-0.6785862789149064
27217,0.6976887883268597
64291,0.4539426472304511
16008,0.5632919710232569
16598,-0.32024193470965123
237052,0.8831220976333354
77963,0.6848577887572809
60411,0.45731317818898987
224902,-0.2898897980432338
14275,0.4755656404688713
245615,0.562129895792463
70556,-0.5652552938945421
16452,0.18117212763962165
77038,-0.21459888769357782
67203,-0.2547948904601185
257916,-0.7981869019524623
105837,-0.5143344178992466
17350,-0.25291198943900284
76800,-0.35070084197066453
231605,-0.6994241831839716
234664,-0.5148837691947818
26371,-0.2788613801403823
76787,0.28294008628711786
69299,0.8578943071296967
110893,0.45216105393767236
74718,-0.6091058694903557
21915,-0.24983985433791744
13138,-0.3578194659547229
19317,0.4279726188262494
18160,0.9367011255189279
13367,0.20675097213266014
59040,-0.2584685635909967
66811,0.7507549295849101
66948,-0.8773999757304098
258648,0.5737181770658788
67427,-0.15907837715927542
228094,-0.719392495661717
320528,0.4541342793688008
68653,0.2667896382775403
67402,0.6390056736869578
20379,0.5892683955481921
20300,0.2895839720522133
12363,0.2533047811986151
104001,-0.8390721796515441
75406,-0.23060494083917504
66694,-0.24141201136853319
209446,0.1935376101848476
66199,-0.2088178018597855
67065,-0.5743223904382431
11747,0.3185928939839826
12226,-0.3417278259814651
328643,0.6003433657762853
51801,0.27532630798710933
93898,0.6961869562917364
18521,0.16492261840718392
17986,0.446221999695382
213262,1.0040196747393009
22351,0.2904311820544567
259119,0.4973403169558641
13821,-0.8523442106429333
16667,-0.624684918319657
66586,-0.45232476763397855
110332,0.4682656496382096
223780,0.5855675229005692
210808,-0.6715403076192836
240444,-0.4907204222457704
11891,0.31508952694513415
81877,-0.8610329819067868
12493,-0.29555685965933876
20589,-0.2897337478383051
71985,0.18998453846314334
214854,-0.42748684792341596
244486,-0.734970392533298
105833,0.6471301261787694
104080,0.5197456659263269
19055,-0.2630211624022962
545136,0.8186330777851474
71912,0.4328089080945894
13424,-0.25123739335197115
237859,0.5400725974944849
109305,0.2749858610842617
69597,0.25433120382010976
14080,-0.8628072356160796
18159,0.6634703286267847
17992,0.27065693755147713
17864,0.6538745044282614
21974,-0.28947044094179475
66917,-0.2277024590959087
231044,-0.5107697205955968
99377,0.28545934610226986
67283,-0.19293275264307042
75669,-0.323159935672626
21339,0.5428947455166204
14760,-0.3132824580838651
268783,-0.29846151300501234
75732,0.3647589912694187
227933,0.5894565662475455
14266,-0.6102138765627529
20599,0.7031161514341067
20788,-0.38555944330431213
18739,-0.23053670229511702
20741,0.6299800328585592
60594,0.5822218070165412
319757,-0.6171385831189511
14685,-0.8442598600743318
17907,-0.5328219521504431
332221,0.4409713728217204
18984,0.3176283644412745
54616,-0.2193199489726485
237636,0.47914799781369544
219148,-0.6793392114923122
68988,-0.25265951515896035
53376,-0.5658875447301002
67369,-0.654559436362149
233107,-0.6330691784851199
116872,-0.6197261114085908
16548,-0.22519943852205415
26429,0.5903899796312473
18639,-0.632479094949498
22235,-0.21343621051305917
76568,-0.19999161229195117
66616,-0.3401292099967623
66432,-0.28351312386003436
57267,0.24642523785803583
11852,-0.6304437232265157
625249,0.18349507647468855
20648,0.29257863596414246
140493,0.46037010191202477
29815,-0.3641861784093754
74022,-0.21729007922341026
319998,0.3105134930712321
28200,-0.41301640072674584
72077,0.6504970517480659
12859,-0.19331281674031864
270066,0.3919948565929747
12286,0.5108497406775268
12857,-0.17049975140126783
56297,-0.5364938246633795
14548,-0.24650466103661905
66922,-0.2116425575099834
69215,-0.7938771942249234
20665,0.4444120648266665
19336,0.23834744816113584
11828,-0.28639703056569843
320438,-0.44958358862561365
258658,0.6347823889233823
15502,-0.7129863627184374
320938,-0.24858321264687078
209462,0.3156352773331603
66929,0.2369043839456655
100040591,-0.722154058869263
12752,0.20444971255535904
70881,-0.747360944450512
83557,0.3778566566153234
59009,0.6672697738776172
20760,-0.623751906126714
68668,0.726418382031869
22029,0.20317579716595802
114642,0.26336685046895525
73834,-0.19959678171561102
66708,0.7228519513435057
227627,0.48537242700393257
320091,0.6357262283652831
71839,0.38522256023418056
26942,0.5724743818468809
21665,0.6063537506015839
98386,0.2286680818607696
107939,-0.23016142093925218
231842,-0.23941434338292478
21744,0.6909319309823427
68742,-0.21835442911911684
12835,-0.7614284286961777
258481,0.8567398580914372
66629,0.2036972751625008
13012,0.6255439784194374
320473,-0.7584642266991448
21937,0.24866699444655715
237523,0.7810561115906824
16504,-0.49453354358468005
71409,0.648479538833941
13032,0.24511484593291755
13198,0.3229092917413485
212123,-0.33572877964643855
66256,-0.22422800581674096
24060,-0.6313445708647576
72102,0.5806044176463381
67091,-0.17978112787545975
71382,-0.5762596750747626
245847,-0.19705490563789674
215051,-0.8524507074266481
17714,-0.49156034006391014
16372,0.8745208599613892
22594,-0.21489892885922757
381695,-0.4636151789143197
12895,0.55111797196382994
66329,-0.28099959889812354
12545,-0.5447826288878801
13491,0.7275957379420821
234365,-0.14183570039192972
67184,-0.14183570039192972
77914,0.8490719830943214
78286,0.4931507428420705
268564,0.3503676952864394
223696,-0.20336187251198012
75812,-0.4330003545237586
72726,-0.2060440961971466
17258,-0.3328154344087171
434203,0.20832023996062965
16364,-0.6611224228542083
66200,-0.2419593557683335
68033,0.17339147183489523
208080,0.5012491631613045
108767,-0.35326347969355787
227333,-0.31049544538081264
242235,0.6803418370357837
11876,0.615396118357753
233895,-0.2419339986640292
66827,-0.19908441611735483
18551,-0.6142018254588164
121021,-0.6706284227445325
239408,0.46241209625230484
12452,-0.45093756579878264
12022,-0.596322565733888
67591,0.6447719979929434
338369,-0.6120063801063171
353155,-0.6079993220099147
20619,0.3701918345080344
217558,0.43811876163650787
20147,-0.6618551554467764
21808,-0.7117883255028215
16599,-0.24209508495837717
224697,-0.6389943383035233
15429,0.7113023865172723
20877,1.0110410733219082
78294,-0.22429756767444609
15939,-0.5426385509928577
17222,-0.2393870940317644
18795,0.5173603548575416
108015,-0.5537398022531557
66836,-0.1893202098998774
170826,-0.6700494957096454
59092,0.2815879668427703
320256,0.357447600382061
23972,0.419931594936088
16569,0.5031947341665797
66855,-0.19383811574802223
225642,0.5442333675032076
258358,0.45777958445700717
270162,0.7591544619023178
319822,-0.45207976224875956
20524,-0.25192328171086587
214137,0.6332777599299364
56384,-0.22352107917580177
258749,0.49366478730720953
104318,-0.3109429301323079
338320,-0.26508307109597595
18759,-0.2703959858138827
57782,-0.7532534545484708
257630,-0.5817023026228845
93685,-0.6717509148548881
18034,-0.24542394457404093
71183,-0.7599647121829092
57776,0.6378756294489856
14409,0.27868828171106763
67657,-0.27508642225899926
18300,0.32005308400491117
21766,-0.17340322790365015
22209,-0.20277304391807505
12978,-0.20683684689917747
101314,0.17834828713294826
208098,0.6453260433549457
54634,0.6904560397474264
23853,-0.2536728882016188
74376,0.27207379249346886
12833,-0.9751486939198015
230674,-0.2245748742195932
241274,-0.23470802872092023
100756,-0.25231938714915003
102637926,-0.25231938714915003
26394,-0.2071974093947162
380916,-0.5126598239520499
76856,-0.5514873935747993
17160,-0.48453760323538564
258544,-0.6380399282312199
19656,-0.22874177616668945
140570,-0.3196824709251409
216795,-0.5313613457600312
232941,0.5636354240738597
228410,-0.4065300512519734
320435,-0.15592100076001536
258470,-0.552114010236723
218756,-0.26101719053768413
55991,0.16207072984169457
11474,0.5429346896858798
70110,-0.2265928289857655
244562,-0.5511170585664522
17454,0.26142709633134054
74318,-0.3127290444983917
223513,0.6960359943744221
12029,-0.5357435062783691
170789,0.3779649971629997
75744,0.31445658143672706
98258,-0.1772619762462302
668166,-0.5444592862109277
72183,-0.24900351256560427
27406,-0.16295179473905463
69028,-0.2882390013767111
66998,-0.19099980908463365
258961,0.4657348156642698
76630,-0.19787471825127767
16523,-0.5968839269858792
665998,0.5673557338096562
66336,0.596967928579244
213027,-0.3052071314011302
58220,0.6818954460285278
17220,-0.18874210081923515
77125,-0.7618728264821084
317717,-0.6067509599783847
230101,-0.29529833691690754
66904,0.5862743347472499
20215,0.5964492411024818
13194,-0.19343208840796144
17967,0.5236651964358332
216991,-0.5630989641767359
68146,-0.36485075183980253
666704,0.21391217039713872
338403,0.7828274131136821
72085,-0.27640059296218844
15932,0.31681016775580595
20518,-0.5758573797145101
268686,0.4217324477021349
77087,-0.3833299584005232
18107,-0.156449609924584
241197,-0.5272716090368395
71472,-0.25260782445897867
268890,0.5924164601171809
228875,-0.18679597455103547
74155,-0.5187428917599073
228662,0.6490292498745962
56838,-0.7723819105889569
67501,-0.3262145205829974
30927,-0.6121060602540127
58242,0.5773258979507236
67763,-0.21402204509427847
66945,-0.25491163997168265
235323,-0.2206376909257095
67830,-0.22608268332843373
59020,0.5625420013958005
232223,-0.4214265450438264
56421,-0.39954410155823705
67417,-0.6040495915125943
332578,0.4728640451372783
18612,0.3386963506918548
381404,0.530520969386715
76539,0.30242267526234023
66306,-0.16285056503425466
66366,0.27224142904021065
76080,-0.2065087432234396
21387,0.6766426913883219
67772,-0.2741598279619133
243906,-0.5214401693990309
68539,-0.19770914289077623
19197,0.5070898698707893
208154,-0.35687422158169824
403178,0.22811174044824334
17342,0.3358249797522994
12823,-0.7624186020284864
97884,-0.3224784739438773
74025,0.7067038026387413
71963,-0.4350064763134416
194590,-0.49767685579592413
19364,-0.54372960317927
12428,0.4747239613021037
223435,0.6913295778795421
26944,0.5034168120458249
114615,-0.25038801815045453
382018,-0.6101272380040954
271849,-0.8117432882111384
67537,0.675633011038355
15551,0.6298040311558277
68291,-0.5920995507604729
21427,-0.4975881394836881
230405,0.5330897810432527
19172,-0.2219646669040003
11482,0.23170772158070552
74498,-0.6871686296260338
56463,-0.6228276847677074
268420,0.2628694594902452
72112,0.6893656852441468
83993,-0.5373558438766532
258302,-0.5909597489822964
11550,0.6537421620084993
18194,-0.47498896544902713
12721,-0.25151951875325373
93790,0.20345471037234297
77044,-0.4034689855109219
12288,-0.6056554475567588
16594,-0.2605421120953899
19876,0.7667064702443493
66659,-0.20978672420000066
56535,-0.7013482628320675
216516,0.528174541783291
66795,-0.5856188469696759
12822,-0.5455896551915194
69297,0.6421286711472671
75689,0.37905312433763694
110749,0.21443830110349538
80891,0.4740532319672992
18770,0.8648339047739357
12904,0.3607812179480412
29865,-0.7316204891244311
57276,0.4036503974268104
72107,-0.6181552522454385
57748,-0.4713491853075098
75735,0.5449078184672205
20494,0.7141525054130726
259089,-0.5843232975007844
211577,0.6604758192173854
73368,0.4723650444064056
94060,0.5708094380537356
28018,-0.4516090643370072
16511,-0.38221530640804824
55978,0.3112653451376577
215436,-0.5122490526836287
404549,0.49438869985581047
225659,0.45785383035883864
94224,0.5430577536492325
384281,-0.4868332850708432
68323,-0.4512580093795391
109791,0.3901077441169196
68977,-0.2522015620346689
234736,-0.24254280443270027
13844,0.4728090691088509
75266,0.5472235601551643
66448,-0.19572929561534202
59091,0.6761230548665251
51789,-0.2919187722514103
11799,0.337310213597501
243853,0.3366413861131097
237930,0.47134338088742034
71302,-0.50725276507512
100043861,-0.5892688050005521
50505,-0.4313033222333633
211255,-0.5125899528670992
20867,0.2498442773641365
66233,-0.24315433220254157
22590,-0.1754392056090186
14455,0.2014934212747974
115487645,0.2014934212747974
72167,-0.4767699829511711
210711,-0.2713306264604416
30942,0.6087280462089217
12841,0.5883956221620643
664968,-0.6158034861747428
67328,0.6276225805745339
23873,-0.23243817160767843
629059,0.5811708287768966
338467,-0.35680425573070984
69008,-0.22003031227068703
69281,0.6246196443859446
399558,0.5517830876226437
22030,-0.19810862641276117
216505,0.24432965808256135
58176,0.5577114228744606
12626,-0.3381528274239187
258486,0.7263769919174248
16519,0.7776679327419762
11502,0.2939589652361505
171095,-0.6962111794900663
240505,-0.8136796198107499
54214,-0.23991704904767452
227682,-0.20251782199529167
53318,0.5096122987345271
66406,-0.2252138182221639
18605,-0.547810260877692
104885,0.40428976833477837
55963,-0.3180531858614781
100737,-0.5923944985613723
57444,0.18910389385862558
15970,0.5188137554600338
74175,-0.7805964313487319
382111,-1.380550295828768
11500,-0.7207108291007502
73649,-0.7324296420531597
252875,-0.6675345242927344
70445,-0.923143877024005
106200,-0.2432042973959323
12684,0.7158099313934905
13650,-0.44486236430725956
214601,-0.29687533594572724
72290,-0.4973039640841792
96935,-0.5884748051102964
67666,0.2704712292909681
57265,0.6895015468651029
194952,-0.594024716421627
227197,-0.21603946495322113
69363,0.4341878831228243
15408,0.6776688942626623
17534,0.6192130910802867
81910,-0.239684140656113
11816,-0.26303961585336744
77590,-0.28726364268312654
50759,-0.7037244041366568
99543,-0.3648789725199668
170720,-0.5139705747591803
240641,-0.5517708776815082
231600,-0.17394866029441758
68816,-0.44518433807242364
16588,-0.19107635080071717
67382,-0.36522766334518764
15384,-0.20636640205017187
68770,0.18545137560103342
208440,-0.6931102012994756
17772,0.5957479184831227
108124,0.2096943393024855
14569,-0.15310152481041683
68626,0.25415846261112485
12733,0.9108340026126576
78751,0.23670766205154514
231296,0.42265672852543723
104806,0.27544738331978547
16716,-0.4780673143152052
69876,-0.23244024184334933
12491,0.5147415147020791
67031,-0.5462443014921217
68149,0.22264827092149275
106529,-0.19379778412320547
20766,0.5115721305075902
74090,0.46062857145143266
26359,0.3254929479528741
114889,0.5280363645879471
50768,-0.5739065586202656
26893,-0.1615229800236868
226791,0.32631319547408255
11792,-0.20572325708995542
331004,-0.6801967789034871
74996,-0.4963992757741016
217716,-0.7057903869505306
103199,-0.18474651260662966
140484,-0.18822689544441573
106585,0.44013141738102846
17749,-0.2422958469706007
23934,0.5028467629908655
56468,-0.7625439784085746
66144,0.1302807437680631
74551,-0.25867759710589766
99003,-0.517156538629929
19988,-0.2125424443327919
56214,-0.23625503850604446
243328,-0.3826450661284939
28000,-0.30634483062258866
100039781,-0.6665110434502939
19671,-0.20250545994467117
69519,-0.4880537546658843
75773,0.9072060842675223
225929,-0.3579886290836827
404710,0.5892919784658321
223648,-0.5631499919706968
240913,-0.4885069629727501
654498,0.5445335736304449
74377,0.6670056716967574
74165,-0.47202050266298334
59058,0.7140781047818923
18020,-0.2700005988801122
217169,0.4249625076072654
21987,0.5016694067115233
319924,-0.7203959356584644
30056,-0.30410182746115844
108853,-0.3646982095664466
242960,0.6237619864265689
27027,-0.21935571770356432
19261,-0.2490305262375454
74075,0.7048865759433203
328845,0.5986301805761141
382864,-0.30001917540425804
102639719,-0.30001917540425804
213742,-0.2617400231532603
13010,-0.1988182507186682
213234,0.5407678295977316
241915,-0.4041808136462013
52830,-0.20761290151523681
72133,0.3958005086908276
58230,-0.33732017988895535
16336,0.6359573439748427
66362,-0.42391384014734346
258575,-0.8209044470882376
234344,-0.1965967431642195
21355,-0.23377844652491397
16858,0.6050339974404091
53375,0.19373249427391315
11472,-0.7328969562137342
330470,1.0119613437911488
16660,0.4444007801872658
15114,0.6443823626745147
14233,-0.5984815510835197
20410,-0.4448394784050351
27220,0.6235522171495758
235312,-0.48990775076922066
238386,-0.5438590068971756
67857,-0.15720673808520758
73062,-0.2393442862816304
56417,-0.18516767975258475
71902,-0.2754163171171662
245578,0.4512651361323332
55993,-0.6164825811080279
18324,-0.620416955414953
108161,-0.6104266180415876
386750,0.6161486570118617
327655,-0.4893163941718557
18291,0.6425115035870879
14573,0.5979784076461634
433813,0.5301332955519706
245945,0.3765339405299848
16006,0.4375969250795473
223753,-0.18301508913584108
74419,0.7999927329659937
207958,-0.26169321775257437
503558,0.8218540471012337
71660,-0.5922429076475666
19649,0.5897234225356263
67634,0.5604548707036847
258616,0.7498164365975897
16542,0.5009933874428611
94221,-0.196437062383243
13723,0.21499646124053662
14600,0.7482806949994845
100465,-0.8239373453857057
19353,0.12701696001906093
65961,-0.21163247922097916
13983,-0.25947386200975586
170759,-0.19883752080871275
53325,-0.28717737440413593
70062,0.7247518919145466
69747,-0.2032648240137238
16578,-0.4452349687121604
16565,-0.35968504058293327
13518,-0.5839294662589523
547253,-0.2646264911103451
67838,-0.16238436300362302
380921,-0.3705400154476157
15209,0.46104719459302945
73389,-0.22181416973903367
19882,0.20557475997376295
75624,-0.37389594149242544
14765,0.6014503341759769
78911,0.7628710185765044
20355,0.8327947020726958
74011,-0.5350582671043504
100041194,-0.49557785765509177
107522,0.6934236987441662
73671,0.621629042424428
19378,0.5329569846960478
215114,0.43776181662675206
70551,-0.5168061031203415
66042,0.46529458632295473
230899,0.24189312549960906
20020,0.4240771815845523
14794,-0.2616032353489661
17756,0.5637275737781486
12505,0.28635321292752103
20638,-0.18588299264409613
109129,-0.17371246601183898
117599,-0.2925961120978595
77134,-0.21929183169368294
100534287,0.4474190848867501
12291,0.6482632694064758
69583,-0.3193102208696583
11937,-0.7046944246717315
21745,-0.30779115906386245
18049,0.20891402923497715
22390,0.6102133766178746
50490,0.5325289755273266
70020,-0.4300531542999497
67299,0.5416862823132673
64817,0.42192903283744077
12334,0.18830541945175483
14763,0.7884922456847225
78885,-0.2597584304988523
53415,0.3987123702881501
211007,-0.20364192230594647
622473,0.43273024185828923
69051,-0.21247987594215978
320111,-0.5111672869119355
229603,0.341739246896716
80907,-0.19271500550751064
76809,-0.22271213845319693
140499,-0.19847874935902432
74142,-0.22456881763368663
67087,0.6204447964143167
93837,-0.7105210087328722
15929,-0.15901725171175762
22249,-0.5923988132798765
50793,-0.20612932673291162
70835,0.5352494478602905
18510,0.6663585048767158
64580,0.577194481373736
228785,0.4852048560332207
317652,-0.6248398409288676
56444,-0.16014851930001406
13845,-0.32760405627963607
72392,-0.2933441379537536
330963,-0.5778906963069224
98711,0.7129496025767832
71795,0.3198524869189061
20663,0.2581524973648657
225638,0.49160072511031405
73668,-0.49918352211456885
71093,0.5836491396333727
23992,-0.4639894025214133
432879,-0.3734524680742979
67972,-0.4716854094566951
68121,0.2937811018513319
22682,0.25327188296354564
215095,0.7240097276031765
22408,0.3671812271437549
70375,0.4147894495906881
67416,-0.21004759665326223
209683,0.3344500994603372
171285,0.486040178084302
14793,0.517060147458972
20510,0.28442210272703683
329078,0.5579253864901919
67089,-0.30522198709056525
16179,0.16037959022678727
268448,-0.515574340365279
30878,0.4743802152112302
12991,0.6186513460831256
67492,0.45481412282150213
14149,-0.16786696949671054
213773,-0.6597710843106324
214523,0.6588531875361356
68971,0.5761274573593171
242691,-0.34472716998621067
64209,-0.24212803541497507
72747,-0.5070376092107081
671535,-0.18613085470216717
12190,-0.5249747737247041
70928,0.5079931712371915
269061,-0.21081900853525148
14017,-0.24749864538775412
30795,-0.22796685430074426
13206,-0.7502450957806026
11622,-0.28965512210819
17344,-0.46388060708329526
243537,0.40522904891188727
242860,-0.5123982115364827
68750,-0.3503818922443891
244859,0.6322890337337186
504186,-0.552662596641647
320696,0.7793363508105315
12307,0.63574825712434
50775,0.4450458228097274
54366,0.46654953512747
319740,-0.22561251866321896
17877,0.33963169636327795
21856,-0.1985205071380136
213696,0.5500151296197506
215303,0.3244212381388065
20977,0.2712856319038863
232334,-0.38860823590016214
360213,-0.5472410365678622
380684,0.4707926994038596
17686,-0.24317102184010064
544817,-0.49517848423071165
19674,0.4035889365747156
234076,-0.5056713131118524
66797,0.5722151196686416
108829,-0.18672180260069204
56737,-0.3814919719813705
13819,0.24202624712372867
210925,-0.24109339971515098
319710,-0.6221945076459647
67020,-0.6593521563043732
52348,0.3421429976925374
66354,-0.15372354586935977
16528,0.3302696494187316
242864,-0.37566131376568723
56527,0.5166142819927515
544710,0.3958373884348525
217201,-0.4589640822180332
15975,-0.5315356637729254
56354,-0.20137526918849602
98415,0.234086040485864
100504156,0.48384246792672014
98910,-0.5606194832601936
107146,-0.8672587480740868
244416,-0.365093462138967
18772,-0.8487791997464931
233020,0.44692114553413553
19179,-0.16956847131839758
17128,-0.18881046899828746
81897,0.22536498956035445
258016,0.6421028387771521
503610,-0.20241717057231234
19219,-0.5057813363264874
66495,-0.17995320618073585
27414,-0.33282007712710104
27387,-0.36997665856878115
76560,0.4114612930184851
108811,-0.6626120498897334
328783,0.5160527911999866
381073,0.4224020754910778
207781,-0.5835209207176026
433102,0.5464106243582769
12912,0.339274275294267
18113,-0.5440646346925533
17133,0.5398943447245128
66882,-0.13448542303306432
72459,-0.27909636002918603
22022,0.21126460230034638
74562,0.764694499830695
56334,-0.2418509271927185
69482,-0.278646224060914
30935,-0.5904920987729891
234854,-0.26746177611739874
56786,0.1625188000417026
67863,-0.1932585427064364
330483,-0.3582112694696038
69833,-0.18851433380200078
80987,-0.6187867577615318
14008,0.5498906653287428
94045,-0.5532050720306203
66863,-0.33727480197041615
257962,-0.5110662356925286
213439,-0.42006584312780504
19043,0.15456691109747922
68961,-0.18701172168558955
18242,-0.42205852729446836
15402,0.36076662842406826
338349,0.42983255797959075
11639,0.9514849581935416
67973,0.271040327506924
217218,-0.4755992644121889
74164,-0.24805477172214552
140483,0.47222813903735794
13122,0.5948160459462541
68279,-0.29016719054466833
75465,0.44889713477171345
94067,-0.20907915618746742
13445,-0.21797505959110097
233879,0.513044307008097
229593,-0.2344449523519625
68215,-0.23523744237135524
546038,0.5395925276953428
209707,-0.49231017919986364
14183,0.3683611242992697
68718,-0.22555430542568722
27060,-0.20343948600672945
56460,0.38898105926301696
55946,0.3491549570688033
53892,-0.38230835724900913
18799,-0.8838975179549085
66047,-0.21201910014052316
100043474,0.47141655188511944
386611,-0.5037864502133464
234404,0.35052861465289986
66398,-0.25578380148712476
135575218,-0.25578380148712476
66511,-0.24436126306958172
244958,0.4313443165152355
217734,0.6456901210781139
14395,0.7882630378939925
228413,0.3991640336306519
20639,-0.23540169949130174
13713,-0.2531474418723594
57752,-0.38385736234028567
19074,0.5965623566660199
68926,-0.22222685386831031
330189,0.3148691585535701
20739,0.4695879010396027
78239,0.6463145870586127
230075,-0.16627616708427873
192140,0.6011842994182484
66399,-0.4948057853253376
101772,-0.652824169298694
22697,-0.21980734669248925
57344,0.24391040912621342
54418,0.4251578068954007
12273,0.6974761325156371
57890,-0.6201613260482972
78473,-0.18949852571742554
68379,-0.19240440204564813
68328,0.47495443883462674
23837,-0.20479992135064862
244608,0.7339537806297152
12750,-0.2428993590338724
21380,-0.5437544937764018
56221,0.6942927091701465
244187,0.6847822209331107
19175,-0.2172515089535949
57757,-0.45778991273509373
230257,0.32443405942866477
666173,-0.3395893119572557
194231,0.6975790396662127
72090,0.4446585292192906
67769,0.5169088992169328
66875,-0.4294866722656323
20170,-0.2258023869203747
51902,-0.4223113995363992
71911,0.20006702956397682
23806,0.2708649939871801
65103,-0.2981220690858368
80985,-0.18766081124707945
242285,0.5116379969626865
331374,0.7035835037386065
71728,0.4150857993581596
50528,0.5068173938675065
74006,-0.17106221417126655
21402,0.19132100306079103
328967,0.6449052854572699
17178,0.5433624848750851
73826,-0.21498591950505386
69692,-0.17697648386264397
14661,-0.192393096862304
23937,-0.5324542453367869
17252,-0.1859677943195983
69190,0.4240377325691025
50912,-0.3089074448602389
64340,-0.5612035584520587
68947,0.6478071419713052
14745,0.5458595610269712
60531,-0.4475020197591171
76813,-0.32031246675601466
100169,-0.6257985052137753
215854,-0.43385605439412744
73830,-0.11670437620740337
100534273,0.6074538339048945
218397,-0.45813381000060627
14339,-0.5670376062111533
71138,-0.5090128058132031
75796,-0.58057994164575355
57750,-0.4045921102787018
75619,-0.9049919243062048
20621,-0.27009663562970054
52685,0.32028763106315594
117150,-0.17414236496093416
71300,0.6299978142935476
101122,0.1831259676070225
12304,-0.33812670449259663
69723,-0.21232800321105216
15183,-0.5420757912815777
72946,-0.20456968417136068
215627,-0.5418821263251932
51792,0.2175963940705179
216345,-0.22411793854371176
71755,-0.509042425111434
18986,-0.25971990576608306
75329,0.6219631289246608
78317,-0.20369309969063742
67528,-0.5405692174802006
74511,0.48241445222081003
20183,0.3018770679014722
258677,-0.5301118911920115
50767,-0.1874056679504168
94178,-0.1874056679504168
668218,0.16465504353854676
14958,0.6121272910782505
58175,0.4342137618076958
50720,-0.4163088765232059
14012,0.6640173434364818
109910,-0.22387295075128666
69146,-0.16940430704458898
13608,0.7271826041692337
56198,0.48406795460922325
22032,-0.21123741141456698
276846,-0.2014888655242082
18503,0.30505938601396787
104721,-0.1891199385127038
67511,-0.18941490930944127
208777,-0.4691801362486534
497071,0.6932414461457466
171207,-0.21546347951041156
20583,0.5224963298476171
216874,-0.2170893715509692
227120,-0.7169929123497942
76788,-0.21842667399535998
21372,-0.261272959546865
18193,-0.25701051200742064
67936,-0.23268122623096943
216363,-0.21491955868787294
100213,-0.5930223267502606
51798,-0.17698569883245518
319922,0.7065453989076045
66902,-0.5688186389014458
22691,-0.5667756473854872
19259,0.5462574196224192
19252,0.4951053869289135
81909,0.4918924881730362
71711,-0.21971354887195815
15433,0.6765084243288535
71735,-0.2662080590274032
18431,0.48060961489584786
70572,-0.3905726740479629
140721,-0.5339766914886557
76257,0.34688147840621575
227331,-0.22043959297880633
20544,-0.24265139488403165
69666,-0.2549553945665899
75568,0.6173770865840944
16418,-0.19833198379480876
69920,-0.17046570797417715
68979,-0.3613124873611877
381677,0.5750262364913388
30051,-0.4542217863814777
108900,-0.5094087374904994
66121,-0.23254376642304564
211323,0.6799753457921511
216760,-0.24020326664398617
18787,0.6763848643703625
13643,0.6561329853621727
74580,0.6121122156901642
269994,-0.5446904643041521
16490,-0.4828966861749491
12748,-0.23497549173439936
53621,-0.24683355913626315
12934,-0.2109665296306762
50796,-0.2527677711354128
216154,-0.1265136149008903
12164,0.5303966346311588
72103,0.31115314850389453
26446,-0.18609619473207495
71310,-0.6323686754712536
78977,0.7488584867323755
208628,-0.5118717364429797
380728,0.3186048170689997
16516,0.47141203184078506
68134,-0.31858743555377433
212528,-0.1788889603389805
15487,0.7062129884477089
100604,0.25495695226494597
224023,0.4387709502797943
65255,0.40479499642947125
15425,0.5116213834002847
69354,0.5413947371697456
67040,-0.2798925118687521
14083,0.4357520272091051
22083,-0.4637678216582435
12821,0.5776527701004235
56404,-0.2617815124778353
11845,-0.2559094326588287
20199,0.27912607792805133
18826,0.2669819713752304
16430,-0.43849257019697685
271209,0.5877900328704935
216724,-0.45783732960904544
73658,-0.1953452152945907
16842,-0.2254909614790872
66847,-0.1849934217604119
96957,-0.39767299409456225
215999,-0.5857695904728892
64177,0.7177005867039545
110168,-0.3157323753401382
101113,-0.46621965545140576
11629,0.3023291035948983
56697,-0.22521607637137642
108909,-0.17654658721482264
269529,-0.4147563326258368
231050,-0.4641956990213343
60322,-0.4788038846055578
19712,-0.2538011013321908
22319,0.3648415201175501
107239,-0.35994625279618653
14783,-0.515213748902708
70804,-0.7868329562957781
19724,-0.27370735112780586
15444,-0.3389610518614621
14652,0.3940158506769773
66825,0.632329210680517
109225,-0.5642074563751809
232906,-0.3844659529200669
14026,-0.27565255671895983
330319,0.5137680852635498
14562,0.34629466206270365
18769,-0.21046519412160158
11789,0.30664529269114205
259279,-0.26186032562864003
21749,-0.2419064409138434
239319,-0.21877271039556057
666907,0.44564609794620225
278507,-0.5817862906790499
66067,-0.43143663361297513
66548,-0.5571582386840079
104725,-0.22589401593787706
105278,-0.38587981537834803
11807,0.2540096953380768
52882,0.46190453502588236
19303,0.6199487342260745
22084,-0.6339346847111633
23999,-0.19368418316191338
67711,-0.14677029081076753
211006,-0.5581525835661698
56746,-0.6457232716726278
22422,0.39983265615737107
66707,0.7804609959673718
69085,-0.26700097288938274
103775,-0.6122221119428692
381104,0.5374331930711089
227867,0.17180736616385595
67036,-0.23108482463641344
26433,-0.1959210426007587
56360,-0.23379226103015327
20646,0.6304233064628075
75691,0.6294742782226517
246179,0.3498978181130079
55983,0.42649189997222337
66488,-0.2713402563679761
27045,-0.2046271131284101
57339,0.7053946709875851
67776,0.3426029833404005
234788,0.562977823101912
208634,0.8487073554439539
75805,-0.3164458227999516
94091,-0.28241332102287764
671564,0.5254532432050878
56846,-0.4722228974529905
20442,0.24431161073899865
11651,-0.22589172618020648
14048,-0.29953793742081913
50797,-0.18394414066386133
12371,-0.17869403622203528
74392,-0.6558697068623278
26441,-0.1956429244696558
66844,-0.5390320554345944
70083,-0.37930023632133203
232157,-0.1835572337812703
56698,-0.2450849634395018
214742,-0.32366922680294596
24063,0.4613390420259753
14180,-0.619815453051193
67603,-0.20747025906380046
321000,-0.362802039363455
15162,-0.2592190151395144
22269,0.5247420475889424
14617,-0.7040534845003621
11480,-0.5858424431987332
59001,-0.1533307813318121
244701,0.5670497201495426
72584,-0.3279832609026112
252974,-0.49384760501868596
57320,-0.19304823232820922
240873,0.7635814616256837
192159,-0.3068069288895128
15410,0.5184897775911388
12408,0.2416765008216153
108068,0.3504536521545276
60363,0.5292927164136048
20750,-1.0319400512109507
257884,-0.4599744569083022
67768,-0.7335221252313611
22286,-0.33717559695722965
218440,0.6221195486185751
67880,-0.27233701058638804
56419,0.41756647706581695
19263,-0.5236708481566028
67057,0.24163846506091247
23821,-0.6712159120780141
74117,-0.24275552488747998
57170,-0.30511490561176124
381741,0.6420806766320557
245533,-0.6169250360447891
211232,-0.5152890997407424
382236,0.2727108887633767
68431,0.17735613345243184
66269,0.7732343375098196
21869,0.25656924865028063
74326,-0.1951003928835604
74052,-0.47744770798130753
14884,0.21037796319333246
75763,-0.41847649855567415
57377,-0.19209933130698786
230376,0.4643096916567204
333605,0.7173273176592532
114640,-0.5935930938468692
23893,0.7919223949229637
68028,-0.24946742565807156
110147,-0.204922512901069
13717,-0.4901190098845136
329693,0.18438985587192036
231580,-0.2950424618173084
14767,-0.4107230170588645
17257,-0.27078546990348507
241073,-0.4645220537449051
63953,0.3885221016933782
68507,-0.47467353483547825
13656,0.45717841186500907
258618,0.8185302615617305
19300,-0.2148043636405994
93873,0.5759550877609096
624910,0.45793885575541804
18546,-0.5890392736399503
30052,0.303429539182936
277328,0.5039627671737272
71461,0.6253422387876935
217708,0.4157507953071491
78826,-0.22371195017991852
67878,-0.2903957621011779
66538,-0.1571671332332869
74253,-0.4230178264820008
15561,0.8421871137766823
14610,-0.46826348802260487
67946,-0.3545523850376977
230809,0.4427849265123296
16319,0.22291631193567696
235626,-0.27563042451454045
12411,0.4505465579771082
213019,-0.2038650559101569
232989,0.27503794321203756
56857,-0.3418147509735405
433693,-0.21856682911515612
69627,-0.5016498817292669
75221,-0.15060981959643982
12788,-0.2390800436876157
83924,-0.44780618245338744
93730,-0.33651792774407063
22064,0.37783232460626515
14028,0.6273669446464276
19276,0.3172079897243929
210766,0.16811820200642558
15460,-0.4931526967241959
21826,0.4264269222726078
72160,-0.47818771796168225
71721,0.5950422682240379
73503,0.49790301098185585
11529,0.36494634092499556
16653,-0.3985512305500709
18092,0.5425088697100833
16770,0.3040825381971244
66296,-0.42502882745454773
15205,-0.42681652905748546
268567,-0.16709375302408702
66801,-0.15510666836937048
22715,0.21642229187433415
93747,-0.46944129306734794
56068,0.4111900031362179
18647,-0.44728876831718
57780,0.5519010108374731
328035,0.42760768295010276
214855,0.16904460490135342
20377,0.8382716953339777
269854,-0.20445228191716414
13478,-0.16431125514117717
18310,-0.48030879195519915
170823,-0.22595869989172712
665119,-0.5750428354162707
116870,-0.37575519887082454
11614,0.3032164384968321
22017,0.4062996617096628
213233,-0.31752653135816367
16558,-0.5150368587779299
66576,-0.12207177035597283
81906,-0.5962952563317296
78232,-0.21868555189305283
407823,-0.3588512834576054
74044,-0.48665419882481054
380669,0.562165783331908
109241,0.18445160633601176
239789,0.4860035508061009
21917,-0.21948018497208643
12870,-0.6153598922846912
67701,0.4426188944331084
68981,-0.20224099480603464
23983,-0.21866239678649357
107568,-0.43559177011172157
56365,-0.551229474080702
378431,0.46829451850235504
69286,0.47247356940763563
246694,-0.21526596060961722
53379,-0.19361664119698752
18793,0.25758752616775205
71723,-0.25288421195478694
408190,0.4426394348613858
22339,-0.7693183126596823
229699,0.7146931077672996
76378,0.7256164282287041
237222,-0.4494020663275027
66257,-0.41262296517385355
209512,0.4006953970381355
21858,-0.24948330895214355
105785,-0.6812615069224472
12028,-0.18033455227144835
16531,0.4594786093183334
15894,-0.39968005950917185
20256,-0.5646930228946037
17349,-0.6094163403665798
227696,-0.1801014744165137
78369,0.4436562158753823
170711,-0.5359105045215564
66190,0.29244923441994075
12300,0.671286030802607
66890,-0.18607069889292482
269536,-0.19252269801752941
76117,-0.2718946159386988
11668,0.20947294627339552
320092,0.20947294627339552
18705,0.7117935957633152
66970,0.3745387849638693
639634,0.5621493109287852
66044,-0.1897974103583966
21927,-0.3191072072157901
66559,-0.3182413968180384
234378,-0.49336974280690793
65111,-0.16407453895504354
226169,0.4106874664261566
78255,-0.17769293112207052
71955,-0.1838038359460068
26965,-0.2186695585795997
22626,-0.5351076126459011
71949,-0.22344719269060676
69473,0.6978224768742973
78910,0.7404192777346026
59047,0.18655131760909782
20916,-0.1985783036686648
68810,0.6023005727678115
112406,-0.15590055679919068
22110,0.25426976455503514
67106,-0.1988510250943616
230597,-0.6035179171829732
69094,-0.22548321599049537
231125,-0.5045961352971586
74187,-0.24037091528163756
27643,0.281441100942752
100169864,0.281441100942752
16193,0.45448329452486025
76192,-0.4581213201205232
73379,0.5162246161407049
72739,-0.13216457770407963
170625,0.25117370085077795
12578,0.47194149269359364
71838,-0.15695900797606654
11554,0.38413862617742733
12425,0.554992416774847
14778,-0.6260503584256365
217578,-0.274670531540254
76863,-0.2318458076165495
12955,0.31918484683200177
231070,-0.5524174565074293
94180,-0.2325432292133609
319504,-0.6614225568987337
12299,-0.4632849831862247
233870,-0.18060554019197994
241035,0.36700403275681825
19384,-0.1770999156968962
71137,0.5834927650258277
81000,0.3163434961250662
381668,-0.20295636570234876
19177,-0.17955513240621634
242681,0.5121496931104219
24136,0.21445192151073567
18640,-0.44075806990715893
66614,0.17514545840292683
170721,-0.5555265525923483
75571,-0.5527498153690149
18191,0.31948853188512594
56386,-0.13475909300820632
75770,0.5352823697989972
98053,-0.19370113215782503
80914,0.19773100913057107
104079,0.5504652335418818
73251,-0.1713581675891831
237362,-0.46828244944122055
320864,-0.5879931379184709
74446,-0.37371162700586513
435766,0.3969898287423348
67578,0.5137230889780771
269328,0.4602736726165064
227634,-0.22034698345846238
208994,0.7972950440332145
218454,-0.5405004005933054
20443,0.462196945571705
15360,0.4733623944879848
22156,-0.47491332198122027
72049,-0.4471805921265748
320011,-0.1939016032962666
74890,0.44173934605275456
231724,-0.5646041543996865
56249,-0.17504063446889617
208518,-0.552463753019989
381678,-0.45160334947871394
26407,-0.21423938620776362
329679,0.519570333799642
74443,0.5290095739049097
65973,0.5212024382170224
15331,-0.2567956601535961
625286,0.539471895856181
22003,0.3425554760741907
19227,0.564900464726148
234988,0.43805812689317714
67212,-0.16534859596883145
68537,-0.16970937411609377
54189,-0.41862406633243765
229096,-0.2923433855848785
320858,-0.7124000921203759
71607,-0.17703081441264246
13728,0.41792184419772394
28084,0.1391379319091115
54409,0.1391379319091115
16874,0.33671654633226566
74978,-0.5258722965414169
241159,0.41978293626801433
16891,-0.4487929765762577
622480,0.46444493619766103
104444,0.2935717781148899
170758,0.2971473289235522
71990,-0.26900376674060134
226654,-0.3517890848080887
74121,-0.6231492420150886
53412,-0.8601118948258195
13043,0.5388218977977717
270210,0.41623043055665354
70235,-0.2694074669542399
109620,0.6060976738666737
67118,-0.20663184839371063
20972,0.34119382353176775
75671,0.38107007337436594
15586,-0.13938358180611132
227357,0.2868873399233376
74154,-0.5974765094314982
224090,0.6220418665558656
228961,-0.22120078924243458
228801,0.2986837347422835
22337,0.6358424572321768
243369,-0.41336889144536704
77031,-0.18780403415128077
20698,0.47876800205796677
353344,-0.6330844956162989
14176,0.47979517542083006
22042,0.485701223246334
16164,0.45267348711621924
80908,0.45400454405262236
328110,-0.34077720230122654
19186,-0.1419076745453438
60344,0.4660684859577233
217473,0.551774407405448
50701,0.2351796826953496
53869,0.20851847947015756
12807,-0.2704337611696692
21832,-0.5861155258862971
225898,-0.17375093584041323
217212,-0.529708667813984
26938,0.6123917629334072
77065,-0.4911071739650321
227644,-0.18922854958914748
15427,0.39178373875385475
56226,0.5760406168208405
99311,-0.1605938711685262
111174,0.9406715280719493
226970,-0.37798027190886874
104923,0.17751640944514513
14583,-0.28586254454200866
66940,-0.20917238008186345
319734,-0.49919643809090175
14862,-0.4693688746083584
74167,-0.13221344357816633
320024,-0.3136877355936658
71702,-0.3775116501220861
53380,-0.19831803044964147
27386,0.4324727819655685
116891,-0.14761337428736354
620709,0.37831994352148257
71732,-0.22400118738006647
19362,0.5846564217746257
69677,0.4636238071565706
109314,0.3429394610232803
241158,-0.7175683379807611
93677,0.5837586677151787
18365,0.5116295256097603
12966,0.5880356958773651
326623,-0.6637938620415289
12267,0.620190869931772
68140,-0.2704335387105603
68051,-0.12772973927760312
74646,0.32783068722796394
13417,0.2392073761551181
78785,-0.5670794946930187
19064,-0.4604838562028628
66510,0.17580855208142054
15550,0.8342056473349899
12794,0.2650743987973163
93696,-0.24314129642675653
278180,0.47021041023945465
66965,-0.1669733026809581
66506,-0.2287151705790933
226278,0.7242709910853184
67790,0.67482832224788325
67747,0.5700598649510642
12447,-0.49666306092877033
77704,-0.6904616608394027
380664,-0.43282749506665397
66059,-0.18669409915272617
68585,0.1874262270332423
382083,0.4106128336607311
22169,-0.38701587290663486
27360,-0.27731477432345564
381411,0.41683301731193456
140492,-0.20219978044471132
224674,-0.4283773972213982
13040,-0.27386272125891686
215641,0.5360439695125203
17999,-0.2630327915262276
278279,-0.6784566901809308
12971,0.4543995497242479
170657,0.5799792922244391
53420,0.39277208874956226
30800,0.6120884113431933
320139,-0.5755321484107219
53421,-0.1451018007461915
52477,-0.18798957464186294
70047,-0.20539447532570954
22293,0.42592189301938355
20908,-0.569000840808263
93688,-0.42339336155035134
216961,0.5409761465421452
67889,0.1407953330474534
18744,-0.19285222998066232
17912,0.5919511990446629
11438,0.4394325541977935
24105,-0.15923345048094717
22240,-0.8595922614199845
231871,-0.2228471915283725
16803,0.6119850867304377
72269,-0.5958373706295736
18488,0.5650386207518032
76615,-0.503346138012402
16772,0.4412537121355089
12419,0.544544643416554
434156,0.4995866106872553
239790,0.46516597677831806
70239,-0.25152819665391846
69376,-0.3650031172708985
68768,0.48402198400679763
170639,0.5512673039698992
68723,0.6683362466079927
244421,0.28588363622523616
75778,-0.18646462873093128
109079,-0.557383987826336
105511,0.5930252510074459
26408,0.39325270607408136
105866,-0.6841006877883209
118454,0.34301445342652404
66914,-0.23231783435926623
224826,-0.2914389873820662
12995,-0.16709371604162193
66218,-0.13258217238336734
20768,0.4459328346819982
17765,-0.3321195535124968
140579,-0.4909211407374787
170574,0.5388601201084886
235431,0.3180396051179306
50911,-0.24142275174079586
70186,-0.17816761863509534
27057,0.15749570801993862
18295,0.4917204538208457
64075,-0.9183679316154598
53317,-0.21314396654108592
75420,-0.1490601738651094
12876,-0.5143757321107714
71889,0.31546243459056456
634731,-0.37441286577263977
57875,-0.6733275764075035
51813,0.2852260292567399
259083,0.5291825977803808
11350,-0.2013797116074727
435818,0.5275498195637351
245670,-0.5024226801837237
72344,-0.5512373208220405
67866,-0.5102024680399921
65079,0.4091597237130231
55944,-0.1762683940478169
69317,-0.8555332821193424
74131,-0.21971848124589677
68184,-0.24961321252937108
68117,-0.36213772204658223
66861,-0.1531889372146349
68795,-0.3837643207999637
19340,0.4034559857969997
245643,-0.43339816986692625
58198,0.653429444892677
210027,0.6064847120345878
433904,0.4979113530884973
20286,-0.484497315577217
244954,0.5630334097890741
100039596,0.3778103649906428
18816,0.5429604850193774
228960,-0.3724354905142979
382038,-0.3094564050207067
18386,0.42906502298561433
270190,0.5667001963963907
13636,-0.571038632468968
18742,0.37379579022776444
18128,-0.6154926854921356
16467,0.7716775991858653
21928,0.2724319526411332
70103,0.1877958134918103
54725,-0.43551095533363693
234776,-0.22469876947116774
320560,-0.17624644359992025
242608,0.63295857040757
20713,-0.5971055988351495
16666,0.3697031116308356
226154,0.435055765420441
258819,-0.5262257698344324
12040,-0.31007601731633194
27028,0.251940381045614
103406,-0.7033097923748901
13865,-0.5593509926036231
13207,-0.17830546277603432
67249,-0.5596087283939974
26396,0.21242808859519613
19739,0.3717411595698943
56428,-0.11537819271612726
208638,-0.12336337225671912
226101,0.423714989540394
16681,0.45828339345534896
224814,-0.28558394741551485
106021,-0.23989725314771349
56615,0.3236125701867003
67534,-0.4368111751217949
19141,-0.224114554883327
74320,-0.30776499916680145
16776,0.3667838152318774
19401,-0.1968433244329617
71900,-0.30215380795230296
408193,0.49324316031454707
71939,0.33235220191151704
13144,-0.3894364343288821
26894,-0.1506108159553321
66411,-0.1785341594218952
110253,0.3357623453282166
64654,0.25373871057675323
69982,0.45685018425189483
227195,-0.2953615759118149
18420,0.36404633857203716
19231,-0.18372103097489934
93736,0.4067206492967568
72267,-0.2133250177773851
215445,-0.27772006251234327
100039801,0.41212732032836774
18676,-0.39590545542930666
68671,-0.17162005773805333
16201,-0.5241204312237624
21426,-0.45595161831415343
216974,0.48090412620361267
19045,-0.1817672358264204
216197,0.526487869027215
98558,0.4930443732222338
59033,-0.4930877325295837
21761,0.1414633990174501
627352,0.1414633990174501
258756,0.47977394579339006
24018,0.2279703562745361
23971,-0.3707384943720333
16600,-0.297890765700247
20907,-0.3249260711146311
280411,-0.41291780403513734
18010,-0.1419427244217406
210029,-0.368576735441291
52666,-0.5551928976937006
20391,0.5636294871433121
22330,0.35094411069752507
18749,-0.1788395221741741
98999,-0.21803439894357446
233067,0.4748456517095372
100113398,-0.32974975570207565
110446,-0.1362838884820894
16764,0.4744735861412632
55961,0.5266126717333748
75292,-0.19452725804063675
83922,-0.508417240840835
64050,-0.46136954751312675
69709,-0.15433229259479297
230514,0.2377325706968918
68192,0.1985637343113087
338352,0.5670675551575526
229228,-0.21009669964269406
68472,-0.5765927669474582
225745,-0.14202190478641796
319845,-0.23919201659705536
100216539,-0.17477070368077996
268449,-0.17477070368077996
108168140,-0.17477070368077996
13654,-0.4996564375787549
20452,-0.2405791091149041
72195,0.6974930418102723
16432,0.11905534795930528
67418,-0.16374885093958547
14962,0.3943464200256228
12263,0.3943464200256228
14620,0.6356789738051556
15064,-0.4534560070030569
13627,-0.20369087470756675
17969,-0.1657905634214547
22652,-0.46260234240108655
12757,-0.18202157855311185
107250,-0.5943737826297371
12368,0.20370894586225496
18554,0.19702787960957036
26918,-0.4622367939440628
70925,-0.45818393278376934
66658,-0.374088042236175
66054,-0.2221717928859448
22210,-0.1990892435028151
17692,-0.18061554074321506
67938,0.15616139998339307
12705,0.5711277957136565
17955,-0.16092672574013278
243910,-0.18673740702482888
228140,-0.4270611764807031
109785,-0.2603500157131444
54219,-0.1958831927447946
217341,0.4946928407197788
17268,0.3375596245138768
54636,0.32909711342593617
20592,0.7343819355109629
68209,-0.15324883570471393
71797,0.6682659897806893
219135,-0.21736367542848
17217,-0.1855269764030414
26440,-0.17017064574362273
225651,-0.3600045745185225
109349,0.48406528991101805
268465,0.45746192027575105
12477,-0.4895984089566383
69237,-0.30193726117100805
68789,-0.43855332208049447
72656,-0.3524939616334457
68428,0.2692272208903814
102607,-0.4489624108214132
11650,0.4776798314987514
15248,-0.5385016792534278
64143,0.21756975739347872
66077,-0.13771230840902682
268729,-0.2748212656961613
18377,0.572579044520098
70791,-0.22191787512066163
66248,-0.20356969821715154
272411,0.5000501534305535
52538,-0.1843637975280057
320213,-0.28153839527367364
103573,-0.16442731717754633
20184,0.5297937517735685
84111,0.47049213083432484
66090,0.1390881617495463
106894,-0.14125697629628142
433091,-0.4718535813191904
50773,-0.16153675840116044
231147,-0.37947308378740985
80860,-0.5065640774259803
226041,0.4616566772812769
66375,0.23635950549990348
266645,0.3978628269030313
56643,0.7578605915870984
26909,-0.5360742517815398
382066,-0.4011829803743421
72554,-0.2989821295574764
24051,-0.4809141157797381
53861,-0.22480430096246096
54645,-0.18778347185464206
217331,-0.16143120210582396
67128,-0.39058407129244976
67876,-0.48158834082894675
80280,-0.1610201500656654
56018,-0.3908927090977894
56794,-0.37730687869756974
17922,0.4668550608855613
228852,-0.5373039560051849
223693,-0.1919540850285557
70209,0.15790600300464064
71279,0.5042379506808521
382074,-0.5384320263828051
70999,-0.21733927450879698
19057,-0.2517804923149871
17773,0.6953566211029791
108723,-0.24877557882413903
20166,0.24699675047908976
13171,0.5080125472121733
14367,-0.41970105064843466
94093,-0.3058609603741296
230895,-0.4663173100442508
239463,0.357935498041968
68606,-0.17626162953666302
69847,0.5144134306821808
66706,-0.5227989063211194
227394,-0.4684749764608003
18302,0.4423239629705584
22378,0.2018722060240794
110962,-0.18012387133564545
226519,0.3641006629021586
237823,0.34890260490256253
407800,0.6042712958478194
544752,0.511081131626403
17215,-0.23049226377328935
15414,0.5168155257919533
230793,-0.2795400834675448
319476,-0.6855998366174507
78070,0.4394376752750295
14633,0.41956318465941234
319767,0.4056939742218564
67843,-0.18941239918172226
136856708,-0.18941239918172226
19352,-0.3640320231940777
72607,-0.6039483124037388
98828,-0.1805965141194985
26422,-0.6490102157866966
73916,0.2358242675416875
56348,-0.34681442272904395
208677,0.4553188434728179
18174,0.25970873782719117
56637,0.22522189011082006
227700,0.11574028698000483
12519,0.2251706406178826
56490,-0.18057852511004846
353258,-0.16999621044371516
14400,0.5829825126597385
15466,0.5105007373055406
384783,-0.2041236560900721
74451,0.1200308318577985
20296,0.2914559953067415
66967,-0.5228576853270601
242711,-0.8222223285523236
14709,0.5961447614493802
69700,-0.5767476777500944
66075,0.2964292860379967
54120,0.37610764000119623
239122,-0.3588667989819987
54426,-0.42126660669035276
70846,-0.5355211346195028
232801,0.4819839085116078
234733,-0.29058150971088814
381038,-0.3208417389894258
320184,-0.33869131980822154
70423,0.4089638818062591
59093,-0.5011834812249818
117586,0.48717523585445166
12175,-0.14459918138792638
230863,0.3430656716073157
214425,0.6112248516476351
14319,0.12485007648692559
68792,0.3926520798086326
74239,-0.2188592860657499
77938,-0.23602055767337582
22200,0.5737334245166537
77591,-0.4212309881313674
239827,0.4417460521513643
93966,-0.2655182559957723
66089,-0.29734810688766533
74302,-0.29547070590790625
19082,-0.15628040259786147
227723,-0.23603195876219907
225160,-0.37297664837223365
387565,0.4171076588016689
67095,-0.7671063179657631
624866,-0.33744635958473523
100972,-0.3897186238539456
75788,0.30573069339778325
94043,-0.3682730920831183
72157,-0.2172278361490676
243371,-0.20642129374436813
231841,-0.362776095131645
51812,-0.17709337464505737
12827,-0.7322877442556486
100129,0.6011835908157241
18103,-0.17483119575025263
20737,-0.2092087585807061
209378,-0.4855143036790954
12796,0.3442964612764108
26559,0.3789082231358565
19743,0.45227188430555554
246198,0.15950043242652256
217149,0.15950043242652256
22333,0.14213314493777673
20778,0.26109555964948505
66864,0.629960572771247
56455,-0.42124403677884104
66995,-0.3459670839682776
67628,0.1459507136679168
227619,-0.17551491299944644
68720,0.2720192731433011
68730,-0.15205192613925256
66556,-0.220137433132356
76444,0.7180759543156441
227738,0.18477202425219375
17380,0.7798162238097706
271127,0.4724496109489147
18708,-0.2769926402369851
67072,-0.37261591846373143
22323,0.13959680846730826
66440,0.17525026919024356
269693,0.42498309489803
69097,0.4755162621251503
71726,-0.4341889865225248
207615,-0.46668987655036176
69639,-0.14782652922784578
72795,-0.11974228816240995
17762,-0.7370309081237139
16402,-0.4121471885774928
99526,0.5118385831368739
66916,-0.15399507333093254
192657,0.3657533203743082
20980,0.5678148996902124
17142,0.4782552446089574
69113,-0.22710496012617298
103425,-0.18402104212599646
13047,0.2963587405087349
213603,-0.6785090643673386
226144,-0.23183673237612012
18596,-0.5903580270147977
270201,-0.20933948869335772
11966,-0.4484544950895746
171429,-0.2696535985994002
16009,-0.4326200127369688
14714,0.6216481726160143
18040,-0.8222840836495586
19387,0.18446420801264551
14265,-0.4978159890690472
101489,0.16530704674565122
58864,0.43364525815692323
360013,0.5535787564553836
69955,-0.20137589817585066
75706,-0.5433635987356289
21780,-0.19428860772575618
19245,0.15352379533360505
240675,0.6515436976341022
67652,-0.6290557272918118
71951,0.5578559213048351
22146,0.1338710139145327
22217,-0.15066903514195396
68188,-0.18236234933601203
26572,-0.236784258574521
20930,-0.17116909116114165
99586,0.396640657437934
74281,0.46932894322014684
232288,-0.471881974796065
107686,-0.15935827448459605
56747,0.5463984459331348
70465,-0.24522444975366575
27392,0.49822867919634284
20340,-0.2803164955837172
78914,-0.257358211682968
234847,-0.16557599775341458
52335,-0.4888800445009549
100763,-0.4101197067649771
268481,0.3086547360245735
11767,-0.20612349850871148
241327,0.5729682258154059
19280,-0.2128032093864789
330662,0.6262024115394071
67292,-0.5548979237666467
73132,-0.46779522541938867
213452,0.4614733571977867
212190,0.3323329398039654
14705,-0.2599422802118223
229681,-0.20119573847037842
67115,-0.1672259918448713
225341,-0.36114731367644204
80986,0.4177619361527807
20360,0.4679939765881649
319660,-0.6437466040289621
211401,-0.3515837667018449
68525,0.5824530044792979
258371,0.43471558750458694
29870,0.49678313498366755
101540,-0.21741718358076945
228812,-0.3176225774368078
259066,0.5222952411752804
56150,-0.2911800414099073
106143,-0.19807982214533837
14526,0.2036685069414066
14113,0.1689609094124016
13549,0.1689609094124016
76563,-0.44146689244507087
226971,-0.45433845847299725
73016,-0.4960420070481
68202,-0.19472826555360534
108151,0.4791403664662033
68153,0.15132974037554447
69865,0.7720004207153863
20439,-0.24185049278722737
72293,-0.18557333021612443
240354,-0.3019531244585263
107351,-0.6283583778147945
171212,0.14529734971836028
56013,-0.4919270347455651
235033,0.37031152900521747
68616,-0.4820177135385517
112407,-0.4574684854085156
19159,-0.30970051348885086
27993,-0.15653953333290183
107328,-0.3110198358474472
58800,-0.19154733511732935
101490,-0.30036575060545534
103737,-0.43079284835454423
93835,-0.5157058285714444
70351,-0.19693366063919981
239706,-0.3880026558986467
73225,-0.24441450853272784
12266,0.20439329081763624
228796,0.3358325774424378
171282,-0.5229656312473621
67526,0.23232658110079463
71241,-0.4157845468848782
26412,-0.12305613129027293
14369,-0.44169998406956923
17210,-0.17027022062948305
235435,0.28503193024760076
13482,-0.4106674060005293
16409,0.2302008312182231
78935,-0.38617546870796193
14654,-0.4456700084785128
11610,0.28051387797662297
73075,0.4925815339433881
320078,-0.46087931919183767
74383,0.39783431190195095
78373,-0.49313303814153064
140477,0.6073190524493124
217365,0.16994338269685905
14739,-0.40380770865596105
16543,-0.17554796429100072
52855,0.31281753420204694
11857,-0.15616344545556515
72754,-0.5063284353986832
22143,-0.1722432733238115
14718,-0.34563672283509206
244672,-0.28944781051148194
239017,0.5532875254962621
14296,-0.1800240812234417
20541,0.34922795503382087
140742,-0.18996809593029162
26934,0.3111083931367311
116871,0.27775272069217927
14115,-0.6963755730524825
70356,-0.14184961738829394
56174,-0.46440506769350787
73677,0.3990007805102067
240514,0.5202961662135799
67130,-0.20829039357801094
209224,0.22802865122674554
11488,0.3418645651625507
209837,0.24026052924906338
14626,0.5148437522660969
16889,-0.1929469076149548
66388,-0.5449314851017375
27373,0.1663167541578332
107071,-0.19846576904563484
211914,0.43328187337877644
12810,0.6302829902545315
64450,-0.4205598790494798
57814,-0.4491701461397444
20220,-0.1718444549705307
100042150,-0.5252762996722202
16871,0.47990318691266465
19714,-0.20075108708666178
14619,-0.5952988266395072
24046,-0.4349071387756309
14580,0.3532328619799996
77744,0.7066851245335029
20833,-0.2055847154244308
20562,0.2627928146537428
22262,-0.40592046956268346
15587,-0.41918169233756153
70673,0.5016466493932494
67605,-0.47277148144609793
67067,-0.12290137518125555
118452,0.7420352272390929
19819,-0.28720632130276424
240754,-0.22750970298179585
66660,-0.22202702912361083
214359,-0.2760601580217994
329260,-0.563230514234232
101706,-0.22095977097098185
545291,0.4140277318386434
15278,-0.22892176243997842
71345,-0.4348976252737775
17064,0.18975269647539506
68079,-0.1857700527363022
210801,-0.45027346030987925
13638,0.5375414054127452
229759,0.5800967187726496
75533,0.4254491410028933
14816,0.4257361698192552
22344,-0.19232374153973808
15372,0.5502433600403034
641340,-0.3165372423675272
271844,0.48746640842724354
236643,-0.6485426437514406
56215,-0.2833021709744443
55987,-0.5268066523964148
59035,0.2928172446468498
15469,-0.14268295884901327
75345,-0.6177498428098867
72041,-0.20181443099197693
27211,-0.20372983823809676
22121,-0.20372983823809676
27208,-0.20372983823809676
27210,-0.20372983823809676
14725,0.4404811216974016
235636,0.44834720208237133
76376,-0.46149473026923493
231912,-0.3676112175372328
20878,-0.37347446594167355
30953,0.40275799285789216
320940,-0.17931911528111222
66766,-0.26180564943514817
228536,-0.40731608877947867
18736,-0.370375962198521
12313,-0.2009542321033262
230738,-0.3366736656474858
258580,0.8105038303648593
75690,0.43545981391556765
17237,-0.2556308998752854
353326,-0.4408062472034411
69083,0.4915714708239758
14733,-0.42667636349366056
76454,0.265904572960153
58799,-0.5044104482715452
16424,0.5012069005837727
69957,-0.17848859459042465
20747,0.18983477023181905
76498,0.3444062207712557
100647,0.5952958041798393
26913,-0.5840088605797922
26549,0.4699263484766023
218194,0.5334427734979452
217038,-0.11772308241283014
17181,-0.3565042339756368
226139,0.304729252960124
319207,0.39197331200320296
237073,-0.4876574820754138
665180,-0.5205198242138822
13350,0.33997730544687155
20643,-0.20179832520321028
67803,-0.18563853881593673
59026,-0.19724623599980973
12426,-0.4314291302119626
66396,-0.24334136492849723
108138,0.1909882584633653
99512,-0.5093008389099563
15525,-0.2100161235729665
18477,0.16350631496553092
20587,-0.20175140538771252
17339,0.4340195688558235
56470,-0.18544180992648585
14693,-0.17358972988232502
28199,-0.13823637892528318
243931,0.5158039536826893
239766,-0.49877027937374674
14366,0.6491883699497834
380785,0.2755172873889773
14238,0.5833105465515751
328699,0.48428724991597694
233651,-0.420818443752748
70603,-0.265758511617042
232717,0.21136117713858837
20515,-0.1652375318548227
72149,-0.2544618937780285
17158,-0.128329560301788
72168,0.4748696282974221
77220,-0.4527731920227511
53605,-0.123711929890165
546336,0.3898026750612553
57837,-0.1986958686176319
106347,-0.5212098930515259
71720,-0.38288242398459893
235406,-0.25587795771955424
19374,1.02969036990278
432677,0.5173342345711682
277353,0.4921495171550534
238011,-0.37507200118929207
63873,0.33211064145624647
12124,-0.39158667426918603
233424,0.45246891182016036
83946,-0.39873587394273713
259100,0.6032530474025379
24115,0.40971761256455164
212632,0.36853515704882067
107934,0.4810076911838772
432478,-0.36448525334593285
24131,0.5333149206149344
69171,-0.10090801268581728
30957,-0.20819340930071917
13340,0.43930305123596813
233073,-0.1445987607590986
15976,0.17998030536609377
53417,-0.5167578228253742
212986,-0.23756466026995682
219022,-0.27089743954919054
192236,-0.42231224942589574
12642,-0.4359618346570615
14748,0.16694290531424194
68694,0.5267383693029792
73710,0.17526939341352676
74309,0.46684659534473294
666794,0.47490627872827407
93683,-0.4695425940888729
74711,-0.42775056403169565
71514,-0.13505031980139037
16658,0.41370652064372404
108961,0.4618648974600399
18627,-0.6020518403031723
226265,0.8430366576850936
11364,-0.1698417393692928
22354,-0.21038884260260993
194352,0.63229816080579
106572,0.46528145570359314
72007,0.41757026355288485
231602,0.49382470110480003
13616,0.510294590683432
56048,-0.3058554975359318
75288,0.4138838445538253
170483,-0.46634605200998314
75717,-0.5072255575028555
12166,0.4675195678736612
171567,-0.4192114100090061
259071,0.4053337588197303
71950,0.35967430366751607
75552,0.3035408210724029
320106,-0.6942864385364462
22761,0.2645425805268111
77626,-0.30786048178804926
19170,-0.15786089877367715
238076,-0.6570926857769992
70503,0.4850747856407627
11835,0.4162877184538525
216781,0.3416163692992358
14533,-0.15320833600287642
240899,-0.4422164544755245
18390,0.20042654410828398
21907,0.5791033709359863
229517,0.49405167070071343
11435,0.6167610928429177
11717,0.42376691481032314
20843,-0.17467896443538855
56496,-0.5060206711125907
68498,0.5200220096603534
74450,-0.16109858598032112
100929,-0.2935287741449226
11513,-0.17146827948068655
80904,-0.44600979038045185
26570,0.552870250760646
20238,-0.37073755537354813
227693,-0.19245783205863454
99982,-0.17601773686386402
114142,0.39251304079325067
17140,0.6073371176616291
64095,-0.3831594544502108
75572,0.41990245668174264
68048,-0.1399511345522768
12237,-0.2099601810761218
64008,0.38694170031978725
231386,-0.1901637306317312
83396,-0.4354031221115138
13180,0.34086159940840943
329942,0.36397900529715876
64292,-0.11715849465477923
18036,-0.16389865473806609
239659,0.5095977434980026
207683,0.5920430150641804
14674,-0.17520999411945226
70472,-0.4306198071548586
18655,0.17296851289811777
20869,0.1973512874868053
110611,0.2068600327120489
210376,-0.3264590265279068
328232,0.35836739519331573
170822,-0.18221253397461368
67439,-0.18817100175747825
170654,0.35549293807101456
53333,-0.16864255350760082
76938,-0.18138550992636837
319651,-0.48673179652846876
18369,-0.5030008550946743
14670,-0.14816549039282556
69802,-0.42095176214309404
102098,-0.17113904902451615
72722,-0.15085372712758627
26384,-0.18174689713764636
15111,0.5704594183815028
66645,-0.48808806245682934
239283,0.5016195106403267
16513,-0.3441622580403618
54373,0.455800304553851
12647,-0.5250773787255163
79560,-0.19529674409404407
218030,0.401840190955296
67667,-0.2381476447531634
209488,-0.34038276161311565
56330,-0.18628548101665565
103806,-0.20851777980830022
11778,0.24905391337035
16847,0.5955657959147143
381485,-0.46677042605204067
240595,0.4580716396058713
237213,-0.5148572136723444
258168,-0.5038367439879252
218490,-0.11657200489571018
17898,-0.7438129606735142
17766,-0.20411431178244666
620246,-0.4699038011587886
23958,0.3864789904005512
237928,0.42941406792757686
109151,0.46024865478932675
217666,0.3764217252949109
20445,-0.730733997223739
67871,0.3010599949243451
20409,-0.1250563815158845
14421,-0.17365155339249938
106052,-0.20679507748247516
108897,0.6332280450335279
58522,-0.6366186058093533
27385,0.3028177209238567
19092,0.4785080490444864
225644,0.5607668944342099
22781,-0.19757369619567733
14396,-0.8058896099781947
64602,-0.4709687231754547
18573,0.2704678599556356
70359,0.3956422405455644
71145,-0.40446737727749493
329506,-0.33130766688003543
80288,-0.3107255942341576
23939,-0.13712484992093543
16774,0.3616808153139939
72185,-0.3852951813192451
13854,-0.1175796211713731
11430,-0.1147013505264507
11920,-0.23653098893358315
29861,0.48748584650529914
50500,-0.7322217963849114
66455,-0.4889079182812841
319636,0.3204904213025479
12942,-0.42027720176182726
71960,-0.4392849676280113
11867,-0.1631296881153368
277250,-0.36806537187687915
52639,0.3249368005529396
78816,-0.20963439743315782
230577,-0.3192430891831197
329908,-0.4215772425053528
12767,0.2759848223700079
66526,-0.45496821837046575
71435,-0.38137455994601677
19377,-0.29919271585412055
217166,-0.37505688275817617
19134,-0.43818254674449886
69727,0.441241308123292
19122,0.35053074108000715
56530,-0.1836295726552244
15229,0.7570212332746005
332396,-0.6171571717529898
330790,0.4078103627292773
233571,-0.2642427853324616
12729,-0.1540209358476874
97165,0.1798139703627193
12724,-0.42970431317258306
16703,0.39146949811579024
66596,-0.1595184254642632
545276,0.631986553263626
18674,-0.222685535619215
69207,-0.2778409336156038
85031,0.49430388143710324
12151,-0.29244843242974294
230972,-0.6526432237459563
207920,0.3089765345741462
18105,-0.19169120868604583
66637,-0.1939124047126386
83490,-0.28554528272031643
320165,0.16317480853543032
58238,-0.48081829341360693
171283,0.3210846993256702
23988,-0.16965501473518607
54646,-0.44375368412501626
320865,-0.4694645607306076
11814,0.2914555024070422
80912,-0.22783234404602304
20732,0.3944313760367808
27041,-0.13810438670707548
16560,-0.34545808012181656
12317,-0.13562343644974817
225896,-0.14320711485603077
104015,-0.16714986657345143
228361,-0.17558915036860867
102570,0.2807823152250073
77634,-0.2853457358142206
270757,-0.16387156780748846
23943,-0.20441463951279637
12467,-0.511813112356168
12395,0.3378263319926722
66340,0.11319318441626613
241764,-0.3959904035210502
269610,0.4405249928598596
207704,0.2946482089838689
64660,-0.14230095371620344
74365,-0.4998237912688315
68427,-0.38463195480137014
69047,0.5333919278117998
230824,0.4013967092553212
13876,0.5544426375236249
13610,-0.3734403611125927
58909,-0.36735414525155097
12443,0.47084242418952016
74203,-0.3266831832611672
69046,0.11677350798433217
66910,-0.3733366612177571
75625,0.5095231788028776
67952,-0.20641061882584566
67544,-0.44628699822452234
75767,-0.34477382759860653
320007,-0.20571044597029697
11922,0.47775294365328147
69339,-0.45452854395616926
66585,-0.2559775432712179
12537,-0.13616116214874552
56745,0.28350492612430855
18685,-0.3183085053670105
435684,0.26369209715159503
230753,-0.1998114881384936
57905,-0.16092767102589
21990,-0.1148195187957608
71375,-0.1148195187957608
67145,-0.16846459149073212
53599,0.16564915000934022
14065,-0.5121954720520097
230587,0.2842049843214376
18472,-0.11955870807395108
235380,0.36642965898172175
69769,-0.15862792013545857
71805,-0.22187546364457944
214597,-0.12169562924824007
22384,-0.24283513402551904
52857,-0.18862428503872586
19302,-0.20516764642233554
67579,-0.592444461835469
319713,0.2427643633349028
17441,0.27504772941076006
16792,-0.17162094144276985
13007,0.1321030483954022
68760,-0.2611756024774703
71742,-0.30205890504401367
13557,-0.529117042159851
52570,-0.2342982293176732
269109,0.44744095445735077
239405,0.48274238557089966
15423,-0.542419925535778
109270,-0.13799728192715754
55932,-0.1838711296934914
56772,-0.23163798663931523
11749,-0.222423899847092
56309,-0.3802856114295645
225870,-0.3441218659451457
22592,-0.3819641489734753
71701,-0.3284246679903813
81904,0.4994818423360359
94089,0.22527588816544775
93728,0.4482464009738498
106628,-0.22891847702071555
12569,-0.360616734899855
68842,-0.24221051080971012
216805,-0.20469609040586967
14262,0.4994002491251237
67099,-0.28961592451303364
21787,-0.19410387580123967
106639,-0.254843522733049
110391,-0.25961055237130637
231123,-0.18372523648439376
100504221,-0.6448223698412048
57278,-0.467643801261147
76917,-0.4841502881931614
56075,-0.18734587341565323
237553,0.4729380855959606
80979,0.4147698606370005
66163,-0.13658927197930737
259045,0.5423828792415675
237313,0.4841482281506755
13057,-0.17947079671139754
16492,-0.2671907293792266
12224,0.5235596108105618
215332,-0.3855514499811168
228756,-0.38319575559964614
18230,0.37714310093366876
434484,-0.17024627310233598
14860,-0.2046498762058908
54194,-0.18872289729333325
21453,-0.3175367023647748
20273,-0.2769718214218386
109346,-0.24523934097281064
12652,0.3729570994743798
20111,-0.18756322678371795
12322,0.3357434207465033
71003,-0.3906180785049962
227720,-0.4857906229785294
66859,0.48758627682232536
59038,0.5245013992419061
218518,-0.4762827898263762
232975,-0.24713709824350616
67181,0.1931909131830416
170459,-0.23834982073204714
16324,0.5698418176861217
76688,-0.10805371180887846
18260,0.2929957539161885
117146,0.16816437889058378
20198,-0.16305096767364446
70044,-0.419198186785386
11864,0.47868403803545867
241989,0.2970150871864261
52690,0.14439410630305538
17161,0.34744523938655636
235533,-0.3705071165917566
224796,-0.45091414220559933
269378,-0.5392013666888111
107751,-0.3776832945028543
23890,0.41205936019185874
76877,0.40778466957515747
104382,-0.4716734953963533
140919,0.4805233788332379
12450,-0.17736570182167988
229389,-0.4530359492858449
12552,0.6347097825797396
230576,0.3073142828959039
217039,-0.13587185183261852
68066,0.177476909162543
266781,-0.12639591654240334
17025,0.2803512399408916
66385,-0.1865118344793668
66934,-0.39588820707150685
242100,-0.5291915367671027
28035,-0.32766458326088355
72265,0.22798944490005368
110326,0.504333183021763
75604,0.2506615080723833
170442,0.4145986671824846
20602,-0.5921192371975339
22658,0.559054493075954
74649,0.4018075635867051
12628,0.37964204675167146
52064,-0.24302417769237117
23871,-0.21736546015605285
18432,-0.1484832573826278
67458,0.3243360510076503
20520,-0.430300601325599
108067,-0.3288937758863888
73360,-0.5953351300975043
217721,-0.5123277564394915
74340,0.17473684461011807
69534,-0.3353097953758333
67222,0.44622258147109584
19182,-0.12866819481810232
109652,-0.5027517951989413
67529,0.17756166277645669
16553,0.3367206291749625
15273,-0.44006456285317785
244178,-0.15776203928397958
15192,0.44875604857115725
70993,-0.42640850722258294
14587,0.37984360008855056
217893,0.2949845859595639
67465,-0.20670836275634485
20890,0.36139857828801336
14866,0.31442244570439293
16468,0.21363339355019306
70615,0.3889952396617762
320299,-0.5816294413996275
209645,-0.3133683840236521
672511,-0.23598090761823443
78798,-0.22754991660419854
58523,-0.2013746044516278
21813,-0.1920056973788924
268749,-0.16029537945730432
208439,-0.345661702322027
83492,0.2875743641315802
69163,-0.3247961685667855
77254,-0.15802080523324946
71296,0.43624981014923314
230379,0.4538999203435363
18087,-0.21059710324907321
72129,-0.34749504493609606
320717,-0.17746707305885323
51795,-0.4453321771397074
54384,-0.5246610781826018
104271,-0.6546133591518206
233204,-0.20155444934753675
20674,0.4383589124277556
217304,-0.25600890935337084
11555,0.20972033410000268
22782,0.34474085465828797
74386,-0.2271345472017341
245638,-0.4805090619109418
11875,-0.4264906328382274
18726,0.18864231231743744
72042,-0.20118509339969215
93735,-0.45952135552057616
233046,0.3354802105238983
20430,-0.46794295033642985
54673,0.13229738064882568
212127,-0.3845938435548648
20617,-0.17837776870856814
17476,-0.20228334248295532
217738,-0.3542523253089813
68666,-0.391315708573746
12902,-0.19050420069841145
52357,-0.4942315979753831
368202,0.3392520688869203
72318,-0.1733622858279471
17355,-0.1554061071478312
217866,-0.47131183996595993
78593,-0.5302239948614096
75957,-0.403661135585347
67933,-0.37483032628817803
57745,0.3755549056200138
104394,0.4187458477125272
20759,0.4110109755412048
74648,-0.3640164704232651
18247,0.11244215181135075
68344,0.39832835336071515
72789,0.5244865735866666
56515,0.18697548153264254
27354,-0.3991857471909146
67070,-0.13972874769327603
665891,-0.46850679339982637
29810,0.22916181225373933
50758,0.23304462215513322
224907,-0.1924415497507841
192970,0.25241223800163937
229706,0.5545265857459354
68183,0.13151693502897466
16527,-0.31519774112031396
14155,-0.17193117652874612
18220,0.15542362579231828
320635,0.36797414219889246
140741,-0.2939188392662384
75786,-0.20188556873041996
19713,0.36601430868842755
433864,0.17974615063913646
110805,0.5067383037001365
241296,-0.1552698574377125
230936,-0.39716278695629814
17427,0.20227631592246897
629378,-0.5253111276044686
18424,0.44943514438296184
72199,-0.454061203826404
216792,-0.38361729969479175
18613,0.14493541762342588
258776,0.5407485973784039
16478,0.12688892498419868
270110,-0.17962352316697583
104069,-0.4227323939555734
67446,-0.3213958507560495
17069,-0.2034106311290902
16691,-0.721864950732586
76524,-0.371352391941862
104174,-0.4865135605195299
74766,-0.32272413417489787
75291,-0.4685214135053304
245049,0.4264127920514751
268379,0.4356435923541566
12177,0.14769832553931117
67219,0.30406430180005817
19652,-0.23946496942505213
12036,0.3070651973000018
13660,0.10867592331027076
14004,-0.11162875589849186
435815,0.36397539283700997
13434,-0.28468393458892916
20846,-0.513895254407732
13427,-0.1958960530071483
23928,-0.4029030831696536
107733,-0.1518570493932767
218581,-0.47005441086942845
71865,0.2891818881797512
12340,-0.1352753784662415
20866,-0.12956505362586057
66881,-0.3520388836195609
239126,0.6063850045092551
226304,0.3190230963861138
16773,0.3734408536277716
24013,0.4626915611529694
67138,-0.2638614301570703
233904,-0.30140640089895765
217695,-0.4379210823350501
68737,-0.2236121252401162
78929,0.27588235507229353
75692,-0.1632883025506242
17918,-0.32074235306551113
67586,-0.19111382538510746
56350,0.2121571137429168
320790,-0.22416136531171738
50496,-0.1941281704681277
227095,0.16180233310780157
67490,-0.4008747612259729
74437,-0.4795761791644777
258441,0.4120677148655849
225131,-0.14748444251555348
211556,0.45328057156885926
14419,0.23251546524232491
17920,-0.5255277773085352
17993,0.15097164027221588
52837,0.3890571049610756
56452,-0.32134826417290174
268345,0.3837323204062173
12903,0.47011318930454316
268878,-0.44535819728738435
72949,-0.5726070548488282
21337,0.26358890596866225
14761,0.3704910864490616
432763,0.22676045049122528
74734,0.25634356435032046
547431,0.24530484658143248
66113,0.33630187899681374
269955,-0.5401781676359434
242735,0.31998551772509565
240590,-0.487845763337865
72514,0.39627883387899665
406218,-0.45136366988715526
14407,0.36973971380149706
53897,0.525234982633453
13709,-0.19039990220407077
212980,0.1705903116014813
381107,-0.5756945797440904
58186,0.27049055519268705
20853,-0.3981322149800448
56412,0.11970453400225622
329207,0.6173841493992556
243312,0.50512710577686315
83383,0.3113824697872518
14815,-0.14870930115895398
70977,0.21686799587332484
56395,-0.4401443603143367
105245,-0.31567450352609683
81630,-0.48052630155463927
72323,-0.31676673751761086
270097,0.5083632128206896
381314,-0.2484978030495597
211488,-0.4141771111882848
230935,-0.1943312241126538
21754,-0.1292319595178295
74375,-0.2083096829639972
258944,0.2847571505379194
14719,0.1648842849353045
12289,0.45440944465706945
14391,-0.18225269285106727
14469,0.22670126550973357
16502,0.3658586270670474
396184,0.33979513476379086
54615,0.21388342164846108
223922,0.21388342164846108
22284,-0.2886420536569725
21687,0.47712960853444386
93687,-0.1353455600233442
623131,0.5670361335919942
16765,0.3550013079472336
232491,-0.4269937868454825
69226,0.5872569239378582
102566,-0.36512077769821527
14281,-0.44766955749827186
21960,0.6002456277132078
15430,-0.5214691912684026
22129,-0.13024540575161048
13237,-0.4464402478726357
75590,-0.48858713204066007
94176,-0.20290512760924972
56274,0.2844056434080482
208715,-0.14239207580877888
105847,-0.19900828732200893
29808,-0.2763176545134227
67512,-0.16100246487728498
235344,-0.29116434371420397
338337,-0.5125914415807333
210582,-0.3244585576943235
20911,0.14163964689804054
94109,0.44085993394157574
381760,-0.27255802620707037
259014,0.5180003905745361
228564,-0.4298154376526364
226977,-0.554891512073616
209815,-0.19222367915966831
20016,-0.16357524609558816
26878,-0.4814170899277568
383348,0.3272762905512048
70392,0.38530216883936363
67150,0.1823307145684101
18506,0.4343031197578977
229317,-0.4168153935375214
69260,-0.2725839536190904
17188,-0.4350311724667044
73712,0.6756129187798576
69312,0.44342270783544
71974,-0.23876475746563308
320632,-0.18200938870669425
102141,-0.40206756421789436
209357,-0.43071302936468214
13822,-0.35759401780131217
56275,-0.22082146064175134
76701,-0.3580893608077913
27052,-0.38497361789317086
110886,0.39713257492562626
16198,0.4627407650471014
16875,-0.5519907847606076
208846,0.3522357786295389
69077,0.13823559582482048
668880,0.25935461313348096
67050,-0.2864510692184741
67019,-0.2906381000265208
13642,0.4240532844328819
66213,-0.21574006399394996
79455,0.4796826022041576
18516,-0.5246895459606851
74486,0.3509185677132409
378702,0.09202649373688487
74569,-0.2208346202354985
67064,0.16623766597506417
69129,0.3018073836030002
216848,-0.19040250239855716
15511,0.4438445164519442
193740,0.4438445164519442
241303,-0.17617425046045732
14663,-0.5521683058039071
100040201,0.29783343900764425
320840,0.3589675403174608
195236,-0.32025421056939507
19293,0.3972899973957116
234582,0.19972261700120963
27402,-0.34036320647687557
18115,-0.17559229677521593
269060,0.537570574278154
70892,-0.3701536992617105
192195,-0.3442245328439588
241391,-0.5300222449155463
232836,0.3279986716080492
13617,0.43816468488407434
258218,0.4078195447523907
19731,0.3102717719122392
76577,-0.24738171796893305
219026,-0.30685422902943316
259051,-0.47795279614416764
16451,-0.176607853693028
18606,0.48459301080360895
76897,0.9896449803204979
243621,0.2527285718489143
56742,-0.42415490217909824
107338,-0.3694103484701827
12309,0.5800749566016132
80857,0.5536126476973404
17768,0.23392638697541557
107885,-0.26907071029294727
414084,-0.503702400831747
11836,-0.1568611942509861
11640,-0.4845715407132669
50928,-0.2432988277904906
71474,-0.27941879508443357
241727,0.33628691298549285
22433,0.1323283022481263
319848,0.4138949618200236
50774,-0.4645591801975222
236920,-0.42564977645223934
69962,0.2963948683353319
78779,-0.39129040614510036
13836,0.4996834897403506
18950,-0.19011848411929044
20658,-0.19263121171152875
71978,-0.23731399311639478
170935,-0.4794186827291469
66105,0.16812770013286915
235504,0.21398477974053343
13077,0.5104259423361563
52245,-0.2782909502747417
244667,0.24207715268969743
26443,-0.12489866842270558
18571,0.16581049571309592
83669,-0.2500158563242847
100504446,-0.4604573289987668
258322,0.4934081161932813
109136,-0.17961723973628096
76784,-0.11647483880112652
66985,-0.1257145474120236
23924,0.1274018795644185
13661,0.38448139940797255
18797,-0.38271461306591714
15213,0.44078412847813375
228026,-0.326453460877258
67897,0.1926264622339513
215723,0.5424900833044712
71198,-0.38335345762976214
13850,0.31483764457998387
20103,-0.11099147391991693
382423,-0.12485199368603084
217431,0.4694448320763165
60345,-0.41974522470452014
70843,-0.44855148250665877
13448,-0.16451341651122142
103655,-0.648697029901256
99237,-0.22290288829350313
12449,-0.37005529191984543
69664,0.4759160440341823
76179,0.23873078963433425
100041096,-0.4127057913134182
22637,0.1612604302910139
23802,-0.1164617309115421
353130,0.42201772740106946
22253,0.39231305965652297
245671,-0.4176941778440497
101488,0.539557216488801
19152,0.44944412037277104
403187,-0.1727673369924121
93877,-0.4025290246301094
384557,0.5090345850874431
217316,0.26555124170045286
14823,0.2923763202748506
269608,0.41272094206272847
214952,-0.14228924224818584
67681,-0.19566795454678676
217116,0.4322814097386427
78444,-0.371093169344185
12812,-0.21818361265243968
170767,0.3701726476230709
19106,-0.17367333208269464
70579,-0.13196319029544235
667118,-0.13196319029544235
246104,-0.4317975252640025
270091,0.33730947512277254
74144,0.3834058150736426
84505,-0.4493181996347184
14362,-0.40936711452550023
664799,0.3844160953279916
67868,0.3593968418762161
20756,0.46897511800813607
11370,-0.1191171230733179
70882,-0.24977637786766405
98758,-0.16818322696390808
21944,0.3921485511696492
20901,-0.26157568553033084
234023,-0.1413247434479885
68047,-0.1346473512711004
228980,-0.24152938268703572
12837,0.29427839258490707
14060,0.19638403305585905
170725,-0.4532703801240756
77097,-0.2819405339960359
12889,0.4224040620541589
213326,-0.4771064516241479
18021,-0.2703423221289958
106583,0.4610013265281694
78651,0.1679426104240367
19224,0.2335003780440914
72141,-0.47074124454516264
12235,0.19827047230778838
67834,0.18879889624235524
18352,-0.4758176153824971
18102,0.15722678914541355
77110,-0.129306195715726
67874,0.3932404376848151
84036,-0.42102932023584483
17129,-0.18260090603999224
16173,-0.30024973827665047
237934,-0.4790769411972544
104346,-0.401222868068972
74019,0.434609590576021
235661,-0.4797346939608502
11481,-0.33663325991409554
100340,0.5599089550406919
66857,-0.2329219083989944
668110,-0.36983547122150817
170738,0.4425311192786152
14872,-0.35309041782355166
13383,-0.33336077076244663
21849,0.1447347822250915
67610,0.14281285540209065
12723,-0.43092738277714515
66508,-0.1356835615986789
20754,0.42518422871128925
73844,0.4816634338309247
56513,-0.2606451955062292
14161,-0.41865345024072287
68350,-0.2562088941720102
381269,0.5346511275476145
15204,-0.6152766497728024
244209,0.3618465110304889
241547,-0.47798536397108915
17713,-0.10335307889806877
238384,-0.33171098483493555
70767,-0.18924880158054158
434197,-0.1670660708562952
239731,0.5576919728869858
223773,-0.18693196384591104
100503041,0.5006823755326222
217715,-0.12084950946053397
259302,0.4438800768587443
14198,-0.4250013032865203
212503,-0.2640570842773293
20280,-0.12842534075154965
81840,0.39953473309260445
329178,0.3397134033758453
320802,-0.5100838026342105
101497,-0.21510256992409005
70683,-0.3355898271801907
107652,-0.271249539066317
57294,-0.12794155480326097
81006,0.42036601115099437
17245,-0.40029473442557695
14378,0.4419030688221781
83885,-0.4774351526121774
74438,-0.3846771655182284
58214,0.4348990802528654
233208,0.128384832801812
26444,-0.12860570750656386
68338,-0.3312572860326144
75746,0.3104656672210586
24010,-0.22515779583429918
66834,-0.11821242227048501
16979,0.4695826968724268
55960,-0.2733048009051009
70696,-0.37415895926845355
83815,-0.1532356468380085
258933,-0.4768487267909647
240667,-0.3358026308167812
541307,-0.4435496337658109
19683,-0.42086098155153673
14772,-0.46447154858971906
327978,0.43890209448959183
56642,0.34853245612979844
20191,0.4865143228920279
72310,-0.15522172743743567
24044,0.11646962609336775
68938,-0.1440965181326579
258281,-0.28725140602419863
80707,0.23930402120386063
75388,0.39009127054432735
208990,0.20161697519474853
93843,0.3080292020122233
66168,0.19214130579938704
13542,-0.17313522090893496
74043,-0.16378315509818453
14634,0.5142088285334294
66069,-0.2076253795372187
66799,-0.32454688793121367
74276,0.2795227390366115
12962,-0.31578439062048336
71481,0.46432795883804356
56305,-0.32506704678048237
52202,-0.4435931660214685
332309,-0.5241381936115848
80906,0.3870928868553012
71338,0.49080127939848817
58244,-0.3464328365522693
21356,-0.13359836614514897
80752,-0.35929936507662497
15387,-0.13226860602286727
234515,0.1570915182862418
53332,0.17186110111337172
14863,-0.35291503741853436
18972,-0.5051697164516105
17345,0.43770188976198376
19896,-0.13613717149216242
52705,-0.2759926183035679
69181,-0.3135682973956797
14775,0.1673360679003686
108645,-0.17488600652374586
332175,-0.44419752725591444
54218,-0.1657844158923396
16680,0.3957136675039945
72094,-0.4261355344871274
53761,-0.23638300216200303
69195,-0.38330239538718125
18530,-0.34005912748048583
208144,-0.2989087843382716
78913,0.3748396105038978
100336,-0.2592531775944291
171504,0.22657594780556956
58887,-0.31659761672690223
329872,-0.619435195534813
633285,-0.4525256017663146
235631,0.3670336744739515
16570,0.281430275119364
259122,0.31077056637477085
57028,-0.2663432566431654
223970,0.25880133755828894
13394,0.4091105071785268
11840,-0.1564432614373299
20758,0.688421461369352
22051,-0.18810618636977772
19951,-0.11050026126414814
69568,0.20321825084093526
17970,-0.3225691036953151
258206,-0.40494960060938023
22779,-0.35261044192808644
14394,0.37718719999962946
229715,-0.47417674263739773
217337,-0.1798885244226387
214084,0.25613458125912025
20474,0.25674962460918493
53330,-0.18664777386954778
68059,-0.12147873805974285
22388,0.11006863008291745
140806,-0.644296189076552
243385,-0.35713849893964067
75736,-0.15817123755847096
21406,-0.2122934073361975
93692,0.3221921737724287
68052,-0.12692225688237713
17301,-0.41743443379698775
56358,0.3774088963284603
18163,-0.44525241980305674
225339,-0.1769986293784669
70605,-0.34688835957158837
207742,-0.24495052811556395
56207,0.11783109153175353
73809,0.40295595092323655
170742,-0.22400219481886996
72544,-0.16240100997523932
234094,0.29023211257236703
14406,0.4026041444231474
21983,0.396324789992482
56316,0.3170792109895313
71816,0.30646805679846345
241576,-0.218853643411153
19059,0.3912741567049167
11858,-0.4909414621486654
67717,-0.4052104900572058
328424,-0.441192931834439
226751,0.5347083835059543
228607,0.16100895678484584
233908,-0.24821718977873353
22591,-0.21813342191194174
26370,0.15760549651526468
100040608,-0.34928981145671134
14912,0.4883781815431969
236690,0.33016616446793545
21855,0.11216401417793875
114604,0.6144165116241851
71148,0.2699069791154258
67122,-0.47209308741858624
54448,0.46080169651274216
11998,0.3345827390002145
18232,0.5197034621953711
22329,0.40892904822505516
235130,-0.279846298263021
64652,-0.1843387703350139
12986,-0.10733508549177628
233878,-0.22223674835723806
19419,-0.16082008620973554
238726,0.3401811149888774
11980,-0.16350959414906807
232341,-0.21136109499654054
70799,-0.21459191110917963
56508,-0.44075039720737585
72615,-0.40377683095404304
18541,-0.2616381294857746
11425,-0.3860110151311993
238564,0.4038823806974716
213527,0.6561827286043012
117198,-0.18689226184027952
24001,-0.36787256296567783
52468,0.22226543543102117
59090,0.15512777476458872
73884,0.3870573888268134
13487,0.380759534210108
69535,-0.2532738866409545
11964,0.12927048288663912
16648,-0.16511443194618902
59125,-0.11245542285389831
107732,0.12427574678262943
11906,0.4940203044928433
109245,-0.28303132476638027
237387,0.5926496601370639
101142,-0.41449480943850503
83767,0.22110760058606793
109674,-0.1472830588013352
27049,-0.1855337898657945
13449,-0.1795969195416891
237831,0.4470641273255511
75613,-0.3233934120273174
12460,-0.1357919517563264
66235,-0.1205294213509287
14462,-0.17585100855981395
14109,-0.15091185883772873
17910,0.4860423147341537
227717,0.4500096851622333
14247,0.12270450589636894
100042785,0.38385063374657946
80285,-0.14532736421694104
14923,-0.12726451139176298
68493,-0.2100548692081885
634882,0.5268732100997182
18189,0.5134286804269674
60595,0.13883771295939873
266744,0.5010492528432424
68667,-0.3568247004031111
217069,-0.14040647705543918
12845,-0.36015619207520366
77627,-0.4315472056451184
14171,0.31269526970834294
16162,0.41866597679923423
237403,0.3760249164596017
108737,0.1783296275530919
15891,0.39860579720658995
234353,-0.32759992052198417
14911,-0.1736496579123319
232371,0.44915834018623624
107975,-0.17865031816467436
110651,-0.17736994819090768
170719,-0.18185572116123083
17318,0.32154510925644875
70129,0.48112053442484326
545389,0.3337313932231254
14114,0.3351794993009065
68764,0.32694860733671227
13401,0.2237213346737299
117229,0.2223580573770274
170461,-0.38514989153012547
99296,0.48469978435004446
67473,-0.46576471216600224
18791,0.5070126429233195
107065,-0.37021143307789206
16705,-0.43960875858637394
71751,0.22789722107651667
18392,0.44780618179333453
235628,0.3742349035072241
109006,-0.19488515695444875
67870,-0.35325800854513467
14177,0.4940011721854365
20689,0.4627601225301321
56501,0.40335673439010744
233979,0.32395225806566685
66152,-0.12693075837642276
68137,0.13942123508513315
11426,-0.1663294312888155
75404,0.45850290630995927
329941,0.5227501256454503
268297,-0.18125465460380674
66447,0.3656280831933767
70428,-0.18273620001817736
226982,0.3919808539509222
235441,-0.13783253051444078
20873,0.29471580038410217
14311,-0.3773908965686461
11870,-0.33650481970265966
216188,-0.2750263172915881
74032,-0.2949659442997792
17701,0.2709383437966615
68135,-0.15156373528521527
66513,-0.12897917792921554
73893,0.34232494448676665
16536,0.4426547814889039
30952,0.4806734016594394
100532,-0.24581696311948242
242202,0.27318730087254117
76709,-0.1404066480761088
380959,-0.4179897471744516
11804,-0.12496682025393291
58991,0.2703440455295505
24004,0.3821081805327431
54403,0.525231626926578
66595,0.34637623651817595
258027,0.36445935618798186
20957,-0.36178386235451665
70314,-0.17924682463847574
106489,-0.18772505686465024
104303,-0.11194324439031433
83925,0.22889124014325724
30954,-0.1860924435606197
22294,0.1337467467026574
14432,0.4056085202885571
108657,-0.12120955614850892
114601,-0.13785016336883338
259053,-0.44706942750150125
66667,-0.45743989630638815
225724,-0.38538421740215467
269209,0.27327791720059835
140489,0.4017446436068588
73940,0.3694387288929435
101869,-0.1280316448262635
78808,0.41057791044724645
18211,-0.4826262996779298
54167,0.13169135269472854
52184,-0.44491816514173577
56447,0.11690550252914811
18241,-0.3972083836285405
223255,0.14292289565798377
20044,-0.1284315498133246
380713,0.4164800639023025
76089,-0.3261226360976037
69748,-0.1311904967300439
54633,-0.10239056425517923
381175,0.4689379414145205
242662,-0.34915590388316264
67011,-0.20771186171199485
23881,0.272146975573321
101613,0.31774465924750483
69257,-0.18764291191146665
258608,0.3123553684889453
20538,0.5192901676971338
93742,-0.3242568750172783
11727,-0.3495255486018154
110351,0.4418905743358552
12816,0.5454567236953816
23989,-0.21434130292325904
114715,0.3111603144361279
171286,0.4184062866858378
279766,-0.13500634192673733
27756,-0.11958241013061688
258039,-0.5011546331859997
17242,0.34437980241248756
242851,-0.36068359063943056
19291,-0.12056732873366904
232313,-0.24981853114616115
75495,-0.40452761525900316
238024,0.30645306879247514
214444,-0.2120699853686876
71971,-0.44870084966521784
72826,-0.2708679137618386
13801,0.42559134458868275
21835,0.4679995397033734
93880,-0.3159022987140867
330908,0.35374392241459773
74094,-0.3319749654556716
227683,-0.3553131462376671
11689,0.24889042600043965
16370,0.2668261442252158
269400,-0.1553786511575037
19365,-0.20499489253589243
235339,-0.36554691533564654
67381,-0.21688448415312322
170460,-0.3884168597492357
70349,-0.20003071637197678
26931,-0.13364347966188994
228775,-0.3527460839963288
17391,-0.5027500285578355
19290,0.2306538442237862
104445,-0.4755128600947218
72039,-0.2779421069800403
16552,-0.332309511999052
12497,-0.2216906333315647
67287,-0.12489114249424382
12908,0.313414120556887
72351,-0.14541135814558626
78937,-0.32641942612085906
319701,0.3613486857424051
19650,-0.4573756988119557
240084,-0.3570144952749672
80905,0.4532198659305928
74761,-0.40041681396146167
20306,0.29091609250207107
107734,0.10188948641580353
67375,-0.3178601240310863
93737,-0.1537008884040887
20042,0.07780542941310387
100529075,0.07780542941310387
70118,-0.3698420451434741
66724,0.2954137098005276
67136,-0.21247140372776308
67608,-0.1949550333337733
50781,0.4598190453721429
71745,0.37922502946848446
269999,-0.12122016599570529
213119,-0.37129625291834945
68339,0.17328132443969757
12653,0.24020261643050667
72281,0.3866628119976534
217674,0.4656876945327495
17254,0.11712771887298068
16665,-0.47928005402263896
100503884,0.307229240619439
15412,-0.28581879687191236
214791,-0.3300529533618093
14343,-0.39549110862894077
545192,-0.4435500963516472
66505,-0.20432422639690984
73998,-0.472683023629469
12696,-0.24343183457325068
213409,0.37235381221521147
20480,0.11688715404879346
67279,-0.39288380096376674
67917,-0.37777618978518834
18035,-0.1310386634347811
13665,-0.11658592322330819
20618,0.38579855177191646
18013,-0.32040209090263616
19360,-0.35128251575738645
107260,-0.18514531381108412
105501,0.21330168746333555
68214,0.4193618302213067
73680,-0.37206676018480067
19679,0.19237669931522028
12873,0.3354665154164307
72572,0.41264515871588525
328949,0.3576722655159963
20423,0.18189002783645503
116810,0.5242817925700991
237091,0.28930238838395317
110380,0.3920566375910335
84095,0.26908962771288536
13124,-0.4076786811963369
320633,-0.5075470339424486
109232,-0.365034469720678
210998,-0.19509072436174613
22326,-0.4353120858176327
114332,0.40998698697431646
252838,0.3279625659207044
67516,-0.27551198209358185
117109,-0.1669817600240986
260296,0.4479661861866031
229574,-0.41647916532865015
98388,0.1597923924071969
217835,-0.3481513336994633
66492,-0.11778672151593739
20655,0.08428907748698933
241525,-0.46789832892430283
77836,0.3027984797365004
67454,-0.5017787399591862
17385,-0.37409373844543037
225875,-0.583345035126098
338372,-0.4816702197885503
216877,0.1342112821778798
80880,-0.29526201399993646
252864,-0.37692309565162896
22722,-0.20719374685885494
140475,-0.3813430166299674
319944,-0.24204246056286394
331487,-0.39502901957420544
329581,0.34248277008496686
67980,0.15943279828703627
12301,-0.15547138437052332
19208,0.5406018689823924
75425,-0.18674613388500383
22228,0.17104542075936102
19661,-0.16616472382168013
77090,-0.40667056653476585
53893,0.14078485336753488
18741,-0.35480943217398275
50753,-0.17071477638636257
242702,-0.41537411657925727
18946,0.43064502948576333
17760,0.2310681044566829
18700,0.17820819951328204
57756,0.27822970461918217
15967,0.3709992072439876
242362,-0.37713328374602817
77733,0.3519788572242071
234366,-0.16026446565412833
69305,-0.19013285065133623
23980,-0.12411394840012768
21778,-0.33744145142647586
27357,0.14589651413272087
17287,-0.3833616666347819
277898,-0.4026286364139371
11546,-0.40750127978713824
595136,-0.11797865476045821
224619,-0.14095400247738255
319415,0.5516813795160393
98363,-0.35004447708895325
21335,-0.21773070003730144
17931,-0.20522995669904276
140810,0.3965056037151662
244867,-0.40772240473543064
56805,-0.2919754286068841
17425,-0.35783388645811076
71835,-0.24793493477712225
14936,0.1839018466639324
16185,-0.18376752223727522
70661,-0.13068235141202855
382113,0.50706322258814
20657,0.42900055907417123
78895,-0.3751496483065191
72429,-0.46042597246699213
320508,0.3488210515188417
74374,-0.35155839993948224
268903,0.1347231650776104
231637,-0.3983826702947759
15285,0.34353941841638225
237759,-0.38148362135405467
208426,0.36055165738041106
56096,0.4537134126890785
11798,0.17494036566855975
22632,-0.1130297829707505
227290,-0.11921344059688721
230678,0.5109932423437566
209032,0.5003803944855076
214469,-0.18389259710671269
52530,-0.12768097421528246
70560,-0.35404437397202493
116873,-0.4302559997575477
74108,-0.5062307393507197
231464,-0.19517513744591852
72482,-0.1194132869295359
11770,-0.33921286595796474
71932,0.11925663753297222
216238,-0.41352691627749927
233490,-0.13203779158397033
21951,-0.3543525499204039
12012,0.39466697597367384
78748,0.3677102604351199
225518,0.3492441687417922
19099,-0.3864423381902373
19085,0.2937876078953323
381903,-0.28763708870840965
16573,0.30803512337577654
12359,0.18289510147486965
50493,-0.14428542290294466
97440,-0.3438138868773022
26420,-0.2610717652929777
67976,-0.16773202556335143
53890,-0.1937580658516982
67568,-0.33027160148953794
243867,-0.19750173160235462
66106,0.38965966606375835
66165,-0.13956151373825598
56459,-0.18761645470607036
102774,-0.29239171229602245
100273,-0.17682290109075272
103743,-0.5188229217135132
19046,0.12465107932999686
67815,0.3625733915922629
13618,0.3999833007393381
67444,-0.12602926069670595
17436,-0.5154816180854009
110639,-0.46002653359410584
11831,0.497564315726696
244238,-0.21252189130962496
50996,-0.19465654632609386
226090,-0.1830251773500935
18430,0.24885054294728626
232164,-0.30650545882640845
76886,0.4507477695300781
77532,0.29313402768878394
18483,0.18889451641186383
12566,-0.3769783496563992
20394,0.12416642670169153
11973,-0.1155910625463914
258914,0.5176044808787359
209776,0.2681800125712259
22379,-0.2953339726553468
271424,-0.3394068765030438
81905,0.3440138147944589
231214,-0.4118438791678134
26425,-0.12683414435737816
228787,-0.29428642446986464
227937,-0.28173559104906065
266692,-0.22801728221063478
263406,-0.20744738076330904
68337,-0.24099253394376596
53614,0.36963977852270347
380718,-0.31810799831977565
16694,0.32019818413417855
13486,0.13063300923649024
14387,-0.18025686896758586
71765,-0.1549349794093935
224823,-0.1549349794093935
100504689,0.392470342090415
71371,-0.17475286442536841
381085,0.13555152504514112
330485,0.31240002370564657
76757,0.4009146766349563
382253,0.3747773461785009
84506,-0.4007636026871624
269254,-0.18987678014641673
18642,-0.1806874824205753
107986,-0.17940078502718926
14479,0.18567872500363158
14359,-0.11900929751753786
52466,0.22266960408175152
12035,-0.55465124130725
56347,-0.1626214736970013
80290,0.15921942386263943
23967,0.46204976797864106
14645,0.13072251202058105
72236,-0.5086018729034025
12563,-0.40488699418102314
76441,-0.44937698549843397
58179,-0.3432910480288802
666339,0.2886119960857836
20787,0.38942257966736626
14073,0.42920469813231943
213895,-0.38905225179491154
68636,-0.30837248400085304
105722,-0.26067282403085645
13074,0.47208199804038387
30923,-0.3968171889662586
68796,-0.1312951690968589
77559,0.17210160054783952
16165,0.3688813820406458
16206,-0.35889744166792514
18025,-0.401276623590074
14159,0.1630705328229709
16988,-0.152964031216003
320808,-0.4391803950307054
20532,-0.4721270130121429
66884,-0.15517656890713027
211798,0.36704301975263265
12959,0.23355754525884187
13177,-0.12311945944712832
105014,-0.30247452781765904
102747,0.3462184806965074
246728,0.20470858343005283
116701,0.2130619039964241
100087,-0.25993728668055116
93721,0.37202648944553296
21390,-0.14030698011257492
230766,0.3609229606362705
68891,0.5057778915145166
20840,0.3815319845422902
109181,-0.2721545836091872
72590,-0.2057051574974409
26961,-0.10176628060186665
17300,0.3108521948833891
76952,0.22116354952663464
13866,-0.36519920653685034
109242,0.29629720745415256
27276,-0.338180575472518
67121,-0.4105238307706425
104816,0.35557492698708515
18285,-0.5468152123258312
75739,-0.40680704834498105
223499,0.19603760022393413
442829,0.18405408350729324
72393,0.3631909473751165
319984,-0.4403941935276334
67196,-0.3846680162058975
242726,0.3503776976556141
244373,-0.3162703039573538
12768,0.4238012292330895
65107,-0.13050594249871672
15485,-0.3460124814496628
67023,-0.13787077093939182
210673,0.3884440139233414
245867,-0.13483130861301795
12466,-0.29146514487700514
235633,0.1422040788859409
56208,0.2250098281319115
56847,0.29165470341447675
229541,-0.13286641403995425
50771,0.20647969658537857
215274,-0.40543365055848257
320116,0.358105841931013
433292,-0.3161499012963187
67867,0.12265432773762086
404242,0.3602447991209159
320394,-0.40907310615831705
14660,-0.17615110417424162
216860,-0.12026892390013977
19296,0.19500595450508307
69017,-0.3898509540965569
24068,-0.11099249580213666
20505,0.5314320907432295
22194,-0.19757913034285757
16199,-0.3860875427026258
329384,-0.3404973856477902
71746,-0.44515979983832477
12023,0.4959338089570524
76781,-0.3874184571814787
68332,-0.14812344977662129
338362,0.4239393259411104
69787,-0.3048046500671666
26432,-0.4306196537255609
353188,0.3714949155499614
217980,0.14333354829000555
268706,-0.19746041811528237
103967,0.3253542809039347
102626,-0.12476253596912557
18004,-0.33960424662835376
22775,-0.36524861466550185
59046,-0.44823466012176194
17966,0.2619640078539218
12310,0.4083775140095227
229900,0.16535275477636358
56699,-0.12743444839671092
209760,0.33665820047326145
93879,0.4483707838671731
21682,-0.4006464349929839
20388,0.32633407558701233
218543,-0.21760993380112303
387285,0.41279601344472683
78304,-0.12235788406338166
68035,-0.16457787860450424
12613,-0.269772286853053
228357,0.48018698535408477
52838,0.14844254143404356
16980,-0.5274364631946717
217480,0.32830848141910796
76768,-0.3679428101627904
71103,0.34083971708304084
225876,0.238363168176698
270163,-0.3747805943174001
109778,0.1661130271444451
11992,0.20764795660838864
70078,0.33716614442117443
100689,-0.3404273599398242
102334,-0.37463037076184236
329152,0.30915892149899715
26971,0.26853396636292715
15170,-0.19333097013191924
12293,0.35502834028537045
114249,0.28706347679678323
77613,-0.32688489287518685
50850,-0.1029243055983482
56437,-0.3439967476222563
17203,0.28461891440420484
544791,0.45829880983061067
64383,0.1002447234712065
75530,-0.33624424119048957
22320,-0.10579559786390291
12421,-0.36405388464936905
230657,0.357372227470945
218763,0.3503970524769766
625638,0.6862444605717273
13135,-0.11580780893219433
12741,-0.44819692704198477
71888,0.4415016789219366
26921,-0.12327735133814244
69453,0.48030275803187417
215001,-0.3927206443650775
66454,0.22999150802091428
26554,0.12824423420958375
66932,-0.23546065217552403
21912,-0.5213228811293891
12502,-0.1667136942709977
26896,-0.14570608281605057
277854,0.2401416889753083
235604,0.40960323115659225
71151,-0.2519805068362029
233033,-0.13641647555174252
319604,-0.12725313881017541
11604,-0.45591344856351235
11495,0.2502053984583288
29866,0.4098394939906562
30959,-0.5840715600755075
81701,0.1421081496261527
17172,-0.15589143737635602
269514,-0.570019191781002
100039681,0.3642373703638997
66913,-0.3221594739530804
18843,0.46283495622226845
231452,-0.12730032458400764
239796,0.39167072808191206
22695,-0.37807466864609296
18426,0.426256225090202
218341,0.3832477504122016
76857,-0.3056974336322087
54447,-0.31491706931190677
20347,-0.48885461764713245
67455,0.3673211482575498
233813,0.41881274822779435
236266,0.3215283850691524
18768,0.15610906126203794
64138,0.101364580264379
16425,0.5211223049619451
67345,-0.12389053695844687
621603,0.2757824621523426
319322,-0.13245896019643943
320208,0.24504396270855544
238330,-0.12588864933332644
21415,0.46952837139703263
57319,-0.17530839474152415
22787,0.45554716790439187
58867,0.2808038981395047
235315,-0.28494456226015163
195733,0.4811087229228157
226781,-0.3839088489633711
20262,0.4396570017102217
22770,0.29215759566542143
225187,-0.38379775067113897
93838,-0.35880963071585326
69912,-0.4557570018670951
109145,0.10408959318647426
230903,-0.40412445016482046
73010,0.4787220752003183
229302,0.35474422597268074
114128,-0.40635774195240604
319478,0.428265952503617
223697,-0.11400059968682008
13170,-0.1562081814370142
75605,-0.15172328595033946
18417,0.3764958655287378
331401,-0.2297404029097878
239985,-0.16131282331097907
209478,0.1425551622429735
27878,-0.3111907510964018
94213,0.22935002233368085
74362,-0.3969418397430169
215456,-0.5435115798858305
65963,0.2004880386704908
105504,0.10475227035550638
22668,-0.1369871800712108
240518,0.26659351374949036
56294,-0.32915698704887486
18933,-0.39059973734473497
65100,0.35893329691514264
18935,0.45803307721320063
320720,-0.2841986190704855
279028,0.36264376087653183
218811,-0.16947300941808052
73068,-0.16947300941808052
243755,-0.40832976948666655
72124,0.1903883452376336
258935,-0.3619278330107365
105239,-0.26799629210584364
330812,-0.3102672148658234
19073,0.1434328235681992
236904,-0.3459432160824143
67489,-0.25710802004729594
19144,0.3870005783378705
242316,0.35483566468240024
18994,-0.3198687879535349
56739,0.17856366706984073
545554,0.4763664782652963
68943,0.16964235298544317
382051,-0.18484539296233216
232339,-0.24886907402207115
50917,0.18215634643882161
69804,0.1069017324910142
22427,-0.31475184847629745
74561,-0.2734535826952369
22360,0.30592715886984134
21981,0.14136331476893815
17846,-0.1621209329760518
98221,-0.12585431483267406
73124,-0.3159797721911808
67337,-0.11952640930073422
76041,-0.22771755145640604
12314,-0.1590044245472857
74521,0.522618013876917
11837,0.07068822031234667
26361,0.2651781477336792
22335,0.09365240814782716
229663,0.11572001004684473
18176,0.11572001004684473
12799,-0.10063484365206676
19133,0.3546068905024482
270627,-0.16934036892580462
219228,0.5483138626503461
17906,0.4374220147496528
233271,0.3701100323709925
269513,0.33858806223075
69554,0.15149153500211732
50914,-0.31856087379528875
74918,-0.5657994763121259
69187,0.10693352115546162
53867,-0.3989973041131889
225215,-0.21214441092941172
67211,-0.1343726524076736
94065,-0.11443789132829352
55942,0.12425776629367924
16974,-0.1757532246384983
15117,0.35603861284323646
17885,0.31944710523880104
65945,-0.41367515344929373
622320,-0.3002510637946294
16907,-0.12650304186131578
30055,-0.12650304186131578
110524,-0.30315726392832953
68612,0.19079022744264051
13711,-0.4325463369321727
20637,0.09988306629236199
68794,0.34320559453126576
69671,0.5170042673739847
384198,0.35705399756250333
320981,-0.44367084468807505
226122,0.16784020963487833
12813,-0.47049693918728686
66309,-0.14000537135632918
64933,-0.16471685416332704
15239,-0.14731828620163512
76571,-0.4344872151968424
19746,0.3686868103165253
140494,0.23118372473806303
24000,-0.36742999524663844
208647,-0.34247473409560625
403171,-0.3789969398740203
14371,-0.37125592923027195
78246,-0.16549001098837834
27226,0.19082842891634222
66155,-0.10464705194843837
55979,0.11981720999712842
18221,-0.11489716545349893
17125,0.3948170409641367
212392,-0.3276069305251763
332937,-0.41815407965257245
20539,0.28279033170996115
66498,-0.112274968783586
69306,-0.35691223046638143
66634,0.5001683627039251
98432,-0.3504525738067592
259113,0.3014187775363286
192287,-0.3968540128256093
233189,-0.29405134980271264
18024,0.18834877926537708
235542,0.3919739584965716
108116,0.11725137689162857
245683,-0.37990197768183576
68142,-0.1892084932727709
238161,0.3607250434790972
13859,-0.19301647378725129
67860,0.20065306042838493
330171,-0.20151545840739793
20303,0.28932675768078653
224093,-0.3061187526836111
74080,0.15399119001854267
102580,0.18958017305623365
218613,-0.15032744662911046
22034,-0.2959381481796095
67245,-0.15934082271492045
57257,-0.39179370560849947
24086,0.31098414171106015
379043,0.2686853550981869
15979,0.11311908358769962
75612,-0.14336371785132052
244882,-0.4445813673458807
269682,-0.1678350631298713
243547,-0.33765387682261494
66471,0.29647063891085423
64113,-0.268860262627979
100037258,-0.21493867352513085
66841,-0.2005232891383102
214572,-0.10850950004733662
407831,0.4298737719113932
102371,0.34424893513692245
170743,0.25614198989062054
14123,-0.2664857387016353
16522,-0.27124303737776945
215210,0.17317450241330157
68172,0.3408674005437047
13505,0.509014794916939
83674,0.39696335222133694
58194,-0.17379645149569622
67525,-0.34858169990576204
109333,0.18163685282357456
74776,-0.11918703163761357
433938,0.5081649059035747
19229,0.14158438532023077
74490,0.3855227672750505
67920,-0.15542916957622044
70233,-0.20379510521140887
12747,-0.20331489646515521
15552,0.3972539165645048
74174,0.2988747188421028
107932,-0.17735529964748586
75599,0.15400023782969008
52504,-0.17667796827234294
320664,-0.36867389160023567
66753,-0.3325693433452477
252967,-0.34627601873048164
231279,-0.27921464596160117
226517,0.11087832190467584
54131,-0.16030125066175316
71707,-0.38321377262957057
69547,0.4046847415784618
244281,0.30558260302614215
20375,0.28851555790357253
55980,-0.22702146557721914
234729,-0.4158773078451219
67792,0.4412880802880901
58809,-0.30111676904969986
57014,0.3169523718592515
12554,-0.28856566013212337
51799,0.21227849913913488
13560,-0.4036520588219048
271813,0.3929726941428111
66712,0.1822111555665069
67733,-0.1767333493204264
194974,0.3386550939092592
73466,-0.33298333123346513
77619,-0.1662082484560763
77629,-0.4087101546399521
71887,-0.3118199847021632
245616,-0.3600646080459269
51796,-0.16574480696850102
333315,0.4405503719935622
15398,0.3417601534949015
71287,-0.3682984076714768
219249,0.15240821893400902
70394,-0.10914536106923123
238276,0.27978014150143515
100683,-0.21847796518911267
243084,0.4158908285385454
102920,-0.35121729367561727
67463,-0.1270774520492708
27967,-0.17976636825724057
15259,-0.12499322370939758
72567,-0.15804026317638709
194908,0.35042394328682036
11830,0.3882043634474659
20680,-0.36512507767325486
107476,-0.19307554125224868
380753,0.25416038008082786
66277,-0.4397878990024342
20403,-0.11888189263733118
69726,-0.29089219604778105
50915,0.3545485298248652
22213,0.25624481344985384
66489,-0.07832528121617521
14007,-0.12622547047913635
232087,-0.11855051026135399
67873,-0.09452029823449237
107513,0.09418197968291864
330010,0.3449737877457597
72931,-0.086817057933116
26457,0.2782386330396225
241226,0.4229861065934739
271005,0.4789269609563265
233328,-0.17226596520625392
11991,-0.15148881005325165
214459,0.3855090454494494
72502,-0.3480438403446877
101943,-0.17517535506702586
72560,0.3858860724501123
54122,-0.3401279178392125
70008,0.41157379373701275
320563,-0.3026201143146947
258853,-0.19619388253499714
11938,-0.32497552811859
218035,-0.17344396369810955
16597,-0.3200024552284617
231503,0.35630298257876003
100048658,-0.3172681920974476
328370,-0.22103544513093887
105446,-0.29932214742904417
109275,-0.10606965647750854
259019,0.3257389168222997
68817,0.29969843963345433
12055,-0.3736791478338093
76898,0.435967437542069
12834,0.27594648089288665
30926,-0.12388386441867816
13169,-0.1295801251409774
13869,-0.41946635617884187
70231,0.2128960462690861
104099,0.3333917254223855
75695,-0.32145013983242876
53356,-0.12074670370578566
226418,0.29130322670747155
332110,0.35939180798534576
23877,0.18234355411733993
72002,-0.12641659019431906
68980,-0.1059493291884781
19124,-0.28815717233566085
216850,0.12844132342554815
74412,-0.15895106020537408
232232,-0.3601056269426821
15369,-0.1099763818911299
229675,-0.21532175389506758
56749,-0.1123360610027273
109154,-0.3541230447998158
235283,-0.23382594566793813
19885,-0.4596457681724955
320747,-0.4596457681724955
14405,0.37888371040217717
240869,0.21271576162883843
18044,-0.39902534056125827
26900,0.3813707270407187
13496,0.1730028371786645
13384,-0.18056673791666888
71228,-0.3233286794397241
214498,0.16824269993402297
237911,-0.34648351282809386
235497,0.21425101318990958
218215,0.26893946530818713
20272,0.5661285484482876
64898,0.14308883902167846
269152,0.39621704333361407
70930,-0.3587840314485602
18002,0.10779288778246254
103236,-0.11338570632326928
57775,0.26546827297274156
229731,0.19386893809471317
14165,0.17944749501712431
99412,-0.206750112832486
67620,-0.38666931705745755
67602,-0.17114822645969152
16798,0.3549584599214386
217207,0.25129576072617077
84113,-0.22132582518507427
75196,0.276545694160486
14874,0.1082738029223389
66443,-0.1541619145356865
74091,0.3712062895501109
15461,-0.14672915998526292
12508,-0.16099341207972984
242687,-0.1602406502987872
57249,-0.26948117249941594
67164,-0.5050983647376022
13872,-0.2842326632776322
244579,0.3701311482993881
27362,-0.28288419916371943
26936,0.1380196673767884
404319,0.3472528720206971
239606,-0.18625021988643642
78309,-0.3958720083204783
66570,0.29695675513111874
67997,0.2412374788478715
268902,-0.30159767696480344
76561,-0.35227989467644516
76608,-0.2568046268634525
229615,0.3436012332318481
67472,-0.13655190258090855
17075,0.4336652786667976
14061,-0.35072237603460144
67448,-0.32610613134951105
19173,-0.11095391534320953
93765,-0.2824778444208844
240055,-0.2059579928360069
12496,-0.4428019474704237
71853,-0.13455138503335284
234677,-0.4537902919958534
94253,-0.2102022951163054
338370,0.33927469168796964
66812,-0.28500954982597104
50706,0.29495625812733195
214987,-0.1434947322191249
74682,-0.4341036192571357
67983,0.34303325957821507
15377,-0.3153480106758315
216799,0.21157152028588833
66353,0.3065122292860645
434246,0.33077471363974986
233405,-0.3138620567631287
13527,0.3591545749275067
68837,-0.11974545075780707
70652,0.4094747352115702
69900,-0.31232311125971535
545260,0.3899393823480617
100043597,0.2656969340140778
22045,0.2956415165290611
75627,0.32455701113664315
231670,-0.37278164226597
67264,-0.1021665918389072
23825,-0.13603134267651384
71059,0.14527579586011008
20419,-0.3642045347064844
67689,0.16610429497166201
56258,0.15186587821292186
68705,-0.1847559976033546
22248,-0.12167285931144534
15404,0.21453525705862386
105000,0.312021979697362
242259,-0.29462646515449453
628100,0.21652845889132966
80297,-0.2951628553864376
73373,-0.32784772799573947
110920,0.3073299897885402
231004,0.20882246433302676
54338,0.33226111248005497
66237,0.27984664106619483
11421,0.24299394611592806
67801,-0.44870221915051367
218294,-0.14098971211746658
67775,-0.2070624933131633
71986,0.19132856120314212
193116,-0.15254750666477968
225895,0.2656793435243685
100039957,0.2656793435243685
56212,0.1340716747271955
72400,-0.4037533382162568
214669,-0.359983898567263
72542,-0.15189460436326208
57743,-0.2663744977440441
72388,0.3006332722611802
78912,-0.1865428578890116
108098,0.17927850413633628
50916,0.2656838376272477
106557,-0.3028299753193746
110075,0.3761365611825602
54525,-0.3748167555423163
21767,-0.12604563263224655
14201,0.269871765960886
268860,-0.3515638111103039
18088,0.27182247343543864
545428,0.2761415764755375
269713,0.3013920530779819
27096,-0.11325888085766067
241308,-0.20830804642917045
80281,0.311258649815886
636931,0.4539824104431087
12370,-0.20513104970402907
17189,-0.4918795522112438
57432,-0.1735560059457928
14664,0.29237401190983725
58916,-0.47528845772508577
330953,0.4264867459412831
18817,-0.48917841448406385
214552,-0.1844517132046839
72780,0.5196137420045615
234740,-0.28686360605840067
22258,0.15663174177010042
20512,0.48145725065457334
230500,0.2824915342687735
102323,-0.1669238694957027
80289,0.1446547122308539
108012,0.17688668452522727
104479,0.31099591407776117
20129,0.4564295352575849
14544,0.12235532898375112
66413,-0.12098602370559597
277360,-0.1118338534187302
216705,-0.16748322064114252
20675,0.6253413773911225
67437,0.12347218727993337
258640,-0.391864117001536
14635,0.14795840008834027
68031,-0.24676372582780637
320538,-0.15319863603521533
170813,0.29256198067773376
71999,-0.16401394965854088
52028,0.28184372348393705
269198,0.22590730825720495
67914,-0.33740719602066527
229665,0.23452581405019401
74369,0.36549819886622625
18038,0.11684643793072702
104369,-0.09527872737435672
67248,-0.09527872737435672
54160,0.1485638053120173
232566,0.2252786107174085
227674,-0.16937704311028945
56031,-0.24952205866980215
18767,0.4041069980598957
67890,-0.14249132510185447
83602,0.11950564132867214
207375,-0.25914475379748847
75019,-0.32691395933950496
15422,-0.3784168449993395
244698,0.37851733062729265
11810,-0.13202067922960659
11409,-0.40259782017942136
16728,0.29249383421071684
94219,0.308812991900961
22063,-0.31110617802866614
225115,-0.24628287630059464
385380,-0.31837856397022213
12773,-0.3170988379289774
271639,0.4318874160775965
72201,-0.3819613274231184
21929,-0.31966178972186743
237988,0.32085471667666
67059,-0.10837605285007257
67993,0.2958084577876696
140498,-0.3389806444690686
17450,0.3442698528809003
227449,-0.20112932041547005
66143,-0.23612580998189436
227522,-0.23444864625751105
69640,-0.32079582753314373
58203,0.12214062983809981
19718,-0.10623236500253874
242122,0.3390570813341971
268512,-0.25014889973124976
268288,-0.2038759607646945
229595,-0.3127369257242538
13603,-0.27190976886463325
70827,0.2840337678299605
71690,-0.4298149488037306
118446,0.2983856208160076
67305,0.2677223637199342
100072,-0.34246577014691937
94181,-0.13034293868345692
53322,-0.22430712978942235
224903,-0.1580744584158058
19266,0.37909946004753525
69024,0.26353307770572165
213827,-0.14240570087799398
17691,-0.30337512168492164
68268,-0.15521790655820045
73250,0.35518943491017563
223337,0.3243940611370437
233900,-0.17018036025056382
14049,0.188989663497086
215418,-0.13232506216670004
68969,-0.11729176580903022
59029,-0.18499631779023762
54446,-0.30265733254812055
56176,-0.15235097405919262
279561,0.34357154038891746
69459,0.18433989792472616
21950,-0.3554187987645099
192198,-0.26842393667050546
60527,-0.2655718458465568
67180,-0.15112499155082837
330267,0.31195650814807063
26563,0.2728890927904013
64659,-0.11093954222918789
78670,-0.2690875433174629
69032,0.24526474732950154
22431,0.2280422709587655
13132,0.3546851544359475
26901,-0.17693029004245187
17690,0.2205561689314095
219038,-0.3058874836698222
75320,-0.13196268464502126
72151,0.08326076520425829
66973,-0.1104452556346267
16621,0.4174160181187774
93760,-0.17285778728744816
19298,0.13459929022888328
67848,0.1569600285876831
68375,-0.09510692286798417
19090,-0.2229293715654519
71421,-0.33523341607010737
110157,-0.1508964330146494
26380,0.2911130623981766
20979,0.3595682526967945
108013,0.21954705509616623
56418,0.12452059640867397
13492,0.2723701270857326
20338,-0.2757685626341315
54004,0.20196968990248276
229543,-0.17187073699771638
75507,-0.2695560781155759
229279,-0.11789961163836082
107375,-0.2735864431538726
56284,-0.22017482147184797
237782,-0.1997434344324036
68953,-0.08432203263325277
97064,0.3598856226122811
107753,-0.4102526805064244
387510,0.4051773981162672
54648,0.44315597830428377
20516,-0.27577727133380847
66911,-0.12239533529755597
20522,0.3250836613326875
99681,0.39571038873473174
67895,0.09639990058211012
195040,-0.3062509562569167
67694,0.14859710607582954
231103,0.45477833885748753
227631,-0.3564326968190481
259277,-0.15091800744211703
56458,-0.1853816006190634
68845,-0.0933173256066695
74107,0.2737286916506445
106947,-0.14692832593205907
22026,-0.1269856404775691
227327,0.31883085079834483
18148,-0.1521011344195511
67477,-0.3405951824003939
218476,0.3356617414192442
50849,0.18573456116901532
73086,-0.36245557615397583
233199,-0.3096960598843763
50523,-0.10857202066556582
67151,-0.14929894629988372
18822,0.24427973152613713
227526,0.36655003406099995
67538,0.3279412643916366
18559,-0.26925343234201726
11774,-0.10481350030544867
74198,-0.1190831472817262
319565,-0.288374509157979
108699,-0.2345314830543601
18971,-0.1445284637746127
214189,0.3606772729284029
101631,0.20431562308578322
224250,0.09484365928379113
209195,0.4030040972870408
218885,-0.3931462248113107
74360,-0.22418860917454086
20514,-0.09417272022544232
67877,-0.12547255368443722
50754,0.1589365240929297
69259,-0.4308023387427218
78933,0.3367211558194647
73719,-0.333529743616797
13197,0.22875011017890934
233826,0.3020149739798468
242093,-0.4672250306938035
258352,-0.2792584451053264
19886,-0.42516358020281464
629147,0.17176009890055877
66153,0.28385787925377404
66860,-0.5045428665460481
102436,-0.2534088773528955
59005,0.12230410651791956
18575,0.3566818060862662
381921,-0.16018304009981055
66845,-0.1293118025008635
17480,0.3308020033936403
170833,-0.21994128601720409
16704,0.35945462926997074
30933,0.176199430840831
243499,0.32566413967479946
237730,-0.3591797870394302
107227,-0.1399553821625048
19345,0.1275087850933332
170644,-0.08776702035604522
233065,-0.14968596567828918
19018,-0.11927875277706335
17695,0.32557503881611716
18132,-0.3098144920033574
15257,0.25921162577983914
71164,-0.3144989702168255
625599,-0.30272278055372226
67111,0.17571092010011036
54709,-0.11337535004270372
225182,-0.20921393795416332
70699,-0.11403237871548733
12766,-0.14159259759910192
70484,0.18235912715219627
239833,-0.41244886110679335
17873,-0.13853682126058153
110616,0.29321162598827755
14184,0.3860875287222365
18771,-0.3284420550772289
73173,0.30657987330698244
98741,-0.4749719703981077
230027,0.32794779828072995
75826,-0.1306467743576345
18413,0.3055422186624561
18108,-0.2282944254506365
67451,-0.3200541612266843
227746,-0.3320201872545292
20402,-0.15779803004797888
19253,-0.10082668621210722
258659,0.36186868172918274
208967,0.36373490338226055
30936,-0.21476562504746788
380629,-0.11196149009074752
223918,0.12852315625363886
13874,0.32544383898641494
69253,-0.3566568302962767
545481,-0.429148519937641
27390,0.3049291083355321
224860,-0.10433190625966127
19823,-0.11153156774237871
69387,-0.3516666798374244
330096,0.3408890928495998
13014,-0.09548283192387075
57912,-0.09726359127815165
66065,0.19342359116564545
327799,0.34621957937946535
13840,0.3322560690729919
20276,0.2244625260108961
381413,0.350179620877328
66284,0.13982110876198872
15194,-0.11835141226208457
73178,-0.0965400330888091
19079,0.1864355970942988
30059,-0.10339957599653538
50779,0.23788538423496597
353187,0.2723770811122197
13368,-0.2861894914806271
50997,-0.3260574267222873
328401,0.2957321103322572
13488,-0.26164720466535973
71713,-0.24317360200154425
29807,-0.23150435834115957
224661,-0.28769050031261356
232798,-0.209727019573406
353170,-0.18607620569687988
16188,-0.13625756662185928
19734,0.3916233316227862
60364,-0.17609517448641654
234374,-0.11789893223445169
12877,-0.30885146176026135
68151,-0.24340267270789528
28036,-0.18032652830361506
27007,-0.3850770278480926
103710,0.15575395085292953
674895,-0.37485236094109853
109065,-0.2679958872643491
110074,0.11684710353211081
17882,-0.47624209911009885
22270,0.29911583000313335
11518,-0.09199680273209232
207839,-0.12277989411030532
399548,-0.33109898891353273
68198,-0.1365387814869532
23919,-0.362029831753127
104859,0.2226470823499822
244879,0.2820412011777318
20055,-0.10211994550126313
70533,-0.1839071901196645
66689,-0.1214587681335324
606496,-0.1049562022851962
12727,-0.09184640608575201
66925,-0.11129292304127603
67300,0.07643146287857583
18997,0.3801239215911858
66805,-0.30805045689809596
319446,0.23116064165083472
84544,-0.13384616134081284
240332,0.4310721039645484
226123,-0.3739805578067026
223726,0.32894967420915133
17879,0.3924684968608676
97287,0.1181597670068939
109828,0.30694158654307735
14420,0.3092343506090893
226251,-0.1567344617909079
15361,0.09970676769718168
71988,0.2996528080449794
75646,-0.37755227092121224
76775,-0.2914454506432702
230590,-0.363480873858987
67433,-0.30296026080788074
219114,0.21694578921176078
71791,0.4623959232003316
104416,-0.15492207151812032
57261,-0.27221083165162163
21388,-0.237716762570241
53814,-0.22900059224852365
12183,0.11639886953144618
240672,-0.4082315919209325
76183,-0.3397029549664934
258896,-0.28499475153046516
78709,0.4316424265911447
217127,-0.16705560171483924
67178,-0.17377080457644833
78891,-0.14279647903193293
16948,-0.3370999445433007
100503361,0.3480977756802801
57376,-0.09547405042260948
15467,0.18539843966238934
103978,0.3115449727140849
109054,-0.2585407251471823
67469,0.12666067463007558
18792,0.5212258330238071
14566,-0.26984712755117535
27418,-0.2781184611417178
213980,-0.32102389695053013
73191,-0.393776130169444
320713,-0.3493948974625374
76007,-0.24953444790588541
12737,0.5840525825931695
13421,0.2493889889971994
14581,-0.23201808394142898
66266,-0.08413310637357085
67896,-0.462415162480192
94244,0.3691238890615125
74237,-0.33036136031083974
13076,-0.20592938091405166
207215,0.3453250901209355
239845,0.347320243953706
59028,0.20202875413384724
80385,0.14858194223261378
71096,-0.520202626606399
624224,0.7051048750221396
233724,-0.16915334829601747
18158,0.32282801686902207
15182,-0.13688547703761866
234700,0.33621071019650195
259017,-0.295795828443413
238455,0.2884124680163893
73078,-0.13073311910753027
20492,0.22067787377860526
21333,-0.44439295881299534
13506,0.38225685838449897
212114,-0.31819647676778207
20641,-0.10757367345991042
18569,0.15468658964852366
51897,-0.10079255689985978
18405,0.3597502222261548
19719,-0.10283379349440658
20656,0.10766803253908819
17312,-0.24057336543018515
17769,0.19990235725184569
68365,-0.11176233285563342
28185,-0.1496764374455699
217262,-0.25955058200395964
237221,-0.3155227714441713
71207,0.1338826587177948
27400,0.4321494304920477
381801,0.30391155490435384
74499,-0.3403869506710917
56457,-0.09134171673602509
236915,-0.4256323437659164
51869,-0.20480402021541355
12525,-0.22550934963629565
223770,-0.3033860568633502
258160,0.2946217776791471
53817,-0.14354339551101347
17260,0.2663446936612228
22130,0.5900465879350185
104112,-0.102826571021426
320982,0.16538206914626485
72119,-0.4878494792604142
21812,-0.11582395671451629
52665,0.43428367020343384
110834,0.3192239183289538
277463,-0.18018089288969108
229949,-0.5509215249564909
17089,0.36080014918435843
18171,-0.27436309069208065
58231,0.10977468592441042
235611,-0.29952959650347166
52163,-0.16190686108939545
233210,-0.33152393641127365
27397,-0.20503944802307128
26876,-0.3824824311855739
66757,0.3438854238672846
103724,-0.14847093687931334
104027,-0.2957116604691503
64435,0.2634531280880186
269717,-0.11503443761940346
68644,-0.17166365750466372
66552,0.12794059448583717
76763,-0.4137560193220571
70021,-0.31408088226657194
29817,0.31889642427226494
13984,0.27609259457728674
67978,-0.225802717179044
68818,-0.08491855403413062
94230,-0.1919619053145052
11519,0.3579491811947779
26464,0.20429854257723612
23836,0.3904108559119912
11975,0.13072448479006304
66578,-0.26304276442985497
76407,-0.12964110834830933
171388,-0.4076218117756687
70701,0.34217617851289717
67702,0.13419359888865046
218214,-0.20056363146268552
20271,0.28621740664893736
68735,-0.10720164485791805
225600,0.23575339687839447
17764,-0.2687862163181576
50721,-0.14131072175978687
269397,-0.27010269836728984
19051,0.28351484820085027
328417,-0.1388362842020472
258975,-0.3464499373411325
93872,-0.34988979914156637
15081,-0.21894551198234957
270624,0.32953002372053364
69906,0.16769088313979896
234311,-0.3198364853339446
237926,-0.27464796402608593
76707,-0.1381654317401937
74268,-0.09962912205428864
12021,0.1961460184199062
56795,0.2952977670718093
16191,0.3023904216958364
109077,-0.3387572371322589
27377,-0.3439368426613978
74427,-0.17536609945965775
11303,-0.2265637020420721
242509,0.2580538612680945
14431,0.13687095874789534
13528,0.13588499250827724
15572,-0.3076427079698245
19286,-0.12053234648330946
56792,-0.1984028577402821
14287,-0.13904267547059668
14118,-0.33842877703015084
17346,0.10921028734987459
69878,0.11039352557165394
74252,-0.09094142515131942
67922,0.1285229004306352
14066,-0.320736709246487
56430,0.14021946722779433
12580,-0.2535854191072584
213389,-0.23307679841457585
67440,-0.12030581396327378
66866,-0.30252348069499746
55934,-0.13993925811987928
245828,-0.12594028519389688
70380,0.15397573176778856
56175,0.3612817691107324
67048,-0.15745877509202533
218544,-0.30348656080617387
97998,-0.38373657046354115
382239,0.2545195919647667
327959,-0.17499073263506304
29820,0.3556123754151548
16180,0.27868339712127455
20661,0.2751545765932484
68631,-0.20414836162138883
56349,-0.30079307653458454
20740,-0.19133882882393394
107895,-0.288172466567056
11625,0.2405791407371849
12686,-0.3331107396067665
53310,-0.22414689781600838
69736,-0.2381148516278202
23857,-0.26600098991318877
380836,0.2077215115464579
330627,0.2874335462751745
193034,-0.3777752514277588
75104,0.33718402170410755
232536,-0.1539155399064569
12847,0.12810949333406896
432442,0.3148771222753748
11694,0.29229033590875275
22780,0.2916849707865632
66661,-0.09656614210411085
268527,0.22365836559030683
319901,-0.24195698001628507
266614,0.2777945024714432
227059,-0.30578391588820875
227800,-0.6052984476516201
67661,-0.35431364866208614
98956,0.16896296980698722
67470,-0.28928761274160886
75678,-0.34963040458342043
208084,-0.1345682488208091
68628,0.27198884534683554
75974,-0.12892387651998405
23959,0.16611890271426155
14840,0.2865506882128992
16777,0.38960507398416855
104307,0.15242432710742548
16870,0.2278207907817693
12532,0.35101091104179183
70248,-0.11018659901617589
14676,0.2842702049391308
67675,-0.10228150180401308
22165,0.1279934498173123
380601,-0.17416688899557542
23942,-0.11809449534066019
84682,0.23479136774048648
19733,-0.2594326371091924
18824,0.11803451952723165
52513,-0.15235581710401114
83430,0.3484224396915381
74354,-0.2738896257935748
321003,0.28205313698659307
20299,0.2586449019100856
319885,-0.12421727173926733
232585,0.2848367406522492
67630,0.29978553964768206
246317,0.3029524726094541
52428,0.2642808155413148
18429,0.3824335001091823
100502876,0.35700976550350116
192662,-0.10160770256798202
17387,0.33992006755829607
52850,0.2548679287118816
74762,0.2823409828759864
76965,0.4311046625566979
56380,-0.15222592885907815
18416,0.3831187273320995
225363,0.19886742993929118
17165,-0.12123539632018776
241612,-0.6866904553429407
75137,-0.30608048242179464
140765,-0.20291658795595602
217328,-0.3010785367177551
74182,0.21388097161352526
69136,0.12572996612119702
320718,-0.27292221558704366
13078,0.3032833344740724
22784,0.36397297221618974
16450,0.37652871679780997
20358,0.2668306240685805
30938,-0.13439529211263412
387609,-0.3795477738549051
72446,0.11724197630572064
21853,-0.24370315736906
18479,-0.3087231623037914
79362,0.3367302259037537
272359,-0.2847831039356379
19820,0.3147367466443578
67725,-0.109403272012921
216739,0.4579580109422987
230796,0.25026725505782643
22070,0.0610629093540922
225027,-0.14366153746765242
67893,0.2317769620102439
20400,-0.16576506802133828
16950,0.2614211105906925
67155,-0.30655301892721276
320343,-0.33586008125012645
239318,-0.2895956705880307
229933,-0.3944878533922229
75305,-0.2663316499596604
210757,0.16095823939758613
14255,0.25092535474081323
12590,-0.3151860529523125
11898,0.2090447137385354
70998,-0.2717126630389082
14121,0.3284300032903751
27215,0.25655922671819553
66445,-0.105924402143307
66592,0.10245750339640658
26410,-0.2856803872085303
19194,0.3282238867262266
30960,-0.08561915014619892
18505,0.38788146506023047
404346,-0.2860600489726397
228432,-0.3767308469404482
70573,-0.2532853806391433
16885,0.11628593270445897
21857,-0.29117818436032383
100061,0.18310882105890158
70575,-0.28650802818823085
18003,-0.14961911161061447
16647,-0.1165888260610135
22021,-0.37585651767588324
381246,-0.3969913007424646
13839,-0.17328473479810036
20684,0.18181590277973125
19878,0.17129449400027497
67432,-0.42570493814945687
319742,-0.3730034558399504
18091,0.37575193931008855
66923,-0.14705841467219471
26386,-0.27257075899639815
78688,-0.27257075899639815
12091,0.10595445452828223
269959,-0.23861028411471663
234130,-0.3584570099042228
18023,-0.3005975875583209
20937,-0.3285567149985029
19355,-0.21734883176583875
17171,0.48075189223293524
19123,-0.3163891503512417
269016,0.36599287634419486
66156,0.08329082488203632
270096,-0.08694354668878645
18451,-0.17198511022198026
52014,0.09701490918589961
50907,-0.11538675879816473
67285,-0.22801788705877613
243659,-0.32538196198553493
53612,-0.10348635532198003
15379,0.36087596218470086
19250,0.2793276049745206
66400,-0.12742969878863164
72121,-0.09127900830272573
56407,-0.12158516104547701
98685,-0.2448374829579878
68152,-0.17682664442985985
20278,-0.38678652170029526
20671,0.271689456102874
72930,-0.2609663427689881
258746,-0.2986981994906994
94214,0.45765775482136206
13605,-0.24255409594023636
14154,-0.09974773705230788
22115,0.3667363214596868
14629,0.2390725642928917
234309,-0.2102915883293628
20779,-0.44089070424332055
207521,-0.3507933509926051
13411,0.40790418406288165
380714,0.16353825422656243
15421,0.4158105191328012
13179,-0.39434871175279707
231801,-0.16019818709513078
26562,-0.19188744402394065
16576,0.343918578888748
18777,-0.23089454874184234
69202,-0.08880795712829048
70166,-0.29930488329375304
236852,0.2649402951588291
21973,-0.30601231293916253
11776,-0.1355839097402196
268936,0.24349937007044353
13004,0.25717191157632247
214899,-0.1544205493401316
83766,-0.4062232802147694
19165,-0.09630033307373154
227157,0.2946066152193483
74018,0.2946066152193483
66254,-0.09072231664783992
71750,0.08961744133747374
271970,0.28446225823064175
73167,-0.15140244847296103
76014,-0.11317975926131219
77480,0.39155810502359145
71778,-0.141157594265791
268932,0.31767181965228763
434903,-0.433651098711199
12054,-0.2888746680561116
27368,-0.2888746680561116
20521,-0.28866358873070963
66181,-0.12176309135395158
15199,0.2553040314794224
239134,-0.3637789981146988
78772,0.3207929890924692
269437,0.4790128965703393
19052,-0.10910402243871431
319586,0.21004286183765242
50883,-0.29253860594802017
14397,0.4354453958419744
66935,-0.2566233668264797
13592,0.3158506422856635
13494,0.13101564403598243
13645,0.1337231921301143
76265,-0.16025139742239958
381379,0.14734734100717972
55947,0.27719843791743415
71956,-0.294110139245249
231382,0.31104170198811243
217026,-0.31765518202576093
218506,-0.2377464213270022
68592,-0.1685206490022626
21672,0.09904765483242528
208718,-0.08547917709124064
210274,-0.704875751063816
218441,-0.29144551178884104
20508,0.2853510868833995
67295,-0.16884784242932405
68441,0.13032160671377113
20672,-0.32953724820682995
69540,-0.23430385162282175
12874,0.20894924835375672
56224,-0.13878830486079163
19775,-0.1218565285413078
240638,0.36311836931384356
12818,-0.36837020263633935
11538,-0.12128677666272658
78767,0.3012232702560733
57742,-0.2654627701216894
67003,-0.07033677150864825
227485,0.27553940855064596
76843,0.3494573544209505
57751,-0.11434797834659882
381339,-0.2423302054579084
73472,-0.30572539401913
381810,-0.2918623117238557
50887,0.2023458374613618
20473,0.27354855701431546
63959,-0.21867643925127034
213068,-0.3263212649134575
332131,-0.3300072598105013
52683,-0.09751948036857705
72852,-0.27444808330645376
100043057,0.321263228950305
245572,-0.5951848659820023
52915,-0.12729357957216259
20351,0.12399157025200935
245026,0.25070757763880813
12492,-0.26326229548105573
102633301,0.40758990061317313
74249,0.3791878701429878
70802,-0.34009883986423706
74035,0.19333043256126192
217340,0.2579720755630861
20444,-0.18393217255060534
66142,-0.10494222631668926
65112,-0.2960472473128508
74591,-0.3989471614806215
22178,0.45381735004983836
12615,-0.1487306567007476
12638,-0.29949568447349506
353504,-0.280268246133228
239029,0.31983030496559994
231997,0.21344421813674597
56291,-0.10535639280991305
67655,-0.14811733988761588
21414,0.11613592612030033
224742,-0.10172794450397049
107587,0.29498735093379125
239337,-0.4039642258479019
18574,-0.10015756727218239
217335,0.29549577090543444
225849,0.22311298148273018
93671,0.3920697988140347
70466,0.3246524365566432
56085,-0.13348356960532293
214240,0.39907633472537185
68915,-0.2582295205541838
24066,0.3559648970003746
59126,-0.3515960266909328
67785,-0.2603869099619649
107272,-0.14191559406556742
15566,0.276457051826398
12630,0.3707415220694146
81702,-0.11860538682147848
76303,0.2814172380496016
22404,-0.1392194133776048
64074,0.26826975578412604
13508,-0.2474642757329084
13419,-0.3424732308523861
54635,0.3251549104980933
66377,-0.09839995113216382
54721,-0.22448523758300798
54135,-0.32144857475504995
12005,-0.11482508901754507
14595,0.07891333115310495
50789,-0.19988088382218638
56312,-0.1395965198274034
320191,-0.11179340906210378
216445,-0.1328545131348413
68957,0.2803635117300063
11471,0.3231566527858707
13607,-0.3387660425415442
67052,-0.2844989215855449
237891,0.2888631943932731
240776,-0.4509809847611539
11657,0.28901002935054
12524,-0.18138995075985864
319758,-0.30811683930718203
74190,0.2939775422684505
12802,-0.12941506878573605
233836,-0.18045761601865973
69724,-0.0824494787620349
327814,-0.27657326927661785
269180,-0.3252779786691882
14236,-0.3003948759785722
53970,0.3310989117952028
74570,-0.21437201296399522
12866,0.13535469012770562
52430,0.22082041721293155
665700,0.31218119429390256
56711,-0.33117095821877074
17698,-0.10480831423534909
103963,-0.08088078207004656
29863,0.3659623730709276
13360,-0.3439757271694912
216859,-0.1352190070632311
216858,-0.1352190070632311
668310,0.38834020405847847
78618,-0.14930566822557445
20357,0.3600754858858828
234836,0.26235027253280396
17928,-0.14241575824788777
109658,-0.12073830234528593
68846,0.2831213515219959
12683,-0.3673528068283112
259054,0.2810948435141798
22123,-0.11300790060708898
11754,0.1859155692990937
244694,-0.32618951146631847
18858,0.15060390777991017
239931,0.22474959662729566
64103,0.13368700805410638
110877,0.2608954230245759
71091,0.1840291392691782
226351,-0.17461912193263895
229211,-0.17610915339150068
224273,-0.2426702404871559
245857,-0.23947091985637936
52118,-0.28156772156004006
74186,0.3119706301300913
20928,0.34927845881388286
14451,0.28564209560844933
69019,0.10184374803820972
20669,-0.2356266031373977
66344,0.32564986804004903
114570,-0.31380791325054425
109113,-0.11149973449988515
23854,0.1524047081285449
21384,0.2900127759402462
14824,-0.140913565164265
12905,-0.24124202368042091
67166,0.1253087130053281
13000,-0.13088174670084118
24102,0.36237377906153867
271697,-0.22566247612505919
223649,-0.2526419034452738
12933,0.28658596107224366
12894,-0.14543073491568848
23849,-0.09844783377589295
16867,0.3428050219604448
73914,-0.28370768573596905
100306943,0.13341276323707163
320707,0.24060549709976353
320452,-0.22786412389911082
213499,-0.15048371228188273
19888,0.33350045699992625
16392,0.14458162793838092
66311,-0.24311940501648444
66384,-0.10581620707325357
19091,0.31647938412882937
18693,-0.3257888402918354
114873,0.3431052675752406
17533,0.3203888659441101
66140,-0.3113475176749625
52150,-0.25278583366983565
13435,0.14007885080881977
17240,-0.37582901120318457
11304,0.3584049776681848
107770,0.19700402367383152
75339,-0.11463193324163967
106766,0.2966881875094711
66335,-0.2890405964200262
268451,0.1322160375825927
12804,-0.35789681780837057
54342,-0.21480108079012883
56484,0.22608937755105352
27055,-0.4014331615169917
93889,0.34490937871554905
99890,-0.34136716540160617
83704,-0.2842892354044366
57275,-0.2347668468849493
72552,-0.23567827603748892
232370,0.2950631120389451
72003,-0.2791971435438745
171395,0.33208321076408165
66514,0.3425454031866031
64918,0.3020707728814367
73166,0.1604604315856495
102209,-0.11620453742594883
102954,0.4324370847364225
66606,0.12035681977854207
246221,0.15238095620628656
72736,0.16009871816588905
320100,0.25674497999554635
15399,-0.22577662591966652
12231,-0.16810425001017748
17904,-0.27539272931091485
216459,-0.27539272931091485
20813,0.10089220698792722
229011,0.13145112892875233
68080,-0.22254119347027235
57740,0.27371264771764103
77987,-0.11819084125818513
67789,-0.17770768741598442
56436,-0.09221575240148105
66387,-0.10827534995540233
67338,0.18215748054925562
108888,0.09373068545771623
14865,-0.3495615561555043
208431,-0.36680315019644727
13016,-0.09984539511351898
74287,0.06755397567673427
107723,-0.0981751138226894
210293,-0.13839326985624645
68731,-0.12621229176982673
54170,-0.1570743464526032
17979,-0.11784633898633068
67213,0.12406594699593576
53416,-0.3619278396949017
68991,-0.10800634783924856
11609,-0.31125145930885134
18584,0.254751739696057
77573,-0.1767787990091687
11921,0.23718374411887844
224705,-0.10374076265389398
57442,0.3228433832912403
23844,0.33863951479286225
107182,0.10651929571457153
66897,-0.2007505944726562
235627,0.09537555199629999
231002,-0.12362143918204183
231003,-0.12362143918204183
68693,0.1284590292750396
12669,0.3123678626906732
15464,0.23150448363161136
68740,0.3936222171088217
12518,-0.12859663731362936
16371,-0.24615661583994353
100177,-0.2567986670652873
22241,0.09976951114830257
22348,0.21455315053986812
20451,0.40159374506892664
11907,-0.16363733962377136
244911,-0.254730182860607
77593,-0.16983879077947783
52715,0.24307197199908082
57321,-0.24298434380281897
69538,0.28766861336589145
102278,-0.2063810285579697
381058,0.305961676011294
213053,0.28742499190801496
230848,-0.09991728424121327
20343,-0.14017486593199813
18053,-0.11441829549314253
75040,0.3271763823180347
13429,0.43824408767450684
66292,0.1304128699117495
76478,-0.07812345705404411
70601,-0.12423685825630137
13860,-0.27212178161438505
98396,-0.31056848657786773
71890,0.08257705530967563
213945,-0.3105099407566341
72729,-0.10082287747867369
66525,-0.16710448526784294
81879,0.3699421730807102
30877,-0.2144062342171127
12550,0.16847207916533335
14842,-0.2634983104010802
14791,-0.1076927687460465
68265,-0.24402509063993172
547049,-0.24402509063993172
12568,-0.2124595757198442
20014,-0.09240398702923791
14762,-0.3953475845393344
19946,0.11312018150242942
76654,-0.2824886899690173
27356,-0.28993493240803314
26891,-0.09401003148512821
78052,0.3092981460256037
11632,0.11299983859809437
20811,-0.3435708984208805
14672,-0.17349046085415676
320558,0.28398189623033243
17973,-0.1668626672813689
12627,0.3262809890017162
21956,0.31392598981742914
210094,0.268255163298186
72258,0.3995824358568436
69837,-0.28802714106088523
225467,-0.2800571262454854
11757,0.10226300599430083
69714,-0.27268073521006464
68201,0.28350562498058984
15166,0.09201497472368203
259095,0.2996393112297975
26556,0.20882297095340352
26377,0.09217337557304539
27275,0.07444680573818818
18764,0.26844432682112185
18195,-0.1042223518743377
269224,0.2779307753197999
226841,0.3488212013542489
238331,0.07569627665293055
21789,0.31100431782137283
231583,-0.29238515440554025
192156,-0.2010403215764729
100042784,-0.2302744503847709
13681,-0.09846664642402381
17279,-0.35138925706511914
12958,0.28382397245652946
20497,0.23848801919525497
53895,-0.0964289986029847
108083,-0.10875912410047839
241636,0.3351351500982531
664883,0.2516711517103314
383491,0.24864986813915024
433485,0.32018731142833756
26430,-0.14763977914734117
100163,0.30560207872179657
217030,0.22569034598648763
110333,0.3156334179186797
209448,0.3223464943847447
216835,0.3158003371800122
212880,-0.15780905418897184
217306,-0.23464473120296425
105171,0.15575467621624828
242151,0.2508820509212555
14294,0.32865488373873397
13823,-0.2491791457459689
73341,-0.10509040074837195
76366,-0.20915969794492728
69663,-0.2952077355470051
68119,-0.22821570552082449
67216,0.24185177203664932
14854,-0.23549799111949543
56218,0.25695337648034666
50492,-0.2479024077080405
76894,-0.2564492599116788
17306,-0.2348632056121196
71268,-0.1969848404309511
16534,-0.08677867877825385
70911,-0.3053106056085517
319646,-0.3053106056085517
16421,-0.10778241492286966
69870,-0.08685269916789373
67811,0.10251236821780552
231225,0.1662316829039936
12850,0.1440341759456265
20667,0.3122010687101522
67966,-0.31459832905174245
403175,0.35328821688772916
14607,0.2563501425522974
242707,-0.2942193857435189
14459,0.3142539239698543
67561,-0.10550680340142282
11652,-0.06488498223758654
216441,0.3109317514688108
239932,0.2742940389389341
170677,0.45344600958940884
27979,-0.09940760890656897
382014,-0.2111742701036876
72472,0.19801213416373997
56839,0.3046743953494202
224105,-0.11760827700639354
72058,0.2536300951861268
30934,-0.247219265401311
258303,-0.2739720712998044
16168,0.2427682256287227
74626,-0.2211405062550762
71325,0.3377381095647083
216867,0.3024949580639351
13356,-0.12470239639241498
67703,0.17610174486460295
58805,0.12996147421655913
226849,-0.11198533862262394
11601,0.2850121818195257
11928,-0.09105969814414294
16330,-0.10644656877070346
19126,0.22604229492937034
13824,-0.42380121480377664
17685,-0.10646381801584148
13476,-0.14628212574570387
67656,0.25658398582128994
18798,0.24215868356055648
59044,-0.1135313599311143
59015,-0.15209810301108373
13813,-0.16105984343747082
12512,-0.14104601961398977
231999,-0.2534778999458007
67484,0.24741835910034116
21828,0.26464209866041477
76293,0.2390725507536411
30050,-0.21197816373990808
242773,-0.3044479161038556
246154,0.3139955010426254
83395,0.2137955835076628
320522,-0.1861178349906627
14106,-0.26305725595355733
628779,0.30712188547039476
320590,0.278112846311946
15401,0.3214533972669944
81018,-0.10316086591621954
22367,-0.1325911434095124
26399,-0.23934229337080737
78894,0.19286815878219876
20255,-0.3211826266874418
103466,-0.28932107629108117
12393,0.32926298916606545
12323,0.2970085095160062
73139,0.1603060775148304
19411,0.09405798658081466
12181,0.10063835342439198
231986,0.2886889524250673
56087,-0.30873305959416264
216549,-0.08191383593018209
17472,-0.08723612506017453
12212,-0.28179033215692506
64685,-0.09266825330422002
15228,-0.34210719749866625
217109,0.26878620695375766
60441,-0.20073333773724666
100637,-0.26602426771072896
29805,-0.09298076920047826
22670,-0.08182476261693061
228550,-0.242507203864486
74694,-0.3085781936284846
347722,0.305194946159987
59036,0.18925934628601393
12096,0.2531224469395248
665775,-0.26747054760873334
66272,-0.1082306184554902
75553,-0.07477677928665472
258697,0.21862423287845933
74185,-0.11216568557356954
55990,-0.33394928564793913
21802,0.1464087990894516
211652,-0.1940013385797128
21748,0.356347688218845
208146,-0.115814613580012
101883,0.09959723011185595
242557,-0.2062400606405097
74286,0.23421575028468666
217031,-0.2053438718607703
94242,0.25509226302897403
244049,0.13167398182253898
71522,-0.25487103087417307
71843,-0.25246601478146147
22259,-0.16951966691637566
320772,-0.237127043656165
215243,-0.1183499979478313
20935,-0.14270129087666739
109857,0.2511982783964868
75454,-0.08713884179799791
328779,0.30458787038249735
27008,-0.11370377576508517
22088,0.126893515130849
67068,0.08222002740646595
13046,-0.11430293474244912
56612,0.09092599691525827
380928,-0.2594556919686726
19933,-0.3172742851332897
194309,0.25245762701668006
67556,-0.1257705288916764
268294,-0.1618131575377859
212326,0.23717981173749436
13731,0.20181397247001165
72416,-0.1260545844201424
244885,-0.2107530884210922
114663,-0.22815894088477418
16833,-0.3021666880415186
75710,-0.09381849193258063
63958,0.13128622683304414
52864,-0.25905888410448874
71819,-0.2616811888229069
22184,-0.1698476059640477
245877,-0.09345179918962998
20448,-0.15667931364255416
14735,-0.2925662960373656
12922,0.33073293484802235
258736,0.22825786443675078
67533,0.18418993975502929
66532,0.18418993975502929
330064,-0.2576084148776241
68145,-0.25477552412570237
226747,-0.09110583048485754
85030,-0.11743145339693939
76980,0.23425391568478116
239188,-0.24800496535958416
216136,-0.24088515724684445
215160,-0.2840040962551802
108153,0.25824216281858403
67771,-0.08832984068429717
319317,-0.2301710693480583
13239,0.31398353529503087
69065,-0.22601350613194882
320127,0.2857664244708573
66102,-0.2146482272929271
214424,-0.17044772247824191
319518,0.3110209043064547
70237,-0.277680804364838
30791,0.12757503586428776
20465,0.23102876563067598
114304,0.25256474196676315
246727,0.24264130100806192
226255,0.286789416376779
244144,-0.322999521802541
18186,-0.3228923799781267
319991,0.34332225607707567
380840,0.17368173200322534
230709,-0.15345132866699096
56706,0.17255385919965427
20348,-0.23618413695103868
432572,-0.18422439148378622
66225,0.07730018520602577
20339,-0.4182829187998234
53603,-0.352912385529081
77015,-0.27657572790916785
381199,0.17506181760288442
73259,0.31687769222975426
268980,0.19419793999098012
23920,0.12477809524652095
54391,0.15747209737852153
22018,0.3109248136484859
225164,0.1802818186529871
13838,-0.30736154064677823
224829,0.24696556045979712
218460,-0.2740886417707351
20525,-0.15626275227893416
103711,-0.1474680239427073
11477,-0.24104863350473416
216274,0.24243802220613997
26416,0.0683883557983389
99439,0.09910906636318995
68133,-0.08800047027026281
70082,-0.2514605482368619
22072,-0.3738364062773085
26886,0.22444425200292173
54140,0.2776237914346922
72674,0.07844124846595868
77647,0.09875490728822989
75600,-0.32314926718914805
13706,-0.24331888284033054
13195,-0.17533692003016998
320484,0.10978032340942079
74467,-0.125409720785556
18760,-0.2835806513418371
243574,-0.2865524380069253
19146,0.2996633332412779
14537,0.14054930430640855
17292,0.237500914802645
76594,-0.2820280755380722
667823,-0.18490180724666772
11363,-0.30563883179845597
57441,-0.33686051322075095
71946,0.22366891558272606
230857,0.23017538998749743
69806,-0.08693864877525925
76453,-0.3229559193999698
18585,0.18576321267866946
70274,-0.2267052227357036
218271,-0.08889204358511726
18974,0.2641438412422712
99334,-0.1452153311791058
74342,0.26215653500941727
54137,-0.12540867591189375
15499,-0.14345446391078553
19708,-0.11504414282667064
72144,0.12383254079956973
114874,0.2314754395359815
12339,-0.16685918098066743
74388,-0.10248252318942708
16644,-0.29762194524245356
238831,-0.22661922226350484
17444,0.17035434007883943
71132,-0.3007591600442665
68533,-0.28348955826506295
330369,0.25001619865756286
83964,0.2880299031018927
18119,0.20627729064675115
66220,0.15145631732770326
26877,0.3605686649742368
227731,-0.25499218808047264
80910,0.25250425851715264
67006,-0.12196144411500587
68054,0.27987154487641597
218772,-0.241888554154416
223723,-0.15063746924899757
320244,-0.19940165990184067
76816,0.14421076097939967
19694,-0.29178520596306035
77296,0.16258233380200515
67120,-0.1712225018340119
15375,0.2996186094881117
67580,0.25544303809546776
259300,-0.2019607481930299
93746,0.2577749761857797
52626,-0.0893101924489983
384309,-0.09320646274926858
229542,-0.2142620288748498
19335,0.2647807864751597
319555,-0.24350836346329174
170731,0.11683014800421532
20204,0.28732980370379346
244813,-0.24264154983783381
494448,0.11614791582726625
19035,-0.09582959115356005
75475,0.2896835801037305
109168,0.14937072944669794
109979,-0.25706219018119203
18738,-0.10487099185477256
50724,0.08340419962643963
17256,-0.07879065731839674
237310,0.3280835567139677
12417,-0.0970893928909824
216749,0.20698038568785204
230967,-0.23311899919180412
23954,-0.26042243121877373
67026,-0.17328788900268144
110058,-0.43443846980533607
22764,-0.25899242575372217
66594,0.0947298918166446
18341,0.2610914380800331
18440,-0.292689867313328
237336,0.07850090721928282
20687,0.305334112017821
76808,0.33914218674225527
214944,0.25466145652598904
59007,0.27411140035776516
75914,-0.1411050035987138
16508,0.28993788018997124
74051,0.22505715066533893
214951,0.3176920339341658
101994,-0.20572373890653495
208606,-0.08322626302159897
14368,0.1843173654060397
242721,0.08741293776704495
11806,-0.1347653926354484
66536,-0.1293865033193562
11444,-0.25579315741016195
68758,-0.07939346436616823
104252,0.07476632143205109
12815,-0.3042313295046988
235584,-0.12401023608680806
59049,0.12178730472177435
241263,-0.24682134429283042
21389,0.1081507599657936
70785,-0.11180414762011459
16181,0.3150163786287754
71544,-0.3516702523844839
12401,0.28314654255765603
54216,-0.2416383795397845
16476,-0.12190326896547887
330836,-0.24600939937444366
70620,-0.11201414063492621
68519,-0.2878841942844632
11490,0.09172036243332649
246103,-0.13591500950840008
13131,0.13310761166829543
77782,0.23162180273612254
216742,-0.1121086002535403
66427,-0.12131775737620032
231287,-0.20112303014200528
16420,0.2933736150856241
229644,-0.6636012530543134
12514,0.12495886501894127
246788,0.3266040878942671
217138,0.34717009681724686
225028,-0.15674313794136285
230971,0.21652789180381804
232983,0.270758694668773
103537,-0.13115380335246307
30045,0.10404285292257409
17199,0.35411454169628787
232973,0.20630518976047085
14536,-0.3506494961711475
20962,0.2381366119071493
68558,-0.11659017753486545
74998,-0.26554860911823486
109294,-0.5691033412353619
68995,-0.08643404332134708
382793,-0.3248528267590123
57784,0.09228603840434602
72278,0.1022816655361396
13489,0.31270537867437387
97487,-0.20714253881608258
12388,0.1982338226217939
30947,0.08759247464311315
53901,-0.28868756795992256
69444,0.25276102445278426
68598,-0.0836182658782132
56480,-0.256451818057287
66262,-0.2721261153950971
12660,-0.18655795447270496
107971,0.34711145371856844
78174,-0.6763279423704893
27278,-0.29715648598604805
227801,-0.23580037856832003
67425,-0.29208022688693447
66930,0.24214958409948073
84112,0.40394452298072014
18101,-0.28097237096602257
69412,-0.28097237096602257
66258,-0.10177372230029569
19892,0.3434200464147579
29857,0.16705424276849623
15559,0.2537925937429204
71998,-0.20774067536106866
76826,0.2649986371690307
268656,-0.2746255033990046
67553,-0.2456939385107182
19060,-0.20682622166346043
71412,0.35256748049870446
67387,-0.1691671627182032
107702,-0.09048766166445255
170745,0.3552028921056989
66070,-0.07630839179012483
22701,0.21081854946163947
28030,-0.11042557966846012
100383,0.16613695486988078
68642,-0.11608927406697589
73095,-0.17940231200095713
239554,-0.19909066200507208
71586,-0.14457349341851078
246691,0.3538941238406226
237360,-0.10988924148477963
63830,-0.11374802868251166
110935,0.1468627576636945
105734,-0.2387867884706898
67707,-0.09427867114112409
14373,-0.2907685893834122
30951,-0.2385441079000019
67979,-0.13151402413256363
239839,-0.25417637748271815
434756,-0.2627679115222672
59288,-0.1154793457779828
353236,-0.3187477049424068
68673,0.2491832187375369
73873,0.2346020028573177
18968,-0.23488664860552344
74549,-0.15311118188606
66700,0.10823572633538703
16866,0.3853751057415442
100040019,0.3853751057415442
22342,0.22564613949371193
12396,-0.15803243966352198
56788,0.16499319481576435
56445,-0.18101680056294
59006,-0.21629352788109468
104943,0.2215436567737905
80721,0.2526052040135247
20615,-0.0922872626489113
12549,0.22087388475271474
208836,-0.23177850774226805
231872,0.07496333555151047
72022,0.1475829653601073
13070,0.24442540717022343
51810,0.09809503512830986
68259,-0.13376284153509665
108672,0.2843672581103913
228576,0.35109481138541687
637277,-0.27030221582521285
18815,-0.2939848709182171
110835,0.22656710881977915
170458,0.2826008902788688
56505,-0.10804627487304153
433766,0.3281421045869122
67456,-0.20883490810303673
26564,0.36275305099309296
11844,0.07596013320339523
215387,0.16369430278755992
14011,-0.27958973068057524
114875,0.19391057529463707
22355,-0.21521087779821446
239436,-0.24147204487664764
233919,0.22562589368250308
75570,-0.07799671432008459
229357,0.15808134699315612
76742,0.10007270955628655
67197,-0.10260277091660797
258672,0.2609080048914816
13495,-0.2623203171298236
70536,0.23788851749448447
75426,0.28378876795690333
20257,-0.29543850272556016
104360,0.2892948134758857
21399,0.15279278343076452
22215,0.26209753991369844
14547,-0.07391013455467998
27403,-0.0834830254678316
232156,0.21322689952115415
23885,-0.112640765893957
68278,-0.0778820485420244
69654,0.09516195609056588
194744,-0.22142633788327837
378462,-0.17183442968706775
17901,-0.28284713442365383
546747,0.34308776542798824
53896,0.3872641486536157
20604,-0.1352772783217615
118451,-0.2350557527045014
230908,-0.09691789563813558
29859,0.27148417231579725
320679,0.2905982858734695
192167,0.31261508324960197
270906,-0.3060932082118595
382571,-0.18338558208427624
23917,-0.1181761848372549
269338,-0.23548573601960499
11925,0.2770753977981393
94175,0.22086241919068694
52055,0.13332170060845172
20535,0.08456315128889891
215819,-0.20647959368751945
16872,0.18035342980232372
78330,-0.0769865573892261
30785,0.16708274535190304
70640,0.27714374324327196
383075,-0.2382125640599848
54006,-0.09297326515619808
21941,-0.276956791386866
20393,-0.13486491142886692
239611,-0.26174724264562954
208177,-0.2629195175753791
79235,0.38724701486439006
17381,-0.3290953237965768
56403,-0.21001834004579667
67092,0.2964109252744489
170834,0.2824853897250632
72462,0.25670014461538315
68021,-0.08465158921117855
68875,-0.23354725023731415
228911,-0.29160035462496214
14590,-0.12102036249589254
19069,-0.10168770099316049
21982,-0.13704574748863152
14071,0.2134684542383276
218629,-0.21007410901873058
71458,0.09295364974353681
381113,-0.21373671561959817
212398,-0.08713017544589885
83558,-0.2440610363683886
23922,-0.09704736952403792
16172,-0.2369127242593514
66441,-0.14864439857991663
18442,0.22272925873369775
58875,-0.06654225444720652
192200,-0.2859976486239013
242620,0.24422288445147533
218066,-0.2181456303516769
67781,-0.1460712982355572
14172,-0.25368436493816393
16661,-0.264063501656274
108800,0.2675146028442317
64661,-0.31057717031679477
23874,0.094159530936885
71722,-0.14046206355829582
230673,0.0654502761146123
76943,-0.2584723629851089
77411,-0.3205086348112438
224020,-0.12441125328185265
245860,0.11744230303793834
232679,0.11831983950487235
14365,0.15156433073813247
791364,0.3413357164451769
52250,-0.23193414077947994
320806,-0.09130268406155473
21350,-0.2934870243564389
140557,-0.30520534637289565
258350,0.3539982993547315
100910,-0.20695753406862316
75540,-0.23761811295058255
18019,-0.12787222931891407
19329,-0.2702174848607406
235472,-0.11907771104041487
71066,-0.2647577898505249
23897,-0.08254188908133564
209692,0.30330247264979526
12308,-0.20045565483136718
53608,0.2823981556230768
68307,0.27509219122264117
214403,-0.23741440546777204
71768,0.11537883983154895
93876,0.3283943570734116
71991,-0.17773496435321068
114641,-0.12903739492502186
50874,0.1251547744810768
54401,-0.06993536921728527
94184,-0.13250834841303583
223838,0.28432781289449416
19213,-0.2830015225903466
68655,0.2626390263499845
30940,0.15780355669699908
245688,-0.08457296441908646
212518,0.254169490403358
215653,-0.08527725667144459
66229,0.17946877038362707
102866,0.23578310403499714
78283,-0.21758444286775713
19042,0.0981273626893735
446101,-0.2465437423221588
12389,-0.37237238670360284
14282,0.18207901967630935
237560,0.32816100501697054
19201,0.12842684500572332
100978,0.1927648317557047
73647,-0.2307552370081165
14792,-0.07263718186788459
16687,0.26611843239721145
56292,-0.07176595703872479
623474,-0.251819396444537
231532,0.2977524677008434
71538,0.15429351738104025
67041,0.07697527358314282
234199,-0.30082540428905347
104362,0.21533671514869734
18491,-0.29847709763441
14886,-0.103664249078113
15234,0.25335738829623455
109900,-0.11049607830458097
56451,-0.06736392825059845
58172,0.07905994224987722
272589,-0.13990881222030538
76872,-0.30881116028253874
18514,0.1626012222844455
71564,-0.26504151539834453
381823,-0.2510476468195604
14376,-0.08336833218011819
72748,-0.24609380830229988
192212,-0.296036799385305
24087,0.2414784490520372
66072,0.07937102929844642
319634,0.1787490620666352
15531,0.19384588312936923
20842,0.11332458847148263
241230,-0.14764586209903285
13392,0.28769710255551484
56538,-0.331875918576944
545279,0.25440306967922366
67242,-0.21749209342233922
66705,0.14981823970237862
67574,0.2530678038294525
71807,-0.0919110167153594
215789,-0.23539007189575312
432486,-0.1748966710819353
75062,-0.0934530084985763
231915,-0.08923253956172594
74306,-0.20358875145416322
545370,0.31008509292850883
20450,0.24464762912963067
18223,0.32557415958900116
52551,-0.08660561672029843
53601,-0.2231990272217499
22195,-0.066527301989737
23925,0.22411623530054037
16969,-0.13629703925727732
338521,0.32498987934068646
77630,0.2984992675577627
16161,-0.2154039903137006
11842,0.07497905244671088
11889,-0.28516293713213603
21846,-0.35392220960525655
56716,-0.07928775983983449
218793,0.21405015992056775
94041,0.3169179350882829
245038,-0.3494494824260346
67622,-0.23874231519276368
78634,0.22940844648224523
72569,0.23258239182541462
76246,-0.24701498127181676
22094,0.21821949507942184
232493,-0.2444713786464483
21400,0.23888652271781297
27277,-0.1501470586786091
66824,-0.08821349767946707
68652,0.0756941110499163
338366,-0.07924361799641844
241490,0.1045229266396337
20745,0.2478529836902288
280408,0.09141081641956816
238328,0.1912887106468455
57274,0.2467388039247318
258690,0.22667362902762145
16949,0.23339990404114008
751864,0.13071583773055906
319909,0.36191478779456165
71897,-0.11760657221565118
72194,-0.17203387925790814
242418,-0.22645568490866097
269966,-0.22954364503048286
66449,-0.05999133932015077
68797,0.35815164556227197
213391,-0.14183356022730287
12825,-0.2346299382183048
72662,-0.10462723761247883
70315,-0.2560163844806347
550619,0.2521864206296929
11541,0.13781802104137952
70891,-0.1538422125265999
23863,-0.23911713735406614
232430,-0.08019974827280762
242297,0.180695837436466
20475,0.24337247858739008
654795,-0.08311877366321596
67582,-0.2009197130447271
387524,-0.127406290392992
83555,-0.16396953716362273
20690,-0.2540979389257707
13612,-0.22843863050328972
23795,-0.2718626833188882
17283,0.19251637745345462
53858,-0.22341141721781543
258338,-0.30594558608238387
12049,0.2834673170559965
74585,-0.06853629864038879
432839,-0.1693974633527442
12769,0.08950954733838756
74133,-0.18152960495410175
654812,-0.25104150884423326
77407,0.0724651028645571
257633,-0.1157163147010607
235281,-0.35402457401479737
100609,-0.22293025038973724
214704,-0.23101617612416714
74435,0.2261296043814398
18566,-0.20119686359090672
66245,-0.0936765742828225
75777,0.2086493721502718
23872,0.10775573570940722
14688,-0.06607431213747539
258405,0.19473945121107805
66380,-0.4088171180380824
76156,-0.2300574233106354
240028,-0.1116128742761493
18601,-0.25309166165013375
67272,0.17082944826283963
56489,-0.0887982458564931
75302,0.16638398392232556
12298,0.23613637159547984
320460,-0.33341047687525016
78455,-0.14593127848116438
246257,-0.14142983507010598
224824,-0.07059753838688998
71803,-0.2898517386279691
230316,-0.2125999964145322
104871,0.24083575074911767
140559,-0.16505731987126104
56494,-0.07709804767136141
239037,-0.1861537615236597
76747,-0.08936817307275646
17936,0.0877705779781568
71041,-0.19781818054427802
28114,-0.06423336404053437
23796,-0.2304781112573151
15902,-0.1969967489919533
75659,0.236060864600117
239530,-0.2602102093090579
20290,0.17770913160551327
14667,-0.10809043683999775
100048644,0.25559063463518195
14227,-0.07512776774988517
110595,0.3963388629378324
229584,-0.21002363122724255
13063,-0.08250105127299534
208650,-0.21994077307770787
56070,-0.1930066318358854
102058,-0.165668778144763
383563,-0.1354266994655946
14563,0.28612863682768896
11484,-0.35906251639855213
30853,-0.06520622226443251
19659,0.20938951506951842
69533,0.2026846540312901
227399,-0.2472748675597023
227632,0.2689488042706616
225608,-0.35822393810022923
72479,-0.0965231301073155
236732,-0.07754246934599074
21407,-0.261299893542021
237038,0.2783686523957849
18682,-0.27139213150805297
242384,-0.21448075353213003
19736,-0.27517231753108984
75510,-0.3018848842057382
16407,-0.2917091903281497
70387,-0.11070756822316596
70616,-0.0991937283037636
228071,-0.2406601576200602
18511,-0.23445756487643843
80292,0.21483747779101137
14657,-0.291530003149993
51960,0.30959840112918346
276891,-0.2621026823612995
27279,-0.13356112928582942
107656,0.16573401817993183
66412,-0.22186762261526827
15245,0.2644849347898388
233863,-0.14126135327991474
69602,0.23309670407519967
12412,0.10762347610508005
15356,0.0733332031883478
18619,-0.23809530632349585
67968,0.17850151111425383
106298,0.07121706547548712
241919,-0.2759593473016322
384806,0.2066504249201797
28015,-0.10918182891898986
224762,0.23893620125948978
22289,-0.13395388916192186
77583,0.10514593652665383
19737,0.23730207885947152
80981,0.17658828409446503
18949,-0.1102005723109638
16855,0.09204372706125241
66867,-0.10954060284309541
13498,0.1795042636759181
19703,-0.1824635609808194
19049,-0.3122454372538588
67474,-0.09478166258294429
21684,0.43571957314818643
77809,-0.20796529268062436
228993,-0.13960425520016884
72549,-0.23716982179764745
317755,-0.33238651449826806
78803,-0.2294119032685531
75015,-0.28207319035674105
16706,-0.23542935457267244
21936,-0.08614300197752911
272381,-0.29381754757614864
16169,-0.1348635028234071
105651,0.24811850290012538
18976,-0.26021750423466194
70769,0.09057867074642445
12116,-0.22459913217179217
245866,-0.23905717166731044
66241,-0.09677746645056651
71777,-0.19932393864562847
76167,-0.13497142171095344
68755,-0.12629082644906742
432779,0.19840411885967146
18753,-0.14469853735293903
21948,0.18191436667464256
229672,-0.2450702852487039
11705,0.3834991731668489
98970,0.3052243476421781
18634,-0.18994530085449446
76157,-0.18994530085449446
23892,-0.36228759995433757
19684,-0.11403182200989725
668940,0.24423545814821912
12507,-0.09818284674776656
22359,-0.19614496570446294
230737,-0.2568896018037874
21841,-0.2020970932574615
72171,0.2347760637087326
13175,0.22584852524869348
12292,0.2541786616940165
54670,-0.26475427101233073
71836,-0.24867348144023804
243510,0.18554490847035865
268934,0.24042449064656068
234072,0.19446290115593
242642,-0.20773649896194968
70727,-0.21871960340010066
17884,-0.32440111552110684
319613,-0.23285275264750016
11750,-0.07104815747287674
114143,0.07215933658670615
73693,0.2784333450210683
67320,-0.2969798435858291
19223,0.18064694718764418
22242,-0.2953133335807969
66569,0.25598660872690004
69035,-0.1692339449808271
320709,0.24630845919629962
240058,0.07810041052995675
14450,-0.2462199016824318
68929,0.09201932053925077
242341,-0.2811619263714129
320581,0.22692058378698743
59056,0.2301869078344958
108099,-0.08523166729513143
56229,-0.25788218760162174
12361,0.12676133616063723
71078,-0.23827241526294607
142682,0.2141935476905079
18645,-0.27440322693179464
14308,0.18595648322641933
68147,-0.10824514100280602
15965,-0.21993367231824923
217837,-0.1331769105977818
70568,-0.22525154664002667
14399,-0.2856591269490609
229700,-0.13864456469088982
56523,-0.16781092362194006
257909,-0.26636218019667535
18045,-0.2543219915007384
72475,0.12250462835145193
14605,0.10374435923121972
72587,-0.10281702274754423
64339,-0.282592462130725
241520,0.1844453578340879
17977,0.10245320685391057
380975,0.3284363889707027
216456,0.23060192513899036
22349,-0.23616874879103023
72649,0.17987309641534743
75516,-0.14095138381548722
107368,-0.2412760984741027
23792,-0.2213581596912313
27050,0.07872098711143494
66251,-0.22799007905328494
13548,-0.08331001768623914
71970,0.19493919765983403
17076,-0.2528434420942851
76866,-0.2545322780441448
414801,-0.07954796996254387
234258,0.37410286230331824
226413,0.2499625391136968
243634,-0.3634708461290046
78781,-0.0671931658906253
212168,-0.2431823880559234
230868,0.31843765691291637
70361,-0.10321606668652539
217198,0.24425611845327033
93762,-0.0913109146810509
26363,-0.13920259215600872
381418,-0.2269996421286704
17248,-0.13307118650814598
20503,-0.35337956636060053
16524,0.19709485252707548
70059,0.11665909952636966
50498,-0.10542393551073026
71877,-0.2960987177300596
20609,0.0753950988898584
18082,-0.2808966427246826
67500,-0.18213079667066712
22177,-0.10369156078419195
236727,-0.16611886687199728
15371,0.3322826843587481
76411,-0.26228421004108426
14726,0.27171586427019445
223227,0.15745890440573707
216285,0.2618489201410257
20563,0.284542429294115
100038570,0.2399458927732785
68276,-0.23740910686155914
320595,0.12823306180830052
97212,-0.2121166491561226
208372,0.2455027320617802
71619,0.28353753027578765
66541,-0.1024342766515538
320118,0.18736118978341576
19211,0.07435076438842891
66196,0.19717956587540364
23808,-0.0800667597514213
67948,-0.24096816491842343
21838,-0.11151084551016943
12265,-0.23593062465277992
17319,-0.0716251503305898
65254,-0.14153336819413376
380614,0.2283969125977956
18766,-0.26181831381121246
12661,0.3167080764163752
74197,-0.18909199661579112
18032,-0.22986445943563538
382913,0.2127728040590222
69241,-0.164892085289833
68014,-0.16692542334419969
19153,-0.19853713224967606
100504491,0.1662067618339531
20502,-0.28362771675033116
17755,0.26838595941359866
73388,0.21507785592730944
17954,0.20717915195324732
72621,0.2197550062060616
269788,-0.05772173041369655
21673,0.20443145849059619
17919,-0.23869411853378875
16589,-0.08533689988369275
225030,0.25475745836517305
107999,-0.06385351303496734
214063,-0.31596706309870903
72354,-0.0964978475381546
22275,-0.16405487834847143
16582,-0.22167857945989855
67758,-0.1626270134211647
243025,0.20261768889825316
230163,0.18212694555846642
227525,-0.08880852373272052
207495,0.10310149118349621
140571,0.20525969231153507
231098,0.1875573019048664
66687,0.1145071141252938
12282,0.21142720594320963
70495,0.20798520909029428
12570,0.35890275523153914
12913,-0.24708697825756953
17196,-0.10361361238767408
64295,-0.08725948552084262
66587,-0.08725948552084262
24117,-0.31615127693347445
14804,0.25750380881801727
16878,-0.4243975760412635
270669,-0.1899596391818248
100073351,-0.1899596391818248
54364,0.2363264892572987
67420,-0.18490760651888483
20493,0.2670671111340983
66994,0.11081297760116549
223527,-0.09095274241693296
73739,0.2185387060615085
52906,-0.07771787456315593
544806,0.2434755424870203
210297,0.2871739056561249
14457,-0.19206636453028558
269120,-0.2426218750123348
381305,0.05890556821274373
70611,-0.16058385903113326
22073,0.21038773414982792
217369,0.2076043194899002
320181,0.2492789845267911
207278,-0.13076466420631583
72098,-0.1488621252443183
66361,-0.1686444723445364
16549,0.14463649045221239
58869,-0.18390537635112203
216565,-0.20173929884261543
13006,-0.12448131592768519
57385,0.23753536868733072
68393,-0.26231322712718086
74316,-0.07251698700907916
233833,-0.24855563211957676
574402,-0.2162983900733373
210417,0.27525861099529525
14612,0.20737555297986887
75415,0.19222410505674414
238217,0.4082420474134123
23923,-0.30825539901649135
19348,0.28693328030434184
53902,-0.21792220630715153
666060,-0.24222152819426057
433586,0.10250527054010927
225579,-0.23114199223697574
74256,-0.08692575292153037
268933,-0.12270875786534496
15200,0.18366529309431812
57869,-0.18911585562659194
60532,-0.05970813647381412
320429,0.14497808772832332
242125,-0.2788192653486403
30840,0.13528841577003892
93961,0.22946326469441036
268697,0.1938596274878659
258934,0.21010528204755063
12326,-0.29987735372117275
17195,0.17416411066796567
226641,-0.21092778173701188
12140,0.28848409718425394
59048,-0.12485645474396012
11596,-0.18194954900133897
11861,0.14045008787971724
268752,-0.22079254822183092
52502,0.06204908577894308
16396,-0.07543397785562966
635702,-0.2167732062786749
12325,-0.11177692233217229
17423,-0.11177692233217229
414872,-0.12575207675627809
69740,0.0763484519645452
140858,-0.09560327659955092
73144,-0.23708687504135728
72832,0.35155701020740393
24071,-0.07933278892478235
18046,-0.07780100347667407
84035,-0.17788103093476337
12487,-0.089185433830961
15378,-0.2523941280890951
11677,-0.09562425566308086
213464,0.12397907062464686
12211,0.14140691761100932
228850,-0.0981729903716797
66204,-0.21146454304838969
246787,-0.1914652054087611
233802,-0.08070894559868869
244198,0.22403997708045775
15116,0.274189805199212
68475,-0.08319527002541527
75734,0.11832231012924765
53424,-0.0588126039264214
28193,-0.08472212902530707
240396,-0.13876438263586177
14673,-0.15671486451338712
20821,0.07640472581135782
326622,0.08789637178837761
12954,0.16046951349589822
22116,-0.21707672823939816
59025,0.11688631677049521
70884,0.2586597818024212
68107,0.17456121144289405
56183,-0.23242446128612837
320752,0.3782084514548929
269637,0.24954663827238388
16978,-0.07863757611825406
240832,0.09481501053837249
15874,-0.22306774598290602
13726,-0.09503042586984911
66646,-0.1343369597578281
100019,0.23019247835646084
66990,0.06595716909534488
22272,-0.10278453859991288
14388,0.183932493929289
18784,-0.22831599549065906
14261,0.27839000991673446
17085,-0.23292689890937712
21353,0.16568341589189117
229504,-0.18515774932999385
442801,-0.11990140176542496
268566,-0.2161582064571368
635253,-0.2639731839791022
14712,-0.10427472679974414
19357,-0.09533851415113048
67013,-0.13015826467179892
68050,0.06480606071547435
230734,-0.17605863109963682
622434,0.175769088461335
216440,-0.07968484904681539
11532,-0.18875661724170278
12846,-0.0664418677323777
66244,0.08267200714496425
208171,-0.13908815341862635
63954,0.31219510647933646
68839,-0.10464625869981603
229521,0.10492669022867496
330355,-0.16809769779002082
58988,-0.1323682115449678
20913,0.16092585601510656
279653,0.22274390065283312
15431,0.3251329184302181
233877,-0.14947405166448036
56338,-0.11896221553005226
224836,-0.2924930361210354
214105,0.23389075198573384
67153,0.0920772652971742
108837,-0.08932119841062658
17978,0.112262978629456
76795,-0.07415899983238461
22137,-0.2678477684517211
330671,-0.1815570481265123
102632,-0.17343029891481887
12814,-0.24805114517252935
77799,-0.14092341785123974
15381,-0.08664241291721986
12862,0.11283331995654411
71712,-0.2643720283197952
71313,0.17740139688896495
170651,0.24707547895292814
214663,0.20557738387531277
50876,0.2761268986018379
74737,0.1484008229209719
497113,0.23531739465638601
54723,-0.134911960830582
17886,0.09990332375662092
70369,-0.17777292947679335
20585,-0.09243763955543471
245607,-0.2841607120271048
71453,0.22748845478809931
21781,0.24860887282630717
54380,-0.08873695371271495
209590,0.22990370095700285
14579,0.23602873181023565
19695,0.22705651090616374
15483,0.06444577895954673
66809,0.2659322158089559
20591,-0.08516160480617252
20429,-0.2858108187764725
67480,0.17968146311222544
74140,0.06202871247687369
103844,0.2313340883852839
20462,0.21767722727694672
66373,0.09803831559585774
226976,-0.08443685017607727
67053,0.16256688182826906
56471,0.21483491961535517
69288,-0.15668132208300545
54397,-0.18885317915650202
11944,0.19375407838917535
640543,0.22022165846259645
71854,0.2293987574509
244891,-0.11032245784395212
56282,-0.0905347210295826
209586,-0.05649151306382372
23957,-0.3071508849297526
77318,0.1916005294757328
14105,-0.1916351647940795
382056,-0.09292135405532953
237615,0.12978739804048534
214133,0.11669431976625777
16641,-0.24085148976258708
16880,-0.20948604217684608
433178,-0.26058450717037873
17829,-0.1959509898591847
216198,-0.1990079601712882
67391,0.0692539317798655
73094,-0.20823170289139892
269587,0.11976375145229667
211468,-0.20897395647275863
544922,0.18782179713136848
245492,-0.2628871714986847
110862,0.20834840583837444
18583,-0.10906073792724058
20533,0.1432116848363556
258821,-0.1368462748170476
16782,-0.18127220444505188
15571,-0.3011623450234273
12828,0.22858023184392673
17193,-0.13766679788758562
239510,-0.08510370631470288
320158,0.32174693139472277
72322,0.09295262282056171
77286,0.3534327750733519
79044,-0.06684357156462184
79059,-0.06684357156462184
214305,0.26620166499944276
71111,0.2842683216464432
209630,-0.20575023881687482
245650,-0.18328564419889792
12868,-0.05189037716143119
78076,0.21299166066108244
232664,0.1866786376735603
75901,-0.1377979718085447
433667,-0.233920842782946
69684,-0.0704162033335134
69367,-0.06402308846022464
56357,-0.10328849754647607
13828,0.23428439671401158
217664,-0.1028702380481139
226026,-0.19358793771882343
240816,-0.2104237233135322
17968,-0.29569895086175
217378,0.30056911005080433
14679,-0.0594810376516719
58207,0.15116425887554108
52443,-0.05654540839634414
94223,-0.18667176171857758
54126,-0.0717335722064476
69608,0.1071124569708628
17925,-0.08263828277166851
12753,0.22050014943944785
17957,-0.19317040105449745
232910,-0.06460804686458488
57741,0.08536810845312992
67112,-0.20427887691107127
11936,-0.17610892476197737
11305,-0.18194443205758226
17135,-0.06055441220055613
242603,0.22274343403523034
14939,0.1685030388859916
329470,-0.13600724852203605
100038860,0.1792713226450262
68611,-0.0970641504293317
241447,-0.1503791665054095
56015,-0.2175331812797583
71562,-0.0918724475117445
74463,0.13530036330757422
94088,-0.32089141581521163
208158,-0.08223406909316999
14780,0.29605350520113705
77219,-0.14735682952118534
72568,-0.15872239368799157
380698,0.2670773751176707
217082,0.18099773279740639
60504,-0.08488527643111077
66789,-0.2550392694579733
14077,-0.262186076612724
14453,-0.19899073668621003
66813,-0.24138813952536076
21881,-0.04691412541653328
73681,-0.16837149442813537
20818,0.17146836728532122
140780,0.1313561831936525
12990,0.26021735851700845
621239,0.42711035070350256
237010,-0.24441923998343684
15500,-0.17955143093937131
100045792,0.18677590318839243
66283,0.1777201929869312
142681,-0.23074141035116114
23834,0.16907110343629794
241431,-0.26155592190330257
383709,-0.26155592190330257
12704,0.20772233625177083
65114,-0.18418489870276655
30805,0.17423808287737153
72750,-0.06670917683176647
74100,-0.16277457387649896
207785,-0.20395506567928745
170812,-0.1977210270536336
286940,-0.16092263404897267
238130,-0.2248402849283968
56086,0.07321284260466676
237847,-0.10063430043649113
21428,-0.24360076454128254
259106,-0.17931949742461484
20227,0.09945142568713727
213498,-0.19919679250855626
18786,0.12663546260081837
73246,0.230075535208627
16211,0.08834026068879908
77521,-0.25514440339987576
21909,0.17576633505790884
271981,0.2574049961165237
223752,-0.06166656586985653
227231,-0.1665927354678507
65246,0.19018269010007316
11769,0.073477367193032
226470,-0.10780781278384666
107392,-0.1375335796070969
22229,0.09262927051933723
26879,0.20692978011461705
212999,-0.18465652621723017
277203,0.1937100795612814
630146,-0.12183900641001966
232813,0.2565820274734092
83603,-0.225597069435155
241489,0.14954206866968622
212712,0.2761905744754265
56187,-0.21058339261023562
20209,0.23466313128214278
16664,-0.2210494768155531
208164,0.23899867209711267
225152,0.24757832991717965
56298,-0.17108543205100357
13655,0.2524676778640087
68473,0.26237148549756384
68094,-0.20335136985087043
12374,0.1827011865935737
73046,0.07550581708918003
16475,-0.18906607366267458
74055,-0.23629083758228298
271786,-0.17757107994865295
208092,-0.1271359064661297
71146,-0.13618143282082507
333088,0.22369445680710154
94061,0.11640901107540724
20931,-0.16746977949102426
71983,-0.18267191133474192
75753,0.1473317573280557
53871,0.21921488070554762
58249,-0.06961187870555818
14257,0.15967666817756054
100504285,0.2021878229315517
237716,-0.24951241280832548
240916,-0.29797975524125864
76072,0.21825504668396167
68089,-0.07491801567826073
102639117,0.19850559412205415
100986,-0.09427797397877224
11603,-0.14223465197867213
72709,-0.2085851265362697
213788,0.18669141227853814
227648,-0.06741277855270411
64436,-0.06741277855270411
11775,0.20573090446043718
22141,0.2633417418742301
216166,-0.250319904055754
338367,0.1799252773898381
22171,0.11044677291157257
22222,-0.16929754129672148
19038,-0.20770490000742825
72399,-0.06169010850828194
72823,-0.13323992080970815
22757,-0.06283977730848811
71685,0.18976503911975762
226518,0.2764280238437138
218335,-0.08220850804205959
226162,-0.07932039282536074
69641,-0.13399495517626647
76282,-0.10306171894135119
67268,0.07375588302674885
81489,-0.08277372589341248
75965,-0.2061600607717633
229512,-0.058674391423096495
14615,-0.16403389323080564
67709,-0.21219334162206982
56289,-0.06961833889565305
229363,-0.15705351476951623
67044,-0.056263806199742916
18415,-0.09053001532461558
245827,-0.2094716304363935
213109,-0.09815936929378388
17364,-0.2583169974914643
17147,0.16841699043048397
211978,0.21689140102134186
22318,-0.09069512491307918
216881,-0.21589895970188255
17001,0.2304954321519066
66079,-0.07226699122011482
109222,0.28894668224769227
20167,0.19550681944590131
54651,-0.2452965556660498
19414,-0.10783677010890003
11516,-0.20340101828000634
269695,0.1969359848633605
242819,-0.22841046131140086
15107,-0.12016933346095016
74760,0.23792374555124773
56426,-0.10876018462247394
77945,-0.0978540910748702
225283,-0.13335828857386378
16159,-0.2713975633032115
100040972,0.19220632257795423
94185,-0.22305911695820857
68703,-0.1928868688573182
73919,-0.21355735142985388
12564,-0.22546528824322642
266632,-0.22413592666055937
100210,-0.17346577553949594
75894,-0.12123235699851787
277939,-0.11750883455635197
16514,0.2672090948284107
75607,-0.21970882853991824
103534,0.24634564927800184
12336,0.05427357060960958
66259,0.24944584592284258
78653,0.06449093989274068
192663,0.09431256852165149
74492,-0.180769016644295
110750,-0.17401647601409032
52858,-0.08408249382875965
99712,0.07192045337929898
227292,-0.052744057029840974
140629,0.14886844280018074
67239,-0.08509343303129135
260409,-0.10039078537182178
56228,-0.06703261889180645
20965,0.17132836087314463
12503,-0.20403720091953392
72181,-0.16118640987145127
225326,0.08537350728678117
67161,-0.1795989841082717
621976,-0.2167936771973027
210992,-0.10276624181234872
23827,-0.19781194377383748
66049,-0.08930287427616257
69060,0.22975751236520114
13835,0.12133678561657746
208898,0.2290557921286558
56210,-0.19825023776907091
12057,-0.27485704339706274
353346,-0.19769380081242627
24127,-0.18157926577002215
16413,-0.07734720856229238
105245391,-0.07734720856229238
319974,-0.18088218129985556
68520,-0.1648456464936574
209584,-0.25092373135172696
78016,-0.21294057404971678
58212,0.227572481277325
320825,-0.23634757395580142
20761,0.25022173794351454
226594,-0.09169946198635337
215512,0.1450796360226576
276919,-0.2099974472368693
67727,0.10323818592232037
209012,-0.19529813293305587
239217,0.08850159806171476
80744,-0.30042461982085467
18780,0.2437762821617775
18597,-0.17176923635511
94111,0.23788876631597677
17288,0.2416778542772655
20266,-0.19303192807506075
106344,-0.06291200749187986
14160,0.25686414464524887
226548,0.15948476218113417
19326,0.06335210950375192
626596,-0.22023921366656296
12865,0.1969881352680396
67207,-0.15803961766055963
14677,0.27270474475927386
66894,-0.09353502055584961
16649,-0.07377463019722796
27219,0.3870299039057179
224481,-0.09719126108793841
64082,0.1591847798585313
22353,0.2480767967543649
66972,0.22643725192977193
100952,-0.22217915704419688
241568,-0.2270056732276089
208936,-0.1996176152623561
320554,0.3021670916907828
258098,-0.20988225522850534
236930,-0.08550855453572215
12387,-0.10880789938719815
217302,-0.22224460785038413
14734,-0.2053879916919561
110880,0.1687021882983153
170799,-0.19974207863532456
78752,-0.1946835666317206
244551,0.11618675170449322
277343,0.44989482501353883
58866,-0.21027032370193677
53321,0.19621694320313754
268739,-0.23955031354884548
69541,0.2007311594544694
56041,-0.09041183978530931
108073,-0.2394405720011039
66461,0.05547126420962023
230861,-0.09520978970882688
75686,-0.1192800678299264
72309,-0.0628302627015529
78753,0.18586385322175003
122152370,-0.18870607471678458
102442,-0.06491257054264565
224840,-0.2652602213570505
76399,0.2629114593647146
17022,-0.2859974135685661
15220,-0.22974992455775833
54208,0.07987312054193119
12228,0.10989570111505031
14800,0.22877202374398564
320360,0.2445644286549351
257910,0.2271712821558518
70461,-0.12938940152249145
223666,-0.061399687710595785
67861,-0.1472835859524988
14885,-0.18310923829058368
14423,-0.1586472508173653
18014,-0.18663317264877932
67154,-0.06524692826529055
229474,0.19383240122661505
13593,0.20938362971920377
15557,0.2696172189600885
71793,0.11907712018946359
238323,-0.24876145166245855
75452,0.10915133027364554
14081,0.1347177593825819
330938,0.17603351381628052
13447,-0.19478780484105762
231713,-0.23556495276379508
13205,-0.07227611301776271
68833,-0.12499550496431144
28126,0.09740426208280883
217869,0.08381314592019962
224938,-0.08208666809997389
105663,-0.22545270866770117
331623,0.09804529018046892
252868,0.2376446347638579
21416,0.1339637697910936
74254,-0.20639090051125208
93759,-0.07422444958938179
74015,-0.0795782440591033
103554,-0.10687382681421198
12488,-0.07367851436008621
16590,-0.1771072181622424
229709,0.16049938347434445
241324,-0.21818621297667518
69780,-0.09461478578995042
101118,-0.18063886016428565
16581,-0.15896592636975004
98366,0.09579603436714912
233038,0.1447511272639792
72759,-0.14333484999171286
17876,-0.13184963230413516
12921,0.12623756236253492
242894,0.11635102917822149
67459,0.2132780523686879
12854,0.13318237360634644
56397,-0.06375398015783595
26943,-0.06825720413977798
14601,0.19231796336192009
68401,-0.07729027906772856
69823,-0.23448869030348796
13164,0.28834869790248785
211187,0.22641458030535144
546726,0.20514451020666202
114606,-0.23459194706240538
19164,-0.06465553574271254
270035,-0.15553517394662997
12296,-0.20120278052274365
30949,-0.12282942063419977
104831,-0.09739812556713723
14088,-0.23129042063704208
17174,-0.318327307401451
54371,0.22955299884854075
17868,0.19183716916381144
381337,0.07909901806041297
224727,0.08375221912103648
14489,0.11833042935965565
13805,0.1562225269532167
69010,0.061705668120087154
20017,-0.14263959924516012
381489,-0.24250960530171417
20302,0.20244490803908732
68299,0.1894188469761171
57914,-0.07683913804481968
67075,-0.07827021662281552
50795,0.18973449392896402
78308,-0.054675141631893354
245404,0.20624749249223928
70252,0.16612937384381388
399510,0.1446785234689738
22160,-0.23822472084025792
214593,-0.1963200758037278
69902,0.09544231101393841
21834,-0.169078038103621
232670,0.09787009166648453
103136,0.16800690875035063
52323,-0.17208029480618503
12209,-0.22953007740050824
406220,0.1972206075633176
218138,-0.24693618506940496
227615,0.06044033639024704
268996,0.07785118855974993
20776,0.09169971070814409
73703,0.20112873523074803
76893,-0.15374644282717842
20352,-0.1203683105499378
208922,-0.17629713752906184
72053,0.0747197430595401
69772,0.24001932866353481
26887,-0.20461868613749523
75608,-0.14956526012789162
17869,0.11405125687677309
229658,0.16156716507087765
216856,-0.2290744132268694
22287,0.12968067754903512
69090,0.16953865708500526
74493,-0.27268121248956056
193796,-0.07015322754041087
16825,-0.06464556438575286
67731,-0.11449888299152366
19727,0.0982383201036594
215280,0.0662931218060816
67671,-0.040142590406329504
240756,-0.06798478525322516
217653,0.22763382014717415
78558,-0.1712098174301282
258238,-0.1595031514793117
230718,-0.17589254274063748
22152,0.24661640823886888
230779,0.15753548861120148
232237,0.2287644066160004
208884,0.060352359347781714
58861,0.1976321595714392
329795,-0.2374355107196049
233280,0.15450511754088936
19672,0.06671598244586185
23789,-0.08883361539566259
218877,-0.16128355942309058
69675,0.13958263134240045
19204,-0.11376528675334807
223272,-0.24494884136504602
16971,-0.1323747375802249
14000,-0.08955594516676602
210529,0.24260379895754536
217705,-0.18619885358629862
16322,0.1577776270199669
243725,0.15336782197349041
68879,-0.07974100958043628
54003,0.1740908137087871
56533,0.2367441250643405
235459,-0.06748492132395789
19655,-0.06601288913839287
78581,-0.08624799718035803
66892,-0.1617726028487123
60510,0.15474483859711352
268741,0.13525058418419
52020,-0.23523242744676187
74841,-0.08178921573904141
18263,0.06517696127062322
14186,-0.27172810072131615
226525,0.20981616074785725
237436,0.16899982850998052
67103,0.2179722115112348
271564,0.10941583456085446
59043,-0.22526634431938142
16499,0.19020293373119745
11682,0.21643754886857636
75141,0.10472947864449367
258105,0.22397405812949156
382137,-0.11316891557379183
237868,-0.21822591188538976
20874,-0.2155464263996807
11993,-0.08225308106860396
16510,-0.17500146090531654
60530,0.15011460861707082
69922,0.10168783146217031
257635,0.10320214618597401
56370,0.236862153525355
13026,0.06677610719858329
68678,0.18865391603580672
56705,0.11271165377326398
228869,-0.05827137997531828
229524,-0.07830044339754849
17192,-0.05329884533829521
107746,-0.0756731236249717
76260,0.2649902529296799
93887,-0.20793657622761508
74763,0.07390020737480008
16351,-0.17953437498855873
26448,0.15940311819637998
26611,-0.20753585753280746
209200,0.09940986362220272
76793,-0.17975346652839086
77352,0.1464447643346567
71683,0.062272903075195174
21386,0.22878750821856642
13204,-0.2122687566786743
213054,-0.09975977305827755
110323,-0.0544559843769008
239852,0.27634144317815856
15519,0.053199778546057175
18821,-0.1863095254659628
13396,0.29780617970329715
71323,0.20192768287493656
66402,0.17584381094376456
213236,0.10735624809358235
13011,0.10031228064468678
214685,-0.19059108110763923
66624,0.2289056936876932
26431,-0.09340962845146095
27419,-0.11220964523431398
14235,0.17690700620653743
545548,-0.19050709929159604
67846,-0.16038193784349986
69071,0.15736313904560983
11977,0.08376842700233134
234857,0.1930526936992818
432536,-0.17841592622799318
66166,-0.28164489955530847
218832,-0.20533845608638046
240263,-0.11804414495279847
59069,-0.08327430126745128
55927,-0.0654204745043181
14870,0.047277693409844446
19143,0.13856221467383456
381591,-0.1617738524954584
67074,0.19730206465475764
13972,0.08754928395014439
22413,0.20709174926142948
59032,-0.08737035399185977
12728,0.22862340047763396
21405,-0.1976011168330789
20624,-0.09683472231749057
76467,0.16043274980999556
20607,0.12948365971813747
72507,0.23825348129815982
22324,-0.07584030429722155
212391,-0.08817982746823994
12977,0.11287406483992157
216033,0.209570612363998
67849,-0.08150584747609457
13628,0.16619338906280845
228790,-0.06683358278609575
234086,0.17582735504254732
238505,0.08878933296756841
217194,-0.22405200384208612
22690,-0.23762774788040808
12020,0.21727998381962532
102423,-0.16241573644256935
246277,-0.24152735270949144
20482,0.0570342675489286
258990,-0.18753662370431146
53382,0.17542019960188604
16886,-0.1708293929848832
215061,0.22466528580261613
67288,-0.09647964748782378
238205,-0.18699913848710814
226999,-0.2411076376427621
381457,-0.1770892277828482
67097,-0.05463969596006635
14130,-0.11275253735721691
171211,0.2016174269625859
224045,-0.08177853863444096
12945,0.2004481202281143
17127,-0.13922151113655268
99031,0.21054784421803197
18150,-0.1410958777453608
103268,0.18425433215151887
68212,0.06944478748370919
67010,-0.0851814608911905
12261,-0.08435432694733613
19771,-0.2631585253784934
19218,0.17855927504891866
69875,0.06769669246797783
54519,-0.09736933982538787
19288,0.2527700893095619
69754,-0.0880607468150032
66494,-0.0733254009782911
320712,-0.25729476077213187
73833,-0.06855402497508045
210145,-0.16065084193734736
320404,-0.14542370750254285
434784,0.22269134660569812
68743,-0.16695506025910678
224617,0.21304935339014275
53978,0.18069275804105
229841,0.1472297623709311
215690,0.17708984665112926
226182,-0.22173006921109994
18667,-0.20589190314285233
207393,0.19423624723235466
93888,0.238067833905506
56622,-0.2578709985600298
74205,-0.17204436859547823
216028,0.15824341258836228
17392,-0.26763146863320575
66124,-0.1423468908963148
71037,0.24380336355474652
208449,-0.06498076484604276
50787,-0.22703784475667632
56325,-0.06320167439836766
13875,0.10257866917707581
14013,0.23592897981919148
20595,0.07988625511216263
97863,-0.08109545718092726
212139,0.08997064625177664
108660,-0.046040920952002296
65967,-0.08725290264145968
13030,0.09635265178092389
240174,0.16550842506602592
75563,0.17447503245647678
11306,0.15205349078635422
70370,-0.2517328635680993
72297,0.27145257663522315
11486,-0.06585295814489456
52187,-0.21765820767948707
16656,-0.2511932916510906
380694,0.1770764894246044
68942,-0.1826048206166595
58237,-0.19184079062020576
12540,-0.07946601464621672
73713,-0.20738839962352085
12592,-0.19497736389395648
54393,-0.19418430686017096
15260,-0.15800975241158888
192950,0.22082514722751778
16612,0.18608786179659909
15168,-0.21021155687052762
18648,-0.07231540801246084
433256,-0.08531207043143674
93886,0.23425734732706793
11772,0.1297669242194539
209239,-0.1832004787536219
16404,-0.15638262912348466
331461,0.21337733551687332
73230,0.23876237751763307
22163,0.057498212451216446
140630,-0.1145511079360082
226421,0.12077689534584479
23997,-0.0556896935032789
67171,0.06892306600000708
14427,0.2934012771500316
66500,0.11483747823486379
231290,0.1922441613266228
258506,-0.18809704707339536
76408,-0.13633828591683805
11988,0.231042446438801
170829,-0.14554062953171254
97827,-0.19257779849290912
68226,0.164763405340973
78796,0.16615592494966513
78244,0.09950731254140432
11656,0.03330791231725527
71752,-0.0912933858373357
209018,-0.08624337582298747
69743,-0.16930208043816464
27421,0.1958686667508167
71989,-0.1045292331814025
381318,0.16232644579779532
50766,-0.24198074514893175
69697,0.11336764299959423
26950,0.19456977715869517
319468,-0.10989058220176062
67005,-0.062404366523201915
19207,-0.061543555837667796
320924,-0.22625964041430446
19183,-0.1969624964996246
72565,-0.39303170667739185
435528,0.13948500080980875
22092,0.21999756723791775
24059,0.16245683853557935
18313,-0.17500565534349466
234911,0.21045972518803868
74013,0.09830652257803152
94063,-0.08812088537940355
74334,0.14187027999708945
18807,0.049756512698477806
22415,0.1533781455327352
381813,-0.19869158090593508
109169,-0.08825071777351567
18632,-0.07721360539535027
20192,0.1727263075608576
67690,-0.06587030200391553
75782,-0.1753302722069936
71373,0.19051076929353084
75396,0.2342360325625661
11686,0.17983407925887462
140577,0.20160191067056132
11464,-0.253427762200237
18406,-0.18235795812097777
52892,0.2241842430284695
73744,-0.0904750935620875
258207,0.21575618169765365
18545,0.12106328634061114
12964,-0.20572419575545897
11450,-0.32924403763547705
24074,-0.19501673594634017
56296,0.2397196613049939
75469,-0.19806090388735775
217364,-0.08477597622669997
80890,-0.20614463567323504
12672,0.13714857138273473
15516,-0.06633799331452472
207227,0.13208188626305706
67027,-0.11740429749519432
20660,0.08914173805510117
14658,0.24699231310940828
110312,0.2233554122184156
27401,-0.15134810407136
98660,-0.18027413072994802
27058,-0.07116539778392905
217333,-0.1354843614921819
276770,-0.05171216100301379
74577,0.1311950687767407
216825,-0.17221369842972134
332359,0.16766120387578187
21750,-0.07127458333936154
69656,0.224305834548292
21817,-0.11605683605182371
56381,-0.1840466112276875
55984,0.15385505740982275
234825,-0.05484351581628921
12234,0.1823795076630521
70713,-0.17074956888832293
64818,-0.14364557302971903
67713,-0.07142614400816072
78134,0.1948322598943033
239667,-0.1943155723251575
14313,0.17029890130636538
319455,0.1904978061128384
16904,-0.09940689657427271
26895,-0.12902578532999698
69162,-0.11966285259284604
22214,0.19930987563725466
71027,0.26345202524006783
258606,0.1956481112561188
21818,0.08488755185578789
68857,-0.15664972625137485
14174,0.3011413997415531
243043,0.19877398495751608
58240,-0.17974011787457833
76205,0.1017218305043377
240880,-0.14509908276497097
381493,-0.14489595278789658
128900018,-0.14489595278789658
108155,0.09593064133365736
67629,-0.1711973980081991
13803,0.060047052509634824
68366,-0.189035764577409
13626,-0.06917756696603128
192188,0.17959636289708136
11536,0.18673552664593052
12562,-0.18137690664118988
109263,-0.16718946689791014
66674,0.15966902390155635
70864,0.14436141049002726
16579,-0.13121164003380503
241694,-0.1745287633529058
67384,-0.15476455288481983
22225,-0.07192108491876503
56626,-0.06032041621848094
54614,-0.17374521181086156
20311,0.14943376601993208
66686,0.17375153690374212
56771,-0.2079075934930783
228543,-0.29150399528646
214301,-0.19953821407121408
333329,0.15692235913605934
209737,0.1969404681258169
244431,-0.16905225460909312
14163,-0.1951613488259749
70829,-0.05979495124335443
13543,0.08596894735695937
13830,0.1681238528300799
494504,0.18226715168816465
103135,-0.1966098379364869
50934,0.08621105564002729
17261,-0.05962546415788239
12404,0.2555176167313018
70396,-0.044721900574531404
246048,-0.18325648129268401
70317,-0.14822549563762255
244962,-0.1152923452386192
16783,-0.059252837075352005
21976,-0.11476069870067462
16156,-0.16023409051813342
116838,0.158054466071059
77891,0.07804580285188756
65247,0.15107227220629227
14584,-0.20805737605587282
14616,-0.19496037387906462
258407,0.18294111145793845
16196,0.1712803106701184
68889,-0.0942359817910079
26409,0.044123838879043475
53419,-0.17588174183871264
100043254,-0.17320665890603149
72778,-0.1781825445718015
217140,0.06121039194990274
14030,-0.06231232868983483
211651,-0.1969736103509332
17144,0.24865588170157293
16890,-0.16756013173355555
26450,-0.14593006108539175
70893,-0.16061966091641988
16551,-0.17542075421767045
64144,-0.0752499971691547
71780,-0.07656872464079889
20605,0.1663045279479305
76483,0.06457793297455972
76574,-0.19023901596974735
56858,-0.21741642564137953
216151,0.1133422130694548
382985,0.16642288093641078
14805,0.19158614169638133
11423,0.1839120906538092
22421,0.1688224869986228
18484,-0.17537408267576904
17751,-0.12915255449846796
18641,0.16424874032393344
18314,-0.21595573976193716
68465,-0.05955876249500314
11909,-0.07186998523445531
30930,0.07883072827999094
12500,-0.07183768708248195
66118,-0.058947080925984
71340,0.10189317227616357
13123,0.15644720265879553
55982,0.15872326963633654
20731,0.14624638395420053
77579,0.26684484688083643
53886,-0.11975598088653605
74637,-0.1495436673311934
18983,0.14184366811204807
56812,0.13616312773052286
26447,-0.07650564044434205
240131,-0.31578632503048
240614,0.22720935961934074
216019,0.13561691265678455
74735,0.12305120320440732
213522,-0.18120604418686614
70422,0.17866334343651236
665033,-0.25915149769276447
53885,0.23360345314972086
12740,-0.2964355194095085
100504183,0.14592473675535356
67471,-0.10051585738293234
223921,-0.128744934703648
26885,-0.20254667128283632
14426,-0.19430996094764463
76217,0.21630348524922827
54375,0.13662188849113654
21843,-0.06532069782571526
76960,0.09679314957679797
69384,0.13037020945848798
66442,-0.07887640965596887
20378,0.19930200881441085
53872,-0.12323934692580707
13430,-0.06930990831768113
230603,0.18659126411533045
20335,0.07887448318430756
321022,-0.06019051648631901
72373,-0.223425062147391
74840,0.06322149865349047
15395,-0.23846598241472527
21844,0.08927894962267757
24108,0.16253010761703557
26381,-0.19138823012455397
12622,-0.1986499140956397
13990,-0.17836603837470744
329777,0.15379324503087144
13663,-0.23217185919288852
56069,-0.29344004128877366
67134,-0.0630341693474108
245537,0.0796973728402417
14428,0.16076465234937887
73422,0.23838833272906879
109205,0.19809934065799428
67921,-0.12960726773306597
240025,0.1893903242678565
67945,0.04293633844108058
74267,0.1557699508228616
17930,-0.2527977694247312
54197,0.05235743710670171
52076,-0.17124344283557003
16428,0.05735397239826767
277432,-0.17907846943915784
18813,-0.0780160741970155
74485,-0.21237767915913608
117606,0.1920390029518657
225348,-0.1447068210316207
54608,-0.16831263460392965
19214,0.21643576273965826
80885,0.11400227796979578
210198,0.15777795629235314
259092,0.15679902465713536
83454,0.14091997978581805
17527,0.051555341032633706
22099,-0.05102756547350751
330149,0.226204882747298
14182,-0.10399375128626787
58200,-0.20844881488562006
57271,-0.15104212021068175
192653,-0.18918844423777958
78656,-0.21983829006007483
229898,-0.07581567174432813
242083,-0.10373606360863619
214058,0.16465630542460996
69797,-0.24559386303147068
75219,-0.14661702835533408
20345,0.050097927069924
15373,0.17325468165886448
233876,-0.1142191735088538
16426,-0.14384126523998608
246316,0.1930965137325158
19009,-0.20992982084205725
74156,0.21503426127860825
70918,-0.2045442181810504
100702,-0.31885243402095753
20526,0.24454666174846285
67414,-0.08919457823285537
26373,-0.15590593427447086
212919,0.1682015900078797
19700,0.15602375124001888
242521,-0.06323555814023685
328789,0.1884539934369509
67045,-0.14731958640761178
110948,-0.13375333338472561
22035,0.10373945345457791
19127,0.1429077329139945
72454,-0.06565629725069044
243983,-0.11939521659482466
66568,-0.2148870826401419
56486,0.04461891669945928
230082,-0.10748361172616061
258713,-0.18408133290490047
219144,0.16984095481591055
238725,-0.1925883512541775
20197,-0.1104401873744969
20354,-0.07678158881513042
76187,0.13384963150077134
277154,-0.18838373729581948
320500,0.05382423111364254
75564,-0.14860941838110442
218461,-0.21111928293964288
22157,0.1270491500237485
16497,-0.2192408334961664
234686,-0.06086881449543036
20499,-0.08895299729089423
18231,-0.1814021690136549
230917,0.1346210331717721
80751,-0.11812576837852085
66898,0.1868745866870607
13837,0.19712326355931342
13048,0.2418438621876664
12010,-0.06437909988708057
69807,-0.12232638616486202
20616,0.16822321420246844
56736,0.0924478299638487
100039672,-0.19630958172175772
18703,0.21941015971492872
11671,-0.15790663830457063
19716,0.20437651337952456
75338,-0.14953379938839317
11308,0.1296088598148284
27409,0.1958819262837368
72057,0.044678073917845396
259067,0.22899740364118903
234395,0.08487475000518341
55992,0.07232831106497706
269643,0.191488594154122
242607,-0.13621761902166263
14169,0.1935938536383075
67276,-0.19795332095465135
20405,0.05817645011441108
14429,0.2203646260943608
319817,0.06767698194081717
22368,-0.05104139908110206
67291,0.08852199171200326
258675,-0.13535969251147906
77041,-0.21661067029460934
26557,-0.1698358648826801
76002,0.1652163669896063
73732,-0.16025721661927417
21417,-0.14782737261129153
14809,0.192923013448131
68865,0.12964742878326163
104111,0.18374955295327133
277743,0.17885453301669907
54609,-0.09999190629813715
73316,-0.22475637138969828
71365,-0.14409108841013918
666279,0.2423094335898508
237253,-0.17079539542051592
237178,-0.16282132326574583
208666,-0.21392182204095
15185,0.06605912064773278
66597,-0.16307225839315986
15415,0.17099689821069886
18828,0.26427640413199294
14897,0.1282260083134048
15191,0.040302486232532075
78177,0.14650906359326665
268780,0.20098207232000886
246086,0.18608027996191456
13870,0.10965617619534562
17933,0.19325768909766872
19324,0.09205569511934009
100088,-0.12543416995346046
258601,0.19095635026526914
320487,-0.1546673281470783
320311,0.20780799700017916
259000,0.22242569938054446
78801,0.182711334459845
12033,-0.1254190796292285
216613,-0.2121720986979545
243548,0.23418589522018163
108682,0.13450543165757534
13599,0.16403203254823717
238333,0.16363647343839327
239083,0.15466316918227996
83428,-0.17779493102920885
269941,0.05374921189053339
272636,-0.12968233331252677
67573,-0.19191633101398198
16433,0.19484971567615705
17235,0.2091594031875017
54419,-0.16105414584925004
75477,-0.19649280482637144
329093,0.2615242229856509
229725,-0.058668798150195656
70625,-0.089292946668861
66101,0.07206213793637417
50931,-0.07041960091358312
108160,-0.048328443994783754
12829,0.1731858700233886
545798,-0.16960542486091157
12017,0.04016667819287889
234267,0.1517226058980965
212483,-0.0568158752849115
12970,0.1720802129502692
12826,-0.0648354003593754
19119,0.14967039578391894
20408,-0.1453064647135589
11674,0.05904343988209959
210710,-0.163350266274902
100503280,-0.163350266274902
330474,-0.09420872168772654
668158,0.17176077800633127
20500,-0.13738184667569975
20449,0.0570189953907736
20341,0.1477676064060045
56632,-0.05463601608785673
93694,0.06924298698968734
71972,-0.18054844899982747
20319,0.1710221815214319
228005,-0.14745363991960847
67988,0.08767635695860321
76722,-0.17918459878497073
230612,0.17098899445320814
69134,0.17634469086444415
15574,0.14296758276694277
623230,-0.19391326476703252
98732,-0.11517051296279845
56057,0.17263000720066035
26939,-0.13427518041637487
211666,-0.05986801071763104
14585,0.15470492385114643
21925,-0.19983339188825422
195018,-0.13831480105240068
21938,-0.1448927656345269
71240,-0.1508567932484386
19376,-0.21016068043397595
234421,0.12909185977112259
19155,0.05572991151661455
18643,0.10178184301286386
72033,0.21184930700957594
231712,-0.047792286988054045
19157,-0.047568652248790144
214111,0.15189004319919786
227606,-0.12005259629384124
22232,-0.16839507617503546
76779,0.07528783143582807
67016,-0.13315320134428088
116848,-0.11532684955879624
105450,0.14195455912085775
270058,-0.07234896582295924
18701,0.10914431541797764
70350,0.12360825100359207
14425,0.1556200622766859
100504164,-0.15975536687380654
11628,0.16139988565493635
19879,0.2025857827285411
66878,0.07733381907362435
171180,-0.14651158731357095
218977,-0.1671557250662259
17263,-0.1669674083558057
212898,0.12917260937514197
68267,-0.11220627336623767
22283,0.1775507420362601
55925,0.1717617387930641
17126,-0.148686223456294
239157,-0.2153186193855845
15403,0.1700720562182223
70093,-0.11227552526933238
244329,0.157683714002661
19881,-0.06716157289746327
66625,0.05949486774584578
93732,0.16858907884003838
218210,-0.06529957937996755
231642,-0.06591238637857089
18567,-0.055619729792461214
330260,0.05418987594884683
239114,-0.21259970207185663
15568,0.12857050375722956
216965,-0.05480463536391511
78658,-0.08125000019295481
13669,-0.11736459213773554
56773,-0.24653051680749982
380967,-0.16943817416839035
327942,-0.14198795554457044
16779,0.16170162338107064
53331,-0.052661552853747295
67900,0.15635958593806976
21952,0.13517422468502982
15445,-0.2548264693676643
69642,-0.16730428975373002
114644,0.19588709272550764
69480,-0.1429943564296252
18609,0.15652798704784487
12936,0.20425324082546803
331535,-0.18471964633113291
56752,-0.07861362122889304
217353,0.14527825601595268
18408,0.12541406574453706
224897,-0.09404443356492109
12018,-0.05452447442145392
268390,-0.1606507112843958
28240,0.18178943619346377
239038,-0.20338972339459094
208043,-0.08978647302303955
109820,0.20350663224555987
384997,0.1858033485088444
21872,0.1419977737321383
56693,-0.04908071993861718
56844,-0.04727526389319259
111175,-0.16313923920176698
12343,0.06964413797624935
19244,0.051354268226120325
71452,-0.0862220816518473
81907,0.12643958504525887
15357,-0.13841686991870272
66407,-0.04800184551049291
56353,0.07359946439599696
628746,0.07359946439599696
16515,0.13581996099974525
243897,0.10968424446462954
67015,-0.12880024679027446
217265,-0.16219195242725482
105638,-0.12717441749757175
227929,-0.06845308845503872
76415,0.16773980858075577
18679,-0.0901131901702783
12957,-0.0883917526871878
50722,0.10413940591642667
232946,0.13866630904541744
237611,-0.15557590908881025
70807,-0.046252324271959466
18633,-0.04589897541848309
15530,-0.17497808904248302
70358,0.14376566274406377
208213,0.21124254656348773
76223,-0.1516771526753562
71941,-0.17956340684440342
16852,-0.06135701331491461
109637,-0.1591225274945849
211770,0.1214453405754119
231327,0.15145640193447107
57138,0.09724157615328277
64658,0.050577661938291385
234839,0.04990640996854445
75398,0.09681946637934224
24045,-0.06467326474935042
68972,0.0641962860392784
435965,-0.1757824075608858
260302,-0.07470721845751882
15436,-0.22526623778857902
13481,-0.038400377033381616
76932,0.07851289019732732
72145,0.20224039042349284
22024,0.21194981990375306
320923,0.14365410191968664
16671,-0.13892538273475585
19361,0.14958475010236594
244646,0.1237249207412443
192170,-0.0647693666377851
54324,0.16717488579723305
13831,0.0747802550706993
58802,-0.12460747530512073
545085,-0.16741597497996175
73314,-0.23531130148328305
67096,-0.15104975447266789
76338,-0.05983613644810948
20855,0.11876576949734696
217733,-0.22789823613963467
75725,-0.05920715916531094
217143,0.1696081746726703
107435,-0.1570795052803593
385668,0.3042086038910261
333424,0.17054310692809604
433809,-0.12082400135667282
16429,-0.11643110926253097
493583,-0.11643110926253097
27078,-0.1632448642381883
102636082,-0.14298457904233253
20297,-0.1191781429008989
19309,0.16091768057352862
69137,0.14941563245138756
20185,-0.08267347870076591
17169,0.07865055830334455
211945,-0.22562085252134167
74414,-0.06973670819398592
76299,-0.08917571254655154
55938,0.1298053345750132
101543,-0.16504241066547465
70383,-0.17578188497061387
73327,0.13227370432618102
69707,-0.1166854464921121
320817,0.06966523378476985
233246,0.12810919931452247
66673,0.22272252930930003
21848,0.06829357529733393
228770,0.14416441663267365
14534,-0.06214437959722474
57435,0.1357680494722624
53602,0.0753155593249204
214253,-0.17253947090745214
66416,-0.047281640167662786
71529,0.16928873361025865
327954,0.17461875454743847
69824,0.12002087571805387
19891,-0.1005640186024035
50878,-0.2144258360620226
70840,0.1578060544912261
76499,0.17543983511418215
56485,0.17337118025697773
214901,-0.13980444319599883
70549,-0.14410754605562204
66816,0.1849440001182634
208188,-0.13633018856128176
22057,-0.06990052657029544
13346,0.06806837718619052
107029,-0.07757215900874304
98417,-0.05090749944469053
78903,-0.1479498728870121
26398,-0.10770176294384548
217351,-0.07205610284720798
12367,0.10296586378271577
22762,0.145537032584377
66473,-0.13800802643682353
116837,-0.18859084063670206
240283,0.12760708702678425
77862,-0.050167822093596826
17151,0.04743502689587409
64656,0.03741951663713827
71908,0.10770915857231156
20333,0.05744666535116316
17831,-0.1100352666548452
22773,-0.1686217725068322
75660,-0.045430362918811085
53311,0.11694270016584785
194237,-0.14129511181202314
270150,0.15268133722056465
233789,-0.04599181058308943
73293,0.12870596240096654
66959,0.12552743763854224
12501,-0.04499682785222703
320951,-0.04306699505316658
140486,0.140600413728019
56469,0.08646063206771615
53856,-0.1460708560682047
17880,-0.17550498728566843
13841,0.14438229682241088
12469,-0.04544320892892806
80859,-0.12973748984731515
84094,0.11110432310529639
71817,-0.04338525768749335
12777,-0.12460434901229078
19894,-0.18427811185220744
19877,0.07339555139339904
235527,-0.19992389670555077
17996,-0.159815324529597
117147,-0.13901963470141876
242805,0.15140642375821933
22276,-0.06494795605338233
66211,0.17892259527592147
108058,-0.06458389369815265
15284,-0.13893149778227176
432508,0.08164900594123026
76804,-0.14056732026673657
66198,0.15493685374667265
27273,0.12323592121518923
12565,0.14747316642615882
69101,-0.11114844537219604
13389,-0.18553944584003101
77057,0.16259444895605135
225998,-0.12014918366705496
192199,0.19354919546603533
75581,-0.21916437545189194
26940,-0.06682675645509839
67226,0.04594882401179845
320705,-0.11813258639119262
50786,0.15933412020888937
29867,0.12191136804619607
76484,-0.1672497201506986
67225,0.062297656415112534
67049,-0.05470459627487223
66643,-0.17447109966911212
239591,0.14342393734394054
20652,0.1488674729964652
208943,0.1581925253668608
15394,0.1862521665445378
71363,-0.12012682018618204
20218,-0.054585854231392616
98170,-0.11914820890395106
12631,-0.056907724137202464
54377,0.140753810539473
225872,0.20366134867910812
213575,0.1678968345973182
54611,0.20201703081105116
105855,-0.06272987702453925
53878,-0.13227591409967765
264895,-0.04760583119467654
15490,-0.1475248852165345
435772,0.1310080869965864
21753,-0.066224745664762
109821,0.19422634414780315
619289,0.17813221732697837
19220,0.15774132544217956
74277,-0.07303620859868332
268396,-0.1371862485005364
26426,-0.052027952655960163
57260,0.2072732053211559
109754,-0.07830706484170946
381213,-0.17202712470695314
329324,0.18327157487786883
12295,-0.18034182701829238
56310,-0.04838870336553924
319945,-0.071031768159596
71856,-0.0975241147079764
69116,-0.06442002117726098
67902,0.13188765948276604
114228,-0.1430343691279914
20513,0.1379842849477244
18226,-0.04507892896002019
99011,0.14942196408401287
218236,-0.10938446403029545
74020,-0.12959468431392906
73158,-0.05578161710993257
231151,-0.14996786005374307
382406,-0.10773824727588632
11881,0.1975679712906313
100216474,0.1398927877116325
69852,-0.17187643450149626
240753,0.1591823973000701
68567,-0.23801248793146534
99375,0.13313274858772495
238021,0.16652701361881705
233744,-0.1295656688675253
574428,-0.05094510614920278
69496,0.11806417788487833
228677,-0.17487093120361585
72515,-0.052166617971659335
66977,0.18258940901410092
14221,-0.17191551239407588
18256,0.12724040330264375
15492,0.14546169425572764
75459,0.1789317874073495
234542,0.13958643874677978
17688,-0.0652924482330981
12013,0.05960779685520379
70024,0.18026417596406485
99889,0.077968232579809
20416,-0.04653549432681814
104245,-0.15151259745706636
70823,-0.13317196712846524
57754,0.1509840700185543
17921,-0.136860228584335
58185,0.07607985824365038
244179,0.1376226840452306
68813,-0.12149101519779304
56351,0.039889784621358615
56440,-0.061477084559424355
56363,-0.16908296965503222
75002,-0.17186434759244218
110109,-0.08777381886129909
237890,0.18566927210634798
21677,-0.15835754714761574
227210,0.1023426882746934
20504,-0.10665472120440977
17259,0.12937658062993584
105980076,0.12937658062993584
17156,-0.06628542210703081
17087,-0.09439623553629506
16541,-0.051830499386582574
11461,0.052602024061023656
18142,-0.14725408582775312
20773,-0.08611773701893366
110135,-0.11048969206883008
11287,0.16842318075168672
231571,-0.05790462236793115
13347,-0.14349101044393375
623661,0.1389376226645469
22778,-0.10178419204371103
230584,-0.03820787225330591
212933,0.1567685368467524
12167,0.12833453162994424
67665,0.04102197280837139
107995,0.11575030904753181
67664,0.1524735939986197
27260,0.13076772699798322
213272,0.338537959452494
18292,0.13499011131750294
214384,-0.14664106854258696
12163,0.07843332450028395
226539,-0.14244982655653438
207911,0.15883731099692566
668173,0.1198473802975153
12751,-0.10392382087302021
97031,-0.21672045368201776
57816,0.05014849132496835
259047,-0.1788382490008522
233537,-0.19003533201276612
80911,0.1639722547522755
12616,0.13005133455939166
381979,-0.1663464781488262
271457,-0.05588080722763422
20274,-0.1389946530842452
68038,-0.1150322325552775
246710,-0.07282812384374537
59021,-0.12396888153404717
70530,-0.1460434628567091
235041,0.14052327103478213
233335,0.0955832292591623
74571,-0.30504045113705125
235582,-0.11266131630838183
23945,-0.144741574414331
109889,-0.12357838996116488
16184,-0.09599467462284483
93739,0.04128815886857673
77805,0.08684494524929587
320995,0.17017614319822005
244757,0.1443659152225365
20318,-0.04317759836269097
320727,-0.15061441326054847
246738,0.15975590542606266
238680,0.20775363994909135
11556,0.13469309406572538
271036,0.13227005308822637
16775,0.2142205561576116
27966,0.07668118859723627
448987,-0.12789499204679977
213208,-0.13951836053896116
15432,0.12727012987973074
13116,0.12901394789543108
72902,-0.18496794290902008
50794,-0.06829990041834044
207212,-0.144272687516664
12774,-0.17335256998127413
50780,-0.04591772672478811
12675,0.05776935481841683
677296,0.14772153613088967
16865,0.09078370596301433
75210,-0.16565278369373182
66870,-0.04444925339121575
15569,-0.16935145477302127
320355,-0.16486302217371263
12465,-0.046518981613104415
58865,0.09708719218247541
664805,0.12326146503772994
101612,0.10655952486504994
77040,-0.14017172313907
17164,0.03689067480406649
239133,0.11219498071368061
15486,-0.13880167641707608
72026,-0.05924675159390347
12867,0.052685487263291364
74413,0.17781142033889186
381157,0.1041358330464579
16591,-0.12298247060416667
27015,-0.0923600603796979
99138,-0.04324624202367211
21923,0.18012334644136052
56364,-0.1507143187593245
16195,0.09381736314873557
21411,-0.05104365647605569
66223,0.1344016560736918
67088,-0.1416964598661048
78878,0.16070797128164305
327956,-0.1325913756791497
93689,0.14608838255729317
73666,-0.10590198424681763
71436,0.12047821738684661
108857,-0.0628944576161583
442827,-0.11849896637845525
319880,-0.08995336183260871
383435,0.13667365735691206
13191,-0.05405497872717824
18591,0.07093700887000232
434204,-0.08119819914210069
268663,-0.09675088313486846
170656,0.14809700030679096
68515,0.11283141254893536
229055,-0.11813460162841771
380702,-0.17061151041696077
240322,0.06947882445252951
57773,0.05697726132044423
20724,0.24487695444545032
13400,-0.14759366193512324
56473,-0.1314302917733441
24099,0.12380667559889247
18143,-0.1429376701744891
546729,-0.17035878249703185
56406,-0.08692109709249607
320634,0.09133020200769693
241528,0.18493852873961547
270672,0.1939775605483911
20467,-0.030319444333727574
233079,0.11886134921341984
99470,0.12084929214285989
228061,-0.05278650010065
77552,0.12772210331212053
93842,-0.07541194502889859
14784,-0.060678620303148634
14208,-0.06372183828101008
232934,0.14024556361165796
21762,-0.051416945905213396
74568,0.12680565068073335
103742,-0.04223114438169162
79401,-0.13951860844704855
72881,0.05352284029217014
22223,0.1527268476524677
19281,-0.17142982000382467
83453,0.14149956118228202
238266,0.1452345470936809
22428,0.043529633105368504
15235,0.08795593331970508
232413,-0.14666997628166012
242425,0.13613743732701966
69694,-0.16455614720037381
18711,0.1029284535853261
232944,-0.06002616769916003
18071,-0.15359337544803964
212070,0.15978643784750668
258569,-0.12549644760254353
66271,0.10368776455206241
14164,0.16732835227162202
19765,0.05697459389060633
13166,-0.14984979089428663
67909,0.14126849640013361
230726,0.1229596811375302
53618,0.13044114456044653
321007,-0.14075320518096834
258987,-0.13593613852851272
68925,-0.07704464677210154
218739,0.10526532947570466
104418,0.04483296794288272
76500,0.08025784988702789
224807,0.0650030612260526
18475,0.14047360732467773
69219,0.04746796640796358
19332,0.13697465015355803
233115,0.11988371179503865
68916,-0.04511094491049761
16423,-0.0363465481773364
108062,-0.11077457996944684
211936,0.15323665003605846
23918,-0.037765250683944984
12544,0.12463352125088178
192164,0.1043567253206974
329421,0.07209653437896257
22418,-0.15710422857310524
18715,-0.13392649049146677
16538,0.17347898045320598
269275,0.16247289205282156
258287,0.15806122247815013
238463,0.1956145378880656
269113,-0.056154702277849466
20415,0.169404616270588
117591,-0.1351264730581967
17761,0.15258638803527091
19418,0.1227631723154401
101206,-0.044921499548232546
20682,-0.08302428150387087
12038,-0.14856339898392523
14348,-0.12078401571011899
69191,0.13234261562345662
66422,-0.0415560338127694
243771,0.15137499444213276
53623,-0.22886110292314932
67724,-0.12829606839589935
12591,0.1127997509361518
386463,0.1420100661139907
64899,0.11213169153595537
19416,0.23070623256892775
22724,0.07681000177633379
13038,-0.15309150583212627
433375,0.041620389197984053
108946,-0.09241139457303404
319195,-0.054345265034150714
67493,-0.0777435318854458
23856,-0.06604286497601031
51786,-0.0711149876564452
211329,0.14500832880042402
18129,-0.05549459210535268
14697,-0.14642604104166512
246229,0.11529678412725275
19023,0.12197133487305312
17341,0.08868042648707775
67160,-0.05013828559255984
330119,0.15364365192479212
243362,0.1210995796845431
100038882,0.07415601169095254
94044,0.06651601804187912
72193,-0.13515582466577047
228859,-0.0722442072559275
244895,0.05931358695022482
74610,-0.04877849051329086
235040,-0.04248993545236779
67035,0.11657716509213412
67845,0.074955006270498
71715,-0.26485842182979447
78388,0.0977089332647969
12268,-0.07427167918379762
57434,-0.16712985211323161
69527,-0.07616029617067976
99035,0.1474446799522342
73582,-0.14562908312449796
12848,0.09242357608050078
11704,0.15753280252022162
72927,0.11644613342760124
11829,0.1264236394330709
76687,0.0526381095123547
193838,-0.08672558295933186
231672,0.10353501230960305
24017,-0.07441180862297792
108123,-0.10408106693699004
216350,-0.13515591166009866
70363,0.11277356521452564
230828,-0.16141718369119928
223774,-0.15646300182065076
16477,0.12026215542971297
66679,-0.04917107507587204
54352,-0.10275557482165754
70031,0.150941022067542
18124,0.06252503318239633
329360,0.10310202890323161
373864,-0.19524199423623445
76486,0.12358193738564793
53626,0.1450725640728594
217682,-0.1225192854306485
14699,0.13533442817418173
170706,0.051865896328045835
108078,0.11450377112717192
26414,0.1445496315524606
68680,0.1333679391838567
57357,-0.05004218925650683
70650,-0.14766839654086716
12929,-0.07868497049991419
104248,-0.11273314353303965
22278,-0.10920861083400801
18012,-0.11546158202143264
76858,0.14126675767174302
280645,0.13947209018092632
69456,0.10883744738759837
19358,0.12486840971931734
215890,-0.15148940689501833
20334,0.0970211798333791
12364,-0.1428110086319938
108156,0.13275218075078854
74405,0.10663241863326478
22589,-0.12665185660301148
83770,-0.1813970989057716
77531,-0.15077376903207806
108735,-0.04506650442351123
99326,0.137195018162803
108912,0.12162347578447719
19822,-0.07165408875781676
50798,-0.04422734811548246
210719,0.16354187905026363
228731,0.16392617014007627
16869,0.134835249070421
232086,-0.130042380900123
434778,-0.1431664146350986
117600,-0.16581198821952503
207352,-0.05360135267586408
218975,-0.06670282290973262
83945,-0.05319408173935791
381546,0.13289335427738003
53418,0.13289335427738003
11911,-0.041333732500710596
20860,-0.11375732475884526
381352,0.0992740163330108
69536,0.0889436393987948
77446,-0.1034296752623769
29875,0.06584348752374147
383787,0.155353973692812
20466,-0.1575377306202821
235135,0.15510991595335977
18322,-0.15631645188012122
21784,0.18492552225008652
233187,0.09984868238912359
59310,-0.12587018151885543
267019,0.11755064333935827
15434,0.19667941566446023
11972,-0.06095266690534906
233080,-0.08894696198347862
233081,-0.08894696198347862
69731,-0.052196801005411686
66201,-0.06318781872639967
125179616,-0.06318781872639967
83691,0.14769981657259335
381334,-0.19263899130542939
546840,-0.10540472476253582
66446,-0.055832443373926566
58227,0.13003035564237475
20476,-0.15340509623841259
15426,0.12586904666883703
224224,-0.11861358642610309
258153,0.16361782791663515
12418,-0.06259592556945037
213990,0.043628198878197466
67141,-0.13977211413914503
207854,-0.24697138991806344
22419,0.05933731023052147
66460,-0.058130532568707594
78833,0.04093947233166162
14190,-0.09529482564187663
110308,-0.1643617215866353
57340,0.12665906285493866
11994,-0.13241916843466672
56644,-0.07392780835840007
52276,0.12161143026333487
434130,0.16481783439739583
20668,-0.044300381625065555
21366,0.04034104145378592
12577,-0.13684561862855293
66401,-0.1303840719519762
214158,0.17066655752958404
14945,-0.17618434512821857
18710,-0.14669072813478934
68701,-0.13032393814781962
212427,-0.11293832263922265
381280,-0.11293832263922265
245424,-0.11897948631565214
22173,0.09064085016867551
71753,-0.1516715036216678
74720,0.18292858629764197
12193,-0.05549466475099152
15161,-0.061511780701827945
74288,0.15371766297053568
212937,0.1482208984986979
238555,-0.13000800023402537
224022,-0.1108355028052257
13193,0.1452121539784894
69790,-0.05572565800995477
107581,-0.09278979113661556
20849,0.04568533736553171
26987,-0.03736285549645224
105844,0.10025377820069714
67728,0.050608441480759936
268482,-0.14865989116763423
227377,-0.1084182090029362
13684,-0.10320506248920047
66905,-0.04093627004047384
14314,-0.11277020610550492
20899,-0.11337895093365358
94179,0.12371871505139964
15288,0.11678875802638267
209354,-0.11170258544803957
16341,-0.056832995116741
232077,0.12627336719673554
72948,-0.08920670393505414
237339,-0.10050562338395697
66467,-0.05695975244846352
22097,0.02992557816885899
22247,-0.0520559279189623
72065,-0.11395981380065212
319832,-0.1624158904348425
53600,-0.04647744134222087
23829,0.14346293052807724
68944,0.054462947962331754
12611,0.06227300148881021
245666,-0.12893750625882472
76740,0.06721415777101925
69469,0.1493749057881777
353502,-0.037005847927897406
26413,0.03633550458232726
19206,-0.10718530289774808
209416,-0.04793298405246915
71354,-0.13747930565515754
232933,-0.09300544073837358
77037,-0.1361498743237597
19883,-0.12451711158128109
60507,0.1330749745564228
11801,-0.32535530613220676
382077,-0.12094256044186125
98488,-0.1397216340121581
71687,0.11362305504597936
12677,-0.1704109717682476
11933,0.04901135138610613
16841,-0.12612851823164117
170788,0.11328466617691024
382427,0.11755253026681522
73942,0.14684803096317722
231128,-0.05879454549353724
237353,0.12943014117745033
332397,0.12697334589430476
26424,-0.10213242886199314
14776,-0.04902454293428704
110173,-0.05436744901772261
17179,-0.03689115853026159
14375,-0.040911230420142886
230484,-0.06728194149585498
192231,-0.03994145655894599
54405,-0.03676919251100941
59042,0.032578019265976366
192113,-0.10678681801653589
320506,0.1291982691449336
73724,-0.05013913989915686
338359,-0.1087482470609551
52609,0.12376648293475512
67678,0.04767185245829886
18140,-0.09207336151931678
56322,0.12125336854840096
56088,-0.043812493032678645
227733,0.15852107267090787
20464,0.1151855868567111
15216,-0.0732166130951164
121022,-0.044014083293991035
229277,0.11624239474905806
17463,0.04533027553173774
67821,0.13714951426929645
246102,-0.1169227662456791
258321,-0.15278408381999897
230721,0.10696618810121095
434341,0.05124438687143673
67270,0.06446611185314843
102193,0.03448730273285605
93897,0.1406138965205943
12960,0.12175435404051793
241196,0.1370762212445591
17916,-0.06087051299483015
14924,0.1179618024357918
78178,0.1179618024357918
380701,0.0935074116606942
268859,0.11062183492128863
105246064,0.11062183492128863
73284,-0.11293602869924246
14843,0.12912881477437743
234155,-0.08879044460588315
59016,-0.04179752719920771
29819,-0.11903634727344059
18763,-0.048153942812538375
114674,-0.15862317044857122
211578,-0.12829656960617442
20832,-0.04436096291907354
72640,0.12090510845820823
106393,0.1328439360372089
15354,-0.12410168477565531
56264,-0.11251411538950506
58226,0.09277684734465641
19752,0.13762594730013689
20851,-0.04851116666729283
245684,0.16896271946721786
77042,0.15392093727826506
114713,-0.09112910414515607
70208,-0.10443118360319481
67742,0.0635823421008439
20678,0.14646707678773563
94218,-0.040058546341610324
14107,-0.28418422001391264
66865,-0.06379128520323274
216439,-0.04203375694129008
56715,0.03555362678077323
22758,0.08950109969855191
77781,-0.08063974118419104
17972,0.04286450760470828
101320,-0.12301447679733268
72017,0.09245238214318441
623046,0.13239900164161122
70771,0.10764511446197167
27681,0.026699671336425368
78920,0.04316097134607588
208869,-0.04375118425028468
103694,-0.07710064519858939
269585,0.07920376768051884
52897,0.10813067151640698
94227,0.1322379136249996
60365,-0.05498019247630559
57749,0.09726825804810746
19341,-0.07890734525661092
243616,0.11059444115617811
19766,0.06337111407429497
224912,0.09377064952795955
11553,0.13881801076245015
68159,-0.12613802710695232
11815,-0.13874322461628008
56784,0.06549930763492373
11496,-0.08826581690103996
20897,0.12684611925108502
16525,-0.11726522765465042
18317,0.12152039155370131
231430,-0.12414840912696956
212442,0.11932307950663201
13712,0.12917440344351405
12831,-0.091446768058562
67187,0.09694755332514049
23984,0.12694305496169145
18245,0.033453883607112544
75273,0.08678435735596679
16568,-0.053872055330577595
75497,0.0850417930798324
76497,-0.033626628451761675
67808,-0.02563472440696657
74068,-0.150546466322087
15438,0.09669291040996297
78257,0.11297642937641816
18412,0.07474395570361025
14904,-0.047475355682415454
72962,-0.07054534894090825
100126824,-0.07054534894090825
69562,-0.062021538801387166
319953,0.05732313697007818
16186,-0.05716066494545302
56529,-0.04590995181081503
210510,0.13771270797412694
17524,0.06599328483947886
13081,0.10552123074724484
211586,0.061289873043383736
332579,-0.10364197485777726
22153,0.055919781279470726
100121,-0.07767193509975101
21945,-0.09460589993122248
272158,0.10695258528122675
72324,-0.11308150690477436
70122,0.07418400528430524
54450,0.09328198030456925
54486,-0.18320300605691164
67739,0.03945827366498733
224088,-0.11138779456665748
18704,0.0824814051082825
69178,-0.036395020055294935
19699,-0.0903022827699127
231646,-0.15043697751838714
18789,-0.0810724375407883
26910,0.1534529333028285
15165,0.13975006531991596
16816,-0.11772967572135329
18553,-0.10733666811877951
269633,0.10962020001714645
20259,-0.12575981402443137
76815,-0.1203601443653115
210126,0.1052045968508164
12606,0.10270815953172452
230837,0.11408797012619765
11905,-0.13390146271354553
73569,-0.16267603060267932
17872,0.07686121410866775
14853,-0.11915592634687755
278795,-0.10414864384640454
18222,-0.08257757714041691
11720,0.15236497144959582
72383,-0.12282563934858004
19668,0.12566244500306745
22437,0.1296589501787837
18998,0.09837509142981027
56429,-0.0451505623105013
16769,-0.14611600390374146
74325,-0.06444131273732712
56378,0.0282450513609227
20491,0.03759679994937315
75547,0.06746861904644597
269295,0.06900863412670155
230959,0.11307178596695966
17847,-0.07814723005479962
360216,-0.06618389857236107
319930,0.11785945220700311
73748,-0.11331523013935163
108937,0.05147762541335865
11818,0.13534623725469697
15488,-0.06122435521782421
58234,0.1665768472655884
69672,-0.060586540144765166
11449,0.09867139491196486
17285,-0.09562149638916795
243274,-0.10726252700430816
16976,-0.0927300820691963
19017,0.12590097179375093
210148,-0.10291827097970252
14811,0.13543485805212185
72162,-0.05753702615725054
75986,-0.09639938397126535
66383,-0.04175566603460723
74213,-0.04607497940138572
102644,-0.1518194105770556
319670,-0.12560020310577436
15558,0.11913378203167158
12593,-0.08913040148733486
236781,-0.21578283843230217
216963,-0.09719478245199653
16561,0.0731881155163272
53413,-0.13551988143817528
329954,0.13185117761031506
70997,-0.06992977146430945
54650,0.07708986595754208
66197,-0.07740084019586124
17153,0.10466872996887133
140887,0.052735125592772825
270120,0.22384309651601164
213248,0.11072474929419229
83813,0.09874836424951106
17299,-0.06385087331354988
18861,-0.07603826674237801
12330,-0.03378528314979157
21375,-0.16477281628820473
15463,0.07839924797198794
97761,-0.06334894117508494
217011,-0.06890594733911293
213081,0.13219178908705587
20481,-0.11252376072635162
14744,-0.050844460381361145
84585,0.06941669521527238
620235,0.1292342731933589
240239,-0.12792309321579598
19076,-0.06022070627335019
208665,-0.10295670347918318
22439,0.1328334620550642
328234,0.14561692834826667
54613,0.0448011873112133
24064,-0.1161780325844699
270049,-0.13687621907169678
104601,0.13479147434733108
194401,0.09177456488503921
18626,0.05675392112052435
56491,0.04862911843935258
67046,-0.13620377808788886
67554,-0.10808964717143965
110083,-0.122066933033671
17116,-0.10633559746831
23950,0.07976338190803745
107173,-0.032039581536466244
13139,-0.06324832177579331
104082,-0.12206994865143983
107586,0.044972969238660454
66109,-0.035308659823565236
14086,0.1088774906206913
18169,-0.13656104415707704
75416,-0.05124786146371818
227618,0.13137259886393782
17929,0.10671365211265726
654821,0.13215227645100036
338355,-0.03861040060949961
14009,0.10308378265809992
15110,0.09204150686830737
20222,-0.03278964341756385
12640,-0.11800016164375471
14632,0.14018994486272707
73945,-0.05340873216408504
72614,-0.11608004106462388
116732,-0.09542143283279181
15108,0.03410922457574905
241275,0.11268636366296558
72238,-0.13271398743281804
381077,0.10046124639554588
20927,-0.08965426761566153
228983,-0.04810436514511274
12050,-0.0986000306021424
641376,0.13860204043301394
76302,-0.049761304331314093
381399,-0.12274712555232847
20534,-0.03322305517108681
244682,-0.14393466220152273
69499,-0.08572651253264407
15926,0.09688965759998425
18481,0.20540645434898508
64010,0.0702716083468804
72562,0.1004657951978345
23876,0.09358619343340546
74204,-0.06195669683647598
239027,-0.12614387172036068
54354,-0.03937019998036817
74143,0.04873546597212197
20983,0.15599961000914453
54610,-0.13746788765401163
241769,0.10568224586009922
22234,-0.038688117846424674
11820,0.08191532970955429
20479,0.05485945429609629
381924,0.1337536165065467
76295,-0.10365729023962977
19400,-0.036001097631315204
320277,0.09429474724501574
80915,-0.06464417830230396
20677,-0.04468147781879139
80732,0.05427788766309405
12405,0.0810159514035842
74030,-0.11823424457096321
408057,-0.11823424457096321
12125,-0.11303160655963129
13637,-0.11375292061768683
192986,0.05502670466570159
102060,-0.037822906403354395
385354,0.1318326823128917
74343,0.027998312097771816
217342,0.05022687275650917
433899,0.0812967848371855
329641,-0.1130288762360756
22410,-0.09425286680978351
15211,0.0320021846888654
192232,0.037690122886825606
258267,-0.13351523256250797
71699,-0.11492152378215259
14608,-0.13171964531297764
227289,0.10268120168255113
245474,0.060436561597042804
19654,-0.04426794531864964
56273,-0.07329928759689341
211482,-0.1566053250531958
72434,-0.1065181262160868
545975,-0.14070019126727917
384071,0.09793476646805832
213989,0.09793476646805832
19664,0.05388750364935291
232174,0.13856344696705225
72898,0.08435794709435829
114712,-0.13855438238848095
192190,-0.11514275126611029
56717,-0.08404144067795016
20019,-0.09502890755290672
18857,0.1277171243696653
244058,0.06707556469307896
258932,0.08671131997915094
56492,-0.12479887053136363
102075,0.14995048338915407
317653,-0.10404481082859007
72599,0.1380760693402232
195333,-0.11412424407687194
219105,-0.03230092061504308
66174,-0.0692049934367196
22186,0.028865327194800727
230596,-0.03547524666882662
83410,-0.03090418976253062
319263,-0.049327289431399635
64293,0.11795288684098804
14302,0.12500826058943604
14588,0.06984207241788809
258636,-0.1465420912974107
11549,-0.10136113080764142
258097,-0.15763812177442826
110876,0.11024858723208464
12290,-0.09023017777995435
223917,0.060935091615996306
435376,0.10732483968963713
108089,-0.06149932092254762
258408,0.1741994428887894
239420,0.10307285202591121
217344,0.0561589331043173
432611,0.08414162198718556
242553,0.10287117812983526
407786,-0.16572347478793326
245841,-0.055483115652768866
218103,0.12222451181376659
11431,0.08024377092177204
100313943,0.10137667646567117
243168,-0.0810057552758443
74137,-0.056355123090829906
108000,0.11793005225207231
79464,0.03522699480921965
16529,-0.1052759531202705
14810,-0.11022804662780761
71869,0.11026570946885439
18519,-0.09365251515970119
57895,0.05073022295323337
71916,0.10534481146776464
246293,-0.09519026702413402
66279,-0.08907627984715472
21454,-0.04726057744037959
383678,-0.12366338839438384
171463,-0.0823073047057492
17175,0.11047080261523323
17883,0.1168127192755315
270685,0.05413797172216839
57896,-0.05314201818470288
77827,-0.15382575677945454
474332,0.14203122055577833
214531,-0.11561825972281525
217379,0.05350855593118453
18198,-0.08954818867589598
12043,0.032901510662174616
12173,0.1201127164934368
229562,-0.1493657995011901
108686,-0.10661758172115121
56410,0.09749021528242752
16909,-0.03730220865195655
12801,-0.12521254985690256
93670,-0.11922372407790682
226407,0.10497575724037667
258614,0.10720103599438202
17180,0.10787397169539759
622665,0.08109435438113177
207818,-0.043977220857684074
13009,-0.11460926268748306
319765,-0.09344409880979132
227099,0.12077406399384394
244585,-0.09904526612301723
100855,0.04981252024882998
252972,-0.03867785006999114
192652,-0.03156836277158526
11771,-0.0424867805991056
232807,-0.028354961611611884
233011,-0.07731236014178045
207259,0.11168709723823333
109332,-0.10489168329950616
77721,-0.0856858008416106
15112,-0.10680614379860476
24075,-0.03460362311920662
22791,-0.06915010466608962
15451,-0.08317151657031907
16693,0.08666519613059753
232889,0.11496435321021714
233332,0.076464970226235
67812,0.12702311876828176
11931,-0.036486744140804106
11602,0.10565216269292277
21689,-0.1056099761806224
211446,-0.08305100499172458
106763,-0.10004542469932076
195727,0.09979877896215461
108147,0.059266522477217976
101359,0.08310859452269126
27398,0.041913611914328186
66515,0.041913611914328186
18975,-0.09830617460422619
269470,-0.03705692362258883
329910,-0.1001041014331463
109161,-0.07291272982117292
76829,-0.11356462644002585
233016,0.057105520301533375
70054,0.09427744841239516
68729,-0.08578393325292755
11764,-0.03312663722632969
72137,-0.10888357779743618
22288,0.09377595818019824
110751,-0.04117408681304546
69792,-0.07996774595301126
215090,-0.10444073556039513
211480,-0.12208637093809793
12589,-0.12429143849065216
170755,-0.049215622214077825
69514,-0.12183332374469469
212108,-0.10660957622230338
14178,0.07858132985311528
20815,0.09597332881519094
66083,0.03911867845617767
75750,0.10928484860004284
242505,-0.15164030306686538
26949,-0.08964948134230433
211673,-0.03533894361547052
21969,0.04436737771073851
101739,-0.04687527429355143
54526,0.21713194611284692
110809,0.03333360708758448
29873,0.10619527681949759
66717,-0.08963362180636292
69217,-0.11832892762216041
107526,-0.04670134497503042
15424,0.14638427517214758
381560,-0.07383184974255741
66128,-0.030956013649053205
16672,-0.25309470469590956
21336,0.09870960776471893
19660,0.10676533504157382
18716,-0.1029684468687786
11479,-0.10008488467504773
269063,0.14052754982613092
19193,-0.10544386768464253
76890,-0.053712320550884485
54188,-0.02922813823283299
71927,0.030885865296193415
170752,0.11190581499110852
78586,0.061294457570918226
78250,0.11640380103848891
18208,0.11130126862903822
13041,-0.04055791873737391
72973,0.12625148228334693
239447,0.09988177858101777
19184,0.032672230304900296
26912,-0.0989248558942144
226438,0.06831996490072889
622645,-0.11641297657861926
320910,0.10198216188048281
66656,-0.030234114783249666
23969,0.030508482570226647
629747,-0.09288981317009348
14571,0.11618470462090613
56691,0.10388728455608431
70061,-0.11714370316798561
226025,0.07807104718894742
114566,0.08870770442027709
12840,0.11467872692373327
268822,0.02680808379609978
217718,0.04551178167079151
56371,0.07883086792451621
12879,0.14988970020057035
11813,0.05306838161720151
218038,0.13041544513302483
16796,-0.10910907181979024
73720,-0.1274761518637435
20471,-0.15137147896586756
69981,0.036338405518984374
70750,-0.03619694247675298
242939,0.07416404794025411
21940,0.04549546298371787
12154,-0.13333169123117594
207728,-0.04524150466295396
11783,-0.13929405074335666
268880,0.09071782076540202
57259,0.04966414826104426
27059,-0.13002594183706417
219257,-0.32047076604147096
104709,-0.03224456105099449
353282,-0.08897869276347681
19272,0.1402201882068348
230883,0.07989600129582186
107358,0.049149536172016894
320234,0.06421016388606482
320685,0.09679151192319235
13522,-0.10841775644829843
67547,0.09844318466140312
11539,-0.10630099263919002
16832,-0.049394027386776784
13853,-0.11538519292910188
57778,0.10866005301687753
19015,0.05541157785206874
69050,0.05541157785206874
237542,0.11389771401560722
71769,0.11389771401560722
83553,-0.10575767795162072
73174,0.041431498731556715
381983,0.07785803302932415
224111,0.06728443703983533
69091,-0.08831149115111359
94353,-0.10776243711987998
52065,-0.03768579528939142
338346,0.12502080096211987
21894,0.04743580236913836
77300,-0.06364438646947335
14859,-0.08443186584231288
258656,0.09585165255398032
214112,0.08571951805275635
14473,0.09630011394287141
12453,0.035505591207902754
259058,0.11368048689829635
66365,0.0698294507477204
67374,-0.08848786924448504
622117,-0.09614090017880716
233977,-0.11673824219614115
72308,-0.06170887252781654
241639,0.08517831124789632
11924,0.08874067945180464
268291,0.10072172556902981
76184,-0.09814773372518637
69638,-0.054873367771801185
109218,-0.1035110056338322
241794,-0.13239159690431546
74180,-0.08993118397238753
69719,-0.11441172635699637
70060,0.10077432635161188
16678,-0.13213073810532983
18979,0.04240350661838477
71597,-0.12939505873446766
67515,0.05213169658283512
11443,0.09662938418134104
271944,0.09898373337701871
278203,0.10500644423336247
245880,-0.11545283848072962
16498,-0.11403659139908306
16535,-0.1081690531413857
77116,-0.09305130037237586
668382,-0.1417771803508847
245545,-0.1417771803508847
237459,-0.06306704388804985
29869,0.07091244520020634
16449,-0.08914135079865959
104625,-0.03164058644720491
16911,0.030479479763185324
50785,-0.08010451324724155
229782,-0.06318450807134113
237987,0.13826695159969926
70207,0.10275810155489573
12355,0.12222263188624449
71954,-0.058571238000908465
83671,0.09295559275963239
15413,-0.10205524401904809
14389,-0.09347684193387096
192786,0.04367390034221508
70218,0.09013868635079803
71981,-0.1134671589578744
66988,0.04343950818180353
68565,-0.030844183247221935
73340,-0.08332176962629934
320974,0.11043492770092467
19647,-0.08766290543034927
107684,-0.10207146201330097
57279,-0.064942697243497
18293,0.047410639225576645
73608,0.09122171286660663
18610,0.11668696447201299
13507,-0.08242295298224356
74440,0.04426078285445634
246782,0.03997712390478636
243846,-0.05388678422311344
330863,0.07837085520070053
52440,0.05640725602843588
54644,-0.037686512440870956
27973,-0.02523980249496205
56420,-0.03272835639083027
194433,-0.0796364962859073
238057,0.06960986244939171
192656,0.08546207133088846
23921,-0.08011894955804522
23947,0.08761959122320206
12069,0.09298644131721812
16673,0.13000423174777387
66691,-0.04523488370984907
232414,-0.08927556121339908
68815,0.034689401445422874
56190,-0.0678587213828763
73845,-0.11337719492346299
218639,0.03190603241331047
268534,0.09425732836657774
21887,-0.044810723065660696
218624,-0.08029531321259409
209497,0.03845859635250548
621628,-0.09356323360943408
11878,0.09749746237550916
269019,0.10001138049194935
14919,-0.11145291885230346
19215,0.04684413835659207
109978,0.04271341722574462
16574,0.09310321516612419
105513,0.0323204349983115
171171,0.11038701781978144
26357,-0.04562581846441027
77706,-0.07521780127949862
69826,-0.06925457463132823
107829,-0.0393001436314222
279706,0.10851549757581358
53381,-0.05002163011115801
83431,-0.03682103388009139
329738,0.06843253048552089
19063,-0.06185886205233615
26404,0.09195561505113048
269582,0.08856674589360125
20511,0.08676435063441001
71276,0.08364193616250848
19118,-0.10659330690881497
16163,0.07851016027308333
106759,-0.055216664289829964
76375,0.0555793631467969
13680,0.0697757988309542
17684,0.03857598668866835
110213,0.022503284017311387
11564,-0.08668598719250742
17859,0.0952286850569628
68194,-0.03426316401282392
100041273,-0.03426316401282392
100042503,-0.03426316401282392
11737,-0.04369265664944244
233801,0.08811512838297197
380705,-0.10150357430285162
65098,-0.07036609521913739
17384,-0.23029330705399786
15218,-0.10937351692027475
68897,0.07377710637424428
12274,-0.08509413293907553
382562,0.11908521794791938
18114,0.03497953384060892
228019,-0.09793448864369747
69863,0.09344499927409178
16155,-0.03267659746778939
26419,-0.09913277323001068
11784,-0.11454740255582418
225432,-0.062155744015943704
330177,0.049888029439025594
27411,-0.08618656849156636
231086,-0.02647128294906942
224344,0.06499166580142068
217864,-0.03524274692234464
20018,-0.026157899092075
99151,-0.07287723658589007
67698,-0.04453368352116627
99571,0.07369237795139094
66684,0.10000055215856563
54399,0.03137305974971838
57811,0.14053472018423374
117590,0.06841069434092617
52793,-0.09560112052552672
142980,-0.09139906136121079
26951,-0.17261297501931505
102414,-0.03418172355739557
26875,-0.03608876410272366
258793,0.0810901555279715
234384,-0.07184738853259809
234329,0.08825292367501536
544971,-0.04083693505651542
57315,-0.030419427437770707
68970,0.06421616831922172
12738,0.07223151834799824
236848,-0.054889854774057056
208117,-0.0809887866734007
19826,-0.11512253934869943
72074,-0.09686689524678416
225865,0.07266599618398173
381293,-0.09905375465055055
77578,-0.057192098556251736
101685,0.04541653633648579
30924,-0.08160667786291054
320405,0.08053161176972079
380993,-0.06776878580097989
319197,-0.0675139050084459
70797,-0.08176707838652231
83379,-0.09429555941057899
54710,0.08387868629236195
21943,0.09106401237284656
58911,-0.03472086610453928
20850,-0.039180965628794695
13072,-0.09811354483553503
18628,0.09656905659984716
209361,-0.04616137198997894
54200,-0.08073925405174887
545963,-0.08073925405174887
237400,-0.09280958082680435
68799,0.10121184326911514
18399,-0.07683432533582835
73660,-0.08435274197917764
58521,0.03264554600107772
20447,0.09033828585841697
17354,-0.05031818539948141
20264,0.10504250850607733
215194,-0.037251462174481276
105355,-0.13301273205199138
231474,-0.09390036753426045
72982,-0.11130972789348847
100503185,0.08917710593934292
230145,0.03821899729716627
12832,0.07635268474514989
382620,-0.07729581615209113
20649,0.053631051539139385
74123,0.0345159452574233
72401,0.08084537826305471
11987,-0.03819724468502095
64930,0.04493676414769521
67869,0.02574997979501603
258880,-0.11075711711990177
16539,0.10286279080317717
60505,0.11991388032406691
19725,0.09047385093921267
192176,-0.042332324896474205
224440,0.02986974040610413
56551,-0.024805558876195732
17909,-0.06860216313699219
67466,0.09340922783330896
20509,-0.07672958209322722
243978,-0.08455505269536712
12048,-0.03733197162753399
213084,-0.09049074076732033
234594,0.03159712811126347
21420,-0.0785158856204271
330192,-0.03082990149822251
77018,-0.0984153690550027
66583,0.06791221302674
225288,0.12189317171980019
15925,0.06609242526952741
71389,0.0813187138609095
105988,0.08168358583070301
259301,-0.10003714236423189
67732,-0.07097115566634038
77777,0.09841463707630993
59004,-0.09629142806556601
224480,0.07445954306981184
20390,0.0722662277982371
11465,-0.02361652933213776
268445,0.0277862726600695
232560,0.03196241551154433
629761,0.08167337844600375
11781,-0.08602568006029276
74717,-0.08783581864250678
78697,0.04589800568084179
12632,-0.07666923994262476
83435,-0.05360566731451755
56376,0.06748100412527425
207304,-0.09268281585697657
329877,0.06743924770316756
16177,-0.0997624229949059
70052,-0.06712325124599872
22786,0.07702158965980521
11698,-0.07859351583895258
434865,0.08647552406267955
22619,0.06166621661343008
70762,-0.030318101060681002
100502841,-0.06825971197549396
105835,0.03354917356434939
77794,-0.09873847060228735
212508,-0.08646538646359403
83456,0.22146064820982492
59014,-0.07488437370758128
225362,0.05269736794922597
330401,0.06797874495686429
74081,-0.056104306665990755
106957,0.038517809288524774
71200,-0.09587199961546045
71733,0.0710787787103877
83429,-0.044009117954763255
17535,-0.08306070920036479
193003,0.1130893781219231
243967,0.04791109734611165
213948,-0.17694324084827162
320472,-0.09469626484744609
75586,-0.09585040915163834
23832,0.10200055602272018
12316,0.06706864410767022
320878,0.06251346951612646
69082,0.03142955007602666
211949,0.08757954433464299
329972,0.08338781135044204
56753,-0.12359826059231072
330450,-0.10122546861083404
69617,-0.03244285416564985
11634,-0.10320898528437539
50788,0.04035262708070597
60409,-0.02801309524123141
213988,0.05122089440919719
20104,0.026518833310115397
239364,-0.07583647678142924
191578,-0.049490036459651776
66681,0.08470669589924373
60367,0.08247648743084746
11666,0.06978376454796997
15078,0.07045787234990675
76737,-0.025076720114554973
11846,-0.0877693667108077
12495,-0.06292450926099313
15893,0.08408800426037599
72175,-0.210133298979442
20254,-0.08816896321314927
11990,-0.07945202340489388
17393,-0.09535636774348344
224671,-0.05048737390808977
11941,0.08673161687063935
83703,-0.0748312882764477
13846,-0.08661467758404173
20350,0.08826012052213317
12236,-0.0668325836085617
223881,-0.06032130452227946
16790,-0.10056192658521823
66205,0.0726695598584568
66663,-0.026967448751650025
170771,-0.08052077779309652
16011,0.08735491202348866
56807,-0.09628920071485503
18717,0.08861362618724566
223722,-0.16361746983233516
50933,-0.09023604011787345
71069,-0.05692697575272554
67935,0.08411520239722581
68205,-0.027620971626701518
257985,0.08322530111227078
544749,0.08322530111227078
20743,-0.07069854331336423
66901,0.06763587594468312
277010,-0.05345160304654506
20132,0.06341801660809221
12927,-0.0667228150347281
231380,-0.07815518910757024
30962,0.10733486006040582
18515,-0.02762708502553579
237107,-0.061527265540248344
72844,-0.06342268850247468
20346,0.0930028673656027
80719,-0.03399168189239177
21679,0.058532146706366195
52815,0.07350339051539745
20529,-0.07263438567689118
54343,-0.04677974641717597
18328,-0.08573272686336963
56534,0.0887342158886808
68939,-0.11613249270411519
22019,-0.07151967223868194
50530,0.09159298058454635
74129,-0.08525206121189743
228858,-0.0674786134304437
69149,-0.07705765172624268
57911,0.09135504878810163
68776,-0.03472800167644685
72023,-0.030658810422130145
56177,-0.08079327607970477
404222,-0.07444871353946736
71393,-0.09792859320758218
20277,-0.061005023196421426
66433,0.0237881454698865
11839,-0.06874392190312006
72634,-0.10088987763868973
232345,0.08264073828721363
320040,-0.09424879401456598
219140,-0.05141578120738721
19216,-0.08417085416920322
233649,-0.07598803279677213
12944,-0.086885232176658
54427,-0.07365956615116875
257936,0.059071011367833215
208583,-0.05107497879401368
380863,-0.07555916715428612
94216,0.06793556141851376
320782,0.06818727942445602
626834,0.06527315157248381
21788,-0.10158323258317381
50790,0.032354771899241186
237898,0.042195966823008746
67504,-0.09519535143001079
109901,0.0458436640324873
20917,-0.09505248196121752
15510,-0.02716977772422524
11832,0.08829876853373708
258424,0.09213461373881549
106931,-0.0731343657681407
69161,0.024529457721095937
215008,0.09198083599367113
171530,0.06904246654905721
215855,-0.0932427954888082
229714,-0.07016153734190356
83796,-0.028642088361337414
93757,0.048590047685610926
50799,-0.06283022286546114
19260,-0.030112484390246053
70238,-0.0359650790484114
69572,-0.04895591652252218
171167,-0.0760870191743992
74087,0.08100939855603295
16328,0.06887148149787325
52679,0.06810216931060165
97086,-0.08747764730384455
15983,0.06890386073267507
667772,-0.07797704478702983
15417,0.1107095509829823
319520,0.08330848325149987
78390,0.08146955828518099
100038417,-0.08209793409513733
67706,-0.024150416295011468
207182,-0.09338581805043411
230661,-0.047249570778178374
66887,-0.029434533172006283
238252,-0.10407225403295461
72333,0.060917553529373336
107449,0.06387020989959735
98710,0.059066591059034224
269774,-0.03621730269345136
16494,-0.08818390006639465
14700,-0.04050795972416488
66314,-0.023083197014219792
106338,-0.05000217106907545
103284,0.02604194473082444
234796,-0.057744731473766464
59027,0.08417107277430791
68614,-0.029639840524227523
71169,0.05946200430812443
380712,0.056811564050708085
15405,0.08102437406451557
230815,0.06030168095559851
16873,0.07006534609488302
12817,0.08071041925152667
17681,0.09924910195711689
246190,0.06514281759532192
20028,0.08846325939292532
59030,-0.038061736886333186
12462,-0.027507002177797446
107868,-0.06933058135245318
382010,0.07163988736232518
67241,0.02433097769992898
68801,-0.04058910245295344
99683,-0.042657137832442515
76646,-0.08767089813013751
386454,0.08634199907189544
192192,0.028221347517702
78893,-0.04276366026257694
80898,0.07261123307422146
319939,-0.05778667756078981
226757,0.05593583401241453
76983,0.030680776241306162
27413,-0.09132954120045822
66464,-0.04022780347799326
71920,0.07313106648530088
234595,0.03332215035219033
19821,-0.05372204736239805
77767,-0.08642267167751783
14137,0.07393857601760345
241633,-0.02536719378471286
110197,-0.07440825295514131
73690,-0.0330451014567128
19943,0.020095765653918463
74470,-0.07485565714271969
223828,-0.03412916339915384
16367,-0.06122568953867091
19047,-0.030235275760370328
234396,-0.06856548957807629
246133,0.04622351852991713
71330,-0.029713380997316463
270004,-0.06654473905742897
11834,-0.09468699855973117
64296,0.02976274703371118
105887,-0.10257673059873618
67618,0.03791449230675159
27053,0.06656469990826874
13511,-0.06652613008585373
19385,0.020937758093097614
69710,-0.03838772916033939
67371,-0.08429550058440327
14245,0.05156835292255035
76487,-0.08852463249362641
329274,0.06823026610869842
19192,0.05697331815959217
268905,-0.06433623118656939
237082,-0.04310338151589921
12380,0.0321386931142591
210009,-0.06793272064816991
626359,-0.051722060716519636
73122,-0.08119966529057443
67955,0.026616103178268347
76668,0.06350484534544787
245622,0.12997110948410562
258992,-0.10815955051422588
71718,-0.02781395873466952
101809,-0.09344719440860372
213171,-0.0689406639721648
100705,0.06939366449760787
54215,0.08857479414265423
57390,0.0983193837556553
13167,-0.022870633801408857
78757,0.029553840261447917
22193,0.04479623849140779
216134,0.028573712273201934
59308,-0.11222083423052043
30054,0.0795383317040832
68346,-0.04154656624983666
110379,-0.023454953368091225
207932,0.05615412538083575
54484,0.02651028263998967
98496,-0.05455530339639214
108652,-0.02279589468534482
240660,0.06709319168769401
74351,-0.07472371252197885
72431,-0.06496667870674289
22113,0.09592656769570951
12808,-0.07637967274920676
56741,0.07616203966512591
228482,-0.06799329440363078
224014,0.07866640186205487
623279,-0.10789534935092515
240057,-0.06949398722694511
435653,0.0634435607993824
16564,0.06287593162184191
233406,-0.06400812199275663
21412,0.0718118496800173
241877,-0.06532809785319849
17079,-0.06794868538658072
107448,0.061810603936579334
228684,0.07944618086367328
244349,-0.025014484482550614
258563,0.07941883851647003
241688,0.07556153766220453
17131,0.05998627923314803
12662,0.07169454296198019
230558,0.05371851239240133
110082,-0.07345609829867428
54485,-0.06295654814664475
20807,-0.027650001848954275
338364,0.055069786363497464
619309,-0.06954390316307268
217946,-0.049045085134487465
208624,-0.04467049852670346
11504,0.045953189133683736
80913,0.03003726285076347
98193,0.017168604829917555
381974,-0.12805631243427307
66357,-0.030785243766672465
192120,0.06987208356636287
75456,-0.09771598989996377
268515,-0.09301531522343076
217214,-0.07879545230979446
57230,0.04859424994969608
240255,0.07443668080684951
14472,0.07855635596537791
68479,-0.025994521046980523
71703,0.04481338557367298
114774,-0.09531930691122792
258292,0.07596121981850779
11989,-0.075852202650728
66326,0.06182288861506624
50927,-0.03389035544358521
72432,-0.09465053955715419
106369,-0.06540733399054588
66628,-0.06469092501529428
227743,-0.03152947970791864
751865,-0.03214906781289706
14447,-0.06742438599528633
215693,0.05990274411224661
73218,0.02184581191477797
258381,-0.07007603126524042
12614,0.05169584524892734
83984,-0.077344268650541
16533,0.0793174234031353
69693,0.06323477101164787
353283,-0.06906557382023415
239857,0.0851102597621125
22255,0.05429591708279613
108954,0.05396389850964933
23993,-0.0743288948944012
71799,-0.06331644855192042
14852,0.021964337564027048
69611,-0.10035586742378744
16410,0.05419430947741155
14527,0.07521405239554735
23986,0.018225446535375056
56356,-0.022172724277429445
71682,0.0659291547515819
11923,0.08724742006804931
319622,-0.040926212129209105
12365,0.054343016595042926
215351,-0.06803893977030118
68352,-0.06804267022406929
20733,0.05518175170548467
194126,0.09550188018526162
240411,-0.07211734665432612
433931,-0.05448569554676563
13982,-0.06951249209977828
75667,-0.02586209807951878
238377,-0.05860628821315572
99152,0.022680938914222182
11571,0.059482423398685036
83965,0.08452716057411624
232943,0.05664772107038729
14104,0.05194315258280735
52004,-0.021820106536109662
68098,0.026523227739502886
15529,0.08595864610950432
76580,-0.02290954796797351
258941,0.07140585358610929
104582,-0.06747270775361436
619605,-0.02488223073819462
27416,0.046691985651284185
76233,-0.019347800246460878
11642,0.07459895437099107
54630,-0.03558512589258189
70772,-0.07322070678947057
68904,-0.058465642285712605
260408,-0.0788068487420861
406176,-0.08709975225816935
229937,0.03466977239025226
210356,0.07094629498981941
19212,0.046106511161127184
54561,0.10877387095414992
74159,0.03504192095036984
214580,-0.026755922304587898
329547,-0.08100958188309715
24057,0.05197101362274914
15980,-0.025649204659226044
19132,-0.0735687192740917
70552,-0.06452486158705018
231821,0.019267804456502446
71521,-0.05427517727192299
12797,-0.08699280598237014
11855,-0.05035613813053885
19185,0.0210476234428576
13209,-0.02780455943887361
210004,0.05265058729323702
26405,-0.0626884778679555
69481,0.0780077018679517
215632,0.0317308192895176
54124,0.04240024820810717
66437,0.016750250562491686
140476,-0.06905993374469244
193813,0.0274084321159922
12937,-0.06336648543711298
353237,-0.06336648543711298
192163,-0.06336648543711298
12941,-0.06336648543711298
12939,-0.06336648543711298
116731,-0.06336648543711298
353234,-0.06336648543711298
12943,-0.06336648543711298
11782,0.05322092425790359
15214,-0.07538067727338804
241289,-0.07686572251550317
234959,-0.06696635093892933
329251,0.05567993252239667
209047,-0.08456687291092457
64706,0.08925250498309278
103583,0.02225600500314151
19156,-0.029854001207876735
214804,0.08010868431667983
12836,-0.051838125858781225
56613,-0.03239469066874001
100216533,-0.06205282187869354
66589,-0.01494686448809901
18552,-0.0468790880811345
20932,-0.01959343175686712
76355,-0.058050010441211164
75276,0.07183727232597636
434325,-0.08896810649788645
213012,0.07357066226835318
109272,0.07223560968375331
329278,0.06809452383237957
96875,-0.0478856975042623
243382,-0.04234366007714385
71766,-0.021385344651074334
235587,-0.055185416335051585
244310,0.06289185983391388
378700,0.07927193779234276
12667,0.06250579194023231
22273,-0.01858410355960416
110196,0.02160390689749736
227326,-0.057408845919903584
12337,-0.03244561358888021
80883,-0.025124546754277333
19062,-0.028257414633571898
58243,-0.09552846996581543
108911,-0.028786885289475705
114230,0.09652081208423269
15493,-0.04698089658852256
140580,-0.049792621474909815
109697,0.08036801329240717
71738,-0.06952038429433482
21367,0.06581170850789242
72404,-0.07127067787279984
118445,-0.0624770178013998
117004,-0.04444454112667762
217219,-0.06664405425812125
56774,0.05823994107620667
12490,0.047075595698404804
435273,0.10585966704314664
258763,-0.052553295946405676
233902,-0.0232735962109345
74102,-0.06257431893948251
72477,0.06631523016276208
75705,-0.020524460916135467
13162,-0.08911742767399655
110006,-0.020530776099700887
20670,0.07077351276223531
228598,0.0686565312377736
17386,0.06874098551811114
16924,-0.10931146806835557
16175,-0.04838767027142854
18755,-0.05492934818438311
16897,-0.07268912425669871
105445,-0.07457161400410861
100043899,-0.060828146810063544
231506,-0.049233756369233994
20399,-0.031239704041714944
229323,0.025617135948758474
246049,0.05693422662398939
74716,-0.05759495136713699
241516,0.10989076332862169
22025,-0.04344473075260691
319211,0.06113783266322681
74246,-0.02763643016672912
21385,-0.05464057891093255
27222,0.08051835408489172
11540,-0.043102966546576305
101401,0.05203847496323455
71904,0.0270153762342904
268807,0.05578170907111524
20742,0.017417337409055378
18167,0.06640273096182536
108011,0.05996728377149818
74201,-0.045192766950528096
51885,-0.023106264899928064
243961,-0.03677180662790569
54601,0.08169728201046933
56522,-0.0502630273990925
117149,0.033045081773954266
226419,-0.06149333442834415
16601,0.049520760846469614
72205,-0.024607866712878845
67899,-0.029151196173192062
12144,-0.059720947597586616
66989,-0.028482825432632808
73674,-0.032098016219075376
54607,0.06357720193346328
211347,-0.047635795715716966
13019,-0.03997950460578714
54169,-0.03912229245396848
106512,-0.018847229500121188
332934,-0.06577903168913402
19434,-0.06877415506320839
56878,0.025211737428721293
20307,-0.05702642260987911
56200,-0.026119452242125973
17137,0.0711191890614602
14089,0.06238541045821666
13034,0.04200389456063647
19824,-0.05460267307909561
18509,0.05327373093684784
108154,-0.04534685299119534
14344,0.05617815236056156
20186,0.05249880275259766
75828,0.05649516510542174
72825,-0.031431103877688216
69270,-0.05547872092456707
329064,-0.059872434169816025
21816,-0.055831753283895225
20725,0.03404650048840274
11491,0.04914946098855921
17286,0.0618202669051513
17101,-0.04272768053791509
21942,0.03507886771738633
208982,-0.07479744288274492
75772,0.06652647387875676
56531,-0.06572142107959422
58233,-0.041061398775749325
213582,0.032143790036604614
244653,0.05373806927789282
258673,-0.06015057339188257
59083,0.06300632234635106
241322,0.04678066684997262
108960,-0.028841814250023745
57316,-0.05651176131096758
56856,0.07892348002136718
216227,0.07888689502827706
19359,-0.0627403189328497
74206,0.03510666408347163
101202,-0.04796368783720428
259002,-0.05497910984586518
11863,-0.01995272393760672
15441,0.020469966000755235
73296,0.05538250708454395
26403,-0.02380318005056914
56189,0.06235823127969198
76469,-0.07817384472824251
23994,0.019318984791459215
107569,0.03860793638005333
107701,0.02807211243272789
99929,-0.03283403727862044
66230,0.020545168775317535
17763,0.04686164767787737
15251,0.04746551195197268
66566,-0.07113200465173541
16400,-0.06091013580719107
94222,-0.05507765535290332
19014,-0.016663518076434514
71623,-0.030099121162694864
211064,-0.0403286925031594
654309,-0.0403286925031594
16572,0.030655164955395442
107765,-0.06309231235892909
13404,0.05309012491852805
225997,-0.04628522192870044
76920,0.05768279827229339
67958,-0.05856162012104793
11819,-0.048104281972712215
75029,0.044833022784901644
209334,0.06314469247062693
57437,-0.03089814840553018
628040,-0.03089814840553018
241627,-0.05525115954801496
66120,0.04478073368309232
259034,0.10435145657710798
211134,0.05960531819636472
258439,0.06647875114622837
228136,0.027033996622712664
239743,0.022889652767569046
103161,0.054967742267391984
53320,-0.04390088999710562
14531,-0.05672613188563291
12455,-0.04623412955805595
231830,-0.06182902378988686
26445,-0.022294045493885584
16331,0.027842509277610006
218232,0.035879202103179075
78923,-0.07162816750883705
320119,0.04192739715756133
66249,-0.024209593784934924
13433,-0.038191699648129074
20501,-0.0322297851602622
104110,-0.0570825519852356
108052,-0.023240754063451163
20974,-0.060882830450172065
384061,0.06126311924793626
78925,-0.05839868248299229
67760,-0.040678624968595756
212390,0.049404138444717915
12468,-0.022821517317524354
18027,0.06012668949156286
192852,-0.061448567910606045
225055,0.035572244682096965
103733,-0.052757293939103
70417,0.05882348955652361
207667,-0.05570033025446408
11307,-0.02306614719267408
54392,0.05505472369867537
69574,-0.07785257461446715
71275,0.0493040617353655
18718,-0.03125996123309527
18111,0.05459896434268785
70080,-0.045217269377577196
629754,-0.05449199466245336
20613,-0.06700761314741843
18534,-0.06136622343218434
14825,-0.07849127935728539
68477,0.05613478449698839
74002,-0.04517756770854664
71566,-0.050582637117927653
26972,0.05924273852046369
21954,-0.06090152573240459
22295,-0.06491178153046695
407821,-0.049160030870416094
77505,0.02323418444574976
14586,0.04809261727439118
19109,0.07045129444549758
21410,-0.05414333150498418
66696,-0.05742923294662061
68015,-0.033963803028629336
226098,-0.054961414860579705
68802,-0.04714050757156496
12155,-0.06574467570563725
20688,-0.03734998756076813
12344,-0.06885402043374578
70354,-0.05336348449846007
269878,-0.07473446993395427
93960,-0.057270412494504264
272027,-0.037692003123266815
20834,0.0513036272578562
232187,0.042600679120884166
329628,-0.0679305836536721
11765,-0.019227947173801496
15163,0.023900211736838983
226922,-0.07161445736119187
66580,0.04280648872221704
66073,-0.02095156939453169
12041,-0.043786986282977836
212892,-0.049708818761015294
20356,0.07671149377970021
104836,0.02243301287158772
16431,0.038220269631667136
632971,0.08198898791714715
233726,-0.05167671851841327
52132,0.0289368270971746
381338,-0.07039496986161131
54152,-0.02210454236378645
77975,0.017198629101914165
20216,0.05527333613267782
26356,-0.014576585616250526
74111,-0.02035778647903186
78004,-0.05613051022158544
68895,-0.06294538134503824
106861,0.060337004966010355
219134,-0.06866466561771034
225392,-0.03355130928637351
56433,-0.020112139910084537
170790,0.04690233625651974
192654,-0.04096293743547186
14228,0.024856605702978207
71206,-0.07518485701118571
71254,-0.05086934115441455
258600,-0.06493899332224196
228942,0.07619167799233528
229007,0.02162550319270906
72699,0.02162550319270906
223915,0.04696862134879254
14166,-0.05648199358590489
14799,0.051755093369679095
218865,0.044146080634160256
241850,-0.05017394719970758
12259,-0.053506255996196295
57258,0.0299836628994381
56631,-0.03525218376535566
12982,0.029704713146086803
215476,0.029337475619413134
380780,-0.02943848819994699
21968,0.04405856375587014
104910,0.03957121290307963
381319,-0.04247118644903214
237860,0.02406081141749361
17470,-0.05981329527789114
110784,-0.05315810926811526
12560,-0.09598232909949456
68303,0.06526898855516361
14864,0.04806958759376201
66871,-0.051512015138076794
71176,-0.1399720180401558
54667,-0.05780397994405728
105440,-0.018641928208561254
22201,0.02138242226520859
69976,-0.022192428496998318
192119,-0.020926048003894415
68423,0.019408586542155604
67729,0.04353891248143604
55981,0.056147234501470855
236539,0.023229710113589874
78830,-0.06027701842629263
219094,-0.03820518932069028
71914,0.020968379450971852
17152,0.043879863752101844
268373,-0.015872023793839674
14630,-0.015872023793839674
11416,-0.04410732258630734
100678,-0.02050225067203648
74004,-0.05008005792167358
12032,-0.048338328017272225
67422,-0.018398329192709895
210789,0.03320509436230612
228421,0.08674874463981652
266690,-0.04904151213756425
123956256,-0.04904151213756425
106504,-0.016385950192377763
57317,0.02095860769331459
109685,-0.04511830079047119
77772,-0.055027563102831856
72114,0.05473460196870583
66082,0.03647582327436627
14813,0.04691204578460173
277468,-0.06367799138066488
11692,0.03241109805530584
12861,0.011502501991525804
11624,-0.04852763695641871
94186,-0.03083965317220816
74589,-0.04208415713743685
19373,-0.03856499618208842
18205,-0.05205746077267248
68219,0.022679374542869724
259040,0.1366692653090955
78306,-0.04088466703248894
67824,-0.031966174317271445
63828,-0.04731908884829661
11883,-0.021584409582910524
66953,-0.033064788132655565
217593,0.05075477662531469
66092,0.01687961470469901
53404,0.04814966302244672
192187,0.04321362130318551
545366,0.03809771212230739
16998,0.02328048136185501
64424,-0.02207041685268596
26560,0.045025231787831466
17830,-0.03794458022991254
56427,0.02274114391642179
12215,0.027492900411422383
328258,-0.043492786035001174
66491,-0.013571765268141078
75083,-0.013571765268141078
20728,-0.03147157415437629
381511,-0.04047983208624739
270893,-0.05465321736062512
16411,-0.026339092285626364
66521,0.02572795173666531
54376,-0.03831050004173431
21357,0.012587794032889121
258310,-0.05469414250383675
210162,0.041523705433196056
71147,-0.04150579562931522
77771,0.04300140983335332
94315,-0.023061469492057007
63993,0.05675163462650756
13797,-0.07202319523722256
71648,0.04748406813568984
20683,-0.04920916789729368
76491,0.026226868028372152
319481,-0.029425010120172956
68404,0.0422368227985741
12709,-0.025161396918947254
14788,0.018048270861626747
12504,0.018048270861626747
54711,-0.02503220872355083
239739,-0.02286116900648949
209027,0.044485755673989935
386612,-0.013024191778384875
20021,-0.03034088042290861
75622,0.055661871455964906
78908,0.052420137056380156
24058,0.016939780513196112
14561,-0.04164562900476376
73106,-0.04583280560004965
30057,0.01875542724941681
56032,-0.046668731192503365
53627,0.031203432699319578
22772,-0.08942092895698295
448850,-0.03577809971316359
231727,-0.04029123170970994
13512,-0.043929911612456074
97387,-0.022967743787589256
117158,0.04314387468917147
320183,-0.06434608811109488
14357,0.021938217424457562
14248,0.019275208440387104
12785,0.016897879463215304
269823,0.04144839220689267
66091,0.009346932479902037
216131,0.028630021807360073
59011,0.061184445636278895
215474,0.04121442330800118
17274,-0.030156800235403125
11441,0.0491551975031852
83398,0.05202452905246435
13858,0.026264958117079296
12162,-0.04073402625598366
78267,-0.049999915765671865
12390,-0.02598664759801128
109552,0.01627264337759904
102093,-0.043664945627083895
70427,-0.03302101728432749
108030,0.0452429358498212
76273,0.057541309976915755
18130,0.03886347289388281
15396,0.02322303551761795
115487267,0.04612616079382725
20981,-0.054151563362570876
217951,-0.044695095034643195
68292,0.016975015861008913
258572,0.045599838203209675
107817,0.020666215683004197
21814,-0.035748585393598376
258985,0.05654224254869433
57246,-0.04803454406209484
67959,-0.016623240134091333
93734,0.05778674301126552
98238,0.022745091502805792
13013,0.040633898380283195
77832,0.029484925264123163
20610,0.022513843521329235
93695,0.07396474290389676
20623,-0.023755111056907197
320027,0.052195801991159474
19386,-0.029090390720986292
16136,-0.059412080388013155
211286,-0.014897772935974274
51875,-0.02128651087681277
14390,-0.03592993241708964
223754,-0.013066946999728657
381626,-0.03264556178823419
170734,0.045813304748608896
264064,-0.018245610223969422
66830,0.020106412858247324
50913,0.05527578669186628
30955,0.051204039076204744
18781,-0.05430022786892863
228608,0.015583754709203035
70645,-0.04406810173363507
12803,-0.023497355037421563
240261,0.040734934529014666
66848,-0.036194139964041305
20666,-0.05550486937887156
223775,-0.0337809008340777
54411,0.013746526988471786
170760,-0.035797833987404104
68828,-0.058683188371992046
64242,0.044254683155332764
20230,0.02367985740287004
60611,-0.041254861432624246
19337,0.04070152761947998
20844,0.023824548917882993
216119,-0.03548543515760194
56199,-0.01968283475020094
64136,0.04190268991261181
239336,0.03800157356865075
109731,-0.03761733663444389
236900,0.026073933171922192
101437,0.015808497453224213
625098,-0.03136777008842806
75991,-0.028508775347193982
20425,-0.03978319064645586
71710,0.020107475609063563
11468,0.041571478536029716
13426,0.03488858555267749
74616,-0.028186971697977015
408198,-0.042981917551476734
142687,-0.04565539314541045
16815,-0.038326950657821435
328162,-0.014592490431480698
109342,0.03239911225753467
27784,-0.01767450052341424
239618,-0.04072973445420924
12648,-0.03731798828671362
54720,0.019443638940245478
269003,-0.016918067863990416
54637,-0.030681160608428293
104383,0.039968278862164475
320267,0.04048000165583776
69232,-0.011836091123802461
94352,0.036494137757623335
54156,-0.03703142558633932
53312,-0.015591247233865957
381534,0.04008983026575397
52231,0.012538224241327
11534,0.0231604492281825
75560,0.019645421411942365
382089,-0.03229477067038378
15458,-0.04812350648421715
240087,0.012412619999212282
66071,0.015721182196205774
78372,-0.024901988197818525
52615,0.014374334413979284
70310,0.018421937862292737
68524,-0.016422492850530546
16859,0.01747620667129901
432467,0.03354510578644554
56030,0.01861737508835759
93761,0.032878558275398984
109880,0.01640090660006166
18752,-0.03706397324477617
71764,-0.047576482156896915
16701,-0.047887305055517526
76686,0.03957632688362267
404194,0.03565355622847388
71584,0.03871774413749307
13178,0.038386060512029196
108653,0.04652173786446845
70598,-0.04764655072840718
18969,0.04013407185341755
69718,0.042451569385206334
27407,-0.011979910323431042
68166,-0.04590642515030563
68236,-0.04411136369059676
19363,-0.03718129945844417
26462,0.0315145289489589
17975,0.012148660593146232
18624,0.022321458858320042
22376,-0.012234906729437611
71878,0.06228385713267448
71175,0.021790059206295176
235330,-0.04917231375684539
214345,-0.01606449515139552
22401,0.026206178889962572
20316,0.010815052791672386
18131,-0.04472753857571732
23886,0.030536694626611904
30939,-0.014163102268643257
258270,-0.03833890890651004
14412,-0.042086624445182075
231858,-0.0401812450475747
12567,0.013112815698791636
75820,0.035090930789889896
217700,0.04198651583273971
74202,-0.035616860723520105
16348,0.015202893639097326
226115,-0.04103342310337865
269389,0.04395566261478656
67308,-0.03309272466946567
12121,0.049756200606560164
27395,0.011525681089283424
83672,0.01896393880389624
66573,-0.033966867133458756
79263,-0.019255289754166682
20389,0.034846641878505835
54325,-0.010704905352778127
76308,-0.009568039429758812
211739,0.03335418960068237
217119,-0.013822670273999194
21947,-0.03563098409630783
240633,-0.04177473597239745
11552,-0.036798134917981784
83962,-0.012216993484630123
22095,0.03639151192948065
217692,0.015451575422554598
16323,-0.03339360661522939
211712,-0.038029922019624074
70571,-0.04649978737947835
54123,0.032383087191798055
224092,-0.012638608431013054
94212,0.04716819375130887
12386,-0.036529915641677846
140723,-0.03806053612968707
230777,0.04499812567561179
71801,0.01642828536634866
56636,-0.03328793440320288
69310,0.10625753676045147
103850,-0.015417161934029089
67236,0.032423770201827296
70527,0.014049067288968153
67296,0.02431388859989969
269593,-0.03069621221573282
67341,0.038592724255418265
232227,-0.01493072044240229
193670,-0.015166389862251606
12511,-0.013608543079840274
109700,0.07128960409469798
242667,-0.02518227489328506
13405,-0.028364725901913523
14470,-0.013242563311770539
11803,0.051180924790667603
50929,0.031234609518233647
381359,-0.050080170246629585
22174,-0.02931210746574653
378430,-0.029691063863753975
217203,-0.02318839860751698
11768,-0.05332209769730856
14226,-0.021937988067428194
50524,0.10035455973543783
16182,-0.013966161065535942
16210,-0.01757912788963889
64176,0.027532008446176537
319638,0.01644375047664326
12789,0.026522389827604798
26903,0.032951097819373665
18414,-0.03251580594664327
18845,0.05285383551921452
227102,0.021374530961876914
16956,0.03029962457225288
67332,0.010320330907928721
241770,0.050743105350760764
14755,-0.02045937571373102
13555,-0.017160291153931695
245450,0.04027354268180261
110796,-0.01412212958599035
14173,-0.0255553588266082
330406,0.029223078834039296
12531,0.014024631213775507
56873,-0.044125924573778175
11745,0.03913489775719281
12776,-0.04686371102010556
69470,-0.013302341395640127
12294,0.03921363371538433
14681,-0.031894041550181385
72296,-0.008147987872092699
18549,-0.044467565080399396
271377,-0.012996305085363424
66653,-0.030319599524037066
381802,0.035313397413577086
75409,-0.04176001582472022
14347,0.033644287085329516
18218,-0.036579049447122536
114716,-0.027491055181237734
229320,0.05011528084151884
211948,0.027364802567036328
73353,0.03764402756308405
18938,0.012798601137566479
269233,-0.031195375367593314
18570,-0.015457141704953159
17523,-0.03342341695101858
104884,0.016560498059972062
12311,-0.028937724903545625
68556,-0.010038530761834252
107585,-0.04150580008842475
269181,-0.021800758510245544
67298,0.019132955495744675
207209,0.03273428839299619
84704,-0.031347475364723376
109093,-0.03440671982084886
22138,0.03795684884477879
217826,-0.019727284272188506
12892,-0.04033886762061023
54683,0.012882096759154749
14623,0.029588140866362078
231876,-0.036148593074580404
546118,0.043976648302564314
56277,0.03903520674046934
67457,0.014105494345544756
56503,-0.016322572197609908
381990,-0.01210904447416894
233805,0.030746115790421413
14309,-0.03777624285667436
28064,-0.008755094888856618
16763,0.024179718978062148
258854,-0.038052320720646016
213783,0.03115385011226479
22044,-0.03225912756855287
237465,-0.04411934722770372
240119,-0.02845009879284266
258680,0.032663940794240176
13409,0.03435951216672972
117160,-0.03537355630101757
353235,-0.030227978605678274
18973,0.025855767320299705
102614,0.03787209237327538
18948,0.026155640977059136
100504663,-0.009812402991152602
434437,-0.04672317375282731
93686,-0.04518635815529226
68092,-0.024603495605582282
74442,-0.02481854427915131
14836,0.03374260883707958
381580,0.026440445710663063
12444,0.012581096601557817
216797,-0.03480291591581297
13385,-0.030804702045251986
271842,0.02859904593460083
170729,-0.027289127206994834
214579,0.032677438117353574
26945,0.03247698602181126
74229,-0.02605186565664308
21338,-0.040846523392530365
668225,-0.032801921022518776
18992,0.02786921983142765
109663,0.03318121021612308
72084,-0.010637051269371867
105348,-0.011377172016461046
18072,0.048483202463502906
231630,-0.02982990045422529
208151,0.033588295873787644
104776,-0.019560889159976114
246709,0.020772946575284834
243270,0.027541166303524545
17136,-0.020473553132291045
71767,0.012834872366783046
381204,0.03496127852603026
208366,0.0263226082496546
81003,0.04067676492460226
231134,0.025794717815238677
17855,-0.009526261323626883
56195,0.030205066668294478
69080,0.008798492665153645
50769,-0.029304754557463397
71263,-0.033307363677808954
76022,0.03215247246240427
68294,0.012706935324372282
216080,0.036044448113548455
76799,-0.008021859339946147
242409,-0.031217921211101007
268591,-0.03338934998274823
225497,-0.07502248249716237
13644,-0.02775283596006961
208795,-0.02659748973703202
208198,-0.028432611857445167
67712,-0.01307967960701717
19270,0.029301575864311147
67944,0.03600923183516258
12521,0.007979121551340285
208104,0.030055294447860703
22788,0.03449682156416278
50762,-0.008612824116093876
329154,0.01177028060841323
20317,0.036932562021311455
18762,-0.028611993500179622
12961,-0.0350566959063503
76479,-0.025495653422050957
110826,-0.00840282579181384
233064,0.007155315515234406
68044,-0.027939961615880193
14715,0.05818510643320973
56361,-0.0296711494074664
73032,-0.03516905260882819
52023,-0.02231397333701235
67832,0.012347563397028694
319625,-0.025754412365591506
18214,0.04127152668178269
18104,-0.030062204616863042
217463,0.024277035030833893
75578,-0.028504370152635516
74106,0.020687368639788595
213649,0.02980188710730669
100502861,0.019116942441637086
64540,-0.03239861790607179
66052,0.009144649548241901
75964,-0.02805523640039187
76846,-0.0062122726347553225
192169,-0.011501520512178232
230979,-0.023698837055439625
192775,-0.02176586820625115
244059,0.014742114226395486
77974,-0.008708401373485941
234683,0.01343333851134254
16993,0.010286804505255986
381917,-0.022531301304027362
252973,-0.0443377593605252
51938,-0.03916944877984374
12398,-0.014275402708470608
13172,-0.025828913311673585
17146,0.03503462770529353
17145,0.03503462770529353
13602,-0.029879281192748408
226562,-0.022915756745019777
27428,0.024680679715478604
18508,-0.03237997881929733
209011,-0.012455196037979732
227325,0.0231717737755881
214922,0.028788527299484556
77739,0.02894421363808508
208228,0.011718098750101547
105787,-0.012951154241187979
13017,0.02490825383893469
18600,0.01154592196795079
66307,-0.027002563981276317
78611,0.011713915599399272
18970,0.02403096583003972
228866,-0.04667655570404605
237422,0.017992496962115467
171170,-0.020934096460186957
21884,-0.02711645691040765
19354,-0.012382903682384594
319508,0.03082285740563062
353190,-0.024863587463144654
330959,-0.010994164718908905
109904,0.021208721697493438
233040,-0.01792545638179277
15977,-0.02378846922537381
74691,-0.03393986312379216
15504,0.030885626230303664
64099,-0.013340727602209057
70357,-0.00913884196795589
170828,0.028844789205287213
212285,-0.020573059775782276
74488,-0.0187231119828688
12607,0.01153841463593075
22642,-0.03477731799999573
67929,-0.0334332419394916
242523,0.02329322266276357
224405,-0.039056272752412635
13142,0.03197437952231574
71756,-0.025220046451084777
22380,-0.023159849386165554
69592,-0.03036826790983227
230579,-0.022618509099455508
72046,-0.02027036498584245
20371,-0.01763488269068425
258794,-0.01936522873291402
114301,-0.02651491577016518
75597,0.012089415940057968
28105,-0.019000292522049378
272551,-0.02596068153442843
226844,0.01971148466883932
52033,-0.02345645237999605
216643,0.019098394388396223
78789,-0.028003162971665052
57329,0.022736592418318047
102791,0.02161088171339287
259075,0.034795970821557276
327958,-0.026833521014870687
238271,-0.02848821148219738
55988,-0.006309595583097405
60533,-0.02198750136129135
19016,-0.012607955242135205
272009,0.021564556546323388
76936,0.007318036352291557
319934,0.03081108076926009
16363,-0.007818060561305629
70294,-0.009264655125241106
72413,-0.018000180771582386
18439,-0.020310423956507506
75869,-0.00779579644533257
213539,0.022878660053723188
58250,-0.02362038291039248
108069,-0.018420286789219364
106707,-0.015806308129802993
17926,0.021919560009203032
70508,-0.024833983103111024
12764,0.021183588915672402
13867,0.022129158155074435
14814,0.02328057658453897
11733,-0.026283831457382334
18458,0.010643273168025047
667663,-0.021242379049217774
67464,-0.008560438239483048
433702,0.0168845439904155
19342,-0.006546449957490097
66611,0.01672111795998621
232286,-0.008083060335304815
70325,-0.02638231416917769
17536,-0.02152559287214295
258925,0.024513212589203803
73804,-0.02397293090453978
57277,0.025926983115389213
378937,0.018083971113504127
406217,0.029957044511911946
245527,0.025560904901364534
18400,-0.022125229684917258
70026,0.010476769806224695
74136,0.012760369793458182
79043,0.006464225074235941
238896,0.01705312058734343
106633,-0.021580361368235046
22423,0.026257542679591683
12585,0.01037404325288449
13382,0.012327284991672016
19116,-0.023864744637111635
239102,-0.03779999977323634
20603,-0.006180047710650172
27376,-0.019506526778424238
209966,-0.0275461095148426
18209,0.02221962683113965
403205,0.023181374528145504
239273,0.01649424790915166
18387,0.029168633994718363
260299,0.021982377500729733
71761,-0.026455846576587838
333654,-0.01944927941759822
67588,-0.01631219719677901
280287,0.017017602781964403
19773,-0.01924630550183748
207607,0.020783209693727045
22774,0.023660374133485984
26459,-0.020161684156942528
12494,-0.010841983589935822
68223,0.022945237842193933
224997,0.0199225845211779
109264,-0.021399453172189276
67139,-0.014634455997429185
18654,0.019266731240286994
14806,-0.01955367064206026
17113,-0.006424482433160961
232023,-0.010362531804272379
23801,-0.0210042710505558
15526,0.006927079147521553
217737,0.0059073474408180005
66615,-0.012441848090802843
19027,0.007437350488663341
22627,0.009440882422442343
16151,0.011022266079527832
269855,0.024339730780602586
12617,-0.014401415641603244
53607,-0.008746092633247216
56709,0.009791778178887434
114893,0.014936278826757743
13590,-0.024426832459440107
19267,-0.02325755084467751
258155,0.017479899838976465
78919,0.016364734517852586
406221,0.02455842500685046
67619,-0.018600190494052704
14609,0.010152192809160798
19075,0.013483056690729356
22635,-0.019953030228425206
13480,-0.005999248132182444
258869,0.027259204030855688
22420,0.023138913410721607
76263,0.007074238064979532
224805,-0.016002120941293718
230751,-0.02108542423724291
243912,0.014732015365147788
231760,0.023434664404469174
66715,-0.02828424445985478
258469,-0.0132535948599255
20528,0.008219523324442868
319200,-0.01374253869885056
18779,0.02023155884069361
104718,-0.013374210213285664
226564,-0.0193868469314884
231162,0.024723046485711997
244202,-0.01996716020112732
240725,0.02148203000919624
19417,-0.016588038618732703
68510,-0.007893059177481732
107527,-0.01974502157686775
244448,0.020595180236305133
74241,0.007921656671722843
19249,-0.019084398549665593
242585,-0.015318691578387167
14056,-0.01623860916133779
320495,0.007038601755475327
15478,-0.018073305774630732
21785,-0.02321084018026154
71020,-0.014210977580807693
66557,0.01775592748432242
270084,-0.014466357811699027
105670,0.01651781695158583
26932,-0.014514042047342635
50778,-0.017938260829692076
78240,0.022412371091863115
110084,-0.014350621769078309
209558,0.014725858531341451
12111,-0.020033559574562432
53414,0.0044047508934674795
258620,-0.022465215170295316
26456,0.02272209184264895
244745,-0.018506187336275737
195646,-0.017657771002544287
270166,-0.015950258920538474
14528,0.016153229168560657
69274,0.011548780948613668
15223,-0.016952420258797396
271305,-0.022376176637870948
17184,-0.006662998002002318
276952,-0.022883885002061177
231861,0.009973918756109867
56546,0.016065537389876816
18996,0.03736797941842429
67883,-0.013622458726884723
84092,0.017312765477595526
21674,0.01581015637279215
19279,-0.018874291628939055
223664,-0.016388729861906093
30946,-0.013128433623197822
26406,0.004363239084059778
238055,-0.020074561427343873
66601,0.013847415520571893
623503,-0.013940538183944362
329416,-0.01569571860705743
68385,-0.01717516266957153
66397,-0.007873176004911997
109108,0.014026519376661994
66191,-0.005178534935433632
17388,0.02065591529786559
319239,-0.01590890374278775
380683,0.01369260955663787
14269,0.007514893732482264
22365,-0.010617539919013375
21678,0.015881028032122213
110816,0.004897644534876733
14622,-0.018366071649176252
69956,-0.007048142343332842
13120,0.016393743462577604
68187,0.025495235109890935
214968,-0.009225957993212575
330921,-0.02235744558087438
16532,-0.013568781568798371
78541,0.004583158607841753
106326,-0.006282207199884482
76130,0.0061522401120130965
19711,0.013742593065950715
67981,-0.014430001469297515
12572,-0.011170807903202906
67888,0.02215291247531903
269523,-0.0066564001526696615
78284,0.016706160210059995
407785,0.0038973807598576826
19305,0.015609166391809204
66253,0.009467794285360043
67864,-0.008924974291984356
19058,-0.00434613495017544
246313,0.015870002608986855
171168,-0.011910768698778718
546611,0.01830571475511622
209232,-0.016839848279547986
13809,-0.013418578573384465
14593,0.007718909823790199
234214,-0.013219251438552071
231293,0.015459873534767077
14545,-0.018668277960729007
30839,0.004705187879389783
17183,0.015111573473216566
546648,-0.00960450091214149
14598,0.013894594574771268
14084,-0.005765058664273681
74337,-0.011166902930028755
78245,0.017450364307929345
26968,-0.03596222093763268
18028,-0.01547490016362918
67498,0.01667383102694453
24012,0.010037533419025024
51886,-0.013726533829805376
13052,0.010617872246895033
260305,-0.0132228654290234
14151,0.004731680130444005
328381,-0.013123996241503733
226778,0.01111732780149488
24069,0.01054990939748901
239393,0.011098363868704553
27221,-0.015532900780260483
403395,-0.011980481186124159
14678,-0.004918385226286404
72480,0.010564085433446557
75677,-0.017446844503941072
75316,-0.005036669399501648
29818,0.005534242062747108
67606,0.012962291931902126
380969,0.013438322780402245
74764,-0.003347476907553215
18190,0.009135241233332536
67039,0.004865756494911722
258710,-0.015146487235357053
231863,-0.01488911914628055
74189,0.015480813598422571
12391,-0.01460632020606134
12795,-0.012492704025707013
71116,0.003903814402915984
73047,-0.010816247707786886
68874,-0.0103285590933897
259109,0.016460595329422567
110119,-0.009382299417185713
109929,-0.004603506488487952
26889,-0.0064681483111872495
108017,-0.012477133802519802
11429,-0.003681767289116067
170484,-0.011122041614093803
27374,0.004746492388738588
210741,-0.018076747151652306
52563,0.013332051726422378
15437,0.012296729828405795
20723,0.00859327210249905
241846,0.00867893209276005
21892,-0.013240112851609531
12068,-0.007775545267936224
213541,-0.004259461155500688
72960,-0.006452892895273621
73274,0.005875312096693008
52668,-0.005666753895567922
108907,0.009032319127122435
14050,0.0036421902934549166
12896,-0.0032905757316470385
76572,0.009153722283889998
19330,-0.005700783694525313
75079,0.008740765025044617
72685,-0.014503384490355486
67974,0.011792558804571307
108043,-0.009568673818367124
226049,-0.012996548534256025
269831,0.010212264041525643
216558,0.004073042327833676
56808,-0.009077378428890448
14829,-0.014922097453183625
12839,-0.009482381931444905
76832,0.009155414602242118
107047,0.003602062748545798
75470,0.007993733319406893
13371,0.008461427306776237
100201,-0.006109509115539424
194655,-0.010773517867560756
75718,-0.01308628287644975
235169,0.0068121740588171775
55994,-0.00890079479081507
56072,0.012104089460740042
52535,0.008390440980822866
22187,0.002961120213530677
77595,-0.01341100742840684
71891,-0.0031147488487999198
17330,0.005239391508296443
67198,0.008601004060975193
21763,0.008660757898256932
68836,-0.003453913470680803
214254,-0.0059276168773134685
67302,0.006947328489481208
29864,0.004057954501393013
230789,-0.003882036342448103
14079,0.011042614425774033
69379,0.0071527872427274986
50760,-0.005690252963305831
245902,-0.00950550571512121
67795,-0.011052074578290494
66313,-0.0030898430960970558
74914,0.013101032752548036
67252,0.008601549349673832
20751,-0.003209860645407403
12561,-0.007771299350625149
330217,-0.008445703629591073
100043314,0.007063731711538068
77853,0.0046199761234717585
74104,-0.006362322493606243
11567,0.0069486277922505835
234663,-0.00504095130712745
74196,-0.006773547250714884
404545,-0.006662163274802957
75617,-0.007184224833799213
13856,-0.009390403717173257
263803,0.01006891060277404
11787,0.009224663825110113
76365,0.011133343960923803
56874,0.008008911717266365
13436,0.008478354712413427
80334,-0.008156385171242508
14934,-0.008175230510643061
18312,-0.01027506063002015
67223,-0.0083859141857765
80720,0.0069534515333913305
226352,0.008615954598274023
68416,0.007162042540921121
16768,-0.006978051305372102
20620,0.008512804507799565
64294,0.003341606226266336
258334,-0.008378177284225075
100732,-0.005711214800552256
74194,-0.007271329555005757
231549,0.007008026244376353
16848,-0.0036087367628443445
237711,0.007228793192762595
67043,-0.002958628566680943
67615,-0.0027678197125080573
76088,0.0080499440388202
229776,0.005026011688909371
14317,-0.009607109232727673
71785,0.0064355211354270025
71601,-0.003907132077172193
70810,-0.011041245899679364
72117,-0.0031986645476704822
233276,-0.00685744430288171
20852,-0.0032119531192087436
108673,-0.005241235845646841
77622,0.005211666604315823
238257,0.005546210030290766
54624,-0.0024920559493004646
71790,-0.00707841668067033
66468,0.006287123093500213
68955,-0.007396451368904877
105689,-0.00194492624351561
226075,-0.004948949184029772
320678,-0.004975489873889849
74335,-0.005438482008722545
330554,0.003924697051762571
56194,0.0037895159678553725
56373,0.0043998631353829865
58208,0.005981101931791244
108903,0.0056708380680454695
328795,-0.0024043951611183445
23790,0.0021114935770327747
74338,-0.005315167317226255
14051,-0.006026900388972578
192161,0.005459829847089814
66704,0.005081674081219845
245469,-0.005660876159363504
116748,-0.0017371692232277525
18391,0.0016491581173312397
227638,0.012620564035128012
22628,0.003281120797558934
110304,0.0052392315205658235
74114,0.006175923060105504
100900,0.0020093003257279918
320844,0.005653231996925356
15931,-0.0037359038923412413
12575,0.002454861618065962
78943,-0.0029711334931938893
14404,0.004070743485931061
17200,-0.005475750693626047
234549,0.0013723415818365226
77305,0.0014611307572405252
13929,-0.0016150664510110602
75124,-0.0036817100574637607
66899,-0.0015213806712353062
56464,0.004285813849842057
64290,-0.0034103156000249157
544963,0.0034507648809984914
66183,-0.0037734490030918444
101568,-9.99602030505642e-4
67486,0.0028314459200009523
20597,-0.0013871690907851786
22341,0.005081421850564816
17833,-0.0043053074764412
108989,-0.0019232067090406701
12916,0.0023462506204072753
18536,-0.0032619643526494713
72088,-0.0036854054041359774
215384,-0.003414434565861768
116939,-0.005117327624096113
30945,-0.0011320127228646726
22327,0.0023736889867986832
56055,-0.003145864600103465
57755,-0.005870013439284172
16700,0.0038925873218609297
12042,0.001481865725788012
210762,0.003565268523612275
258067,-0.004194332513332455
240726,-0.0026493476212534617
67445,0.0033694939330297657
214048,-0.001638999732515245
330723,0.0029557988438302374
110033,0.0019109806479615798
73813,0.002948360738947109
269881,-0.003982747139163578
22693,-0.0026493756714884853
93875,0.0025623967229382316
70675,0.001163869569317022
242506,-0.003000670715833209
20537,0.002658126367989233
74782,0.001745064702117105
19744,-0.0018287460157040414
192185,-8.829043911919854e-4
67333,0.0021206191933815788
19328,-0.0011380311235029694
67163,0.0019962816724845567
71729,0.0014430797096256498
619665,-0.0024659033467173685
30941,0.001377965158773975
12006,0.0021192175870003993
67224,9.231490730421399e-4
80901,9.036861628413106e-4
231769,-0.0013190563273237643
381409,9.465196733611236e-4
70450,-6.670721540231739e-4
217410,-0.0018856606716681767
104443,-0.0022325015895781064
70800,0.0017739566461667522
13614,-7.80449716871523e-4
100039139,-0.0024971057108977845
23900,-7.225371651280454e-4
20211,-0.0016978720291684901
110521,0.0012301702113184376
54130,-5.728307267904853e-4
381686,0.0015706468554035347
207592,9.256554356769087e-4
12338,0.0021020597315595246
18301,5.371629063812833e-4
75064,0.001348395160666982
100503895,-0.0014030680774239634
232878,0.0012016442087974255
545817,0.0014051621356259147
15376,0.0010681517460926493
232400,-0.001026025420949317
229214,-0.0012087411097292389
384214,-0.001520923735085944
258573,0.001033039674324332
74330,-8.798804882879097e-4
233071,-0.0010585328967929186
26428,-4.0475908746628875e-4
71861,8.758169976950114e-4
231691,0.0014745126296196176
76899,-6.320347036208318e-4
12142,-6.090076437645919e-4
231329,-4.257423680353867e-4
67071,-2.4429980028273235e-4
70478,-9.724969775692927e-5
242838,1.0315896599477625e-4
329244,-1.1272031997933141e-4
60406,-7.465612009482925e-6
