MM.Entrez,EffectSize
11298,-0.260065852
11302,-1.1965988260000002
11303,0.2746920762000002
11304,0.07290341819999986
11305,-0.10802415660000016
11306,-0.19972868220000048
11307,0.017265831999999648
11308,-0.07840569060000017
11350,-0.055621916399999805
11352,0.3268644261999999
11363,0.41875248579999996
11364,-0.06403940380000002
11370,0.20461976599999937
11409,0.6305963530000002
11416,0.6808225460000001
11419,-0.27472523299999996
11421,-0.5195929319999998
11423,0.009478916599999998
11425,0.8218334614
11428,-0.9876260170000002
11429,-0.04029134199999973
11430,-0.2409244454000003
11431,-0.6064446379999993
11432,7.318376000000626e-4
11433,0.45806503199999965
11434,0.09396918059999973
11435,1.1773338988000002
11438,0.4010377060000003
11440,0.12007006919999999
11441,-0.2649167948000001
11443,-0.3998850622000001
11444,-0.6084043216000004
11447,-0.5958043926000001
11448,0.33431711379999995
11449,-0.7203636802000001
11450,0.13573174980000022
11461,0.06759200199999996
11464,-1.4409088086000001
11468,0.40000438159999974
11470,0.09305217979999973
11471,0.08269329280000015
11472,-0.018796814999999967
11475,-0.1325049894000001
11477,-0.21546541620000018
11479,0.30263688
11480,0.4584157113999999
11481,-0.8862419668000001
11482,0.3074420392000004
11484,-0.08437481980000006
11486,0.8263316668
11487,-0.4188905740000003
11488,0.03370441360000065
11489,0.21069523559999973
11490,-0.16441593079999955
11491,0.7903895066
11492,-0.058257364000000325
11495,-1.0184036189999999
11496,-0.5335079612000001
11500,1.7455416729999997
11501,-0.5804629698000003
11502,-0.006282652999999527
11504,-0.4783732514
11513,-0.154496786
11514,-0.7150933988
11515,-0.6732281797999999
11516,0.011129323199999864
11517,-0.10441672620000002
11518,-0.26947840999999995
11519,-0.8531277522
11520,-0.022852972799999805
11522,0.5681828233999999
11529,0.21852258740000002
11532,0.38137913519999983
11534,-0.5755826462000002
11535,0.5469398910000001
11536,-0.5669448676000001
11537,0.27472626239999987
11538,-0.12528747140000007
11539,0.004898207400000043
11540,0.7722578280000001
11541,-0.539063791
11542,0.20845642500000014
11545,0.05719981720000007
11546,0.22045876439999965
11548,-0.17439118400000062
11549,-0.9883152406000002
11550,-0.1729427049999998
11551,-0.37366717380000003
11552,0.5830422289999999
11553,-0.3768719862000001
11554,0.664108382
11555,-0.2714799373999998
11556,-0.8534970556000001
11564,0.44036658519999994
11567,-0.6871259340000002
11568,-0.8935502622
11569,-0.36161905960000007
11571,-0.003343768000000047
11576,0.4460085378000002
11593,0.5027415544
11596,-0.08031803160000006
11600,-0.4410718210000006
11601,0.46452453139999994
11602,0.5805290499999999
11603,-0.2524497162000001
11604,-0.12870255280000026
11605,-0.097513663999999875
11607,-0.4402295312000001
11609,-0.25183546980000004
11610,0.37026845359999994
11614,-0.08652616339999977
11615,0.5826890041999998
11622,-0.11413489200000022
11624,-0.18619114160000008
11625,-0.0070769636000008514
11628,0.006624203399999917
11629,0.6938270685999999
11632,-0.14100054800000023
11634,0.007726021599999822
11636,-0.009114275399999627
11637,0.16908847799999976
11639,-1.1215422298
11640,-0.26900112640000007
11642,0.37724142759999985
11643,-0.28958804920000014
11648,0.029955823999999964
11650,-0.2642639724000001
11651,0.29583091400000044
11652,-0.209033466
11655,-0.07052577660000026
11656,-0.08851037200000036
11657,-0.3175454632
11658,0.10381500859999963
11666,-0.33247956720000005
11668,-0.7156977940000004
11669,-0.3936798720000002
11670,0.11441333599999978
11671,-0.028032467200000254
11674,-0.02344102800000023
11676,0.23745945880000044
11682,-0.9610752010000001
11684,-0.2392865000000004
11686,-0.8167682871999998
11687,-0.3195614640000001
11688,-0.32264255940000003
11689,-0.29408125539999935
11692,0.418458199
11694,0.4599360560000001
11698,-0.3188060866
11699,-0.1786593997999998
11704,0.07119196759999999
11705,-0.6861664936
11717,0.4655537009999996
11720,0.14440413400000002
11722,-0.20975918619999961
11727,0.3775465371999999
11732,-1.0156199273999995
11733,-1.2480503832
11735,0.7595944729999999
11736,0.2780617374000001
11737,-0.6303294140000002
11739,0.4283332500000004
11744,0.07560871200000001
11745,0.5506456155999997
11746,0.2689837056
11747,-0.11018951199999982
11749,0.08693306599999992
11750,0.1660528486000004
11754,0.17454576459999985
11757,-0.15898542840000013
11758,-0.06550053200000043
11761,-0.10549926780000005
11764,-0.11266805399999988
11765,0.18494305319999996
11767,0.26938681599999975
11768,0.8647932799999998
11769,0.32217222999999995
11770,0.25396248359999946
11771,-0.1898139566000001
11772,-0.14428344819999986
11773,-0.23191834199999944
11774,-0.01861733199999982
11775,-1.0526076137999998
11776,-0.23173854659999976
11777,-0.2656886884000002
11778,0.8343710086000001
11781,0.70061557780000006
11782,0.3058414115999998
11783,-0.5458008284000002
11784,-0.8843729912000003
11787,0.0390486263999998
11789,-0.9138043693999996
11790,-0.14337826960000016
11792,0.8279415112
11793,0.2487106537999999
11796,-0.06664550519999982
11797,-0.3514186900000002
11798,0.16514540380000006
11799,-0.5888766379999997
11801,-0.2605512068000002
11803,0.520748146
11804,-0.5222550831999999
11806,-0.15128873799999995
11807,-0.057006806000000056
11810,0.07510869199999988
11811,-0.4345437911999997
11812,0.3608837533999999
11813,0.22377740019999984
11814,-0.21668633580000005
11815,0.6011198835999998
11816,0.2351407300000002
11818,-0.25843263820000023
11819,-0.45782312560000005
11820,-0.5053293472
11826,-0.26901842599999953
11827,-0.12131665599999977
11828,0.28570011500000003
11829,-0.16563807860000032
11830,-0.7469641566
11831,0.09156554840000002
11832,-1.1036357246000001
11833,0.5220883636000001
11834,-0.016279039200000157
11835,-0.28231822820000013
11836,0.11920083800000007
11837,0.07909200399999997
11838,0.1581693325999999
11841,0.13854949299999966
11842,0.04981068799999981
11843,0.06748797059999986
11844,-0.22806528999999962
11845,0.32079884640000067
11846,0.4458164002
11847,-0.5435913932000002
11848,-0.13260112200000015
11852,0.17686376939999987
11853,0.36830699980000003
11855,0.6021975098000001
11856,0.14800648580000003
11857,0.2180698000000003
11858,0.3015010558000001
11859,-0.8289937784000001
11861,-0.45048577599999967
11863,-0.02006781779999951
11864,0.42804646199999985
11867,0.30444376000000056
11870,0.27273817339999995
11875,0.20591608919999987
11876,-0.8604926316
11877,-0.14338046800000015
11878,-1.0479121381999998
11881,0.3689047716000001
11883,0.08591344559999996
11886,0.3873967632000002
11889,0.26231042039999986
11890,0.44193209720000015
11891,-0.2925986542000004
11898,0.05563031400000007
11905,0.21801135639999975
11906,-0.8290917538
11907,0.4634171101999998
11909,0.2097799368000004
11910,-0.817086242
11911,-0.1901373569999997
11920,0.12292444499999995
11921,0.48365172119999994
11922,0.005273194199999854
11923,0.18371597060000006
11924,-0.03570224199999998
11925,-1.8579970614
11927,0.15295141599999978
11928,-0.23713778019999943
11931,0.15061723520000037
11932,0.12725549980000003
11933,0.23572520799999985
11936,0.04356151500000003
11937,-0.47923311100000027
11938,0.15603743740000003
11941,0.5355385800000002
11944,-0.006117581000000172
11945,-0.36782138060000014
11964,-0.030329811799999717
11966,0.4120659763999998
11972,-0.48436694800000024
11973,-0.1855683061999997
11974,0.06392022199999978
11975,-0.05329120700000019
11977,-0.41474214779999946
11979,-0.1713602270000001
11980,0.09756469499999998
11981,-0.024814486000000358
11984,-0.25201603399999967
11987,-0.048936613000000406
11988,0.07624026219999998
11989,-0.5302794252
11990,0.6346951291999998
11991,0.2068454219999996
11992,-0.5328141160000002
11993,-0.22817592799999958
11998,0.5354539958
12000,-0.9196100063999999
12005,0.0017910183999997997
12006,0.10739371900000014
12010,0.04532229799999996
12012,0.23803159440000005
12013,-0.24866655900000048
12014,-0.05516552719999943
12015,0.28106292280000034
12017,-0.3634314579999998
12018,0.3581722125999999
12020,-0.16448397559999978
12021,0.10601585359999995
12022,-0.007053567800000149
12023,0.038783718000000175
12028,0.38241633859999985
12029,0.7946969074000001
12032,0.5632707026000001
12033,0.5082612292
12034,0.34729039799999983
12035,-0.2522701758000002
12036,0.4522206594
12038,0.5466646771999998
12039,0.33449271920000073
12040,0.3442751313999999
12041,0.3458587524000006
12042,-0.08431419799999987
12043,-0.08096974519999982
12048,-0.6260194059999993
12049,-0.5150197598000001
12050,1.2672293049999999
12051,0.12363028800000002
12053,0.0572891300000002
12054,0.4955316613999997
12055,0.7912068713999995
12057,-0.039509421200000096
12061,0.6765868386
12062,-0.1918267511999999
12064,-0.11642109339999998
12068,0.49470534219999995
12069,-0.13675621959999998
12075,-0.2545740767999998
12091,0.2437977118000001
12111,-0.025447094399999946
12121,0.5839898891999998
12122,-0.10248930999999999
12123,0.017299487799999812
12124,-0.4339033676
12125,-0.10924932939999987
12140,-0.21766190739999997
12142,0.4112112395999999
12143,0.44498773520000034
12144,0.11407519539999988
12145,0.22065344400000023
12151,0.1449295278000001
12153,-0.029530159000000823
12154,-0.18612350200000005
12155,-1.2566547586
12156,0.17097448519999983
12159,-1.6198075028
12160,-0.3153051145999998
12161,0.34456669400000006
12162,0.23027469320000016
12163,0.3091885434000002
12166,0.3428024904000001
12167,-0.6327743298000001
12168,-0.13920897099999935
12169,-0.41251372039999945
12173,-1.3556665192
12175,0.10689251399999974
12176,0.13424753720000063
12180,0.3153179954000004
12181,0.08403477079999995
12182,0.05678404739999952
12183,-0.5033636440000002
12190,0.6990085362000003
12192,0.21991383600000028
12193,-0.13392141200000013
12209,0.6197158774000001
12211,0.27212679839999987
12212,0.9423743769999996
12215,-0.6412884420000001
12217,0.3360974444000001
12223,0.47449505480000004
12224,-0.0029588064000001246
12226,-0.06758857000000021
12227,0.27591717280000017
12228,-0.7405341640000003
12229,-2.687160000000688e-4
12231,-0.4459345559999992
12234,0.5123278828
12235,-0.09727362719999988
12236,-0.09052849580000011
12237,0.26759223579999974
12238,0.5575030139999999
12257,0.3620796259999999
12258,-0.2275545680000004
12259,0.42972502519999967
12260,0.22336425439999985
12261,0.3498800859999999
12262,0.005332475400000014
12263,-0.13261220260000037
12265,0.5713627460000001
12266,-0.44758282999999965
12267,-0.7595695836000002
12273,-0.2052828244000003
12274,-0.27345897159999993
12279,0.12020020960000002
12282,0.04992108039999987
12283,0.10808111599999996
12286,0.3783309335999999
12287,0.40676243719999977
12288,-0.18722077460000025
12289,0.3432376676000001
12290,-0.5053003629999998
12291,-0.03975163420000012
12292,-0.2760566331999999
12293,0.4298729181999999
12294,-0.05451583040000001
12295,-0.23490998099999966
12296,-0.04835969700000024
12298,-0.3148581936000001
12299,-0.448529967
12300,-1.537831408
12301,0.018418598199999893
12304,-0.009267066600000007
12305,-0.23929243540000006
12306,-0.045160590000000056
12307,0.1546346621999998
12308,0.22547903199999988
12309,-1.0356635284
12310,-0.09944327920000014
12311,-0.49673611540000007
12316,0.6274217062
12317,-0.09766320600000036
12319,-0.2567271356000001
12321,0.19295505059999982
12322,-0.3268032873999996
12325,-0.031218859399999844
12326,0.26499450659999974
12328,0.1948350055999999
12330,0.3361507960000001
12331,-0.06028428000000012
12332,0.19756979200000052
12334,0.06658218800000029
12335,0.0832452159999999
12336,0.0701580019999998
12337,-0.7720726908
12338,0.30838181959999994
12339,0.4387043777999997
12340,-0.3389959320000003
12343,-0.1288509419999997
12344,0.30216544040000004
12345,0.15365629999999975
12346,-0.3573739421999999
12348,-0.7423136982
12349,-1.0834732100000004
12350,-0.11963762180000029
12351,0.309560046
12352,-0.4386951131999998
12353,-0.7147147642
12354,-0.13459815600000055
12355,-0.932733299
12359,-0.6066385399999994
12361,-0.44168533699999984
12362,0.17513010899999984
12363,0.40581158200000045
12364,0.0541394232
12365,0.1367926450000006
12366,0.1272667180000006
12367,-0.03204350540000025
12368,0.15285498539999978
12369,0.8189827858
12370,0.24751018380000006
12371,0.1069613891999996
12374,-0.36294903100000003
12380,-0.3557615035999998
12385,-0.3060609960000001
12386,-1.2765389414000001
12387,-0.33338903120000046
12388,0.0548747392000001
12389,0.1950526056000001
12391,-0.08564633600000002
12393,-0.10595493000000014
12394,-0.13638592479999972
12395,-1.9041950590000003
12396,0.36306982360000023
12398,-0.7179925357999994
12399,-0.5443513905999999
12400,0.11278574600000049
12401,-0.4597712370000001
12402,-0.06724393999999982
12404,-0.08110766020000035
12405,-0.49505688820000016
12408,-0.29249493799999976
12411,0.8124441036000001
12412,0.032971557200000313
12416,0.016952272999999886
12418,-0.01466810460000012
12419,-0.6243145752000002
12421,0.47900637059999995
12424,-0.6796517782000001
12425,-0.03964052759999985
12426,0.011155670599999912
12428,-0.8483443527999999
12443,0.4596036359999999
12444,-0.0772357399999997
12445,0.08328977799999962
12447,0.08636861960000006
12448,-0.04296631979999983
12449,0.37508829099999996
12450,0.41399147220000004
12452,0.6020482066000001
12453,-0.44604236799999947
12454,0.20448330800000072
12455,-0.17447871800000012
12458,0.4885015579999997
12460,-0.15950659400000014
12461,0.17768705999999987
12462,-2.561033999995743e-4
12464,0.09843365499999948
12465,0.3086271
12466,0.34311248800000005
12467,0.25317861799999963
12468,-0.30277914600000033
12469,-0.20439068219999967
12475,-1.6964428494000003
12476,-0.5890363780000001
12477,-0.8646447218
12478,0.1533176579999999
12479,0.2968632474000003
12481,0.44894250200000024
12482,0.2041123360000004
12483,-0.05648548639999973
12487,0.03750144000000048
12488,0.13934117379999938
12490,0.49146302740000003
12491,-1.0932635817999994
12492,0.11586815359999995
12493,0.26069737199999954
12494,0.1817556416000002
12495,0.26797303659999977
12496,-0.8390521280000001
12497,0.44416934379999995
12499,0.2493353630000005
12500,0.3687063680000001
12501,0.22468853799999983
12502,0.5932910560000003
12503,0.04170255019999995
12504,0.09556529200000057
12505,-0.17753076059999948
12506,0.28990578599999994
12507,0.29411846400000063
12508,0.06794062219999972
12509,-0.8654562920000004
12511,0.26211272799999996
12512,0.028603720000000266
12514,0.1653769420000007
12516,0.2834072759999998
12517,0.18138159000000015
12518,0.3967027527999999
12519,-0.7376597286000003
12520,-0.11624364600000021
12521,-0.18780970799999963
12522,0.5490524220000005
12523,-0.10598999800000009
12524,0.2312627410000001
12525,0.41129823239999974
12526,0.3320156180000001
12527,-0.27637648199999987
12531,-0.7479205399999994
12532,-0.21434876580000006
12534,-0.2891841239999999
12539,0.1263801300000001
12540,0.27249227000000004
12544,0.9414307727999999
12545,0.6982980131999998
12549,-0.5299587077999999
12550,-0.20341568059999987
12552,-0.4010363514
12554,-0.1213628538
12555,0.7322588950000001
12556,-0.34083034380000027
12557,-0.38245625459999993
12558,0.8422328682000001
12560,0.34998807600000015
12561,-0.2059703204
12562,0.05509671419999984
12563,-0.2068559492000001
12564,0.9020175227999999
12565,-0.5650781283999999
12566,0.114085634
12567,0.19335264599999996
12568,-0.06819924100000048
12569,0.40021672339999964
12570,-0.7680018238000001
12571,-0.22555976959999996
12572,0.17112382759999978
12575,-0.16363760179999964
12576,-0.052884406000000085
12577,-0.4132151234000002
12578,-0.056768870400000004
12579,0.4491488406000004
12580,-0.3165521295999998
12581,0.3265133479999999
12583,3.762295999999665e-4
12585,-0.9090083419999996
12587,-0.23708675519999983
12589,-0.1327533304000001
12590,0.05946305059999988
12591,-0.13217880279999994
12592,-0.2967319739999999
12593,0.04638305879999986
12606,0.013472296399999806
12607,0.5665638454000002
12608,-0.13509777000000014
12611,0.4332882974
12613,-0.09110115900000011
12614,-0.26148263200000005
12615,0.0029976256000002976
12616,0.5196259714
12617,-0.4707879653999999
12622,0.5040270413999999
12623,0.04631934739999997
12626,0.8952535793999999
12628,-0.2493138486000001
12630,-0.5301536851999998
12631,0.2760062659999992
12632,-0.03486647020000007
12638,-0.19375033280000017
12640,0.0017517325999998334
12642,0.2365291494
12643,-0.2908084006000001
12647,-0.41964633440000004
12648,0.6374943490000001
12649,-0.2873906843999999
12651,-0.16812111519999995
12652,0.7043594762000003
12653,-0.3251211034
12654,-0.24687176779999992
12659,0.10914260440000004
12660,0.19483114120000025
12661,-0.037702952599999937
12662,0.5553437118
12663,0.32159648520000006
12667,-0.2991109984000001
12669,-0.30023368779999987
12671,0.4019231254000001
12672,-0.5385817018000003
12675,-0.10336006080000004
12677,0.7408487725999999
12683,1.4373912126
12684,-0.27482236280000033
12686,0.16910467619999983
12696,1.2461053850000003
12700,-0.16537387440000018
12702,-0.29103463840000005
12703,0.034925517200000124
12704,-1.415748448
12705,-0.5463026118000001
12709,-0.062400510800000045
12715,-0.11613935519999989
12721,0.3296317380000005
12723,-0.027689194799999938
12724,-0.19012999039999992
12725,-0.35723120399999997
12728,0.28739099519999983
12729,0.40595617560000025
12733,-0.20446635039999989
12737,0.22939790780000005
12738,0.2282533621999999
12740,0.10255956160000004
12741,0.04662586260000001
12747,-0.37278597760000026
12748,-0.1186563048
12750,-0.1803133036000002
12751,-0.01184494080000018
12752,-0.14068197200000016
12753,0.5720942813999998
12757,0.21765515600000035
12764,-0.9517817620000002
12765,-0.2647407379999997
12766,-0.03353773460000013
12767,-0.8720703142000001
12768,-0.20043795540000015
12769,-0.046695562200000394
12771,0.22994232079999932
12773,0.2614375184
12774,-0.09282321999999983
12775,-0.10468024599999985
12776,-0.560926088
12777,0.6174220424000001
12778,0.23673585560000004
12780,0.2485781425999999
12785,-0.17935251600000016
12788,0.012311089800000197
12789,-0.7347643066000001
12790,-0.3848330688
12793,0.3201228159999996
12794,0.5456655831999999
12795,0.6457550304
12796,-0.5280665187999997
12797,-0.012594180000000144
12798,0.17031405
12799,0.28206755
12801,-0.8878319384
12802,-0.10085964600000068
12803,-0.7773155987999998
12804,-0.4989503616000001
12805,-0.7283739313999998
12807,0.011523844200000254
12808,-0.12004204720000011
12810,0.8790266240000001
12812,0.9789839829999998
12813,-0.12252805940000018
12814,-0.17171533960000024
12815,0.4894629524
12816,0.09609977399999999
12817,-1.2606228763999998
12818,0.08748063959999977
12819,0.3238728703999998
12821,-0.16908425539999988
12822,-0.4986751916
12823,0.22609959239999994
12824,-0.4718442145999999
12825,0.4660060786000001
12826,-0.1607911026
12827,0.49360450119999977
12828,0.0827993929999999
12829,-0.37039288339999993
12830,-0.21536912820000023
12831,-0.6850331902000002
12832,-0.11405747740000009
12833,0.4848042897999999
12834,-0.2010503103999998
12835,0.23716312079999993
12836,-0.5945594738000001
12837,2.2915059999997208e-4
12839,-0.6023816492000003
12840,0.5372878985999999
12841,0.3053785421999997
12842,-0.5531107462
12843,0.11561151179999998
12845,-0.10455035320000006
12846,0.07221816939999996
12847,-0.0657696952000002
12848,-0.8175449616000001
12850,-0.5021141835999998
12854,0.012040583200000121
12856,0.23830594779999997
12857,0.241809662
12859,0.33275688799999975
12861,-0.14801176599999977
12862,0.7800085448
12865,-0.15440398840000072
12866,-0.0866881339999999
12867,0.5714239219999996
12868,-0.1332782980000001
12870,-0.07932152440000007
12873,-0.3888350288000003
12874,-0.07777665200000002
12876,-0.18610651360000005
12877,-0.7473342970000001
12879,-0.6419129936000002
12889,-0.3580295014
12890,0.6308992595999999
12891,0.2667748376
12892,0.5339389542000001
12894,-0.16643823799999993
12895,0.11262436299999976
12896,0.24916908360000037
12902,-0.04867421200000059
12903,0.3799551901999999
12904,-0.6189416066
12905,0.5214969109999998
12908,-0.7156714194000001
12909,-0.019763974000000316
12912,-0.2825608776000001
12913,0.34972231419999994
12914,0.004695624000000009
12915,0.1321000072000002
12916,-0.027352420599999937
12918,0.11827491640000014
12921,0.5135857554000005
12922,-0.25617767960000004
12925,0.22154066599999994
12927,-0.19137222160000017
12928,-0.01494810159999993
12929,-0.25428330960000006
12931,-0.009447082600000023
12933,0.2556983854000001
12934,-0.13664278779999997
12936,0.2862723418
12937,0.2862723418
12939,0.2862723418
12941,0.2862723418
12942,0.2862723418
12943,0.2862723418
12944,0.2836383687999999
12945,-0.6736501772000001
12951,0.023041177400000022
12952,-0.40310038380000013
12953,0.2686828818000002
12954,0.15401142479999982
12955,-0.012985853999999363
12957,-0.2548814436
12958,-0.3548606582000001
12959,-0.17188830499999952
12960,0.29093625479999996
12961,0.18111408719999975
12962,-0.8376703752000001
12964,0.38981581819999994
12966,-0.6894064178000001
12967,0.31438036599999997
12970,-0.033180878000000115
12971,-0.15605044560000003
12974,0.07594186599999979
12977,0.033103477999999596
12978,-0.23100643599999948
12982,-0.25399180200000016
12985,0.5201044055999999
12986,-0.4181901200000002
12988,0.4750597578000004
12991,0.7032642678000001
12994,0.3291825297999996
12995,0.17887476999999913
13000,0.0636760872
13001,0.2745645400000001
13002,-0.06875339400000051
13003,0.37646500319999987
13004,-0.13149275020000015
13006,0.06451801060000015
13007,0.024542989999999775
13008,0.4040982026000002
13009,0.3933421371999999
13010,0.13754163999999988
13011,0.6027602020000001
13012,-0.3136625317999999
13013,0.13957768820000008
13014,0.3524146415999997
13016,0.18839176000000002
13017,0.015818453799999688
13019,-0.2287073320000002
13026,-0.29260017460000076
13030,-0.7097300379999997
13032,-0.033849435800000195
13033,0.031168487999999783
13034,-0.8064002719999998
13035,0.6406963721999999
13036,0.3145136840000003
13038,0.03792443600000013
13039,0.0722974636
13040,0.2559958979999998
13041,0.26261158720000066
13043,-0.5086068972
13046,-0.3313357539999995
13047,-0.5105033880000004
13048,-0.04741100060000001
13051,0.11285860859999985
13052,0.04858801579999996
13056,0.09415015220000011
13057,0.34879497399999976
13058,0.13552456919999986
13070,-0.0756922032000003
13072,0.24268736259999998
13074,0.1889252019999997
13075,-0.5464830177999997
13076,0.4469004739999999
13077,-0.04749557940000013
13078,-0.6323334532
13079,-0.027494179400000006
13081,0.03772004159999982
13082,-0.6765621738
13088,-0.8003765253999997
13106,-0.20459648339999995
13107,0.5208197843999999
13110,-0.18536518379999975
13115,-0.40816305340000014
13116,-0.2359855625999998
13120,0.2642344366000001
13121,0.1859841475999998
13122,-0.2503473436
13123,-0.08418982660000003
13124,0.06542619179999987
13131,0.11853146139999993
13132,-0.1685897095999998
13134,-0.5112733462000001
13135,0.4060981039999998
13138,0.011843991799999643
13139,0.01698758199999979
13142,-0.029306830400000105
13144,0.681970323
13162,0.6217048616
13163,0.281266192
13164,0.2376772294000001
13166,0.21668837699999993
13167,0.3523077119999993
13169,0.06722971320000042
13170,0.28976632280000025
13171,0.6055986199999996
13172,-0.43256546220000003
13175,0.09448113279999984
13176,-0.26349702179999995
13177,0.4201446395999998
13178,0.38429102559999995
13179,-0.5979001758
13180,0.9829658989999999
13190,0.6418759754000001
13191,-0.11325893400000062
13193,-0.30700873580000004
13194,-0.05990916999999989
13195,0.44268678079999974
13196,-0.42492168659999974
13197,-0.49352513599999986
13198,0.3498851489999996
13199,-0.2995419547999999
13202,0.6535402636000004
13204,-0.23613362260000006
13205,-0.3372707039999998
13206,-0.4473589566000002
13207,-0.028321157999999257
13209,-0.0791243840000007
13244,0.4688551920000002
13340,0.1496166665999999
13346,-0.23785296339999995
13347,0.024174476799999844
13349,-0.7055374279999995
13350,-0.05598238280000008
13353,0.8499153419999999
13356,0.15023356199999965
13358,0.04069299220000033
13360,0.5689033774000001
13361,0.004651952200000142
13363,0.33034247840000014
13368,0.4556219776
13370,-0.4584819857999992
13371,0.8795631246
13380,0.0073280004000000785
13382,0.14196896960000008
13383,-0.2267331709999997
13384,0.21793718739999993
13385,0.5739501770000002
13386,-1.2025187014
13388,-0.19844247060000003
13389,0.9536338773999997
13390,-0.08592162760000006
13392,1.4737552332
13394,-0.29183796440000015
13395,-0.5195049216000001
13396,-1.0547388552
13400,0.3120794022000002
13401,-0.2077455118000003
13404,0.9175794744000001
13405,-0.6633586144
13409,0.5312631457999999
13411,-0.16515545459999997
13417,-0.18629155399999958
13418,0.15171957699999972
13419,-0.08054706680000016
13421,0.5555053239999997
13423,-0.09650960599999969
13424,-0.3549720097999998
13426,0.2566996414
13427,-0.08356868800000009
13429,0.34595209979999986
13430,0.12711988199999985
13433,-0.7310780824
13434,0.7682805499999998
13435,-0.19349801440000008
13436,0.38471586820000037
13437,0.28756199000000005
13445,0.3966396039999996
13446,-0.1323625261999995
13447,-0.036174852999999896
13448,0.20481889479999998
13449,0.16023555599999958
13476,0.23924081660000046
13478,0.2829106875999997
13481,0.3294255161999999
13482,0.08926079040000019
13483,0.05801355339999983
13486,-0.37431316059999953
13487,-0.04253035699999987
13489,-0.07502997780000023
13490,-0.37369156780000007
13491,0.23636168439999974
13492,-0.6328202697999998
13494,0.17550373579999956
13495,0.8182636519999997
13496,-0.4704666460000002
13497,-0.5127749282
13498,0.25709182699999983
13505,-0.5443525586000001
13506,0.2082631708
13507,-0.16273309959999996
13508,0.2612292592
13511,-0.0016758290000002062
13512,-0.4078579596000001
13516,0.1068144553999999
13521,0.9046055634000001
13522,-0.34199120480000006
13527,-0.11163389639999996
13528,-0.11723289359999925
13537,0.1273156159999999
13542,-0.169304715
13543,0.18400422239999975
13544,-0.07003971999999976
13548,-0.23488309639999994
13549,0.23219628719999968
13555,-0.057633104800000015
13557,0.5599025736000003
13559,0.3246770075999999
13560,-0.4613897367999993
13589,0.16426942820000007
13590,-0.22579163379999984
13591,-0.09959198820000026
13592,-1.0107512842000002
13593,0.12995618019999994
13595,0.14952002200000009
13599,-0.23525191340000004
13601,-0.18574920999999983
13602,-0.09013284200000005
13603,0.4674390815999999
13605,0.4249968182
13607,-0.2972191712000001
13608,-0.6572834166000001
13609,0.5903076580000001
13610,0.6333028383999999
13611,0.5943183078000003
13612,-0.6742666272000001
13614,0.06063030359999999
13615,0.4956937435999997
13616,-0.15341240879999996
13617,0.7133250908000001
13618,-0.6820300560000002
13619,-0.4728654949999999
13626,-0.024213324000000112
13628,-0.4082365335999999
13629,-0.07148215200000045
13631,0.8771978988000001
13636,0.9093524602
13637,-0.5254904250000003
13638,-0.14287641920000027
13639,0.3953381466
13640,-0.3888521029999999
13641,-0.20955063779999997
13642,0.1372811308
13643,-0.7081050552
13644,-0.2639548232000001
13645,0.28618620059999983
13649,0.4138348336000002
13650,0.155565702
13653,0.5632423727999999
13654,0.19602742739999987
13655,-0.5181278613999999
13656,0.4017046452
13660,-0.25257265199999956
13661,-0.5955782722
13663,-0.009276370200000005
13664,0.2875038658000001
13665,0.29533058660000044
13666,0.27479612639999934
13667,0.22088185960000004
13669,-0.23782479900000003
13680,0.747747486
13681,0.12162255799999996
13682,0.16386043800000039
13684,0.3899965058000003
13685,-0.06060351200000049
13688,0.013730801999999542
13706,-0.16644692600000024
13709,0.13793402659999998
13710,-0.271662304
13711,0.35169218739999986
13712,0.16113933079999992
13713,0.17357223320000018
13714,-0.2420983016000001
13716,-0.06987998060000003
13717,0.5611312894000001
13722,0.7801445392000002
13723,-0.16736205900000023
13726,0.41287693720000007
13728,0.14058950080000016
13730,-0.040031573000000265
13731,0.6432503674000001
13732,0.5093040079999998
13796,-0.4983796460000002
13797,0.1598101803999999
13801,-1.0044172301999998
13803,0.020998155399999874
13804,0.5852139667999999
13805,-0.3810386458000002
13807,-0.3806517093999998
13808,0.01968292199999979
13809,0.06706374279999991
13813,-0.15924847620000052
13819,-0.18791308399999984
13829,-0.48399465240000017
13830,-0.17690661300000005
13831,-0.07197212499999957
13835,-0.04259723719999986
13836,0.010114596599999803
13837,0.10024624860000006
13838,-0.6099797358000002
13839,-0.6214585299999996
13840,-0.8710089193999998
13841,0.39976307999999994
13842,0.06023349439999981
13844,-0.5807325741999996
13845,-0.3286385040000003
13846,0.08498017360000025
13848,0.5070279339999996
13849,0.3382775300000006
13850,0.7474529052
13852,-0.5066664604000003
13853,0.027869374600000007
13854,-0.2926812420000001
13855,-0.17546811039999993
13856,-0.8698631862
13857,-0.3331548587999997
13858,-0.16334747599999985
13859,-0.14150430400000005
13860,0.35916133140000006
13864,0.22420741219999982
13865,-1.0631895690000002
13866,0.3526625196000001
13867,0.3239631338000001
13869,-0.02467787240000021
13870,0.43604922220000014
13871,0.14130275979999957
13872,0.047804910799999864
13874,-0.20065126699999994
13875,0.2540516775999997
13876,-0.1358066444000002
13877,0.46078987399999993
13885,0.003572194000000195
13972,0.37187174600000006
13982,0.5880253675999997
13983,-0.5318017259999998
13984,-0.026656360199999972
13990,1.4446782486
13992,-0.24064004939999997
13998,-0.0031854450000000866
14000,0.07398292939999998
14007,-0.14031938799999963
14008,-0.9502149286000001
14009,-1.5403130602000004
14011,0.46234951959999987
14012,-0.34591246559999983
14013,0.12842338159999994
14017,0.5055387392
14020,0.16891034860000004
14025,0.36176636779999993
14026,0.09570941600000005
14027,0.049273373599999816
14028,-0.38944240359999993
14029,-0.1612434451999995
14030,-0.11247810859999988
14042,-0.12287912460000001
14043,0.9916068562000001
14048,-0.5151553620000004
14049,0.2336888656000003
14050,-0.15118102000000028
14051,0.1865566996000001
14055,0.04353287600000044
14056,0.2523940094
14057,-0.05885832999999998
14058,0.059770798400000304
14060,0.2560798623999999
14061,0.7839282115999999
14062,0.27485037519999994
14063,0.5701567252000002
14065,0.7763008468000001
14066,-0.06674092280000021
14067,-0.3891535140000002
14068,-0.4903776950000001
14069,-0.7389165878
14071,0.28799739459999996
14073,-0.5792723108000001
14077,0.15918278899999985
14079,0.1286742234
14080,0.4211587417999999
14081,-1.0508659020000006
14083,0.38390415319999976
14084,0.33189082600000025
14085,-0.6863308738000002
14086,-0.29164475540000023
14087,0.1948253170000001
14088,0.10980136760000007
14089,-0.4117947442000003
14103,0.3607610707999999
14104,-0.7316732970000002
14105,-0.006512690199999937
14106,-0.19782851900000012
14107,0.4535307992
14113,0.23219628719999968
14114,-0.28376819020000016
14115,0.4218779561999999
14118,-0.00223852339999997
14119,0.17703747879999998
14121,0.05556552159999981
14123,-0.2820222736
14125,-0.05559782999999996
14126,-0.49049668319999995
14127,-0.031300613999999526
14128,0.5202965361999997
14129,0.4936233404000001
14130,0.054873458800000205
14131,-0.16362866420000016
14134,-0.7756289659999999
14137,0.9773992922000002
14148,0.7008418633999991
14149,0.1466424186000001
14151,-0.1602664340000004
14154,0.18418438599999937
14155,-0.042172313999999746
14156,0.15615227440000085
14158,0.24835471599999986
14159,-0.10005896640000067
14160,-0.1395177939999998
14161,-0.8986561997999998
14163,-0.31521360479999994
14164,-0.7115680768000001
14165,0.006967005400000037
14166,0.008966581399999729
14167,0.029173982800000074
14168,0.1329378980000005
14169,-0.2628405334
14170,-0.16498735520000007
14171,-0.15729471680000023
14172,-0.4437623996
14173,-0.2277046969999999
14174,-1.3696903962
14175,-0.6385734938000001
14176,-0.6520712735999998
14177,0.09604261280000018
14178,0.9393347928000001
14179,0.34061862540000015
14180,-2.5149138672
14182,-0.2943357707999999
14183,-0.4192065262
14184,-0.05523616500000017
14186,0.26653643180000036
14187,0.19028844959999985
14190,-0.7438440960000003
14191,-0.4663718121999999
14198,0.7267449453999999
14199,-0.3877799959999999
14201,-0.5106887728000002
14208,0.023606532399999835
14211,-0.43329005460000014
14218,0.2736062468
14221,0.7174047453999998
14225,-0.0692987960000007
14226,0.26707501339999984
14227,0.3486378221999999
14228,0.060523783400000045
14232,-0.010721732000000728
14233,0.7015434837999999
14234,-0.04793938099999986
14235,-0.44162392959999985
14236,-0.21212850759999996
14237,0.5800652991999996
14238,-0.05485265079999979
14239,0.5817814222000001
14240,0.8770413489999999
14241,-0.8598642853999998
14245,-0.039921827400000255
14247,0.24714093800000042
14248,-0.4470370199999998
14252,0.39210347740000034
14254,-1.229831206
14255,-0.48015760919999995
14256,0.16986517839999954
14257,0.7733353027999998
14261,-0.6477760511999999
14262,0.18354840559999994
14263,-0.3049207786
14264,-0.6448601793999998
14265,0.45356853899999977
14266,1.2895292102000002
14268,-0.6129142241999996
14269,-0.3581585429999997
14270,-0.08382438000000007
14272,0.1656378140000001
14275,0.8806793093999999
14281,-1.9492778471999999
14282,-0.4201312679999997
14283,-0.485800596
14284,-0.5581057796000002
14287,0.10243785719999998
14289,0.15288597579999977
14293,0.045056000200000314
14297,0.24003744499999957
14299,-0.07008945319999986
14302,0.07475371420000024
14308,-0.13153683540000002
14309,0.10071871199999993
14311,0.050501564399999845
14312,0.2649930499999993
14313,0.08135831339999981
14314,-0.329703073
14317,-0.22255497659999995
14319,-0.03619753400000007
14339,0.598534906
14343,0.08018417979999999
14344,-0.2676293352000001
14345,0.5533570365999999
14347,0.19622635160000018
14348,0.18379255679999984
14356,0.4373764000000005
14357,-0.02218314599999971
14359,0.34219863959999974
14360,-0.06588921140000004
14362,0.0651663327999998
14365,-0.4325184829999998
14366,-0.8110519074000002
14367,0.27311355920000013
14368,-0.3740386480000001
14369,0.14852512960000003
14370,-0.46076377220000014
14371,0.43714242739999964
14373,-0.012742945199999767
14375,0.2762599968
14376,-0.03299376599999988
14378,-0.22209052219999997
14381,-0.08555206800000015
14387,0.05472251880000023
14388,0.2190463940000001
14389,0.2665504963999997
14390,0.7874216065999997
14391,0.29084186199999956
14394,-5.660300000002394e-4
14395,-0.442217431
14396,0.04716821399999978
14397,0.14181583779999984
14399,0.2531227104000001
14400,-1.7664105676000004
14402,0.12955449679999997
14404,-0.11605616140000023
14405,0.6144631349999999
14406,0.6474349700000002
14407,0.38449694580000016
14409,0.5609386479999998
14411,0.2465415189999999
14412,0.29235392779999964
14415,-0.029078697800000518
14417,-0.37932359520000014
14419,-0.45060451740000024
14420,-0.02978189559999995
14421,0.25249546000000045
14423,-0.6811094690000001
14425,-0.45990753959999997
14426,0.7063417882000002
14427,0.04713592259999997
14428,0.21522326739999995
14430,-0.06767353260000064
14431,-0.7795269880000003
14432,-0.6755826624000001
14447,0.27721453859999967
14450,0.1767706827999998
14451,-0.13041672099999993
14453,0.6646617941999999
14456,-0.011139933000000024
14457,-0.11317598880000013
14459,0.6386068726
14460,-0.28422481999999966
14461,-0.028662951000000093
14462,-0.03303551160000016
14463,0.2700652859999999
14464,0.33334451160000034
14468,-0.15351538440000034
14470,0.3523205100000002
14472,-0.3772374110000002
14473,0.22608527480000004
14479,-0.7738175920000003
14489,-0.016262828200000003
14525,-0.4033373958000002
14526,0.09316293099999991
14527,-0.3867066304
14528,-0.7039871389999999
14531,0.5646969618
14533,0.5456492220000001
14534,0.0858842457999998
14536,0.2645406434
14537,-0.054297521600000564
14538,-0.5530353662000003
14539,-0.3256359875999998
14544,-0.6120061880000005
14545,0.0035565450000001773
14547,-0.1260400338
14548,0.3942835500000001
14555,0.16741069099999972
14559,-1.0343280242
14560,0.1575250606
14561,0.1368031263999998
14562,-0.06506160959999967
14563,-0.3160386272000001
14566,0.02692974699999997
14567,-0.6429583457999997
14569,0.1655098640000002
14570,0.4710586013999999
14571,-0.6508686099999998
14573,0.07403695199999989
14579,0.09160249120000027
14580,-0.9487475732000004
14581,-0.06713929259999993
14582,0.03433898139999982
14583,0.1234753188000001
14584,-0.46187827900000017
14585,-0.1870314736000001
14586,0.05393938599999988
14587,-0.20311029260000008
14588,0.05617323200000009
14590,0.145011942
14593,-0.48932570599999997
14595,0.15906311600000045
14598,-0.11072407740000009
14600,-1.1130086811999997
14601,0.3963833972
14602,-0.3348033430000002
14605,-0.7607827380000007
14607,-0.45061833119999994
14608,0.2726895682
14609,-0.2970585496
14610,0.5689892219999997
14611,-0.14964051200000023
14612,0.19342035259999985
14613,0.008196883199999939
14615,-0.032672191999999975
14616,0.31637265679999976
14617,-0.25189397440000005
14618,-0.02674264719999897
14619,-0.09233279459999988
14620,-0.010669952800000094
14621,0.15831230880000008
14622,-0.3607668553999999
14623,0.3091332121999999
14625,0.11714319440000001
14628,0.10266476000000005
14629,-0.11385671940000038
14630,0.2398971859999996
14632,-1.0320486828000004
14633,0.3621288274000002
14634,-0.20196330380000002
14635,0.3515091629999997
14645,-0.47096002799999964
14651,-0.34982246980000015
14652,0.1822313549999997
14654,-0.13085951839999996
14657,-0.21363481980000004
14658,-0.5620724279999999
14660,-0.17352524700000024
14661,0.0641035640000002
14664,-1.0344531521999998
14667,0.24747681260000007
14670,0.4585108626
14672,0.15323353000000034
14673,0.46565872540000014
14674,-0.49688911280000025
14675,0.15460686679999985
14676,-0.15876989360000007
14677,0.19300168219999997
14678,-0.0961954519999999
14679,0.023758037999999714
14680,0.8576058339999999
14681,-0.4807089538000001
14682,0.004309735999999909
14685,0.2361786681999999
14686,0.7104656251999998
14687,0.23761549720000055
14688,0.0361888234000002
14693,0.2372072499999991
14695,-0.3082476781999999
14696,0.5069098763999997
14697,0.8859002745999998
14699,0.3764515155999999
14700,0.5591620210000002
14701,0.14801645160000004
14702,0.22519538199999972
14704,-0.03344239980000001
14705,-0.08824107380000026
14706,0.4102756813999999
14708,-0.15298791340000015
14709,0.08869239179999995
14710,0.46045448600000044
14711,-0.2607667103999997
14712,0.10371705540000029
14714,0.4567204415999999
14715,0.17315427839999992
14718,0.04940225779999992
14719,-0.06661576679999967
14723,-0.3259020972000005
14724,-0.1015037079999999
14725,-0.6621392188000002
14726,-0.30328432880000006
14729,-0.47026355540000003
14731,-0.8690411316000001
14732,-0.46466361720000027
14733,0.5030716561999998
14734,-0.37476338779999996
14735,-0.2580906580000001
14738,-0.08395927879999991
14739,0.562249301
14744,-0.012346952400000078
14745,0.05881600419999984
14748,0.1217605515999999
14751,0.15909465600000025
14755,-0.4043815244000001
14756,0.2742021218000003
14758,0.6285663347999998
14760,0.6148928866000002
14761,-0.3137632523999999
14763,0.9232373838
14765,-0.5465522032
14767,0.1351481333999999
14768,0.2100290998000002
14772,0.6965189277999999
14773,-0.3872544101999999
14775,-0.11860949000000005
14776,-0.16300810979999997
14778,0.10117869680000009
14780,-0.44595284600000007
14782,0.08734932000000022
14783,1.1974532742
14784,-0.17312690400000008
14787,0.254329248
14788,0.09556529200000057
14790,0.3936916259999997
14792,-0.1346352953999997
14793,-0.8252215598000001
14794,0.2347393133999997
14799,-0.03133851540000006
14800,0.1173936691999999
14802,-0.3946365444000003
14803,-0.269965486
14804,-0.3860557642
14805,-0.4651553812000001
14806,-0.5699302448000002
14807,-0.6206123858000001
14809,-0.24853978040000016
14810,0.09954849700000015
14811,-0.18687112440000017
14812,-0.7551206897999994
14813,-0.48191425760000006
14814,-0.6805665476000002
14815,-0.17818350400000008
14816,-0.5504701680000004
14823,-0.6978656220000001
14824,-0.23056160500000011
14825,-0.2807453286
14827,0.08126512320000004
14828,-0.0768215559999998
14829,-1.2103479874
14836,-0.21594797279999992
14840,-0.09000373539999992
14842,0.12397807200000015
14843,-0.44388202760000006
14852,-0.037741439999999925
14853,0.4791269496
14854,1.0611794429999999
14859,-0.3381830894000001
14862,0.048398231800000066
14863,0.3686206718000003
14865,-0.16672639140000003
14866,-0.5746285820000001
14871,0.2819324946
14874,0.5639726295999999
14884,0.22452735579999974
14885,0.5737020908
14886,0.24450421800000016
14897,0.07476978439999993
14904,0.14121555659999957
14911,0.25806893599999975
14912,0.15918834240000007
14915,0.021873488600000178
14916,-0.2209034614000001
14919,0.6002755855999997
14923,0.45757397520000004
14924,-0.6238700180000001
14936,-0.2981146233999997
14938,0.46892260000000013
14939,0.6182351410000001
14940,-0.14029317120000018
14945,0.32633570339999984
14950,0.542570786
14958,-0.6351780776
14960,0.4304125399999997
14961,0.4521594459999996
14962,-0.13261220260000037
14969,0.5136872439999998
14977,0.1313839060000003
14991,0.5469099701999998
14998,0.5649216224
15001,0.8216806939999994
15002,0.5041423840000003
15007,0.00486671120000004
15040,0.21418310999999973
15064,0.37243228099999987
15107,0.6007438556000004
15108,0.3699101619999993
15109,0.6220423507999997
15110,0.8393221491999999
15111,0.46785609259999994
15112,-0.8353269708
15114,-0.01574898239999989
15116,-0.09906431239999991
15117,-0.27272666220000036
15118,0.3047493296000002
15126,-0.12452432899999995
15132,-0.46556334979999986
15135,-0.36637319100000026
15139,0.06195489420000007
15159,-0.10696323399999912
15160,0.4341701648
15161,-0.3423710621999998
15162,0.14069226599999993
15163,-0.07157421799999994
15165,-0.24817391660000004
15166,0.1100378599999999
15168,0.12446932360000007
15170,0.0933992480000004
15171,0.6794848069999999
15182,0.14741641179999992
15183,0.7827338066000001
15184,0.28770545000000036
15185,-0.4742409810000002
15186,-0.6460810429999999
15191,-0.1038050160000001
15194,-0.35421167820000043
15199,-1.070816886
15200,0.39462164039999975
15201,-0.48202570000000006
15203,0.5571223713999998
15204,-0.6597998155999996
15205,0.6681333643999999
15206,-0.8033727299999999
15207,0.564640971
15208,0.9512283915999997
15209,-0.268083532
15211,0.25719824999999974
15212,0.3826337299999999
15213,0.24870519079999998
15214,0.081688238
15216,0.43967082720000017
15218,0.6256856902
15220,-0.616353184
15221,0.7603182784
15223,-0.27062352400000006
15227,0.08999725620000039
15228,-0.4015812324
15229,-0.3560036292000001
15233,-0.2076904469999999
15234,-0.3410724690000002
15235,0.2716094719999999
15239,-0.1482830579999998
15242,0.5392580984000002
15245,-0.22620273599999993
15248,-0.07033600019999983
15251,-0.05822110039999986
15254,0.20352129999999952
15257,-0.9283887420000003
15258,-0.3142853949999999
15259,-0.13867942179999987
15260,0.5267193409999997
15273,-0.20480553099999987
15275,-0.40055869200000027
15277,-0.40248025519999986
15278,0.20122717959999986
15284,-1.1918733582
15285,0.6429779649999999
15288,-0.8668914978000005
15289,0.011511037999999729
15353,0.34190134400000005
15354,0.020436902800000212
15356,0.13924612200000014
15357,0.23370625839999998
15360,0.37620496779999996
15364,0.20490025200000012
15366,-0.8034111234000003
15368,0.04300487819999965
15369,0.3580035798000001
15370,0.13354956800000045
15371,0.08756236259999968
15372,-0.30871734980000004
15373,-1.2519715318
15375,0.822262554
15376,-0.2518801838000001
15377,-0.4151085633999999
15378,-0.6947450150000003
15379,-0.2688691160000002
15381,0.07232067000000023
15382,0.42012423260000026
15384,-0.10348035600000002
15387,-0.26263367780000024
15388,0.2878365511999995
15394,-0.14321175039999998
15395,-0.4644752283999999
15396,0.11628986659999985
15398,0.46831662460000006
15399,-0.08756159140000008
15400,0.0358694378
15401,-0.45662236939999995
15402,0.4115072749999998
15403,0.24019091559999986
15404,-0.2633427371999996
15405,-0.8855381825999997
15408,0.39562214520000005
15410,0.08867257699999982
15412,-0.7234007976000003
15413,0.5673848441999998
15414,0.16042710119999998
15415,-0.7531778631999999
15416,-0.16718722440000003
15417,-0.6321167881999997
15421,-0.553278733
15422,-0.34534223120000024
15423,0.3712752039999999
15424,-0.06401838140000038
15425,0.4719430439999999
15426,0.17570118040000002
15429,-0.5441786898000001
15430,-0.07550646580000002
15431,-0.18183224540000023
15432,0.3469948938000001
15433,-0.2279425218000001
15434,0.4880094510000001
15437,0.9342107876000001
15438,-0.46881804879999994
15439,-0.018040738000000545
15441,-0.052188257999999974
15442,-0.10831610799999965
15444,-0.24947716559999994
15445,-0.08982025879999993
15446,0.15616602860000003
15451,0.5361681709999999
15458,0.8642860267999999
15460,-0.24793395740000007
15461,-0.17125266000000003
15463,0.2557873945999999
15464,-0.002765442200000123
15465,-0.02659655380000032
15466,-0.07718808199999998
15467,-0.11968995559999947
15468,-0.1685648814000004
15469,0.5757033680000003
15476,-0.04942072220000036
15478,-0.22299267380000015
15481,-0.24932462400000083
15483,0.13502593619999992
15485,0.24451679740000012
15486,-0.37972871520000007
15487,-0.5587040035999999
15488,-0.04198900059999957
15490,0.36619859740000005
15492,-0.4387466106
15499,0.25076997679999985
15500,-0.1711863536
15502,0.24863538359999957
15505,-0.7256100353999994
15507,-1.2232635580000004
15510,-0.023349415999999935
15512,0.7130542635999999
15516,-0.26453005400000007
15519,-0.3604752179999998
15525,0.30906341400000026
15526,0.11723478279999995
15529,0.16886273860000003
15530,0.17310055459999987
15531,0.1689459534000001
15547,0.1608042863999998
15550,-0.10207719639999997
15551,0.20607791599999992
15552,0.11039401700000004
15557,-0.2940227352
15558,0.3546480166
15559,0.06526116940000008
15560,-0.09354822880000029
15561,-0.8502113936
15562,-0.12128760660000007
15563,-0.1935791814
15565,0.5584982105999999
15566,-0.5623973174
15567,-0.45957029259999943
15568,-0.3094652479999997
15569,-0.6038276786000003
15571,0.01597478759999964
15572,-0.4851628425999997
15574,0.3850285251999998
15586,-0.41447304300000026
15587,0.2368109583999999
15874,0.9515129026000002
15891,0.2752594772000002
15893,0.06735935519999972
15894,-0.27835076059999997
15896,0.2659340880000002
15898,0.5319406255999997
15900,0.42552587600000075
15901,0.6557084258
15902,0.33660084000000057
15903,0.8158458733999996
15904,0.24290363239999993
15925,0.10987631239999977
15926,0.02655578060000021
15929,0.09844551200000033
15930,-0.3169811005999999
15931,1.0349201135999997
15932,-0.11658836000000009
15936,0.04029608600000003
15937,0.21311912119999982
15939,0.5745199263999998
15944,0.3452850492000003
15945,0.6536458496
15958,-0.09197397400000043
15967,-0.5200028153999998
15975,0.11139369520000013
15976,-0.3814638320000004
15977,0.029684621799999887
15978,0.7969583518000002
15979,0.04098196799999983
15980,0.3594347736000003
15982,-0.18274221580000044
15983,-0.5941900359999999
15985,0.44868137399999986
16000,0.08610483999999943
16002,0.1481637946000002
16005,-0.3806937166000002
16006,-0.0334256122000002
16008,-0.15943595200000021
16009,0.32673637419999996
16010,0.07072927340000028
16011,0.02061125259999983
16012,0.9042495648
16068,0.16601385959999995
16147,-1.3143270918
16150,-0.08540207199999976
16151,-0.9394022524000001
16153,0.2603186296000001
16154,-0.17501180399999966
16155,0.16639648440000024
16156,0.3995676905999999
16159,0.17226269260000007
16161,0.7855960826
16162,-0.18133782620000005
16163,-0.2968536790000001
16164,0.4947304996
16165,-0.41891950139999984
16168,0.022893612399999697
16169,-0.4720135879999997
16171,-0.13847473520000006
16172,-0.07097967860000001
16173,0.5340341004000001
16174,-0.472659084
16175,0.8519635480000002
16177,-0.8855488699999998
16178,-0.024249722999999966
16179,-0.2792176632000004
16180,0.2895974734000001
16181,-0.4834877971999999
16182,-0.26372931459999976
16183,0.020264199999999732
16184,0.8778131689999997
16185,-0.06036609999999918
16186,0.20197482999999963
16188,0.14032462400000015
16189,0.7097550087999999
16190,-0.02332403319999976
16191,0.026975571000000097
16192,0.0918971361999997
16193,-0.12307350980000002
16194,0.04543128600000017
16195,0.2599212823999997
16196,-0.011454062999999692
16197,0.10737957399999978
16198,0.5365276315999998
16199,0.4162016813999999
16201,0.3950803652000003
16202,0.06235663799999998
16204,-0.08523976600000002
16205,0.3405940099999999
16206,0.5786994905999998
16210,-0.05127541499999992
16211,-0.3463151444000003
16319,-0.4552749479999999
16322,-0.1491593162
16323,-0.8828119124
16324,-0.5218325842
16326,-0.4046754235999998
16328,-0.19564237099999976
16330,0.01427046200000035
16331,-0.16789718000000028
16332,0.22703275359999964
16334,0.1652538604
16336,0.18705942219999994
16337,0.8339843228
16341,0.37715011419999983
16348,0.3293794805999998
16351,0.25516917479999995
16362,0.02250610799999997
16363,0.29496715279999963
16364,0.04291601040000011
16367,-0.027116975400000153
16370,0.7713660656
16371,0.04505044260000011
16372,0.6237540507999999
16373,0.4186588558000001
16391,0.19048112749999985
16392,0.12081275639999997
16396,0.007020465399999764
16398,0.28693673280000026
16399,-0.45182908000000027
16400,-0.26505137640000037
16401,-0.14201463200000006
16402,0.29923848979999973
16403,-0.3898219099999999
16404,0.7092860336
16407,0.3142874684
16408,-0.24009304400000034
16409,0.08485310599999991
16410,-0.1541693485999998
16411,-0.5369706521999997
16412,-0.2919715080000003
16413,0.46383827739999967
16414,-0.38903174000000007
16416,-0.32190827599999955
16418,0.3114348159999999
16419,-0.12981617199999995
16420,-0.01916749940000013
16421,-0.019492707999999935
16423,-0.24942949999999975
16424,-0.1778314909999997
16425,0.23607889260000006
16426,0.5038938016000001
16427,0.0055423639999998995
16428,0.1786429980000001
16429,0.11149523099999996
16430,-0.16117464040000015
16431,0.24568217019999955
16432,0.0038896019999999252
16433,-0.012908116400000136
16434,0.47973884879999995
16438,0.14089690479999958
16439,-0.1409536119999995
16440,-0.0193700560000007
16443,-0.5423774060000003
16447,-0.1703487456000002
16449,-0.5873010802000002
16450,-0.1585361024
16451,-0.235316362
16452,-0.08532625199999941
16453,0.16270360310000012
16467,-0.36527138500000006
16468,-0.21040011479999982
16470,0.1864005146
16475,0.2889017936
16476,-0.0036678067999993402
16477,0.6231338152000003
16478,-0.6615509820000003
16490,-0.32086646219999987
16491,-0.2768912792
16492,-0.35081506979999943
16493,-0.037089097800000026
16494,-0.2989807550000001
16495,-0.5515210273999998
16497,0.25287849059999995
16498,-0.25576532500000015
16499,0.35325250440000006
16500,-0.14389620120000002
16502,-0.8955280404000001
16504,0.8397205918000001
16506,0.13284286859999989
16508,-0.024959924199999994
16509,-0.11911651940000016
16510,0.3736402382
16511,0.14673362400000017
16512,0.4406551758000001
16513,-0.8356483960000001
16514,-0.5825756692000001
16515,-0.09881565220000006
16516,-0.2975621158000001
16517,0.8697740842000001
16518,-0.11655322660000005
16519,-0.8413512556
16521,-0.43333943479999987
16522,-0.33496617580000015
16523,-1.2082665362000002
16524,-0.4989546824000001
16525,-0.7241051268
16526,-0.6367735786
16527,-0.3156022070000001
16528,0.02543235000000017
16529,0.4377370182000001
16531,1.2458275654
16532,0.2898420678
16533,0.04795710619999989
16534,0.13113073879999995
16535,0.5681227954000001
16536,0.5007031959999999
16538,-0.1164783668000001
16539,-0.08096909759999989
16541,0.43943644800000004
16542,0.05294365799999987
16543,0.030097689600000165
16545,-0.029309747399999964
16548,0.4278720975999999
16549,0.5862938620000004
16551,0.4376938008
16552,-0.03690489040000004
16553,0.1697504237999997
16554,-0.5354226308
16558,0.12432050059999966
16559,-0.3408229619999993
16560,-0.9079516368
16561,-0.25046368299999955
16562,0.12307938300000032
16563,-0.404781766
16564,-1.0389629162
16565,-0.11658059000000023
16568,-0.4419703556
16569,-0.37178576379999984
16570,0.017491892399999643
16572,0.03210764819999987
16573,0.06805827640000003
16574,0.14148137999999974
16576,-0.06552055660000003
16578,-0.2000451786000002
16579,0.8840127134
16581,0.40932642559999993
16582,0.47444050499999973
16588,0.09840597119999969
16589,-0.2684238859999997
16590,-0.3278956073999999
16591,-0.07209344939999988
16592,0.08929750319999989
16593,-0.19702373420000008
16594,0.2345274712000002
16597,0.250398306
16598,0.20874944600000056
16599,-0.17300033399999998
16600,-0.09143683759999988
16601,-0.44581109439999994
16621,0.5892454262
16641,0.5482642500000005
16642,0.5482642500000005
16643,0.2375768513999997
16646,-0.9019691932000005
16647,-0.2545491098000007
16648,0.36506148979999986
16649,0.01957795219999987
16650,-0.14955909399999995
16651,0.20979087739999985
16653,-0.32791302999999966
16656,-0.598953257
16658,0.7214168705999998
16660,-0.32380044780000006
16661,0.6319271311999999
16663,0.015563307600000086
16664,0.18371475160000017
16665,0.008860158400000095
16666,0.2512516508000001
16667,0.7793736712000001
16668,0.24639083979999973
16669,-0.4073570418
16671,0.024649762799999843
16672,-0.8326652559999999
16673,0.16380701540000003
16675,-0.4179824250000001
16678,0.09493267360000006
16679,-0.11017736529999969
16680,0.09872947160000005
16681,0.3192838373999999
16691,-0.5072611682000001
16693,0.5446738944
16703,-0.057107631800000294
16706,0.15946905739999995
16709,0.7211611706000001
16716,-0.4856891332
16728,-0.009869916000000246
16763,-0.41220486360000014
16764,0.9518125520000001
16765,-0.3767393819999999
16768,0.4611345909999998
16769,0.3024880264
16770,0.031959334799999975
16772,0.009372323600000065
16773,0.9236141738
16774,-0.05655830300000027
16775,-0.47477358920000007
16776,0.031201781399999896
16777,-0.16132178580000006
16779,0.42931611559999966
16780,1.3978064928
16782,-0.17500751799999997
16783,0.08292003199999982
16784,-0.3988024343999996
16785,0.619422282
16790,-0.10783683360000014
16792,-0.12557813799999984
16796,0.0664651007999999
16798,-0.3508659041999998
16800,0.11901138399999915
16801,0.10212978600000007
16803,0.3051430159999997
16814,-0.09090152579999984
16815,-0.6352023416000003
16816,0.13835260319999992
16819,-0.2603301459999997
16822,-0.4060117370000002
16825,-0.1189412629999996
16826,-0.04029989959999991
16828,0.11908788000000001
16832,0.36440220340000007
16833,1.1475051168
16834,-0.008092770000000016
16835,0.32136703339999995
16841,0.04767357459999992
16842,0.0947219280000006
16846,-0.042161862199999955
16847,0.24246457200000043
16848,0.4884916136000001
16852,0.4017257820000001
16854,0.26629906599999986
16855,-0.2291070932000004
16859,0.0634322835999999
16865,-0.29976889399999995
16867,-0.5796217680000001
16869,-0.13761675780000004
16870,-0.5703551952
16871,-0.02731994179999999
16872,-0.1730486083999999
16873,-0.4987098363999999
16874,0.0698337459999994
16875,-0.02292079260000026
16876,-0.2541082460000002
16878,0.23570740659999984
16880,-0.2563144566
16882,0.7489152786
16885,0.1594449120000002
16886,0.04597560879999989
16889,0.17795813060000007
16890,-0.06751455860000011
16891,-0.28744454140000003
16897,0.7085165504000001
16904,0.16424769220000002
16905,-0.48754783999999984
16906,0.3193547033999996
16907,0.6552039740000002
16909,-0.5666111179999997
16911,0.29594723200000034
16912,0.3366083800000002
16913,0.37876305400000054
16917,-0.051180538200000215
16918,0.27860791299999993
16923,0.027627888600000004
16924,0.17664486539999985
16948,-0.6018128469999999
16949,-0.38241125900000006
16950,-0.4669076431999999
16952,-0.03605599799999979
16956,-0.40956018500000013
16963,0.6444896372000001
16969,-0.05427245499999991
16971,-0.6087545112000002
16973,-0.16768908000000024
16974,-0.305021537
16975,0.0974418206000001
16976,0.4224301308000003
16977,-0.3806517093999998
16978,0.21364033979999988
16979,0.4646552041999999
16980,-0.19440832220000015
16981,-0.15266285999999987
16985,0.0971150319999996
16987,0.05817053260000007
16992,0.6448954936
16993,0.21178053999999946
16994,0.26694521800000004
16995,-0.09109601640000023
16997,-0.07704199139999979
16998,0.1329490113999995
17001,0.16481658859999976
17002,-0.4494513810000004
17005,0.6491235491999998
17022,-0.5079456544
17025,0.12627085200000004
17035,-0.18465799560000012
17060,0.3614703819999992
17063,-0.2550082553999998
17064,-0.345620873
17068,0.5541035739999998
17069,0.2755295840000002
17075,-0.443890081
17079,0.25924673019999994
17082,-0.4070476218
17083,0.7172517708000002
17084,0.3545839740000002
17085,0.6323919718000001
17086,0.18440063420000002
17087,0.9423206758000002
17089,-0.00456584659999999
17095,0.18745436000000026
17096,-0.1143126800000001
17101,-0.4534892888
17112,-0.20224488860000012
17113,0.22518572460000036
17116,0.2828304211999999
17118,-0.19876586399999993
17119,-0.5799434359999995
17120,0.06957160400000025
17122,0.19047609360000023
17123,0.43643287799999975
17125,-0.7876098792
17126,0.6553954385999997
17127,0.014487070000000202
17128,0.07659982400000018
17129,-0.0623993458000001
17131,0.12963225840000003
17132,-0.04868992519999989
17133,0.13162854520000006
17134,-0.4778240159999999
17135,-0.13263517540000028
17136,0.3969818890000001
17149,0.5921311978000002
17150,-0.011513527200000161
17151,-0.6382701119999996
17152,0.9277606594000001
17153,0.5556972470000001
17155,0.04052952080000001
17156,-0.2252378954000001
17158,-0.45227540580000003
17159,-0.24305514599999967
17160,0.26565613999999993
17161,0.23984233119999968
17164,0.044973363200000095
17165,0.07792668240000004
17168,0.0028775622000001277
17169,-0.8674480101999997
17171,0.3381634897999998
17172,-0.2388965043999999
17173,0.8870387595999999
17175,-1.2088094336
17179,0.06256469079999931
17180,-0.6247865002
17181,0.40314561060000004
17182,0.14667620260000022
17183,-0.9676176274000003
17184,0.17256284260000002
17187,-0.1482113800000004
17188,0.10408868739999973
17189,0.5232072953999999
17190,0.25983675819999946
17191,-0.06659663000000009
17192,0.17524332199999967
17193,0.3550393049999997
17195,-0.36724214359999985
17196,-0.006026247999999512
17199,-0.04352488280000015
17200,-0.7000843841999999
17201,0.4337758661999995
17202,-0.5799789468000001
17203,0.2394762966000002
17207,-0.6197436089999997
17210,-0.25590381800000017
17215,-0.06469936959999992
17217,0.09239968199999993
17219,0.06544336600000059
17220,0.1995760268000005
17221,-0.5762887016
17222,-0.17749444620000004
17228,-0.4716612546000004
17235,-0.15920176420000018
17237,0.12457150400000003
17240,-0.9219371494
17242,0.3935193617999998
17245,-0.10736511860000002
17246,0.1700315020000005
17248,-0.10227790499999986
17250,0.3799048666000001
17252,0.15058256960000022
17254,-0.29336772799999977
17256,0.34963728240000014
17257,0.26394850600000036
17258,-0.10879458480000004
17260,0.05855887559999964
17261,-0.03787396200000011
17268,-0.05276188940000015
17274,0.10421788499999955
17279,0.24847718359999993
17281,-0.19084876840000026
17283,0.37994748800000055
17285,0.2712736978
17286,-0.41578757220000007
17287,1.2295605131999998
17288,0.04548296239999985
17292,-0.17935764279999997
17293,-0.038678251999999705
17294,-0.2769347378000006
17299,0.38358492260000004
17300,-0.6534848794
17301,1.4229515324
17304,0.1521529168000008
17305,0.3634643100000002
17306,-0.7008253103999998
17308,0.34786854000000034
17311,-0.05379466080000021
17314,0.3337406714
17318,0.5083211237999999
17319,0.35560396000000016
17329,-0.2824456020000003
17330,0.30368875939999995
17339,-0.4996600372000001
17341,-0.28458490380000023
17342,-0.32369908260000013
17344,0.43310738140000016
17345,-0.9350210327999999
17346,-0.12883166100000007
17347,-0.16442393599999966
17349,0.27695768240000007
17350,0.4453960830000005
17354,-0.19066328259999993
17355,-0.2093793513999998
17364,-1.1346600975999999
17380,-0.49669993919999983
17381,-0.04030196740000029
17384,-0.2728068527999998
17385,0.7759854785999999
17386,-0.5896680364
17387,0.33751982599999986
17388,0.9697645451999998
17390,-0.6555174125999998
17391,0.25725881739999973
17392,0.09917703460000019
17393,0.047221239799999995
17394,-0.30653042400000013
17395,-0.6512140953999996
17423,-0.031218859399999844
17425,-0.23088250840000005
17427,-0.19419622779999948
17428,0.053521179999999904
17433,0.16725178859999995
17434,0.16165093360000035
17436,-0.2642170848000001
17441,-0.11447572500000032
17444,0.06172862799999983
17448,0.13392640400000033
17449,0.5067797900000006
17450,-0.2209958414
17451,-0.21164654059999996
17454,0.13851814540000013
17463,0.3508525707999997
17470,0.4569243243999999
17474,0.059590385999999995
17475,0.13987885339999995
17476,-0.36054242800000014
17480,-0.18862396500000003
17523,0.1896392296000001
17524,-0.991015406
17527,-0.16261570400000025
17528,-0.33587093420000025
17532,0.15799630859999975
17533,-0.03283310160000008
17534,-0.1485700254000001
17535,0.9660211673999998
17536,-0.06372232120000021
17537,-0.20045378800000008
17681,-0.3947162484000001
17684,-0.02300009520000046
17685,0.11053667200000028
17686,0.35467441360000007
17687,0.2787661985999998
17688,-0.15902653620000037
17690,-0.4338783381999999
17691,-0.9701186904000002
17692,0.12823263099999985
17695,0.034517921999999854
17698,-0.10070118200000025
17700,-0.034031655599999766
17701,0.2384255107999998
17702,-0.043276489800000026
17705,0.2364792400000006
17706,0.017010903000000254
17708,0.1019476300000001
17709,0.1019476300000001
17710,0.2364792400000006
17711,-0.2900250419999999
17713,0.43504486999999975
17714,0.47167655099999994
17716,0.09119210200000012
17717,0.09119210200000012
17718,0.5408843040000008
17719,-0.44819122000000033
17720,0.5408843040000008
17721,-0.4337195940000001
17722,-0.25313145000000026
17748,0.49415933520000016
17749,0.5078638308000002
17750,-0.044135785799999994
17751,0.4211684931999997
17752,-0.39860620619999987
17754,-0.0591360538
17755,-0.4066650934000001
17758,-0.1544146191999996
17760,-0.5481817297999999
17761,-0.015467253800000158
17762,-0.3117516973999999
17763,-0.04983744080000001
17764,0.34152186679999996
17765,0.3238883372
17766,0.3803910381999998
17768,-0.26991891520000005
17769,-0.3414536735999995
17772,-0.5485351196
17773,-0.5912350451999998
17775,-0.3324868500000001
17776,-0.3115296739999998
17777,0.007551569799999847
17826,0.2745394220000005
17827,0.2900185240000003
17828,0.6542468531999999
17829,-0.7460405342
17846,0.16492187580000034
17847,-0.1297052319999999
17855,-0.19115170060000003
17859,0.34934508519999996
17863,0.2157220469999997
17864,-1.0096501474000001
17865,-0.6184167580000001
17868,-0.5372691785999999
17869,0.3367147303999996
17872,-0.3144651660000001
17873,0.4148397218000003
17874,0.1435800975999996
17876,0.066685294
17877,-0.012140868599999877
17878,0.2467530889999999
17879,-1.2942539875999999
17880,-0.10860955979999982
17882,0.7003690781999999
17883,-0.332156023
17884,-0.5017342096000001
17885,1.5872674404
17886,-0.6439575700000002
17888,-0.21449891040000013
17896,0.6667751109999998
17897,0.18002824699999992
17898,0.9201306880000001
17901,0.4025527101999999
17904,-0.5864443400000001
17906,-0.30883170080000005
17907,-0.060484870999999885
17909,0.5542695175999999
17912,-0.4847782557999999
17913,0.1907725820000003
17916,-0.33092933799999963
17918,0.10922273719999982
17919,-0.18756580239999998
17920,-0.31362240639999983
17921,-0.10270938540000003
17922,0.9658521739999999
17925,-0.044401279999999585
17926,0.23440650199999996
17927,-0.7511302483999999
17928,-0.2682954306000001
17929,-0.6332978591999998
17930,-0.45764961400000004
17931,-0.32901414600000045
17932,0.28093581499999976
17933,-0.334051507
17936,-0.03653933200000026
17937,0.11423463360000011
17939,0.0051291130000000965
17954,-0.05271042640000001
17955,-0.0814393844000005
17957,-0.13621545719999997
17960,-0.14319710499999988
17961,0.5311475302000002
17966,-0.7971951382000002
17967,-0.08543494300000018
17968,-0.19087797599999998
17969,0.06851596600000036
17970,-0.013715817999999835
17972,0.02285004199999996
17973,0.0841332076000004
17975,0.09227953400000004
17977,-0.27920614199999993
17978,-0.7132863212
17979,-0.18626070000000042
17984,-0.45813231720000014
17986,-0.5354398211999999
17988,-0.26189901600000026
17991,0.2978522419999997
17992,-0.10748094600000009
17993,0.2659804040000001
17995,0.27221942400000004
17999,-0.4130795750000001
18002,0.017846405999999603
18003,-0.07403457699999975
18004,-0.47204387020000016
18005,-0.5523526046
18007,-0.6842440855999999
18008,1.1914800656
18010,0.14073766600000007
18011,-0.18527576540000013
18012,-0.6456064152000002
18013,-0.2211646366000001
18014,0.41137294240000005
18015,-0.054483129999999845
18016,0.1655363721999999
18018,-0.05024035600000012
18019,-0.1666617446
18020,0.11635272139999983
18021,0.20096457680000004
18022,-0.05074181399999951
18023,0.40681759379999977
18024,-0.1796640514
18025,0.11915780579999984
18027,-0.49256267860000014
18028,-0.451591623
18029,-0.08951111400000045
18030,-0.3192072981999997
18032,-0.33923161859999984
18033,-0.2515061932
18034,0.10960876739999996
18035,0.10683318999999969
18036,0.2279759519999999
18037,0.25027442719999976
18038,0.3387467860000001
18040,-0.2447873315999999
18041,-0.373381984
18044,-0.4549036329999998
18045,-0.15509040400000007
18046,-0.1921063400000005
18049,0.12298923139999988
18053,0.12364965740000003
18071,0.40005608000000004
18072,0.35630165160000005
18073,-0.16856581880000016
18080,-0.1397239520000003
18081,0.01503542799999984
18082,1.4228182040000001
18087,-0.17035959399999995
18088,-0.30094893799999944
18091,0.5901284602000003
18092,-0.3834405112000002
18094,0.2354679270000002
18095,-0.5858821274000001
18096,-0.5531205904
18099,-0.2776973137999999
18100,0.5110292328
18101,-0.23473096620000006
18102,0.4566264400000005
18103,0.450188846
18104,-0.7526447990000003
18105,-0.038754930799999344
18107,0.2202544116000002
18108,0.23732767259999968
18109,-0.1039023162000002
18111,-0.43634376640000017
18113,-0.05634478139999999
18114,0.07207704400000026
18117,1.4324256828
18119,0.08320739479999997
18120,0.4672383243999999
18121,-0.2636827480000001
18124,0.1394677344
18125,0.20905591600000015
18126,0.7399674227999997
18127,-0.4994144091999999
18128,-0.6764057965999999
18129,-0.025062886000000263
18130,-0.14809713900000004
18131,0.3512374804
18132,0.39664496620000006
18141,0.1311189712000001
18142,0.18121809939999994
18143,-0.12939637760000008
18146,-1.2199296336
18148,0.42615941400000035
18150,1.102523184
18159,0.34882948299999994
18160,-0.7715391015999999
18163,-1.072994738
18164,-0.18858594320000002
18166,-0.5511606270000001
18167,0.7363462712
18171,-0.05402437520000021
18173,-0.3548083907999999
18174,-0.061822859600000335
18175,-0.02383532739999996
18176,-0.05804763800000039
18181,0.17847431119999974
18185,-0.3392376530000001
18186,-0.2636648924
18187,0.47831784099999997
18188,0.11740386600000008
18189,-1.3499913664
18190,-0.21719452240000017
18193,-0.29312597200000035
18194,0.9884765208000003
18195,0.4883200665999997
18198,0.2229843026000001
18201,-0.022544911999999685
18203,0.020264199999999732
18205,0.44104627980000005
18208,-0.4674703523999996
18209,0.16378572800000005
18211,-0.8818068782000001
18212,-0.1639106659999996
18213,-0.48133171860000007
18214,1.0563310383999998
18216,-0.821181201
18217,-0.7991851286
18218,-0.8195494820000002
18220,-0.26381738799999965
18221,0.12828998799999985
18222,0.6375517886000001
18223,-0.6894192004
18226,0.09775017399999975
18227,-0.8402398696000001
18230,-0.5029597552000002
18231,0.16802686939999995
18232,0.23974976800000003
18241,-0.3498806756
18242,-0.012215597799999856
18245,-0.002977991999999574
18247,-0.31711082400000024
18256,-0.2556521892000002
18260,-0.18438963080000007
18261,-0.20810866600000005
18263,-0.5119547359999999
18285,0.28298151700000007
18286,0.6910097531999998
18291,-0.18543998420000016
18292,0.2722804611999998
18293,-0.44744433800000005
18295,-1.0031993498000003
18301,0.26274107799999946
18302,0.0661930117999999
18377,0.23443686759999993
18378,-0.12615502559999997
18383,-0.09123374659999994
18386,-0.4332909106000001
18387,-0.0030260218000001337
18389,-0.0934936682
18390,-0.08632016599999978
18391,0.19482260280000005
18392,-0.3473618408000004
18393,0.318789636
18399,0.05259658839999979
18400,-0.30692516060000036
18408,0.3852635001999999
18412,-0.8986955429999999
18413,0.0431042707999997
18414,-0.5083918856000003
18415,-0.7298849954
18416,0.7689593088
18417,0.4717417762
18420,-0.4013876392000003
18423,0.6445471662000001
18424,-0.5094797360000003
18426,-0.2513770032
18429,-1.0967686274000001
18430,-0.4898562400000001
18431,-0.17063003840000004
18432,0.2211944019999997
18436,0.057904737999999865
18438,0.16107067939999986
18439,-0.008488751200000167
18440,0.21975174999999983
18441,-0.6966329209999997
18442,0.18611361919999983
18451,0.03869874399999969
18452,-0.0014759350000002058
18457,0.15492070160000004
18458,-0.2184406360000004
18472,-0.3183606179999998
18475,0.19120371820000007
18476,0.49772893160000004
18477,0.08326264999999963
18479,-0.4051106200000003
18481,-0.7106161394
18483,0.2548072940000001
18484,-0.41761729900000033
18488,6.050377999999412e-4
18489,0.10501471279999981
18491,0.17114154779999993
18503,-0.044259127800000006
18504,-0.40455888240000004
18505,-0.20133488759999993
18506,-0.1234714514000002
18507,-0.00644188440000022
18508,0.26369922619999997
18509,-1.0047709734
18510,-0.5964734279999999
18511,0.1671486818000001
18514,-0.10324471000000024
18515,-0.11238978380000013
18516,0.2875418946
18518,0.38238069939999997
18519,-0.264209179
18521,-0.12581769999999998
18526,0.13968014600000006
18530,0.01947421020000002
18534,-0.7156313894
18536,-0.19376257280000003
18537,-0.08951489400000057
18541,-0.2662868769999999
18542,0.23460401279999984
18545,0.05862404960000021
18546,1.1117969836000001
18548,-0.1924750630000002
18549,0.14716114640000005
18550,-0.026948668600000402
18551,0.26870729220000006
18552,-0.5858126078000001
18553,0.17618763399999998
18554,-0.18734603960000093
18555,-0.08822198100000005
18557,0.38508658239999977
18559,0.3596521685999998
18563,-0.8057304059999998
18566,-0.2956490094000001
18567,0.3767539008000007
18569,-0.014986655999999599
18570,0.27179880599999995
18571,-0.5242653943999993
18572,-0.024663728000000162
18573,-0.26941962999999947
18574,-0.36960215220000026
18575,-0.028826829199999793
18576,-0.24789218420000053
18577,0.36750237660000024
18578,0.4357807939999999
18582,0.3415449252
18583,0.4111682511999998
18584,0.7300789170000002
18587,0.0715277357999998
18588,-0.2910496424
18590,-0.16365801799999993
18591,0.020037184999999624
18595,0.32511946180000006
18596,-0.32283976140000015
18597,0.12425517960000025
18598,0.9763719869999999
18600,0.036019519400000276
18601,0.49917045059999987
18602,-0.3949457378
18605,0.3379854146
18606,-0.8076724988
18607,0.07348455180000038
18609,0.530050888
18610,-0.3959211678000001
18611,0.3642620774000003
18612,-0.6410980136
18613,-0.273242076
18616,0.5128964090000001
18618,0.1629143703999997
18619,0.28385696020000006
18624,-0.551139122
18626,-0.2633984097999999
18627,-0.11361826500000002
18628,1.0554797312
18631,0.05312336680000005
18632,0.7439246821999997
18633,0.6998013201999995
18634,-0.2957580986000001
18636,-0.33278498599999934
18637,-0.18146690480000024
18639,1.0410726236
18640,-0.5683927364000001
18641,0.36824936219999993
18642,0.38159274439999996
18643,0.17627055000000064
18646,-0.03462022799999929
18647,-0.3263670674
18648,0.19882140600000042
18654,0.6385527607999997
18663,-0.2899620650000001
18667,-0.4792147016000001
18670,-0.8011834048000004
18671,-0.6180515794
18674,0.1829420459999998
18675,-0.09599396860000012
18676,0.43093624720000034
18679,-0.3600872328000003
18682,0.2204115142
18685,0.22410568519999963
18693,-0.4325685324000002
18700,-0.6028587796000002
18701,0.5076337313999998
18703,0.7174707455999999
18704,0.11038511379999996
18705,0.4485502081999999
18706,0.09957020860000014
18707,-0.43530297120000017
18708,-0.5629254194
18710,0.4675623096
18711,-0.2131581628000001
18712,-0.6160930746000002
18715,0.6191829127999998
18716,-0.05797903900000012
18717,-1.3036096902
18718,-0.7681145957999999
18720,-0.0022125699999996583
18736,0.30606053839999986
18738,0.1884631380000002
18739,-0.07100616800000026
18740,0.002051420399999948
18741,0.09508122859999987
18742,-0.4117265659999999
18744,0.018971734200000156
18746,-0.12306694000000036
18747,0.4676574455999999
18749,0.2773215480000001
18750,-0.24096140400000046
18751,0.12561289000000037
18752,0.7977397458
18753,-0.2985587362000004
18754,0.625037525
18755,0.4206036042000001
18759,-0.11316650479999968
18760,-0.2111886214000002
18761,0.029370655999999683
18762,0.6791718318000001
18763,-0.027386272599999727
18764,-0.5035876895999999
18766,0.12126575339999998
18767,-0.004020619200000119
18768,0.13045105379999972
18769,-0.07967330000000032
18770,-0.054519491200000304
18771,0.6475322016
18772,0.16213539920000003
18777,-0.08117037160000021
18778,0.0736774319999995
18779,-0.09370270639999996
18781,0.6277816329999999
18782,1.1268357722000002
18783,-0.17304331820000005
18784,-0.74597906
18786,0.3737961712000001
18787,-0.5017006066000002
18788,0.24939681299999988
18789,-0.10090243520000045
18791,0.06660195079999971
18792,-0.3203209442000001
18793,-0.4524172843999999
18795,-0.11396826959999977
18796,0.034317380000000064
18797,0.1351965088
18798,-0.15094574760000007
18799,-0.010277591400000041
18802,0.09186036400000006
18803,0.05404503959999936
18805,0.1658792110000001
18806,-0.1629161909999997
18807,-0.15303525240000013
18810,-0.34086654199999983
18813,0.38119189340000015
18815,-0.8033329805999999
18816,0.16690627960000004
18817,0.47868148839999974
18821,0.05722353759999983
18822,-0.6247322244000001
18823,-0.10182799599999974
18824,0.23503983799999945
18826,-0.03867022799999979
18830,0.6641556067999999
18845,-0.08116395179999998
18854,0.11257408600000005
18857,0.6621703800000001
18858,0.5402636533999999
18861,0.5269821583999998
18933,0.6097507201999999
18935,-0.056915465800000044
18938,0.3600779434000003
18946,-0.3706591074
18948,-0.9976429830000002
18949,-0.18730816560000035
18951,-0.1015037079999999
18968,0.5680399157999998
18969,0.3563236071999998
18970,0.4819663716000001
18971,0.11334344919999992
18972,0.5255318432000001
18973,-0.4051142266000001
18974,0.3600645674000001
18975,0.1863663599999999
18976,0.7421161760000001
18979,-0.06280355439999985
18983,1.0737462811999998
18984,-0.00105387059999984
18985,0.33135323599999966
18986,-0.027790897000000214
18987,0.17520996399999972
18991,-0.1365100567999999
18992,-0.5460946734000001
18993,-0.4702012796000001
18994,0.5203134562
18996,-0.7547971404000002
18997,-0.14755108900000016
18998,0.3835225742
19009,0.3050025859999998
19011,0.5410127161999998
19013,-0.23824910739999988
19014,-0.2899480579999999
19015,-0.02201960779999972
19016,0.21230040019999982
19017,0.7303239905999999
19018,0.45948966999999963
19023,-0.3580012538000001
19024,-0.024677938000000132
19025,0.10115057800000074
19035,0.5091944140000007
19038,0.5422295073999999
19039,-0.02679549399999992
19042,-0.6187281486000001
19043,-0.0706699540000006
19045,0.21487072999999982
19046,-0.5761481039999999
19047,0.12932498400000014
19049,-0.31121023440000045
19051,0.2553947489999997
19052,0.13818487559999965
19055,0.11824446799999962
19056,-0.11655553539999985
19057,0.6308555330000001
19058,0.3144763898000001
19059,0.17284724039999996
19060,0.936684902
19062,-0.08298163880000012
19063,-0.25995148960000025
19064,-0.31368826040000003
19069,0.339321823
19070,0.3841106121999996
19072,0.0057462150000002765
19073,-0.12679885000000013
19074,0.05504634439999974
19075,0.4654361436000004
19079,0.19032867919999993
19082,0.26161849299999995
19084,0.21430349399999998
19085,0.8230449738
19087,-0.35776717199999986
19088,-0.5256354359999996
19089,0.162673118
19090,0.08428416980000045
19091,-0.4703526913999999
19092,0.09462799220000014
19094,0.2934569770000003
19099,-0.1415217086000001
19106,0.4246801839999993
19108,-0.24433553199999986
19109,0.014773523199999916
19116,-0.5060745062
19119,0.42601441960000025
19120,0.9413183021999998
19122,-1.0133746842
19123,-0.5334690674000002
19124,0.5243887797999998
19126,0.9547617124000001
19127,0.19233813339999967
19128,-0.5444941388000004
19130,-0.9564957886
19132,0.3043823809999999
19133,0.6298561050000001
19134,-0.1377177640000001
19139,-0.47461277020000026
19141,-0.49383165199999934
19142,0.7804904123999998
19143,0.6465021128
19144,-0.5013322128000002
19146,0.3853417669999999
19152,0.020593735599999975
19153,0.18947805199999995
19155,-0.36441705780000005
19156,-0.2864387340000004
19157,-0.09113353399999972
19158,0.04226279200000001
19159,0.8164677808
19164,0.1980916082000002
19165,0.2835479694000004
19167,0.18968754399999951
19170,0.53578923
19171,0.39219003999999985
19172,0.3873782800000004
19173,0.21623132199999978
19175,0.48320326199999997
19177,0.4157610074000001
19179,0.2806584660000002
19181,0.27138306999999956
19182,0.08974241000000091
19183,0.38181314360000024
19184,0.13193589620000026
19185,-0.4987046499999998
19186,0.2613830979999999
19188,0.27605441599999986
19192,-0.8902064002000003
19193,-1.1988531858
19194,0.06442841560000004
19197,-0.38533927440000015
19201,0.16747656199999988
19204,0.21281194760000002
19206,0.017066377799999977
19207,0.1840820660000002
19208,-1.0127349202
19210,0.19320388920000015
19211,-0.04596790600000063
19212,0.07633384040000006
19213,-0.61205242
19214,0.39810305180000005
19215,0.13278131060000006
19216,0.16415003379999993
19218,0.6031518431999999
19219,0.3607769101999997
19220,-0.5490833368000001
19221,0.23217312779999996
19222,-0.059020084399999465
19223,-0.08124885479999974
19224,-0.135177878
19225,-0.1466164297999999
19226,0.4517335298000001
19227,-0.0857298823999999
19228,-0.4416336370000001
19229,0.03369399400000006
19230,-0.3170806429999999
19242,-0.25918090480000017
19243,-0.09868371760000016
19244,0.07070469599999996
19245,-0.5842860160000001
19246,-0.10295353479999961
19247,-0.2855099819999992
19248,-0.3501529888000004
19249,0.3963305436
19250,-0.8751469579999995
19252,-0.30159342439999987
19253,0.1639561220000001
19255,0.32601371939999985
19258,-0.15074393079999987
19259,0.07948725000000038
19260,0.2408687795999999
19261,-0.05403604800000039
19262,-0.00717066799999948
19263,-0.6069327538000001
19264,-0.40500070000000044
19265,0.23181995219999987
19267,-0.1881908475999996
19268,0.21306567220000003
19270,0.041504025599999925
19271,-0.29844975999999973
19272,-0.09293603000000009
19273,-0.14896765639999998
19274,-0.3917014598
19276,-0.387971851
19277,-0.010873411000000032
19279,-0.5560419236000002
19280,-0.30852065999999995
19281,-0.12639658120000002
19283,-1.1372648695999998
19286,0.14962172680000005
19288,0.4034421053999998
19289,-0.42231468559999963
19290,0.40436788399999946
19291,-0.21245876740000041
19293,-0.13246087200000006
19298,-0.16011416359999994
19299,0.06034180280000001
19300,0.1556275561999998
19302,0.4275202393999999
19303,0.4673406741999999
19305,0.3902534319999999
19309,0.07098295139999991
19325,-0.07297880199999937
19326,-0.18670173199999987
19328,0.2345799128000003
19329,-0.5110724986000001
19330,-0.40554681220000044
19331,0.3730860660000001
19332,-0.4041077124000002
19334,-0.12581566379999992
19335,0.5446847745999999
19336,0.04618349399999957
19337,0.5467292238
19338,0.29785122099999983
19339,0.5242623837999997
19340,0.6545065479999996
19341,0.3763339832
19342,0.32880259280000035
19344,0.5574292171999998
19345,-0.48447780200000035
19346,-0.4992833980000004
19347,-0.20988651199999958
19348,0.19280723819999962
19349,0.19024818960000012
19352,-0.2231730764
19353,-0.03931856199999935
19354,0.2922851680000001
19355,0.5918106814000004
19356,0.4951038455999999
19357,0.09741675600000015
19358,-0.6321269787999999
19359,-0.09077961360000009
19360,0.04184553079999968
19361,0.12999289499999983
19362,0.9080051553999999
19363,-0.1424261316
19364,0.26780482859999993
19365,0.29104662040000007
19366,0.5011316612000002
19367,0.03160016880000001
19373,0.23279840259999984
19374,1.2174478623999998
19376,-0.035707305000000036
19377,-0.1342809417999998
19378,-0.3276735151999999
19383,-0.32767514999999997
19384,0.16990055200000037
19385,0.4009976508000005
19386,-0.2609050506000001
19387,-0.6885245445999999
19395,0.046315384000000036
19400,0.056820003999999716
19401,0.14741442600000026
19411,-0.08814918420000026
19414,-0.22370686000000006
19416,0.017748421199999954
19417,0.4819371227999999
19419,0.07509554399999985
19434,-1.1389635671999998
19645,-0.8478628763999996
19646,-0.12789605600000015
19647,-0.14831274300000033
19649,-0.37984103299999994
19650,0.15371702139999996
19651,-0.3763823615999998
19652,0.7141130680000007
19654,-0.10012355920000005
19655,0.06091959299999985
19656,0.16437664140000016
19659,0.08591402040000018
19660,0.14673568659999986
19661,0.16559011399999973
19662,0.22923000479999978
19663,-0.12184863780000033
19664,-0.1112513958000001
19668,-0.9487203550000004
19671,-0.16266812859999985
19672,0.16199071220000077
19674,-0.6457916901999997
19679,-0.13738086000000002
19684,0.0919171384000002
19687,0.21976121000000007
19691,0.2408951671999997
19692,0.8060514132000003
19693,0.42538560400000003
19694,-0.6279680390000001
19696,-0.2827555057999998
19697,0.10673865599999957
19698,0.06081591440000054
19699,-0.16587433819999992
19700,0.30883381100000007
19701,0.04526186919999979
19702,0.04526186919999979
19703,1.4367054331999998
19707,-0.05535789300000023
19708,0.208271362
19711,0.3806992684
19712,-0.15095880179999988
19713,0.42164687159999986
19714,-0.17792149059999965
19718,0.12406923499999926
19719,0.20611751100000006
19720,0.25596525999999925
19724,-0.01981498800000061
19725,-1.1934371394
19726,-0.3743893851999999
19727,0.11299924099999963
19729,0.39313362199999985
19730,0.12500628579999998
19731,0.5296955759999997
19732,-0.04983480579999977
19733,0.6068374552
19734,-0.8794752200000001
19735,0.2064852519999995
19736,0.4485441139999998
19737,-0.1821548622
19739,0.5682375605999997
19743,-0.7721500531999993
19744,0.8193526636000001
19752,-0.4794789306000002
19762,0.7002603367999999
19763,-0.02757372560000011
19765,-0.38503879399999974
19766,-0.26300453360000003
19769,0.11093770399999983
19771,-0.6803850576000001
19773,0.824045699
19775,-0.09841276480000012
19777,0.6091489593999999
19819,0.5056616196
19820,0.4717494578
19821,-0.024750354999999936
19822,0.07757678440000007
19823,-0.1968194920000002
19824,-1.0265776219999991
19826,-0.042591183000000046
19876,0.06129006239999972
19877,-0.3714936901999998
19878,-0.3458846452000001
19879,0.22852405519999985
19881,0.5930053530000002
19882,-0.04900920719999986
19883,-0.623880252
19885,-0.3760791294000002
19886,0.26443335079999997
19888,0.12821312959999984
19891,0.18695859340000015
19892,-0.32119583659999984
19893,1.3027605232
19894,-0.21445161740000004
19895,0.5251272730000004
19896,0.23955567199999947
19933,-0.3119606523999998
19934,0.45744960400000034
19935,0.5239592019999997
19943,0.16505056400000057
19946,0.2528930894000002
19951,0.43932839799999995
19981,0.5317774140000011
20014,0.19994562799999968
20016,0.5380506563999997
20017,0.4551988447999998
20018,0.5506631624
20019,0.049247070199999854
20020,-0.12850075200000005
20021,-0.16995665000000032
20022,0.3986292500000001
20024,0.010720932000000261
20028,-0.1793407954
20044,0.5097456479999994
20055,0.36933349599999976
20103,0.5219228039999997
20111,0.04770593599999984
20112,0.025979414000000034
20129,-0.05050652100000006
20130,0.09425808919999987
20132,0.4547517688
20147,-0.2663001399999999
20148,-0.14611065200000048
20163,-0.20213738600000006
20166,-0.19855253939999998
20167,-0.8543653870000002
20168,-0.47309829440000045
20170,0.32789428519999964
20174,-0.1375523140000002
20181,-0.1839649094000002
20182,0.24443133799999933
20183,-0.10533386000000036
20184,0.20456125899999975
20185,-0.4428386699999997
20186,-0.2319004164000001
20190,1.3743879244000001
20191,0.1372914451999999
20192,-0.6947668343999998
20193,0.13184818000000006
20194,0.1334577400000004
20196,-0.17262748599999966
20197,-0.1390461398000003
20198,0.2520337779999998
20199,0.15306117199999997
20200,0.18430899400000023
20201,0.20251551400000026
20202,0.32238227800000063
20203,0.3628968441999998
20204,0.04728950960000002
20211,-0.1250172332000002
20215,0.38359507479999977
20216,-0.6434200419999999
20218,0.32829739960000026
20222,-0.051817159999999876
20224,0.33995421399999975
20227,-0.08820389199999994
20230,-0.10118925999999995
20231,-0.1507631842000002
20238,0.45349326680000007
20239,-0.31089210900000025
20248,-0.8580450437999999
20249,0.22481297180000084
20254,-0.5072327358
20255,0.15058532379999984
20256,-0.5096724103999998
20257,-0.8271383588000002
20259,1.3336386202
20262,-0.1411736812
20264,0.23987225860000008
20265,-0.013674686199999897
20266,0.029606766399999974
20269,0.34581119760000006
20271,-0.038209447999999216
20272,0.7696602828
20273,0.6574480110000002
20274,-0.41994563679999997
20276,-0.21828333360000016
20277,-0.47791639220000015
20278,0.46479746980000003
20280,0.23069000799999984
20284,0.2853501178
20286,0.2804665014000001
20287,0.6232328202000003
20288,-0.5194559689999999
20290,-0.022202303999999985
20292,-0.3441345884000001
20293,-0.39370250479999996
20296,0.21936232699999997
20297,-0.30969994959999997
20299,-0.8394091692
20300,0.1756806885999998
20303,0.8854208306
20306,-0.4646555774000001
20311,0.14007808340000008
20316,0.11231215999999974
20317,0.3402780548
20318,0.2665430389999999
20319,-0.7248207772
20321,0.5353748504
20322,0.05868319000000035
20334,-0.9622552409999999
20336,-0.07761362080000023
20338,-0.10288815979999999
20339,-0.24215065479999992
20340,-0.2459013039999995
20343,0.19805931800000032
20344,-0.4584532926000001
20345,0.1732638055999999
20346,0.11851889219999992
20347,0.05681116479999977
20348,-0.35456606720000006
20350,-0.3100857804000003
20351,-0.03185545000000012
20352,-0.10149258040000006
20353,-0.5090080000000003
20354,0.081817384
20355,-0.6823330804
20356,0.36695084959999996
20357,-0.4470877620000001
20358,0.049657978599999895
20359,0.2539217362
20360,0.022657419399999768
20361,0.43009405240000015
20370,-0.03654706760000019
20371,0.4734126922
20377,-0.2715985194
20378,0.24435962260000013
20379,-0.27591207160000036
20382,-0.28312811680000005
20383,0.25885416600000005
20384,-0.08910818599999999
20387,0.44021734839999993
20388,-0.1396102754
20389,1.0346710964
20390,-0.23899394060000018
20391,-0.18488899419999996
20392,-0.3482322245999999
20393,0.023795348199999823
20397,0.031207554400000247
20399,-0.04989179719999974
20400,0.7018391412000003
20401,-0.09469234180000008
20402,-0.1822076976
20403,-0.08010600680000017
20404,-0.29828255800000003
20405,-0.060412591800000116
20408,-0.4162145508000002
20409,0.25951123000000004
20410,-0.4084685385999999
20415,-0.4287650730000003
20416,0.25112209920000017
20418,-0.5959904876
20419,-0.4347933401999998
20423,0.004080727400000051
20425,0.12066445760000004
20429,0.1269548789999999
20430,0.15723559940000023
20437,-0.26266661900000016
20439,0.05365820420000027
20440,0.29447138440000026
20441,0.706869092
20442,-0.19396380000000021
20443,-0.1298913274000002
20444,-0.15776035919999956
20445,-0.4412800879999995
20447,0.7560946199999998
20448,-0.09585704860000029
20449,0.11892305119999964
20450,1.2374122771999998
20451,0.4848596547999999
20452,0.1658938280000001
20460,0.8627972602
20462,0.4824683609999997
20463,0.32899112799999986
20464,-0.028316476999999906
20465,-0.16333935080000012
20466,0.12188918779999991
20467,-0.01532616999999945
20469,0.2314508759999999
20471,-0.6304091856000001
20472,-0.4717228539999998
20473,0.9588103078000001
20474,-0.5123206458000003
20475,-0.3476844526000001
20476,-0.2584453466000002
20479,0.008807813400000341
20480,0.18441186719999986
20481,0.18748815659999973
20482,0.22182894720000057
20491,-0.1247450139999998
20492,-0.41374589800000017
20493,-0.2967634485999998
20494,-0.9195953004000001
20495,-0.31385064079999997
20496,-0.2348551925999999
20497,-0.5236303324
20498,0.3888424029999998
20499,-0.05572683739999995
20500,-0.03299374700000009
20501,0.21437152620000005
20502,-0.22637950719999997
20503,0.9765725263999998
20504,0.40907535139999995
20505,0.6337929837999997
20509,0.43520086179999995
20510,-0.20660899599999993
20511,0.07377499699999968
20512,-0.6979810891999997
20513,0.3211127996
20514,-0.1464976088
20515,0.04813590199999922
20516,0.6640883841999999
20517,-0.2480979674000004
20518,-0.062200843200000036
20520,0.3104450331999997
20521,-0.0785242728
20522,0.6128252428000002
20523,0.17605287679999967
20524,0.07765855920000035
20525,-0.08734651880000008
20526,-0.14913864459999998
20527,-0.351244814
20528,-0.19801018160000022
20529,-0.30128296380000014
20530,-0.19497074720000002
20532,0.8212478089999998
20533,-0.8763164859999997
20534,-0.04817304900000004
20535,0.3360864800000005
20536,0.31156165939999997
20537,-0.5831349834
20538,0.1818401252000002
20539,-0.5738181244
20540,0.1674435022000008
20541,-0.1635450252000002
20544,-0.24922245799999984
20562,-0.005628169999999955
20563,-0.7086014658
20564,-0.1142526484000002
20568,-0.43076049370000025
20583,-0.4193450778000001
20585,-0.1515134849999999
20586,-0.04823149999999998
20587,0.40657177219999985
20588,-0.19015795400000002
20589,0.4391250959999999
20591,-0.32530506799999975
20592,-0.042213966000000006
20597,0.2694106100000003
20598,-0.3621121354
20602,-0.4338096563999997
20604,-0.2299162150000001
20605,-0.20401730680000005
20606,0.12505427679999997
20607,0.9413879676
20609,-0.07980255399999976
20610,0.17489048979999994
20612,0.2600872158000002
20613,0.002982689400000105
20614,-0.1305331520000003
20615,0.17299134920000014
20616,0.13160854139999997
20617,-0.48098422999999996
20618,0.5598064731999999
20619,0.026391812000000313
20620,-0.8386345096000001
20621,0.38080402999999985
20623,-0.15756887840000006
20624,0.4299477851999999
20630,0.2658471683999995
20637,-0.04040393400000077
20638,0.19312500680000005
20639,0.28350247100000026
20641,0.6088901795999998
20643,0.7038313159999998
20646,0.47040419540000017
20648,0.11493481400000043
20649,0.48793975179999993
20650,-0.3140737142000001
20652,0.1157196260000001
20655,0.0035100419999992026
20656,-0.40809249199999975
20657,0.1955111097999999
20658,-0.2095212980000003
20660,-0.23774989200000007
20661,-0.3091253504000001
20662,-1.0934056133999999
20663,0.3880726432000003
20664,0.39549214699999985
20665,-0.07170470400000006
20666,-0.21112568619999977
20667,0.13680031599999998
20668,0.5445593419999998
20669,0.47257784799999997
20670,0.5151263723999999
20671,-0.33768914720000043
20672,-0.2090451608000002
20674,-0.2655284678
20675,-1.0413180532
20677,-0.16520615500000063
20678,0.7354129549999999
20679,-0.9063986640000005
20680,0.5141582999999998
20681,-0.46841808620000003
20682,0.12368093059999978
20683,-0.06238296239999919
20686,0.8223514759999999
20687,1.2415321261999999
20688,-0.26020203639999995
20689,-0.6664293010000001
20692,-1.0290829638
20698,-0.3517668382
20713,0.8219608951999999
20719,0.06317111200000056
20723,1.4652309522000002
20724,-0.4484448557999999
20725,-0.4670508940000005
20728,0.31806089919999997
20729,0.28303628459999997
20731,-0.1840630879999999
20732,0.22698514380000007
20733,0.17341724399999983
20737,0.19148175199999998
20739,-1.7300865980000004
20740,-0.3691003719999994
20741,-0.5907551607999999
20742,-0.11784043199999986
20743,-0.5046459190000001
20744,0.4110317986
20745,-0.1624190281999999
20747,-0.46278039
20750,1.014549069
20751,0.44451077320000004
20754,-0.6668674791999999
20768,0.4046668886
20773,0.26608477719999984
20775,0.4741100842
20776,0.10800775960000024
20778,0.6487666390000001
20779,-0.6774053967999999
20787,-0.5262924232
20788,-0.33389296199999985
20807,0.508522428
20810,-0.23774537599999981
20811,0.3972558009999999
20813,-0.3550811659999997
20815,0.19716677060000015
20817,-0.033193086
20818,-0.1800081264000001
20821,0.02492921800000012
20823,-0.04081247800000014
20832,0.2901747620000002
20833,0.13237289399999988
20834,-1.4930704308
20840,-0.7028031212000001
20841,-0.0370692661999998
20842,0.14147294879999972
20843,-0.06069443000000021
20844,0.22640135879999992
20845,-0.3436422354000003
20846,-0.13301815480000007
20847,0.20223382939999937
20848,-0.12351013799999996
20849,0.15208993679999985
20850,-0.0697121861999996
20851,-0.052820533999999954
20852,-0.11467028359999958
20853,0.0919771407999999
20855,-0.12914201479999993
20860,0.4552457129999998
20866,0.185864836
20867,-0.23021670240000028
20869,-0.3174590806000001
20872,0.5397956340000001
20873,-0.35109107319999994
20874,0.17720773960000002
20877,0.02674852560000014
20878,0.2882922127999999
20888,-0.08914106000000004
20890,0.28470524939999997
20897,-0.30348927319999996
20899,-0.04656072279999997
20901,-0.19731437959999987
20907,0.4625275931999999
20908,-0.3573615736000001
20909,0.22519065199999985
20910,0.3315742715999999
20911,0.3147562819999997
20913,0.32935159259999996
20916,0.2146061532000001
20917,0.2757596802
20922,-0.10370601400000012
20924,-0.14229793599999993
20926,0.11146589399999982
20927,1.0679127242
20928,-0.4124862552
20930,0.534072102
20931,0.4208018973999998
20932,0.3160509180000005
20935,0.21824059600000076
20937,0.38829367040000007
20947,0.2871728399999995
20957,0.2059059562
20962,0.5307028536
20963,-0.010779649999999918
20964,-0.6386203568000003
20969,0.818340961
20970,0.017377985799999784
20971,1.0173073989999997
20972,-0.6850899882
20973,0.17525736599999994
20974,-0.067451026
20975,0.00818808320000013
20977,-0.053337651999999736
20979,-0.4880393466000001
20980,-0.38851104820000015
20981,-0.4783996296
20983,-0.6558097022000002
20997,-0.42233661759999996
21331,-0.42233661759999996
21333,0.5468575861999999
21334,-0.8139753124
21335,0.41873531420000043
21336,-0.20242820459999997
21337,0.07503776600000016
21338,0.09601933580000015
21339,-0.5197923089999998
21340,-0.34419138
21343,0.5913615570000005
21345,-0.19594217200000016
21346,-0.03821714000000007
21349,-0.29811191800000075
21350,-0.08221832740000004
21351,-0.20841027200000042
21353,0.005119213799999756
21355,0.14007682399999943
21356,0.32791345369999975
21357,0.1580682300000003
21366,-0.14072099240000072
21367,-0.5497480536000002
21371,0.37384516599999956
21372,0.3001162502
21374,0.6368709698000001
21375,-0.17548693020000003
21376,0.41608240799999974
21379,0.31607336660000024
21380,-0.3617289848000002
21384,0.4391884754000001
21385,0.2453356524000001
21386,-1.6650013612000003
21387,-0.6285986382000001
21388,-0.5035449064
21389,-0.44453999719999987
21390,0.40036128539999966
21391,-0.24169377660000038
21393,0.13020136059999993
21399,-0.6209146439999996
21400,-0.0012565412000001609
21401,-0.18384805059999998
21405,-0.2644317020000003
21406,0.07690882359999981
21407,-0.42919346119999985
21408,0.13143805040000017
21410,-0.013396676999999978
21411,-0.05692355940000056
21412,-0.9216490987999999
21413,0.05792630679999995
21414,0.24605021600000007
21415,0.09557233639999989
21416,-0.47711041400000037
21417,0.09095495199999952
21418,-0.046801371200000295
21419,-0.05155703960000006
21420,0.6443461657999998
21422,-0.2690816018000003
21423,0.31107300480000044
21425,0.5523537464
21426,-0.14452070420000016
21427,0.33464663039999965
21428,0.45096847020000014
21429,-0.713791526
21432,0.13985506480000004
21452,-0.15283599319999971
21453,0.03891903799999987
21454,-0.04607476360000007
21463,-0.7337118396
21645,-0.1274838213999999
21652,0.3007503512000003
21664,0.556467096
21672,-0.2278152619999993
21673,0.3417632864
21676,-0.04321938600000017
21677,0.43662148540000006
21678,0.34056724559999985
21679,0.10935239259999996
21681,0.3350692416000001
21682,0.3334511138
21683,1.2077639843999999
21684,-0.38881461380000004
21685,0.1637670700000001
21687,-0.4744683664
21689,-0.8753883414
21743,0.47792544019999983
21744,-0.32288130760000033
21745,0.10989825980000063
21749,0.07215591920000008
21750,-0.1263939466
21752,0.06766556039999987
21753,-0.00944739139999946
21754,0.14998941240000008
21761,0.170130292
21762,0.467994822
21763,0.16964982720000013
21766,0.2726745542000003
21767,0.16630854399999997
21769,-0.030857252000000203
21770,-0.2004927679999998
21778,0.3054819501999999
21780,0.1424339847999992
21781,0.016342054399999563
21784,0.03177673759999973
21785,0.19467713659999974
21786,-0.15830740719999986
21787,0.12055600979999995
21788,0.6989629433999999
21789,-0.15138034179999993
21802,-0.15823422860000003
21803,0.6216919419999997
21804,-0.07264509219999979
21807,-0.7541428959999994
21808,-0.23551158900000005
21809,0.7519753622000002
21810,-0.23150189400000015
21812,0.21877558699999983
21813,0.14824549600000053
21814,-0.061000054199999806
21815,-0.2680408823999997
21816,0.2967575493999998
21817,-0.22690731919999987
21818,0.0797780878000001
21819,-0.029794239599999807
21821,0.4713009335999999
21823,0.14281052800000005
21824,-0.12214522360000028
21825,-0.5750103080000006
21826,-0.3350078004000002
21827,-0.24705999519999997
21828,-0.6697369779999999
21832,0.4380348656
21833,-0.22626859100000002
21834,-0.23942470340000002
21835,-0.03758852920000013
21838,0.3047201920000006
21841,0.07663829480000021
21843,-0.09346431800000018
21844,0.8842152758000001
21846,0.2918743256000001
21847,0.1688617528
21848,-0.06990882099999993
21849,-0.2927912123999999
21853,-0.05707870100000014
21854,0.3327001785999997
21855,-0.08077926600000004
21856,0.43754304099999997
21857,0.14633432640000005
21858,0.29713090959999955
21859,-1.0259524869999999
21869,-0.04113234100000005
21871,-0.11269878160000016
21872,0.7306601652
21873,-0.5921404578000002
21877,0.11216441699999997
21881,0.12046203800000015
21884,-0.16841439759999996
21885,-0.14371982960000018
21886,0.0948895879999995
21887,-0.1315266059999999
21888,-0.21030022720000022
21892,0.2049209323999997
21894,-0.5563071240000003
21897,0.31919801079999993
21898,0.4507590148
21899,0.11639169699999954
21906,-0.23863018199999964
21907,-0.21735890139999992
21909,0.6390871661999997
21912,-0.4389171342000001
21915,0.31779925339999976
21917,-0.09203367799999995
21923,0.6806552374
21925,0.17546208159999957
21926,0.7683067408000002
21927,0.14363992519999905
21928,-0.7349986408
21929,-0.07491988320000012
21930,0.079201852
21933,0.9451163627999999
21934,-9.539662000001669e-4
21935,-0.10426168960000001
21936,0.5563847632000002
21937,0.11224193659999955
21938,-0.020240120400000096
21939,0.6948984041999999
21940,0.4245676163999995
21941,-0.680295153
21942,-0.5508220872000003
21943,-0.41224089400000025
21944,0.008570476399999905
21945,-0.19759991740000019
21946,0.36164563480000034
21947,0.07241542159999988
21948,0.23658450139999995
21949,0.38177377039999955
21951,-0.7731045348000001
21952,0.012389538399999723
21953,0.13759997560000023
21954,0.19525537340000004
21955,0.07252710140000004
21956,0.8043126434
21957,-0.2962003664000001
21958,-0.2138435428000008
21959,-0.5891940544
21960,-0.10871687560000014
21961,-0.1053477407999992
21968,-0.03668445199999972
21969,-0.5252071438000006
21973,-0.5284937651999999
21974,-0.03882007800000018
21975,-0.25579460600000026
21976,-0.367952296
21981,-0.14406814200000007
21982,0.18141923099999957
21983,0.5360793916
21985,0.018804523999999746
21987,-0.783625147
21990,-0.06578086399999919
21991,0.20375031399999982
22004,0.14024769079999935
22017,0.4972382832000002
22018,-0.6845088483999999
22019,0.06590038319999962
22021,0.09166699719999985
22022,-0.05054136400000005
22024,0.14040507380000006
22025,-0.3727280180000001
22026,-0.08202372459999978
22027,-0.16674048600000013
22029,0.022053496000000193
22030,0.34145774800000056
22031,-0.3500919640000003
22032,0.12353940780000024
22034,0.9296485128000004
22035,0.16030866780000003
22038,0.37172668759999983
22040,0.5295544079999999
22041,-0.2503790500000001
22042,-0.32807871839999975
22044,0.5530356924000002
22045,-0.5715505208
22051,-0.1591968822
22057,0.08829727319999989
22059,0.40872422560000016
22061,-0.007978332000000065
22062,-0.16028402359999952
22063,-0.10667675659999994
22065,-0.24339950280000008
22066,0.0767275790000003
22068,0.017132535000000004
22070,0.05746476399999949
22083,-0.20499928220000002
22084,-0.6737564124000002
22088,-0.12292870520000018
22092,-0.12911381100000002
22094,0.07415463259999999
22095,-0.5587618968000001
22099,0.22488136340000012
22110,-0.702854594
22113,-0.323608036
22114,-0.06438210466666673
22115,6.991583999999662e-4
22116,0.22494017079999998
22117,0.24802906219999948
22121,0.4452646760000004
22123,0.24713426800000066
22129,-0.13413872999999973
22130,-0.0568529149999998
22134,-0.002854405999999798
22137,-0.011789510600000153
22138,0.20194154599999994
22141,0.5400147117999998
22143,0.04852424800000037
22145,-0.16922707399999978
22146,-0.4731223419999999
22152,-0.7328618494
22153,-0.04123638300000039
22154,0.2679839919999999
22156,-0.09386110999999993
22157,0.7587587337999999
22160,-0.24102854599999998
22163,0.25440442599999996
22165,0.08916090860000062
22166,0.35668520800000036
22169,-0.1214930528
22171,1.1329956488000001
22173,-0.5471877512000003
22174,0.7906996107999997
22177,0.22955355599999977
22178,-0.4808722683999999
22184,-0.09387784839999966
22185,-0.9097823956000001
22190,-0.13549013999999956
22192,-0.4039156759999997
22193,-0.5610757740000001
22194,0.16901602340000005
22195,0.1561919439999997
22196,0.2440858379999998
22200,0.13921605699999998
22201,-0.20793978200000005
22209,0.23076292800000003
22210,-0.5393178239999997
22213,-0.34401525839999997
22214,-1.4789616355999997
22215,0.38513584539999995
22217,0.1493385872000001
22218,0.4350103240000003
22221,-0.4252010448
22222,0.4693207805999998
22223,-0.11849378779999994
22224,0.19577285600000066
22225,0.08006442199999989
22226,0.36406129619999994
22228,-0.7328046239999996
22229,-0.6521404039999996
22232,0.4918191676000001
22234,0.1762995888000006
22235,-0.10696909619999957
22236,-0.2864021939999997
22239,-0.34291792400000026
22241,-0.5854731220000005
22242,0.10712134239999997
22245,0.4821267599999999
22247,0.29401890379999995
22248,0.15953970600000034
22249,-0.29547733700000006
22253,-0.2576412608000001
22255,0.010031553000000049
22256,-0.4748830240000004
22258,-0.45728752559999997
22259,0.6846977277999999
22260,0.12036717000000045
22268,0.02586347599999996
22269,0.16504989079999985
22270,-0.5505025062
22271,-0.05179503959999998
22272,0.04083215400000029
22273,0.3682454149999998
22275,-0.5820202120000001
22276,-0.36324609960000026
22278,0.4436113732000001
22282,-0.04470427599999986
22283,0.1561914173999998
22284,-0.01753096980000013
22286,0.3590238341999997
22287,-0.18533222339999983
22288,-0.20188251020000045
22289,0.10360432579999994
22293,0.4490347324000001
22294,0.3309267730000002
22295,0.12660542800000005
22317,-0.32826707340000033
22318,-0.08990790280000027
22319,0.552693638
22320,0.45916816800000004
22323,-0.0809498840000007
22324,0.11455679399999993
22325,-0.0871587476000002
22326,-0.3646109444000002
22327,-0.6355988894000003
22329,0.17152437139999996
22330,-0.6497326016000002
22333,-0.10246885200000015
22334,0.1963129440000003
22335,0.07706656199999991
22337,-0.35285515900000036
22339,-0.08767675660000025
22341,0.20121597159999977
22342,-0.49674917539999985
22343,0.7101317446000001
22344,0.05487355799999989
22346,0.3236672049999999
22348,-0.2626086351999998
22349,-0.046700491200000194
22350,0.00870491400000013
22351,0.11685147599999972
22352,-0.1999082259999998
22353,0.018771800999999845
22354,0.16966234399999996
22355,-0.1613080936000002
22359,0.7550966967999999
22360,-0.4333120004000001
22364,0.4803332980000004
22365,0.5186239500000001
22367,0.06207049280000021
22368,-0.010210682000000304
22371,-0.5765206399999994
22376,0.27830827000000014
22377,0.025488659999999896
22378,-0.4535566639999999
22379,0.7329298392
22380,0.37180041920000007
22384,0.3280879640000002
22385,-0.32864602160000017
22388,0.14878468200000014
22390,0.05363937679999999
22401,0.5244894857999999
22408,0.4162165752000003
22409,-0.21058750939999998
22410,0.47327836439999993
22412,0.15241276479999985
22413,-0.8004081580000001
22414,0.7068731784000001
22415,-1.1879739038000001
22416,-0.4023689461999999
22417,0.5690991249999998
22418,-0.7455003976000001
22419,0.22421131799999988
22420,0.013515592200000181
22421,-0.578462789
22422,0.5027402658
22423,-0.4567146026000001
22427,-0.10641076240000018
22428,-0.1090064980000001
22431,0.799398517
22433,0.1541105160000001
22436,0.3706419077999998
22437,-0.7472418074
22439,-0.8152443650000001
22589,0.03643071219999996
22590,0.1221338860000003
22591,-0.07334931939999975
22592,0.29007684960000013
22594,0.19701211679999986
22598,0.816462502
22601,-0.1602123045999999
22608,0.1677517080000001
22619,-0.09201741059999993
22625,0.13578180060000014
22626,0.13327801560000002
22627,0.03240010399999953
22628,-0.06703051020000003
22629,-0.18893113000000028
22630,0.2716802399999995
22631,-0.15851564720000014
22632,0.16556876860000003
22634,-0.9059631173999998
22635,0.379726756
22637,0.1709273960000001
22640,0.08260590199999988
22642,0.17028593580000004
22644,0.1392734530000002
22648,-0.33877175280000016
22652,0.14144377259999974
22654,-0.6187482606000001
22658,0.6500897682000002
22661,0.01635450299999981
22666,0.3552958174000004
22668,-0.06010105600000024
22670,-0.00799841800000003
22671,0.14519565919999994
22673,0.28633434620000003
22678,-0.34421450420000016
22680,-0.3089217275999996
22682,-0.1465951523999994
22685,0.7105553498000001
22688,0.36762809319999973
22689,-0.36845776679999986
22690,0.03916692320000008
22691,0.15320556459999998
22693,0.041403633200000026
22695,0.3238736637999998
22697,0.5745776354000004
22700,0.6322646664
22701,0.6212624121999996
22704,0.06114823299999976
22709,0.4157279540000001
22715,0.008543722200000126
22720,0.24401024200000004
22750,0.09257721740000005
22751,0.4404113822000001
22754,1.0521840675999998
22757,0.4874077102000001
22758,0.8772102454
22761,-0.6069178780000002
22762,-0.012757859600000022
22764,0.027076505199999622
22770,-0.038411159599999856
22771,-0.21871650460000022
22772,0.24907641900000002
22773,0.4159275192
22774,-0.49473878340000005
22775,0.5921538331999998
22778,-0.1517180660000001
22779,-0.09586764520000006
22780,-0.6365583360000004
22781,-0.08972541180000046
22782,-0.11976902879999987
22784,0.19212160659999994
22785,0.010468682800000018
22786,0.7244402041999998
22787,0.6303986152000001
22788,-0.12113937420000002
22791,0.5632099177999998
22793,-0.20135577599999976
23789,0.1019356664
23790,-0.06084524800000004
23792,0.14710383260000004
23794,0.16218954720000003
23795,-0.021196911199999845
23796,0.14307634699999988
23797,-0.29334945320000044
23801,0.45581834499999996
23802,-0.04354079300000002
23805,0.0669321494
23806,-0.9386252013999998
23807,-0.019909650000000667
23808,0.3047435975999999
23821,-0.23903299439999995
23825,0.49064546979999973
23827,0.4448176052000002
23829,0.33154434619999984
23830,0.488023145
23831,-0.1671491207999999
23832,0.11825838499999994
23834,0.5030816719999998
23836,-0.43557909660000005
23837,0.4521326616000003
23845,-0.2537934154000001
23849,-0.17014637600000065
23850,0.7438843481999999
23853,0.2211162960000003
23854,0.1840437134000002
23856,0.07880800060000012
23857,1.0038456979999997
23859,-0.2577322088000001
23863,0.1609926269999999
23871,0.09458922799999918
23872,-0.4296731684000001
23873,0.3083152732000002
23874,0.020238215200000197
23876,1.0353635946000002
23877,-0.1149692403999996
23879,0.16291638160000055
23881,-0.6200423479999995
23882,0.6351286106
23885,0.16512495359999982
23886,-0.2720353522000002
23887,-0.20386954159999995
23888,-0.5914427498000001
23890,0.17111552419999992
23892,-0.6147283106
23893,0.2120392182
23894,0.25431430719999976
23897,-0.003333307999999846
23900,0.45838585399999976
23908,-0.337031747
23912,0.22041170999999976
23917,0.3802120861999999
23919,-1.0515832962
23920,0.271907598
23921,0.3273642403999995
23922,0.30630170480000096
23923,-0.033865639200000075
23924,-0.1380558869999998
23925,-0.9230907760000001
23928,-0.5181336293999997
23934,0.22363142359999993
23936,0.731187931
23937,0.11315777879999996
23938,0.30479241199999973
23939,0.11985049159999975
23942,0.16642944299999982
23943,-0.15618968839999958
23945,-0.21365433799999972
23947,-0.8246984312
23948,-0.26201184099999997
23950,-0.6727000200000003
23954,0.05968359439999986
23956,-0.2768896898000001
23957,0.2511226574000001
23959,0.5776538694000001
23963,-1.1392265764
23964,-0.9694046324000001
23965,-0.41969868080000017
23966,0.3024933139999998
23967,0.3629055683999999
23968,-0.11744981140000013
23969,0.09772835000000021
23970,-0.1851868520000007
23971,0.44457739279999975
23972,-0.3811716751999999
23980,0.5086910280000001
23983,0.02520840400000033
23984,-0.12021229060000005
23985,-0.35880412040000004
23986,0.23151595419999998
23988,0.6207140381999995
23989,-0.14930121099999988
23991,0.4026551740000002
23992,0.06448327319999994
23993,0.27785491819999997
23994,-0.5084036140000002
23996,0.41500413520000023
23997,0.0303241933999999
23999,0.045430248799999615
24000,0.6120805447999997
24001,0.025552062000000042
24004,0.2002134053999999
24010,0.007197734000000367
24012,0.23522581199999984
24013,-0.5029404364000002
24014,-0.8737377183999999
24017,0.042958907600000276
24018,-0.5771451067999998
24030,0.5261232368000002
24044,0.07126162000000029
24045,0.36856309800000064
24046,-0.20541406479999988
24051,0.5920731985999999
24052,0.36716671619999997
24053,-0.44666262419999986
24055,0.22102470119999965
24056,0.33280656340000014
24057,-0.6948319842
24058,0.2515022804000001
24059,-0.33166343220000016
24060,0.15805984599999992
24063,-0.1692569700000001
24064,-1.5655188218
24066,-0.41167939680000015
24068,0.18853603690000006
24069,0.6140682952000001
24070,0.4466607660000001
24071,0.0824306282000002
24074,0.9785387170000002
24075,0.28122053999999996
24084,-0.6716498226000002
24086,0.2439512262000001
24087,-0.5120292418000001
24088,0.20570865160000018
24099,0.1186551038000001
24100,-0.33108431520000003
24102,-0.7167614004
24105,-0.08417423999999976
24108,0.33747812039999997
24111,0.17383991759999998
24113,-0.311269538
24115,0.44399643580000003
24116,0.2605246679999997
24117,-1.5442786750000002
24127,-0.41837558460000024
24128,-0.005902976000000138
24132,-0.3340459431999999
24136,-0.30995026460000014
26356,0.07277707199999987
26357,-0.15252776779999982
26359,-0.06421398099999989
26361,-0.05182513480000015
26362,0.7387085188000001
26363,0.4866363637999999
26370,-0.21154443599999978
26371,0.28668670139999985
26372,1.2622499444
26373,0.5996070440000001
26377,0.08634317839999994
26378,0.011442200800000002
26379,0.16827743200000037
26380,0.3359070681999999
26381,-0.8792526006
26382,0.1531739499999997
26384,0.10736564800000004
26385,0.23231046199999988
26386,-0.4731250498
26394,0.4118390759999997
26395,-0.06403716159999995
26396,-0.36195069999999985
26397,-0.6337894032000001
26398,0.3460927303999998
26399,0.6260508337999997
26400,-0.5064820284
26401,-0.08610530000000054
26403,0.32695151699999964
26404,0.5843867322
26405,-1.2544779154000003
26406,0.07221201699999984
26407,0.020767250799999814
26408,-0.21698345900000007
26409,0.14639328999999995
26410,0.3279821550000001
26411,0.19806866199999967
26412,-0.01891250199999952
26413,0.02819725800000015
26414,-0.3870538983999999
26415,0.19096582699999978
26416,-0.18402675200000046
26417,0.03302855399999984
26419,0.19173171500000005
26420,0.46396957900000013
26422,0.15088823299999995
26423,0.0839253566
26424,0.5885545680000001
26425,0.6457469116000002
26426,0.22120684500000004
26427,-0.4780269685999999
26428,0.3811003298000001
26429,-0.09998861539999986
26430,0.16242322819999977
26431,0.041835319999999496
26432,-0.24615102739999992
26433,0.14618603400000013
26440,0.1796126919999999
26441,0.24756478040000013
26442,0.2394177960000004
26443,0.15377292480000015
26444,0.3993502719999995
26445,0.6556383307999996
26446,0.4124845820000001
26447,0.4596959022
26450,-0.09142182720000029
26451,0.2760456119999997
26456,0.13241168779999996
26457,0.47218665599999987
26458,-0.18618303880000014
26459,0.2812539312000002
26462,-0.5384929240000002
26465,-0.26221075700000007
26466,0.19616797179999956
26549,-0.3084214558
26554,-0.1914848824
26556,0.09401879560000008
26557,-0.5358146092000002
26558,0.0998511864000001
26559,0.3638097055999999
26561,0.09358649879999978
26562,0.03552390180000024
26563,0.14014199180000003
26564,-0.7888348956
26565,0.15997625799999965
26568,0.6619356429999999
26569,-0.05491380219999975
26570,0.22508732120000002
26572,0.4108943560000002
26611,0.33264501640000005
26754,0.22236939840000006
26757,-0.2891472234000002
26875,0.5474335295999996
26876,-0.021059561800000015
26877,-1.2459842194
26878,0.7547653009999999
26879,-4.095739999998571e-5
26886,-0.18799737520000015
26887,-0.3014502403999999
26889,-0.3247103963999997
26891,0.29058053139999984
26893,0.5497859360000004
26894,0.11915514219999998
26895,-0.08852881319999995
26896,-0.03423982739999989
26903,0.2655346782
26908,-0.05197303799999995
26909,0.45580986259999967
26910,0.4328733282
26912,1.2792424226000003
26913,0.5616883751999999
26918,-0.20162902460000004
26919,0.3296594688000001
26926,0.09392686940000025
26927,-0.026283161399999776
26932,0.4862889659999997
26934,-0.08682604600000055
26936,-0.1364320774000003
26938,0.012603497600000058
26939,0.36184655140000005
26940,0.1348356220000003
26942,0.6472212891999999
26943,-0.644664276
26944,0.08965295319999997
26945,-0.12180009559999991
26946,0.7933012449999999
26949,0.10422193300000018
26950,-0.8155902169999999
26951,-0.09128428900000003
26961,0.2824457179999996
26965,-0.20742842079999999
26968,0.1571446344000001
26970,0.3318426784
26971,0.5824221259999998
26972,-0.6987597489999999
26987,0.3722569344
26992,0.31639311799999986
27008,0.07209897880000007
27015,-0.3469108622000002
27027,0.20613828399999967
27028,-0.4728622766000001
27029,-0.3460377359999999
27041,0.2914662920000001
27045,0.23861653039999986
27049,0.054384473
27050,-0.758174622
27052,0.41775137719999994
27053,-1.0028488512
27054,-0.07063811960000024
27055,-0.11718736320000005
27056,0.024404664799999764
27057,-0.7577002200000003
27058,0.2786889588000001
27059,-0.3884562834000002
27060,-0.22427033919999992
27061,0.0935599620000005
27062,0.29823106059999993
27078,-0.29530880160000017
27081,0.10247547879999992
27096,0.3880634697999998
27103,0.6441283629999999
27204,-0.19298295660000003
27205,0.3088917984000001
27208,0.4452646760000004
27210,0.4452646760000004
27211,0.4452646760000004
27215,0.3736271459999999
27217,-0.5813562428000001
27218,-0.12654294419999984
27219,-1.4830091512
27220,0.23199413659999993
27221,0.2575202567999999
27222,-0.01675768679999985
27223,-0.2038234949999996
27225,0.2557160540000002
27226,-0.20365538799999996
27260,-0.5151902041999998
27261,0.2187089799999999
27273,0.014599358999999801
27274,0.7034277583999999
27275,-0.3423255700000002
27276,0.39727632360000004
27277,0.19364279319999972
27278,0.43756724580000006
27279,-0.09998306599999988
27280,0.1827866717999999
27354,1.4104733326
27356,1.2873988628
27359,-0.28707049600000045
27360,0.05258273399999993
27361,0.14257327199999956
27362,-0.3199835010000001
27364,1.0144546062000002
27368,0.4955316613999997
27371,-0.18190707600000025
27373,0.3692497375999995
27374,-0.11017835819999995
27376,-0.04231247920000012
27377,0.17217728099999974
27385,-0.6835364300000002
27386,-0.47535315679999995
27387,0.10654534199999936
27390,0.016043881799999847
27392,0.5179175239999999
27393,0.30787149539999953
27395,0.27518232819999966
27397,0.7821474911999997
27398,0.15725987000000038
27399,0.06764322959999998
27400,0.5081317621999999
27401,0.8330659274000001
27402,0.7122045229999998
27403,-0.13914888599999992
27404,-0.13808394119999984
27406,0.0779748847999997
27407,-0.16383191760000032
27409,0.4952560010000003
27410,-0.01891394360000014
27411,-0.14546700320000044
27413,0.4803049493999998
27414,0.3448849273999999
27416,-0.19064667020000012
27418,0.1746520005999999
27419,0.6170451762000001
27421,-0.3448498172000002
27426,-0.15217445359999998
27428,0.36036082560000005
27494,0.46967738859999975
27528,0.10964281479999993
27632,0.4474366881999998
27660,0.17308214280000006
27681,0.1723217820000002
27756,0.3146250896000005
27762,-0.5946099474000002
27784,0.44247289580000027
27878,0.10421359080000006
27883,0.12244467819999975
27965,0.21930083139999965
27966,0.7409989692000002
27967,0.033672579999999994
27973,0.478684325
27979,0.29497872580000006
27984,0.22317686259999983
27993,0.4827208696000003
27998,0.5490664839999997
27999,0.22580824460000065
28000,1.0683685094000002
28010,0.29325343579999996
28015,0.2664905260000001
28018,0.13699647899999992
28019,0.1405699406
28028,0.4961506887999999
28030,0.1289913969999997
28035,0.16052531839999987
28036,0.27086662719999965
28040,0.18275371379999966
28064,-0.036717004200000146
28075,0.07743604119999983
28077,0.5556780424
28084,0.4121130054000002
28088,0.2785492774000005
28105,0.7360026183999999
28113,0.46815527659999995
28114,-0.07972953240000002
28126,0.4998905156000003
28135,0.1651605304000004
28146,0.308565518
28169,0.5824246299999999
28185,0.4412009873999999
28193,-0.13045786459999958
28199,-0.03289728400000023
28200,-0.11627732040000005
28240,-0.7311736395999999
28253,0.05320128099999995
29805,0.40474964039999967
29806,0.09519296399999995
29807,0.5023734182000001
29808,0.18212159420000001
29809,-0.06354120639999969
29810,-0.4828286476000002
29812,0.07638113199999985
29813,0.4909216452000001
29815,0.07950074279999945
29816,-0.08893034099999983
29817,-0.05864221200000017
29818,-0.47430319719999997
29819,0.6389931182000002
29820,0.16037024179999976
29856,-0.5456316957999992
29857,0.03375888259999993
29858,0.4677351114000004
29859,-0.6818472873999999
29861,0.1865932019999999
29862,0.34396528559999984
29863,0.07827991740000018
29864,-0.6993808079999997
29865,-0.2400062379999998
29866,0.22968280079999995
29869,0.5446152756
29870,0.12836290899999997
29871,0.20955842980000003
29873,0.3773527045999999
29875,-0.07698496800000036
29876,-0.28992555399999986
30044,0.36860889100000005
30045,0.21487717499999998
30046,0.011724618800000286
30050,-0.8027661185999999
30051,0.10371843640000016
30052,-0.40134211160000055
30054,0.40030713479999996
30055,0.6552039740000002
30056,0.3156811312
30057,-0.07470440399999986
30059,0.05739376939999978
30785,0.17583287899999983
30791,0.34960548839999994
30795,0.4115116200000003
30800,-1.1000011482000003
30805,-0.3242750774000003
30806,-0.10644473800000079
30839,0.28071329200000045
30840,0.330701844
30841,0.0727836608000004
30843,0.006964887999999903
30853,0.011595671999999623
30877,0.2114576527999999
30878,-0.14008257340000033
30923,0.046306230999999885
30924,0.4124826571999999
30925,0.005898536799999831
30926,0.41530037199999975
30927,0.9464115435999998
30928,0.3189092526000003
30930,0.32807230920000097
30931,0.41077774799999955
30932,0.27957524280000035
30933,0.5779320364
30934,0.06172519819999991
30935,0.42931126940000014
30936,-0.48196437099999995
30937,0.4576595804
30938,-0.0885672299999996
30939,-0.4629311859999998
30940,-0.7895492619999999
30941,0.39983631700000044
30942,0.2873190516000001
30944,0.9355899756000001
30945,0.08968425019999984
30946,0.04711714300000027
30947,-0.7886448288000001
30948,0.01827346200000015
30949,0.2677065774000001
30951,0.6494933822000001
30952,-0.0165443820000001
30953,-0.5582387240000004
30954,0.5126804879999994
30955,-0.5082878443999999
30957,-0.08246239199999969
30959,-0.6246064208000004
30960,0.41167096000000036
30962,-0.6441297365999998
50490,-0.2079255476000003
50492,0.24039140700000008
50493,0.09884937980000075
50496,0.011686030400000113
50497,0.2798433759999998
50498,0.26481814220000005
50500,-0.5576952077999999
50501,-0.11194434600000011
50505,0.19351447580000034
50518,-0.1361431722
50523,-0.15559298900000015
50524,0.08645076540000005
50528,-0.014160377799999947
50529,0.49555117999999965
50530,-0.3466442368
50701,-0.16623977599999976
50702,0.339251823
50706,0.7786126558
50721,0.006437949600000081
50722,0.31553477979999994
50723,0.570399858
50724,0.0016208139999999815
50753,-0.2368475143999998
50754,-0.19711571999999933
50758,-0.04880676200000007
50759,1.1376438084
50760,0.44423492840000023
50762,0.7004264000000002
50764,-0.03321257400000013
50765,0.2604972491999999
50766,0.8597409579999999
50767,-0.1815289665999998
50768,-0.3033299476000001
50769,0.5665298090000002
50770,0.1448079749999998
50771,0.9276038996
50772,-0.4754765819999999
50773,0.44048206799999934
50776,0.4159318447999999
50778,0.12354134659999998
50779,0.6679153102
50780,0.18819415999999975
50781,0.2271567838
50782,-0.2701989202
50785,-0.4019302584
50786,-0.4693637354000001
50787,-0.5841563894
50788,0.3264640154000002
50789,-0.1959009872000001
50790,0.24984679539999988
50791,-0.21064335080000038
50793,0.19503019420000028
50794,0.02401103800000044
50795,-0.10279843160000013
50796,-0.1738641497999998
50797,0.051618708399999845
50798,0.26864683400000045
50799,0.3821552353999998
50817,0.02314991880000017
50849,-0.4959614560000002
50850,-0.13777310819999933
50868,0.3455918328000003
50874,-0.056892773600000265
50875,-0.13355835520000028
50876,-0.6256714676000001
50877,0.7321863679999998
50878,0.6481136139999999
50880,0.4670708906000005
50883,-0.035833516600000156
50884,-0.2930520230000006
50887,-0.009969746000000335
50905,0.22076516319999992
50907,-0.04229708199999997
50911,-0.17732256799999996
50912,-0.26975129460000014
50913,-0.9573476054000001
50914,-0.3106712946000001
50915,0.3915518497999998
50916,-0.48830962479999995
50917,0.14008363600000032
50918,-0.41996366839999943
50926,0.01834804200000022
50927,0.32093935439999977
50928,0.644074109
50930,-0.10503051359999986
50931,-0.06543224019999946
50932,-0.2482242019999994
50933,0.261553088
50934,0.1197698820000002
50935,0.08405777399999988
50995,0.028799908000000228
50996,0.3931682819999997
50997,0.46889636740000007
51786,-0.13605579520000025
51789,-0.05264467400000043
51792,0.11664159360000034
51795,0.019826872399999917
51796,-0.022108299999999657
51798,0.4669709251999997
51799,-0.3707264104
51801,0.17917868379999966
51810,-0.2323808415999995
51812,0.38491812199999986
51813,0.899543332
51869,0.19892273479999983
51875,0.21597629680000024
51885,-0.25293828240000027
51886,0.2849889632
51897,0.21758343599999996
51902,0.19053910960000006
51938,0.05645754779999992
51944,0.3096573400000004
51960,-0.30793621579999986
52004,0.30295597199999913
52013,0.3542755079999999
52014,0.5446225316
52020,-0.5101107415999999
52023,-0.6997434648000003
52024,-0.2443055786000004
52028,1.0070678202
52033,0.0019754429999997215
52036,-0.34652164180000045
52040,0.1566943696000001
52055,-0.020510261400000118
52064,0.4371832912000002
52065,-0.15658816139999984
52076,-0.011678409800000011
52123,0.44267396999999986
52132,0.017486451799999615
52150,-0.29850219840000014
52163,0.34442618179999995
52174,0.41350020740000026
52184,0.3427290086
52187,-0.004810276000000169
52202,1.2771879849999999
52231,0.10493850800000004
52245,0.5841154246
52250,0.31100559039999975
52276,-0.17092072900000002
52323,0.1893508564000002
52331,0.1497743761999998
52335,0.34841554000000025
52348,-0.4608339863999998
52357,0.19385515040000012
52377,0.17706711939999947
52428,-0.11649058040000008
52430,-0.30216602820000044
52432,0.2041793370000004
52440,-0.8081981939999998
52443,0.3020325279999998
52463,-0.5234228092000002
52466,0.015039636199999684
52468,-0.45120190999999965
52469,0.29027291999999993
52477,0.43022772340000054
52502,-0.09721317200000038
52504,0.5242159090000001
52513,0.37265342579999955
52521,0.3375906620000002
52530,0.6813860799999997
52535,-0.06430426539999985
52538,0.3223860120000001
52551,-0.008044200799999856
52552,-0.08977201119999982
52563,0.8247226583999998
52575,0.6301831292000003
52588,-0.07182157800000014
52589,-0.2948682872000001
52592,-0.31236050180000047
52609,0.17039916720000026
52615,0.3093327752
52626,0.3596476794000001
52633,0.2924217299999999
52635,0.07710761619999999
52637,0.5960205949999999
52639,-0.9917824359999997
52662,-0.4065909628
52665,0.035813241799999854
52666,-1.0949441736
52668,-0.45780582999999914
52670,-0.9096916353999999
52679,-0.9301636878000001
52683,0.2688412218
52685,-0.18010105599999945
52686,0.35232065399999996
52690,-0.13816893779999972
52696,-0.20918617400000022
52700,0.38666920000000005
52705,0.27649895380000017
52708,-0.00347376840000031
52710,0.4285414373999995
52712,0.4916679920000007
52713,0.7130241659999996
52715,-0.09763385440000025
52717,0.18573092340000025
52793,0.46421222999999995
52808,-0.16283309160000012
52815,0.22820919740000029
52822,0.12962316619999986
52829,0.48089191760000005
52830,0.3621508439999996
52837,-0.5771378822000001
52838,0.18767175700000002
52840,0.4470858316000001
52846,0.01894615980000012
52850,-0.20099960160000013
52855,-0.09035645300000042
52856,0.3504488133999999
52857,0.014828489999999661
52858,0.1494288879999992
52864,0.022833708800000352
52882,-0.2605743108000002
52892,-0.18505682580000044
52897,0.5480428169999999
52906,-0.05558898659999985
52915,0.20085885199999964
53310,0.6159312182000001
53311,-0.5641636496
53312,-0.1103275115999999
53313,-0.22210773199999992
53317,0.1508156066000005
53319,0.19866272199999974
53321,-0.5665565978000002
53322,-0.02691878799999987
53323,-0.17188906060000003
53324,0.38198607799999984
53325,-0.46333300400000005
53330,0.19455704900000031
53331,-0.16193874599999986
53332,-0.024484743400000043
53333,0.3342759558000001
53334,0.1404813934
53356,0.2961290319999996
53357,0.7300030868
53374,0.0946972719999998
53375,-0.0975344965999998
53376,0.6889649123999997
53378,-0.508353104
53379,-0.13345976200000004
53380,0.28525985460000064
53381,0.5963311304000001
53382,0.07283190919999996
53404,0.05682525460000001
53412,0.19407187680000004
53413,-0.4496425947999999
53414,0.21309356480000013
53415,0.13876485020000012
53416,0.33685676859999986
53417,1.240359565
53418,0.20701244860000018
53419,-0.03448193119999994
53420,-0.07438094039999985
53421,0.2182527819999997
53422,-0.3545186639999997
53424,0.34073886100000017
53598,0.28419826600000064
53599,-0.002864730000000293
53601,0.672388017
53602,0.04971275800000043
53603,-0.2562111133999999
53604,0.4664244909999996
53605,0.47452836279999994
53607,0.22846423640000033
53608,0.24247750759999978
53609,-0.0012701419999995522
53611,0.5921315799999997
53612,0.31103074200000014
53614,-0.35207585060000035
53617,-0.2739357644
53618,0.4846117502
53619,0.17258516859999987
53621,0.16617683180000037
53623,-0.7150631874
53624,-0.1897411794
53625,0.23107192499999982
53626,0.6808964516
53627,-0.13714177000000022
53761,-0.17557422700000025
53791,0.5936840103999996
53814,-0.27025577919999993
53817,0.03878632800000013
53856,0.2260743817999999
53857,-0.17399474460000058
53858,0.25323835740000006
53861,0.07442596279999983
53867,-0.20346296199999986
53868,-0.15473836819999995
53869,-0.5776280644000007
53870,0.1324148339999997
53871,-0.1461353933999999
53872,0.017681761000000053
53877,-0.20435179680000007
53881,-0.46684043280000004
53883,0.5138718755999999
53885,-0.8643064399999999
53886,-0.09834151519999992
53890,-0.008756488000000218
53892,0.7871539642000002
53893,-0.5593612199999999
53895,0.5181342861999998
53896,-0.2637321030000003
53897,-1.0334896444000001
53902,0.293724645
53951,0.09182782120000006
53970,0.4824641729999999
53972,0.8900394728
53975,0.3784575329999999
53978,0.4372192226
54003,-0.06698665820000001
54006,0.40019828380000033
54120,-0.6742136334000005
54122,0.17318988659999998
54123,-0.23151368599999955
54124,-0.10703789299999986
54125,-0.09623144319999995
54126,-0.021460480000000358
54130,0.19598332999999962
54131,0.05384949400000032
54132,-0.38545108399999994
54135,0.11443542300000012
54137,-0.7600483261999997
54139,-0.2937875779999999
54140,-0.09809092600000016
54141,-0.033879681799999874
54150,-0.6913598299999999
54152,0.21672797359999993
54153,-0.13567676159999992
54156,-0.22532643099999988
54160,0.5384107987999996
54161,-0.5412481294000001
54167,0.11923063039999988
54169,-0.09153446500000087
54170,0.13902683860000026
54188,0.12876660899999984
54189,0.19574442479999982
54194,0.01663918680000016
54196,0.33029012999999985
54197,-0.3665032060000005
54198,-0.6898924099999999
54199,-0.32980924680000034
54200,0.8968659312000001
54208,-0.13938590240000082
54214,-0.43179319839999974
54215,-0.1412554108000002
54216,0.7048165718000001
54218,0.43520988839999963
54219,0.04416623479999977
54324,-0.1373182405999999
54325,0.11812530000000017
54326,-0.2383742024
54338,1.0443324712000002
54342,0.05555916680000017
54343,-0.4165479453999996
54351,0.050053775999999675
54352,-0.006976006799999768
54353,-0.2655475360000004
54354,0.08582553000000033
54364,0.2333786251999997
54366,1.1244410220000003
54367,-0.8320093644000002
54368,-0.17429494999999945
54369,0.5590156731999999
54371,-0.16668146620000002
54373,0.04398685580000006
54375,-0.6812380679999996
54376,-0.06369567359999984
54377,-0.17202971279999996
54380,0.2062027261999999
54381,0.03753316959999982
54383,0.333574132
54384,0.5535044556000001
54390,0.5319610637999996
54391,-0.6834988520000007
54392,0.23180038080000012
54393,-0.09035887780000022
54394,-0.07726014600000006
54399,0.38606412540000007
54401,0.003679287399999609
54402,-0.08068068179999983
54403,-0.05749807760000003
54405,-0.2404543000000004
54409,0.4121130054000002
54411,-0.7542848300000002
54418,0.3466634659999997
54419,-0.7868681336000001
54422,-0.12533600180000004
54426,-0.9081647067999998
54427,-0.48325412059999984
54445,0.2029645119999998
54446,0.28172371439999966
54447,-0.46146952480000003
54473,-0.15647235800000026
54483,-0.29748873200000003
54484,-0.1735537760000007
54485,0.21764933300000014
54486,-0.3223745427999997
54519,0.09626560600000005
54524,0.0598502105999998
54525,0.10637974319999995
54526,1.5183546552
54561,0.051522693800000005
54563,0.1312532460000007
54598,-0.5725094838000001
54601,-0.7690036529999998
54607,-0.08277648919999994
54608,0.9709751523999999
54609,-0.2975955316
54610,0.4527828583999999
54611,-0.8709075168000002
54613,0.05276045699999941
54614,1.0075488232
54615,-0.21344176700000012
54616,0.10962462599999974
54624,-0.030478116199999405
54630,0.10819230900000018
54632,0.2054743216000002
54633,0.15352327420000017
54634,-0.39215519719999986
54635,0.6264970134000001
54636,-0.2198102279999997
54637,0.264748292
54644,-0.637858254
54645,-0.36858757279999954
54646,-0.2017312598000002
54648,0.06117933359999998
54650,0.2941727167999998
54651,-0.8903011317999997
54652,-0.7399400492000001
54667,-0.15554176720000007
54670,0.1809454466000001
54673,-0.5157193539999998
54683,0.298674514
54709,0.22848451139999995
54710,0.05042617859999989
54711,0.18418437659999984
54712,0.0028766430000002783
54720,-0.16574234600000004
54721,-0.06934500359999998
54723,-0.004943715000000459
54725,0.38024827299999997
55925,-0.6158089104
55927,0.30049032519999946
55932,0.21483804660000025
55934,0.2648247399999999
55935,0.49217955999999996
55936,0.19585115999999977
55938,0.2895990787999999
55942,-0.1123714213999996
55943,0.4851013233999998
55944,0.18633447200000006
55946,-1.1581147067999997
55947,0.6710664776
55950,0.36644926980000003
55951,0.29824982799999944
55960,1.0085137780000002
55961,-0.7438719985999998
55963,-0.3808186841999994
55979,0.17549459259999942
55980,0.4599533621999997
55981,-0.0068452444000001835
55982,-0.3545872922000002
55983,0.11020245399999987
55984,0.5685782340000001
55985,-0.047860194800000054
55987,0.017905050199999904
55988,0.35422235380000017
55990,0.09080256680000001
55991,0.04932728799999993
55992,0.18852299599999967
55993,-0.39743440340000025
55994,-0.09051537900000009
56012,-0.49242246040000015
56013,-0.9242823062000001
56016,-0.39232976539999986
56017,0.6755074079999996
56018,0.5443687147999998
56030,-0.1576788383999997
56031,0.6991764589999999
56032,0.5294342399999998
56036,-0.15902902600000032
56041,-0.07227406700000003
56043,0.8826757086
56044,0.11844599959999975
56045,-0.20810611800000062
56046,-0.12025102259999994
56047,0.4456022972000001
56048,0.34897021579999965
56050,0.49316977799999984
56055,-0.33024560500000033
56057,-0.8197405818000001
56068,-0.1598771696
56069,-0.3979542876
56070,0.2856820079999999
56072,0.12378616479999982
56075,0.6811103963999999
56077,0.19859460599999998
56078,-0.33136232200000004
56079,0.018771090999999983
56085,-0.37948563499999965
56086,0.055925717999999944
56087,-0.05389292560000003
56088,0.41956447279999975
56089,0.5496687077999999
56095,-0.08401968940000018
56096,-0.18990544699999995
56150,0.4524351303999996
56174,0.9070297245999999
56175,0.21211351360000014
56176,0.7043473525999999
56177,-0.03857939280000018
56183,0.07513387620000005
56184,-0.42151357980000004
56185,-0.1365226284
56187,0.20810998739999942
56188,0.27758827
56189,-0.8535540112
56190,-0.7177580308
56191,-0.6082778810000002
56193,-0.3449103300000001
56194,-0.19275162019999997
56195,-0.3882450162000001
56196,0.7850791132000001
56198,-0.36123003099999984
56199,-0.5252002846000001
56200,0.5455831354
56205,0.0762919261999997
56207,0.2565208062
56208,-1.0002115439999997
56209,-0.4571263252000003
56210,0.8092596290000001
56212,0.12160231599999953
56214,0.3752544700000001
56215,-0.3363587360000004
56216,0.32039523699999994
56218,1.0493647981999998
56220,0.2717540707999998
56221,-0.13712400120000012
56222,-0.30174044680000023
56223,-1.1593289515999998
56224,0.8217455808
56226,-0.17720967100000024
56228,-0.02375542720000041
56229,1.0893815312
56233,0.07870932159999952
56248,0.3534099217999998
56249,0.038558312800000036
56258,0.21837438159999928
56264,-0.36393670660000044
56273,0.8758069279999997
56274,-0.3796558705999999
56275,-0.6760046489999997
56277,-0.39485293620000006
56278,0.2997470707999998
56280,1.0672315752
56282,0.48615709959999975
56284,1.0583599843999996
56289,0.04602594179999997
56292,0.3523428756000005
56294,0.03653909320000022
56296,-0.9841174470000001
56297,-0.06916716760000012
56298,0.9568924811999999
56299,0.4271635707999998
56305,0.49856559340000006
56309,-0.08549738420000015
56310,0.12921813799999987
56312,0.1443536791999996
56314,0.5378004179999996
56315,0.4785236360000001
56316,-0.28176672420000015
56317,0.23316935160000013
56321,-0.14100142400000024
56322,0.14624191960000008
56323,0.4817300634
56324,0.21398393519999992
56325,0.2339773312000002
56327,0.2344646066000001
56334,0.31354945
56335,-0.0404353387999997
56336,0.046376685999999626
56338,0.009125304000000157
56348,0.9359394768000001
56349,-0.32408464620000005
56350,0.05630790799999978
56351,0.10918050800000038
56354,-0.09494128999999987
56356,-0.6610447427999999
56357,0.2023836185999997
56358,0.18571334839999984
56361,1.2158020998
56362,-0.23390063719999993
56363,-0.8005245028000001
56364,0.04104721259999984
56365,-0.9120484524
56367,0.29857020500000003
56368,0.6309539888000006
56369,0.5434961527999997
56370,-0.26386064220000005
56371,-0.9207467980000004
56372,0.05374927199999959
56373,-0.02180761339999986
56374,0.225111476
56375,0.7597098741999999
56376,0.04241713959999984
56378,0.23272294400000035
56379,0.7878519161999995
56380,0.038959464800000634
56381,-0.5891536744
56382,0.2202899861999999
56384,0.36183863739999966
56386,0.24322014799999997
56389,0.02772482000000025
56395,0.45287573720000013
56397,-0.11376299799999963
56398,-0.6752667880000004
56399,0.08884225739999962
56403,0.36788712460000017
56404,0.32503904599999983
56405,-0.12627050220000005
56406,-0.3614572116
56407,0.04251582200000072
56409,0.0033297180000005254
56410,0.865268851
56412,0.25369429839999996
56417,0.6191869619999999
56418,0.06377111620000023
56420,0.3467349364000004
56421,-0.22820871839999982
56422,0.31480507419999987
56424,0.20344844079999974
56426,0.2702430459999999
56427,0.43345353959999944
56428,0.057800946000000054
56429,0.35521543959999996
56430,-0.3153511976000001
56431,-0.4147346519999996
56433,0.4583421741999999
56434,0.2707877335999999
56436,0.0489323412000001
56437,-0.07662217700000014
56440,0.2609169959999999
56443,-0.041355350000000256
56444,0.3493987799999999
56445,0.3512206219999999
56447,-0.18065747400000057
56449,-0.48258007999999963
56451,0.36888208039999987
56452,0.29467270879999974
56453,0.22395256200000055
56455,0.05525013500000009
56456,0.12793297499999987
56457,0.1380013064
56458,0.10299310000000013
56459,0.21366688259999975
56460,-0.2644368560000004
56461,-0.12407821660000007
56462,0.3813324060000006
56463,0.19123324840000003
56464,-0.4490403700000002
56468,0.7183224477999998
56469,-0.03852682819999949
56470,0.17034757200000036
56471,-0.9061240558000001
56473,0.3617534277999998
56480,0.0972876433999998
56484,-0.6268946679999999
56485,-0.055024138200000204
56486,-0.24226728200000025
56488,0.4467464035999999
56489,0.059837279599999606
56490,-0.09405915879999967
56491,0.4651728539999997
56492,0.7309651418000003
56494,0.01197362059999989
56496,1.2210415438
56501,0.4251285354
56503,0.44041472540000015
56504,0.23086389120000028
56505,0.2976175967999996
56506,-0.23185299499999984
56508,0.1853701860000001
56513,0.5097761968000001
56515,-0.09293617699999998
56520,1.0964553692
56522,0.5720081312
56523,-0.31100129979999985
56525,0.14777038379999982
56527,0.07486407620000009
56529,0.17954429600000027
56530,0.5886577865999996
56531,-0.6908774272
56532,0.17500759159999965
56533,-0.9627680528
56534,-0.19848627500000013
56535,1.1369286626000001
56538,-0.10021495679999992
56541,0.2845857380000002
56543,0.011521464799999848
56550,0.17073330400000017
56551,-0.18328120599999984
56612,0.23624890399999998
56613,0.5598983058000003
56615,0.07958303519999958
56619,-0.4682252855999991
56620,0.1629321218000001
56622,-1.3732086286
56626,0.5799647121999996
56629,0.12058664959999979
56631,-0.10625876439999997
56632,0.2013006352000005
56636,-0.5165829260000001
56637,-0.23575925799999986
56640,0.3068745338000001
56642,-0.15915981839999968
56643,-1.1448318523999998
56644,0.1545325779999999
56690,0.48416512179999993
56691,-0.25614076279999975
56693,0.3878739224
56695,0.9337977161999997
56696,0.18618444000000026
56697,-0.017913297999999855
56698,0.7463551407999998
56699,-0.012811299599999871
56703,0.18070198159999967
56705,0.07760892139999953
56706,-0.14026777939999988
56707,0.4314025408
56708,-0.4512029762000001
56709,-0.1611357845999999
56710,-0.9384983375999999
56711,0.5880529298
56715,0.1930687767999995
56716,0.36762801019999997
56717,0.6952709459999997
56720,-0.28762309460000013
56722,-0.28904375400000043
56726,-0.15353873840000035
56727,-0.0831442076
56734,0.18950325800000023
56735,-0.5500858576000003
56736,-0.5470933819999999
56737,0.5075001556000001
56739,0.26210135679999985
56741,0.06367257100000012
56742,-0.2689293354
56743,0.8004103114000003
56744,0.03438831799999953
56745,-0.16104830260000025
56746,0.44597793899999993
56747,-0.23415591120000007
56748,0.42799743580000005
56749,0.19168776259999998
56752,0.26391099520000055
56753,-0.43758096199999985
56758,0.02185832999999988
56760,-0.017612063999999705
56771,-3.388770000000818e-4
56772,-0.013630948200000681
56773,-0.047966749600000025
56774,-0.6726511256000001
56784,-0.09073118159999964
56786,0.09670316800000016
56787,-0.47843520080000007
56788,-0.14839339739999993
56790,-0.2045985963999998
56791,-0.10923727200000002
56792,0.34986896479999957
56794,0.6435462060000001
56795,0.2399704717999997
56805,0.6886839936
56807,0.07082528560000015
56808,0.21681294639999998
56809,0.24882403200000028
56812,-0.652605866
56838,-0.16253306399999995
56839,-0.12100937520000006
56844,-0.03244124359999993
56846,0.10175136779999985
56847,0.5778475874
56856,-0.09820502040000019
56857,0.46862786219999997
56863,-0.1837657128
56868,-0.4325184829999998
56873,0.09244607999999985
56874,-0.18965519439999978
56876,0.39044335259999985
56878,-0.1324663919999999
57014,-0.09556592320000004
57028,0.1967802886000003
57080,-0.08063398179999978
57138,0.023941670999999866
57170,0.5297290032000002
57230,0.7143021258000003
57246,-0.14849178580000003
57247,-0.2962302533999999
57253,-0.8468741304
57254,-0.532498543
57256,0.12087133799999998
57257,0.010278434399999625
57258,-0.3801876192
57259,0.11237843060000045
57260,0.18089736839999998
57261,-0.5097705040000001
57264,-0.2013480404000001
57265,0.38021082799999995
57266,0.41722791379999996
57267,0.2560208622000001
57274,-0.6645538684
57275,0.2786907436000002
57276,1.0918708561999997
57277,-0.14361555720000033
57278,-0.24607409060000007
57279,0.5975942506
57295,-0.10002284300000017
57312,0.38098185399999984
57314,-0.36651225000000026
57315,0.2601242379999995
57316,0.3316866771999999
57317,-0.2723855543999999
57319,0.2040083040000006
57320,0.3441233539999999
57321,0.5897404572000001
57329,0.3567131989999999
57330,-0.27843195599999965
57339,0.28927447100000003
57340,0.1965144564
57342,0.06681712220000016
57344,0.22116709520000022
57355,0.2777143540000001
57357,0.21764995959999994
57370,-0.034993798
57373,0.3905662542
57376,-0.07662910720000013
57377,0.1829477179999998
57385,-0.8557673808
57390,0.2695032500000001
57431,0.44963457819999986
57432,-0.0918338898
57434,-0.5441825365999998
57435,-0.3014903543999997
57436,-0.14663392999999977
57437,-0.6199655040000007
57439,-0.7204468885999997
57441,0.6741910886000001
57442,0.2762176674
57443,0.3733474275999999
57444,-0.037022142
57740,-0.012044913000000167
57741,-0.004833441599999944
57743,0.03136962299999979
57745,0.8359928561999997
57746,-0.19238347660000005
57748,-0.11154047740000017
57749,0.8546845421999997
57750,0.8655295229999995
57751,0.3316991414
57752,-0.8843553129999998
57753,-0.6463431920000001
57754,-0.6109392337999998
57755,-0.5235451633999999
57756,0.1325066532000001
57757,0.3230467035999999
57765,0.3593450096000005
57773,-0.06727515079999939
57775,-0.1512016842000002
57776,-0.12973605959999998
57778,-0.0054936362000001186
57780,-0.6009289830000001
57781,0.3658646463999998
57782,1.5644006520000002
57783,0.2346954059999998
57784,0.21161718799999996
57810,0.4695583853999998
57811,-1.1700706998000001
57814,0.37543304799999994
57816,0.3806013440000001
57837,0.5793393976000001
57869,0.025625890599999934
57875,0.46277146199999974
57890,-1.0467698878
57895,-0.1600500995999999
57896,0.3351850540000001
57905,0.3000684853999996
57908,-0.29916292439999986
57911,-1.2915049776
57912,0.43884427399999987
57913,0.3641518142000001
57914,0.1797909580000006
57915,-0.08214626779999996
57916,0.49806202000000044
58170,0.22253426499999973
58172,-0.3356444761999999
58175,-0.13037489999999963
58176,-0.3560585542000002
58178,-0.12961104280000005
58180,0.3257178759999997
58181,-0.10131525319999994
58182,-0.7119778474000003
58185,-0.6818074859999996
58186,-0.5532949640000006
58188,-0.2889892722
58193,1.0293579197999998
58194,0.32729185200000044
58198,-0.3147872582000001
58200,0.25250734520000007
58202,0.16198337400000007
58203,0.6213328434000001
58205,0.7517788879999999
58206,0.2041130970000001
58207,-0.5324234327999996
58208,-0.47630163360000016
58212,-0.44750083039999994
58217,-0.8714987426
58220,0.007487274999999993
58222,0.3376884901999997
58223,-0.5787894646
58226,0.20648430699999984
58227,0.6093565664
58229,0.44444502860000024
58231,-0.01768486999999972
58233,-0.915393516
58237,-0.8375052817999998
58239,0.45763459399999995
58240,0.3329465749999997
58243,0.05109662619999984
58244,0.8427749945999997
58246,0.6099376044
58248,0.47974070039999983
58249,1.1585647054000001
58250,0.3702382463999999
58521,0.27435213000000047
58522,0.4767866269999999
58523,0.1849600647999999
58799,0.41290372140000003
58800,0.1557176093999999
58802,1.4128893122
58804,-0.08261411400000007
58805,-0.1951525354000001
58807,-0.7468059593999998
58809,0.2504540738000001
58810,0.4735081760000007
58859,0.07542890539999991
58860,0.5072693423999999
58861,0.11034348320000013
58864,0.09387471199999986
58866,0.31295660999999997
58867,0.5826767468
58869,0.24958705599999992
58875,-0.18167327639999975
58887,0.09378651740000006
58909,-0.4576393242000001
58911,0.31290191620000024
58916,0.1861569219999999
58988,6.643990000000599e-4
58991,0.06257566160000003
58994,-0.5032962418
58996,-0.7813760275999997
59001,0.2456873417999997
59002,0.5993711522000001
59004,0.33610914059999997
59005,-0.1609515799999997
59006,-0.48645279640000005
59007,0.5283805739999997
59008,0.20405149999999922
59009,-0.10910059500000013
59011,0.03993300839999989
59013,-0.14849566199999983
59014,0.6309801362
59015,0.20243935720000011
59016,0.06038334079999963
59020,-0.6076840902000002
59021,0.5285970814000001
59022,0.24404902399999956
59025,-0.4963873759999998
59026,-0.046987524999999766
59027,-0.16385344280000017
59028,0.41768962060000003
59029,0.2122901579999999
59030,-0.18863177959999983
59031,0.1805438164
59032,0.3831476343999999
59033,0.6957175284000001
59035,-0.5399597663999998
59036,0.1561718086
59038,0.17275746599999983
59040,0.1792544759999995
59041,0.19552252940000017
59042,0.03618883599999982
59043,0.2714269093999995
59044,0.16531978600000025
59045,0.20719342619999992
59046,-0.36632388439999986
59047,0.25368346999999963
59048,0.4226321891999998
59049,-0.07343420760000026
59050,0.5532340040000001
59054,0.38383662580000044
59056,-0.1771871132000002
59058,-0.3377481234000002
59069,-0.09312429199999954
59083,0.25155499699999967
59090,0.14313015400000034
59091,-0.14181216279999997
59092,0.32437600400000016
59093,0.8376248311999998
59095,0.2626714275999998
59125,-0.1023283039999999
59126,-0.5832867962000006
59288,0.23207074500000005
59289,1.1746401985999997
59290,-0.20855063640000004
59308,-0.1623237866000001
59310,-0.0346202262000002
60315,0.4368294822000001
60321,-0.04441201280000016
60322,0.4344969142000001
60344,-0.8022495463999999
60345,0.26303550620000016
60363,-0.4903375866000001
60364,0.3275002502000003
60365,0.275172693
60367,-1.1141307324000003
60406,0.502620222
60409,0.32550181799999967
60411,-0.3296688592000002
60441,0.3288741471999998
60504,0.15759806639999993
60505,1.2922762524
60507,0.3472375298000001
60510,-0.21721683860000018
60525,0.5008637402000007
60527,-0.9086203100000001
60530,-0.39714120519999996
60531,0.7081602782000002
60532,0.20209315859999996
60533,-0.018812692400000053
60534,-0.5081060906000001
60594,-0.25837286600000003
60595,-0.21996279600000007
60597,0.4214676540000002
60599,-0.18435819500000045
60611,-0.3845358255999999
60613,-0.36422290860000006
63828,-0.43722565419999987
63856,0.19091074460000002
63859,-0.39370642400000017
63872,0.5082628445999999
63873,-0.1041116786
63953,-0.0019459987999999484
63954,-0.2186220714
63955,0.2553041096000001
63958,-0.39765256820000017
63959,0.42055904639999964
63985,0.244199476
63993,-0.46590543360000014
64008,-0.2723311731999999
64009,-0.6372337901999996
64010,-0.25593640939999995
64011,0.046622066000000115
64050,0.37427470759999987
64051,0.45631637159999994
64074,-0.19865549739999988
64075,-0.01517043119999988
64082,0.6066047304000001
64085,0.2618182516
64095,-0.2695864274
64099,0.5169883891999995
64103,-0.22737706539999997
64113,0.1424854159999998
64136,0.4627116473999999
64138,0.07846595400000034
64143,0.04940021059999964
64144,0.26889077520000004
64176,-0.28810769280000004
64177,-1.0089827889999998
64209,0.04677659579999975
64213,-0.2960219858000002
64214,-0.2160864219999997
64242,0.583743958
64290,-0.19142128379999984
64291,-0.08871548940000018
64292,-0.23222934399999992
64293,-0.23969456319999988
64294,0.10291804800000044
64295,0.4213213080000003
64296,0.6263570167999998
64297,0.06249298399999992
64337,-0.06846702059999998
64339,0.5704242588000001
64340,-0.08922615780000012
64378,0.380262915
64381,0.5715270568000002
64383,0.027086867399999902
64384,0.046793943800000196
64385,-0.24992526560000022
64406,-0.11831043019999994
64424,0.5316900349999999
64435,0.02814485220000007
64436,0.07127016619999971
64450,-0.8168538724000001
64451,0.006563538999999885
64452,-0.06662814660000027
64540,0.13997473599999974
64580,0.6549663749999998
64602,0.7669768713999998
64654,0.010858221999999529
64656,0.41956320000000036
64657,-0.28968590999999966
64658,0.09158050179999969
64659,0.5842466386000001
64660,0.3425041598000007
64661,-0.24051419879999997
64685,0.5715967690000007
64704,0.2556427899999999
64705,0.32422269299999995
64706,-0.7932724884000002
64707,-0.5755891016
64817,0.5640953241999999
64818,0.029421128799999963
64898,-0.17985973899999957
64899,-0.19474023599999998
64918,-0.39586354639999977
64930,0.010779119800000458
64933,-0.12723842540000002
64934,0.3768578776
64945,0.24281985639999998
65019,0.358830734
65079,-0.3737758920000001
65098,-0.7241129949999998
65099,0.18870931400000082
65100,-0.2903724502
65102,0.22943950780000044
65103,-0.5870601440000002
65105,0.46678837400000006
65106,0.2170697920000002
65107,0.19356663320000003
65111,0.2408159359999999
65112,0.49416909639999973
65113,-0.06306319799999968
65114,0.6238742827999999
65115,-0.16973268860000063
65116,-0.09074081059999983
65221,0.4417925630000001
65246,-1.1921795188000002
65247,-0.8473010799999997
65254,-0.49780184119999904
65255,-0.5774506456000003
65945,-0.3584228155999999
65960,0.22736621120000003
65961,0.3619920122
65963,-0.08431852279999993
65967,0.35205715080000033
65969,-0.8174127274000004
65970,-0.34178650779999986
65971,-0.27338510299999985
65972,0.17084686
65973,0.09331356039999968
66011,-0.1121120330000002
66042,-0.49202251980000045
66044,0.4182391314
66046,0.5288966879999997
66047,0.7272476314000003
66048,0.35855491080000024
66049,-0.019098042799999958
66052,0.20602871659999983
66053,0.14987148899999986
66054,0.24760263740000016
66056,0.4801119495999998
66058,0.5237353911999998
66059,0.616736714
66060,0.24987660780000026
66065,-0.19920169800000026
66066,0.18752773799999928
66067,0.3831592984
66069,0.612218163
66070,0.24456717200000036
66071,0.4428668772000002
66072,0.3130231826000003
66073,0.4830121167999996
66074,0.35983466660000013
66075,-0.06149718999999969
66077,0.0924473840000001
66078,0.43325219
66079,0.30825229520000014
66082,0.5358867604
66083,0.3579577596000002
66084,0.17801571219999984
66085,0.4414138819999994
66087,0.14961344220000045
66089,0.6844209404000002
66090,0.18589398999999956
66091,-0.019814918000000147
66092,-0.5359008800000001
66096,0.3389802040000003
66098,0.7127467665999998
66101,0.26737963900000017
66102,1.0334974049999999
66105,-0.3156347740000001
66106,0.23874816620000017
66108,0.32494202540000006
66109,0.20266804
66111,0.658807268
66113,-0.017933176600000423
66119,0.44869208
66120,-0.5169587270000002
66121,0.4610465619999996
66124,0.39691578419999995
66125,0.41434330199999997
66126,0.6073702520000002
66128,0.1635585884000001
66131,0.7573986483999995
66140,1.063795942
66141,0.07523551799999986
66142,-0.1456976079999997
66143,0.7610116587999999
66144,0.0489901439999997
66147,-0.31566091840000005
66148,0.5057093020000007
66151,-0.16836567719999956
66152,0.10375604600000017
66153,-0.25702118059999995
66154,0.1923916944000002
66155,0.3315029420000002
66156,0.14795148840000022
66161,0.5716120459999999
66163,0.03242195399999979
66164,0.32010416200000014
66165,0.13872722700000004
66166,0.009175649199999913
66167,0.2576714478000003
66168,-0.734663136
66169,0.44583542600000003
66170,0.7111558840000001
66171,0.7172047175999993
66172,0.5334225684000004
66174,0.8606546126000005
66175,-0.2476880048
66177,-0.17525031799999943
66179,0.8203562826000004
66181,0.40462658599999984
66183,0.5462343038
66190,-0.10123892499999983
66191,0.3356727599999999
66193,-0.3791744439999999
66196,0.4673592824
66197,-0.023052492199999896
66198,0.12877733539999997
66199,0.4545116020000005
66201,-0.04810264360000023
66202,0.6620128266000002
66204,0.5838712154000001
66205,0.7825665473999999
66206,0.34999003319999994
66208,0.5694889150000002
66209,-0.1829839412
66211,0.6245512899999998
66212,0.12069443600000014
66213,0.2649447487999998
66218,-0.08325056400000008
66220,0.6009159585999996
66222,0.3843149719999996
66223,0.08983360360000008
66226,-0.6183786006000002
66229,0.8564687714000001
66230,0.43926747179999986
66231,0.5875964213999996
66233,0.42942312820000017
66235,0.22842882200000042
66237,0.3171423084000001
66241,0.7260389684000004
66242,0.8541987860000007
66244,-0.19775246460000026
66245,0.42329207659999996
66248,0.49578658620000055
66249,0.3433617584000004
66251,-0.0848751523999999
66253,0.19689676319999946
66254,0.24389173279999987
66255,-0.25880799919999997
66256,0.1631294461999996
66257,0.1956951556
66258,0.1734261273999998
66259,-0.48679722439999995
66260,0.17463388759999993
66262,0.5775473041999998
66264,0.48711961139999965
66266,0.3199382159999999
66269,-0.09893609000000039
66271,0.7943210928000001
66272,0.42778267240000006
66273,0.35932920180000033
66274,0.6019360539999999
66277,-0.3552661190000001
66278,0.4987535338000001
66279,0.5555661594
66282,0.7393358485999999
66283,-0.8100488836000002
66284,-0.058131695599999936
66286,0.2725383610000005
66290,-0.32540356000000015
66291,0.49013905400000013
66292,0.030658028000000215
66294,0.3496724035999998
66296,-0.3513950752
66302,0.7746464244000002
66306,-0.03583280279999954
66307,0.4154467272
66308,0.06443773260000026
66309,0.22168644800000017
66310,0.6885743019999999
66311,0.9834250040000001
66313,0.2433585634
66314,0.2673578161999998
66315,-0.45848954680000026
66320,0.24154221400000003
66326,-0.9837235261999998
66329,0.5560468381999998
66330,-0.004593289000000311
66333,0.36866384139999997
66335,-0.029237826800000023
66336,-0.6923899426000002
66337,0.2595533545999997
66338,0.2528126909999998
66340,0.10138715199999986
66343,0.45218854979999995
66344,-0.8284162832000003
66350,-0.3542948122000002
66352,0.1271720082
66353,0.4903784085999999
66354,0.45118843859999985
66355,-0.2237780094000005
66356,0.04449837400000049
66357,0.3318141336000007
66358,0.27972403119999995
66359,0.10349082400000036
66361,0.4628286922000003
66362,1.2392573143999999
66365,-0.06959877419999998
66366,-0.36648153000000006
66371,-0.31517879839999985
66373,1.1579513388
66374,1.0709866119999998
66375,0.026931446000000393
66377,0.6285574320000006
66379,0.45985893799999966
66383,-0.6517365379999998
66384,0.4184163958000003
66385,0.3513971452000003
66388,0.6285782755999999
66394,0.7130316965999999
66395,-0.36645400399999983
66396,0.08013414359999942
66397,0.3094244471999998
66398,0.8070304634000003
66399,0.2390553808
66400,0.22948787199999962
66401,0.6310731954000002
66403,-0.22826712220000003
66406,0.3939045368000006
66407,0.3328888287999998
66408,0.6493692852000001
66409,0.35828972999999953
66411,0.5870738861999998
66412,0.8540692068
66413,0.12026964580000019
66416,0.1873820960000007
66420,0.4075433140000005
66421,0.3345728961999999
66422,0.25325745200000044
66423,0.22151642380000008
66425,-0.08034689999999997
66427,-0.09705862660000016
66431,1.0606421376000001
66432,-0.0021135378000000315
66433,0.030606672000000047
66435,0.028332842799999723
66437,-0.28463627000000075
66440,0.3168288568000001
66441,0.3696406327999998
66442,0.0650359284000002
66443,0.7235450262000003
66445,0.47519075599999994
66446,0.4689162779999997
66447,-0.7761012991999998
66448,0.293239466
66449,0.04867509400000003
66451,0.7174290932
66454,-0.4471897922000002
66455,1.1152274009999998
66460,0.24610780599999985
66464,0.35640012020000034
66467,-0.024637260000000438
66468,-0.032525184200000015
66471,-0.9491824386000001
66473,-0.14030862860000007
66480,0.3778800839999999
66482,0.018531330399999747
66489,0.3039191080000002
66491,0.11194762400000044
66492,0.21643493199999994
66493,0.4400933219999999
66494,0.3187249480000002
66495,0.5011445719999997
66496,0.37958570599999997
66497,0.4350457060000002
66498,0.014686469999999119
66500,-0.2902648706000003
66505,-0.2219889876
66506,0.600771988
66508,0.39841124799999966
66510,-0.044608696800000305
66511,0.2994455219999999
66513,0.5217183149999997
66514,-0.0023058702000000155
66515,0.15725987000000038
66521,0.13742249960000005
66522,0.05654506659999994
66525,0.6928553078
66526,0.6051670588
66528,0.7006463335999997
66530,0.12551847600000024
66532,-0.5247609992000001
66536,0.39773762740000007
66537,0.44775472200000016
66538,0.1552432822
66540,-0.111323024
66541,0.16237277719999987
66548,0.35247307379999987
66549,0.0015248540000001754
66552,-0.2029985119999999
66556,0.34155355800000003
66557,-0.12680843920000012
66559,0.21435047940000002
66566,0.6364588096000003
66568,0.11722546059999957
66569,-0.05112298320000006
66570,-0.20879989639999996
66573,-1.7937297132
66576,-0.022589473999999755
66578,0.6994175799999999
66580,0.052977879799999884
66583,-0.14286984479999987
66585,0.17181619820000016
66586,0.6581285565999997
66587,0.2545860174000005
66589,0.08885929400000023
66590,0.09621518499999979
66592,0.21018658800000017
66593,0.5350758531999998
66594,0.036270870000000247
66595,-0.15714394339999993
66596,0.3978182212000007
66597,0.14096065480000028
66599,0.3363957360000004
66601,0.4438203519999999
66603,0.6341947261999998
66605,0.019040968999999918
66606,0.29080313700000016
66609,-0.350916376
66610,0.06608386599999924
66611,1.1000947482
66612,-0.05557842399999977
66614,0.2139454300000004
66615,0.6587575926000001
66616,-0.1157556551999999
66617,0.3811522155999999
66618,0.12716383060000033
66622,0.2974403414000001
66624,0.26792943999999996
66626,0.5601789399999999
66627,0.37939640540000036
66628,0.6859105579999998
66629,-0.42599328760000005
66632,0.9050639696000002
66634,-1.689274381
66637,0.3256799756000003
66641,0.3549393536
66642,0.22413299400000036
66643,0.2948927884
66645,0.23534812020000012
66646,1.1870021064
66648,0.7936456012000003
66653,0.2019478028
66654,-0.17806095319999987
66656,-0.2692044659999997
66658,0.4326388271999999
66659,-0.003536617399999642
66660,-0.29422823479999993
66661,0.15835566400000012
66663,0.07756712139999991
66664,0.1766291505999998
66665,0.9042863080000002
66667,-1.0414846906000002
66671,0.14693186239999995
66673,-0.17067529860000005
66674,0.4505889687999998
66676,-0.05725296499999981
66679,0.0886931372000003
66680,-0.09591166400000013
66682,0.6568339119999994
66684,-0.9855472947999997
66686,-1.9696414752
66687,-0.10665626600000025
66689,-0.49686696119999996
66690,0.5222833497999997
66691,-0.47627523479999995
66694,0.3482495659999998
66695,-0.22588159099999974
66696,-0.2757371674000001
66700,-0.15511658559999972
66701,0.7909633397999999
66704,0.7338026263999998
66705,-0.43441926280000054
66706,1.1623063372000002
66707,-0.9183067974000001
66711,0.06644264160000013
66712,0.23508134720000004
66714,1.1346069554
66715,-5.208633999998824e-4
66716,0.07866712839999979
66717,0.06743507540000007
66720,-0.30347034080000024
66722,0.3941855390000001
66724,-1.0078367363999998
66725,0.20087469159999963
66733,-0.012099559999999964
66734,0.4833017556
66736,0.6822070219999998
66743,0.32798573600000047
66745,0.5637858008000001
66748,-0.5604245605999999
66753,-0.027377396799999863
66757,0.8693174461999998
66758,0.7756787354
66765,0.6713975457999999
66766,-0.5119104619999998
66771,0.014392788600000017
66787,0.32565667099999995
66789,0.0038838611999998385
66790,0.11863152220000028
66795,0.8224806889999999
66797,-0.42888575380000027
66799,0.4838220476
66801,0.22789341059999976
66805,1.2746688677999998
66809,-0.1165701937999998
66810,0.7662078269999997
66811,-0.717958933
66812,0.0023196411999999
66813,0.20401497840000005
66816,-0.4160985222
66817,-0.7935299212000001
66818,0.27413855259999964
66821,0.10019526100000001
66822,0.10296002819999987
66824,0.6586244619999999
66825,0.17883358080000003
66827,0.4450396198
66830,0.4007341771999998
66834,0.5588461019999997
66836,0.3056122779999999
66840,0.013394922599999859
66841,0.24722276500000007
66844,0.6143990964
66847,0.5590070364000003
66848,-0.30480209500000033
66849,-0.1020360678000003
66853,-0.5111400619999994
66854,0.2612636239999997
66855,0.5129373220000002
66857,-0.13461309200000002
66859,-0.31707357379999995
66860,-0.7122590042000001
66861,0.11572763900000034
66863,0.2204429759999993
66864,-0.16652581899999985
66865,-0.0060250580000001715
66866,-0.08889188019999975
66867,0.11508793620000013
66868,-0.06192966200000001
66870,0.015769934000000062
66871,0.8023830028000002
66875,-1.1121647436
66877,0.4029700457999996
66878,-0.8158448899999999
66880,0.11762383939999985
66881,0.06078808259999988
66882,0.0073584659999998085
66884,0.15003314120000014
66885,-0.9139153517999998
66887,0.3028005325999995
66889,-0.19435867319999947
66890,0.5502640780000003
66892,0.05766424999999966
66894,-0.2399903480000006
66895,-0.11801207840000023
66897,0.9226564716000002
66898,0.6304709589999999
66899,-0.3692300385999999
66901,-0.13592035860000004
66902,0.3654314340000001
66904,-0.2814828086
66905,0.3473747392
66910,0.15229296000000012
66911,0.12476819080000041
66912,0.23601274199999978
66913,0.6813669717999999
66914,0.4339270299999999
66916,0.3363410420000001
66917,-0.19703723979999985
66921,0.2832985246
66922,0.3912806529999999
66923,-0.36153786699999946
66925,0.3120900120000005
66926,0.17268723900000021
66929,-0.4275605178000005
66930,0.14767541699999986
66931,0.2444541332
66932,0.08999512360000032
66934,0.13811751499999972
66935,-0.7983290107999998
66938,0.03253713600000019
66940,0.26304872999999984
66945,-0.13850850400000034
66948,0.1602419094000001
66949,-0.2672189099999997
66952,0.3683668055999999
66957,0.22359938400000007
66959,-0.5793839266
66962,-0.41163154179999994
66964,0.6219877157999999
66965,0.2199806879999997
66966,0.1616294400000001
66967,0.6822980091999999
66968,0.33442700059999997
66970,-0.04173156999999961
66971,1.1007588705999998
66972,-0.2921332273999999
66973,0.41955468000000024
66975,0.14616688160000013
66977,-0.24060877560000007
66978,0.05702313879999963
66980,-0.22981812399999946
66983,1.0147486535999999
66985,0.21276598699999952
66988,0.17933420879999992
66989,-0.4442487419999999
66994,0.03348995160000001
66995,0.5438970880000001
66997,0.2162347320000002
66998,0.042711447199999954
66999,0.19036954399999964
67003,0.06387488400000016
67005,-0.12274641220000007
67006,0.3936012055999999
67008,0.3919808417999997
67010,0.027823296000000042
67011,-0.08330344899999993
67013,0.6358805092000003
67015,0.8599574847999998
67016,-0.08645603739999981
67017,-0.8280705239999999
67019,0.3489137368000003
67020,-0.5619894042
67023,0.558982014
67025,0.5487877480000005
67026,0.02835326120000019
67027,0.9017213193999998
67030,0.6432654953999997
67031,-0.08532756820000031
67035,-0.5043965286000003
67036,0.6710402976000001
67037,-0.08885886399999983
67039,0.12605918699999955
67040,-0.04764144200000011
67041,0.14447710919999962
67042,0.5901704639999995
67043,0.10285152560000022
67044,0.23065282600000003
67045,0.3565546748000001
67046,0.16999467660000017
67048,0.6223475746000003
67049,-0.07960614419999992
67050,0.7629107062000002
67052,-0.7158132704000003
67053,0.45319209540000005
67057,-0.21289517600000069
67059,0.43397149000000007
67062,1.3412327546
67065,0.26050104879999997
67067,0.25189418999999946
67068,0.16821173799999975
67070,-0.07054745319999967
67071,0.023098172399999495
67072,0.2815616554
67073,-0.5367185841999997
67074,0.01615238959999985
67075,-0.2634039434000005
67078,0.38359947399999966
67080,-0.3265658760000001
67085,-0.23618334899999996
67087,0.9262355176
67088,0.22751531679999992
67089,0.6407769310000001
67091,0.340154824
67092,-1.2382283796000002
67095,0.6635943133999997
67096,0.9727036632000001
67097,0.3055306260000002
67099,0.39664665019999995
67102,0.05652687579999984
67103,0.6163065256
67105,-0.02305679939999994
67106,0.7412892092
67109,0.5286633955999995
67111,0.0540747274000001
67112,-0.3470523516000001
67115,0.35225611400000006
67117,-0.16384911619999976
67118,-0.26214036599999985
67119,-0.19855539240000014
67120,-0.25972579979999966
67121,0.5822195519999999
67122,-0.3080817328
67123,-0.09956389400000028
67128,0.9083908316
67130,0.36986032200000063
67133,-0.14473004119999988
67134,0.034976064000000306
67136,0.3545224087999994
67138,-0.10363801380000019
67139,-0.25177177760000014
67141,0.3101750302000001
67143,-0.3890147142
67145,0.07130615199999965
67149,-0.11881551120000004
67150,-0.4328723499999999
67151,0.32626285159999996
67153,0.1774863439999999
67154,0.08195819600000007
67155,0.26364541920000006
67158,0.4943121615999999
67160,0.30798071799999993
67161,0.006541135399999653
67163,0.16113847220000005
67164,0.8313519861999998
67166,0.28446030739999983
67171,0.036064517200000167
67177,0.2759188624
67178,0.41571748539999975
67180,0.28347542279999977
67181,0.06241704800000001
67182,-0.060316131999999814
67184,0.056029732000001074
67186,0.22208091599999946
67187,-0.017350975200000108
67196,-0.5196656812000003
67197,0.5363485774000001
67198,-0.09401351759999983
67199,0.4118744223999995
67200,-0.1828612854000001
67201,0.7654493964
67203,0.07966262079999957
67204,0.47400385999999983
67207,0.23897015020000048
67210,-0.10166247800000008
67211,0.4870516662
67212,0.6110554718
67213,-0.04542667400000013
67216,-0.6817149822000003
67217,0.3321442335999999
67219,-0.25076986320000005
67220,0.08631618999999979
67222,0.15198508619999984
67223,0.8558134969999998
67224,0.6460659264
67225,-0.20975918619999961
67226,0.2132414439999996
67228,0.9761336949999999
67229,0.07789715139999984
67230,0.1752972102000001
67231,-0.22879714479999969
67235,0.27673069060000033
67236,-0.04663707340000016
67238,0.08799759400000084
67239,0.7512408996000002
67241,0.27682267359999957
67245,0.09315814399999986
67248,0.033440783999999724
67249,0.9046007906
67252,0.16910507600000005
67255,0.47679377679999957
67263,-0.09687235160000007
67264,0.1746788900000002
67267,0.47789980399999976
67268,0.12648544200000025
67269,0.2566877375999999
67270,0.8157722047999997
67272,-0.4263696895999999
67273,0.11799453040000003
67276,0.23084313699999975
67278,-0.2462118732000002
67279,0.3168648207999999
67283,0.22114723599999983
67285,0.14048742180000015
67287,0.321972388
67288,0.48754123840000024
67290,0.8848115694000004
67291,0.033300693199999995
67292,0.09629983800000001
67295,0.04276595399999934
67296,0.25616830719999995
67298,0.16880663520000017
67299,0.6333705409999999
67300,-0.16921738600000075
67302,-0.3090566111999998
67305,0.2639282478
67306,-0.18453530219999995
67308,0.37517997660000013
67328,-0.21392346400000006
67331,-0.2102047424000002
67332,0.36754112879999995
67333,-0.23186840219999993
67337,0.3054410931999996
67338,-0.4165536399999997
67341,0.3000428087999999
67345,-0.24886658199999978
67356,0.29476629479999994
67358,-0.3457085742000001
67367,-0.39524767539999994
67369,0.7951008702
67370,0.5894572114000001
67371,0.5460360687999998
67374,-0.34230061480000007
67375,-0.04405751119999977
67378,0.39762792240000006
67379,0.18628479599999964
67381,0.271530323
67382,0.023875399800000176
67384,-0.1605158898000001
67387,0.21238782480000004
67391,-0.4268714859999996
67392,-0.2793553680000002
67393,0.31709008360000013
67397,0.2303632959999998
67399,-0.07267389000000009
67402,-0.27552902720000033
67414,0.25205326259999994
67416,0.3770178917999997
67417,0.5104638897999999
67418,-0.07733669919999961
67420,0.4743668358000003
67422,0.23327008819999992
67425,0.3832443764000001
67429,-0.09870856640000011
67430,-0.24414890100000006
67432,-0.3569512836000001
67433,0.8759279247999998
67434,-0.4850692154000001
67437,0.07223866560000011
67439,0.0510545987999997
67440,0.1907398053999998
67443,0.009176861999999276
67444,0.2621438659999999
67445,0.2965563196000002
67446,0.8233307623999998
67448,0.24374273059999982
67451,0.2785312146000001
67452,-0.03222415299999977
67453,0.16305172640000015
67454,0.3887045643999999
67455,0.7153148308000002
67456,0.1634436069999996
67457,-0.07071535799999999
67458,0.12510631500000002
67459,0.5983582065999999
67460,0.6391187196000001
67463,-0.1589726345999999
67465,0.19025341960000014
67466,0.5695769359999998
67467,0.31047305980000034
67468,-0.10756528600000052
67469,0.8337687598000001
67470,0.5956676129999999
67471,0.1375296138000003
67472,-0.17881381259999998
67473,0.07715315820000006
67474,-0.3370272179999997
67477,0.2980871345999999
67480,0.2772365994000001
67484,0.42799447100000004
67486,0.32771211119999977
67487,-0.204107488
67489,0.12395683340000012
67490,0.0967192619999997
67492,-0.20930034100000014
67493,0.3160845250000005
67495,0.18930814919999986
67498,-0.2789909992000002
67500,-0.06977213740000003
67504,-0.5049309654000002
67509,-0.10973617919999992
67510,1.0752192402000003
67511,0.551671224
67512,0.39977493100000033
67515,-0.6100254865999997
67516,0.021122079399999903
67525,-0.11672882740000005
67526,-0.4793240219999998
67528,0.13884865259999996
67529,-0.521018844
67530,0.08653351399999991
67533,-0.5247609992000001
67534,0.5967241165999997
67537,-0.7076466671999999
67538,0.025588707400000122
67544,0.02467720139999985
67547,-0.35429170879999994
67553,0.3817620029999998
67554,-0.009215048399999936
67556,-0.04515098319999975
67561,0.14292899839999967
67568,0.7790367402000001
67569,-0.11107637080000003
67573,0.1053525778
67578,-0.10434174120000028
67579,-1.6488836746
67580,-0.531336653
67586,0.3884646
67588,0.3444787956000003
67590,0.1299678032000001
67591,-0.23165616060000013
67592,0.5272693780000003
67596,0.16168788719999974
67602,0.212312004
67603,0.17117503600000034
67604,0.2539091473999999
67605,-0.5058483095999999
67606,1.0019347003999999
67608,-0.3551546270000001
67609,-0.26316682039999967
67610,0.11641820220000003
67615,-0.6944855839999999
67618,0.32209717419999995
67619,0.3323112189999998
67620,0.8105377021999998
67621,0.49686743439999964
67622,0.06936864599999967
67623,-0.1752488580000005
67628,-0.14952000399999968
67629,0.004442225199999861
67630,0.9769998824
67634,0.5729467243999998
67645,0.4823363154
67646,-0.20707306919999996
67647,-0.7563190702000002
67652,0.4267481795999998
67655,0.21312619380000014
67657,0.42490578439999993
67661,0.3885192265999999
67665,-0.010157388599999706
67666,-0.2602140173999999
67667,-0.34216055139999996
67671,0.1622961380000003
67674,0.5276698660000004
67675,0.42866659600000007
67676,0.49963674959999993
67678,0.42484294180000004
67680,0.4979873120000004
67681,0.43412646459999954
67683,0.19128367539999971
67684,0.09229703799999953
67687,0.8069713473999999
67689,-0.10912946480000016
67690,-1.0708418073999997
67693,-0.25043317400000015
67694,0.7824194773999998
67698,0.34847924220000054
67701,-0.002854388800000063
67702,0.1443083945999998
67703,-0.235170598
67706,0.10749227020000056
67707,0.2030933659999999
67709,-0.24796213139999984
67710,0.3370214439999998
67711,0.6113755204000004
67712,-0.5699392299999989
67717,0.8183452297999999
67719,0.37502787259999976
67724,-0.2982807961999999
67725,0.3798268334000003
67726,-0.022987645999999983
67727,-0.14849423400000034
67728,0.20722875639999963
67729,0.45226685080000006
67731,0.42835306979999965
67732,1.0565253042
67733,0.8522304494000001
67738,0.1290706734000004
67739,-0.6136347699999998
67742,0.2605422093999998
67747,0.07743893700000024
67749,-0.3857997386000001
67750,-0.6229307762000001
67753,-1.2445847232000002
67755,0.11454937079999965
67758,-0.4282813444000001
67759,0.07418473719999988
67760,-0.5183165869999996
67763,0.20973080999999957
67767,0.2561401461999999
67768,1.9437636242
67769,0.04962835820000002
67770,0.5029793504
67771,-0.0630893399999998
67772,-0.044268890000000026
67773,0.058923494000000076
67775,0.5555636199999998
67776,-0.9508613836
67778,0.46038023259999966
67781,0.6697667324000001
67784,0.07122787280000012
67785,0.31707880159999996
67789,0.31815223540000004
67790,0.15497165079999978
67792,0.16864538580000002
67795,-0.17753103879999985
67800,-0.48668717400000006
67801,-0.5442387888000001
67803,0.3020725220000003
67804,0.15177714200000025
67809,0.5803429431999999
67811,0.48524858980000013
67812,0.18226947599999993
67815,0.5066751592000001
67819,-0.018157479999999993
67821,-0.15721398439999987
67824,0.7857353571999998
67826,0.24966677239999982
67830,0.22882650200000007
67832,0.26729673820000033
67834,0.0928037161999999
67836,1.1943891686
67838,0.31337636519999956
67839,-0.45471695819999985
67841,0.08322515480000021
67842,-0.13553097260000016
67843,0.33188785439999985
67844,0.0879750141999999
67845,-0.594956092
67846,-0.2850422059999998
67848,0.07341277940000009
67849,0.10491733740000023
67855,0.4300529087999999
67856,0.6852381426000002
67857,0.2445847992000001
67860,-0.4478707278
67862,0.20371506000000075
67863,0.3507089779999998
67864,-0.7998277800000004
67865,-0.019877813999999817
67866,0.3211729895999997
67867,0.1409027339999998
67868,-0.300886882
67869,-0.4389169459999998
67870,0.3301261138000001
67871,-0.1522659472
67872,0.29661535800000005
67873,0.6447654453999995
67874,-0.18367496539999997
67876,0.339998734
67877,0.36249608680000056
67878,0.07331420160000021
67880,1.2080654356
67881,0.6039744904
67883,0.3250881212
67886,0.18680228999999998
67888,-0.31503663600000004
67889,-0.2943892849999997
67890,0.5029271816000002
67892,0.9566864978000001
67893,0.6938924174000001
67895,-0.0027638493999997847
67896,-0.21035635100000016
67897,-0.3146630267999999
67898,0.058148367999999805
67899,1.1658441966000002
67900,0.23675574579999986
67902,0.24215720379999972
67903,0.08335264260000023
67905,0.36169847399999994
67909,0.5033737933999998
67911,0.5420216929999999
67912,0.5065463045999994
67914,0.23123986859999981
67917,0.17345633319999995
67920,0.020072349800000035
67921,-0.7338611180000001
67922,-0.06770326399999967
67929,-0.1252505566000001
67933,0.6275701513999999
67935,0.27735385879999985
67936,0.13687906960000049
67937,0.023101896599999883
67938,0.021585930000000177
67941,0.5162079640000001
67944,0.059341737599999965
67946,0.5294557432000003
67948,-0.002781415199999948
67951,-0.31798176320000027
67952,0.2280279499999999
67955,0.5601329920000004
67958,0.03762298679999994
67959,0.3692052694000001
67963,0.5327776680000003
67966,0.9299841785999998
67967,0.2859652541999999
67968,0.23162203560000014
67971,-0.20744366500000008
67972,-0.28220780300000003
67973,0.09224469920000011
67974,0.8129618159999998
67976,0.31023031880000024
67978,0.42762748259999983
67979,0.1999746958000003
67980,0.16472384519999944
67981,-0.34752040300000014
67983,0.08903125559999978
67988,0.29581864899999993
67991,-0.4931360403999999
67993,0.4009290932
67994,0.7972791175999998
67996,-0.40206443859999974
67997,0.7048375186000001
68011,0.46030487599999964
68014,1.0776168398000001
68015,0.4523618724000002
68021,0.26558401899999995
68023,-0.25524281019999967
68027,-0.8941934183999999
68028,0.36399108800000024
68031,-0.2893235656
68032,0.18645405160000017
68033,0.20852769060000007
68035,0.2271896199999997
68036,0.20801961800000052
68038,0.5621855966
68039,0.7038841000000005
68040,0.5957237172
68041,-0.20116424199999977
68044,-0.9292613258000003
68047,0.4784472259999998
68048,0.20712388399999995
68050,-0.030088935999999577
68052,0.2938230319999999
68053,0.45002562180000005
68054,-0.5995697790000002
68058,0.4208903579999996
68059,0.03743046580000033
68066,-0.8019736300000002
68070,-0.08094535580000013
68075,0.5810682008000001
68079,0.24216214479999998
68080,0.5033558048
68082,0.1950615550000002
68089,0.4158300300000001
68090,0.8890895218000001
68092,0.47121541920000015
68094,0.20443131759999994
68097,-0.011457656199999989
68098,0.16889434580000007
68106,0.19047226599999992
68107,-0.4859593936000001
68117,1.5715722533999998
68119,0.19723638979999975
68121,-0.3405247794000001
68126,0.7806901587999999
68133,-0.14606603879999974
68134,0.04155841039999988
68135,0.19870986200000046
68137,0.15744666039999994
68140,0.27211169220000003
68142,-0.060181733199999955
68145,1.0263555347999997
68146,0.3492333038
68147,0.3444442989999999
68149,-0.3599000894000003
68151,-0.0679451853999998
68152,0.24611441839999948
68153,-0.24834060539999997
68159,-0.5659761062
68166,-0.673851644
68169,0.1627484943999998
68172,0.2753348066
68177,0.7355472333999998
68178,-0.08359872960000007
68183,-0.05783766019999988
68184,0.44490808440000007
68185,0.5892105408000001
68187,0.08198849799999994
68188,5.540300000003384e-4
68192,0.1448416823999999
68196,0.1473311240000001
68198,0.5098598339999999
68201,0.10544979339999978
68202,0.2994578699999998
68203,-0.09070649419999981
68205,0.5280454662
68209,0.36926849000000034
68212,0.030809857999999933
68214,-0.23887564900000005
68215,0.5818158028000001
68219,0.3760542714
68223,-0.6356910174000002
68226,0.9590044456000003
68233,-0.10845878799999982
68236,0.5982315108
68240,0.6005545818000005
68243,-0.5442631125999998
68251,0.24026965800000005
68255,-0.6001374346
68259,0.11459613679999983
68260,0.8815519879999998
68262,0.19597925360000018
68263,0.10002064599999975
68267,0.3641518142000001
68268,0.14096551920000025
68270,-0.6566265064
68273,0.6046108044
68275,0.3400698380000001
68276,0.8044158869999999
68277,0.4399380361999999
68279,0.4255894559999998
68291,-0.0907540943999999
68292,-0.06856692640000013
68294,0.33155348720000005
68295,0.4943892517999998
68299,0.2808100198
68303,0.03082659079999992
68307,-1.0521895916000001
68310,0.32360639800000024
68311,0.18588904160000014
68312,-0.7547444902
68316,0.11242775919999985
68323,0.6578599878
68327,0.23468557239999974
68328,0.11942567459999989
68332,0.9345941475999993
68337,-0.6381882914000002
68338,0.021649843200000074
68339,-0.14404503220000003
68342,0.410601462
68344,0.2236054585999998
68346,0.43216643860000004
68349,0.36947385599999977
68350,0.6796056696000001
68352,0.006832881800000035
68364,-0.07127304720000005
68365,0.1897558477999997
68366,0.5644128699999997
68375,0.6244113026000001
68379,-0.32950334999999986
68385,0.42832797379999976
68393,-0.3606230474
68396,0.46553787219999965
68401,0.4279626783999998
68404,0.32964227479999997
68416,0.19556653639999944
68420,-0.014887857799999437
68421,0.36049832699999984
68423,-0.20635664919999996
68427,0.15038763679999984
68428,-0.45096082620000005
68431,0.13282834300000027
68440,0.27722408340000015
68441,-0.5580126144000002
68453,-0.4784599034000001
68460,-0.018349920200000102
68463,0.35615744600000027
68465,0.024672685999999545
68468,0.034703624000000134
68472,1.0571278880000001
68473,0.5400009191999999
68475,0.5617243892000001
68477,-0.9458186691999998
68479,0.08013048259999991
68481,0.03511602920000012
68487,-0.09029574799999977
68490,-0.3384888460000003
68493,0.2785107910000001
68497,0.030546344800000114
68498,0.5846832016
68499,0.1627517174000001
68501,0.2528441623999999
68505,0.04694548599999955
68509,0.25172773179999985
68510,0.021846348800000293
68515,0.7618209045999998
68519,0.15794588459999986
68520,0.8575942661999998
68521,0.36856309800000064
68524,-0.2517728771999998
68525,-1.0195006158000002
68526,-0.1119393428000004
68527,0.20710446580000008
68533,1.410779957
68537,0.6584724366
68539,0.2612885754000004
68545,-0.03887626880000008
68550,0.01103735600000002
68552,0.06339155799999965
68556,0.298705707800001
68558,0.026641829199999734
68559,0.19669644999999997
68563,0.5800771360000002
68564,-0.033485852000000094
68565,0.4381004919999999
68566,-0.4618456390000002
68567,-0.5089347249999998
68576,0.40309773600000015
68585,-0.2173251936000007
68588,0.34057032499999995
68591,0.08980736740000043
68592,0.11142165280000035
68597,-0.23685327319999985
68598,-0.2080613119999999
68603,0.3047037246000002
68606,0.23997365520000002
68607,0.4835424055999999
68611,0.44792921679999986
68612,-0.8529781759999999
68614,0.26518054100000016
68616,-0.10942194899999987
68626,0.11681271920000036
68628,-0.06875126860000016
68631,0.6453234279999996
68632,-0.19586432699999926
68634,0.22999119659999998
68636,-0.20204519880000033
68642,0.33899964299999963
68644,0.7752492681999998
68646,-0.5931701220000001
68652,-0.4992608201999996
68653,0.012399235599999869
68655,0.3267570498
68662,-0.6466059285999999
68666,-0.4194528776000003
68667,0.2782507472
68668,0.43686725899999984
68671,-0.024169948000000118
68678,-0.7972191698
68680,-1.0520031188
68682,0.06655379399999965
68691,-0.13082810259999994
68693,-0.08511266340000034
68701,0.0050186615999997745
68703,-0.4996779840000004
68705,0.5196862674
68708,0.7681394698000001
68709,0.32918542939999995
68713,-0.08179991799999975
68718,0.08973954000000042
68723,0.9922169679999999
68724,0.12001287700000063
68725,0.9109882270000004
68728,-0.1354428330000001
68729,0.19164077719999995
68730,0.4627618479999992
68731,0.32778121280000005
68735,0.49819790860000024
68736,0.9899157241999997
68737,0.2597140024
68738,0.22663147599999967
68742,0.8487867332000001
68743,-0.023821693800000165
68750,-0.07484382640000006
68753,0.3725088525999999
68755,-0.022959974600000165
68758,0.16021600740000003
68760,-0.4544460619999999
68764,0.2224439066000002
68770,-0.15667294600000048
68774,-0.12982771759999992
68776,0.6542177143999997
68778,0.07201495200000033
68792,-0.2885691653999999
68794,0.41951019940000017
68795,0.5066873525999999
68796,0.1985834075999998
68797,-0.5058015586000002
68799,0.31897927620000005
68801,0.19857402400000054
68802,-0.43150763020000005
68810,0.2960042185999997
68813,-0.5242564211999999
68815,0.04070714339999988
68816,0.6759749601999998
68817,0.3752686527999998
68818,0.19592985979999966
68828,-0.06256302000000016
68833,0.5081163951999998
68836,0.5740401979999998
68837,0.09193066200000022
68839,0.1834190994
68842,0.07697718459999994
68845,0.2460928918000004
68846,0.14211426399999985
68854,-0.1857138579999999
68857,-0.19044676480000006
68859,-0.15493864800000007
68865,0.5460086172000003
68867,-0.04133218840000001
68874,1.010141765
68875,-1.2690025422
68877,0.11051081799999984
68879,-0.06824372020000027
68889,0.2157171975999999
68891,-0.15916028559999978
68895,-0.2613337446000001
68897,0.29777618540000006
68904,-0.29952820160000027
68910,-0.2031656569999992
68911,0.02228844559999992
68915,0.245145447
68916,0.1976765353999994
68917,0.5048840951000002
68918,0.01782125739999989
68925,-0.15202603880000004
68926,0.1769139108000001
68929,-0.06683029579999981
68938,0.2595991288
68939,1.456819524
68942,0.7343427979999998
68943,-0.5453754520000004
68944,0.21572273160000038
68947,-0.3132444401999999
68948,0.33758052739999994
68953,0.19179594800000005
68955,-0.7284449108000002
68957,-0.2832858256000005
68961,0.21446474200000018
68964,0.23251328660000006
68966,0.2498920640000005
68968,-0.060794633999999806
68969,0.12003087800000038
68970,-0.8395022920000003
68971,0.2983695782
68972,0.19548688379999996
68975,0.5509098148000001
68977,0.4696769326000002
68979,0.3043712094
68980,0.3547537686000002
68981,0.34196785020000037
68988,0.3672785149999999
68991,0.47917750999999986
68992,-0.33087180140000017
68995,0.1655255290000003
69008,0.5368713585999998
69009,0.9164934023999995
69010,-0.25910759799999994
69017,-0.2462118732000002
69019,0.26587511000000036
69020,0.502366225
69024,-0.7732002600000001
69028,0.1854123974000002
69029,-0.3239444900000009
69032,0.06692200459999978
69035,0.6140349330000001
69038,0.13488489999999978
69046,-0.30499347999999993
69047,-0.1535560426
69048,0.37295107819999984
69050,-0.02201960779999972
69051,0.362121544
69060,-0.7374792254000001
69064,-0.25238432000000016
69065,-0.27959538679999996
69071,0.2680098720000002
69072,0.27540283400000015
69076,0.06722549799999981
69077,-0.1314447414
69080,0.15991838539999997
69082,-0.5315908676000003
69083,0.06477704299999987
69085,-0.52982287
69089,0.4879509040000006
69090,1.2503004354000002
69091,-0.03264230380000033
69094,0.4867849200000002
69097,0.5312908055999999
69101,0.6825380846
69106,0.8276637911999998
69113,0.6103330600000003
69116,-0.7912911441999999
69121,-0.18217293040000024
69125,-0.07700079540000004
69129,-0.12194578580000019
69131,-0.7313229306000004
69136,-0.42377901559999953
69137,-0.2602628558
69146,0.1329443590000004
69149,0.1608203834000002
69151,1.003111171
69155,0.5647845452
69156,0.38538611520000005
69159,0.502489075
69161,0.5221042068000002
69162,0.020713581399999726
69163,0.20895045039999988
69168,0.2883633932000004
69171,-0.0664538099999998
69178,0.3578146700000005
69181,0.022597240600000033
69185,-0.03748742280000004
69186,-0.2579648040000002
69187,-0.13340739800000065
69188,-0.3985894779999999
69190,0.11653597179999978
69191,-0.32113475699999994
69195,-0.05199662220000008
69202,0.145454492
69207,-0.1035124119999999
69215,1.443879444
69217,-0.6371747478000002
69219,0.035032847200000106
69226,0.6610467506
69228,-0.01385959440000022
69232,0.17976495199999967
69234,0.6428525160000003
69237,-0.18789950660000015
69241,0.5466399051999996
69256,0.6292392132
69257,0.19751805440000042
69259,0.6490787558000001
69260,-0.3480618756
69263,0.4238267938
69270,1.0390610497999997
69274,-0.44776553360000015
69276,-0.05656627799999967
69281,0.42990449040000006
69288,0.03472144719999992
69296,0.20845642500000014
69297,-1.2774945576
69299,-0.9363964356000001
69305,0.3405527573999997
69306,0.42126113220000005
69309,0.7047458058
69310,0.01563665580000002
69312,0.31142099459999995
69317,-0.41707761219999995
69332,-0.19390502199999987
69339,0.04511319239999958
69349,-0.4367557864000002
69352,-0.42452036880000027
69354,0.31663712300000013
69363,-0.5097888464
69367,0.02946534659999962
69368,0.9592443699999997
69371,-0.1803755124000001
69376,0.6070789615999999
69379,-0.584382607
69384,-0.5108655068000001
69387,0.20052426179999977
69398,-0.33016444399999967
69399,-0.015693363400000316
69401,-0.11476595320000013
69412,-0.23473096620000006
69440,0.3980509222000002
69444,-0.11490346340000004
69453,0.6517757200000001
69454,-0.039197300199999854
69456,0.3591784895999998
69459,-0.32132967759999964
69469,-0.5171402964
69470,0.16398442200000005
69473,-0.041441003200000104
69478,0.5509175339999997
69480,-0.9452828846000001
69481,-0.18289741100000026
69487,0.3459761063999995
69496,0.4698596814000001
69499,1.1150645139999997
69511,-0.754431381
69519,-0.20013721459999978
69527,0.5177384779999998
69528,0.2329279623999998
69533,0.8259202864
69534,0.5298525490000003
69535,0.7500301478000001
69536,0.056654294400000006
69537,-0.09822534339999933
69538,-0.24628572
69539,0.8418075054000002
69540,-1.024119538
69541,0.734394383
69542,0.5504260886
69543,-0.38941826440000016
69544,0.7181465130000002
69547,0.3035676025999997
69549,0.42866810819999995
69550,0.36363727200000007
69551,-0.058381085399999935
69554,-0.226162959
69556,0.3246915691999995
69562,0.13598507040000013
69564,-0.7060685725999999
69568,-0.5216094994
69572,0.8030138324000001
69573,1.1379252338
69574,-0.6001841158
69576,-0.49740526899999987
69577,0.2818245498000003
69582,0.08882824799999973
69583,0.3813658391999999
69587,0.9308159616
69590,0.6434040333999999
69592,-0.3970914731999998
69596,-0.17807739199999978
69597,-0.16423933159999998
69601,0.16082398100000006
69602,0.013465271199999851
69606,-0.0803766200000009
69608,-0.48397140580000003
69612,0.16100832259999986
69617,-0.39124445079999964
69627,0.03609151239999982
69632,-0.8663060962
69634,0.8730175331999999
69635,-0.38951355439999985
69638,-0.24713363039999994
69639,0.2673087326000001
69640,0.1596899276000002
69642,0.5635657094000002
69654,-0.13532005299999988
69655,-0.6277208070000002
69656,-1.0150565036000003
69660,0.2025116805999998
69662,0.37802792989999967
69663,0.2456180066
69665,-0.25218812940000007
69666,0.5225957843999997
69671,1.1428261635999999
69672,0.18072386199999996
69674,0.2021329520000002
69675,-0.5535144006000001
69683,0.09772943219999988
69692,0.7066576835999999
69693,0.6759210841999999
69694,0.5222020594000001
69697,-0.17968690400000006
69698,0.4110572846
69700,-0.6683330485999999
69702,0.6607934952000001
69706,-0.2836743610000001
69707,-0.2751478763999998
69710,-0.21134157800000003
69714,0.6304786664000002
69716,0.4273064333999998
69718,0.35577692279999995
69719,-0.03524719740000002
69721,-0.09086657780000014
69723,0.3280628514
69724,0.09514573519999985
69726,-0.3878972612000002
69727,-0.3794846020000002
69731,0.24581359800000016
69736,0.6493837014
69737,-0.4229244578000001
69740,0.3386989533999998
69742,0.21177702599999967
69743,0.17234802379999986
69745,0.6277210829999997
69747,0.3559576487999999
69748,-0.07570501999999983
69752,0.03282087500000017
69754,-0.5473032239999995
69757,-0.8914161557999998
69769,0.5948978858000004
69772,-0.4771464621999999
69780,0.04589071959999984
69784,0.6494141283999999
69786,-0.3551822259999998
69790,0.22907037340000008
69792,0.402474065
69802,0.2881471154
69804,0.3376617320000001
69806,0.5209725052000007
69807,0.2813880835999999
69815,-0.1493017860000002
69816,0.6514863520000006
69823,-0.18408694119999974
69824,-0.6958314858
69826,-0.23175620080000012
69833,0.5820118835999999
69834,0.008452963999999596
69836,-0.24528908400000038
69837,0.6903162958
69847,-0.8398027855999999
69852,-0.2613700463999999
69860,0.6643346764
69861,0.23634643679999953
69863,0.6493512183999999
69865,0.01258216700000001
69870,0.25118464599999973
69876,0.10743612940000044
69878,0.45539767720000024
69885,-0.003806719600000097
69890,1.0547452313999996
69900,-0.3163759700000002
69906,0.14061589140000005
69908,-0.24618460979999987
69912,0.7579610566000003
69917,0.3316478616000005
69920,0.7365455280000006
69922,-0.3984067943999996
69923,0.8944118389999998
69926,0.019467670000000225
69934,0.4920008204000002
69938,0.35614018959999977
69940,0.19990430000000003
69942,0.8847617428000001
69955,0.015254261000000113
69956,-0.08346379479999974
69957,0.6385843397999995
69961,0.5395216160000004
69962,0.18869226479999987
69976,0.45383300900000006
69981,0.3727856268000004
69982,1.1812084272
69983,0.04876608740000012
69993,0.3416499449999998
70008,-0.4767784436000001
70012,0.4941401591999998
70020,0.7881428896000002
70024,-0.448683021
70026,-0.6087198020000002
70031,0.4952553059999999
70044,0.10297162039999996
70047,0.11020828040000037
70052,0.5089392693999999
70054,0.5094673606
70059,-0.21146119680000003
70060,-0.23512372380000005
70061,0.26883308040000015
70078,0.19921992960000018
70080,0.33955234839999965
70082,0.8314300851999998
70083,0.9907100081999998
70086,0.10625073759999992
70088,-7.371119999998399e-4
70093,-0.14007520599999984
70097,-1.0091504597999998
70099,-0.008169817999999652
70103,0.10875771740000033
70110,0.40172209819999977
70118,0.47827724539999983
70120,0.5667513887999999
70122,-0.8344002503999999
70127,-0.017697668200000117
70129,-0.07803513419999994
70144,-0.2061980496000002
70155,-0.5693063760000004
70160,0.4258314760000001
70166,-0.034344415999999975
70178,0.5467855287999999
70186,0.4958268074000003
70207,0.9313430786000001
70208,0.6341523012000001
70209,0.4400791872000006
70225,0.1454717900000002
70231,0.11967102800000048
70233,0.2824401602000002
70235,0.08870724379999988
70237,0.07259494079999991
70238,0.21478997679999984
70239,0.3844859781999995
70240,0.08989714959999962
70248,0.05878725579999973
70285,0.14971012960000002
70294,0.050462433399999895
70296,0.22702267220000003
70297,-0.008545003999999957
70300,0.9489490993999998
70310,-0.29136611380000055
70312,0.11618054000000058
70314,0.34644889600000006
70315,0.031249774399999986
70316,0.511901902
70317,0.43227924119999983
70325,-0.2951594964
70335,-0.30759278280000013
70349,-0.10554872319999972
70350,-0.0015024757999999138
70351,-0.06556027199999974
70354,-0.35988028740000005
70355,0.20889860900000007
70356,-0.1169547093999995
70357,0.361586941
70358,-0.9737736995999999
70359,0.13015614599999986
70361,0.2992332813999997
70362,-0.2748094822000001
70363,-0.04484091819999998
70369,0.5461526454
70370,-0.2842805998000002
70373,0.8249747265999998
70375,-0.5410837580000003
70380,-0.5696680279999995
70382,0.5112015399999994
70383,0.01439710959999978
70385,-0.6812550855999999
70387,0.07609377100000003
70392,-0.04980046800000011
70393,0.21908960659999988
70394,0.33865336920000005
70396,-0.12349881200000042
70397,0.29983422420000083
70405,0.4200162606000002
70408,0.7062860867999999
70417,-0.020608517400000092
70422,-0.08268756420000001
70423,0.2301970073999998
70425,0.19563839320000015
70426,0.7576486344
70427,0.010084377999999995
70428,0.13049168080000034
70430,0.06618110420000001
70432,0.04931927560000009
70433,-1.1811783952000001
70435,-0.26730800599999965
70439,0.20843303099999985
70445,-0.40276083300000015
70450,-0.07142073399999979
70451,0.4724972368000001
70454,0.4364496702000002
70456,-0.48856559399999994
70461,0.04059190679999958
70465,-0.13854687220000023
70466,-0.03290243200000011
70470,-0.5519182656000001
70472,0.4833600911999998
70478,-0.027527934600000137
70481,-0.05721470640000019
70484,-0.525069023
70495,-0.03344047240000023
70497,0.003731344000000192
70503,0.1516208205999999
70508,-0.2823486310000002
70510,0.2930974619999997
70527,0.41863458859999964
70530,-0.392855064
70533,0.7080694317999997
70536,0.13716438279999998
70544,0.30527781719999963
70546,0.19001423220000008
70549,-0.4084057495999998
70551,1.191366457
70552,0.18660654059999987
70556,1.0503380822
70560,0.08496034419999994
70561,0.19765234940000037
70567,0.5037663844000004
70568,-1.0200079675999998
70571,0.1683055488000001
70572,0.5466482643999997
70573,0.017085280800000113
70574,0.2748458556000003
70575,0.6458755371999999
70579,0.020745367999999688
70584,-0.5521600540000005
70591,0.7826593544
70598,0.16339330039999994
70601,0.26285378240000024
70603,0.6632456422
70604,-0.04382453200000036
70605,0.4118694487999999
70611,-0.38872366259999946
70612,0.4917045044000002
70615,-0.85844328
70616,0.2748949100000001
70620,0.3215618144000004
70625,-0.014409300799999514
70640,-0.2976014266
70645,-1.2390853504000001
70650,0.5465227534
70652,6.769049999999055e-4
70661,-0.21770531920000025
70673,-0.3850594108000001
70675,-0.5930601334000004
70683,0.2496482801999999
70686,-0.20712194460000005
70699,-0.3742089058000001
70701,-0.010529397800000062
70713,-0.33863059060000006
70717,0.0911396620000005
70726,0.9820486837999999
70727,0.013341684799999597
70729,-0.1258058760000001
70747,-0.3458283679999997
70750,0.43879185099999984
70762,0.203063925
70767,0.17915803420000032
70769,-0.09391368259999985
70771,0.9240488570000001
70779,-0.8162125690000002
70784,0.631050567
70785,-0.2678725539999999
70788,0.5142430927999999
70789,0.05540128519999996
70790,-0.0739161939999999
70791,0.1597018428000002
70796,0.3469928557999998
70797,-0.01861747439999988
70799,-0.32381553180000006
70802,0.26857943019999997
70804,0.5840355101999999
70807,0.14879435920000006
70810,-0.2662803861999999
70823,0.29605265440000006
70827,-1.1853656254
70829,0.3167285835999998
70834,-0.010522907400000036
70835,0.2847242616
70840,-0.26102448860000005
70843,-0.2755938682
70859,0.6597769688
70864,0.25081609039999997
70873,0.04868413899999977
70881,-0.4719857522
70882,0.8851200548000001
70884,0.17575225979999995
70885,0.19002618800000004
70891,-0.03037641700000009
70892,0.046996931199999904
70893,-0.4152876997999999
70894,-0.3593389796000004
70911,-0.7682050268000001
70918,-0.22424668580000046
70925,0.9455411292000001
70928,0.21344370639999982
70930,0.7483408001999998
70941,0.6503701379999997
70945,-0.39711040799999997
70950,-0.6892336856000003
70967,-0.07208202799999999
70974,-0.5735209190000002
70977,-0.19444202519999995
70979,-0.4460646789999999
70984,0.1933208222000001
70993,0.05948456879999986
70997,-0.6402628524
70998,0.3773648180000002
70999,0.4834086253999999
71007,0.29543700400000006
71020,-0.12827862660000006
71037,-0.13267526919999995
71041,0.2587422298
71046,0.21483916220000002
71059,-0.0549889100000005
71063,-0.3228860154000001
71069,0.4645859765999999
71078,1.404572536
71085,0.29637044679999985
71091,-0.7199353219999999
71093,0.19668838419999995
71096,-1.0664160491999999
71099,-0.33454889559999934
71101,-0.5034335556000001
71103,0.44500935099999994
71111,0.027779466800000117
71116,0.48665615919999966
71130,-0.00608076680000007
71131,0.6377457026
71132,0.07400517459999997
71137,0.13085241580000018
71138,-0.10872731680000011
71145,-0.0807150191999999
71146,0.04401653519999993
71147,0.7379927094000001
71148,-0.024080497599999973
71151,1.229895657
71156,0.6484357515999999
71164,0.4190070498
71169,0.19395779319999998
71175,0.22994221820000008
71176,0.02269412439999998
71183,0.29889863519999976
71198,0.26401190179999984
71200,-0.12934921900000002
71206,-0.06235858860000017
71207,0.053866851000000084
71213,-0.14017995580000003
71223,0.37436078260000005
71228,0.4623281249999998
71233,0.20274464980000007
71240,-0.017434990000000282
71241,0.16780874299999998
71254,0.6450657021999997
71263,-0.36573866940000005
71275,0.6939483911999998
71276,-0.3526087976000003
71279,-0.4756373766000001
71281,0.012264813200000103
71287,0.3328463263999996
71300,0.8176181646
71302,-0.1946360848000001
71306,-0.1565131169999999
71310,0.073659942
71313,-0.7235624606000002
71323,-0.2508188267999999
71325,-0.8411850031999999
71326,-0.2684102920000001
71330,0.23811289939999974
71336,0.5678580632000003
71340,0.35039561080000003
71345,0.15687667919999998
71354,0.282907378
71355,-0.8493350580000002
71361,0.1396432868
71365,-0.06069270180000004
71367,-0.3640137512000002
71371,0.09982726040000038
71373,0.03866855919999983
71375,-0.06578086399999919
71382,0.6713537812
71389,-0.3776200620000001
71393,-0.05035803439999995
71405,-0.36191495000000035
71409,-0.06184584399999995
71421,0.32033616399999987
71435,0.27635355859999977
71436,-0.23107300560000005
71448,-0.09126588400000024
71449,0.12642766199999977
71452,0.32942166439999987
71458,0.25766095240000003
71461,-0.13490582000000018
71472,-0.1739723031999997
71474,0.4380469927999998
71481,0.3233495473999999
71492,-0.610333357
71514,-0.3092819186000003
71519,-0.5293181079999997
71520,0.5210547680000002
71521,-0.10526924039999982
71522,0.24971228379999982
71529,0.1552188905999997
71532,0.23406544599999995
71538,-0.9457346260000005
71544,-0.35526782179999994
71562,0.1505715133999999
71564,0.19909149939999987
71566,-0.9008673608000003
71567,0.2446637041999999
71583,0.9101636307999998
71584,-0.06346534799999973
71586,-0.2227939661999999
71591,0.6994664363999996
71592,0.6926200539999999
71597,-0.20526255780000008
71599,0.9572635909999996
71602,0.10624130539999985
71607,-0.043627986000000264
71609,0.4328603219999998
71619,-0.5241558336
71648,-1.125095336
71660,-0.16752883800000012
71665,0.3850674119999997
71667,0.05420877559999937
71670,-0.06620117120000017
71673,0.29975752819999996
71682,-0.7365412064000002
71683,-0.1067841940000001
71684,0.2650934079999999
71685,-0.3747773942000002
71687,0.46990025700000004
71690,0.3070682271999998
71693,0.21609172399999999
71699,0.3886887078000001
71701,-0.09589085480000001
71702,-0.12768100820000025
71703,0.28348338940000006
71704,0.3164671939999998
71706,0.38159216960000036
71707,0.8192631091999993
71709,0.1042561968000002
71710,0.06096395940000008
71711,0.4005696440000003
71712,-0.5036436602000003
71713,-0.03565006440000022
71715,0.3491991751999999
71718,0.1207378074000001
71720,-0.34544062040000034
71721,-0.44503135200000016
71722,-0.15263075400000012
71723,0.22588525400000012
71726,0.5271454802000001
71728,-0.15928585580000032
71729,0.014683963399999911
71732,0.05721596399999988
71733,-0.3946973557999998
71735,0.1524373732000001
71738,0.3690974732000002
71742,0.046102402199999656
71743,0.37751891800000015
71745,-0.3213401095999998
71746,0.3959773727999999
71750,-0.16806885800000018
71751,-0.003570706600000051
71752,0.09410223980000013
71753,-0.04469510319999985
71755,-0.3399225578000003
71756,0.3961692762000002
71760,-0.9093466726000001
71761,-0.07294784339999989
71764,-0.22874772359999973
71765,0.13274664800000052
71766,0.2631300659999997
71767,0.08299346199999995
71768,-0.17472611379999997
71769,0.15903955060000002
71770,0.8388410749999998
71772,0.7054269446000003
71773,0.6669944248
71774,-0.08995328599999972
71777,-0.16468022660000017
71778,-0.0714257609999999
71780,-0.05006443999999952
71781,-0.5371276942000003
71782,0.6641517208
71785,-0.6491528528000001
71787,0.4257146203999994
71790,0.3579654785999996
71791,-0.1965437652000001
71793,-0.12709858860000017
71795,0.22520009340000016
71797,0.11535874840000009
71799,0.5459863982
71801,-0.744676883
71803,-0.6864385454000003
71804,-0.47192599600000024
71805,-0.08230626180000016
71807,0.030255920000000457
71810,0.45123142199999966
71816,-0.02175142420000036
71817,0.0469048879999999
71819,0.3444290224000001
71827,-0.7117006996
71828,-0.16353659080000008
71829,0.10649297219999995
71830,0.2997657219999999
71833,-0.01134529200000003
71834,0.08318775420000027
71835,-0.12488901400000003
71836,-0.5490388605999998
71837,0.42459798280000005
71838,0.4917885294000005
71839,-0.06244484100000029
71840,0.1955410304000008
71843,0.46327346099999983
71846,0.7534809376
71853,0.11195538800000052
71854,0.16268008719999988
71861,-0.19122900860000006
71862,0.5844088358
71864,-0.451290541
71865,-0.7465382183999999
71869,0.5472447733999999
71877,0.2078760256
71878,-0.2634194254000001
71881,0.4649060787999998
71883,0.22249405939999994
71884,0.057500067199999894
71887,0.36060449599999983
71888,-0.27355223219999986
71889,-0.18148650799999935
71890,0.41233933219999985
71891,0.35257762919999996
71893,-0.4025952712000002
71897,0.5577011812000002
71900,-0.16215517119999986
71901,-0.0044135653999999745
71902,0.020187003400000236
71904,0.3473995030000001
71907,-0.36442825879999985
71908,0.27344750039999965
71909,0.009285013199999881
71911,0.4962770296000002
71912,-0.037562603400000324
71913,0.17697306700000012
71914,-0.05435765739999994
71916,0.8366439288
71918,0.13561809300000044
71919,0.06069463540000051
71924,0.21639423439999989
71927,0.07878344139999989
71929,-0.23913710800000026
71932,-0.13648468400000055
71934,-0.7505104467999999
71939,1.1974420857999997
71941,0.03798461080000006
71943,-0.3013838958000001
71946,-0.7026269093999999
71949,0.1468902440000001
71950,-0.04982079000000006
71951,-0.5525335530000002
71954,-0.2714351299999997
71955,0.048193414800000056
71956,0.816329591
71960,1.3271473994
71963,0.7390639442
71966,0.1499203750000003
71967,0.15178313639999982
71968,0.5422930512000008
71971,0.7058183146
71972,0.24274462939999983
71973,-0.2136294579999994
71974,0.5862381580000001
71978,-0.01197511079999991
71981,0.16583987600000008
71982,-0.27404281359999966
71983,0.0802252069999998
71984,-0.05280510680000017
71985,-0.008753614000000099
71986,0.06427391880000019
71988,-0.8890583556000002
71989,0.1622235609999997
71990,0.11025106800000017
71991,0.7336666589999998
71994,0.40979816179999984
71997,0.4136551082000004
71998,0.49028710439999995
71999,0.11268025999999978
72002,-0.25130824700000004
72003,-0.10615196300000021
72007,-0.4144399936
72008,0.3179975788
72017,-0.45648092919999994
72020,-0.22354387980000007
72022,0.03847665580000026
72023,0.3610572074
72026,0.36181549620000003
72027,0.10580920400000018
72029,-0.19159120020000026
72033,-0.3048931129999999
72039,0.01965396700000053
72040,-0.1768355538
72041,0.5222451932000002
72042,0.33327623000000023
72043,-0.26379033160000026
72046,0.5022537496
72049,0.45465776400000024
72053,0.03589888299999995
72054,0.06745124199999993
72055,0.40367150380000005
72056,0.8022316082
72058,0.5951579256000002
72065,-0.1074571854000002
72068,0.25673764159999984
72074,0.3149825095999999
72075,0.11179821800000056
72077,-0.49321732760000014
72080,-0.33186858920000006
72082,-0.36230748199999996
72083,0.6910090674000001
72084,0.49979685539999996
72085,0.500593634
72088,0.08907148400000012
72090,0.7481580092
72094,-0.33567276580000005
72098,0.3336990886000001
72102,0.3997042701999999
72103,-0.27698192620000006
72107,0.9378343678
72108,0.6408593415999999
72112,-0.16992393419999993
72113,0.4056773189999999
72114,0.0323581867999998
72117,-0.07273772139999987
72119,0.5819401664000001
72121,0.3402588926
72123,-0.8077929742000002
72124,-0.5058557701999999
72125,0.8537071633999997
72129,0.5829602274000001
72133,0.14489732280000034
72136,0.7789069985999999
72137,0.15903876399999978
72140,-0.18327095160000012
72141,0.7317376137999998
72144,0.2751903186
72145,-0.2021168264
72147,-0.08799331599999967
72148,0.12273760300000021
72149,0.18768356699999983
72151,0.2613751514000004
72155,-0.6004038278000001
72160,0.40513944460000006
72162,0.4149308512000003
72167,-0.23417619720000005
72168,0.19241296919999984
72170,0.25450039079999964
72171,0.4231747619999998
72175,0.03562642199999981
72179,-0.05343559080000002
72180,0.37745424399999977
72181,0.19786373340000019
72183,0.21952692680000005
72184,-0.1785095444000005
72185,-0.7241902719999999
72190,-0.20529836499999998
72193,0.002554259800000125
72194,-0.09928478940000005
72195,-0.10709965100000014
72199,-0.2221493146000002
72201,-0.13789000480000002
72205,0.2495868696000006
72230,0.5362518875999998
72236,-0.5989689722
72238,0.020327506800000172
72244,-0.004933244799999947
72254,0.35690972979999974
72258,-1.3563616248
72265,0.2507529890000001
72267,-0.03363888560000046
72269,-0.7286481692
72275,0.23300383999999993
72278,-0.2625100053999997
72281,0.3771274405999999
72290,0.4774512190000001
72293,-0.027325797199999613
72297,-0.5069492832000005
72306,0.24434994759999995
72307,0.3811864371999999
72308,-0.29173902380000066
72309,-0.21295867999999948
72310,0.20181888200000025
72313,-0.5286052940000004
72318,0.20369891800000026
72322,0.21360410899999974
72323,0.0629540293999998
72324,0.2491062463999998
72325,0.06896815300000014
72330,0.5203394595999999
72338,0.22208091599999946
72341,0.45214537980000014
72344,0.1896241940000003
72345,-0.029255783800000046
72349,-0.14130249999999975
72351,0.13787339319999975
72354,0.2582461525999996
72355,0.3263358017999998
72357,0.42114057359999996
72371,0.02835501099999993
72373,0.3570625652000004
72383,0.10569547039999971
72388,-0.4558765746000001
72391,0.050222828000000067
72392,0.6681126352
72393,0.217336759
72399,-0.20045967219999952
72400,-0.3815628482000001
72401,-0.5167046806000007
72404,-0.2066768048000002
72413,-0.13864007540000012
72416,-0.3055312879999999
72425,0.13711605980000013
72429,0.855115817
72431,0.33004253059999983
72432,0.770431584
72433,0.4769073532000002
72434,-0.5317744520000003
72446,-0.3896865500000004
72454,0.7538365588000001
72459,0.29428351679999987
72461,0.31336957779999997
72462,-0.156362775
72465,0.01898761600000043
72469,0.9854458851999998
72472,-0.6705348514
72475,-0.6631774821999997
72477,0.5943568544
72479,-0.28267648079999985
72480,0.6998450882
72482,0.5878036781999999
72500,-0.3353302255999999
72502,0.7868165296000003
72504,-0.10768865999999991
72507,-0.7663397962000003
72508,-0.15011831600000036
72514,0.04830616600000006
72515,0.5699795467999994
72522,-0.10503048079999999
72535,0.11394889399999988
72536,-0.2661897509999996
72542,0.22945048620000003
72543,-0.09048706999999964
72549,0.5402509713999999
72552,0.25024225960000007
72554,0.6691061161999998
72555,-0.27557044400000025
72556,0.012247486000000052
72560,-0.04012582740000008
72562,0.16072147180000015
72565,0.2851997336
72567,-0.02558243599999983
72568,0.29001661799999995
72569,-0.7974411278
72572,-0.16760828059999994
72584,-0.06712245700000033
72585,-0.18428666579999992
72587,-0.18809623999999978
72590,0.29426294339999987
72599,-0.8445527267999999
72605,-0.23392707539999993
72607,-0.08515572679999969
72611,0.1480036174000002
72614,0.20017832239999978
72615,0.2066362867999998
72621,0.06805502179999987
72630,0.15727455999999976
72634,-0.33296082240000013
72640,-0.2505769648000002
72649,-0.09215953280000004
72654,0.2120374860000002
72656,0.3413375642
72661,0.5493480436
72662,0.7450572929999998
72667,-0.2520706620000002
72668,-0.7962243594000002
72672,1.10945281
72674,-0.4980856259999996
72685,0.49698450199999983
72692,-0.34547682620000036
72693,-0.1798722940000001
72699,0.4693269120000004
72701,0.27295228999999993
72713,-0.047799746400000134
72720,0.36676377939999993
72722,-0.09136547540000031
72723,0.7259193845999998
72726,0.38467351040000003
72727,0.7027506600000004
72729,0.2667233259999996
72736,-0.5124330864000006
72739,0.12294461900000009
72745,-0.24159443079999984
72747,0.93118674339999985
72748,-1.2130804552
72749,0.16536090639999976
72750,0.007390551400000334
72754,-0.1612113734000003
72759,0.0905530449999997
72772,0.26797856020000027
72774,0.631778497
72775,0.4048462776000001
72778,-0.2634157598000001
72780,0.45073553859999976
72787,0.3836447934000001
72789,-1.0813170808000003
72792,-0.6130727842
72795,-0.003110749999999385
72805,-0.4782698718000001
72821,0.7523102555999998
72823,-0.10289769839999989
72825,0.1267708540000001
72826,0.09704405859999987
72828,-0.09347638600000038
72831,0.006423806000000453
72832,-0.1219815134000001
72843,0.25434989099999966
72844,0.29569821079999964
72852,0.6083933489999999
72881,0.3591160173999999
72895,0.27688013400000033
72898,0.28447025780000007
72899,0.02947780360000003
72900,0.5958919840000003
72902,-0.585797895
72927,0.5807311536000002
72930,0.6432208165999999
72931,0.09304528400000009
72946,0.22913813979999986
72947,0.17896553160000012
72948,-0.9499513350000004
72949,-0.16202015879999995
72960,0.7810470071999998
72961,1.3654737326
72962,0.8440525742000002
72972,0.20776877220000056
72973,-0.5897900450000001
72978,0.21822078260000008
72982,-0.03017602340000005
72993,0.1609972085999999
72999,0.24817056879999963
73010,-0.015130014599999964
73016,0.46805891299999997
73024,0.20855122040000004
73032,0.0367169775999999
73046,-0.47240820399999955
73047,0.4599034689999998
73062,0.34046856680000026
73067,0.8718256400000005
73068,0.062018233999999596
73075,-0.6747821472000001
73078,0.4101152706000004
73086,0.5365564250000002
73090,-0.3095217721999998
73094,-0.4186938606000001
73095,-0.43878854119999994
73102,-0.9969082968000003
73103,0.8570707400000002
73106,-0.2938808031999999
73112,0.6183735079999998
73122,-0.13945104600000002
73124,-0.21189045680000013
73130,-0.47413493600000045
73132,0.7867226653999999
73137,0.3761323781999996
73139,-0.43987542780000055
73158,-0.33256412399999996
73162,-0.18832141880000003
73166,0.04694548599999955
73172,0.6398587609999999
73173,-0.7581799699999999
73174,-0.026642547200000522
73178,-0.10062046399999999
73181,0.06455315719999995
73182,0.12775546839999966
73191,-0.16935693579999986
73192,0.46784312400000017
73225,-0.08462305539999945
73230,-0.6992321426
73242,0.5065720109999998
73246,0.3865307711999999
73247,0.2944396012000004
73251,-0.07633642079999951
73254,0.16856990580000009
73259,-0.7170800521999998
73261,1.0717459632000006
73274,-0.49324750600000017
73284,-0.0963192578000001
73293,0.24556094359999997
73296,0.29610262160000006
73301,0.036964286999999894
73314,0.3570041928
73316,0.44743514039999993
73324,-0.20625959980000036
73327,0.7703877275999998
73332,0.7628954335999999
73338,0.6398730871999999
73340,0.19643457079999987
73341,0.071729489999999535
73344,-0.041348124800000094
73353,0.18346546560000004
73360,0.06069031199999993
73368,-0.13573715699999997
73373,0.6771162001999999
73379,-0.07793356840000021
73388,1.3502747004000002
73389,0.09999487679999994
73398,-0.08502892899999992
73412,-0.36334348520000026
73420,0.2074265709999999
73435,-0.5707106234000001
73447,-0.3038238581999998
73453,0.19249342919999995
73456,-0.37748150719999984
73466,0.3895736587999997
73467,0.3007099681999999
73469,-0.26844186279999993
73472,0.1966172091999998
73473,0.5940062930000002
73490,-0.3870718784000001
73503,-0.8075341598
73569,0.4789359282
73582,0.727231229
73598,0.27160940080000007
73647,-0.037273084599999964
73649,0.7097176387999998
73658,0.1277380579999999
73660,-0.4115318588000002
73666,0.03337092360000007
73668,1.05713868
73671,-0.009639819599999998
73674,0.2702485693999998
73677,0.04736475279999981
73680,0.7736419524
73681,0.4259422387999997
73683,0.24430338119999923
73689,0.19652978980000063
73690,0.002261039999999781
73693,-0.9801545352000002
73694,0.17894592399999992
73699,-1.1510384066000001
73703,-0.35646933120000013
73710,0.044468135600000736
73711,0.6287981552000002
73713,0.5447580118000002
73720,0.08850944899999993
73723,-0.05270018400000005
73724,0.34450041620000016
73728,0.02270031699999997
73738,0.6626519886000001
73739,1.3046246531999999
73744,0.1096957500000002
73748,-0.9811650413999998
73750,0.1438985294000002
73754,0.4631935073999999
73804,-0.7370602990000001
73808,0.4858850661999998
73809,0.5364221433999999
73813,-1.0302850922000002
73822,0.1455219264
73825,-0.10124137700000002
73826,-0.0093090440000001
73828,0.7606709977999998
73830,-0.14899530999999938
73833,0.17416275119999974
73834,0.08339193199999925
73835,0.08006858799999987
73836,0.5573760346000001
73844,-0.11414631579999997
73845,-0.5842545511999999
73847,0.18093907800000011
73852,-0.11032551159999997
73873,-0.10089618040000001
73884,-0.46813875979999986
73893,0.7719081020000005
73902,-0.41185859460000007
73910,-0.3020394474
73914,0.4199274004000001
73916,-0.44308907740000053
73919,0.11831104420000002
73936,0.2883921898
73940,-0.3765998316000002
73942,0.5944747947999998
73945,-0.25874534119999987
73991,0.13311992539999978
73998,0.31121616419999965
74002,0.2049968294000001
74004,-0.5727824586
74006,-0.22764655480000046
74008,0.17586153479999994
74011,-0.1497088854000003
74012,-0.018662694400000034
74013,0.07231825899999969
74015,0.19589330199999963
74018,-0.2625819137999999
74019,0.18265858799999996
74020,0.5979230770000002
74022,0.18445933699999983
74023,0.3770829402000001
74025,-0.7626572624
74026,0.054623959999999985
74030,0.5159474455999999
74032,0.11771993600000012
74035,-0.1692209503999999
74039,-0.06795644799999997
74043,0.04069373979999984
74044,0.33374386180000004
74051,-0.6034658522000002
74052,0.29615737979999973
74053,0.0870260267999999
74055,-0.5994741764000001
74068,-0.5285046122000001
74075,0.2824112473999999
74080,-0.36360568079999994
74081,-0.2958392053999999
74087,0.3816058444000002
74090,-0.12802312460000015
74091,0.12469863420000013
74094,0.20223028099999993
74096,0.06756084000000015
74097,0.6208797934000003
74100,-0.9520693222000001
74102,-0.24605038839999996
74104,0.20300942660000007
74105,0.11840407599999984
74106,-0.8486718359999997
74107,0.8102115409999999
74108,0.9233095761999998
74111,-0.03480269940000014
74112,-0.0908507358000005
74114,0.5164842414
74116,-0.08458115799999959
74117,0.11533308599999934
74120,0.09027161540000002
74121,0.5858135295999998
74123,0.15088252000000005
74126,0.2676211940000009
74127,-0.18169616839999972
74129,0.04977298700000006
74131,0.13800776200000014
74132,0.09388115200000051
74133,0.7603144603999998
74134,0.11501759940000031
74136,-1.0551620268
74137,-0.4253265319999997
74140,0.30833447400000014
74142,0.05643325400000023
74143,0.007190721999999994
74144,-0.572753704
74145,-0.26652598599999955
74147,1.1614354684
74148,-0.05153313999999902
74150,-0.5046915507999999
74153,0.053354678000000176
74154,0.13991674580000008
74155,0.23696064759999985
74156,0.5499227105999999
74157,0.004833330000000302
74159,-0.5704276196000002
74164,0.18071636119999984
74167,0.018381691999999818
74174,-0.17531121040000003
74175,-0.11956624080000004
74176,-1.268281074
74178,-0.10978784400000023
74182,-0.27162317599999997
74185,0.22587076619999974
74186,-0.47668644959999995
74187,0.3395090208000003
74189,0.5988646508000001
74190,-0.23418495840000036
74191,-0.2256043290000001
74192,0.5028631108000002
74194,-0.0734346982
74196,0.546604884
74197,0.606690019
74198,0.16182354479999966
74201,0.18134257139999993
74202,0.3991265368
74203,0.30191947540000025
74204,-0.11003264020000003
74205,-0.12641560520000006
74206,-0.05038674980000017
74211,0.1368371471999998
74213,-0.15778917179999966
74218,0.7297923982000001
74229,-0.3193720572000003
74237,0.7931884064
74239,0.36487373080000013
74241,0.07841241359999937
74243,-0.06272311379999991
74244,-0.21646159559999986
74245,-0.21331259120000007
74246,0.19194136180000018
74249,0.32363877700000004
74251,-0.8698382459999998
74252,0.16544661140000017
74253,-0.1261285486000002
74254,0.49824440919999996
74255,0.2693661519999999
74256,0.08596100620000016
74257,0.15555669200000005
74267,-0.09976176540000026
74268,0.056366154999999904
74270,0.28615999459999986
74276,-0.35387828520000075
74277,-0.08705371560000011
74281,-0.23619493940000016
74286,-0.3099612913999998
74287,-0.16745038799999995
74288,-0.911147363
74302,-0.7488238599999999
74306,-0.4714255066
74309,-0.02112193540000007
74315,-0.02235003239999962
74316,-0.1572167689999997
74318,0.44262753600000054
74320,-0.02813007280000015
74322,0.04346795380000028
74325,0.46796155520000016
74326,-0.1838038356000002
74330,-0.18278861079999942
74334,-1.0050854339999997
74335,0.08088978739999986
74337,-0.483772596
74338,-0.10343027159999982
74340,-0.40821945960000006
74342,-0.07660995980000021
74343,-0.12560701340000052
74351,-0.2925846087999999
74352,0.19921877620000022
74354,0.053974797399999906
74355,-0.045562662000000385
74359,0.47058303419999997
74360,0.20953084939999994
74362,0.3059905668000001
74365,-0.11808961740000008
74369,-1.2500426290000002
74370,0.12473847419999942
74374,0.29416978839999997
74375,0.32484356459999975
74376,0.012229514199999158
74377,-0.7333768224
74383,-0.1728389048000004
74385,0.22529004019999999
74386,0.45808177559999985
74388,-0.33194293019999976
74392,0.2471632754
74393,0.165409453
74405,0.3177210716
74410,-0.12962469840000032
74412,0.24018769919999983
74413,-0.5078276674000001
74414,0.3518621496000002
74419,-0.04865242220000017
74424,-0.19275868700000015
74427,-0.5915773312000001
74434,0.8216699151999999
74435,-0.33197366219999996
74438,0.24272062440000006
74440,-0.22964705000000052
74442,0.0018821160000001668
74443,-0.1423601648
74446,-0.3033665569999998
74448,-0.23386387319999988
74450,0.4415920833999996
74451,-0.0852987639999995
74455,0.33490791
74463,0.24667379300000009
74464,-0.03891621260000022
74467,0.31035437360000007
74468,-0.7790251996
74469,-0.3480918429999999
74470,-0.6136781015999999
74477,-0.19492013899999955
74479,0.3268134384
74480,0.27338713519999996
74485,-0.6544873099999998
74486,-0.4112828156
74488,0.18321737779999997
74490,0.14830052379999986
74492,-0.20340525979999996
74493,0.09179393800000071
74498,1.3997820358
74499,-0.8899068399999999
74504,0.4621545659999999
74511,0.2382095293999999
74513,0.057291643000000204
74521,0.06120765939999986
74522,-0.015284133000000111
74528,1.1924988224
74549,0.26507973399999984
74551,-0.14687945260000018
74552,-0.14811841600000014
74559,-0.08527005240000012
74563,-0.34715752880000006
74568,0.14315428199999988
74569,-0.14741097940000075
74570,0.5681301222
74571,-0.3430193721999997
74577,0.31648765619999997
74580,-0.5393564746
74585,0.07363789999999995
74589,-0.3832112576000002
74591,-0.2156125638
74596,-0.09846097760000001
74600,0.38084580660000034
74610,0.2973298298000001
74614,0.205120376
74616,-0.9893596472000002
74626,0.2963999656000002
74637,-0.06770534940000009
74646,0.6529880281999999
74648,0.24985915280000004
74649,-0.1405852374
74653,0.4203484484000001
74675,0.38678567840000005
74682,0.31577844900000007
74691,0.2097890640000002
74694,0.0593232915999999
74711,-0.2922840809999999
74716,-0.0020259851999999247
74717,-0.2358532168
74718,0.38877975399999976
74732,-0.46262385799999955
74734,-0.04698983099999907
74735,1.2413232316
74737,0.47412541220000026
74741,0.49571419479999995
74747,-0.7140635540000002
74748,0.08747248860000009
74754,-0.23547361199999983
74760,-0.7971925621999997
74761,0.26656081459999986
74762,-0.28510369619999987
74763,0.1893620519999999
74764,-0.047801061999999915
74766,0.6307586127999997
74769,-0.07188067179999998
74770,-0.634728253
74772,0.21249217400000014
74775,0.20896551000000016
74776,0.3040182164000001
74778,-0.18580920200000045
74781,0.1160110745999999
74782,-0.4878222137999998
74840,0.5453425648
74841,-0.033509207799999705
74843,-0.43160040499999985
74868,-0.3784361716000001
74890,-0.13629024240000015
74895,0.2455220318000002
74901,-0.030022090599999985
74914,0.3874761244000001
74915,-0.06635719319999964
74919,-0.010227281000000055
74978,-0.6188602230000002
74996,0.5239310454000001
74998,0.5397040284000001
75002,-0.13709558640000016
75019,-1.0345591092000004
75029,0.5128585254000001
75050,-0.410496527
75062,0.34056452099999956
75079,0.9983637369999999
75083,0.11194762400000044
75097,-0.7196296914
75099,0.5365223079999998
75104,0.01273138979999997
75122,-0.4652026836
75124,-0.10095796260000008
75137,0.5245317285999997
75141,-0.12011068480000002
75172,-0.18891278240000017
75173,0.22191670259999982
75178,0.3685911761999997
75196,0.2894160284000001
75209,-0.6742648398000001
75210,-0.05206545860000009
75212,0.16601385959999995
75216,-0.3608592579999998
75219,-0.22322515219999986
75221,0.20277321359999972
75234,-0.14907756000000028
75266,0.14333258959999995
75273,0.21331714159999962
75276,-0.1372518180000001
75284,0.8347375966000005
75288,0.4793554519999998
75291,0.38970756879999957
75292,0.11969467600000101
75302,-0.34766434959999976
75305,0.9204815926
75311,-0.3036376532
75316,0.18336347839999992
75317,0.7359696722
75320,0.1032683170000002
75329,-0.1566066629999999
75338,-0.8063134632000002
75339,0.06734658539999963
75345,1.3492581754000001
75368,-0.015368443799999909
75387,0.4282023471999999
75388,0.02872600580000011
75396,0.06498266920000013
75398,-0.3470480632000001
75400,0.08542303059999981
75404,0.03403057559999985
75406,0.3014930040000003
75409,-0.32207769279999976
75415,0.40427598440000007
75416,0.6218956695999998
75420,-0.1915223533999999
75422,0.4088238255999997
75423,-0.3551715988
75425,0.006313039000000487
75426,-1.1888358206
75430,-0.16989661120000007
75452,-0.5965330826000006
75454,0.6227027046000003
75456,-0.13901893459999987
75458,0.28208920640000024
75459,-1.1934241058
75465,-0.38440538479999997
75469,0.4450431846000001
75470,-0.26851083919999985
75475,-0.08904222420000014
75477,-0.12337435060000006
75480,0.08860336599999989
75482,0.4237565597999996
75495,0.4860950615999998
75497,1.3378420974
75502,-0.058747356800000095
75507,-0.2557628947999998
75510,0.1983865351999997
75512,0.07710227739999995
75516,0.01251179380000007
75526,0.4212137396
75528,-0.38477690900000006
75530,-0.6560385346000004
75533,-0.18726857139999992
75540,1.0806861805999994
75547,-0.16384697600000067
75552,-0.9213637300000006
75553,-0.010679139600000198
75560,0.009968983799999975
75563,0.30996811479999986
75564,-0.32099116639999997
75568,-0.5030446450000001
75570,0.18020083519999996
75571,0.16866281999999977
75572,0.4250668589999999
75578,-0.11474242499999984
75580,0.46277596239999996
75581,0.4403211250000001
75590,-0.16934939
75593,0.4523118843999999
75597,0.44511020780000016
75599,0.6007238804
75600,-0.09763735420000019
75604,1.9134543927999998
75605,-0.13474644000000033
75607,0.7758771094
75608,-0.31602084800000013
75612,0.33176605079999993
75613,0.112510801
75616,0.32608825639999994
75617,0.07005027879999978
75619,0.27683853920000007
75620,0.052936467999999695
75622,0.22015531879999992
75623,0.5998148099999998
75624,0.20695592939999993
75625,0.4249798657999998
75627,0.2762823461999998
75642,-0.27581499280000055
75645,-0.03651069500000013
75646,0.3785134378
75647,-0.10032355060000012
75656,0.43269674459999985
75659,-0.03352370960000002
75660,0.25831194139999986
75667,-0.0575176548
75668,0.4443546972
75669,0.13684054460000006
75671,-0.08314290819999996
75677,-0.2072440490000001
75678,0.6549728482000001
75686,0.4342352886000004
75689,-0.2429737897999999
75690,0.710856486
75691,0.23895684179999996
75692,0.057160595999999765
75695,-0.06436423920000003
75697,0.12975465620000018
75705,0.17268262000000015
75706,0.4946975661999999
75710,-0.05251188100000022
75712,0.2824933684000001
75717,0.060639349800000096
75718,-0.9983034308000002
75723,0.4373053661999998
75725,0.24359502879999936
75729,0.1535938323999999
75731,0.3194263463999999
75734,-0.6994789219999997
75735,-0.18004961019999993
75736,0.8211845875999997
75739,0.4842836907999996
75744,0.14607851239999975
75746,0.05311533940000004
75750,0.12562122540000012
75751,0.10367992049999994
75753,-0.3298494302000002
75758,0.3749288115999999
75763,0.0880383285999999
75766,0.5045726253999999
75767,0.9337156550000001
75770,0.14975162719999968
75772,-0.4098186436
75773,0.5004912647999997
75777,1.4799502024
75778,0.42541044839999975
75782,-0.2860315940000001
75785,0.18823634880000029
75786,-0.041064251200000255
75788,0.44721959320000015
75796,0.38046461060000014
75801,0.0452508702000002
75805,0.43323143640000017
75812,-0.25837270859999995
75820,-0.03535726380000002
75823,-0.24029146720000005
75826,-0.19387550679999954
75828,0.33433970439999994
75841,0.45709755580000044
75860,0.8949353001999999
75863,-0.18659336479999986
75869,-0.001067811999999968
75871,0.4121816837999999
75894,0.1102143002
75901,0.41410863780000007
75909,-0.18392492999999988
75914,0.02731472979999978
75939,0.8271802202
75953,0.5027412412
75956,-0.5270090704000001
75964,0.7770362268
75965,0.17084290679999992
75974,0.09262938200000051
75985,0.8628752573999998
75986,0.004188960199999947
75991,-0.13024642680000015
76007,0.06158693819999996
76014,-0.03419196800000002
76022,-0.1734737766000002
76025,0.46179272199999977
76041,0.23897610860000054
76051,-0.06651828079999973
76071,0.21496101059999936
76072,-0.7739470279999999
76073,-0.13835771999999977
76080,0.17272692299999975
76088,0.18046294759999987
76089,-0.28899479580000004
76108,-0.2403854857999999
76117,0.40685951319999986
76123,-0.4538746006000002
76130,-0.07526778380000003
76131,-0.35766089200000006
76132,0.20684942260000003
76137,0.32862367920000024
76138,-0.5884094059999999
76156,0.3020085067999999
76157,-0.2957580986000001
76161,-0.3100777170000001
76167,0.2625801166000004
76178,-0.46381097239999997
76179,-0.16192886160000003
76183,-0.6160035610000002
76184,0.22662587299999987
76187,0.7793151791999999
76192,0.5367895995999998
76205,0.3941650094
76217,-0.06023143080000022
76223,0.5734917088000003
76233,-0.32562461200000004
76238,0.6526188482000002
76246,-0.4382202458
76251,-0.4699662431999997
76252,0.3277660188000001
76260,0.7416672645999997
76263,0.49218506920000016
76265,0.21878082580000005
76267,0.872184332
76273,-0.06745224900000002
76281,0.11902949800000044
76282,0.5766188696000001
76293,-1.2885423662000002
76294,0.050547415199999966
76295,0.024725267999999544
76299,0.038257739800000044
76302,-0.14225739399999995
76303,-0.040761787000000105
76306,0.05889587619999999
76308,0.43134796200000025
76332,0.015250351999999624
76338,-0.20900408799999964
76355,0.6595957338000001
76357,1.1244983316
76365,0.17054967439999985
76366,0.6405691326000001
76375,0.5661722442000002
76376,0.1927417521999998
76378,0.11425251020000005
76380,-0.5796654579999999
76405,-0.19816565959999988
76407,-0.13050718960000046
76408,-0.2055132886000001
76411,0.25864292899999997
76421,0.4794539431999996
76425,-0.032617941999999546
76426,0.5801796223999999
76429,-0.0412519587999995
76438,0.288645258
76441,-0.48464956919999996
76444,-0.2183171358000001
76448,-0.06483127419999998
76453,-0.3956768835999999
76454,0.07038218
76457,-0.0674184413999999
76459,0.07437149079999994
76467,0.15548274080000013
76469,-0.5534958388000002
76477,0.12534352200000018
76478,-0.029896994000000277
76479,0.5060510774000001
76483,0.12754648679999966
76484,0.9215833010000002
76485,0.3684589780000005
76487,1.0154437061999997
76491,-0.08931336420000005
76497,0.07482930000000003
76498,0.03975355819999997
76499,-0.43970464840000023
76500,0.38158492079999995
76507,0.9910922723999999
76510,-0.35132029799999953
76524,0.11850631719999996
76527,-0.1296576375999999
76547,0.5393986536000005
76551,-0.4241978964000001
76560,-0.02396050340000002
76561,0.24542509500000004
76563,0.2325379171999998
76568,0.20821133420000065
76571,-0.4446310300000002
76572,0.0388686732
76573,0.05840726200000024
76574,0.12621827739999986
76577,0.6169216844000001
76580,4.3617080000011297e-4
76582,-0.06532336199999982
76594,1.1155143233999998
76608,0.22790157539999994
76612,0.3487022295999999
76614,0.2589124442000001
76615,0.7941310554000001
76626,0.27113259539999957
76630,0.42059022879999974
76640,-0.3311945655999997
76645,0.16374646199999993
76646,0.18598105839999998
76650,-0.06649657199999943
76652,0.46954671219999994
76654,0.33300031080000003
76668,0.6672374729999998
76686,0.2827718081999998
76687,0.32846001979999995
76688,0.49296483959999976
76701,0.8340134696000001
76707,0.2545911415999999
76709,-0.015095056000000185
76719,0.8799539778000002
76722,0.8275965457999999
76737,0.2165903138000001
76740,0.050382620999999975
76742,-0.1393145874000002
76747,0.5847728759999999
76757,-0.8615241868000002
76763,-0.15585328900000023
76768,-0.07955227539999994
76775,0.7317693818000001
76779,-0.25498856540000003
76781,0.4831106895999998
76784,-0.4212693680000001
76786,0.6046108044
76787,-0.6270894720000004
76788,0.2426438311999995
76789,-0.6572773480000003
76793,0.4032806693999998
76795,0.20313762000000074
76799,0.07207568600000017
76800,0.14554103440000005
76804,-0.16726855579999977
76808,0.008875834199999932
76809,0.4372229180000001
76813,0.19571756399999973
76816,0.11848839559999966
76824,0.24964642260000006
76826,0.4915860443999998
76829,0.06555179520000003
76832,0.18685754040000013
76843,-0.2508231032000001
76846,0.13791444000000014
76850,-0.13455108840000013
76854,0.5508472850000002
76856,0.3761060813999999
76857,-0.026934494000000343
76858,-0.08552855579999993
76863,0.33247931580000023
76866,0.6243950365999997
76872,-0.7317749904000002
76877,0.5278805497999999
76884,-0.0883801860000002
76886,-0.9351064808000001
76890,-0.44611419600000024
76892,0.5013360552000001
76893,0.43572505139999934
76894,-0.40352442359999985
76895,-0.41879635999999965
76897,-0.7093446119999998
76898,0.1750405132
76899,0.13584647979999964
76900,-0.006579898799999739
76905,0.03250238300000028
76915,0.26117643719999994
76916,0.43070272299999973
76917,-0.5013471441999998
76920,-0.5874164516000001
76927,-0.07094997200000037
76932,0.43266689279999965
76933,0.7758342980000006
76936,-0.1484176320000003
76938,0.3305638607999999
76942,-0.039860284799999944
76943,-0.2956526585999999
76947,0.10416868299999997
76952,-0.28825777719999995
76959,-0.2090931340000001
76960,0.7632169269999997
76964,0.027842129999999087
76965,-0.02343600540000006
76967,0.11477917939999997
76969,-0.9072529605999999
76980,-0.35125960479999996
76983,0.2979374404
76987,0.7079122225999999
77006,0.3530883152000001
77011,-0.04003344440000012
77015,-2.0619016172
77018,0.31382429920000005
77031,0.21353160399999993
77034,0.2174237420000001
77035,0.5896163159999996
77037,0.5861151158
77038,0.3564434545999994
77040,0.07497987639999995
77041,1.4048397761999998
77042,-0.20529508239999988
77044,-0.1929668328
77045,0.4082055872
77053,-0.5487094681999999
77055,0.8813219290000001
77056,0.6247426773999998
77057,-0.5127340546000001
77065,0.11233403219999989
77087,-0.5658637358000007
77090,-0.24610126420000036
77097,-0.11276844280000002
77106,0.24342033500000007
77110,0.1718884620000008
77116,1.0364034659999999
77125,-0.24251511519999996
77128,0.4043787915999998
77134,0.37848168400000015
77219,0.6378187098000001
77220,0.5604272131999999
77254,0.5329574779999995
77264,-0.6946071278000001
77286,0.4105872697999999
77296,0.07114038160000007
77300,-0.013628626599999905
77305,0.19317521959999978
77318,0.4853821622000002
77371,-0.002137385399999836
77407,0.037819086000000016
77411,0.18303892339999983
77422,0.6470402072000001
77446,-0.13345643860000012
77462,-0.012909619000000205
77480,0.14451433380000012
77485,0.13230276579999992
77519,0.2970363688000003
77521,-0.01889836960000011
77522,-0.48439953700000016
77531,-1.1678673872000003
77532,-0.22790901739999986
77552,-0.34452521160000005
77559,0.07470647040000014
77569,-0.5158216871999999
77573,0.48540807100000016
77577,1.0553139867999999
77578,-0.3721423702000003
77579,-0.4051405109999998
77582,-0.011934059999999391
77583,0.26827557800000007
77590,-0.15678508240000005
77591,0.1673266845999999
77593,-0.6445278649999999
77595,-0.9934338484000002
77613,0.561927601
77619,0.8486973830000002
77622,-0.013555694000000073
77626,0.4037086121999998
77627,-0.029225500999999897
77629,-0.14814485559999993
77630,-0.6874561339999999
77634,0.5324044659999998
77644,0.033440783999999724
77647,0.07448035300000058
77683,-0.4060061243999996
77697,0.22431104080000014
77701,0.4685376420000004
77704,0.7388268740000001
77706,0.420140346
77721,0.36813078159999985
77727,-1.0490310749999998
77733,0.18984031599999973
77739,-0.07398131600000024
77744,-0.9493562436000001
77766,0.08756619679999993
77767,-0.4161641528000004
77771,-0.20636094920000012
77772,0.4561766420000001
77777,0.004937331399999856
77781,-0.2923320935999998
77782,-0.5527719226000002
77794,-0.018916550000000053
77799,0.3582148299999993
77805,0.13464981580000046
77809,0.06630221799999987
77827,0.26299216280000015
77832,0.11065844080000016
77836,-0.17479751519999986
77853,-0.25590687639999954
77862,0.15954986479999994
77864,-0.37522192779999985
77877,-0.32463094280000016
77889,0.13724766080000067
77891,-0.5874424179999999
77914,-0.2470331152000001
77929,1.2240998714
77938,-0.08834723800000041
77945,-0.01887088099999943
77951,0.2673905906
77963,0.4428049110000002
77974,0.06350879999999996
77975,0.25806965800000015
77976,0.543417449
77980,0.14716507799999973
77987,-0.1878323470000005
78004,0.1832892191999999
78016,0.9097713201999997
78038,1.4845575716
78052,-0.2958894821999999
78070,-0.8240901654
78076,-0.6811182494000001
78081,0.3881375578000001
78088,0.06868881119999974
78100,0.3583985061999998
78118,-0.9833577096000001
78134,0.5762700830000002
78177,-0.4759221909999999
78178,-0.6238700180000001
78232,-0.12232277399999987
78239,0.16860178779999985
78240,-0.6737965024000001
78244,0.03740063639999978
78245,0.30532071380000003
78246,0.3276015735999994
78248,-0.013528613800000056
78250,-0.21421155579999995
78251,0.2723617437999996
78255,0.24331372979999982
78258,0.4467174528
78266,-0.003709357000000324
78267,-0.5361070872000002
78283,0.1973009694
78284,0.5831515208
78286,-0.5864577798000001
78306,0.4042318032000001
78308,0.12153965339999999
78309,0.2478422106
78317,-0.14523643599999936
78321,-0.11894965320000014
78323,0.525776484
78330,0.34321040399999986
78334,0.32060042219999974
78339,0.21154158600000095
78369,-0.4823543935999998
78372,-0.3298437039999996
78373,0.4174597674000002
78376,1.0304876090000001
78388,-0.13623662680000023
78390,0.8213464939999999
78394,0.5279132160000003
78405,0.009320549600000306
78408,-0.19557763619999982
78416,0.7697447034000003
78444,-0.1427838320000001
78455,-0.11744282140000006
78469,0.3534089460000002
78473,0.3427816220000004
78506,0.12609019759999987
78521,0.2768734899999991
78523,0.34718523460000006
78541,0.1904633566000001
78558,1.0115876928
78581,0.4237245451999998
78586,-0.1762016446000004
78593,-1.3911125042
78600,0.42338913920000004
78610,0.3731861879999997
78618,0.07848301079999978
78619,0.29592663780000006
78629,0.7240432390000001
78634,-0.8630174788
78651,-0.16643125599999992
78653,-0.535864986
78656,0.5483334500000001
78658,-0.6596890813999996
78668,-0.32826707340000033
78670,0.5079781335999994
78688,-0.4731250498
78689,-0.14627302380000023
78697,0.7729206398
78709,-0.5804391369999997
78733,0.2791151687999999
78749,0.11317953239999987
78751,0.4455313644
78752,0.20724604680000028
78753,-0.030556697200000114
78754,-0.20577797380000015
78757,-7.969880000011643e-5
78767,0.08456114640000001
78771,-0.33531122959999954
78772,-0.25437530820000037
78779,-0.5332878079999999
78781,-0.38066347599999945
78783,-0.003515393999999716
78785,1.1424753839999997
78787,0.14433570960000033
78795,0.14450824939999984
78796,0.6545931487999999
78797,0.1015154619999997
78798,0.17410728700000036
78801,0.6652127035999998
78803,-0.8783083774
78806,-0.02363761520000036
78808,-0.14328023980000007
78809,0.17030641579999983
78816,-0.2615794878000003
78825,0.2967680708000001
78826,0.0915909499999998
78830,0.21047053539999966
78832,0.4715562738000001
78833,0.4477021740000005
78834,0.4634346004000001
78887,-0.39997249619999986
78889,-0.03210681659999999
78890,0.6466155621999999
78891,0.1149230885999998
78892,-1.216802745
78893,0.18759150479999995
78894,0.0800217044
78895,-0.052307698600000306
78903,0.2045370821999999
78906,0.2548072940000001
78908,-0.25897766939999994
78910,-0.09320254359999999
78911,-1.1250775477999997
78912,-0.2633735660000001
78913,-0.07697305180000011
78914,0.3195107946000002
78919,-0.5777275559999999
78920,-0.13243104420000051
78921,0.1497857737999997
78923,0.8648929816
78925,0.4574624621999999
78926,-0.16558889800000037
78928,-0.43623496259999966
78929,-0.2855044977999997
78933,0.5499323837999999
78935,0.37682498099999984
78937,-0.22454069800000004
78938,0.03984646199999986
78943,-0.4788221076000001
78977,-0.6274812288000001
79043,0.03464648200000013
79044,0.6241777478999998
79059,0.4857525057999997
79196,0.2657370761999999
79233,0.5105722771999999
79235,-0.08202631000000009
79263,0.6600436191999997
79264,-0.439339627
79362,0.10950027640000011
79401,0.9978369246
79455,0.27724782219999994
79456,0.9224239431999998
79464,0.4513281339999999
79555,-0.7299909059999997
79560,0.22542980400000018
79566,-0.004256820000000161
80280,0.4371564323999994
80281,0.44661442099999993
80283,-0.30313656400000044
80284,0.5853642539999999
80285,0.2300087050000002
80286,0.16590780599999988
80287,0.28581155
80288,0.020908446400000003
80289,0.3648065098
80290,0.519505136
80291,0.09955434759999963
80292,-0.40232536419999987
80294,0.46051937280000016
80297,0.15614126400000022
80334,0.09294576460000004
80385,0.20405269920000038
80509,0.321004546
80517,0.025408461600000008
80707,-0.8729259790000004
80708,0.5790867782
80718,-0.24073591800000038
80719,-0.034279513999999976
80720,-0.6390669368000003
80732,0.18897808159999982
80743,0.07782684800000048
80744,-0.5767513528
80748,0.12933746400000032
80749,-0.4746364614000001
80750,-0.6634719666
80751,0.3715638311999996
80752,0.10220904239999999
80794,-0.16697870480000007
80796,-0.3395941338000001
80837,-0.11574431199999964
80857,-0.03099458800000008
80859,-1.2323515292
80860,0.6020614663999997
80861,0.29646777659999995
80877,0.11496754400000028
80879,0.0013488049999995865
80880,0.5137991154000001
80883,-1.0738194674
80884,-0.11614153079999986
80886,-0.11695112800000054
80888,-0.16954769260000005
80890,0.26718244799999996
80892,-0.4593203168000001
80898,1.0283951310000001
80901,0.2490995777999995
80902,0.7108798469999998
80904,0.8234968433999998
80905,0.03614673779999968
80907,0.2893774501999996
80908,-0.4037301564000001
80910,0.4624701741999998
80911,0.47503810999999985
80912,0.07575117359999979
80913,0.2812904618000001
80914,0.08278910219999994
80915,0.6094204999999999
80976,-0.24969772139999974
80979,0.3820040872
80981,0.3524695639999999
80985,0.22275957800000015
80986,0.16061524399999988
80987,0.6695143666
81000,-0.3633285280000001
81003,0.1492220298000003
81004,-0.12216986179999978
81006,0.0802918366000002
81018,-0.23600302399999934
81489,-0.2654465039999998
81500,0.29506621959999996
81535,0.27922261599999987
81601,0.3976320699999999
81630,0.5085653593999997
81701,-0.07511686640000015
81702,-0.1763208440000005
81703,0.10722024179999998
81799,0.36152750899999997
81840,-0.14405598480000012
81845,0.5382120160000003
81877,0.39139736240000006
81879,-0.43648713280000007
81896,0.2543855169999999
81897,-0.5048376820000005
81898,0.23926519299999996
81904,-0.45369698199999997
81905,0.0392100597999999
81906,-0.0023679095999999513
81907,0.061096404599999765
81909,-0.3313870040000005
83379,0.09126577719999984
83382,-0.05108806399999999
83383,-0.0617957242000001
83395,-0.30784594420000005
83396,0.9183807216
83397,-0.12720867560000002
83398,-0.1516016067999999
83408,0.09875889200000039
83409,0.2816850779999992
83410,0.2074098413999998
83428,-0.027379174799999895
83429,0.15018411999999995
83430,-0.6083507504
83431,-0.14681942600000006
83433,0.2250893687999996
83434,-0.06867714560000024
83435,0.4699694543999998
83436,-0.10554635900000023
83453,-0.25940571520000005
83456,-0.3749249899999999
83485,0.21959781199999995
83486,-0.25270764399999984
83490,0.12497913079999981
83493,-0.18679237860000003
83553,-0.495371195
83554,-0.4167145453999998
83557,-0.04120495960000028
83558,0.6209935317999998
83560,0.04437147699999997
83561,-0.09108113459999992
83602,-0.08103152339999972
83603,0.4500206731999997
83669,0.39290823680000014
83671,0.0015662227999999167
83672,0.4395257931999996
83674,-1.4293144496
83675,-1.1519555026000001
83679,-0.05959425399999994
83691,-0.5352729998
83702,-1.562852203
83703,0.34254692180000035
83704,0.3810745487999997
83762,0.20944695399999985
83766,0.33027032059999994
83767,0.35495100300000004
83770,0.41712460679999996
83771,-0.2921268840000003
83796,0.01942992619999977
83813,-0.28786510619999994
83814,0.2934528228000005
83815,-0.44495394039999975
83922,0.3163183953999999
83924,0.20748613799999963
83925,0.1491746663999997
83945,0.1053937463999997
83946,-0.016990319400000155
83961,-0.1019566462000002
83962,0.21423495579999993
83964,-0.15340205319999986
83965,-0.5033348701999999
83984,0.6247856236000001
83993,-0.1752278844000001
83995,0.6381419425999999
83997,-0.4016110645999998
84004,-0.4067469400000004
84035,0.2687123696000002
84036,-0.40729459459999984
84092,-0.34913885580000026
84094,-0.40599195640000046
84095,-0.3265015675999997
84111,0.4192724432
84112,-0.15567828540000014
84113,-0.09730565540000029
84505,-0.41376795920000015
84544,0.33780960439999996
84585,-0.7204803174000002
84653,0.1559599105999995
84682,-0.25326812320000014
84704,0.47040419540000017
85030,0.1737580085999994
85031,0.3720794181999997
85308,0.6398928321999999
89867,0.12768977439999984
93671,-0.1138641680000001
93672,-0.7622001061999997
93677,-0.20225260819999988
93679,0.024636916000000043
93681,0.5029587466000001
93683,0.6409363605999999
93685,-0.3139204374000002
93686,-0.5801366313999999
93687,0.09217542019999954
93688,-0.5359001543999997
93689,0.7881261933999999
93690,0.5403870768000002
93691,0.08398529400000002
93692,-0.8037510639999997
93695,0.04720618640000005
93696,0.7317937537999997
93699,-0.4687042276000003
93700,-0.4687042276000003
93701,-0.4687042276000003
93702,-0.4687042276000003
93703,-0.4687042276000003
93704,-0.4687042276000003
93706,-0.4687042276000003
93707,-0.4687042276000003
93708,-0.4687042276000003
93709,-0.4687042276000003
93710,-0.4687042276000003
93711,-0.4687042276000003
93712,-0.4687042276000003
93713,-0.4687042276000003
93714,-0.4687042276000003
93715,-0.4687042276000003
93716,-0.4687042276000003
93717,-0.4687042276000003
93721,1.2296441710000001
93722,-0.4687042276000003
93723,-0.4687042276000003
93724,-0.4687042276000003
93728,-0.5787852146000001
93730,0.07694600420000004
93732,0.012723919799999895
93734,-0.5433171748000002
93735,-0.13629386100000024
93736,0.6849799745999998
93737,-0.20246182659999973
93739,-0.3725105920000004
93742,0.10701264279999982
93746,-0.2943999862
93747,0.6473648924000003
93757,0.22585818
93759,0.07855714019999951
93760,-0.24432946819999976
93761,0.5896905114000001
93762,0.31240968040000006
93790,0.04058560419999964
93834,0.0024120319999997976
93835,0.3521921363999998
93836,0.03565204019999975
93837,-0.5867723074000001
93838,0.4553681995999998
93840,-0.17811035199999986
93842,-0.5368357980000003
93843,-0.10284150119999999
93871,0.15913702219999984
93872,0.3447812791999999
93873,-0.596308136
93876,-1.1769629832
93881,-0.1970414398
93884,0.3302595771999998
93886,0.30688984099999994
93887,-0.6631264408000002
93888,-0.18901490880000002
93889,0.6037496696
93890,0.1473862708
93891,0.42706502439999994
93893,0.4811464976
93896,-0.00260741220000007
93897,0.6035272641999999
93898,-1.0343280242
93960,0.7913687164000003
93961,0.7323034407999999
93966,-0.43179564600000014
94041,-0.12262586879999997
94043,0.42715417520000065
94044,0.0873638280000005
94045,0.04049988079999993
94061,0.4787203042
94062,0.5310507948000002
94063,0.5308331871999996
94064,0.6680740796000002
94065,0.5126240990000003
94066,0.46347009400000055
94067,0.30876366
94088,0.17925284419999993
94089,0.37377443120000003
94090,-0.46775186580000006
94091,-0.14378150600000056
94092,0.408546478
94093,0.055955601000000146
94109,-0.18340596039999993
94111,0.583208881
94112,-0.04070631880000057
94175,0.17583975540000019
94176,-0.37908411360000027
94178,-0.1815289665999998
94179,-0.5176909582
94180,0.3325096532
94181,0.20018099799999972
94184,0.10175198520000013
94185,-0.4853715076000002
94186,-0.2301680015999999
94187,0.2994558076000004
94190,0.6001058982
94191,0.3505859268
94212,0.017918154599999882
94213,0.21540596899999986
94214,-0.14684572120000006
94215,0.9696071752000002
94216,0.1744141179999999
94218,-0.2858673460000002
94219,-0.8975676298000004
94220,-0.08977474119999992
94221,0.0605790417999998
94222,0.4362375371999997
94223,0.5175098006000003
94226,0.1461279105999999
94227,0.5844920429999999
94229,-0.23225067140000002
94230,0.06781388200000027
94242,-0.8916311883999997
94244,-0.02193344399999999
94245,0.5890002282000001
94246,0.3828546225999997
94249,-0.4291182760000002
94253,-0.47719973200000076
94275,-0.0033935974000000257
94279,0.26816352960000034
94280,-0.14186804800000025
94282,-0.36814499279999974
94284,-0.2864021939999997
94315,0.21266653820000006
94332,-0.7055374279999995
94346,0.06277222799999968
94352,0.8263281399999997
96875,-0.05677606659999999
96935,-0.8358673212000001
96957,0.23833757800000016
96979,0.9549093639999997
97031,0.8396694265999999
97064,-0.6375248354000003
97086,-0.49769769119999996
97159,0.43190879500000035
97165,0.17914764400000002
97212,0.09185250780000036
97287,0.20192643459999998
97387,0.0796984466000005
97440,0.5971677422
97484,-0.25524281019999967
97487,-0.20284959600000008
97761,0.3102569641999999
97820,-0.5201199199999994
97827,0.4782878457999999
97884,-0.06241454259999983
97998,-0.8635670356000003
98053,0.26732157
98170,0.011418066399999916
98193,-0.036064070000000115
98221,0.4960585119999994
98238,-0.40747282059999995
98256,0.41675758959999987
98258,0.2161817204000002
98303,-0.6770704083999999
98314,-0.1155551219999996
98363,0.3076775453999999
98365,1.2729804426
98366,-0.6079573859999996
98376,0.3104753026000003
98386,-0.2879869199999998
98388,-0.2538758874000001
98396,1.0798513296
98403,0.43504971900000006
98404,0.4489812586000001
98415,0.014415083199999757
98417,0.36095730600000026
98432,-0.23538334780000003
98488,0.4427118538
98496,0.07907930080000014
98558,-0.6060442216
98660,0.4484436566
98682,-0.3932580938000001
98685,0.011069262000000002
98710,0.8541242252
98711,0.08869216519999998
98732,-0.10959540619999988
98733,-0.2997569752000002
98741,-0.3607944610000001
98752,0.43729872999999986
98758,0.14564383800000016
98828,-0.9546975483999998
98845,-0.10808360500000011
98878,-0.03747338960000022
98910,-0.18580973839999998
98932,0.012331849999999634
98956,-0.07369021320000009
98970,0.5827024784000001
98999,-0.1111825120000006
99003,0.08230554560000006
99010,0.434686123
99011,0.5651816241999998
99031,-0.3036773548
99035,-0.5689264718000004
99045,0.38708147259999953
99100,-0.1225836472000001
99138,0.103351228
99151,-0.10414127960000012
99152,-0.20670022199999954
99167,-0.06524008719999977
99237,-0.24501985459999992
99296,-0.6981956393999997
99311,0.3061955099999995
99326,-0.2225421626000001
99334,-0.18390134100000016
99349,0.31279782959999947
99371,0.33109918439999975
99375,-0.9379215080000002
99377,0.1404224549999995
99382,-0.16022370240000045
99412,-0.18989803079999987
99439,-0.043091082399999966
99470,-0.1262029996000001
99480,0.3215219659999999
99512,0.9830285296
99526,0.5721015804
99543,-0.6225694432000001
99571,-0.40137766519999996
99586,-0.3568086332000001
99650,0.14833129199999995
99662,0.040073918399999985
99681,-0.1560050887999999
99683,-0.35624019559999986
99712,0.13970799400000047
99738,-0.46134601239999995
99889,-0.1539233087999996
99890,0.03598602019999984
99899,0.06445605160000004
99929,0.3974133664000002
99982,-0.06041253779999991
100017,0.05509881920000019
100019,0.06171602839999988
100061,-0.34870869399999904
100072,-0.21587670780000004
100087,0.3703813110000004
100088,0.09811248900000039
100102,0.6514543193999999
100121,-0.4729697871999992
100129,0.0659447342
100163,-0.4433400286000001
100169,-0.19869683360000004
100177,0.06469870180000008
100198,0.025363808199999484
100201,-0.2624151728000001
100210,0.3323333737999999
100213,-0.2725158898
100226,0.3724360775999999
100273,0.15436738000000005
100317,0.17236753979999975
100336,0.5655235464000004
100340,0.21693422019999992
100383,-0.6480145620000002
100434,-0.4397048406000007
100465,0.707744944
100494,0.2515464582
100515,-0.38465286480000005
100532,-0.3880699125999996
100561,0.1500611580000001
100604,-0.22344606160000016
100608,-0.14420342400000052
100609,0.18997215359999994
100637,0.5994946188
100647,-0.04890711939999983
100678,0.38661627360000034
100683,-0.23417569420000053
100689,-0.3047780888
100705,-0.5434006875999998
100710,-0.2702731228000001
100727,-0.20227406659999989
100732,1.0160185
100737,-0.1355159782000001
100756,0.45750841039999984
100763,0.5827513944000001
100855,0.11749074599999965
100900,-0.48302678000000016
100910,0.20275159959999983
100929,0.25371157800000005
100952,0.41763604800000004
100972,-0.5499324746000003
100978,0.11402464319999997
100986,-0.19478053020000008
101023,0.2737648649999997
101095,0.21821642160000038
101100,0.4158300300000001
101113,-0.43713107840000004
101118,0.14507422799999983
101122,0.21473891199999998
101142,1.8280397424000001
101185,-0.24073021800000022
101187,0.34710201419999975
101202,0.2488641320000001
101206,0.20745171979999988
101214,-0.1840467880000002
101240,0.40127407500000006
101314,0.08340153200000025
101320,0.25330008580000013
101359,0.2099751844000001
101401,-0.34384199419999995
101437,0.3247523974
101471,-0.1805428557999999
101476,0.02844623559999988
101488,-0.20590224779999994
101490,0.30476521959999997
101497,-0.03405786199999987
101502,-0.09185045160000023
101513,-0.13445671740000015
101533,-0.6837562699999999
101540,0.014558648200000236
101543,0.10536627000000003
101544,-0.31727023199999993
101565,0.1090365878
101568,0.1960021820000005
101602,0.12738484200000003
101612,-0.36455835200000025
101613,0.4128064953999999
101631,-0.20929551619999992
101685,-0.7711282047999999
101700,-0.26556279059999993
101706,-0.36268044800000043
101739,-0.06648968320000001
101772,-1.1974028602
101809,-0.053545599799999885
101861,0.3859573057999999
101867,0.3082087745999999
101869,0.0798963999999998
101883,-0.05686594800000009
101943,0.039776005999999954
101985,-0.6938271651999999
101994,0.3193215969999999
102032,0.4981451828000004
102058,1.0939490837999997
102060,0.49452831440000045
102075,-0.3117679568
102093,-0.35567751140000003
102098,-0.0346960419999995
102103,-0.16999815200000015
102124,-0.6475547319999997
102141,0.4465086831999997
102193,0.2738558623999999
102209,0.5949369032
102278,0.04590069639999968
102294,0.9938345863999999
102323,0.16473908139999976
102334,-0.21571039819999954
102339,0.09368789720000023
102371,-0.11839208140000004
102414,-0.10815210000000022
102423,0.5045502451999999
102436,0.023932973600000195
102442,-0.3454300954000001
102462,0.6003121180000001
102502,0.08791717440000006
102545,0.32318485599999996
102566,0.6698341981999998
102570,-0.8141140420000001
102580,0.14756075539999997
102595,0.0741927619999995
102607,0.40931583200000005
102614,-0.3191600579999999
102626,0.37263995900000035
102632,0.1510771305999999
102644,-0.06499092040000001
102680,0.06513561600000059
102693,-0.003385171200000059
102747,-0.05164868960000009
102774,0.06720034879999996
102791,0.6978760176
102857,0.05563055380000002
102866,-0.5732353926
102920,-0.12589118259999985
103098,0.5677087710000001
103135,-0.026769279399999846
103136,0.07574869139999976
103149,0.15638033339999993
103161,0.10842038599999997
103172,0.07023473400000065
103199,-0.18135789080000003
103213,0.15167945520000004
103236,0.22751743600000013
103268,0.8848802659999999
103284,0.04966141679999989
103406,0.06318535479999969
103425,0.27541549599999937
103466,-0.25155495000000005
103468,0.024899002400000113
103534,-0.2835308354000004
103537,0.17590344780000072
103554,-0.6380765514000004
103573,0.4551306834
103583,-0.14966630980000026
103655,0.5351268419999999
103677,-0.05798981120000022
103694,0.3780119602000001
103710,-0.14094653300000032
103711,-0.8181415580000003
103724,0.40756403200000013
103733,0.34558453619999996
103737,0.17616300419999947
103742,0.377873958
103743,0.23184777719999997
103765,0.5494961392000001
103768,0.25504809319999994
103775,-0.839019244
103806,-0.16224274679999978
103836,-0.2502145274
103841,0.21908960659999988
103844,-0.377621299
103850,0.35439011799999987
103889,-0.0707638096000001
103963,0.16392079600000037
103967,-0.009853804400000143
103968,0.41551800039999975
103978,-0.12926656980000004
103988,-0.21907594860000046
104001,0.20234193439999987
104009,-0.19491826199999948
104010,-0.12887900420000004
104015,-0.15879335280000043
104027,-0.3377123363999999
104069,-0.2608713522
104079,0.002562252400000098
104080,-0.14905023160000005
104082,-0.010109739000000052
104086,0.08993383300000009
104099,-0.9240381164000001
104110,-0.7254420044
104111,-1.2979247409999999
104112,0.08302174200000038
104130,0.08035739199999944
104156,-0.09251702999999978
104174,-0.24767918560000002
104175,0.31650694360000065
104215,-0.0015951613999995117
104245,0.29093966919999986
104248,0.1011215194
104252,-0.19237679179999995
104263,-0.13802850460000043
104271,0.6605951365999998
104303,0.4919829759999999
104318,0.04904364000000001
104346,0.5708248430000001
104360,-0.4367202896000003
104369,0.033440783999999724
104382,0.5636164832000001
104383,-0.7080371473999998
104394,0.44937211159999996
104416,-0.057165486800000664
104418,0.12668484789999993
104443,-0.11322931740000017
104444,-0.5387671605999997
104445,0.1853633345999998
104479,-0.19443806400000022
104582,0.7240432390000001
104601,0.08093752740000007
104625,-0.2623600839999998
104681,-0.05419094799999975
104709,-0.3250517158000001
104718,0.023037600799999856
104721,0.4764379745999996
104725,0.43343765959999947
104759,-0.1185662537999999
104771,0.29788273399999987
104776,0.4461660887999999
104799,0.38108816579999993
104806,0.2936384968000002
104816,0.5574803219999998
104831,-0.32536617279999974
104836,0.10142507420000016
104859,-0.03461474620000029
104871,-0.6995698912000001
104884,-0.12356533099999964
104885,-0.09188202600000021
104910,-0.08482486020000009
104923,-0.23527774360000003
104943,0.5017818441999999
105000,0.09634458419999996
105014,0.2630365238000003
105083,0.20617171819999988
105171,0.10396051579999988
105193,0.5007997279999998
105239,0.05333080520000024
105243,0.25495181759999996
105245,0.6386032851999998
105278,0.7210157532
105298,-0.10883479900000018
105348,0.09270778980000038
105349,0.0373982520000002
105351,0.4763283690000003
105352,0.6396567078000004
105355,-0.17434985880000015
105372,0.09501359399999983
105428,0.8003425415999998
105439,0.41709788799999997
105440,0.0029274110000002906
105445,0.5753693672
105446,0.38354330820000015
105450,-1.302427934
105501,-0.6222022280000005
105504,0.0495315687999998
105511,0.19903600459999976
105513,0.18456664419999952
105522,-0.31801041319999984
105559,-0.23757297199999955
105638,0.6856688254000002
105653,-0.10314277240000039
105663,0.8591372002
105670,0.33128196119999986
105675,0.3170777990000001
105689,-0.12443314259999952
105722,0.1392515404000001
105727,0.03058743599999971
105732,-0.04196660260000007
105782,0.049997194000000175
105785,-0.7290113404
105787,0.06408851859999984
105833,0.09354954680000001
105835,-0.04214044199999982
105837,0.7002804323999998
105844,-0.14887849780000018
105847,0.1003345782000002
105853,-0.36631430420000016
105855,-0.18024849200000012
105859,-0.8263484417999999
105866,0.11193416060000008
105988,0.14872900779999992
106021,0.4940485515999997
106025,0.19116039399999957
106042,0.25866909200000004
106052,0.3239791246000003
106068,-0.19428380520000008
106073,0.2231184167999995
106143,-0.13396321919999998
106200,0.2440261021999998
106298,0.27429311400000034
106326,0.1525960163999997
106338,-0.5678536902
106344,0.38254110180000006
106347,-0.01884597620000008
106369,0.971307014
106389,-0.3718005999999999
106393,0.2559184981999999
106407,0.34547273759999986
106489,0.15558509160000006
106504,-0.009344789400000053
106512,0.19008390000000014
106522,-0.2023192292000001
106529,0.3382376813999997
106564,0.6906146042
106565,0.17191440399999997
106572,-0.04038001220000016
106582,0.5194221645999996
106583,0.1507669983999996
106585,-0.16639539640000045
106618,-0.13521728180000014
106628,0.16103965160000033
106633,-0.004975017399999971
106639,0.4753237752
106707,-0.5621748544000003
106757,0.061925801399999966
106759,0.34381567379999983
106763,-0.5943024263999999
106766,-0.17476256839999998
106794,0.11524313959999954
106821,0.33813012759999983
106840,-0.2089606850000001
106861,0.4467283188000001
106877,-0.42253880600000004
106878,-0.09328368999999981
106894,0.1562111838
106931,0.16911883019999988
106947,0.22059723960000036
106952,-0.34290221840000007
106957,-0.05713155659999991
107029,0.22366322600000005
107047,0.257746114
107065,1.1290172796
107071,0.4305462885999999
107094,0.7012310865999998
107146,0.6068565466
107173,0.10264257000000043
107182,0.3071092521999995
107221,-0.8593191682000001
107227,0.6647230071999999
107239,-0.0976386815999998
107250,-0.2574674663999999
107260,0.24185914440000006
107272,0.32448589500000014
107305,0.5692582404000002
107321,0.3614008244000001
107328,0.23877587679999976
107338,-0.6731434048
107351,0.06602157859999994
107358,0.030999722600000012
107368,-0.6069400642000004
107371,-0.23509484299999955
107373,0.12149713819999981
107375,0.09688203739999945
107392,0.21256714259999984
107435,-0.2509542947999998
107448,-0.02079664279999971
107449,-0.5978824802
107476,-0.09161445740000004
107477,-0.7388101727999998
107503,0.1924149452000002
107513,0.16877172179999994
107515,-0.34511900679999996
107522,0.44847530420000004
107526,0.15731670199999997
107527,0.8272671779999998
107528,0.06943197999999998
107566,-0.09872424600000045
107568,0.37690082239999984
107569,-0.9622915300000002
107581,0.18522023779999994
107585,-0.5905709444
107586,-0.19605921200000048
107587,0.18153914780000005
107589,-0.4576962570000003
107607,-0.01365075200000021
107650,0.34312319940000024
107652,0.3070102211999998
107656,-0.2725165035999998
107684,-0.4610241924000002
107686,0.41591623199999894
107701,0.0828211870000004
107702,0.32878453419999953
107723,-0.00912047199999968
107732,0.2558510234000003
107733,0.48793469199999995
107734,0.1889674799999998
107746,0.37923400319999984
107747,0.23821024740000016
107753,-0.8118089180000002
107765,0.15435198219999996
107766,0.6229610740000006
107767,-0.5017067520000005
107769,-0.20949221559999992
107770,0.48249899620000003
107815,0.25206176960000004
107817,-0.12146672499999997
107829,0.20456320760000074
107868,0.3658867213999997
107869,0.7497775354
107895,0.3588553157999999
107932,-0.3096894019999997
107934,0.12415490640000008
107951,0.11273596400000016
107971,-0.7714107894000002
107975,0.0948714176000001
107986,0.3200431938000001
107995,0.23477799160000004
107999,0.13401408339999996
108000,1.0679279922
108011,-0.4881027908000001
108012,-0.12288777619999998
108013,0.27538428199999954
108014,0.20743054860000038
108015,-0.14586158880000025
108017,-0.10220631560000007
108030,0.15600512699999988
108043,0.24800458680000004
108052,0.12253300199999977
108058,0.29633388040000064
108062,-0.16099303979999996
108067,1.1191488258000002
108068,-0.15196010780000044
108069,-1.3074666562
108071,-0.22112098479999992
108072,0.08426035479999978
108073,-0.4937208760000001
108075,-0.3831636198000002
108078,0.7442631089999998
108079,-0.29076114499999994
108083,-0.009129777800000127
108086,0.20895301959999985
108089,0.08367584319999999
108096,-0.23335050680000027
108097,-0.2412316083999997
108098,0.030823471999999442
108099,-0.009270796199999865
108100,-0.1325451079999997
108101,-0.3959045719999999
108105,0.4868739983999998
108112,-0.10189476460000009
108114,-0.2771199962
108115,0.3387401497999999
108116,-0.1312768960000003
108121,0.4503385820000002
108123,-0.2111019788
108124,-0.479238492
108138,0.7071892705999998
108143,0.5902788243999997
108147,-0.15553074500000008
108148,-0.1099695300000004
108150,-0.09725954199999975
108151,0.03949213939999998
108153,-0.610763631
108154,0.3679907426
108155,-0.8823733819999997
108156,0.06879699939999995
108160,0.15529463799999982
108161,0.3845099757999998
108645,-0.2751633399999996
108652,0.1791079031999999
108653,-0.18007227400000003
108654,-0.09084386219999993
108655,0.015399220000000113
108657,0.06708706400000075
108660,-0.006931933999999984
108664,0.22335654459999982
108671,0.6195346959999999
108672,-0.8344214378000001
108673,0.41969774760000006
108682,0.07286359619999985
108686,-0.4102338846000002
108687,-0.11960172399999998
108699,-0.16219221279999996
108705,-0.09055910800000007
108723,0.07431013999999969
108735,0.2330138631999997
108737,0.21153929419999978
108755,0.3761116927999996
108760,-0.34074085220000017
108767,0.05533775439999929
108797,0.5762608621999998
108800,0.5368066043999999
108811,0.39364908439999996
108829,0.1946378629999998
108832,-0.9908718078000002
108837,-0.32368294340000003
108841,1.1351095931999997
108853,0.5243532154000002
108857,1.285779999999903e-4
108897,-0.5246098218000002
108900,0.3283763635999999
108903,-0.10714392840000038
108907,-0.9592910899999992
108909,0.27621014700000013
108911,0.31790937839999955
108912,-0.6284991177999999
108934,-0.28550461219999973
108937,0.09409614140000003
108943,-0.24430771459999995
108946,0.15578224739999982
108954,-0.13583211320000022
108960,0.12151507799999983
108961,-0.24047250560000002
108989,0.3176441260000001
108995,0.28965026599999993
109006,0.4469390748000002
109019,0.7783507513999999
109032,-0.6022616420000002
109052,-1.2233295204
109054,0.9819766288
109065,-0.028331659200000026
109075,0.5795490403999999
109077,1.1985986778000002
109079,1.2851842948
109093,0.29857287879999994
109095,0.21830069860000006
109108,0.08804269139999991
109113,-0.16408156639999943
109115,-0.4834685160000003
109129,0.22737264200000026
109135,0.9898060626000001
109136,0.2802579926
109145,0.2516538590000003
109151,0.45689232040000044
109154,0.5926203666000001
109161,0.2034007332
109168,0.34732662059999997
109181,0.3917091417999998
109205,-1.3579226281999999
109218,0.48001180779999997
109222,1.0289023228
109225,0.12162127859999963
109229,0.2946214166000001
109232,0.8502153379999999
109242,0.2892507770000002
109245,0.07615202519999995
109246,0.1591851278000002
109254,0.42902535999999997
109263,8.796673999999172e-4
109264,-0.49715827660000017
109270,0.2772867645999998
109272,0.3148249418000001
109275,0.14976165959999968
109284,0.0908995049999998
109294,-0.7886810135999999
109305,0.1367052705999999
109314,0.024762014799999933
109323,-0.19254400899999985
109331,-0.6972721520000004
109332,-0.7764957802
109333,-0.7571442514000004
109342,-0.33081627680000025
109346,1.0257571916
109349,0.6137069787999999
109552,0.28322818400000005
109575,0.16693213260000023
109593,-0.6466316348000002
109594,1.0548656403999999
109620,0.3155700940000001
109637,0.1488999432
109648,0.0845899580000001
109652,-0.12866074559999988
109658,-0.041961427000000384
109660,-0.36909315240000035
109674,-0.34208611060000005
109685,0.2945082816000001
109689,-0.01917417599999993
109697,0.14068972479999992
109700,-1.3079191628000002
109731,-0.616434433
109754,0.08455133100000012
109778,0.3427030247999999
109785,0.6313368121999998
109791,-0.45039989419999993
109820,-0.17252078520000014
109821,0.5181302588000002
109828,0.6498060943999999
109857,0.13253618140000026
109880,-0.31507812560000004
109889,0.04159367199999977
109900,0.04720018639999992
109901,0.23266685619999983
109904,0.5564258102
109910,0.1789989726
109929,0.27522470639999985
109934,-0.033937232200000444
109978,0.29327077599999996
109979,-0.04853458240000012
110006,-0.09055617640000016
110012,-0.07885104799999994
110033,0.48984287139999994
110058,-0.0014355028000000657
110074,0.1737723702000004
110075,0.45846041579999997
110078,-0.5416801519999996
110082,0.09881778840000006
110083,-0.4404914910000001
110084,0.17031370559999992
110094,-0.08963897339999996
110095,-0.224750414
110109,-0.07209154639999973
110115,0.2796253888
110119,0.042285513399999884
110135,-0.2926296909999998
110147,0.03877235399999997
110157,0.03953013800000029
110168,0.1279456898000003
110172,-0.16011155999999999
110173,0.2116678863999999
110175,0.6640936396000001
110196,0.23919504879999992
110197,-0.17382967019999995
110198,0.38392413039999995
110208,-0.0718810579999996
110213,-0.19034294000000038
110253,0.22275695399999976
110265,0.25052443260000035
110279,-0.2367520020000004
110304,0.37497481759999995
110308,-0.3136434971999999
110310,0.21279980379999977
110312,-0.38428353500000006
110323,0.34501958160000046
110326,0.2771376928000001
110350,-0.21425562280000002
110351,0.6693571206000001
110379,-0.02497885499999981
110380,-0.09663977100000007
110382,0.11761708180000001
110385,0.031193318000000404
110391,0.45251474659999963
110417,0.11960011739999991
110446,0.5198548137999998
110521,-0.0884242568000003
110524,0.4682869743999998
110532,-0.1722380738
110542,0.1448218987999999
110593,-0.05404247240000011
110595,-0.26404667300000007
110596,-0.8875805321999999
110606,0.6229138159999998
110611,-0.4441049552000006
110616,0.05925043859999999
110637,-1.0482200706
110639,0.5565627136
110648,-0.36525285039999994
110651,0.030623223799999977
110695,0.7813338905999998
110749,0.26738036560000006
110750,-0.20107110100000014
110751,0.6501761625999999
110784,0.8617337276
110794,0.4238513652000009
110796,-0.1986345508000003
110805,0.0993419032000002
110809,-0.25166765559999965
110816,0.1776479149999993
110821,0.8131691030000001
110826,0.48499590999999925
110829,-0.27337483399999946
110834,-0.29203978700000005
110835,-0.27298891340000003
110842,0.2590805288000002
110855,-0.5525085026000003
110862,0.19396740059999998
110877,0.25474326199999997
110880,0.19463606939999992
110886,1.2842100516
110891,0.4312270133999997
110893,0.048617791999999584
110895,-0.10932074400000014
110902,0.2758267932000001
110911,0.07597305419999997
110920,-0.2160398044000001
110935,-0.5044989834000002
110948,0.10339077259999989
110957,-0.7015716767999999
110958,-0.6835030305999996
110962,-0.17562328580000042
111173,-1.1706032638
111174,-0.5559653378
111175,0.9613859570000001
112403,0.2061169402000001
112406,0.3065887559999997
112407,-0.037664760000000005
112418,-0.11341273120000013
113868,0.12222196600000004
114128,-0.158177389
114141,0.9852410598000001
114142,0.5177606477999996
114143,0.020651711800000073
114229,0.20061987019999988
114230,0.13458050499999974
114249,-0.4962469339999999
114255,-0.049708591000000094
114301,-0.7991863
114304,-0.3342153609999997
114332,-1.0525961396
114565,0.4010122098
114566,-0.6478678234
114570,0.3278065697999997
114584,0.38258695799999953
114585,0.3817884222000002
114601,-0.12829756400000036
114602,-0.4363848934000001
114604,1.0379317905999998
114606,0.16212176839999967
114615,0.4045521744000002
114640,-0.033711212000000136
114641,0.19226152780000003
114642,0.0012922660000000974
114644,0.2622632016
114652,0.24740270020000005
114663,0.4412233593999998
114664,0.24396967720000012
114674,0.20176976500000005
114712,-0.29590434279999983
114713,0.2509067777999997
114714,-0.5673142700000003
114715,0.2917683792000002
114716,0.33831576420000015
114741,-0.19237437779999986
114774,-0.5639254963999999
114873,0.23409037579999986
114874,-0.14475893740000007
114875,-0.2866776804000001
114886,-1.4992187965999997
114889,-0.20896224580000008
114893,-0.7838285579999997
116701,-0.39956741900000026
116731,0.2862723418
116732,-0.5950525473999999
116748,0.4573107922000009
116810,0.01144316899999991
116838,-0.6172946882000002
116847,-0.09281263540000007
116848,0.0789673935999998
116870,0.17193126800000016
116871,-0.6348542280000007
116872,0.5062798116
116873,0.3136439139999999
116891,0.3673090540000004
116904,-0.11273432179999991
116905,1.2797534212000001
116914,0.37228239979999983
116939,0.011661165599999902
116940,0.02574542320000006
117109,0.38840272200000003
117146,-0.46825739599999994
117147,-0.08739426000000013
117148,0.5962482681999999
117149,0.2763707258000002
117150,0.015223023399999747
117158,0.6732393962
117160,0.48063878960000006
117167,0.3902694212000001
117171,0.4440236840000004
117197,-0.02842836660000021
117198,-0.009412498200000386
117229,-0.12902704440000007
117586,0.46343245519999987
117589,0.10368588899999978
117591,0.9457977774
117599,0.002089307599999657
117600,0.21230396259999998
117606,-0.10437220299999997
118445,0.3295054610000001
118446,0.3306078313999998
118449,-0.9371819012
118451,0.7655867211999997
118453,0.36681501260000005
118454,-0.3951747066000001
121021,-0.3889475416
121022,0.5702297219999994
140474,0.0015850769999999237
140475,-1.0170576734
140476,0.6039244898
140477,0.9594495282000001
140481,0.002751740599999941
140482,0.3786758222000003
140483,-0.2068742160000001
140484,0.1458534634000003
140486,-0.05603275100000005
140488,0.014933987800000015
140489,-0.19748826919999996
140491,-0.39790652300000007
140492,-0.1824398055999999
140493,0.24673938259999986
140494,0.4499731247999999
140498,-0.4560620560000001
140499,0.12956854200000018
140500,0.3039086779999998
140546,0.8098855436000004
140557,-0.10536661319999992
140559,0.2521638641999999
140570,-0.3650933562000002
140571,0.46712241800000004
140577,-0.22547514060000023
140579,0.6132275405999998
140580,-0.13364553000000007
140629,-0.2831010511999999
140630,0.06244415379999975
140703,0.26168543140000045
140709,0.17101706059999983
140721,-0.4552639417999999
140723,-0.17337378620000007
140740,0.013579431999999869
140741,-0.3438597669999998
140742,-0.0723432699999993
140765,-0.3640310865999993
140780,-0.6407135913999997
140781,0.5292584786
140792,0.7045836674000001
140795,0.36833360620000005
140806,-0.09166157740000003
140810,0.1681205403999999
140858,0.5534781377999994
140859,0.17629961540000014
140887,0.12141949939999978
140904,0.03641450200000022
140917,-0.3183209368
140919,0.16895043640000001
142681,0.04149170299999998
142682,0.11027218640000011
142687,-0.7713392068
142688,0.1481605145999998
142980,0.012829339600000012
170439,-0.2573953132
170441,-0.14876689660000003
170442,-0.8716715332
170458,-0.24700819800000015
170459,0.47495928079999994
170460,0.5401127499999996
170461,0.5103552463999999
170472,0.1729762821999996
170483,0.12250512119999994
170484,0.5364581114000002
170571,0.11102317399999997
170574,-1.144199623
170625,-0.2673490324000003
170638,0.5997917206
170644,-0.2464110485999999
170654,-0.08607976399999977
170676,0.14218159899999988
170677,0.709093762
170706,0.6011803459999999
170707,0.2567222134000001
170711,-0.3787003926
170716,0.19335506259999988
170718,0.3196640764000005
170719,0.34583082900000034
170720,0.6379558680000004
170721,-0.20692617980000022
170725,-0.2578146908000002
170728,-0.010381517600000122
170729,-0.4455771678000001
170731,0.0910500604000001
170734,-0.6253847498000001
170735,0.12021789540000008
170736,-0.6893566684000003
170737,0.20384411320000026
170738,-0.16604133160000006
170740,0.1366528646000001
170742,0.4677912574000002
170743,0.008880666599999643
170744,-0.5172562364
170745,-0.14784424960000003
170748,1.7571374553999997
170749,0.24684863099999976
170750,-0.12698786400000017
170752,0.39263773979999994
170753,0.1740224138000001
170756,0.7838628306
170758,-0.2511520718
170759,-0.0054244980000003554
170760,0.18693933660000006
170762,-0.20649126160000025
170765,0.5150773037999999
170767,0.10879408419999984
170768,-0.10665149740000004
170771,0.6236317387999999
170772,-0.023127961399999463
170779,-0.1971254762000001
170780,-0.3771671714000001
170787,0.29429069580000017
170788,0.4032839577999999
170789,0.3815815739999998
170790,0.1078118159999999
170791,0.06922437999999964
170799,0.6767950306
170813,0.0058409302000001165
170822,0.1445458152000004
170823,0.26836627720000034
170826,0.40837845260000033
170828,0.20854378099999976
170829,-0.10263543100000039
170833,-0.26784056059999983
170835,0.21576951599999958
170935,0.11617786799999985
170947,-0.5315395048000001
170952,-0.3028717038
171095,-1.3264334464
171166,0.6218577108
171167,0.5426028446000001
171168,-0.26101394320000004
171170,0.19697257959999986
171171,-0.740922303
171180,-0.3470848321999999
171207,-0.09039985399999964
171209,-0.4672018733999998
171210,0.5538184691999999
171211,0.14531213439999996
171212,0.02613528799999969
171234,-0.4266629422000001
171281,1.0549313984
171282,0.30680201480000013
171283,-0.037136238799999964
171285,-0.2529252124000001
171286,0.05090697359999954
171382,-0.1470616387999999
171388,0.26431816520000007
171395,-0.6746503992000001
171463,0.17760575620000002
171469,0.0932695840000001
171486,-0.10984881100000017
171504,-0.3145298350000004
171508,-0.5634318917000001
171530,-0.2795252876000001
171531,-0.43186541100000025
171543,0.3897716914
171567,0.27228545779999996
171580,0.13336007599999994
191578,0.14584910079999994
192113,-0.26559583460000014
192119,-0.37675844579999984
192120,0.5083463143999998
192140,0.4662872422000001
192156,-0.09388126959999994
192157,0.09440397279999999
192159,-0.0649735719999999
192160,-0.026412548000000056
192161,0.2862723418
192163,0.2862723418
192164,0.2862723418
192166,0.4907133322000002
192167,0.2350550575999998
192169,0.05925204099999988
192170,0.47778665919999985
192174,0.8219030152000002
192176,-0.48325219599999975
192185,0.047284225999999666
192187,0.050264038199999916
192188,-0.6632728608000003
192190,-0.4655113782
192192,0.39468807719999965
192195,-0.1420505138000001
192197,-0.007725971200000003
192198,-0.3782233968
192199,0.11621164640000003
192212,-0.14156245760000008
192231,-0.3212153973999996
192232,-0.010141079599999969
192236,0.12294616479999973
192285,-0.11790307400000018
192287,1.2518826252
192292,0.09573122820000002
192650,-0.02680169060000006
192651,0.06485672200000003
192652,-0.07968720399999966
192653,0.11912316
192654,0.565289688
192656,0.6312579434
192657,-1.2172013024000001
192662,0.16281446000000024
192663,-0.29116028059999943
192775,-0.06333444819999992
192786,-0.03485596400000013
192897,0.2563011312000002
192950,-1.0134828626
192970,-0.7883430440000001
192986,0.32836870099999976
193003,0.40011726720000007
193034,0.05959800120000001
193043,0.3500494392000001
193116,0.3750120084000006
193452,-0.14482811920000013
193670,0.2679189582000003
193736,0.3283978716
193742,-0.5141714881999999
193796,-0.11834104079999967
193813,-0.1414368797999998
194126,0.1289657762
194219,0.4503974055999999
194231,-0.6680423774
194237,0.25427999460000006
194309,-0.15638360659999986
194352,-0.6672044683999999
194388,-0.2847372443999999
194401,0.17677886520000002
194590,0.47790992379999986
194597,-0.2481812485999999
194655,0.4653536374000001
194744,-0.2743967264
194908,-0.43655756760000025
194952,-0.13134149120000008
194974,-0.39173862599999987
195018,-0.049035641200000056
195040,0.49338484659999987
195208,-0.48163461880000014
195236,-0.12303507319999989
195333,1.3889479586000002
195359,-0.12138366460000008
195522,0.47147128599999955
195646,-0.1103966832000002
195727,-0.5847414096
195733,-0.5131206298
207151,-0.2173848854000001
207165,-0.22622711199999976
207181,0.06614577820000003
207182,0.19041118300000007
207209,-0.05841580540000013
207212,-0.12117104959999984
207214,-0.02387454939999998
207215,0.1078491232000001
207227,-0.5878926874
207259,-0.2832302916000001
207278,0.11756813600000023
207304,-0.5603962762000002
207352,0.23608107240000037
207375,0.1094953725999999
207393,-0.469876949
207425,0.012355459800000102
207495,0.03326756400000015
207521,0.15883734599999996
207565,-0.12254322599999981
207592,0.2232080245999999
207596,0.5774421079999998
207607,0.2683316265999999
207615,0.07731097740000017
207683,0.4131581921999998
207704,0.16772777699999963
207728,-0.021827651999999986
207742,0.07399407839999998
207781,0.5831846752
207785,-0.17329256120000025
207792,-0.6359287604000001
207818,0.5224176519999997
207839,0.20421568599999987
207854,-0.5341390460000002
207911,0.18385399519999995
207920,0.18904821400000066
207921,0.7770189719999998
207932,-0.43663795520000015
207952,0.082597820000000155
207958,0.10283633160000019
208076,-0.23528019580000006
208084,-0.01473989999999965
208092,0.6564293134000001
208098,-0.9242234652000001
208104,-0.22279208579999993
208117,-0.6299421986000002
208144,0.3614875891999999
208146,0.1549819283999998
208151,0.7475848355999997
208154,0.47139552800000073
208158,0.10867582999999996
208164,-0.26680588059999993
208169,0.11713364159999999
208171,-0.7231951728
208177,0.405972986
208188,-0.6244279326
208194,-0.43095884800000006
208198,0.4913113323999996
208211,0.5067233842000007
208213,0.19496054719999992
208228,-0.08346574940000018
208258,0.5014584845999999
208266,0.0709540348000001
208366,-0.0925905597999999
208372,0.18478234199999982
208426,0.18317489460000003
208431,-0.2687813626000001
208439,0.3815200099999999
208440,-0.4635400704000001
208449,0.0048677780000002
208518,-0.9176244728000001
208583,0.16927478099999993
208606,0.07450370640000052
208613,-0.6809976702000002
208618,0.01206744699999982
208624,0.9959318035999996
208628,0.1385890879999999
208634,-0.3275201064
208638,-0.07643144199999981
208643,-0.03972482999999975
208647,0.22187346579999997
208650,0.5151510945999999
208659,-0.6635045735999998
208665,0.021557159600000108
208666,-0.42436142939999966
208677,-0.2089493110000001
208691,-0.23478606279999994
208715,0.22400913960000005
208718,0.08558518000000034
208727,-0.4198193907999997
208748,-0.6600778424
208768,0.5448159053999999
208777,-0.2992454922000002
208795,0.14288107399999958
208820,-0.34606935380000026
208836,0.3852663520000002
208846,-0.1980648094000001
208869,0.5972834919999996
208884,-0.10000449199999935
208890,0.6765142936000001
208898,-0.07160673380000011
208908,0.9056899553999996
208922,-0.06859600139999991
208936,0.11109627220000018
208943,-0.028625440600000208
208967,-0.8709798590000002
208982,-0.0730515281999999
208990,-0.09213752519999971
208994,-0.33263678599999996
209003,0.2694482524
209011,0.06216515999999963
209012,-0.1373432966000001
209018,-0.016390100599999437
209027,-0.7124592263999998
209032,-0.22088417300000004
209047,-0.0917048962
209086,0.28245406599999967
209131,0.31511357279999996
209176,-0.17832620680000016
209195,-0.08603247459999999
209200,-0.47180907800000077
209212,0.16454532679999997
209224,0.5029131706
209225,-0.24789819600000024
209232,-0.6021673052000002
209239,-0.6143743084000001
209268,0.34578240739999966
209318,0.39077217200000014
209334,0.2820404918
209354,0.6358180439999999
209357,0.02632552840000013
209361,0.3004595176000002
209378,-0.32343933179999995
209416,0.14855728999999956
209446,-0.09274412279999993
209448,0.0073510755999997455
209456,0.5598169978000002
209462,-0.07296455160000015
209478,-0.05386122839999992
209488,0.15535314100000033
209497,0.07946606799999997
209512,0.4606519563999999
209550,0.6365139525999999
209558,-0.3233237808
209584,0.005726628400000067
209586,-0.17498873399999973
209588,-0.2518377258000002
209590,0.22511089199999992
209630,-0.24024974979999988
209645,-0.24730779180000004
209692,0.24611058740000002
209707,1.0191361954
209737,0.6337100951999998
209760,-0.21535474459999984
209776,-0.11577638920000002
209815,0.10523771019999958
209837,-0.6315850080000001
210004,-0.4196923095999999
210009,0.10794023579999994
210027,-0.5999002757999999
210029,-0.042646613399999464
210044,-0.246136525
210094,-0.40262530179999995
210108,0.1604741085999998
210126,-0.24230799199999992
210135,-0.10695587380000013
210146,0.16523814880000015
210148,-0.16213023060000023
210162,0.17609720740000015
210172,0.011405137600000082
210198,-0.262717018
210274,-0.5529165088000001
210293,-0.21669665140000022
210297,-0.1819136329999999
210356,-0.5242254951999998
210376,0.3178361353999996
210417,-0.5146555855999999
210503,0.12872078299999998
210510,0.9120147251999999
210529,-0.08437615119999994
210544,0.10133062520000014
210554,-0.050322054600000055
210573,-0.277270691
210582,0.14131897539999977
210622,0.35153772640000014
210673,-0.7158494371999999
210711,0.007220831999999788
210719,-0.4827171942
210741,0.11669474440000008
210757,0.365284482
210762,0.04840607180000021
210766,0.01569982339999996
210789,-0.6058078211999998
210801,-0.08519801960000031
210808,0.2868538796000001
210925,-0.029099045999999972
210973,-0.06676918000000036
210992,-0.014248898199999971
211006,-0.5036954604000001
211007,-0.16515456200000003
211064,0.0975611171999999
211134,-0.3980640580000003
211151,0.6229138159999998
211187,-0.18175225180000004
211228,-0.01648577619999969
211232,-0.14958079479999986
211255,-0.01529192220000013
211286,0.15681102060000002
211329,-1.1731171752
211347,0.4051951792
211383,-0.9252453147999999
211389,0.30740272480000036
211401,-0.3541841024000002
211446,0.12887201679999993
211468,0.14102719180000012
211480,-0.32776248360000004
211482,-0.15845579920000005
211484,-0.5539605751999999
211488,0.37968664500000016
211499,-0.2746594259999998
211550,-0.23455352480000008
211556,-0.7340928604000001
211577,-0.030151444000000006
211578,-0.17686743039999991
211586,-0.8611114099999998
211612,-0.022902714400000336
211651,0.2729832458
211652,-0.2876676886000002
211660,-0.2857647186000003
211666,0.3340548479999999
211673,0.092687454
211712,-0.21773664920000044
211739,0.23062285020000015
211770,-0.11449289279999988
211798,0.8975609892
211896,-0.19740054959999984
211914,-0.3095001068000004
211922,0.4406986160000006
211936,-0.5947497543999999
211945,0.3479942624
211948,0.28131304079999975
211949,0.22393085760000045
211961,0.1949061844000001
211978,-0.32831231120000004
211986,0.38376216299999977
212032,-0.46335546159999996
212070,-0.8651480326
212073,0.1783990502
212090,0.47045446700000004
212108,0.26662094999999997
212111,-0.038778854799999964
212114,0.04899820460000033
212123,0.6217853476
212127,-0.41553248840000007
212139,0.041159681600000296
212167,0.19854770699999982
212168,-0.34173723679999995
212190,-0.30686702060000004
212198,1.0052095432000001
212285,0.3205980975999999
212307,-0.5744217720000002
212326,-0.1218086372000001
212377,-0.4687539379999997
212390,0.3586627326000002
212391,-0.2362079867999997
212392,0.12248190299999999
212398,-0.1930002938000001
212427,0.21324135719999998
212439,-0.20978788259999953
212442,0.6745773692
212448,-0.11287057140000005
212503,0.4831777105999997
212508,0.4818764685999998
212514,-0.3977430787999999
212516,0.09692065740000003
212518,0.3434484485999999
212528,0.4690353239999997
212531,-0.17945400000000014
212541,-0.35159554879999994
212632,-0.20462312059999982
212670,-0.07522560960000053
212679,1.0034907756
212706,0.657750085
212712,0.14895050139999996
212772,0.24104162660000023
212862,1.4117893119999998
212880,-0.00244907320000074
212892,0.8623685417999999
212898,0.3017893954
212933,0.43845780319999994
212937,0.3996070955999998
212980,0.7156243
212986,0.5432579008000001
212989,-0.3020966524000002
212998,-0.5009639382000002
212999,0.29553999699999983
213011,0.6087756482000001
213012,0.4476419545999999
213019,0.5827372020000002
213053,0.475581733
213054,-0.18352387179999993
213068,0.8057814172000002
213081,-0.3785414676000002
213084,0.8147535238
213109,-0.3047411829999998
213119,-0.8598466223999998
213121,0.01918095339999972
213171,0.4228985486000001
213208,0.22379344920000027
213211,-0.014319724400000311
213233,0.38381947959999996
213234,-0.6284001054000001
213236,0.24985304459999985
213248,-0.44208642839999984
213262,-0.03542579140000006
213272,-0.7039470362000002
213311,-0.45369216679999996
213326,0.8211733489999998
213389,-0.4033371560000001
213391,-0.6060435287999999
213402,-0.34855458399999983
213417,-0.12575910400000012
213435,-0.3587382330000001
213439,0.8394726872000003
213452,0.16687185860000014
213464,0.11104978839999972
213469,-0.7028863639999999
213491,0.07149021399999995
213498,-0.45737998719999984
213499,0.6521498470000001
213522,-0.08019888460000013
213527,-0.28864140880000005
213539,0.32922195759999984
213541,0.31636258719999955
213550,0.4098960374000001
213575,0.5391652030000003
213582,-0.3920392039999999
213603,-0.3284001357999998
213649,-0.029507325199999813
213673,0.12711942200000054
213696,-0.867693578
213753,0.18669958839999995
213760,-0.1362235108000002
213765,-0.34987367319999996
213773,-0.18639376939999988
213783,0.4369872142000001
213788,0.45954675219999974
213819,-0.3305804290000001
213827,-0.1177465129999998
213895,0.3035597472000001
213945,0.2523232021999998
213948,-0.26244254520000004
213956,-0.2709435760000005
213980,0.3679865583999996
213988,-0.9096332079999998
213989,0.09978757379999995
213990,0.2095782179999997
214058,-0.13757820699999995
214063,0.2302552225999997
214084,-0.3622029804000004
214105,0.48210059439999997
214106,-0.21679045759999988
214111,0.6122372986
214112,-0.13327909280000005
214133,-0.2619175008000001
214137,-0.12696412639999988
214150,-0.6716498226000002
214158,0.8053217819999998
214162,-0.027121360599999988
214189,0.550693981
214230,-1.3952792321999998
214240,-0.5559026196
214253,-0.08842488799999995
214254,0.7011789054000002
214301,0.11943243639999981
214305,-0.2957076624000002
214345,-0.09950464020000034
214359,0.40314033339999966
214384,-0.10468140800000017
214424,-0.5362016753999999
214425,0.46798948339999996
214444,-0.20117313480000068
214459,-0.4598820146000002
214469,0.011690615999999565
214498,-0.20047840400000042
214505,0.0587858200000003
214523,0.017321057799999907
214531,-0.0860006312000002
214547,-0.3154297610000003
214552,-0.05090288200000011
214568,0.01615488100000002
214572,0.3738258600000002
214575,0.44449381440000024
214579,-0.45118731700000003
214580,0.6691625778000002
214593,0.49872590200000005
214597,0.1078486459999997
214601,0.5419351924000004
214642,0.45630659919999983
214663,0.9657520143999998
214669,0.7288974167999998
214685,0.5153995175999997
214704,-0.17148468640000009
214742,-0.007467224199999833
214766,0.6650000324
214779,-0.6826950392000001
214791,-0.6721193628
214804,-0.4295016181999999
214812,0.1279413766000001
214855,0.11985823999999959
214895,-0.19009307900000003
214897,0.14324681800000025
214899,0.05000738239999976
214901,0.8949642083999999
214922,-0.9627855681999998
214931,-0.29257889080000005
214944,0.06585824779999996
214951,-0.13249616299999972
214952,0.04378696479999986
214968,-0.49671887259999925
214987,-0.6854660999999996
215001,0.6522764868
215008,0.02015929699999992
215015,0.4870751828000001
215031,-0.22642288940000005
215051,0.4994591960000001
215061,-0.6285047452
215085,0.06033388839999976
215090,0.15466621540000008
215095,0.07830298300000002
215113,0.49521640540000006
215114,0.07482502899999996
215160,0.53099432
215194,0.043893448000000036
215201,0.3852709583999999
215210,0.6391943897999998
215243,0.27231488199999987
215274,0.10764483380000005
215280,-0.02618761599999999
215303,-0.2215311986000003
215332,0.8951797337999998
215335,0.12500900379999996
215351,0.2464701891999998
215378,-0.32933713519999996
215384,-0.2505870525999998
215387,-1.0876238355999999
215418,0.13454373360000033
215436,-0.03855468720000008
215445,0.15139012039999997
215446,0.47709528499999976
215449,-0.042825996000000185
215456,-0.5313039495999998
215474,0.7422769342000001
215476,-0.3111202493999999
215494,0.3079851053999998
215512,-1.027926648
215627,-0.5828534349999999
215632,0.21302813460000003
215641,-1.0542883466
215653,0.2384283579999998
215654,0.042139768599999884
215690,-0.8602106356000002
215693,0.3209496957999997
215705,0.16156716799999984
215707,-0.13701260600000004
215723,0.11982564360000003
215748,0.5836820474
215751,0.3970499843999999
215772,-0.19570427540000007
215789,-0.10307307839999975
215814,-0.05563486679999983
215819,0.5537985671999998
215854,-0.15092318120000012
215855,-0.11021867900000001
215890,-0.034801851999999925
215999,-0.4943097551999996
216001,-0.10981830000000023
216011,0.3742292798000001
216019,-0.07750352520000003
216021,-0.11454951500000013
216028,-0.6703202410000001
216033,0.20175632300000013
216049,1.0686705494000002
216080,0.2981158915999999
216119,-0.15901330720000004
216131,0.0733743746
216134,-0.1747004020000002
216136,0.5924919738000002
216148,0.06524754260000006
216150,0.27437777000000024
216151,0.16625876220000002
216154,-0.04086183999999946
216156,0.3348230797999999
216157,0.3667370780000002
216161,-0.15292619379999994
216169,0.34161352339999984
216188,-0.1935488102000001
216197,1.0484230131999999
216198,-0.35834238200000035
216227,0.7313420300000001
216233,-0.39001773520000016
216238,-9.786380000029739e-5
216274,0.16392826719999984
216285,-0.11112236959999996
216292,0.5856390220000003
216343,-0.11466025879999986
216344,-0.3313792637999999
216345,-0.5344732866000005
216350,-0.8681286556000003
216363,0.17595412300000035
216393,0.1583127159999999
216439,0.1688733776000003
216440,0.05088524999999997
216445,0.19777507200000066
216456,-0.2569068701999998
216459,-0.5864443400000001
216505,0.11499963600000065
216516,-0.3700167841999999
216527,0.272450126
216543,0.40256445019999987
216549,0.010459075999999711
216551,-0.4415317479999999
216558,0.1455150505999999
216560,0.9295285018000004
216565,0.6570559189999998
216578,0.5891154413999999
216613,-0.21051849859999985
216643,-0.4445359008000002
216705,0.33253333279999975
216724,0.10791780299999995
216725,0.12357330999999983
216739,-0.5944004624000001
216742,0.06256855779999988
216749,0.3779865567999998
216760,0.2054000964
216766,-0.24018155540000025
216767,0.5186566931999999
216781,-0.968860072
216792,0.3791710148
216795,0.7562969411999998
216797,-0.2618258036
216799,-0.3495400884000002
216805,-0.21521936920000045
216810,0.04574426379999998
216820,0.5611072662000007
216821,0.29421604079999997
216825,0.38543743139999986
216831,-0.8500035125999998
216835,-0.18361683159999992
216846,-0.4019157440000002
216848,-0.0033431460000002745
216850,-0.5169984043
216853,0.4806652026000002
216856,-0.40327605530000005
216858,-0.3087048687333333
216859,-0.06386176799999994
216860,0.12921813799999987
216867,0.3755883522
216869,0.6625512756000003
216871,-0.5676165323999998
216873,-0.3199911860000002
216874,0.012693221999999693
216877,-0.1123288647999999
216881,-0.46645483599999993
216892,0.8389454059999994
216961,0.3661190627999999
216963,0.4739726873999997
216964,0.2415351617999999
216965,-0.43840839400000037
216971,0.3640274862000001
216974,-0.36388164539999995
216987,-0.07136832799999979
216991,0.1270577941999999
217011,-0.2066024588000001
217012,0.4832090448
217026,0.7718734490000001
217031,0.8478610005999998
217038,0.32017495599999923
217039,0.015082125200000008
217057,0.7219566582000001
217069,-0.1264837100000001
217082,-0.24317990200000034
217109,0.23832691059999975
217116,0.2985780691999998
217119,-0.018518245399999956
217124,0.07296398800000006
217125,-0.2692781099999998
217127,0.0982800379999997
217138,-0.2108923592000001
217140,0.3814930452000004
217143,0.5768694116000002
217149,-0.4838810000000002
217151,0.43630422400000024
217154,1.3855188128
217166,0.16201579279999995
217169,-0.29084375200000034
217194,0.08002052280000002
217198,-0.5264506882
217201,0.5197538413999998
217203,0.028225356399999856
217207,0.009673610000000466
217212,0.11557044700000016
217214,-0.2601727260000003
217217,0.11738894519999973
217218,0.03587717899999987
217219,0.014475777200000017
217232,0.04890786020000064
217262,-0.43300491040000005
217265,0.29144696160000005
217302,-0.5048227057999999
217303,-0.08256757920000002
217304,-0.032062506999999664
217306,0.04982126780000016
217310,0.46782216760000034
217316,0.5326116675999998
217325,0.26181437580000005
217331,0.3923169719999997
217333,-0.5090749665999997
217335,0.3127876637999999
217337,0.2738622467999997
217340,-0.12863450600000004
217342,-0.762219318
217344,0.17542480180000036
217351,0.05126590099999948
217353,-0.012153855999999763
217356,-0.10150826200000047
217364,1.1216045754000004
217365,0.12887155519999993
217366,-0.014972534200000354
217369,0.36516486899999984
217371,-0.7778781524000001
217378,0.06752220639999988
217379,-0.5409191438000001
217410,0.02670530860000042
217431,0.21908207980000016
217449,0.2252273426000002
217463,0.38894766040000006
217473,0.4088083403999999
217480,-0.5936177594000001
217517,0.33347817599999985
217536,0.20122717959999986
217558,-0.17865399360000006
217578,-0.4746688278000001
217588,1.0263086989999999
217593,-0.5657141210000001
217648,0.6692801952
217653,-0.39899318380000004
217664,0.13878023420000005
217666,-0.03311427660000019
217682,0.6208870271999999
217692,-0.14961673259999947
217695,0.19776491479999975
217705,-0.6422822012
217707,0.2264303783999999
217708,-0.06698560439999994
217715,0.27062284400000003
217716,1.0323723776
217718,-0.1117694273999998
217733,-0.37838614020000005
217734,0.21067551820000005
217737,-0.1535773120000002
217738,-0.3279038008
217826,-0.08214422819999996
217827,0.2322040519999998
217835,0.6764190896
217837,-0.11222714879999973
217843,1.5151535562
217847,0.4416101777999996
217864,-0.09063777800000032
217866,-0.07285000440000022
217869,-0.58283047
217882,-0.5004298200000005
217893,0.004751814600000159
217944,-0.08016136259999981
217946,-0.5600111564
217951,0.7320082529999999
217980,-0.09890874400000023
218030,-0.34110442899999993
218035,0.042111774000000324
218038,-0.33028628059999987
218100,0.21821755460000034
218103,-0.43925233499999977
218121,0.12162439740000046
218138,-0.011122885599999677
218165,-0.6293856082
218194,-0.49426006320000004
218203,0.4541684366000004
218210,-0.07288672339999991
218215,0.33252245980000017
218232,0.6939812127999996
218236,-0.18307553540000007
218268,-0.4267081548
218271,0.4558880071999997
218294,-0.28857450939999973
218314,0.13309370119999997
218335,-0.03831818080000034
218341,-0.2347175816
218397,0.09552590380000012
218440,0.48230430719999984
218441,0.4794692638000001
218442,0.2100030863999997
218454,-0.26541059880000023
218460,0.5521510510000001
218461,-0.24526360619999998
218476,-0.12104437519999997
218490,0.3015789399999999
218503,-0.752518465
218506,0.3282885782000001
218518,-0.25906135500000016
218543,-0.5439636260000004
218544,0.3029827646000004
218581,-0.06303387459999987
218613,-0.11511569199999983
218624,0.7446776534000001
218629,0.5871355514
218630,-0.21343413700000005
218639,0.6751056851999999
218699,-0.09396988300000012
218739,-0.196976902
218756,0.031877677200000676
218763,0.6008430762
218772,-0.18624335240000017
218793,0.023752900599999904
218811,0.062018233999999596
218820,0.3891855930000001
218832,0.3684782733999999
218865,-0.3418746728000001
218877,0.3386451106
218885,0.1375982797999999
218952,0.06432487179999988
218973,-0.42768858639999985
218975,0.34768956339999946
218977,-0.8285643598000003
218989,-0.5499913394000002
219022,0.4493379349999994
219026,0.03337735239999997
219038,-0.1726955554000001
219072,0.18273950499999997
219094,0.0732941069999999
219105,0.42066294199999954
219114,-0.052898631199999976
219132,0.3677278445999999
219134,0.6572867349999998
219135,-0.024229544399999626
219140,-0.1656541832000002
219144,1.2181157358
219148,-0.3583296946000001
219149,0.6779728734000001
219150,0.2869745383999998
219158,0.3090971069999998
219170,0.20284197520000014
219181,-0.20448601560000004
219189,0.07840193999999948
219228,-0.28551491460000006
219249,0.15869934320000018
219257,-1.1788490254
223227,0.21199020399999977
223254,0.020607910600000157
223255,0.08825260799999982
223267,0.8464639056
223272,-0.17166876240000004
223332,0.22596057719999987
223435,0.18407425040000014
223473,0.026157920400000024
223499,0.40355505019999993
223513,-0.3377592548
223527,0.6497297051999997
223604,-0.07467804259999973
223626,-0.42213168980000004
223648,0.6944940545999998
223658,-0.036041684000000275
223664,-0.4862489227999999
223665,-0.34904611900000015
223666,-0.34904611900000015
223669,0.37133701220000004
223691,0.3411273780000002
223693,-0.04730333699999996
223696,0.28266827200000044
223697,0.04785195999999949
223722,0.5332612834000002
223723,0.22483444619999987
223726,-0.08351016139999992
223739,0.42669303339999975
223752,0.3010846093999998
223753,0.03180456800000009
223754,0.21064104399999978
223770,-0.34816248519999976
223774,0.6488847854
223775,0.14352644279999982
223780,-0.20875772720000008
223825,-0.023257402599999998
223827,0.26247403959999965
223828,-0.18307869780000008
223838,-0.3956424583999999
223843,-1.2268852302
223864,0.33460973139999994
223881,-0.24004482339999988
223915,-0.30879079200000065
223917,-0.6608224452
223918,0.20149551319999953
223920,-0.13450396720000005
223921,-0.04957220059999976
223922,-0.21344176700000012
223970,0.18865276919999943
223978,0.07565459499999978
223989,-0.49243328659999985
224008,-0.10669852620000028
224014,-0.3346703220000002
224020,-0.085555746
224022,-0.3097665221999999
224023,-0.19020339599999972
224024,0.16307408439999982
224045,0.3696511445999997
224055,0.33294135079999965
224065,-0.7320855872
224079,0.31280158
224088,-0.5618768044000003
224090,0.15624258760000007
224092,0.1467272689999998
224093,0.16036685700000017
224105,-0.1489034275999998
224109,0.1623405059999996
224111,-0.6444748282000001
224116,-0.049574807799999475
224129,0.5169251149999998
224139,0.1346636440000001
224143,0.4009839895999999
224224,0.08083688140000014
224344,0.4839913133999999
224405,0.22524280879999994
224419,-0.41450596340000007
224440,0.3750048482
224480,0.7534951442000002
224481,0.5451478927999999
224585,-0.12331296319999989
224613,0.5595192543999998
224617,0.02297756339999992
224619,-0.14618734369999978
224624,0.4238680411999997
224630,0.8137556509999999
224640,0.3593865819999994
224650,0.07842451360000027
224656,0.3736000404000002
224661,0.3430315458
224671,-0.22094710380000002
224674,-0.22204720060000013
224697,-0.6137307850000001
224705,0.07104056799999973
224727,-0.40963483200000006
224742,0.03203850599999995
224762,-0.02828501620000017
224794,0.15484701240000015
224796,0.5699397469999996
224805,0.5126495256
224807,0.051376421799999863
224813,0.21863763760000002
224814,0.5866670100000002
224823,0.3271907465999998
224824,0.09055051800000022
224826,0.007901275200000057
224829,-0.5520896747999998
224833,-0.0479230072
224836,0.19471982319999998
224840,-0.14159678660000025
224860,-0.15340326599999976
224897,0.9840517944000003
224902,-0.1823996000000001
224903,-0.4114171280000001
224907,0.2249263199999998
224912,0.20336970980000002
224938,-0.11600141680000071
224997,-0.0848661847999999
225010,0.40864757139999985
225020,-0.08549882380000007
225027,-0.034477283799999724
225028,0.2577720914
225030,-0.8218199256000004
225049,0.04046792599999982
225055,-0.004572665000000064
225115,-0.4399155131999999
225131,0.1369781397999997
225152,-0.5271145668000001
225160,0.767001914
225164,-0.23277742359999998
225182,0.01893770260000025
225187,0.09422752940000008
225192,-0.041865294000000296
225207,0.09328412199999976
225215,0.15117102219999995
225266,0.35566048380000004
225283,-0.25900455359999996
225289,0.4678092817999996
225326,-0.373131974
225339,-0.0699367500000001
225341,-0.16122554820000018
225348,0.8290282804000002
225358,-0.018606151200000375
225362,0.20104856599999987
225363,0.3189002715999999
225372,0.07808684180000043
225392,0.14307241260000012
225432,-0.14899434519999985
225443,-0.22142342579999993
225467,0.09722296220000004
225471,0.1824384448000001
225497,0.01144268679999989
225518,-0.7039660950000001
225523,0.7613241202
225579,-0.7234374409999998
225600,-0.4141443862
225608,-0.16751965160000007
225631,-0.04714396600000015
225638,0.2627625696
225642,-0.6416620548
225644,0.065735387000000145
225651,0.801335595
225659,-0.8589842852000004
225724,0.5709799015999999
225742,0.06269952760000015
225745,0.5517786687999997
225825,-0.2953338520000003
225845,-0.06578086399999919
225849,-0.714759738
225861,-0.44352579719999985
225865,-0.061605679200000193
225870,-0.16602255279999997
225872,-0.5225575901999999
225875,0.5426863756000001
225876,-0.21942756319999965
225895,-0.0434666009999999
225896,0.22737394600000016
225898,0.06075445399999992
225908,3.950604000000801e-4
225912,0.1734081739999997
225929,0.03881951919999978
225994,-0.18318107439999992
225995,-0.39808300239999994
225997,0.2385468711999999
225998,-0.016540105399999838
226016,0.27904716439999966
226025,-0.2720070874000002
226026,-0.3437828337999999
226040,-0.022178407400000034
226041,-0.9404757865999999
226049,-0.02119840160000015
226075,-0.7396973802
226090,-0.2601891772000002
226098,0.1300428234
226101,0.07575591239999993
226115,0.15483241219999969
226122,0.08553231760000024
226123,-0.17345001160000023
226139,0.5413666618
226144,0.1412628189999996
226154,-0.08046293680000041
226162,0.4338364367999997
226169,0.5791402964
226178,0.16064108400000024
226180,0.42946371700000013
226182,0.6251167499999999
226243,0.1924011693999999
226245,-1.1581033306
226250,0.1330786355999999
226251,-0.3342176399999996
226255,-0.6417931340000003
226265,-0.05544967519999995
226278,0.3561335319999999
226304,-0.25887483299999997
226359,-0.2950450319999998
226407,0.028442977399999948
226409,0.3468080599999997
226412,-0.19478378400000054
226413,0.3458429281999999
226418,-1.637200613
226419,-0.7968816233999997
226438,-0.19414023559999977
226442,-0.27863650679999985
226470,0.41988531419999997
226517,-0.3894670556000005
226518,-0.03447777520000015
226519,-0.31409797380000004
226525,0.31855666259999993
226539,0.9031342179999997
226541,-0.23982664060000047
226548,0.060570658000000145
226551,-0.48890462280000035
226562,0.028978674200000398
226564,0.06979665599999985
226591,0.3968560428
226594,0.252166244
226610,0.21517043499999994
226641,0.7671108194
226646,0.32479431120000013
226652,-0.06159538799999993
226654,-0.1982929992000006
226744,-0.40565826780000014
226747,0.12571957839999987
226751,-0.534264636
226757,-1.1618455420000007
226777,0.03448566799999995
226778,-0.07781937020000003
226781,0.3325351286
226791,-0.14679556320000015
226823,0.1964237049999996
226841,-0.25719295900000005
226849,0.13573149199999968
226856,0.007531734199999818
226861,-0.19743206400000018
226866,-0.6004930582000001
226896,0.06489623719999997
226922,0.1616723935999998
226970,0.8726860245999999
226971,0.16998369099999983
226976,-0.058719176399999996
226977,0.6884380033999997
226982,0.09379430840000005
226999,-0.17592887460000012
227059,-0.37971817060000007
227095,0.3126508880000001
227099,0.9685677975999998
227102,-0.0042528534000002335
227120,-0.47261038560000024
227154,-0.6597608319999999
227157,-0.6225185188
227195,-0.3087112190000004
227197,-0.3596046666000007
227210,0.19953017079999996
227231,0.17863132800000017
227288,0.2929903354
227289,-0.22008403380000024
227290,-0.09015545419999996
227292,0.037426452000000054
227325,-0.23170190480000014
227326,0.0910201621999998
227327,0.09902581459999986
227331,-0.09694784899999967
227333,0.11057735000000016
227334,-0.3240703324000004
227357,0.1015614811999999
227377,-0.04266630760000005
227394,-0.03754669659999976
227399,-0.06452643239999993
227449,-0.3464592404000005
227485,-0.7979989798000001
227522,0.6083155193999998
227525,0.19802271400000038
227526,-0.5098339183999998
227541,-0.08661760700000017
227545,-0.1573405808000004
227606,0.37778306519999977
227612,0.2994200276000004
227615,0.46947134820000047
227618,0.39865840379999984
227619,0.35249847799999934
227620,0.9027855056000001
227624,0.23043037200000036
227631,-0.2973415802
227632,0.12588907639999986
227634,-0.41934919639999996
227638,0.6606176302000001
227644,0.02424390299999999
227648,0.07127016619999971
227656,0.2723723259999996
227659,0.05131860599999989
227674,0.2840865777999998
227682,0.4048641719999996
227683,0.22214741680000002
227693,-0.1132503879999998
227696,-0.051305464
227697,0.5275363028000003
227699,-0.29620815979999976
227700,-0.2559649899999993
227707,0.146696545
227715,0.028485967999999674
227717,-0.6944744544000002
227720,-0.37924315339999976
227723,-0.09212111200000024
227731,0.4596831697999999
227733,-0.21239765759999987
227738,0.14807361580000028
227743,0.0401048740000002
227746,0.6520199357999998
227753,-0.23831968000000003
227800,-0.3757425474000001
227801,0.613796987
227835,0.008630565199999652
227867,0.029091955999999898
227929,0.06506392600000055
227933,-0.5406554608
227937,-0.7367335018000001
227960,-0.36135656820000006
228003,0.6785030234
228005,0.2632785235999998
228012,-0.03347273679999994
228019,1.1971105883999995
228026,1.0305412762000001
228061,0.1092241382000001
228071,-0.0986825638
228094,0.22764953279999967
228136,0.012404595199999946
228140,0.3750269908000002
228355,-0.44478980399999984
228357,-0.5712956012000001
228359,-0.07057049800000037
228361,0.17917138800000068
228368,0.020001317999999914
228410,0.245698668
228413,-0.30127788520000004
228421,0.23733689620000006
228432,-0.02977276980000019
228482,-0.5382422318000001
228491,0.2104317543999999
228536,0.14864777680000038
228543,0.46415703119999996
228545,0.19664850700000008
228550,0.8998669495999998
228564,-0.19520807179999994
228576,-0.5478261942
228598,0.1045948632
228607,-0.4071435683999997
228608,-0.4591204539999996
228662,-0.34059557360000003
228677,-0.07168213859999994
228714,0.23138009859999986
228731,-0.024347960199999984
228756,0.3005233313999997
228765,1.1902502725999997
228769,-0.7952581679999995
228770,1.1406174268000002
228775,0.8085722715999999
228777,-0.011768771599999539
228778,0.037751205000000086
228785,-0.47496765220000015
228787,0.28984414339999987
228788,-0.12925830180000003
228790,-0.13598367600000003
228796,-0.14116451680000014
228801,0.043907382000000085
228807,-0.15272316739999975
228812,0.8236974639999997
228829,0.14658226239999994
228836,0.2827075739999998
228839,0.2150011315999997
228846,0.10979833679999995
228850,-0.21857248559999967
228852,0.5637303465999997
228858,0.16853776980000035
228859,0.17077285779999993
228866,-0.1248534863999998
228869,0.1664718360000002
228875,0.63292834
228876,0.40999155500000006
228880,-0.20330109599999951
228911,-0.3714542414000001
228913,0.061010644999999995
228942,-0.0777261126
228960,0.10432535059999992
228961,0.5711338668
228966,-0.21356256300000034
228983,-0.1188507555999994
228993,0.28701782679999965
228994,0.14759011399999977
228998,0.1425982542
229003,-0.2920996940000002
229004,0.605357044
229007,0.4693269120000004
229011,-0.15299196319999986
229055,0.059094879799999854
229096,0.30426505020000044
229211,0.21105049260000025
229214,0.2752708388000003
229228,0.3971669330000001
229277,0.29638267020000003
229279,0.0944577920000004
229302,0.15215168919999994
229317,0.5522399686000001
229320,-0.4489391841999999
229323,-0.2706870676000001
229357,-0.07137526779999996
229363,0.47091567539999984
229389,0.6628907942
229445,0.7478760718000002
229474,-0.977675774
229499,0.7633791259999999
229504,0.2677811532000007
229512,0.15689157899999984
229517,-0.7902076392000001
229521,0.8032066224000001
229524,0.5119656342000003
229534,6.764919999994845e-4
229541,0.003571224000000228
229542,-0.0637501094000001
229543,0.41806246800000013
229562,-0.8141841932000001
229574,0.05119049279999999
229584,0.14835283900000001
229588,-0.4053127984000001
229593,-0.014773919000000291
229595,0.13231303520000015
229600,0.09204280399999902
229603,-0.2816955248000005
229615,0.3157406902
229644,-0.011504636999999818
229658,-0.6388570939999998
229663,-0.05804763800000039
229665,0.3365561849999999
229672,-0.055773137399999936
229675,0.5982245402000002
229681,0.16586457939999982
229699,-0.5987743376000001
229700,0.23511144180000015
229706,0.2884348477999999
229707,0.27707758400000027
229709,0.12252675840000009
229714,-0.34032102300000017
229715,0.0688960417999998
229725,0.16471803240000008
229731,0.39726801699999986
229759,0.511254558
229776,-0.011081760599999945
229780,0.1931843144
229782,0.35065892779999996
229801,-0.18364372939999996
229841,-0.4065857745999997
229898,-1.2284912886
229900,-0.6064126733999998
229906,0.14247816779999917
229937,-0.2696115006000003
229949,-0.13976997000000005
230025,0.3548763772000001
230027,0.5700190233999998
230075,0.3263228608000002
230082,-0.025574699400000254
230098,-0.33025104060000005
230099,0.2633442102000001
230101,0.024677671999999973
230103,-0.10377204460000015
230119,0.1504773142000005
230125,-0.6755197599999999
230126,-0.17160351559999984
230145,-0.056233496800000185
230157,0.19268484300000016
230162,-0.07038272360000039
230163,-0.4411377764
230235,0.1558448165999998
230257,-0.7894195659999997
230259,0.42793472980000014
230316,-0.17203095799999985
230376,-0.0018823449999999299
230379,0.39371603959999996
230393,-0.06950318279999994
230405,-0.19016530500000012
230484,0.3953411341999999
230514,0.1529141320000001
230558,0.13959088999999975
230576,0.2556863532000001
230577,0.9098523216000002
230579,0.20129893279999972
230582,0.2885532187999999
230584,0.2940908099999994
230587,-0.1137497568000004
230590,0.1465614952
230596,0.20327334719999984
230597,0.9247275601999998
230603,-0.8195454677999999
230612,1.3080393157999999
230648,0.3278254839999999
230649,0.3840531787999999
230654,0.11951249639999997
230657,0.22715173479999998
230661,0.311864615
230673,0.2250343402000002
230674,0.07820873500000047
230676,-0.0419221836000002
230678,0.36264026920000003
230696,-0.00802306159999997
230700,-0.05355932199999991
230709,0.4470759559999998
230718,-0.26648221120000015
230721,-0.6254399879999998
230726,-0.2957608156000001
230734,0.3221783371999997
230735,-0.32386408
230737,-0.20038996380000018
230738,0.7241156616
230751,0.035565124599999984
230752,0.3438742619999996
230753,0.008188654000000285
230757,-0.14749709760000024
230761,0.3509189358000008
230766,-0.5746878769999999
230767,0.7227734823999998
230770,1.0671910398
230777,0.34527324020000005
230779,0.5146410670000001
230784,-0.20120114279999973
230787,-0.13501316259999996
230789,-0.11386144019999947
230793,-0.16747595540000013
230796,-0.1349211524000001
230801,0.1197732325999997
230809,0.27196777539999956
230815,0.4408997288
230822,0.18724495900000004
230824,0.34709012979999976
230828,0.489631544
230837,0.011590769600000073
230848,-0.11180748099999996
230857,0.03546773620000003
230861,-0.4844445076000003
230863,-0.44406867200000005
230866,0.25393735060000006
230868,-0.0067206982000000085
230872,0.3898758122
230883,0.4530272351999999
230895,-0.2508858311999999
230899,-0.5019371160000002
230903,-0.1813151202
230904,-0.11306602099999985
230908,-0.41091121599999986
230909,-0.3808800633999999
230917,-0.23305454180000035
230935,0.5271835591999998
230936,0.15406668800000017
230959,0.8659346057999999
230967,-0.9274208926
230971,0.35923908099999996
230972,-0.12556068280000013
230979,-0.11384538359999982
230996,-0.30434984820000005
231002,0.2255649461999994
231003,0.2255649461999994
231004,-0.47862565879999985
231044,0.1693275119999999
231050,1.3643814358
231051,0.049809154800000144
231070,-0.0058667578000001445
231086,-0.2567264640000001
231093,-0.48715825640000004
231098,-0.1810096444
231103,-0.43610613879999993
231123,0.2382027832000002
231125,0.025001337399999636
231128,-0.3395746109999994
231130,-0.04294723020000006
231134,0.38993509600000015
231147,0.2693879171999997
231148,-0.3678944258
231151,0.43457604860000004
231162,0.5436978628000001
231207,-0.45566939379999993
231214,-0.2958245005999999
231225,0.2774676683999999
231238,0.037859144400000135
231252,0.7015552317999999
231279,-0.45375992159999984
231290,0.19379178679999987
231293,0.09864670659999994
231296,-0.1466328142000001
231326,0.3258217778000002
231327,-0.14928134560000003
231329,0.10933727859999998
231380,-0.1594369188
231382,0.6940201417999998
231386,-0.13939339200000056
231413,0.06729183440000046
231430,1.1277017476000002
231440,-0.7908301401999995
231452,-0.013127458599999642
231464,-0.0836549620000003
231470,-0.72612316
231474,-1.1210766036
231503,-0.9968752341999998
231506,0.1831716988
231507,0.41183981199999986
231532,-0.7072925608000002
231549,0.136808471
231571,0.21142250119999986
231580,-0.21092049440000019
231583,0.26418600280000015
231600,0.05860244320000021
231602,0.23483311760000003
231605,0.5426271571999999
231630,-0.10915364679999984
231633,-0.3187243268000003
231637,-0.10761937360000022
231642,0.7510045876000003
231646,1.2459922602
231655,0.21560158799999982
231668,-0.47090633900000006
231670,0.36108040319999973
231672,0.1538304536
231691,0.45687780819999996
231712,0.46697064399999955
231713,0.8523817982000003
231724,-0.09319006500000002
231727,0.0896128482
231760,-0.19422377899999993
231769,0.2893946119999999
231798,0.5643265719999995
231801,0.043982140399999814
231803,0.09836910199999985
231805,-0.15566841780000013
231821,0.2092479879999999
231830,0.3017683635999998
231832,0.7547240229999999
231834,0.295528264
231841,-0.026393092600000046
231842,-0.4025872632000006
231855,-0.4099553539999999
231858,0.6658454782000003
231861,0.03173750040000005
231863,0.23285102299999982
231866,-0.15532274060000004
231871,-0.1304689060000003
231872,0.26694439600000025
231876,0.7763977095999999
231887,0.3171762500000003
231903,-0.2224133964
231912,0.28831176560000016
231915,-0.027302925999999415
231931,0.5187911720000002
231932,0.33291814619999993
231946,-0.3784371631999998
231986,0.7341455367999997
231997,0.5373885212000001
231999,0.3362244831999998
232023,-0.7779542739999996
232035,-0.48188683059999987
232086,-0.11814750360000001
232087,-0.3066480479999999
232089,0.3697960843999997
232146,-0.6793404882
232156,0.11742536699999988
232157,-0.07355260779999995
232164,0.41532051599999986
232174,-1.4023452637999998
232187,0.7539664845999999
232196,0.36914044020000053
232201,0.15826988200000044
232210,0.23863807619999983
232223,0.6648331816
232227,-0.11413779599999999
232232,-0.37925865640000006
232236,0.6323397025999995
232237,0.6052315892
232286,0.1752649882
232288,-0.28575302780000006
232313,-0.21325153939999986
232314,0.3791934369999998
232333,0.13367836140000033
232334,0.2500994241999999
232337,0.5242620685999999
232339,0.6751788770000002
232341,-1.0060592704000002
232345,0.5714157228
232370,-0.864806784
232371,0.3386639896
232413,0.3227618692
232414,-0.494253599
232430,0.16935206060000035
232441,-0.12379255479999988
232491,0.3282227520000001
232493,-0.8013331878000001
232533,-0.38429053339999975
232536,0.8245065591999996
232539,-0.0031119624000000455
232560,-0.18595361799999993
232566,0.08091028520000024
232585,-0.25625957999999993
232664,0.1969788927999999
232670,-0.6480907699999996
232679,0.45275184739999974
232680,0.6679289498000001
232714,-0.4715660059999999
232717,0.08301975699999975
232784,0.3195323732000002
232790,-0.292816912
232798,-0.20816289080000008
232801,0.40732263339999997
232807,-0.044284588000000014
232813,-0.9251063919999999
232816,0.3222605316999997
232821,-0.05185948239999982
232827,-0.0029736299999998826
232836,0.7057898184000001
232854,0.5794937469999999
232875,-0.6231825825999999
232878,0.3094575079999998
232879,0.47096710140000064
232889,-0.3690391944
232910,0.3646614799999998
232925,0.14657433660000008
232934,0.5314354576
232941,-0.5064097328
232943,0.4238839795999999
232944,0.1370703513999995
232946,-0.10700741960000038
232947,0.1402044373999999
232969,-0.29353356839999983
232970,0.4178281238
232973,0.31520501519999994
232975,0.37363391759999975
232976,-0.3185953020000003
232984,1.1440538026000002
232987,0.6216919419999997
232989,-0.26712281179999947
233011,0.0974520459999999
233016,-0.5930207340000002
233020,-0.12969117600000005
233033,-0.19344429279999958
233038,-0.07037116300000079
233040,0.25805868820000005
233046,-0.22235271359999978
233056,-0.5175742945999999
233060,-0.6214331248
233064,0.25000263200000034
233065,0.2655783476
233066,0.2738409731999999
233067,0.1300189399999999
233071,-0.006228451000000135
233073,0.45055640600000013
233079,-0.23027667319999984
233080,0.6121491657999998
233081,0.6121491657999998
233107,0.8286402795999999
233115,1.367153456
233187,0.36511105660000015
233189,0.3997669724
233199,-0.011441550800000222
233204,0.26744093940000013
233208,0.37636821400000003
233210,-0.11245665079999974
233246,0.04798703719999997
233271,0.07016835820000011
233276,0.20587345239999982
233280,-0.9081521271999999
233315,0.11968177339999997
233328,-0.0659522813999999
233332,-0.3741367369999999
233335,0.22103635719999995
233405,0.3223936096000001
233406,0.7831507494000001
233410,-0.21297367399999984
233424,-0.47198787980000034
233489,-0.46780430000000023
233490,-0.0146933360000002
233529,-0.09776804800000108
233532,-0.41110035400000006
233537,0.3843396831999997
233549,0.03842048440000001
233571,0.5805104096000001
233649,0.3700564378
233651,-0.0023492977999999276
233724,0.47687596979999985
233726,0.36369451660000013
233733,-0.3067348394000001
233744,0.020716232599999884
233752,-0.017405812399999922
233765,-0.2384798732000002
233781,0.02151611260000017
233789,-0.09961163640000059
233799,-0.6812734826000002
233801,0.12120440399999977
233802,0.3317443994000001
233805,-0.6083759284
233813,-0.07725602860000018
233824,0.06697512640000003
233826,0.47250345979999986
233833,0.044306631599999945
233836,-0.16185239660000014
233863,-0.08977413620000015
233870,0.04527177040000012
233871,-0.2931801820000004
233875,0.6258230343999998
233876,-0.13138679100000045
233877,0.3790407055999999
233878,0.29871284560000005
233887,0.27671003980000036
233890,0.05846505459999953
233893,0.1497857737999997
233895,0.1145714660000003
233900,0.1838065179999994
233902,-0.07988647679999943
233904,0.0913523596000001
233905,0.09496439740000007
233908,0.24212384799999925
233912,0.4369899882
233918,-0.16207379640000016
233919,-0.020682355799999996
233977,-0.37204444179999996
233979,0.27282709600000005
233987,0.7641485064000001
234023,-0.06069587200000015
234072,0.1095634384000002
234076,-0.5359937966000002
234086,-0.2744395310000002
234094,-0.32974732300000015
234129,-0.4790398626
234130,-0.035607120000000325
234138,0.5428733375999993
234155,-0.3383079038000001
234199,0.2002580629999998
234219,0.18812416460000003
234258,-0.4486353210000001
234267,-0.2593324470000001
234309,-0.03814213679999998
234311,0.2142529208000002
234329,-0.19024319479999993
234344,0.3604225012000004
234353,-0.6164729114
234356,-0.32641704559999984
234365,0.6220830558000001
234366,0.16031113100000063
234371,-0.34162500239999966
234374,0.912159765
234378,0.5049027116
234384,0.718802436
234395,-0.4519319158000002
234396,-0.6114660080000001
234404,0.4226969399999998
234407,0.04295319400000004
234421,-0.16887004339999975
234463,-0.030302325199999914
234515,-0.11842017619999971
234542,-0.8352779804000001
234549,-0.10454988400000005
234577,0.5530613110000001
234582,-0.1510181672
234593,0.02359460819999999
234594,-0.1094936748000002
234595,0.05513697920000009
234663,-0.05111911920000001
234664,-0.04743407579999985
234677,0.3151297892000001
234683,-0.06974794880000008
234686,-0.18300688980000004
234699,0.0010291628999999692
234700,0.014742459000000086
234723,0.1837820107999999
234724,0.17520989199999965
234725,-0.3476440509999999
234728,0.36700199740000006
234729,0.6500703481999999
234733,0.6408994188999999
234736,0.015534655200000103
234740,0.43243297500000005
234776,0.14630275819999988
234788,-0.5136077726000001
234796,0.7925497825999998
234797,-0.03182055800000043
234814,0.4436261144000001
234825,0.10302163800000023
234836,0.8311502233999998
234839,-0.20483298599999955
234847,-0.1093165280000001
234852,0.23244041100000068
234854,0.06636258859999984
234857,0.04419863460000002
234875,-0.08199266600000107
234911,-0.2919664688000001
234959,0.6921309842000001
234967,0.4865124238000001
235028,0.025746610599999185
235033,0.35535821379999977
235040,0.11330653400000017
235041,0.6542783689999999
235043,0.25644174159999994
235050,-0.14336557360000013
235086,0.18911861919999956
235106,-0.5763237962000001
235130,-0.23672517699999993
235132,-0.21283672760000005
235134,0.18699421899999996
235135,0.6561868127999999
235169,0.27108036599999963
235184,0.26646177140000005
235281,-0.5135455600000004
235283,0.0464362622000003
235293,-0.07246142280000001
235315,-0.23764414640000026
235320,-0.6449557199999999
235323,0.08041948140000059
235330,0.09747885800000003
235339,0.5855231597999998
235344,0.7393061935999998
235379,0.5193763295999998
235380,0.21224895059999999
235386,-0.5995533716000001
235402,0.10029768320000007
235406,0.5115543139999998
235415,0.07391279399999959
235416,-0.20759798919999978
235431,0.04624763959999996
235435,1.4662688782
235439,-0.23037700379999962
235441,0.3218550474000004
235442,-0.24528002200000038
235459,0.3102875046000001
235469,0.2528334506000002
235472,-0.8669024500000002
235497,0.00404877999999993
235504,-0.14255568600000004
235505,0.19622711119999997
235527,0.10007017440000006
235533,0.38525615299999993
235542,0.2474704297999999
235567,-0.5204453890000001
235574,-0.46827867359999936
235582,-0.106829442
235584,0.12711637600000003
235587,-0.4667560112000002
235599,-1.0222228815999999
235604,-0.23231729540000004
235606,0.23397876399999937
235610,0.5295544079999999
235611,0.18826971419999988
235623,0.0735296580000007
235626,-0.2334054332000001
235627,-0.30377245839999995
235628,0.06810794079999986
235631,0.13613721179999985
235633,-0.039699897999999935
235636,-0.34922780519999996
235661,0.26661883759999994
235682,0.16083905460000025
236193,0.20150958039999978
236266,-0.6313552846
236285,-0.42057276880000016
236511,0.2742173418
236539,-0.06827167179999982
236643,-0.09073202260000005
236690,-0.5700377156
236727,-0.051989833799999906
236732,-0.09221642199999991
236781,-0.9426628851999999
236852,0.20951585800000014
236899,-0.4819318026000001
236900,0.4887819607999999
236904,0.9348731506
236915,-0.019679578200000415
236920,-0.14850653520000012
236930,0.19407341660000005
237010,-0.3178301121999999
237038,0.35069316379999993
237052,-0.03134481340000015
237073,0.6968220036000002
237082,0.48519480159999995
237091,0.16647722199999987
237107,1.3924622222
237178,0.6333275886
237211,0.1292374889999998
237213,0.14379428820000023
237221,0.5416346167999999
237222,0.5992402833999998
237253,0.1906661625999999
237256,0.30519785420000006
237310,0.7705836134000001
237313,0.6417443144000001
237336,-0.07941630480000014
237339,0.14515504959999942
237353,-0.5265946032000002
237360,-0.10834892119999964
237362,-0.1594842732
237387,-0.33141390579999985
237397,-0.041890149999999696
237400,0.24276342639999965
237403,0.08833010539999986
237422,-0.31424338659999956
237436,-0.18662316379999985
237459,0.149033689
237465,-6.597776000000444e-4
237500,-0.2863606131999997
237504,-0.0856724882
237542,0.15903955060000002
237553,0.48762726399999984
237560,0.18093199199999993
237611,-0.4358415670000001
237615,0.8590689249999999
237625,0.7708074550000001
237636,0.41396304579999993
237711,0.24736343560000015
237716,-0.13964152919999986
237754,-0.38452676519999995
237758,-0.31106034220000006
237759,0.19609745839999998
237761,-0.2946414051999998
237775,1.2712199445999999
237781,0.08125931039999985
237782,0.07196089820000022
237806,-0.17021071020000011
237823,-0.34509923539999987
237831,-0.02864640719999976
237847,-0.12377279600000009
237860,-0.44928217000000037
237868,0.42694486819999977
237877,0.7546473904
237890,-1.4603507792000003
237891,-0.6809575451999998
237898,-0.4828645708
237911,0.07971885640000007
237926,-0.3250404858000001
237928,-0.6367306419999996
237930,-0.28295009440000046
237934,0.11425425760000012
237940,-0.19082236599999974
237943,-0.1479082192
237958,0.6729745171999999
237979,-0.29592784760000035
237987,0.39058220759999995
237988,0.21042533339999983
238011,-0.6239969152
238021,-0.1423000136000004
238024,-0.05206745019999994
238055,-0.07907655220000001
238057,-0.4136440126
238076,-0.057379451400000024
238130,1.6116473413999999
238161,0.37659755439999987
238205,-0.4171883821999997
238217,0.1626153535999995
238247,-0.1801002630000003
238252,-0.8932492122
238257,-0.1925843472000004
238266,-0.00810860600000014
238271,-0.08963793619999993
238276,0.16509100179999986
238317,-0.05721470640000019
238323,-0.28685673040000026
238328,1.2850091362
238330,0.06955427699999994
238331,0.11834909999999965
238333,-0.1610904554000002
238377,0.12590522100000037
238384,0.2551537158
238386,0.32753315520000015
238455,-0.7913256264
238463,-0.23533928479999994
238505,-0.39934051280000027
238555,-0.06183234999999989
238564,0.8334028594
238673,-0.015360483600000308
238680,-0.3318279050000002
238725,0.14877186939999998
238799,-0.2933805817999996
238803,0.11765387339999984
238831,0.8632922800000001
238875,0.12884519979999992
238880,0.3440646895999999
238896,-0.41039127620000004
238988,-0.5058733581999999
239017,0.3087849146
239027,-0.04320622179999987
239037,1.5665206162
239038,0.6248744199999998
239083,-0.1328909624000003
239096,0.055122843399999774
239099,0.9012388529999997
239102,0.3330570980000004
239114,0.48607050979999966
239122,0.17276494719999996
239126,0.35651062619999985
239133,0.10657412160000002
239157,-0.5616404973999998
239167,0.4420525370000002
239188,0.008587950200000005
239250,-0.1332925684000001
239273,-0.02285235320000023
239283,-0.023556720200000037
239318,0.3774019029999998
239319,-0.1294880864000003
239336,-0.04603083500000036
239337,0.9446833416
239364,-0.46243952340000016
239393,0.16795543520000003
239405,0.36077311980000004
239408,0.2354646284000002
239420,-0.2999939382
239435,-1.0991277408
239436,-0.34214820279999997
239447,0.8671926853999999
239463,-0.0459892252000003
239510,-0.22853247619999983
239528,-0.007392541999999835
239530,0.6349076854000001
239546,0.5028256251999998
239552,-0.35587022500000015
239555,-0.349723208
239556,0.3047672890000001
239570,-0.06459621999999995
239606,-0.1436382897999998
239618,0.03470232179999995
239647,0.049848785999999735
239652,-0.05937630100000009
239659,-0.27061805240000014
239667,-0.48427319660000007
239691,0.17385294420000025
239706,1.4592733093999999
239739,-0.005793464599999609
239743,-0.14783793040000007
239759,-0.014234342199999972
239766,0.5691267289999999
239789,-0.6013250144000001
239790,0.26076781080000017
239796,0.5278124173999998
239827,-0.2187094076000001
239833,0.3230242264
239839,0.6244215797999999
239845,0.6004642975999999
239852,0.03522722120000017
239857,0.6517243788000002
239931,0.9543531422000001
239932,-0.5436143872
239985,0.04850163380000083
240023,-0.10743911199999907
240025,-0.3273932744000002
240028,-0.6772620763999997
240041,0.20176960779999967
240047,0.34886663719999983
240055,-0.48270643
240057,-0.38155773480000005
240058,-0.2494545721999998
240064,-0.14135236439999996
240068,0.9256696007999998
240084,1.3071693893999998
240087,-0.05343977359999989
240119,-0.19198880519999983
240121,-0.58720989
240131,0.8429997029999999
240168,0.41262202720000013
240174,1.1106024270000001
240186,0.26860975779999985
240215,-0.8952810620000001
240239,0.16756848380000014
240255,0.6283295087999997
240261,-0.7624017676000002
240263,0.2612641474000002
240283,0.2939410122000001
240322,-0.11142481200000001
240332,-0.697278742
240354,0.29846861860000046
240396,0.04192127019999976
240411,0.2705299052000001
240427,0.6930363076000002
240442,-0.08672010599999994
240444,-0.0946794982000001
240476,0.10925120339999986
240505,-0.5800349926
240514,0.13279594820000007
240518,-0.22907406120000004
240590,0.6985489556000001
240595,0.19417357099999996
240614,0.484364611
240633,-0.07902622700000003
240638,-0.17494033060000014
240641,0.26020872660000016
240660,1.2630310851999997
240665,0.17346965519999982
240667,-0.5255414659999997
240672,0.3890307909999999
240675,-0.5102931010000002
240690,-0.16305169239999984
240697,-0.9089167934
240725,8.698458000000464e-4
240726,0.33939243999999996
240752,0.030492270199999894
240753,0.025364394400000025
240754,0.5005229375999999
240756,-0.12418931160000035
240776,0.3932542250000003
240816,0.1542914085999997
240832,0.04171931419999986
240843,-0.20133645560000007
240869,-0.029538171399999945
240873,0.1426669878000002
240880,-0.011990108599999872
240888,0.19322269479999984
240899,0.64743525179999994
240913,-0.4427409432
240916,0.16518448779999995
240960,0.45097083399999977
241035,-0.43018457399999954
241062,0.5259547063999996
241066,0.7705790468000002
241073,0.30629087499999985
241075,-0.023495521800000318
241113,0.15823776780000004
241118,-0.23263328220000004
241128,0.033481845999999746
241134,-0.1017687146000001
241159,-0.8773718622
241196,-0.3908663458
241197,0.5891219143999997
241201,0.4765568983999999
241226,-0.0601707494000002
241230,-0.05487550419999998
241263,-0.9313883977999999
241274,0.006855418399999991
241275,-0.5831303662
241289,-0.2517733756
241296,0.14603294500000033
241303,0.24574151799999983
241308,-0.5785144676000005
241322,0.1913903910000001
241324,-0.13740623440000005
241327,-0.40234314680000016
241391,0.7783849033999998
241431,0.23053007679999996
241447,0.05755986239999977
241452,-0.2786008191999999
241489,-0.23751197320000017
241490,0.2883636284000001
241494,0.39629668779999977
241514,-0.2754398185999998
241516,0.7124566805999997
241520,-0.18501755719999985
241525,-0.5402490102000004
241528,-0.05536164680000013
241547,0.8578527671999999
241556,-0.008335020199999831
241568,0.8927653124000001
241576,-0.42818027399999997
241589,-0.37833802400000033
241612,-0.39205596579999985
241624,-0.09265763639999998
241627,0.4371053909999998
241633,-0.09516047959999963
241636,0.004386017599999903
241639,-0.15129738100000029
241688,-0.43250098020000005
241694,0.10881612739999973
241727,-0.09492563180000016
241764,0.3106015573999999
241769,0.02126100500000021
241770,-1.7690170014
241794,-0.23026351420000007
241846,0.13870000919999992
241850,-0.23764882179999977
241877,0.5240664924
241915,-0.05862608640000015
241919,-0.8946243326000002
241950,1.1005524912
241989,-1.3069529876000001
242022,-0.1360678356000001
242050,-0.22182309140000003
242083,0.16662747079999995
242093,-0.2544657082
242100,-0.3012597574
242109,-0.43824063180000017
242122,0.33517807999999993
242125,0.32955104300000004
242126,0.55790848
242151,0.09950607039999992
242202,-0.08554263380000009
242235,0.5115390648000001
242248,0.30913775
242259,-0.5160714775999999
242274,0.2686468579999997
242285,0.2782556596000001
242297,0.06411634100000008
242316,-0.9317556976000002
242341,0.030971563000000212
242362,0.6956439346
242377,-0.9937659972000004
242384,-0.5488075514
242406,0.19644436900000012
242408,0.7073688157999999
242409,-0.4175239584
242418,-0.19338701320000026
242425,0.26876503499999976
242443,0.03866450539999997
242466,0.6433674707999999
242474,0.09540979899999993
242484,0.1316563116000001
242505,-0.11709164199999984
242506,0.8191522147999998
242509,-0.024380819399999965
242521,0.09300028599999947
242523,-0.2330575352000001
242553,0.6324006148
242557,0.5948818034000001
242570,0.2092473091999995
242585,0.013054644600000031
242603,0.15306697059999985
242607,0.0339464984000001
242608,-0.2074348126
242620,0.06570962319999998
242642,0.3440158139999996
242653,-0.10282762860000005
242662,-0.6117485793999998
242667,0.07361319460000004
242681,-0.03515867060000009
242687,-0.22533974599999987
242691,1.1864047777999998
242700,0.2045808926000002
242702,-0.4884694357999999
242721,0.24310605400000007
242735,-0.14151696719999993
242773,0.2049844428
242785,-0.13119326339999998
242805,0.2497940817999999
242819,0.4769356005999999
242838,-0.08252832040000024
242851,0.10456526819999983
242860,0.7700562983999997
242864,1.0751539395999998
242891,0.6157303517999999
242894,0.34514982399999994
242939,-0.5575614090000001
242960,0.08704936780000025
243025,0.06480959439999996
243043,-0.7990738412000004
243078,-0.01951246099999988
243083,0.23265612379999973
243084,0.15548749939999978
243168,0.21793410780000003
243272,-0.1624089998000006
243274,-0.8599273002
243300,-1.3003356890000002
243312,0.8485978834
243328,0.11448607699999994
243339,0.2085013398000001
243362,0.0903770033999999
243371,0.6905352095999998
243372,0.05321895159999999
243374,0.28162255199999997
243382,0.1927456811999999
243385,-0.2988304482000001
243499,0.9809383636000002
243510,-0.48921291420000035
243535,0.18046570619999996
243537,0.07759267679999979
243548,-0.2548268994
243574,-0.4472188644000001
243612,-0.5437418517999999
243616,0.9554201735999996
243621,0.516697808
243634,0.34743699039999987
243653,-0.18766697959999998
243659,0.005285130799999838
243725,0.34481169939999984
243743,-0.5019844566000004
243755,0.23272160359999985
243764,0.12421378300000008
243771,-0.15096938939999963
243813,0.7219915978000003
243816,-0.03820957399999969
243819,-0.6001374346
243822,-0.4261304939999995
243833,0.9182713534000001
243834,0.2826053382000001
243846,0.2966773041999998
243853,-0.034155192000000056
243864,-0.8030917152000001
243867,0.5565445808000001
243874,-0.09212195739999993
243897,0.07105421340000007
243906,0.6548562102
243910,0.00827198199999941
243911,0.10489402299999995
243912,-0.028944262999999814
243914,0.34452470720000006
243923,0.6503614406
243931,-0.43155094679999995
243937,-0.9635877777999998
243958,-0.09356424439999955
243961,-1.1815834058
243963,-0.568588366
243967,0.0021030317999998437
243979,1.0577710754
243983,0.3320731918
244049,0.23306335239999978
244058,0.05003677179999997
244059,-0.13288989399999984
244071,-0.23772543199999996
244141,-0.059942765000000085
244144,-0.31343130519999995
244178,0.06345204140000008
244179,0.8682970032
244198,0.5365322938
244199,0.09588764399999974
244202,0.0626725721999998
244209,0.10129145919999978
244216,0.23536106799999992
244219,0.2556297002000004
244238,-0.43819168500000016
244281,0.044233331400000075
244310,-0.45656292479999994
244329,-0.46550584140000006
244349,-0.041703081200000366
244373,0.7118928342
244416,-0.49830200000000036
244421,-0.27777082099999967
244431,0.6872609035999999
244448,-0.18157844139999996
244484,0.18066530159999994
244486,0.17902436039999986
244548,0.9308456526000002
244550,-0.004676676000000412
244551,2.450159999995094e-4
244556,-0.5453669920000003
244562,0.29881470200000004
244579,-0.005581327600000119
244585,-0.11418020959999993
244608,-0.8711050274000003
244631,0.48734354700000015
244650,0.36325132699999985
244666,0.37988808440000027
244667,-0.8399817495999997
244668,-0.585863818
244672,0.5038754048000001
244682,-0.4997902918
244694,-0.21299657440000014
244698,0.04901212759999982
244701,-0.18099138060000008
244713,-0.7287334254000001
244721,-0.1916808941999996
244745,0.1380234259999998
244757,-0.32463269660000016
244813,-0.4396343646000001
244853,0.1328661757999999
244859,-0.906443332
244864,0.34066896639999983
244867,0.26121091920000017
244871,0.3683197660000001
244879,-0.21847525360000014
244882,0.2627152942000003
244885,-0.721761144
244891,0.03154881680000017
244911,0.2113764567999997
244923,0.40197050160000014
244954,-0.3521978248
244958,-0.4632857753999998
244962,0.19012440300000008
245000,0.07113028740000012
245007,-0.17666941019999988
245020,-0.21535321119999998
245026,0.3659150767999998
245038,-0.7130376893999999
245049,-0.10507268660000006
245126,-0.03182281059999994
245195,0.3513477880000003
245308,-0.5467982086
245368,0.3659551525999999
245381,-0.21365249799999972
245386,0.18232363020000006
245403,-0.6340918040000002
245424,0.1597931641999999
245446,-0.1737515159999999
245450,0.07244748819999973
245468,-0.19537867400000017
245469,0.3171858475999999
245474,0.058061410799999894
245522,0.7300181935999998
245527,-0.048358116400000116
245532,0.4160500140000002
245533,0.25427554360000004
245536,-0.6077827175999999
245537,-0.06153258400000006
245572,-0.35905996279999997
245595,-0.33301839599999994
245596,0.056615750399999956
245610,-0.5554091182
245622,0.5431707630000001
245638,1.122844591
245650,0.10386168359999992
245666,0.6398076591999999
245670,9.187165999997582e-4
245671,0.45822048960000006
245683,-1.2428880926
245684,-0.4722980522000001
245688,0.3407664100000002
245695,0.6730517322
245827,-1.3786224267999998
245828,0.5449436247999998
245841,0.49209309619999997
245847,0.41578238079999996
245857,0.27749791639999993
245860,-0.5053599440000003
245866,-0.07165153379999971
245867,0.12175455640000017
245877,-0.2741016840000004
245880,0.13074880700000016
245886,0.1526928144000003
245902,0.5667941052
245944,0.2204331294000003
245945,-0.5738432954000002
246048,0.13569021800000014
246049,0.44930831720000014
246086,-0.23809814599999995
246102,0.020960011199999774
246103,-0.5371362719999997
246104,-0.7429328144000001
246133,-0.5627728528
246154,0.5564832332
246177,0.08133623999999955
246179,0.6916182092
246190,0.9524291278
246196,0.39937141200000037
246198,-0.4838810000000002
246221,0.08719628820000018
246228,-0.3572399886000003
246229,0.5433728265999997
246257,1.2797534212000001
246277,0.027107460999999944
246293,-0.21519732760000015
246313,-0.6360136266
246316,0.2660036070000002
246317,0.08356332219999985
246691,-1.1849391308000001
246694,0.09219813499999993
246696,0.3355069352000001
246700,-0.14491929420000024
246707,-0.5854198659999998
246709,0.49198942360000003
246710,0.041617460800000214
246727,-1.0727895868000001
246728,-0.1985535585999994
246738,-0.11814267100000028
246746,-0.47435559999999943
246747,-0.13906166960000022
246779,-0.33610360800000105
246782,0.18883670980000034
246787,-0.14832033539999995
246788,-0.09470661139999992
252837,-0.6601648556000003
252838,0.20215400220000018
252864,-0.05609100180000013
252868,-0.49273412939999994
252870,-0.16236998600000022
252875,-0.15009200560000036
252876,-0.3007572688
252903,0.2021000544000003
252966,-0.06528855980000045
252967,0.2852819067999999
252972,-0.2530440860000002
252973,-0.5368629008000001
252974,0.05309145459999991
257630,0.08188331719999989
257632,-0.3654967976000002
257633,0.28051759940000026
257635,-0.22225171760000037
258806,0.170130292
259277,0.8198112524000003
259279,0.1326543862000001
259300,-0.5677632684
259301,0.6885131389999999
259302,0.19266848699999972
260297,0.1983139264
260298,-0.1425329726000001
260299,-0.5117496455999999
260301,-0.026809904600000146
260302,-0.023816802000000338
260305,0.5786372437999999
260315,-0.05567423459999983
260408,0.47159355219999977
260409,0.031243041399999782
263406,-0.4929888520000006
263764,-0.1733035582000003
263803,-0.3718513346000002
263876,-0.06651139580000028
264064,-0.30184876100000047
264895,-0.2978572879999998
266614,-0.11153249279999997
266620,1.0664602331999997
266632,1.0737418835999997
266645,-0.7853608884
266690,0.4906066299999997
266692,0.3531005954000001
266744,-0.11166736939999992
266781,0.2137529299999997
267019,-0.2051773048000002
268281,0.30041572819999995
268288,-0.2555747233999998
268291,-0.2212739481999999
268294,0.40843415580000003
268297,0.3377821140000002
268301,-0.17979662980000022
268345,0.4163133978
268373,0.2398971859999996
268379,0.13763178820000005
268395,0.22242306519999958
268396,0.057642420999999985
268417,0.3005696321999999
268420,-0.5454022940000005
268445,0.06970922639999984
268448,0.21345187220000011
268449,0.15606256799999976
268451,-0.5352036578
268465,-0.23697042259999995
268469,-0.4385408168999995
268481,-0.010181202000000056
268482,0.537275056
268490,-0.13684897199999996
268510,-0.15262922600000017
268512,0.20868623640000017
268527,-0.2951662050000007
268534,0.3160460568
268564,0.4190586004000002
268566,0.38073146599999996
268567,0.1905646279999999
268591,-0.36948401560000016
268656,0.7124205111999998
268663,-0.04257930979999962
268686,0.0864621771999996
268706,0.20294841519999984
268709,0.2996573519999998
268721,-0.09717525399999971
268739,-0.40805927839999995
268741,0.9625155880000001
268749,0.08692350299999987
268752,0.4475786274
268759,0.15394677240000004
268780,-0.3073510562000002
268782,0.9460734353999999
268783,0.00421777359999993
268807,0.7295606037999999
268822,0.3495702580000007
268857,0.07535329199999978
268859,-0.7571586906000002
268860,-0.2284855704
268878,-0.3461526546000003
268880,0.520871998
268882,-0.005606359399999849
268890,-0.31549751280000005
268902,0.40407219879999995
268903,-0.2660197966000002
268905,0.069312768
268930,0.048414040999999484
268932,0.5553034872000001
268933,0.3131167382000001
268934,-0.7481412592
268935,0.5672853867999998
268936,-1.1718596792
268958,0.44320394459999973
268970,0.5864127721999999
268973,0.9554251441999998
268977,-0.26416275259999933
268980,-0.09411184060000011
268996,-0.1329145999999998
269003,0.052302694999999844
269016,0.08917380960000001
269019,-0.2653225193999999
269037,-0.5104937369999994
269053,0.6411011791999999
269060,-0.13307488960000002
269061,-0.14265762200000012
269063,0.08873680239999988
269109,0.7649420453999999
269113,-0.11259843940000014
269116,-0.49837681340000034
269120,0.03230892900000013
269132,0.21610591600000023
269152,0.529706799
269180,0.002495377799999865
269181,0.49177808160000003
269198,-0.1942689139999997
269209,0.6072987748
269224,-0.1328888934000001
269233,0.4291583417999999
269252,0.7040345181999998
269254,-0.043611233999999756
269275,-0.801134536
269295,-0.9941091865999994
269328,-0.508029961
269336,0.008492867400000038
269338,-0.3265927774000003
269344,0.6381136974
269356,0.7290627864000001
269378,0.5826890041999998
269389,-0.5681821251999999
269397,0.6669100727999997
269400,0.03592744140000015
269437,0.05486022499999983
269470,0.04260156140000042
269473,-0.3879111873999996
269513,0.5302985858
269514,0.8502012412
269523,-0.395130288
269529,-0.42459155340000015
269536,0.23137159720000006
269582,0.5501962887999999
269585,0.43668039919999996
269589,0.14925227099999994
269593,0.12614402519999998
269604,-0.23924401799999978
269608,-0.19147064780000028
269610,0.9074247282
269614,-0.06538386600000017
269615,0.5351044545999999
269623,0.6223229991999999
269633,0.22417749059999997
269639,-0.36212501260000013
269642,0.07456780359999993
269643,-0.13980893720000004
269682,-0.38742141759999954
269693,0.1314348732
269695,0.6957906182
269702,1.1985686541999998
269704,-0.13985923800000002
269713,0.03939207719999986
269717,0.24552974399999988
269774,-0.08986433059999968
269784,0.22834041839999983
269788,0.04539748400000043
269800,0.18654416499999976
269823,-0.06295757160000015
269831,0.02791799640000008
269854,0.5104648394000003
269855,-0.10275335000000005
269870,0.5438621069999998
269878,0.7550990818000003
269881,0.6052556919999998
269941,0.1918027878
269951,0.5030393333999996
269952,0.2745758492000002
269954,-0.021747536000000168
269955,1.1071026920000002
269959,0.2504202552
269994,0.7313197791999998
269999,0.3109811180000005
270004,0.0972154788000001
270035,0.8391694303999998
270049,-0.5265882663999999
270058,0.0896866057999997
270066,-0.040148734000000276
270076,0.3808612481999999
270084,0.08161558079999995
270086,-0.5242337739999996
270091,0.33633338839999993
270096,0.04853467420000044
270097,-0.7686437762000001
270110,-0.06651319200000003
270118,0.08435238460000019
270120,-0.2482872764
270150,-0.4741748146000001
270151,-0.4386691147999997
270160,0.6580551567999998
270162,-1.4255958214
270163,0.14175537599999988
270166,0.7008250299999996
270190,-0.6106578069999999
270192,-0.23814013120000022
270198,-0.0461878819999999
270201,-0.11557947139999988
270624,-0.15134124640000018
270627,0.2855876018
270669,-0.3629494092000005
270672,-0.2838916982
270685,-0.12377250879999976
270757,-0.21791777199999948
270893,-0.7768521932000001
270906,0.1563911848
271005,-0.18471425560000015
271036,0.23928737960000007
271127,-0.7786029644000002
271209,-0.12903485540000012
271305,0.46569455359999995
271424,0.6914369133999999
271457,-0.2133584764000002
271564,-0.003603844199999884
271639,-0.04855559559999989
271697,-0.21042721540000003
271786,0.09675180980000002
271813,-1.0130178424000003
271842,0.7304574785999998
271844,-0.40892997940000003
271849,-0.11832046799999993
271887,-0.43503408000000016
271944,0.02575438840000004
271970,-0.7765386108
271981,0.4558968299999998
272027,0.2131300824000002
272347,0.058504906799999826
272359,0.6374922267999998
272381,-1.714095298
272382,0.2578162779999996
272411,0.26591566879999995
272428,-0.05686365300000009
272465,-0.7653973284000001
272538,0.016200657999999278
272551,-0.1709935758000002
272589,-1.1502836680000006
272636,-0.7709730816
276770,0.005930452000000486
276829,0.3553076772
276846,0.24306870999999966
276891,1.5499920418
276905,-0.03062866920000005
276919,0.9259380681999998
276920,-0.1790809210000001
276952,0.6594499662
277010,0.17283004899999987
277154,0.2222922928000001
277203,0.32044445579999997
277250,-0.11546724940000015
277328,0.011778346200000022
277343,2.7958806206
277353,0.3996325096000001
277360,-0.0980401619999995
277414,0.3983976939999998
277432,0.1505511912000001
277463,0.2309134946000002
277468,-0.36913364339999993
277743,0.04399176159999989
277854,-0.1061063948000001
277898,-0.13262573060000005
277939,-0.30091243099999987
277973,-0.43400396739999997
277978,-0.11335819560000004
278097,-0.08975805360000014
278180,-0.35695906360000007
278279,0.8865779334
278507,0.36600131359999966
278795,-0.31243413560000005
279028,0.13294528639999986
279499,-0.5204306634000002
279653,-0.7902169166000002
279766,0.41913738239999976
280287,0.44807253719999995
280408,-0.560393986
280411,0.4019287556
280635,-0.2644908318
280645,2.2745651878
280662,-0.3156762262
286940,-0.08848111779999997
286942,-0.7865339356
317652,0.41634764179999995
317653,0.4205622722000001
317717,-0.1881838152000001
317750,0.3006877959999996
317755,0.04709236359999993
319195,0.7336808182000001
319196,-0.34111376499999996
319197,0.422238727
319200,0.14279279659999994
319207,0.9052012984000004
319229,-0.13440364400000035
319239,0.039637387800000035
319259,-0.3806787776
319262,0.4124356660000007
319263,0.24909334020000012
319266,-0.7006662609999998
319322,-0.024508353999999954
319352,0.6113898092
319370,0.0602635799999998
319415,-0.3208612129999998
319430,-0.32029116139999997
319446,-0.3243744514000001
319448,-0.06371524979999972
319455,-0.03923231099999995
319468,-0.1582092515999996
319469,0.2566877375999999
319475,-0.1726576271999999
319476,-0.11954895559999983
319478,-0.0012200882000001911
319481,-0.32508271540000033
319504,0.411735239
319508,-0.6040970896000001
319513,0.0021851424000004726
319518,0.16188599300000028
319520,0.5463690037999998
319530,0.5529524442
319535,0.17746495399999987
319554,0.412752345
319555,0.6717529891999998
319565,0.3096379163999998
319579,0.09648855339999995
319583,0.7907973635999996
319586,-0.161150063
319594,0.45444081879999987
319601,0.039788991399999675
319604,-0.1846302554000001
319613,-0.5440241446000001
319618,0.34228486579999995
319622,-0.34008342460000024
319625,-0.5349911136000002
319634,-0.11332246140000013
319636,0.6105240357999999
319638,0.3587982924000002
319642,0.9055336686000001
319646,-0.7682050268000001
319651,0.08670888979999995
319653,-0.05311704479999966
319655,0.6888242204
319660,0.14300736700000005
319670,-0.39074587240000025
319695,-0.3125339246000001
319701,-0.1901173416
319710,0.2552412608000001
319713,0.2513938177999998
319719,-0.17316685659999997
319734,0.42670143239999997
319740,0.12323498619999959
319742,0.16313462640000012
319748,0.29672114600000016
319757,-0.24801718259999986
319758,1.1179523652
319765,-0.12423235560000005
319767,-0.32163194220000013
319776,0.012155456799999964
319804,-0.7712988249999999
319817,-0.40278846260000023
319822,0.5240374666000001
319832,-0.4922414592
319845,0.2502934785999999
319848,0.4735017334000002
319876,0.16049481840000013
319880,0.31843550139999977
319885,0.37181900999999973
319899,-0.33203994300000056
319901,-0.4753256094000002
319909,-0.4817730190000001
319922,-0.22393905160000002
319924,-0.8796751716000003
319930,-0.0034277176000001575
319934,0.36098414619999986
319939,0.0807977361999999
319942,-0.7869901820000003
319944,0.3105658470000002
319945,0.41166146710000034
319953,0.21142718340000002
319965,0.17524557399999985
319974,-0.44033574600000003
319984,-0.09949057099999976
319991,-0.7251469298
319998,0.08314734600000015
320007,-0.1900841812000003
320011,-0.15588244999999964
320024,0.28730449159999977
320027,0.22711796760000008
320040,0.18311394620000007
320051,-0.6342055400000001
320078,-0.31580178540000015
320080,0.1365290204000001
320091,-0.027167938800000346
320092,-0.7156977940000004
320095,0.16606601040000007
320100,-0.14963884860000007
320106,0.24549935719999993
320111,-0.18266037659999998
320116,-0.08801163599999988
320118,0.01681286220000011
320119,-0.20065128280000016
320127,-0.18438377120000018
320135,-0.054098577399999924
320139,0.4116677471999998
320145,0.9891303947999999
320150,-0.27012077759999986
320158,-0.3980293068000001
320162,-0.21839074059999994
320165,-0.3320630747999996
320181,-0.07488239180000003
320183,0.33051842380000007
320184,-0.05639326560000004
320191,-0.32912322939999966
320202,-0.04232437999999981
320208,0.5963976282000001
320213,-0.11227789319999974
320226,-0.003059820200000196
320234,0.5588406483999998
320244,0.09575680280000007
320256,0.2897663372
320267,0.7004732459999999
320271,0.19651875079999997
320277,0.00650621919999983
320292,0.12215056400000002
320299,0.06778261859999998
320311,-0.11216663120000003
320343,-0.2719536050000004
320355,0.6340088981999998
320360,0.23927144559999985
320365,-0.4234042112000001
320376,-0.38805478040000024
320394,-0.06098215919999994
320398,-0.11095917419999993
320404,0.19296442160000016
320405,0.16247324259999996
320415,0.12411668800000016
320429,-0.7056042942000003
320435,0.10300569039999985
320438,1.258147541
320452,0.4030764016000001
320460,-0.1306237276000001
320463,0.36833360620000005
320472,-0.6345362728
320473,-0.32158736060000004
320484,-0.12279576459999966
320487,-0.07841938340000017
320492,-0.33257765399999994
320495,-0.36241562599999994
320500,0.161177206
320502,-0.5444964952
320506,0.545408532
320508,0.15941322159999985
320522,0.24943920639999959
320528,0.09853114920000028
320534,-0.2878719664000002
320538,-0.08135415919999964
320541,0.6065778912000003
320554,0.12524689880000023
320557,-0.51938784
320558,-0.6212119857999999
320560,-0.17349341400000035
320563,-0.19144978919999991
320587,-0.011225712599999849
320590,-0.5332895303999999
320595,-1.1474067998
320604,-0.2277405498000001
320609,0.12640740320000016
320632,-0.10076213199999984
320633,-0.2317173210000001
320634,-0.3368836649999999
320635,-0.1076809031999999
320655,0.5150668467999997
320661,-0.34207916800000004
320664,-0.6417002563999998
320678,0.035617479600000126
320679,0.49991531819999996
320683,0.8925552668
320685,-0.19079952460000005
320696,0.7045120695999996
320705,0.3335729377999999
320707,-0.7005526596000002
320709,0.7588558119999997
320712,0.35167261399999994
320713,1.1892679465999998
320714,0.13161378139999994
320717,0.10266451800000027
320718,-0.18695814260000015
320720,-0.20902847400000013
320727,0.4311250074000002
320736,0.12046752720000002
320747,-0.3760791294000002
320752,-0.186357658
320782,0.3792349034000001
320790,-0.07509343600000022
320795,0.29877864200000026
320799,0.2493994260000001
320806,-0.2071787793999995
320808,0.2919480498000002
320816,-0.12916294819999977
320817,-0.0798771969999997
320825,0.5050250459999999
320840,0.2984266502
320844,0.24323748139999993
320858,0.09202321859999998
320864,-0.5629727678
320865,-0.001359516000000216
320869,0.46734030160000006
320873,-0.8893006
320878,-0.1246475234
320910,0.2932448383999999
320916,0.5417706644000001
320924,0.19009672220000012
320938,0.21546633199999973
320940,0.24336136840000008
320951,-0.021120932000000182
320974,-1.1208252998
320981,0.5421906866
320982,0.4450442920000004
320995,0.18902994579999993
320997,0.21662122919999982
321000,0.2662057182
321007,0.4205784885999999
321019,0.38818087879999935
326622,-0.370387204
326623,-0.7946936387999999
327655,0.6858243338
327747,0.3946624851999999
327762,-0.4963065184000001
327766,0.06756033159999993
327799,-0.5340651261999998
327814,-0.5850734113999998
327826,0.5176619006
327942,0.30401789659999984
327951,-0.07752691340000002
327954,-0.15568796440000005
327956,0.17575518580000002
327957,0.9088225675999997
327958,-0.4096896666000003
327959,-0.0936067849999997
327978,0.30438408400000017
327987,-0.49449765940000034
328019,-0.5897718044
328035,0.5206684569999999
328092,-0.41246723419999987
328110,0.1520159053999997
328162,0.3380679402000002
328232,0.2127404093999999
328234,-0.778845315
328258,0.3879005620000001
328329,-0.14539744940000005
328365,-0.22784824720000002
328370,0.5046615492
328381,0.8797219461999999
328401,0.1870018924000001
328417,-0.06386397400000039
328424,-0.806816529
328451,-0.6254399879999998
328572,-0.1395023514
328580,-0.5134923152000004
328643,0.11083955440000004
328778,-0.2262234853999999
328779,0.027869027599999718
328788,0.6295716865999997
328789,-0.3992864075999999
328795,0.07509014339999975
328801,0.07706700640000044
328833,-0.3404029060000003
328845,-0.3201145258000002
328949,-0.9507778735999999
328967,-0.29228070499999986
329002,-0.1072617138
329003,-0.18646359719999994
329015,-0.22100713380000023
329064,-0.03667079140000009
329093,0.6125095569999999
329152,0.3299030313999999
329154,0.030471641400000138
329178,-0.6459657828000002
329207,-0.37224296940000007
329244,-0.32631889560000005
329251,0.7203198931999998
329252,-0.1334379578
329260,-0.008789593200000213
329274,0.7843133166
329278,0.37168745599999997
329324,-0.21416639020000022
329384,1.4881706278000002
329416,-0.4823850607999999
329421,0.3469581223999997
329470,0.432745218
329502,0.1130005205999999
329504,0.8454693098000001
329506,-0.7052603546000001
329547,-0.08650284780000002
329559,-0.20695257340000026
329581,-0.04490197219999974
329628,0.4716780346
329641,0.33122806860000004
329650,-0.2116442158000001
329659,-0.2077550139999996
329679,-0.9604268245999998
329693,0.07371255800000007
329727,-0.07838991560000022
329738,0.9670557885999997
329777,0.8563266312000002
329795,0.07647271759999992
329872,0.6432574874
329877,0.148159228
329908,-0.5336353772000002
329910,-0.018413349200000085
329934,-0.0010769637999999305
329941,-0.28237475079999996
329954,-0.5504923462000003
329972,0.16053792599999994
329977,0.5414597017999999
330010,-0.023711682000000067
330050,-0.060176718199999965
330064,0.10152638679999999
330096,0.18701863340000022
330119,-0.18775886400000016
330122,-0.29900168759999995
330149,0.5310353031999997
330171,0.21321784079999978
330177,0.1420615591999999
330188,-0.32096752780000015
330189,-0.40033706880000003
330192,-0.06657881600000018
330216,0.5238553365999999
330217,0.09517519120000006
330222,0.15240136079999989
330230,-0.08141077699999996
330260,-0.1126135810000001
330267,-0.3046649740000002
330286,0.03348699020000003
330301,-0.6773723107999998
330319,-0.15148315220000025
330355,0.16112958459999982
330361,0.39466915899999977
330369,-0.37980442619999977
330401,0.13885504239999982
330406,-0.2954144296000001
330409,-0.5768977158
330428,1.0558652205999999
330450,-0.2610880536000001
330460,0.29682591080000026
330463,0.6428194823999996
330470,-0.8199226385999998
330474,-0.2347287135999995
330483,-0.08326708599999985
330485,-0.41667702639999993
330502,0.7909624253999995
330554,-0.14854153239999998
330627,-0.17913844499999998
330657,0.12245515599999983
330660,-0.3268580902
330662,-0.3817320512000001
330671,0.41911847700000004
330695,-0.5625413505999999
330721,0.6928414460000001
330723,0.37108189659999996
330790,-0.23783967640000006
330812,0.30440609500000004
330817,0.3337312017999999
330820,0.17109024799999997
330836,0.24995285060000008
330863,0.19115457679999998
330890,0.4843769379999999
330908,-0.23061657479999997
330914,0.0052658862000000365
330921,0.27656100140000006
330938,-0.0236882158000002
330941,0.044734287799999974
330953,0.1756969550000001
330959,0.2676017481999999
330962,-0.14077631900000015
330998,0.4758203143999998
331004,0.009918078199999947
331026,0.2331397196000001
331046,-0.6516099976000002
331401,-0.11014104240000008
331461,-0.2319075294000002
331487,0.5484020669999997
331524,0.36087148800000046
331532,0.4455406901999999
331535,-0.1535231306
331623,-0.031028027199999995
332110,0.450406411
332131,0.12901486820000008
332175,0.7622670688
332221,0.12677572620000016
332309,-0.5596504838
332359,-0.09699650860000002
332396,-0.3202092016000001
332397,-0.10515510699999986
332427,-0.3567528945999999
332578,-0.10910908759999974
332934,0.70530214960000015
332937,0.38332402939999993
333050,-0.6991606014000004
333182,-0.4261304939999995
333315,0.5864055020000001
333329,-0.8538118561999998
333424,-0.020861844400000253
333433,0.7635247811999999
333605,1.0691353724000001
333639,0.07193379220000003
333654,0.024512535199999963
333789,-0.09503154859999974
333883,-0.8654562920000004
338320,0.08295631300000075
338337,-0.22959659740000013
338346,-0.21304983620000018
338348,0.3363204832000001
338349,-0.256202635
338352,-0.32680360340000014
338354,0.5269511589999999
338355,0.39415088800000025
338359,0.1667932239999999
338362,0.06276310140000003
338363,0.3817478881999996
338364,0.2984855128
338365,1.4134127708
338366,-0.07188183399999985
338367,-1.0347966806000006
338369,0.40149926239999967
338370,0.17500965419999998
338371,-0.14008112799999956
338372,1.1327650778000002
338375,1.7314564714000003
338403,-0.6513360871999999
338417,0.21911253600000008
338467,0.12865368079999992
338521,-0.1703583674
347722,0.2603237958000001
353025,0.283526788
353047,0.17356261339999968
353130,-0.9161274770000001
353148,0.25428928120000016
353155,-0.16220378480000014
353156,-0.2672358621999999
353165,0.09110644659999992
353169,-0.05558601200000002
353170,0.45382498039999997
353187,0.3059530253999997
353188,0.3737417583999999
353190,-0.30307960780000015
353211,0.12357868199999977
353234,0.2862723418
353235,0.2862723418
353236,0.2862723418
353237,0.2862723418
353242,0.39693855460000016
353258,0.33828545980000013
353282,-0.784938945
353283,-0.010882955799999827
353310,-0.14139105400000035
353326,-0.1256802638
353328,-0.8202084400000001
353344,0.29709837400000005
353346,0.6604878270000001
353499,-0.8914161557999998
353502,0.3123803113999998
360013,0.04628254799999994
360213,0.1280420138000001
360216,0.09113055319999983
368202,0.5825526009999998
373864,0.22364765460000005
378425,-0.23260080219999998
378430,-0.6003333192000001
378431,0.5546322893999998
378435,-0.5555972439999998
378460,-0.2522304404000003
378462,-0.2159933776000001
378700,-0.33325737579999987
378702,-0.25043317400000015
378937,0.2415300764000002
380601,0.04040348799999975
380614,-0.8067625564
380629,-0.22465098179999998
380660,0.4470940013999997
380664,0.7162488642
380669,0.22076332080000016
380683,-0.1302175792
380684,-0.07234072459999971
380686,0.5511745544
380698,-0.31238827099999983
380702,-0.19344509719999997
380705,0.04000892800000013
380709,0.6476866576000001
380711,0.5403717177999999
380712,0.13196437380000017
380713,-0.05329857620000009
380714,-0.20230730699999988
380718,0.11538540580000003
380728,0.5002549740000001
380753,-0.6119219560000004
380755,-0.15591846620000008
380773,0.7039229861999999
380780,0.09289093219999955
380785,-0.26217757440000006
380836,-0.48144757299999996
380840,0.08711159119999987
380842,0.5024633557999999
380863,0.5019094618
380912,0.49100965119999973
380916,0.4767407903999999
380918,-0.19765889659999997
380921,-0.22814214119999968
380924,0.2363224279999998
380928,-0.5303141330000001
380959,0.4181472405999999
380967,1.079752583
380969,-0.4693245634
380993,-0.06094463499999989
381022,-0.005870230400000054
381038,0.20074308279999986
381059,0.025979414000000034
381062,0.14987657520000006
381073,-1.0070545384
381077,-0.7209079786
381085,-0.1980154800000001
381101,-0.4494581676000001
381107,-0.853910973
381110,0.3293424311999999
381112,-0.8048301812
381113,-0.18888602820000006
381122,-0.006189613600000143
381142,-0.4525100233999998
381157,0.5272486132
381175,0.5315994866
381199,-0.8578093113999999
381201,-0.02836384600000059
381204,-0.8195144802000001
381246,0.8812245274
381259,0.3495899650000001
381269,-0.26764965500000015
381280,0.21324135719999998
381290,-0.8476178972000001
381293,-0.9440522322
381305,-0.19904851800000004
381314,0.5685175676
381318,0.06534808639999987
381319,-0.09235639540000022
381337,-0.7068460258
381338,0.3202943575999999
381339,0.13161786719999985
381352,0.6131330509999997
381356,0.2794934252000001
381359,0.2292270961999998
381373,0.31480461419999994
381379,0.03007900259999996
381399,-0.41974496540000006
381404,0.7303561569999998
381409,-0.29506756000000023
381410,-0.16109645399999978
381411,0.5847999348000001
381413,-0.03423299499999999
381418,-1.7642054472000002
381457,-0.11239650420000018
381476,0.6423808429999995
381485,-0.10794648700000006
381489,0.528263741
381510,0.10376293719999988
381511,0.4250577914000001
381534,0.17785030059999984
381538,0.28082916360000015
381546,0.20701244860000018
381549,0.7543356739999999
381560,0.8566955889999999
381580,-0.25372663720000005
381582,0.47933471819999995
381591,-0.0840235314000001
381605,0.3136443128
381626,-1.0760218139999995
381629,0.5930262716000001
381644,-0.06771712679999986
381668,0.03442295679999994
381677,0.2108514996000001
381678,0.7760664522000003
381686,-0.4887283184000001
381695,0.4425427516000001
381738,0.23603434600000012
381741,-0.001255689400000204
381760,0.1314370168
381798,-0.4616858556
381801,0.07635140800000002
381802,0.7261531666
381810,-0.6636960808000001
381813,0.012969034999999973
381823,-0.0862088648000002
381853,-0.07202432180000003
381884,0.11756513379999997
381903,0.022834983599999782
381921,-0.23218215319999996
381924,-0.2319057934000001
381974,-0.21639464120000032
381979,0.4386700991999998
381983,0.24559252319999994
381990,0.07480419519999977
382010,0.09509090599999999
382014,-0.4376783878000001
382018,-0.6245244110000002
382030,0.2922996428000005
382034,0.5002343890000001
382038,0.022498883999999643
382051,-0.006227115000000083
382056,-0.01929093420000072
382062,-0.2541787020000001
382066,-0.17936635480000032
382074,-0.4308972178000001
382077,-0.4482685776000001
382083,-0.5023696110000003
382089,-0.43421060260000016
382111,-0.8137585604
382113,0.19804920180000005
382117,0.40983189159999994
382118,0.6577412655999997
382137,-0.10171361240000021
382236,0.8537266991999999
382239,0.6485719833999999
382253,-0.09344549420000003
382406,0.05961191199999991
382423,0.22362331600000013
382427,-0.42529712920000007
382543,0.7139937587999997
382562,0.33890319359999993
382571,0.48466211920000013
382620,-0.11802858760000064
382639,-0.0785389878000002
382793,0.3564928704
382864,0.3640008836
382867,0.3899149634
382913,-0.3514819417999998
382985,0.233892072
383075,-0.10572343960000011
383103,0.131379466
383348,-0.43529909920000004
383491,-0.5867739166000001
383563,-0.3490197546000001
383619,-0.00030412999999995805
383709,0.23053007679999996
383766,0.43543393599999974
383787,0.4181174394
384009,0.15458156039999976
384061,0.38693917419999985
384071,0.33490027699999986
384185,0.05498342280000017
384214,-0.8057763245999999
384281,0.10647734359999994
384309,-0.2320555340000002
384763,0.07125616959999999
384783,-0.3671916060000001
384997,-0.6496062121999999
385354,-0.06231166660000005
385377,-0.19537867400000017
385380,0.9539948972000001
385658,0.4239152210000004
385668,-1.1326777756000002
385674,0.5979151246
386454,0.33977460799999976
386463,-0.16345767979999995
386611,-0.5227554005999999
386612,0.3171957618000002
386649,0.08821800800000013
386655,-0.4522606384
386750,0.1248583656000001
387165,-0.22956338039999996
387170,0.18571334839999984
387181,0.07442596279999983
387285,0.3394292123999998
387314,0.1576424089999998
387346,0.3065960004
387347,-0.21436616000000033
387348,0.41161378540000004
387349,-0.47270521099999996
387353,-0.37675040179999997
387355,1.5517071035999999
387356,0.0929118339999997
387510,-0.7770062999999998
387512,0.409307878
387513,-0.29463606859999975
387515,0.28416432300000005
387524,0.5542192950000002
387609,-0.12534169800000025
387616,-0.20665815420000017
394252,-0.17095520900000008
394430,-0.2864021939999997
394432,-0.2864021939999997
394433,-0.2864021939999997
394434,-0.2864021939999997
394435,-0.2864021939999997
394436,-0.2864021939999997
396184,-0.2634766167999997
399510,-0.9016991963999998
399548,0.10894126960000002
399558,-0.12347391480000018
403171,-0.3532579880000002
403174,-0.5265605636
403175,-0.30757137199999984
403178,0.5692687156
403187,0.1100452901999999
403205,0.1550517860000001
403395,0.5332949742
404194,0.6378554225999998
404242,-0.9195294088000001
404545,0.03967632659999998
404710,0.1251263004000001
406217,0.46637111959999994
406218,-0.11942105080000003
406220,0.2079544654
406221,-0.8623748137999998
407786,-0.31822579620000013
407790,-0.3986746434000003
407800,0.07827524059999984
407819,-0.035138746400000545
407821,-0.6958132087999997
407831,-0.015927431600000118
408057,0.5159474455999999
408068,0.36276861800000015
408190,-0.2589052251999995
408193,0.30452716420000003
408198,-0.21968715220000012
414084,-0.1322587564
414121,-0.48133171860000007
414801,-0.14633246599999977
414872,0.046304304799999765
415115,0.48649819699999935
431706,0.34055780599999996
432442,-0.29160965199999966
432467,-0.13898346060000008
432478,-0.3569450298000002
432486,0.30192716159999994
432508,-0.3271104992000001
432516,-0.5265223074000001
432572,-1.1849629620000002
432628,-0.26693871400000047
432677,0.3243668551999998
432763,-0.6569980158
432779,0.16286477899999988
432839,0.3029544041999996
433022,0.07877941320000019
433091,-0.5698633498
433099,-0.10848851080000017
433178,-0.31682205239999994
433256,0.4199024515999996
433292,-0.08567426020000006
433294,-0.7473254344000001
433323,0.13277256460000003
433375,-0.4385637599999999
433470,-0.22956338039999996
433485,0.026733931599999927
433586,0.13117449039999993
433619,0.6804559622
433638,-0.1197601780000003
433667,0.07563041479999963
433693,0.06668813020000001
433700,0.08315711560000008
433702,0.22404213619999974
433759,0.26831076999999937
433766,0.5319021566
433809,0.35536101139999987
433813,-0.08547465659999993
433864,-0.6006833160000002
433899,-0.3019913410000001
433904,0.31524843280000014
433926,-0.32804906539999995
433931,-0.25633687000000016
433938,-0.5200703113999999
433940,0.8594711161999999
434008,0.45974676500000006
434130,0.1980971854
434156,0.633474298
434203,0.1702094572
434204,0.44830745200000005
434215,-0.049132468800000065
434232,-0.13327999040000008
434233,0.12932498400000014
434246,-0.2725149505999999
434325,-0.40395084280000015
434341,-0.033656465800000035
434377,0.2021479981999999
434402,0.4774872211999995
434423,-0.5289240806
434437,-0.1555227288000002
434439,0.40425918999999977
434484,0.20545761640000001
434756,0.2178827879999999
434778,0.33214541839999984
434784,-0.9766803288
434903,0.452443581
435285,-0.6681364548000005
435286,0.030098116999999824
435528,-0.7086466482
435626,0.2209181216000001
435653,0.3023514891999997
435684,0.23251691499999988
435766,0.10764501639999971
435811,0.08120884420000003
435818,-0.4208027962
435965,0.16379035839999992
436022,0.5080065579999999
436059,0.11171938840000006
436240,0.18182880879999982
442801,-0.2636461768
442829,-0.7654180919999998
445007,0.2984870183999998
446101,-0.19695366820000001
448850,0.5679851486
448987,0.22228585479999996
449521,0.6335752035999999
474156,0.037184680799999724
493583,0.11149523099999996
494124,-0.3395941338000001
494448,-0.4991223170000005
494468,0.47904344299999996
494504,0.5006148232
497071,-0.2580283274000002
497097,-0.11404329619999984
497106,-0.23590213620000017
497113,0.041615809199999985
497652,0.2404685429999997
503558,0.09973420079999995
503610,0.2013530619999994
503847,-0.20435179680000007
504186,0.015426160999999983
504193,0.19643457079999987
544696,-0.10073025139999991
544763,-0.3476045259999999
544791,-0.06125341259999999
544817,0.5243742156
544963,-0.05169620380000008
544971,-0.17729846400000043
545030,0.10662725400000035
545085,0.5489241328000001
545091,0.42012423260000026
545136,0.4322440554
545156,-0.4199633252000005
545192,-1.0431214376
545260,-0.13198586659999992
545276,0.18078034980000002
545279,0.5961608361999999
545291,-0.1503620142000001
545370,-0.21297977259999987
545389,0.01798877119999993
545428,0.5728005720000001
545474,0.8768697150000003
545481,0.3560747048
545486,-0.44694105740000045
545554,-0.4401691174
545622,-0.2405821994000002
545798,0.8835723654000001
545817,0.9059207793999998
545824,0.38016804319999997
545893,0.7825658447999999
545902,-0.3935667731999997
545963,0.8968659312000001
545975,-0.5254968689999997
546038,-0.0903935574000001
546071,-0.03513164819999996
546144,-0.5209671761999999
546336,-0.5714096498
546519,0.2902000953999999
546611,0.2156316109999999
546648,-0.45985387180000004
546726,-0.3161357958
546729,0.9877491707999999
546840,-0.3451373018
547176,0.09534875119999997
547253,-0.2230648580000004
547431,-0.19684325020000024
550619,-0.14562924060000002
552899,0.9696071752000002
574402,-0.6293177368000001
574417,1.2674307532
574418,0.6381136974
574428,0.2164772801999999
595136,0.3351385359999998
606496,-0.04315961600000051
613123,-0.2864021939999997
619289,-0.6748861258
619301,-0.15217738680000004
619310,0.21950084200000006
619331,0.22056719760000015
619441,0.3813658391999999
619605,-0.24634899799999985
619665,-0.07298466740000009
620235,-0.4196467663999999
620709,-0.31707899200000045
620779,0.3445429928
621080,0.3286777922
621156,0.11242775919999985
621239,-0.5490375348000001
621628,0.2865437611999999
621823,0.27605441599999986
621976,-0.03461742360000022
622117,1.0630742593999998
622320,0.7040641647999999
622404,0.5137186459999998
622408,-0.09582150600000006
622434,0.06087918240000016
622473,0.028584856800000134
622645,0.4477674235999999
622665,-0.47922133480000007
622675,-0.6045350366000001
622935,-0.06851589799999935
623046,-0.34375467299999996
623131,0.5440959355999999
623230,-0.8351856182
623279,-0.8585371373999998
623474,-0.24783777340000004
623503,-0.2256134443999999
623661,0.6406181964
623781,0.28824846719999986
624224,-0.34088521819999995
624367,0.0024120319999997976
624866,0.5447313832
624910,-0.13192592480000015
625098,0.5847050245999996
625249,0.15392313999999985
625286,0.7769109642
625638,0.34085236299999977
625850,-0.001169036800000267
626359,0.26437180560000006
626596,0.09465554300000001
626834,9.301750000000553e-4
626870,0.7438066249999999
627049,0.5116778958000001
627191,-0.09580935320000013
627352,0.170130292
627626,-0.05264516499999985
628040,-0.6199655040000007
628100,0.43617255499999974
628779,0.5799503418
628813,-0.4764433779999999
628870,-0.45219394159999987
629059,-0.2677290460000001
629114,-0.7866775521999999
629147,-0.05199998739999998
629378,-0.2113098634
629499,0.3191840504000001
629747,0.6399966158
629754,0.021693506799999884
629761,-0.7554996012000003
629873,0.29772045219999976
630146,0.06105006739999972
631304,0.45395085019999987
631784,-0.22260241759999974
631797,-0.056341990400000076
632126,-0.14179141280000004
632971,0.5122643673999999
633285,0.12187703140000013
633979,0.15819898499999993
634731,-0.10584587440000011
635169,-0.6039268078
635253,-0.3644443770000003
636808,-0.36044845380000023
636931,-0.045619802400000076
639634,-0.1267220289999999
640524,-0.2746351544000003
640543,-0.22008720440000004
641340,0.24182481879999979
641376,0.17495159339999997
654309,0.0975611171999999
654459,0.37544686379999986
654460,0.44172775979999984
654470,0.07542145779999991
654498,-0.07483692260000004
654795,0.7161917012000002
654801,1.4386943982
654812,-0.1490968928000001
654818,-0.5874224192000002
654821,-0.3300808604000002
654824,0.04975151400000009
664799,-0.7040293508
664805,-0.0679785464
664883,0.024525007799999977
664968,0.6785987988000001
664994,0.8930004767999998
665033,0.5535968134
665113,-0.5636347192000001
665119,-0.24049249760000002
665180,-0.10385387060000006
665270,-0.15187740079999995
665525,-0.5176010638000003
665563,-0.25280261819999994
665574,0.06192892480000003
665775,-0.0029033845999999917
666048,-0.29839492599999995
666060,0.2661298583999999
666173,0.06432764800000008
666279,-0.05625374120000019
666311,-0.14476630439999996
666468,-0.04026551620000003
666528,-0.7312120068000001
666794,0.3709165625999996
666938,-0.2962656412000003
667118,0.020745367999999688
667214,0.27605441599999986
667663,0.042148477199999944
667742,-0.2443492968
667772,-0.8081644348000001
668110,0.06942129559999995
668158,-0.2583434500000001
668166,0.6987639024
668173,0.3652296219999999
668212,0.6688049128000001
668257,0.0041621003999998685
668303,0.060831421199999625
668433,0.28453958399999973
668501,0.22310763880000017
668929,-0.13990748960000018
668940,0.5391068732
671232,1.3256206726
671535,0.13917452600000005
671564,0.5044957002000002
675812,0.07811709779999987
677296,-0.19025449720000004
692132,0.16950453120000003
723874,0.1481637946000002
723885,0.1995760268000005
723925,0.1995760268000005
723926,0.1995760268000005
735264,0.20275159959999983
735277,0.34056452099999956
751554,-0.1685648814000004
751865,-0.42997206519999975
791260,0.5468287357999998
100009600,0.0977676889999998
100037258,-0.14655466340000062
100038347,0.0219799858
100038417,0.5682919521999998
100038725,-0.009156150200000112
100038882,-0.41264464800000056
100039139,-0.14766499139999983
100039596,0.8321788267999999
100039672,-0.3913215832
100039781,0.23519399420000003
100039795,-0.031764019199999896
100039801,-1.0460191312000002
100039815,0.3831476343999999
100039830,0.3831476343999999
100039957,-0.0434666009999999
100039968,0.06469870180000008
100040591,-0.7709502664000003
100040608,0.49478781259999993
100040766,0.5719036745999999
100040972,-0.33894936679999993
100040999,0.13311992539999978
100041096,0.13757814379999997
100041581,-0.08789986399999998
100042150,0.04403365179999987
100042450,-0.2705584261999999
100042480,-1.0739711330000004
100043057,0.21190465979999976
100043254,-0.06953911659999994
100043257,0.7141130680000007
100043314,0.4007828852000002
100043332,-0.6848763401999999
100043597,0.15375852520000013
100043757,-0.10517989239999981
100043805,0.3778800839999999
100043861,0.39626092339999985
100043899,0.6176686089999999
100045792,-0.05628127059999999
100048644,0.23138009859999986
100048658,0.23191155340000008
100073351,-0.3629494092000005
100113398,0.3576556876
100126824,0.8440525742000002
100216474,-0.001169036800000267
100216539,0.15606256799999976
100316682,0.43343765959999947
100316739,0.11083955440000004
100316778,-0.002977991999999574
100417675,-0.11744981140000013
100499529,0.14976165959999968
100502841,-0.31075729080000014
100502861,-0.6929229109999999
100502876,0.44857355720000014
100503041,0.1390666190000001
100503185,-0.5750562782000003
100503361,-0.7983910702000001
100503572,0.35158654419999974
100503676,-0.09650960599999969
100503879,-0.33965638860000025
100503884,-0.891209476
100504156,0.22410299160000005
100504164,-0.2795215516
100504183,0.24460900919999978
100504234,-0.14864930560000006
100504285,0.2528609072
100504446,-0.3770938226000003
100504491,-0.37498293380000014
100504518,-0.10667155200000025
100504663,0.32756736200000025
100504689,0.005165723000000089
100505386,-0.5582387240000004
100526468,-0.05603275100000005
100526479,0.20344844079999974
100526514,-0.16099303979999996
100628576,0.5598983058000003
100628629,0.4452646760000004
100859931,0.1424854159999998
100862072,0.8263281399999997
102216272,0.5902788243999997
102465540,-0.15588244999999964
102465574,-0.6812380679999996
102465575,-0.734663136
102465578,0.3980509222000002
102465585,-0.45039989419999993
102465588,0.26694521800000004
102465619,0.7004264000000002
102465633,0.3523205100000002
102465636,0.48499590999999925
102465637,0.39691578419999995
102465653,-0.22964705000000052
102465755,0.47904344299999996
102465761,0.42832797379999976
102465780,0.10609663999999981
102465888,0.08968425019999984
102465895,0.09227953400000004
102465984,0.008875834199999932
102466208,-0.06386176799999994
102466221,0.6073702520000002
102466236,0.2255649461999994
102466255,0.16100832259999986
102466780,-0.16266812859999985
102466787,-0.18574920999999983
102466789,0.2605246679999997
102466791,0.6391943897999998
102466804,-0.09822534339999933
102466887,0.009478916599999998
102466990,0.6448954936
102637926,0.45750841039999984
102639719,0.3640008836
104795667,0.0392100597999999
105245391,0.46383827739999967
105246059,1.0717459632000006
105246064,-0.7571586906000002
105246306,-0.2680408823999997
105734727,0.01782125739999989
105886299,0.22377740019999984
105940408,0.42778267240000006
108168140,0.15606256799999976
108168770,0.12933746400000032
109729085,0.45319209540000005
110599584,0.44847530420000004
111828493,0.5295544079999999
114841036,0.3486378221999999
115486186,0.0828211870000004
115486693,0.1300189399999999
115486844,-0.32029116139999997
115487184,0.2576714478000003
115487699,0.15727455999999976
115487878,0.12162255799999996
115488275,0.5714239219999996
115488712,0.4009976508000005
115489187,0.2280279499999999
115489243,-0.11614153079999986
115490275,-0.6200423479999995
116621581,-0.6854660999999996
118567354,0.4420525370000002
118568607,0.34999003319999994
122526778,0.08799759400000084
122526781,-0.19492013899999955
123956256,0.4906066299999997
125179616,-0.04810264360000023
129135233,-0.02344102800000023
135575218,0.8070304634000003
136856708,0.33188785439999985
