MM.Entrez,mean_log2fc
11298,-0.10712130260000005
11302,0.09974861420000014
11303,-0.5027290257999999
11304,0.22963671580000006
11305,-0.3505425226000002
11306,-1.0387140734
11307,-0.46074847460000046
11308,0.5182164535999998
11350,-0.5855028427999999
11352,-0.15731593819999964
11363,0.9971815034
11364,-0.1487307526000002
11370,0.12190901380000004
11409,-0.2097237938000001
11416,0.6132399290000002
11419,0.014969321000000058
11421,-0.8717383241999995
11423,-0.4694827488000001
11425,-1.0110724631999997
11428,-0.05485548439999999
11429,0.24818951239999976
11430,-0.4358435504000001
11431,-0.9798752012000002
11432,1.8594027028
11433,-0.8455725281999996
11434,0.24142798980000038
11435,-0.015868646199999857
11438,0.36045175819999997
11440,0.10079752939999978
11441,0.1547891314000001
11443,-0.5687630668000001
11444,0.16466686899999985
11447,-0.05259070159999997
11448,-0.04984257500000009
11449,-0.0231098578000001
11450,0.8024318109999997
11451,0.029437548599999985
11459,1.559649413
11461,0.22011766800000032
11464,0.7757883729999998
11468,0.16113266139999993
11470,0.16309312259999978
11471,-0.14025673480000017
11472,-0.5443933332000002
11475,1.8785746288000003
11477,0.14601624260000037
11479,1.0713401948000005
11480,0.32581540760000005
11481,0.07266105279999965
11482,1.4567430532
11484,1.0217527198
11486,0.43818160519999994
11487,-0.3670661433999996
11488,-0.22014127540000014
11489,0.09320083679999999
11490,0.07507285440000011
11491,0.6232041296
11492,0.6046809415999996
11495,0.15991007459999995
11496,0.07237269420000025
11500,-0.01223483659999971
11501,2.395295472
11502,0.9462536967999998
11504,0.7663654390000003
11512,-0.1479565649999996
11513,-1.3551460692
11514,0.07751993880000008
11515,-0.3617005777999999
11516,0.14560239460000002
11517,0.09217010939999977
11518,-0.39237603760000006
11519,-0.05138556520000002
11520,2.9544600086
11522,-1.8179879507999999
11529,0.18593229499999991
11532,-0.24559965659999997
11534,-1.0870658702
11535,0.5470920136
11536,0.08582001979999969
11537,1.1391052099999999
11538,-0.5486006579999998
11539,0.264970589
11540,0.24804275819999955
11541,2.355875128
11542,0.5059325236000001
11544,1.0184119032
11545,-1.4423126624000002
11546,-0.5442292999999998
11548,-0.24239337719999982
11549,0.026312033600000007
11551,0.04645035919999998
11552,0.014376846999999771
11553,0.00712258179999985
11554,-0.1475637302
11555,0.2156199446000004
11556,-0.026730217999999972
11564,0.1854605202
11567,0.0524066672
11568,-0.08046363000000038
11569,0.017316958600000376
11571,0.3629277408
11576,-0.6191145226
11593,-0.2021841534
11595,0.08191569659999995
11596,-0.08364366919999977
11600,-0.2343076727999998
11601,-0.07905379099999994
11602,0.0639619505999999
11603,0.3350107467999999
11604,-0.28912351980000006
11605,1.1220933488
11606,-0.4097817623999999
11607,-0.07171378399999995
11609,0.07048086879999982
11610,0.35376178320000007
11611,-0.5618518446000001
11614,0.14182602260000002
11615,-0.3430796051999998
11622,0.5477817421999998
11624,0.0256949775999999
11625,-1.4034768788000003
11628,-0.5348715263999999
11629,2.1866505060000003
11632,-0.7614285473999995
11634,0.061267322800000024
11636,0.5887381730000003
11637,0.8935152298000002
11639,-0.14296690259999972
11640,0.4143028094000002
11642,-0.003259069799999992
11643,-0.27532816480000016
11647,0.03013441599999993
11648,-0.32578253979999994
11650,-0.04485162479999989
11651,0.3623707175999996
11652,-0.18066159259999992
11655,2.3423975464
11656,-0.01966077399999975
11657,-2.1324098402
11658,1.1150557316000003
11666,-0.3774719142000002
11668,-0.42136349800000017
11669,-0.20535115400000023
11670,0.005659787199999933
11671,0.14167068280000006
11674,0.7564502879999999
11676,-0.5996547064000002
11682,0.33337291160000004
11684,-0.22731552200000066
11686,-0.04824899200000008
11687,-1.3808402270000006
11688,-0.09641707940000002
11689,0.5103701034000003
11690,0.8783918220000008
11692,0.05603426719999973
11694,-0.0941816622000001
11695,-0.0925991152
11698,0.10892522060000003
11699,-1.0150287127999997
11704,-0.16263444960000015
11705,0.009348920999999955
11717,1.5610862376
11720,-1.2135397758000002
11727,-0.0787266522000003
11732,-1.5321560886000007
11733,-0.7854860451999996
11735,0.01939351139999985
11736,0.35895659240000005
11737,-0.47692607919999974
11739,-0.0017613537999999096
11740,0.6272071720000003
11744,0.8093671585999995
11745,2.7994231783999997
11746,1.823158195
11747,0.4460115039999998
11749,-0.5457023443999998
11750,0.9550752126
11754,-0.05617465939999988
11757,-0.37348424179999995
11758,0.07497263799999984
11761,-0.19633538039999995
11764,-0.2234189071999996
11765,0.1186111585999999
11766,-0.510017828
11767,-0.21254750919999985
11768,-0.15514462620000025
11769,0.11452797099999987
11770,0.7033411743999997
11771,-0.1824983044000003
11772,0.19919988819999973
11773,-0.2428709474000005
11774,0.2607286138000003
11775,0.02531960639999973
11776,0.12219798019999964
11777,0.5690923720000001
11778,0.09824626199999997
11781,-0.07151197560000018
11782,0.01392738840000014
11783,0.7822062476000002
11784,-0.07775042639999974
11785,-0.2926432137999999
11787,0.13369428940000017
11789,-0.42456449240000005
11790,0.1711900159999999
11792,0.2948344402000004
11793,0.009518862600000056
11796,1.0553096969999995
11797,-0.1868707575999995
11798,0.14083653859999998
11799,-0.08503834960000009
11800,0.2503347139999999
11801,-1.7731257245999996
11803,-0.027583757800000087
11804,0.22675064139999995
11806,-1.4616056214000002
11807,-1.7975242973999996
11808,-0.3347386076000001
11810,0.4045024306
11811,0.17700547879999995
11812,-1.400260947
11813,-0.5467230022
11814,-1.9540257857999999
11815,0.3223269762000003
11816,-1.2657908782000007
11818,-1.4361409458
11819,0.05941316020000009
11820,2.5230814896000004
11821,0.5802931981999997
11826,-0.6539251545999993
11827,-0.0026419416000001304
11828,0.231934094
11829,-0.022420295199999885
11830,-0.26888366959999993
11831,0.3645031912
11832,-0.023126494599999957
11833,-0.03871766660000002
11834,-0.2353354592000004
11835,0.3411274335999998
11836,-0.26137626140000025
11837,-0.11006587199999948
11838,0.023158980600000056
11841,1.9593623272000003
11842,0.05017945039999958
11843,0.6558708167999999
11844,-0.8374616800000002
11845,0.4492259808
11846,3.6499677276
11847,3.4608256792
11848,0.6949259519999998
11852,1.4219211253999995
11853,1.4695756636000001
11854,0.038851472399999844
11855,-0.2716867085999999
11856,-0.39726864520000016
11857,-0.10887381200000021
11858,-0.27642579120000016
11859,-0.12758412759999996
11861,-0.8834721878
11863,0.2434636401999999
11864,-0.08954963980000023
11867,0.6427296640000002
11870,0.3858734044000002
11875,0.0900967456
11876,-0.12078467839999982
11877,-0.18212506080000015
11878,0.009230368800000121
11881,-0.791221409
11883,-0.23272641560000001
11886,0.4336130829999991
11889,-0.9868762012000001
11890,-0.15292749719999996
11891,0.8941870516000006
11898,0.5766849064000006
11899,-0.1106999344
11905,-1.509899102
11906,0.8994764420000001
11907,-0.3913675588
11909,-0.10714152519999995
11910,1.2816312382
11911,0.24343275280000007
11920,-0.7440334929999997
11921,0.022825437199999854
11922,-0.04900944680000006
11923,-0.037677492000000076
11924,-0.12771726319999993
11925,0.21091635960000002
11927,0.21261331399999966
11928,0.33884121319999994
11931,-0.7032442515999999
11932,-0.24756584920000008
11933,0.38810409000000023
11936,0.1684631423999999
11937,0.8210687125999998
11938,1.4151533990000005
11941,-0.06033674679999983
11944,0.13145016059999987
11945,0.1926851469999999
11964,1.0929143861999997
11966,0.5130746903999995
11972,-0.2045833899999998
11973,1.0811217473999999
11974,0.06805526599999964
11975,0.35602175240000006
11977,0.9618062672000004
11979,-0.13048317039999996
11980,-0.6105472430000003
11981,0.021620794599999726
11982,0.5647146110000001
11984,0.959366296
11987,0.16383763039999977
11988,2.9507470961999998
11989,0.23324958319999975
11990,0.34381354999999997
11991,0.31501491819999927
11992,-0.9272513824
11993,-0.48478496420000033
11998,-0.051399570399999914
12000,0.0313808353999999
12005,-0.3951193771999998
12006,-0.35906598899999975
12007,-1.1291320602000003
12010,0.3298242000000002
12012,-0.019575957600000214
12013,0.8188500380000004
12014,-2.245437748
12015,0.34800623880000003
12017,-0.529625274
12018,0.9485696418000004
12020,-0.02069410979999997
12021,0.13172296140000003
12022,0.013697697800000163
12023,-0.19644559600000006
12028,0.5164787657999996
12029,-0.16564237900000034
12032,-0.11786086680000044
12033,0.3384123350000007
12034,0.07944100299999982
12035,0.12654942100000016
12036,-0.01654035839999999
12038,0.13202415060000003
12039,-0.8850733651999999
12040,-0.6337497097999998
12041,-0.18020870060000008
12042,0.6378421645999997
12043,-0.8974659403999997
12048,-0.9350588399999996
12049,0.26823666520000017
12050,0.2609858243999998
12051,2.0909568613999996
12053,0.044839151799999935
12054,-0.13104567419999996
12055,-0.17681750240000013
12057,0.09559874420000014
12061,-0.23520949059999996
12062,0.16344567300000018
12064,0.3229761117999999
12068,0.6097452921999998
12069,0.13547229840000002
12075,0.006276312199999978
12111,0.5426063264000002
12121,0.14353105860000018
12122,-0.07359597460000025
12123,0.02244033440000006
12124,0.07631362679999984
12125,0.7369205583999999
12140,0.5989456978
12142,0.6508041524000001
12143,-1.9701719176000008
12144,-0.30166582120000013
12145,-1.9528160594000004
12151,-0.2975389931999999
12153,-0.04233133379999998
12154,0.04131793560000006
12155,0.327129431
12156,0.045952127600000024
12159,0.05401961200000009
12160,-0.05847928960000015
12161,-0.040780049800000204
12162,0.009569325200000377
12163,0.1485763180000001
12165,0.028587080399999642
12166,0.472285913
12167,0.27776227379999996
12168,0.8796177302
12169,0.8669151588
12173,-0.044138993999999876
12175,0.5094927013999992
12176,1.9033837789999999
12180,0.09838309480000014
12181,0.2672050549999998
12182,4.3826591982
12183,-0.2298509260000003
12189,0.1869217771999999
12190,-0.20066025780000007
12192,0.1939218725999993
12193,-0.6364164979999998
12209,0.047597624999999685
12211,-0.3488728856000005
12212,-0.04844876300000003
12215,-0.7514517279999999
12217,-0.06589753279999985
12223,0.24030541759999996
12224,1.7388251594000002
12226,0.06805537599999986
12227,0.02215044440000007
12228,-0.5527433040000002
12229,-0.43117814560000023
12231,0.047472868599999975
12234,0.028762533599999963
12235,0.2844050952
12236,0.3119002762000001
12237,0.1679324066000003
12238,0.2138359743999997
12257,0.5439913300000004
12258,1.7750542439999997
12259,0.7192264884000006
12260,1.5853390345999998
12261,0.3209690653999996
12262,0.6549466405999995
12263,0.38143037300000004
12265,-1.2552358253999998
12266,3.1183328742
12267,0.5211260093999996
12273,3.8819073418000003
12274,0.054040227600000004
12279,-1.1879240438
12282,0.7008623781999997
12283,-0.16102505600000008
12286,-0.10693704200000002
12287,0.11470627120000003
12288,0.21805815720000013
12289,0.6324551162000001
12290,-0.5930712549999997
12291,-0.1856249946
12292,0.3211468717999999
12293,-0.025412933800000204
12294,-0.1393376430000001
12295,0.21426463999999984
12296,0.12267237539999983
12297,0.3903582619999998
12298,0.05615566220000003
12299,0.1640106125999999
12300,0.11185774080000002
12301,0.7061402140000002
12304,0.21274759039999971
12305,-0.08464678999999986
12306,2.1921761506
12307,0.17595780980000014
12308,0.3949172429999999
12309,0.05436273479999994
12310,1.0509863038
12311,0.404196591
12316,0.16482150660000006
12317,0.9012625040000006
12319,0.09711958660000004
12321,0.6044729610000003
12322,0.03780733220000023
12325,-0.08848999200000005
12326,-0.35790917920000015
12328,0.11308955420000011
12330,0.5960684153999992
12331,0.27531165440000044
12332,1.6109515630000006
12333,0.14822107840000012
12334,-0.15511005900000044
12335,-0.27199169279999963
12336,-0.017628485999999555
12337,-0.30106835640000007
12338,0.20683060999999991
12339,-0.5614818657999999
12340,0.5226316260000005
12343,0.8777029979999998
12344,0.026443486200000078
12345,0.30916284600000027
12346,-0.8393815318
12348,0.15490959540000002
12349,-1.4585116339999995
12350,0.14803110040000025
12351,3.5846858046000003
12352,-0.4009719146000002
12353,0.20116375020000027
12354,0.1586199795999999
12355,-0.5234137139999999
12359,-0.7061136260000002
12361,0.6709332690000002
12362,1.8245083485999996
12363,3.1027455948
12364,0.9048666469999999
12365,0.006948722599999968
12366,-1.0307550111999997
12367,0.05264332959999969
12368,-0.10642763320000022
12369,1.1792481320000001
12370,0.5073238021999998
12371,-0.023506806199999807
12372,0.23924603560000027
12373,-0.050002662199999826
12374,0.06378081739999981
12380,0.7453478630000004
12385,0.2829861025999996
12387,-0.06130276859999988
12388,0.6492676972
12389,0.4847894591999998
12390,0.0809705546
12391,-0.0514492881999999
12393,-0.6528435442000002
12394,-0.6104336323999998
12395,-0.549899894
12396,-0.3275724267999999
12398,-0.42549101999999994
12399,-0.29283777539999994
12400,-0.37512622459999995
12401,-0.5827117777999999
12402,0.3317668537999996
12404,0.16655359779999976
12405,0.22887083100000005
12406,0.8321670816
12408,-1.3695907276000001
12411,-0.18679547560000015
12412,-0.23777126060000028
12416,-0.17722940859999986
12418,-0.8520812225999996
12419,-0.24149428879999987
12421,-0.26643985680000026
12424,0.14072156860000007
12425,0.04422135799999989
12426,-0.03719098979999984
12427,0.020723460200000154
12428,-1.2255030514
12442,-0.37299766319999994
12443,-0.3518207457999997
12444,1.0874420422
12445,0.41814986180000024
12447,0.037451833199999916
12448,0.04724560279999999
12449,-0.16608483299999985
12450,0.31788115119999993
12452,-0.12263253400000096
12453,-0.9570511119999999
12454,-0.16875130499999996
12455,-0.2239056286000002
12458,-0.8297186256
12460,-0.7986380144000002
12461,0.28582051339999986
12462,0.6753891857999996
12464,0.14945365200000005
12465,0.21310026039999955
12466,0.7966796685999995
12467,0.08958208039999996
12468,-0.6445572839999997
12469,0.25158340960000025
12475,5.6856765278
12476,-0.3519657760000001
12477,0.27488996
12478,-2.3962761892
12479,-0.4890873810000004
12481,-1.816918755
12482,-2.2571077574
12483,-2.1100162828
12487,-1.3760378129999995
12488,-0.313130226
12490,1.4342016337999999
12491,-1.7772098885999998
12492,0.09027293040000046
12493,-1.1016052291999998
12494,0.6860796478666665
12495,2.5438928076
12496,0.04158141879999988
12497,-0.15225202079999994
12499,-0.6885636511999997
12500,-1.7163184203999997
12501,-0.9419497082000003
12502,-1.9062135477999997
12503,-0.9976829092000002
12504,-0.39954329600000005
12505,0.9199017299999998
12506,-0.9079509001999998
12507,-1.7753937713999997
12508,1.043548028
12509,-0.8735753608000001
12511,-0.9226216301999999
12514,1.1193898038000003
12515,0.05341103560000082
12516,-0.979218503
12517,-2.5108602698
12518,-2.6382652722000004
12519,2.4692357562
12520,-0.5412434000000002
12521,-0.898930987
12522,-1.3580233598000002
12523,-0.05726362000000016
12524,1.8542829580000002
12525,-1.3026684104000001
12526,-2.1523916535999996
12527,0.1929963339999997
12530,0.01739878259999994
12531,-1.03181662
12532,-0.04687135500000021
12534,0.41625907899999975
12539,-0.2136596867999998
12540,0.3281585279999998
12544,0.13853114059999996
12545,-0.03246138300000023
12549,0.33904341580000014
12550,-0.1124396909999998
12552,0.45417531659999993
12554,0.4024627501999998
12555,-0.1975815356
12556,0.0698664198000003
12557,1.2208316844
12558,0.20674091099999997
12560,0.13634632800000013
12561,0.35135059219999965
12562,0.033948488599999924
12563,-0.07288695800000014
12564,0.13694650960000035
12565,0.08372212559999985
12566,-0.2287246768000001
12567,0.09941269979999987
12568,-0.032032166800000185
12569,0.3012474495999998
12570,0.01873097039999987
12571,0.29807696100000014
12572,0.17987316699999986
12575,2.857679199
12576,-0.8687607619999997
12577,-0.349838426
12578,-0.04138144439999998
12579,-0.19188964419999976
12580,-1.1491951764000001
12581,0.7007275958000001
12583,0.1344230013999999
12585,-0.9479257879999998
12587,0.15109932080000005
12589,-0.02066271899999972
12590,-0.05254729139999999
12591,0.12258629639999974
12592,0.08501239099999988
12593,0.07177418700000011
12606,0.2978290552000001
12607,-0.17268700560000028
12608,2.8433168753999998
12611,0.20978341860000055
12613,0.09735595479999973
12614,-0.5167712555999999
12615,-0.7960483780000003
12616,0.4791295511999998
12617,0.04270976060000002
12622,0.14357877540000005
12623,-0.9831555337999999
12626,-0.02157698339999996
12628,0.4506343105999999
12630,-1.289708009
12631,0.49430606200000005
12632,-0.045274361799999774
12638,0.17112169359999996
12640,0.13696567979999977
12642,1.5204831567999997
12643,-0.10786495019999975
12647,0.0734535654
12648,0.042693494199999724
12649,0.25572401560000024
12651,-0.2177562496000002
12652,-0.025699558400000024
12653,-0.11860962199999961
12654,4.259687716
12659,-0.5052817696000002
12660,0.6707878426
12661,1.9311982877999998
12662,0.5375867832000004
12663,-0.5010639588
12667,0.017240040599999774
12669,-0.007808040599999977
12671,0.44110542319999996
12672,0.01891279199999989
12675,-0.008693549800000078
12677,0.027985909800000285
12683,0.7342794842000002
12684,-0.49940037820000016
12686,0.13607808479999992
12696,-1.1173910976
12700,1.3966843352000002
12702,3.8001139358
12703,2.6371086498
12704,0.03995949759999995
12705,-0.009164939399999916
12709,-0.6191686036000001
12715,1.0812067604000002
12721,0.0036032819999995526
12723,0.24942870599999994
12724,-0.30792616400000006
12725,-0.5926560624
12728,0.6568332729999999
12729,0.12357627300000047
12733,-0.06244104299999975
12737,1.5295974888
12738,0.00648702520000004
12739,-0.18957954159999985
12740,-0.0637488964000001
12741,-0.016524347999999734
12745,0.04329397640000021
12747,-0.5455836970000003
12748,-0.36336008320000046
12750,-0.6204248022
12751,-0.016319595999999235
12752,0.8367037948
12753,0.2040166241999998
12757,0.31596742400000044
12764,-1.5642063280000003
12766,-1.1132568051999998
12767,-1.1791427293999999
12768,3.0312235016
12769,-0.6220135952000001
12771,-0.2881773983999999
12772,0.38852417400000017
12773,0.06638041659999985
12774,2.5256631177999997
12775,-1.7998215365999999
12776,0.03122203419999998
12777,0.05634179600000024
12778,2.2129636032000004
12780,-0.267081284
12785,-0.7087676719999993
12788,-0.3317001980000004
12789,0.23264165059999983
12793,-0.27523505180000035
12794,-0.01951914679999973
12795,1.8104402253999996
12796,3.7993735258
12797,-0.20189332140000005
12798,-0.25518658399999977
12799,-0.6231486719999999
12801,-0.09477364499999971
12802,-0.23807120819999988
12803,-0.18404348059999992
12804,0.010882191999999869
12805,0.37954658119999996
12807,-0.8065842691999995
12808,0.18506705079999985
12810,0.10500186840000003
12812,-0.39218475659999985
12813,0.13233685179999988
12814,0.11749155999999994
12815,-0.10737035060000011
12816,0.2070649932000002
12817,0.2121680834000003
12818,-0.06494756420000022
12819,0.024939612400000043
12821,-0.10084590539999976
12822,-0.1437688603999998
12823,-0.02804472099999984
12824,-0.14727372980000003
12825,1.0218810152000002
12826,1.2842189082000002
12827,0.9209463609999998
12828,0.3004064332000002
12829,0.09678265640000001
12830,-0.10009231459999998
12831,0.11712211920000008
12832,0.1960907788000002
12833,-0.22993599219999972
12834,0.1473330068000001
12835,-0.2558852827999999
12836,0.2901435612
12837,-0.040901733599999976
12839,0.28290861919999966
12840,-0.0644500908000003
12841,0.060017649400000116
12842,-0.13774778079999983
12843,0.48848722019999985
12845,-0.20583930200000022
12846,-0.5300117863999999
12847,0.25818495439999933
12848,-0.2748599623999999
12850,0.31620299179999967
12854,-0.02725218940000005
12856,0.3002766554000001
12857,-0.06625772400000045
12858,0.02444686800000042
12859,0.4619041519999996
12861,-0.1947203119999994
12862,0.0880555541999998
12864,-0.2125438280000001
12865,1.4056316272
12866,0.13438317999999966
12867,-0.11282430999999953
12868,-0.23458746400000052
12870,2.3686774762000002
12873,-0.4590356910000001
12874,1.9897169185999997
12876,0.537770864
12877,0.29996180060000005
12879,-0.01551477039999991
12889,-0.17066120440000035
12890,-0.04625623479999987
12891,0.04297115920000003
12892,-0.8550585140000001
12894,0.4111634618000002
12895,0.108483878
12896,0.056020444200000165
12902,-2.9098739183999998
12903,-0.060296937800000096
12904,0.19850900380000028
12905,0.07244497779999985
12908,-0.8475100017999999
12909,0.2105855137999999
12912,-0.7311635845999997
12913,0.3106801356000005
12914,-0.5842248043999998
12915,0.14639286040000013
12916,1.3301967561999999
12918,0.050083121800000005
12919,-0.1940841476
12921,-0.05558862879999982
12922,-0.2044602054000002
12925,-0.14855499200000039
12927,-0.23053862559999985
12928,0.5831990880000003
12929,-0.3738106400000003
12931,0.13301306980000033
12933,-0.037954765200000115
12934,-0.6858790924000001
12936,-0.3386707443999999
12937,-0.3386707443999999
12939,-0.3386707443999999
12941,-0.3386707443999999
12942,-0.3386707443999999
12943,-0.3386707443999999
12944,-0.7689023184
12945,0.24954779359999996
12950,-0.08393601520000002
12951,0.0796833755999998
12952,1.101069845
12953,-0.2011686066000003
12954,-0.11018671940000022
12955,1.2397914352000001
12957,0.19698040899999986
12958,0.0027374844000000566
12959,-0.034465748200000056
12960,-0.043618635199999645
12961,0.09609848020000004
12962,-0.07376205080000027
12964,-0.054985315999999965
12965,-0.04266147339999993
12966,-0.04266147339999993
12967,-0.10021521740000008
12970,-0.21127475219999994
12971,-0.005989670200000319
12972,0.10480363260000018
12974,0.1022892481999996
12977,2.1579098205999996
12978,0.6228017190000003
12981,0.23441374839999973
12982,1.6481604500000002
12985,2.644950573
12986,1.2231980116000005
12988,-0.7537682711999999
12991,0.036066300800000305
12994,0.10046764340000003
12995,0.24139022160000004
13000,0.11303519360000003
13001,0.1506293811999999
13002,0.2549174892
13003,4.2534842712
13004,-0.0048638994000000935
13006,-0.3352850749999995
13007,-0.5543236043999997
13008,-1.9580122934
13009,-0.2114611546000001
13010,0.0012786079999997924
13011,-0.27445251880000043
13012,0.062152145000000034
13013,0.2850682670000001
13014,2.7040961832
13016,-0.3114722678
13017,1.5032659055999997
13018,-1.1223549794
13019,0.19562237279999994
13026,0.3877846858
13030,-0.32181699199999975
13032,1.8045684469999999
13033,0.22916351200000057
13034,-1.820413108
13035,0.2089216094000001
13036,-0.4651382246000004
13038,0.11702323620000002
13039,2.0173550909999998
13040,0.6812414939999997
13041,-1.2095253958000005
13043,-0.2647758778
13046,-0.8068526511999998
13047,-0.4583558748000005
13048,-0.06706265039999977
13051,-1.1035801995999999
13052,0.18593441240000014
13056,0.1816799716000002
13057,0.9720277637999999
13058,1.1407892485999998
13070,-0.2002161941999999
13072,-0.030302714399999965
13074,-0.09488308599999992
13075,0.10696884460000007
13076,0.05374709279999994
13077,-1.0981399515999999
13078,2.3208958084
13079,0.0926266814
13081,-0.04349148099999987
13082,0.06552678859999972
13088,0.2660417864000001
13106,-1.7369846361999999
13107,-1.9945861179999997
13110,0.07230738639999998
13115,-0.029578966399999997
13116,-0.005965818000000134
13120,-1.1522199284000003
13121,0.4294409964
13122,0.31768574979999986
13123,0.5359144305999999
13124,-0.43639430259999995
13131,0.09064863160000006
13132,2.8913151266000003
13134,2.8453318792
13135,0.004249375599999894
13138,-0.3837037554000002
13139,-1.1673479740000001
13142,0.10388894759999978
13143,-1.1404709227999998
13144,-0.17117588680000004
13162,0.1413860265999997
13163,0.6998221840000003
13164,0.05758234920000005
13166,-0.016794152800000184
13167,0.40848757039999944
13169,0.3906678715999998
13170,-2.0203152556
13171,-0.3684935926
13172,-0.10797356360000024
13175,0.2841847166
13176,-0.13802785960000002
13177,-0.1457877346000002
13178,-0.060299845000000116
13179,2.7463641337999998
13180,-0.5925517546000002
13190,0.038787192599999895
13191,0.11222942979999999
13193,-0.031328700399999757
13194,-0.19774292280000072
13195,-0.05558219479999993
13196,-0.08431271340000013
13197,-0.8700174840000006
13198,0.31179210599999985
13199,0.011839349599999948
13200,0.5309902193999999
13202,-0.28506204040000044
13204,0.33588068060000004
13205,0.2271127100000001
13206,-0.015708296599999994
13207,0.2601976683999997
13209,-0.033150948599999806
13211,-0.04474342719999953
13244,0.9577408484000003
13340,0.3363161506000001
13345,-0.1422281774
13346,0.08309990180000018
13347,-0.37273406499999984
13349,-0.6495161961999999
13350,2.1883207281999995
13353,-0.08424135720000017
13356,-0.2504519263999999
13358,0.014194461199999963
13360,-0.9987017439999999
13361,-0.18449275279999994
13363,-0.05554763999999999
13368,-0.3750019055999999
13370,-0.9849670742000001
13371,0.32479373539999995
13380,0.18816252059999988
13382,0.7994779237999999
13383,-0.47956281180000015
13384,0.33326635620000006
13385,0.011460814399999996
13386,-0.14117416079999998
13388,-0.1808564350000003
13389,0.07602605120000003
13390,0.00803257360000007
13392,-0.11023365039999984
13393,-0.05307400980000008
13394,0.07642339259999993
13395,-0.08312979560000003
13396,-0.026493549600000055
13400,-0.3071778443999998
13401,0.19214708519999987
13404,0.1089142149999999
13405,0.09926365879999981
13406,-0.1446561924
13409,-0.03984248640000008
13411,-0.026349171000000025
13417,-0.45666544239999973
13418,0.2638164146000001
13419,-0.13143310480000014
13421,-0.5900289902000001
13423,-0.6833909906000001
13424,-0.07438527860000015
13426,0.12064662479999999
13427,0.5927282535999996
13429,-0.24724747380000006
13430,0.09117619759999976
13433,-0.9302654304000001
13434,0.49909104859999986
13435,-0.5314612737999997
13436,-0.18521476440000004
13437,0.4897702288000005
13445,-0.04278769779999934
13446,-0.008029145199999732
13447,-0.16566105879999996
13448,-0.3564869344
13449,1.3475760334000002
13476,0.21537531300000018
13478,0.34840961140000015
13479,0.10047573440000016
13481,0.0766475265999997
13482,-1.3891346956000001
13483,0.4419409190000003
13486,0.23744914200000017
13487,0.05445913320000031
13489,-0.07419152520000001
13490,-0.08339964859999985
13491,-0.3652446012
13494,0.1667879371999998
13495,0.14151923460000013
13496,0.5502858803999999
13497,-0.014178226200000133
13498,-0.01942818039999992
13505,0.1544405349999999
13506,0.14607064919999999
13507,-0.060364807199999856
13508,0.1556905684000002
13511,0.40963482880000013
13512,-0.1731281284000003
13516,0.02451026359999986
13521,0.1454828654
13522,-0.1673823967999999
13524,-0.10154459599999983
13527,0.08856211340000009
13528,-0.26478810420000015
13537,-0.13962345939999993
13542,-0.40535895299999963
13543,-0.48605114380000014
13544,-0.12671157180000012
13548,-0.35974244260000016
13549,0.07240569819999987
13555,0.022241732599999862
13557,-0.02369912620000001
13559,-0.08843938900000019
13560,-0.1760583301999999
13589,0.18695678999999998
13590,-0.0389168220000002
13591,-2.2968314926
13592,-0.1274590978000001
13593,0.1276117182
13595,0.13831670680000005
13599,0.19400293940000016
13601,0.08195862600000048
13602,0.22809497380000013
13603,-0.005844263200000199
13605,0.35487514919999974
13607,-0.028404911199999817
13608,-0.015445135600000093
13609,-1.6122778171999999
13610,1.1665379718000002
13611,-0.7105658632000005
13612,0.38916964099999996
13614,1.5659629532
13615,-0.13141006999999974
13616,-0.2175388687999998
13617,0.09204305140000013
13618,-2.0897583116
13619,-0.2983819344000002
13626,0.034963767000000166
13628,0.10207248040000003
13629,-0.716128114
13631,-0.3196454744
13636,-0.17679251160000006
13637,0.07730539620000006
13638,0.10269812839999996
13639,0.12335593979999988
13640,0.3630347136000001
13641,-0.09782372999999982
13642,0.2504952020000003
13643,0.1752835762
13644,0.13374719940000013
13645,-0.0050834269999999295
13649,-0.3135271067999998
13650,-0.3946991619999999
13653,2.4604513456
13654,1.2683525430000002
13655,1.2512332438
13656,-0.17220399840000003
13660,2.3329226102
13661,0.21868474019999998
13663,-0.284122301
13664,1.5148180127999995
13665,0.42254646279999974
13666,-0.8938025645999996
13667,-0.17165386619999962
13669,0.03945998440000018
13680,-0.015483564800000061
13681,1.3541757335999995
13682,-0.6144980979999997
13684,0.6923360371999998
13685,0.33115683679999997
13688,-0.2584050733999998
13690,0.25396600400000013
13706,0.2192760702000002
13709,-0.5174470249999998
13710,0.02992814460000002
13711,0.0792365076000003
13712,0.09693655519999993
13713,-0.5170879188000003
13714,-0.6724431928000001
13716,0.45554835899999996
13717,0.3470758837999998
13722,0.05993227940000025
13723,0.7439268643000002
13726,0.013858424000000369
13728,0.03831297859999942
13730,1.3586733112
13731,0.07273471160000007
13732,0.5248635530000005
13796,-0.1301148524000002
13797,0.03482593020000006
13798,-0.003936943399999926
13799,0.028447125800000174
13801,0.3821694815999999
13803,0.13874280320000007
13804,-0.09539603280000009
13805,0.13329934559999987
13807,0.09208694800000003
13808,-0.7329694816000002
13809,-0.25509098339999997
13813,-0.7576402443999999
13819,0.22630467679999988
13829,-1.2484080842000003
13830,-0.2379415680000001
13831,-0.46144571499999965
13835,-0.03652918120000006
13836,0.30967238139999986
13837,-0.09623278160000001
13838,-0.14026115960000016
13839,0.11778296980000018
13840,0.10894550999999986
13841,0.007504800000000067
13842,0.001243396399999952
13844,0.057694013400000264
13845,-0.018634487799999988
13846,0.13747162480000003
13848,-0.2391272486
13849,-2.4794705284000003
13850,-0.29490589500000014
13852,-0.17705196159999978
13853,-0.20167216179999983
13854,-0.4112192895999998
13855,0.26504308839999985
13857,-0.09857568260000012
13858,-0.2693524906000004
13859,0.1381412467999997
13860,1.2090446468
13861,-4.348112000000626e-4
13864,-0.18441105340000022
13865,0.24268465079999996
13866,0.14657365939999992
13867,-0.36623247719999996
13869,0.06517000139999993
13870,-0.16975370180000054
13871,-0.011982855800000003
13872,0.09440000039999993
13874,0.5000413745999999
13875,-0.07533056939999998
13876,0.1284048244000001
13877,0.6172337456000004
13885,0.23941946600000036
13972,-0.4523991999999998
13982,-0.2515388136000002
13983,-0.1831698392
13984,-0.03893721079999999
13990,0.026984449599999925
13992,0.2029194006
13998,-0.16066228840000002
14000,-0.13185460640000013
14007,-0.2672348476000003
14008,-0.0555024190000001
14009,-0.41993782359999976
14011,0.8066452238
14012,0.2902438170000002
14013,0.1243963914
14017,0.4147769174000004
14020,-0.7997533351999998
14025,-0.5326483126000001
14026,-1.3340672952
14027,0.04617307880000006
14028,0.10893974899999996
14029,-0.04762328359999977
14030,-0.2496867550000001
14042,0.4959287323999998
14043,-0.07543868920000012
14048,-0.009648335400000185
14049,-0.4443334201999997
14050,0.5448051189999997
14051,0.03196163479999985
14055,-0.36709889119999967
14056,-0.15699415299999994
14057,-0.2377248730000005
14058,1.9777776911999996
14060,-1.2747004924
14061,-1.2717709698
14062,-0.08741374060000044
14063,-1.0972052022000003
14064,-0.4532337140000001
14065,-0.1593403145999998
14066,2.7859621908
14067,-0.3895572000000005
14068,0.5829253416
14069,-0.08082377500000018
14071,-0.8696429404
14073,-0.8010433771999997
14077,0.8789525599999999
14079,-0.5654672136000002
14080,-2.2052133576
14081,-1.7925889502
14082,-0.11390232640000023
14083,-0.12959092420000023
14084,-0.0377930401999997
14085,-0.7486511371999999
14086,0.3431247961999997
14087,0.21385216519999978
14088,-0.014859971799999983
14089,0.5687424086000001
14102,3.3572304386000003
14103,0.05147394499999987
14104,-0.43673435980000014
14105,0.06566244719999989
14106,0.008863481999999933
14107,0.4018486306
14113,0.4984933778000002
14114,0.08437750220000009
14115,0.18666883359999975
14118,0.6342933158000001
14119,0.1316253820000001
14120,0.14988930400000006
14121,-0.8626439297999997
14123,0.16292327240000032
14125,-0.09324921859999975
14126,-0.06921078460000007
14127,1.1763257159999998
14128,-4.0644885086
14129,3.7050749198000004
14130,2.082234659
14131,2.1074802868
14132,-1.3967041644000004
14134,0.3538633614
14137,1.033410376
14148,-0.2765907927999999
14149,-0.17064719140000015
14151,-0.1662676880000003
14154,-0.1589415822000003
14155,-0.4871353821999998
14156,0.025820501000000107
14158,0.16427141220000027
14159,1.0293968259999997
14160,7.084142000000071e-4
14161,-0.6682722526
14163,0.06480145100000012
14164,-0.11240139979999988
14165,-0.02528188740000008
14166,-0.03676974899999994
14167,0.06837868839999972
14168,-1.6803452023999996
14169,-0.006576726999999849
14170,0.01859456619999982
14171,-0.2801798601999998
14172,-0.04716150860000008
14173,0.6342974038
14174,-0.0755195576000002
14175,0.0367583542000002
14176,0.07915951440000005
14177,0.2947177030000002
14178,0.08841421680000003
14179,-0.1690045153999998
14180,-0.13824643320000013
14181,-0.0905331254
14182,-0.20146698379999978
14183,0.22298607660000017
14184,0.14084732759999988
14186,-0.02486219440000035
14187,-0.05519704199999982
14190,1.7120727025999998
14191,1.6063873182
14194,-0.5297756835999994
14198,-0.33800221379999956
14199,-0.3019311599999998
14200,-0.24439357899999994
14201,0.1980466297999998
14208,-0.12272145359999964
14211,-0.28876078320000004
14218,0.005046762999999821
14221,0.12330097039999988
14225,0.3089225766000002
14226,-0.3280174894
14227,0.8869014761999999
14228,-0.19128313300000013
14230,-0.058580390400000223
14231,-0.10708565840000013
14232,-0.30325118979999993
14233,-0.08719692440000015
14234,-0.28885308479999994
14235,0.12109164480000026
14236,1.1403479862
14237,0.9403670931999999
14238,0.030031436800000044
14239,0.11516502980000017
14240,-0.08079465359999993
14241,0.1900183840000002
14245,-0.8990861158
14247,-0.2543510330000004
14248,0.2607509768
14251,1.5909041931999996
14252,2.1277964060000003
14254,0.374275205
14255,-0.10181772220000003
14256,-0.8086760564000001
14257,0.09938995440000031
14261,0.19023339240000006
14262,-0.021645947999999925
14263,-0.6953689321999997
14264,-0.24952900480000012
14265,-0.26419335780000014
14266,0.10493961540000019
14268,0.554075185
14269,-0.450052114
14270,0.2384641706
14272,-0.37166540700000006
14275,-0.1621899437999998
14276,-0.18552366379999974
14281,0.2843835175999999
14282,0.00585687400000019
14283,1.5407432942000001
14284,2.2915429794
14287,-0.0258690384000003
14289,4.7609413828000005
14293,4.4879983764
14297,-0.2973743376000003
14299,0.17516468439999996
14300,-0.7137191862000002
14302,0.023156505999999945
14308,0.036756710600000096
14309,0.1615287371999999
14311,-0.18333064639999988
14312,-0.4387243051999999
14313,0.5149577282
14314,0.9193653341999999
14317,-0.6550465526
14319,0.28376905200000024
14339,-0.34158563640000017
14343,-0.18194354260000017
14344,0.12904150600000025
14345,0.7190536051999998
14347,0.15913488919999974
14348,0.2230776104000002
14356,0.35161427620000046
14357,-1.0431260004
14359,0.10609311199999993
14360,-0.6458633931999997
14362,1.348486892
14365,0.3786911105999998
14366,0.5586276097999999
14367,-0.41365954779999986
14368,-0.10481780240000002
14369,0.2974471394
14370,-0.0030136550000001705
14371,0.13435300859999993
14373,3.4662138344
14375,0.2959179155999999
14378,-0.10061527359999997
14381,1.1155567830000002
14385,-0.6152660922
14387,-0.18494128199999996
14388,0.3429007030000001
14389,1.0844809058
14390,-0.1505485814
14391,0.18672146199999987
14394,0.07290253380000014
14395,0.016318959200000017
14396,0.13189015459999992
14397,0.02926238899999998
14399,-0.016088982200000147
14400,0.5349931654000001
14401,-0.015641364799999734
14402,0.22400558999999998
14403,0.01567424899999974
14404,0.059335910800000134
14405,0.0916266649999999
14406,0.35803099100000024
14407,0.08467906399999983
14408,-0.024646757599999968
14409,-0.3403493429999999
14411,0.13980594239999994
14412,-0.21325055519999997
14415,-0.47121321399999977
14417,0.31611371779999997
14419,-0.3464004045999996
14420,0.4909464120000001
14421,-1.089171031
14422,0.2249925668000002
14423,-1.2059238960000003
14425,1.199554323
14426,-0.2238200456000003
14427,-0.2915979615999998
14428,-0.16532384360000024
14430,-0.31670465080000004
14431,-0.7715714835999998
14432,0.20162525859999986
14447,0.36087861399999993
14450,0.19271308079999994
14451,-0.07931130719999988
14453,-0.4278483916
14456,0.35845753079999965
14457,1.4360443394
14459,0.10054335900000008
14460,-0.6157941961999999
14461,-0.029892788800000326
14462,-1.0832963972000003
14463,-0.08274373439999998
14464,0.25398258459999995
14465,0.21262341680000016
14468,-0.11030699300000002
14470,-0.47076477200000005
14472,-0.002308784399999997
14473,-1.9443553333999999
14479,-1.2179558060000002
14489,0.0687420620000001
14525,-0.19492286060000003
14526,-0.14729696600000003
14527,-0.10652352159999996
14528,1.1007662566000003
14531,-0.20271454680000006
14533,-0.18502225600000025
14534,-0.2513878047999999
14536,0.08927546719999988
14537,0.17537754019999988
14538,1.2504692025999997
14539,0.07070933799999982
14544,-0.231400408
14545,0.09548940440000013
14547,0.47376457619999995
14548,0.14486955879999996
14555,-0.1644777713999998
14559,0.056878464399999905
14560,-0.1834188202
14562,0.1670677271999999
14563,0.19320232060000037
14566,0.13938052619999972
14567,-0.20941754740000035
14569,0.024576864000000143
14570,-0.01930580939999995
14571,0.7005477259999996
14573,-0.04499126880000013
14579,0.9920814709999999
14580,-0.17011928659999995
14581,0.1525143481999999
14582,0.08492322319999986
14583,0.9442584167999998
14584,1.075006477
14585,0.028564423799999794
14586,0.3033218522
14587,0.21134977779999992
14588,-0.06759888679999992
14590,1.4208837234000005
14593,-1.4127325537999997
14595,-0.007514567400000516
14598,1.8068942706000002
14600,0.9078841263999997
14601,-0.19183975039999995
14602,-0.16458716360000009
14605,0.042377741999999684
14607,-0.0038053790000001086
14608,-0.3756071645999999
14609,3.6290418866
14610,0.16415880040000008
14611,0.07386184900000022
14612,0.08602522279999984
14613,0.11114907859999992
14615,0.01695761700000009
14616,-0.13097327639999995
14617,0.4288596986
14618,-0.7881001981999999
14619,-0.7342775198000003
14620,-0.040492443400000334
14621,0.12634352919999986
14622,0.2767107560000001
14623,0.06398621739999992
14625,-0.11046007939999995
14628,-0.2668539449999997
14629,-0.20121472139999988
14630,0.18427599599999986
14632,-0.034074771399999905
14633,0.04720290200000008
14634,0.17289232359999981
14635,-0.029915943399999635
14645,-1.3652246847999994
14651,-0.9269014680000002
14652,0.13087714080000018
14654,-0.013028611999999917
14657,0.1544187088000001
14658,0.3421393517999999
14660,0.1999056672000002
14661,-0.05048767970000014
14664,-0.6887462315999999
14667,-0.3203752905999998
14670,-0.13328533399999998
14672,-0.5206446608
14673,-0.26571362540000026
14674,0.4354086030000005
14675,0.06245326440000003
14676,-0.20324725899999993
14677,0.2948897736000003
14678,0.29360045600000007
14679,1.0774157112
14680,-0.1651290822
14681,0.2295686783999999
14682,-0.04537165880000007
14685,0.11618378419999997
14686,0.17408981359999984
14687,-0.35598352999999977
14688,0.9573102825999993
14693,0.7313275901999997
14695,0.10519342520000005
14696,0.018061687200000166
14697,0.204726217
14699,-0.2131841072000002
14700,0.24610218359999933
14701,1.477829648
14702,0.3524664515999998
14704,0.1591683657999999
14705,-0.5867936913999998
14706,0.0495990201999998
14707,0.08672416400000031
14708,-0.02859230660000005
14709,0.0784935193999999
14710,-0.06893886359999968
14711,-1.5037563264
14712,-0.40277128580000027
14715,0.2552498140000001
14718,0.48420953319999993
14719,0.24555084859999993
14723,-0.14063292999999993
14724,-0.09844304799999967
14725,0.1853438377999998
14726,1.9128819108000004
14729,-0.29700541379999945
14731,0.1557820544
14732,-0.02272639980000015
14733,0.5379506072
14734,0.46166193600000016
14735,0.47598559920000005
14738,0.21105890359999985
14739,0.15561592919999984
14744,0.8628775912
14745,0.7966630520000001
14747,1.8143706080000004
14748,-3.437502000000592e-4
14751,0.9356063958
14755,-0.8709489838
14756,0.3550544956000003
14758,-0.1504712940000001
14760,-0.22754732160000019
14761,4.4187145296
14763,-0.31894870980000023
14765,0.1353738759999999
14767,0.043679005399999936
14768,-0.9324801792000003
14772,-0.05289821199999985
14773,1.1014814967999995
14775,-0.2609832999999998
14776,-0.18044039279999993
14778,1.1871758093999998
14780,0.03802734799999978
14782,1.0542800231999998
14783,0.31077815999999975
14784,-0.1476231956000003
14786,-0.31841458340000006
14787,-0.28942448840000023
14788,0.01455021399999996
14790,-0.9098271954000005
14792,-0.11161302059999975
14793,-0.12937394239999983
14794,-0.05224737320000017
14799,0.038859749199999974
14800,0.033687333000000305
14802,0.4749393617999999
14803,0.09016121999999989
14804,0.1465255142
14805,0.1710773264000002
14806,0.030446142399999942
14807,0.001517585399999888
14809,0.25598321439999994
14810,0.1449095287999997
14811,0.1249075303999998
14812,0.036765891199999776
14813,-0.21379429079999995
14814,0.05195952520000002
14815,0.36783815939999975
14816,-0.07105311739999998
14823,0.18281142599999986
14824,0.186573210600001
14825,4.434102963
14827,1.0214545827999992
14828,1.9206304539999999
14829,0.00822867219999992
14836,-0.0914915486
14840,-0.1953334649999995
14842,0.06711562720000011
14843,8.445670000001293e-4
14852,0.4675008843999997
14853,0.029423067200000298
14854,-0.13336724079999981
14859,-1.1552332958
14862,-1.213383734
14863,-0.08549006439999988
14865,0.061044297599999985
14866,-1.0032695290000002
14871,-0.7491072531999998
14873,0.0681313106000001
14874,-0.7275570894
14884,0.27655175419999994
14885,0.2649031186000002
14886,-0.8763584986000001
14897,0.18718623920000005
14904,-0.4463421008000001
14911,-0.08821799119999962
14912,-0.2425216456000001
14913,0.5883805795999999
14915,0.18666698679999988
14916,-0.09776930059999991
14919,0.1127829511999999
14923,-0.35814031020000014
14924,-0.06595584920000022
14936,0.547232528
14938,0.37176927799999965
14939,1.7456889271999998
14940,0.18079260119999976
14945,-0.1938221982
14950,0.8081256451999994
14958,0.12654438340000027
14960,-0.7423707420000003
14961,-0.7621761250000002
14962,3.0753080368
14969,-0.983326632
14977,0.3744484995999999
14991,-0.22079857300000008
14998,-0.8645598030000002
15001,-2.3599071584
15002,-3.4456945106
15007,0.47096547079999984
15040,0.5691306059999995
15061,0.21475724499999993
15064,-0.036803982000000166
15107,-0.8559115523999997
15108,-0.3446091346000001
15109,-0.3899289962000001
15110,0.14518196619999985
15111,-0.14095735379999982
15112,-0.16769621880000027
15114,0.06250603800000007
15116,0.39508380760000017
15117,0.14618250720000017
15118,0.11912369100000006
15126,-0.12077396940000007
15132,-0.10459782899999989
15135,-1.3505800298000001
15139,0.7617176546000002
15159,0.22044362639999998
15160,-0.3926253837999997
15161,-0.6088595073999997
15162,2.2876013771999997
15163,1.1228680335999996
15165,0.21089753600000005
15166,-0.12001895599999983
15168,0.06058461079999997
15170,0.7023926173999999
15171,0.13827442500000017
15182,0.07269144100000027
15183,7.086969999997806e-4
15184,-0.5827154132000004
15185,-0.23534481400000012
15186,4.442699398799999
15191,0.0211725150000003
15194,0.44558155940000005
15199,-1.1825096213999997
15200,0.3249579424000002
15201,0.05664371620000015
15203,-0.03758790220000004
15204,-0.5647042467999996
15205,-0.5974111473999999
15206,-0.05103035139999994
15207,0.03234721
15208,-0.12461025859999993
15209,0.03387247519999992
15211,-0.39929906320000014
15212,-0.6227579647999999
15213,0.11724513140000017
15214,0.03405263160000009
15216,-1.4176800174
15218,0.21294121300000005
15220,-0.08280460879999989
15221,0.021317800999999647
15223,0.0026256312000001005
15227,0.3578431987999998
15228,-0.09190638820000005
15229,0.04695028600000004
15233,0.14275820479999995
15234,0.05384067300000002
15235,-0.6094363126
15239,0.20799064600000036
15242,-1.339767368
15245,0.09115757299999991
15248,0.2956506363999999
15251,2.2594811112000004
15254,0.1943680299999997
15257,-0.5837030082999999
15258,-0.10227041319999977
15259,-0.0021448671999998226
15260,0.07876099279999967
15273,-0.22211142859999988
15275,0.11684788860000025
15277,1.3608823352000001
15278,-0.38292266520000007
15284,1.1063709845999998
15285,0.045042778600000055
15288,-1.0736620707999993
15289,-0.011584184000000164
15353,-0.5002606115999999
15354,-0.04586910039999985
15356,0.44089790480000024
15357,1.1796538078
15360,-0.4164624564
15364,0.1963829416000001
15366,0.5743274637999999
15368,1.4299779888
15369,0.5377557443999998
15370,1.8213903420000004
15371,0.13305674039999998
15372,-0.14293070119999998
15373,-0.0030956974000002193
15375,0.13255562979999985
15376,0.12491533080000003
15377,-0.25000755200000013
15378,-0.19733887900000013
15379,0.050717548999999806
15381,-0.005091716000000091
15382,0.028563044559999824
15384,0.5682440127999993
15387,0.1501719599999994
15388,-0.8571020671999993
15394,0.10693688739999993
15395,0.01472421759999989
15396,0.04903676899999994
15398,-0.21151124759999984
15399,-0.07301437079999999
15400,0.2345984274000001
15401,-0.0670238114
15402,-0.25914975500000015
15404,-0.11545695840000025
15405,0.27055891659999975
15407,0.10238346219999998
15408,-0.2870101598
15410,0.27647671399999985
15412,-0.18001370959999985
15413,0.018671664799999998
15414,0.4683797461999998
15415,0.07082258100000009
15416,0.06169604340000001
15417,0.12820891519999994
15422,0.3351387901999999
15423,0.06707331720000002
15424,-0.08633528160000026
15425,-0.11029678260000023
15426,0.2226340703999999
15429,-0.09206988119999986
15430,0.10222942099999992
15431,-0.005556009200000034
15432,0.13565707180000014
15433,0.10001332239999972
15434,-0.17839261840000004
15437,0.2566484198000003
15438,0.012410519799999875
15439,3.572025135
15441,-0.4725802408000007
15442,-0.3064265925999997
15444,0.2125146801999998
15445,-1.5307258172
15446,-0.5908523631999996
15450,-0.8160639016000001
15451,-0.3133522944000001
15458,-0.6173638566000003
15460,0.06050051979999989
15461,0.2734028404
15463,0.5323214038000004
15464,0.19052202559999998
15465,-0.06560189360000006
15466,0.5969996626
15467,-0.7680266976000002
15468,-0.20817195939999972
15469,0.2303489134000003
15476,-0.26187659059999946
15478,-0.2560358734000001
15481,1.1003001919999995
15482,0.007043188799999989
15483,0.29651603099999946
15484,0.00169658160000008
15485,-0.05799264280000003
15486,-0.5485314068000002
15487,-0.001823455999999979
15488,-0.31633897879999984
15490,0.3275140238000002
15492,0.1486577112000001
15499,-0.5151625687999998
15500,0.01844209779999968
15502,0.45812109279999974
15505,0.2121110133999995
15507,0.9241808613999997
15510,0.6757524576000005
15512,0.07443013500000024
15516,-0.3161151664000002
15519,0.6637742840000002
15525,0.48243053879999953
15526,0.5391807302
15528,0.34753581839999975
15529,-0.17911166799999984
15530,0.05119663080000016
15531,0.4926611375999997
15547,-0.3470908579999998
15550,0.18095594259999997
15551,-0.04883405059999983
15552,0.28769918659999993
15557,5.04108400000014e-4
15559,-0.03987133320000016
15560,0.34150998480000017
15561,0.22391164539999994
15562,0.15634895600000007
15563,0.36578363280000004
15565,0.053026801799999926
15566,0.7955380393999999
15567,-0.42128440660000005
15568,-0.0293109151999996
15569,0.4629522884
15571,0.2650538913999997
15572,-0.1839809773999999
15574,-0.043801208
15586,-0.3777929861999999
15587,-0.03336713180000021
15874,-0.10161223340000021
15891,-0.006000752000000098
15893,0.17842945140000027
15894,3.0780549676
15896,-1.5817348923999999
15898,-0.16566338620000015
15900,-0.02377697519999984
15901,2.9286332954
15902,1.7629474787999997
15903,-0.8251650358000001
15904,0.2010876886
15925,0.16418284579999956
15926,-0.28679276380000013
15929,-0.46974218360000036
15930,0.5379043032000002
15931,-0.7425754153999999
15932,-0.08089026499999985
15936,1.1305152812000006
15937,4.6450963522
15939,0.6630606562000001
15944,2.5975958346000008
15945,6.9485972526
15957,1.5962457234000003
15958,0.435515693
15967,0.19816534680000011
15975,0.5061029792000001
15976,-0.2350952392
15977,-0.014013169000000048
15978,2.070117987
15979,-0.08239066800000003
15980,0.7096255832
15982,0.6545295407999998
15983,-1.0585629861999997
15985,-2.5840842324
16000,-0.7165230630000001
16001,0.5512749439999995
16002,0.1259057651999999
16004,-0.08165709260000006
16005,-0.03931686560000003
16006,-0.5700103460000003
16008,-1.0924624844
16009,0.22292327459999992
16010,-1.2152438078000007
16011,0.3962707117999999
16012,1.7413827626
16068,1.4716795226000001
16147,0.01894350020000033
16149,-0.619057256
16150,-0.9320246067999995
16151,-0.8289875769999998
16153,2.9891628934
16154,0.06087869279999971
16155,0.6196255508000004
16156,-0.015553554999999974
16159,0.26046394339999973
16160,-0.03163187679999986
16161,0.7612145875999999
16162,0.0596505488
16163,0.1383093704000002
16164,2.2158179583999997
16165,0.009375062800000045
16168,0.5086306088000001
16169,2.6280650640000007
16170,-0.6774841410000001
16171,0.6497856268
16172,0.17197792460000016
16173,1.5236098692
16174,1.3482210199999998
16176,3.4579527833999997
16177,0.5231640810000002
16178,5.6233664638
16179,-0.4177488074000003
16180,3.0027847098
16181,6.2935348118
16182,0.42947412269999985
16183,-0.5976410804000001
16184,0.9069487378000002
16185,0.09558637220000037
16186,0.2649842437999997
16188,0.3900399943999998
16189,-0.09121284900000023
16190,0.8066690658000004
16191,0.26855218159999994
16192,-0.43825484539999965
16193,5.2432127824
16194,0.04966418799999968
16195,0.31536773
16196,0.1917891750000001
16197,-1.4601812962000005
16198,0.08360122579999985
16199,-0.1483009811999997
16201,-0.5971497479999996
16202,-0.31377218199999996
16204,-0.15546669360000004
16205,-1.4938329092000002
16206,0.1811953993999998
16210,0.25201902139999993
16211,0.4645857498
16319,-0.4651601124000001
16322,0.07412318979999988
16323,1.0011391208
16324,0.06599103799999995
16325,-0.1163301623999999
16326,-0.1163301623999999
16328,-0.2311117897999999
16329,0.12833482080000014
16330,-0.5138546292000005
16331,-0.2715305522000001
16332,0.24097147820000017
16334,0.09736399319999975
16336,-0.14502031279999947
16337,-0.36180333079999993
16341,-0.43838060799999995
16348,-0.5545503109999999
16351,-0.4908573898000002
16362,2.0643694246
16363,0.29246477600000065
16364,-0.8925949054
16367,0.08893452919999997
16370,-0.06804039059999986
16371,-0.06843070939999993
16372,0.14117590379999995
16373,-0.028374510399999765
16391,0.893155567
16392,0.6210165097999999
16396,-0.1291909220000001
16398,-0.2217104749999997
16399,-0.05642328999999968
16400,-0.12340831479999999
16401,-0.9525792518000002
16402,0.8227751068
16403,-0.48957043400000055
16404,-0.024337852600000254
16407,-0.8435651796
16408,-0.3170700020000005
16409,2.4679178707999996
16410,0.19713334220000006
16411,0.6603327062000004
16412,-0.02978508840000025
16413,0.7054842254
16414,0.5843681420000003
16416,-0.1643117679999996
16418,0.7661795513999999
16419,-0.4710027242000006
16420,0.24939026900000022
16421,-0.8867770956000001
16423,0.5747851160000004
16424,-0.3569631706000001
16425,-0.3966426821999997
16426,-0.8261865354000001
16427,0.5699950853999999
16428,-1.5183785824
16429,0.023805212799999965
16430,0.8509123367999993
16431,-0.41804510540000006
16432,-0.16736899200000047
16433,0.16535011819999976
16434,0.511240903
16438,-0.7079954065999999
16439,-0.4800254762000005
16440,-1.4792841974
16443,-0.43058287380000004
16447,-0.09419003539999996
16449,0.7970691471999999
16450,0.047841972000000156
16451,-0.4731313380000007
16452,0.30881621059999986
16453,-0.14502031279999947
16456,0.27900238319999976
16467,0.21900173680000012
16468,-0.33387717339999945
16475,0.1091286032000001
16476,2.6243660148
16477,1.9287537320000003
16478,-0.6672824379999994
16480,-0.12340567920000005
16485,0.08698709519999977
16490,0.19746520780000018
16491,-0.5914191783999998
16492,-0.016887982999999985
16493,-0.0498957388
16494,-0.05270323440000002
16497,0.05617899619999989
16498,-0.44806830360000055
16499,0.0015454205999997583
16500,-0.10159288199999975
16502,-0.0384913752000001
16504,0.081432064200000015
16506,-0.12631678019999998
16508,0.09633190320000003
16509,-0.05084019160000004
16510,0.19657289079999973
16511,-0.1164571269999998
16512,-0.21418363339999988
16513,-0.15155337200000024
16514,0.06628051419999999
16515,-0.20931665220000042
16516,0.11399349160000014
16517,0.010531263799999736
16518,0.21717804039999988
16519,0.15961647680000013
16520,0.06903447139999966
16521,-0.1622772035999997
16522,0.3141139346000001
16523,-0.21343938399999995
16524,0.2985879605999999
16525,0.08002198140000019
16526,0.12969110080000004
16527,-0.15788402139999977
16528,0.062231466200000266
16529,-0.7343817061999998
16530,0.1132285586
16531,-0.10081531019999997
16532,0.011297058399999838
16533,0.20815312740000014
16534,-0.40213782939999965
16535,0.03442514100000018
16536,0.11874413499999985
16538,0.002028027600000115
16539,0.17867493900000006
16541,0.5966584046000001
16542,0.21586288339999998
16543,0.8059620026
16545,0.3115796906
16548,0.4436063294
16549,-0.32210463739999984
16551,-0.036758800799999845
16552,-0.04294794040000003
16553,0.6372927804000001
16554,-0.1536283308
16558,-0.1975058554000002
16559,0.12718661759999977
16560,0.2593565988
16561,0.05198260120000011
16562,0.30008929459999967
16563,-0.22544819840000016
16564,0.12558758039999968
16565,-1.5230265544
16568,-0.28783590980000007
16569,-0.06916947399999991
16570,0.05219845440000022
16571,-0.018579528199999907
16572,-0.059866287000000365
16573,-0.2511358862000005
16574,-0.171971686
16576,-0.05796399759999975
16578,-0.2853272465999998
16579,-0.19787056079999985
16581,-0.11037715060000028
16582,-0.0493429776000001
16588,-0.1601941282000002
16589,-0.7890758286
16590,0.9461604491999998
16591,0.1872850527999999
16592,2.8699337532
16593,-0.12568873960000015
16594,-0.03116387399999976
16596,-0.2542754832
16597,-0.04724812779999983
16598,0.510006242
16599,0.18710609839999998
16600,-0.25699877920000025
16601,1.4325256420000003
16621,-0.4639053576
16641,-0.4115218431999999
16643,-1.148552071
16646,-0.9916420426000002
16647,0.6664503532000001
16648,-0.02494240300000037
16649,0.5981491683999998
16650,-0.09328184260000025
16651,-0.8527336224000001
16653,1.1744445632
16656,0.06935295680000006
16658,1.1273489816000004
16660,-0.07650161360000016
16661,-0.21423156180000014
16663,-0.01383763560000011
16664,0.07835183119999982
16665,-0.07545521379999975
16666,0.01915264660000009
16667,-0.19473381239999998
16668,-0.0313600297999999
16669,-0.33155544979999974
16670,0.25368946619999966
16671,0.2068768831999998
16672,-0.10857816360000036
16673,-0.07949864499999997
16675,0.07369530040000001
16678,0.08341031139999995
16679,0.7078948647999999
16680,0.13428412420000005
16681,0.08359758360000002
16682,0.19322129059999985
16691,-0.38790010819999987
16693,0.17230922979999974
16703,0.24433037860000012
16706,0.9195077396
16709,-0.6595927149999999
16716,0.05815220439999998
16728,-0.5039937459999997
16763,0.0930944280000002
16764,-1.9354085836000003
16765,-0.2440397449999999
16768,0.014961433399999714
16770,0.03238014860000007
16772,-0.14554522180000004
16773,-0.0876018034000003
16774,-0.3528694754000002
16775,0.014728579400000007
16776,-0.10104342620000004
16777,-0.12421820140000009
16779,-0.0574457139999998
16780,0.27153861900000004
16782,-0.08850825039999961
16783,0.14975330000000006
16784,1.5651726658
16785,-0.2579228480000001
16790,0.46860659239999974
16792,-0.14278704200000014
16796,1.0716603935999998
16797,-0.7884494607999997
16798,0.3204982794000001
16800,0.24627887260000011
16801,-0.6588980269999997
16803,0.9789957270000003
16814,-0.1921968515999998
16815,-0.008331550400000155
16816,-0.20174389800000014
16818,-1.49066421
16819,6.5820487296
16822,1.7884536992000002
16825,-1.0428287882
16826,0.024754244600000242
16828,1.4586318582000004
16832,-0.12429182259999969
16833,0.3182318756000001
16834,0.20050392539999998
16835,1.1047110594000003
16841,-0.4145118525999999
16842,-1.7667979380000003
16846,0.27890444999999986
16848,-0.08388880039999976
16852,0.3292008780000003
16854,2.0071316976
16855,-0.3685636478000001
16859,0.6401588497999999
16865,-0.06771192700000003
16867,-0.04732736660000016
16869,-0.2636248126
16870,-0.01108595639999992
16871,-0.23389223639999984
16872,-0.042211211999999956
16873,-0.05471094160000005
16874,0.19174323060000004
16875,0.07871049620000008
16876,-0.1679746582
16878,0.2921295694000001
16880,0.8393717886000003
16881,-0.23971914260000027
16882,0.5303257028000001
16885,-0.15932686039999985
16886,0.23488929060000033
16889,-0.1920760672000002
16890,0.3372927720000005
16891,7.0821506074
16897,-0.06454298019999989
16898,0.08240651400000018
16904,-0.24258896720000003
16905,-0.21561080159999993
16906,0.5796599216000005
16907,0.17834280460000046
16909,-1.5692489258000002
16911,0.6855080507999999
16912,1.3060353149999997
16913,1.0921621310000003
16917,-0.06847029900000016
16918,0.006356717600000117
16922,0.18098882139999936
16923,-0.4016227282000003
16924,0.16898029180000015
16948,1.1553269694
16949,-0.4838434142000002
16950,-0.014228743600000015
16952,2.4489891004
16956,2.7077618125999994
16963,1.1886341414
16969,0.6042906436
16971,0.18221395179999983
16973,-0.19422437479999993
16974,-0.4597606972000001
16975,0.5470570099999998
16976,0.3540351728000003
16977,-0.002254299999999887
16978,0.7297075592000002
16979,0.08328716859999999
16980,0.07035855659999975
16981,-0.1197506029999996
16985,-0.5545485169999995
16987,0.1670769346000002
16992,-0.7860487218
16993,0.031518419600000055
16994,-1.2138635592000004
16995,2.0336622906
16997,-0.35396264240000014
16998,-0.003188551199999701
17000,0.9756257522000003
17001,-1.2618570264000002
17002,6.0043159278000005
17005,-0.19719025740000012
17022,0.3910695119999999
17025,-0.801834524
17035,0.5215004537999999
17060,-1.7862984246
17063,-0.13144531419999977
17064,-0.08875124319999976
17068,-2.1620734113999998
17069,0.14437572599999982
17075,-0.03573210100000015
17079,-0.986621685
17082,0.5800496203999994
17083,0.0791482974000001
17084,-0.5008251580000003
17085,-0.8832020001999998
17086,-0.12107963420000019
17087,0.9427629808000002
17089,0.36539087040000007
17095,-1.1310966893999999
17096,0.4883521399999996
17101,0.6197073799999997
17112,0.1954026473999999
17113,0.3757569053999994
17116,0.04476669280000012
17117,-0.6748543091999999
17118,2.6192793886
17119,2.3996509310000005
17120,-0.10567680680000002
17121,-0.0504545438000001
17122,-1.201646505
17123,0.17628341899999994
17125,0.15958695999999967
17126,-0.011864587799999882
17127,-0.3289337065999998
17128,-0.12671671100000026
17129,-0.6319295079999998
17130,-0.14566464900000006
17131,-0.7953722255999999
17132,2.6726946404
17133,1.7967281694000001
17134,0.5325983192000002
17135,0.09998737999999996
17136,0.2755488260000002
17149,0.5470570099999998
17150,-0.004789591200000132
17151,-0.3228119439999997
17152,-0.011597848799999966
17153,0.0791512434000003
17155,-1.1535510859999998
17156,-0.08160357279999993
17158,0.9826541438000002
17159,-0.6114460338000004
17160,-0.40314046000000003
17161,0.45141533759999974
17164,1.7957913653999995
17165,0.25019189699999966
17167,1.52703811
17168,-0.4309176695999996
17169,-0.6489319830000001
17171,-0.098403083
17172,-0.11053339599999976
17173,0.17216284119999994
17175,-0.2648318810000001
17179,-0.7165201353999999
17180,0.07452634099999997
17181,-0.11694644979999991
17182,0.0583393700000002
17183,0.04983365800000019
17184,-0.4943697890000003
17187,-0.6762079168000004
17188,-0.20390609499999995
17189,1.2887446566
17190,0.20843041540000015
17191,0.43403246079999996
17192,-0.1873203784000003
17193,-0.7556882890000001
17195,-0.7098226652
17196,-0.7797289521999996
17199,0.23518916280000007
17200,0.29719286280000007
17201,0.19581758059999999
17203,0.05965827459999993
17207,-0.15926181519999982
17210,1.0074394259999995
17215,-0.19448506000000004
17216,-0.20387422659999963
17217,-0.19026453799999993
17218,0.03663724619999993
17219,-0.07779956899999992
17220,-0.5335451428000002
17221,0.15065049220000012
17222,-0.36316114320000015
17228,-0.9608736686000003
17235,-0.016708236400000055
17237,-0.29596678660000003
17240,0.32748314680000024
17242,-0.19843948779999998
17245,0.20433801380000016
17246,0.41670545140000037
17248,-0.48586086600000017
17250,1.0136423918
17252,0.30173308300000007
17254,0.3609067126000003
17256,0.1965599841999996
17257,-0.45134195560000007
17258,0.058689787400000526
17260,-2.0108628316
17261,-1.2195551961999995
17268,-0.005704107799999925
17274,0.3731976760000002
17279,-0.03228280239999996
17281,-0.4038181464000001
17283,-0.3163891888000002
17285,0.11598745740000016
17286,-0.048640729199999996
17287,-0.11275234260000015
17288,0.22205171760000014
17289,1.6315539062
17292,-0.096007174
17293,-0.15026360719999995
17294,-1.0246022294
17295,1.6812881680000002
17299,0.6933174248
17300,0.1761574578000001
17301,-0.11826477660000023
17304,-0.08848450120000013
17305,-1.2116738054000002
17306,0.10963763699999998
17308,-0.3426047718000003
17309,-0.09104893799999995
17311,0.24705153519999978
17313,1.3982278085999997
17314,0.13250518419999988
17318,0.5613616440000001
17319,0.9319283720000001
17329,6.551450243
17330,0.19021507740000007
17339,0.04720373320000011
17341,-0.12252394120000006
17342,1.2613139338
17344,-0.24117594600000009
17345,-0.42911047959999993
17346,0.15020298140000002
17347,-1.3372714456
17349,0.15142594960000003
17350,-0.5421993250000001
17354,-0.26793317299999997
17355,0.19827071979999983
17357,4.4573273784
17364,0.1075036739999998
17380,0.11514416720000016
17381,1.2106845457999997
17384,-0.20263990520000022
17385,-0.25341354699999996
17386,0.6133226626000001
17387,3.299290943
17388,-0.031507299999999995
17389,0.2561500012
17390,-0.04125382639999984
17391,0.10724090280000009
17392,0.364524014
17393,-0.00378347659999978
17394,4.9952861650000004
17395,3.0538051382000004
17420,-0.22823576119999983
17423,-0.08848999200000005
17425,-0.7983912839999997
17427,-0.17628429800000003
17428,-0.6025953684000005
17433,0.1878056503999998
17434,0.2586797189999997
17436,0.13306562640000016
17441,-0.13098251759999996
17444,-1.4864377371999997
17448,0.5948481451999996
17449,-0.1082892025999996
17450,0.32839588099999995
17451,0.023315560200000095
17454,0.33629548159999983
17463,1.0072627292
17470,-0.5356072067999996
17474,2.1517891378
17475,0.19745456479999995
17476,0.6660856666000005
17480,-0.29547404539999994
17523,0.5887799056
17524,-1.2189782580000004
17527,-0.3089848602
17528,0.4757278020000003
17532,0.014110978600000124
17533,1.6192417953999998
17534,-0.1988394644000003
17535,0.4463312195999999
17536,0.3766219416000002
17537,-0.14823015599999997
17681,0.1457554575999998
17684,0.10881072320000058
17685,-0.7687269538000001
17686,-0.6115126984000001
17687,-0.09418987879999996
17688,-0.5064692394
17690,0.01548162460000011
17691,-0.33822415559999985
17692,-0.17198024859999989
17695,-0.3005970574000001
17698,0.4697392960000002
17701,-0.08460963060000015
17702,0.06602180559999979
17713,0.3760704348000001
17714,-0.05353909120000004
17721,0.06001889000000027
17748,5.2042281053999995
17749,0.2490263284000001
17750,5.228496648799999
17751,0.16513831799999962
17752,0.09865526899999999
17754,0.14941929700000003
17755,0.10600935499999994
17758,0.44651409480000004
17760,0.3938310450000001
17761,-0.4290996328
17762,0.1874116258000001
17763,-0.9998251344000002
17764,0.3038850784000001
17765,-0.5532493713999997
17766,-0.1616157084000001
17768,-0.4592931140000001
17769,0.15481868660000017
17772,0.9285474352000002
17773,0.01911644240000001
17775,-0.37252449
17776,-0.3947334517999998
17777,-0.17692880960000004
17826,-0.33851180859999985
17827,0.235091744
17828,-0.5409791711999998
17829,0.5832062519999998
17846,0.2975437032
17847,-0.27032199100000015
17855,-0.16380115699999998
17859,-0.7582783697999996
17863,-0.15610770719999997
17864,-0.20303855420000003
17865,0.46639307200000013
17868,0.3455142567999999
17869,0.26375003639999994
17872,-0.9002166127999999
17873,2.2103694305999997
17874,1.9761294552
17876,5.753480000016965e-5
17877,0.10540764439999997
17878,-0.12624967140000026
17879,1.6897375592
17880,-0.12756200919999988
17882,0.11635096359999997
17883,-0.16071501940000008
17884,0.9964303482
17885,0.010138186000000004
17886,-0.18062929800000022
17888,0.21035691900000017
17896,-0.03236376679999964
17897,-0.0893750825999998
17898,0.33099008439999994
17901,1.2831282960000001
17904,-0.03152587800000006
17906,1.0594496996
17907,0.4440697121999998
17909,0.23217861319999997
17912,0.18586401499999977
17913,-0.17791474180000008
17916,0.7768242879999997
17918,-0.3128189056000002
17919,-0.11400620879999987
17920,-0.6799606688
17921,-0.0091633026000002
17922,0.08883215339999992
17925,0.08458964659999993
17926,-0.08162619419999988
17927,0.02714394320000011
17928,-0.2189602538000001
17929,0.06841837579999996
17930,0.8467158355999999
17931,0.34441566580000027
17932,0.06573239640000014
17933,0.17170906079999995
17936,0.5023021866000004
17937,0.38034175400000014
17939,-0.21456011459999988
17954,0.3255999982000001
17955,-0.21590455860000013
17957,0.3034060331999999
17960,-0.05646786880000025
17961,-0.40602381340000004
17966,-0.9146787274000001
17967,0.5054353382000001
17968,-0.15933036379999982
17969,1.9889317808000004
17970,0.9053125052000002
17972,1.2029660638
17973,0.12850416499999967
17975,0.6008503521999999
17977,-0.4623243492000002
17978,-0.6650775893999998
17979,-0.40393072680000036
17984,-0.16283662599999982
17986,-0.16796526900000003
17988,0.0762900725999998
17991,-0.1608329859999998
17992,-0.28807051199999983
17993,0.1655812076
17995,0.18392173799999992
17997,-0.3855039756
17999,-0.3578715353999996
18002,-0.025381160000000236
18003,0.12373173480000048
18004,-0.6460189866000002
18005,0.1276767097999998
18007,0.041137622799999815
18008,-0.08689634599999999
18010,0.595010294
18011,0.1072354491999997
18012,0.2338190064
18013,0.049660574000000145
18014,0.05063891960000007
18015,-0.03350048640000018
18016,-0.07004404780000009
18018,-1.0515156670000003
18019,0.19941569339999993
18020,-0.8752490792
18021,-0.8202956657999998
18022,0.5785240336000002
18023,0.6684675378000001
18024,1.6641157012
18025,0.15406938000000014
18027,-0.5236144634000001
18028,0.5484870597999999
18029,-0.3523726722000003
18030,2.7241369354
18032,-0.3501348201999999
18033,0.44034391080000007
18034,0.9208252414000002
18035,1.8399075440000001
18036,1.0506723674
18037,1.1062643868
18038,-0.09534593699999974
18040,-0.20053812839999993
18041,-0.4830055011999999
18044,0.10991488900000021
18045,0.3145497424
18046,-0.28813674159999997
18049,-0.04893431859999993
18053,-0.25195250579999995
18071,0.08803424080000025
18072,0.08425320920000016
18073,-0.39838486619999997
18074,-0.35130862779999994
18080,0.04277783260000003
18081,0.7714171860000001
18082,-1.2442348198
18087,-0.08509067639999976
18088,0.25971020199999983
18089,0.038819456199999894
18091,0.02119512919999984
18092,-0.08938106159999996
18094,0.06362778319999993
18095,0.2003656726000001
18096,-0.18272792619999995
18099,-0.6256727928
18100,-0.022129275400000026
18101,0.31721763299999994
18102,0.9251487170000001
18103,0.8339620799999998
18104,-0.6643022676000001
18105,-0.588180625
18107,0.4623771083999998
18108,-0.4889166188000001
18109,0.0022862962000001373
18111,-0.03478735179999983
18113,0.8157503499999998
18114,-0.11581942900000008
18117,0.08932271600000022
18119,0.12008662820000016
18120,-0.12415433060000006
18121,0.21614784460000003
18124,1.2008799620000001
18125,0.32297771420000015
18126,0.8635798425999999
18127,0.07085185399999983
18128,0.8824950791999997
18129,0.3219191985999995
18130,0.02443031040000001
18131,0.15867607140000003
18132,0.23442633720000003
18141,0.3699583097999998
18142,0.0017047327999998529
18143,-0.16779873299999987
18145,0.07435941540000002
18146,0.23945781200000002
18148,0.29072717279999977
18150,-0.18058100979999986
18155,-0.08459602019999987
18159,0.18455805779999998
18160,-0.17496362380000008
18162,-0.07507882059999993
18163,0.12417338059999983
18164,0.23054971399999982
18166,-0.2229720833999999
18167,0.08100434339999998
18168,0.06452541440000026
18171,-0.33090370400000013
18173,2.3135252312
18174,0.41943081020000006
18175,0.15774835399999992
18176,0.18311307059999962
18181,-0.07056909139999998
18183,0.3004526338000001
18185,0.41319391119999993
18186,-0.6163566028000002
18187,0.38751787719999997
18188,-0.13369531840000004
18189,0.19404121139999972
18190,-0.16743982719999978
18193,-0.4180815089999996
18194,-0.12911548199999992
18195,0.9148716288000001
18198,0.2344600237999998
18201,-0.7531430993999997
18203,-0.5976410804000001
18205,-0.09169627100000008
18207,-0.12982230680000004
18208,0.23286894599999997
18209,0.03528465900000022
18211,0.05521366540000017
18212,0.11111804099999993
18213,-0.29409991319999984
18214,0.07948118860000015
18216,0.13776279879999986
18217,-0.07196184739999989
18218,-0.3660158142
18220,-0.3414517068000006
18221,0.2839817466000005
18222,0.6869113153999999
18223,0.2808349967999998
18226,0.38721714919999994
18227,-0.0437140261999998
18230,0.5813799069999999
18231,0.051626995200000005
18232,0.23432103380000005
18241,0.01937316760000023
18242,0.01796181660000009
18245,-0.1901119859999998
18247,-0.5056316534000007
18256,-0.14717718799999968
18260,0.016169604399999926
18263,-0.30109847999999956
18285,-0.03462641179999988
18286,-0.4179596543999999
18291,0.19573894779999995
18293,-0.6843525562000004
18294,-0.1828939840000002
18295,0.11931901460000027
18301,0.7423959715999995
18302,-0.19400186539999992
18377,0.10477359540000002
18378,0.04468088359999989
18383,-0.005245375400000007
18386,0.17100672519999982
18387,0.264151734
18389,0.059225046399999745
18390,0.12053550900000012
18391,0.025092442399999727
18392,-0.44852355879999983
18393,0.12051586700000012
18399,0.06963844839999993
18400,0.0684876371999998
18408,-0.6491913653999999
18412,-0.5089455968000003
18413,2.2562173759999995
18414,2.2945464064000003
18415,-0.2570067047999999
18416,-1.5920037086
18417,0.018470012399999812
18419,0.22039527200000003
18420,0.1440141579999997
18423,0.0757988794
18424,0.09479518680000006
18426,-0.040105963000000244
18429,0.16464761979999984
18430,0.10876937399999989
18431,0.21974517239999986
18432,0.2765822036000003
18436,-0.452237573
18438,0.5362280782000003
18439,-0.1010567631999999
18440,-0.10989138799999995
18441,-0.0449622024
18442,0.28013659660000023
18451,1.2550780291999997
18452,0.12131305419999983
18453,1.5854508688
18457,0.20959148400000024
18458,-0.06735318799999952
18472,0.08657985980000013
18475,0.32056071720000023
18476,-1.1064806148
18477,0.490842434
18478,-2.327837505
18479,0.17500852360000022
18481,0.2991927711999998
18483,0.06861389440000032
18484,0.15383102340000043
18488,0.024029217600000142
18489,0.26733140439999997
18491,-0.05863406079999987
18503,0.2441390160000001
18505,0.24738273640000016
18506,-0.17973248859999985
18507,-2.1398050188
18508,0.18335859900000032
18509,-0.04554949780000026
18510,0.2644389758
18511,-0.03006078280000004
18514,0.8207978693999998
18515,0.23442633720000003
18516,-0.15286271860000014
18518,-0.5908113669999999
18519,0.2984927383999995
18521,-0.4102353220000001
18526,0.21144099060000024
18530,0.21379404739999996
18534,-0.5088426408
18536,-0.4187692954000001
18537,-0.20692591460000004
18538,0.0193409618000004
18541,-0.49560719839999995
18542,0.2152298914000001
18545,0.03088518039999997
18546,-0.6845316488
18548,-0.0025806821999998066
18549,0.08732242259999987
18550,1.3535410193999997
18551,-0.15350414999999984
18552,0.37434377119999995
18553,0.018350541199999883
18554,0.13286918740000003
18555,-0.4740916934000001
18557,0.05600278999999997
18559,-0.19430191299999997
18563,-0.06730841940000012
18566,0.16563503359999973
18567,-0.680517575
18569,-0.6273012033999997
18570,0.50098224140000025
18571,0.33554316219999974
18572,0.14341068319999994
18573,0.12074900580000011
18574,0.7039374898000001
18575,-0.3784475131999999
18576,-0.8946343584000003
18577,-0.04879567060000003
18578,0.3308571255999997
18582,-0.10788882859999997
18583,-1.9601484640000004
18584,0.6505458289999998
18587,-0.09545183680000005
18588,0.030295768000000046
18590,-0.3197285961999999
18591,-0.24836903300000018
18595,0.08891699780000017
18596,0.06867895339999971
18597,0.11719176000000005
18598,0.09667000219999995
18599,-0.06283869320000016
18600,-0.5667991814000001
18601,0.25845600940000024
18602,0.6201878642000004
18604,-0.6365277584000001
18605,-0.5542595664000002
18606,0.4009414103999999
18607,-0.1176703790000003
18609,0.008077421400000163
18610,-0.0400901735999998
18611,-0.29258612879999985
18612,0.21049122079999982
18613,-0.5212889199999997
18616,0.12619931240000018
18618,-0.13581820639999992
18619,-0.022328259800000083
18624,-0.8581718965999997
18626,0.8699947464000001
18627,1.6541306394000004
18628,-0.05431611060000012
18631,0.5274115169999998
18632,-0.09393711420000024
18633,-0.15749376459999986
18634,0.16707782670000002
18636,1.360188346
18637,0.19407102299999987
18639,-0.2118291974
18640,-0.01622229819999994
18641,0.9530749498000004
18642,0.012005564600000084
18643,0.3848526740000004
18646,0.15027241819999998
18647,0.09708587980000036
18648,1.9780454893999997
18654,0.05318855059999983
18663,0.2235615631999998
18667,0.3845138084000001
18670,-0.9205069838000002
18671,-0.05061861120000018
18674,0.2583195528000001
18675,0.1724668082
18676,-0.4534850122
18679,-0.43274325339999997
18682,-0.1175503683999997
18685,-0.6168591806
18693,-0.08996679279999978
18700,0.0500966781999999
18701,0.1135303480000001
18703,-1.336121954
18704,0.18399879959999996
18705,-0.006666699200000093
18706,-0.4438776254000002
18707,-0.22441126279999962
18708,-0.923201111
18709,-0.21219627779999986
18710,0.020951527800000223
18711,-0.7044878705999998
18712,1.5250748008000001
18715,-0.16978442839999985
18716,0.25933871999999997
18717,-0.22346085959999992
18718,-1.0945286606
18719,-0.3137615108000002
18720,-0.08131865499999975
18736,0.09550579999999975
18738,0.9911542808
18739,-0.5529465749999997
18740,-0.1541020198
18741,0.04088085560000003
18742,-0.040420192399999874
18744,-0.19275950179999998
18746,1.0312719618
18747,-0.32450790499999993
18749,-1.0565102936000004
18750,-0.6216553462000005
18751,-1.3884603939999998
18752,-0.12648479679999997
18753,0.5221848988000002
18754,-0.6361052545999998
18755,-0.27439663599999947
18759,-0.2670008077999997
18760,0.06706603239999982
18761,-0.6650265411999999
18762,-0.1997829586
18763,-0.9578009604000002
18764,0.5863828662000001
18766,0.2505822992000001
18767,-0.08017209039999998
18768,0.93910359
18769,-0.8928419646000005
18770,-0.030928871200000076
18771,-0.27671822539999996
18772,0.27675746060000017
18777,0.40172168919999984
18778,-0.1537246724000001
18779,0.06140478199999979
18781,0.44479524439999985
18782,0.21927184020000007
18783,1.0881577724000002
18784,-0.1536950526
18786,0.20563284360000011
18787,5.598210458
18788,0.8667533592000007
18789,0.07490864720000001
18791,0.30040119740000026
18792,0.1639473906000001
18793,2.444331907
18795,0.5077365200000001
18796,-0.2552613568
18797,0.18187696320000005
18798,0.5015045798
18799,-0.14920195059999966
18802,0.30346408199999997
18803,-1.1660779817999998
18805,0.9244693776000001
18806,0.06841218680000019
18807,-0.7932625823999997
18810,0.6709645575999996
18813,0.6067339172000004
18815,-1.6185511258
18816,-0.36565639040000003
18817,0.04495001919999986
18821,0.05217927299999996
18822,0.8795141837999999
18823,-0.6425463558000001
18824,1.2821566564000002
18826,0.911591194
18830,-0.3961271740000001
18843,0.032191150800000304
18844,0.42271165720000037
18845,0.2921131366000001
18846,0.12493277200000001
18854,-0.4136317905999999
18857,0.03737124360000017
18858,0.4910080518000003
18933,0.2790369615999996
18935,0.1474639238
18938,0.9244198424000002
18946,-0.15902814399999982
18947,-0.013388531400000047
18948,0.19839211259999984
18949,-0.23035259640000003
18951,-0.09844304799999967
18968,-0.2508942094
18969,0.2885109997999999
18970,-0.10803047120000002
18971,-0.8452654507999997
18972,-0.28259388360000004
18973,0.08645572779999977
18974,-0.5745963570000001
18975,-0.36352816079999994
18976,-0.0018725883999998415
18979,-1.0561333991999997
18983,0.10871983820000039
18984,0.5887286512
18985,-1.7915858459999996
18986,-0.4724500361999997
18987,-0.5333519432000002
18988,-0.035242017799999734
18991,-0.08350600319999994
18992,0.04312439459999986
18993,0.05757560099999992
18994,-0.11889465379999997
18996,0.3424599585999998
18997,0.28600418219999996
18998,-0.04125281000000012
18999,-0.006584952000000044
19009,-0.6549476541999999
19011,0.2574199852000005
19013,-0.17441445160000005
19014,-0.3671513374
19015,0.4761100652000003
19016,-0.6904177707999999
19017,0.0452730776000001
19018,0.10482124320000068
19023,0.039683192999999936
19024,-0.45676838300000017
19025,-0.20748675339999992
19035,0.5356827774000003
19038,-0.3337030795999999
19039,0.5729264076
19041,0.14192133320000017
19042,0.0017297626000001287
19043,-0.41212439260000017
19044,-0.5407564292000002
19045,-0.09375026799999979
19046,-0.1737872839999998
19047,-0.10709570400000032
19049,-0.21743566359999988
19051,-0.08744576919999991
19052,0.46902214399999986
19053,0.7041568316
19055,-0.8043924637999996
19056,-0.6326894106000005
19057,-0.5174128345999998
19058,0.1099358377999998
19059,-0.12324530959999987
19060,0.03970424299999973
19062,-0.40600855499999966
19063,-0.0649786614
19064,0.04929408720000028
19069,-0.051805136600000704
19070,0.4170182537999999
19072,0.10613587919999982
19073,0.6729659340000002
19074,0.3596757155999997
19075,-0.3570955864
19079,-0.18860586419999983
19082,-0.09629330039999964
19084,-0.20683668199999977
19085,0.17305712179999996
19087,0.49074441859999957
19088,-0.08643829399999987
19089,-0.005432063600000525
19090,-0.9411941795999998
19091,0.05975797200000006
19092,0.15223842039999996
19094,-0.8793914124000002
19099,0.09965824679999997
19106,0.6780050151999999
19108,0.16615146440000003
19109,0.08498666779999979
19116,0.16908025680000022
19119,-0.0038312024000001443
19120,0.06170067400000008
19122,0.15575105079999965
19123,-0.9716415294
19124,2.005194141
19125,-0.06478502820000039
19126,0.5945599178000002
19127,-0.020545238799999588
19128,-0.3861042286000007
19130,-0.21070127060000007
19132,0.07350248880000007
19133,-0.17286278879999992
19134,-0.5488978560000002
19139,-0.27702976200000007
19141,-0.2156351039999997
19142,-0.47199845259999995
19143,-0.07825866760000011
19144,-0.02892560040000003
19146,0.2507204353999999
19152,0.08951075600000014
19153,-0.09778179639999998
19155,0.7480146479999998
19156,-0.1633118274000001
19157,-0.24934164199999992
19158,0.06847439739999998
19159,-0.006938000199999905
19164,0.691406933
19165,-0.7521970816000003
19166,0.6332774656000002
19167,0.6892874708000001
19170,0.02683808820000024
19171,1.409088908
19172,0.8459210983999998
19173,0.6632106652
19175,0.5595494017999995
19177,0.6329368839999997
19179,0.9118909359999998
19181,0.7592387911999999
19182,0.30158858659999976
19183,-0.13897142319999994
19184,0.6689012323999994
19185,-0.6072286960000006
19186,0.8243108578000001
19188,1.7034967045999996
19192,-1.5334789339999997
19193,-0.5104816676
19194,0.18133994860000008
19197,0.20491138359999966
19200,0.5234037879999998
19201,2.0146248348
19205,0.23068734139999947
19206,-1.0172028544
19207,-0.03561970039999984
19208,0.15016583379999987
19210,-0.06563258680000032
19211,0.5827992504000001
19212,0.1446633382
19213,0.2740731084000001
19214,-0.0391552196000001
19215,0.3979327968
19216,0.18366786900000012
19217,0.7492806400000003
19218,0.22093993100000037
19219,-0.10874641599999997
19220,0.12948620319999993
19221,0.2119954063999998
19222,0.28299526979999995
19223,0.01674194599999943
19224,-0.6104361164000001
19225,4.0909412472
19226,0.09192010800000006
19227,0.07450209640000019
19228,-0.07508376820000003
19229,-0.42090946939999974
19230,-0.13113731299999962
19242,0.03812284100000003
19243,0.8894521760000007
19244,-0.44795408600000003
19245,-1.167126626
19246,1.160777602
19247,-0.27223746040000024
19248,0.422842034
19249,-0.07886785680000016
19250,-0.20259916459999996
19252,2.4675292391999997
19253,-0.5263681840000001
19255,0.5225745333999996
19258,-0.8593407412000001
19259,-0.12375062660000022
19260,-0.08622902779999961
19261,0.5389936831999996
19262,-0.33645032219999926
19263,-0.3927235249999999
19264,0.01928315399999967
19265,0.061460453999999484
19267,0.5019699035999997
19268,0.04824836180000016
19270,0.32782501500000005
19271,-0.0680047234
19272,0.2657433790000002
19273,-0.08734615440000013
19274,0.03366661200000021
19275,-0.3442588205999998
19276,0.11799120819999995
19277,0.3630142672000005
19279,0.0257177057999999
19280,0.00515058400000008
19281,0.32926083940000017
19283,0.19327024700000006
19286,-0.3265799571999999
19288,2.5246593916
19289,0.010931227400000054
19290,-0.49994432019999946
19291,0.23664319340000012
19293,0.833434507
19298,-0.2846217816000003
19299,-0.6736261135999999
19300,-0.33291661319999993
19301,-0.22327645580000013
19302,0.5908047468000002
19303,1.1069607430000001
19305,-0.15620734879999976
19309,0.052190994000000226
19325,-0.32492229399999956
19326,-0.3686308009999994
19328,0.0310438379999999
19329,-0.1851416971999999
19330,-0.3745166548000004
19331,-0.5401774910000002
19332,4.043283795
19334,-0.052066205999999934
19335,0.14129743160000033
19336,1.0347832442000002
19337,0.555147544
19338,-0.2225982912000001
19339,-0.10174087000000007
19340,0.20810881359999983
19341,-0.35354398299999995
19342,0.06639162900000031
19344,-0.1847464301999997
19345,0.4229210153999997
19346,0.26814697600000026
19347,0.08434969880000018
19348,-0.23750595540000016
19349,0.8631336430000001
19352,0.19848421619999995
19353,0.04431322599999987
19354,0.5669551619999996
19355,-0.49018308620000006
19356,-0.4110201818000002
19357,0.0012078207999998368
19358,-1.6136498696000001
19359,0.45621453100000053
19360,-0.32331103720000004
19361,0.05767756619999993
19362,0.1338171336000002
19363,0.28187314940000013
19364,0.0641000022
19365,-0.6731633852
19366,-0.12544335280000016
19367,-0.3224462125999999
19373,1.4698483932000002
19374,0.3878370905999999
19376,0.4437016498000002
19377,-0.7340723716000002
19378,1.977322076
19383,-0.3853708391999998
19384,0.8712051268000003
19385,0.9988305146000009
19386,-0.06413585399999988
19387,-0.1585980667999996
19395,-0.5433238737999997
19400,-0.16846715359999997
19401,0.3364928990000001
19411,0.11170826439999963
19414,-0.9444586369999997
19415,-0.006917720999999766
19416,0.15134362280000016
19417,0.01878755899999991
19419,-0.9633878736
19434,0.05587484600000039
19645,-0.9733818019999998
19646,-0.7890301920000002
19647,0.02982227200000036
19649,0.03889195159999996
19650,-0.10683549679999996
19651,-1.0726031338000004
19652,0.6248966119999995
19653,-0.3021292486
19654,-0.2336418813999998
19655,0.39193333079999987
19656,0.06185407939999976
19659,-0.8240552928
19660,-0.050140237600000324
19661,-0.06803821939999999
19662,-1.8014434469999996
19663,0.8354193162000001
19664,0.958905379
19668,0.13758660979999995
19671,-0.07560815880000007
19672,0.9335332237999999
19674,0.09695145440000008
19679,-0.3346203945999999
19682,-0.18502225600000025
19684,-0.08959891939999984
19687,-0.6866334031999999
19691,-0.3984530165999999
19692,0.2268030178
19693,0.19855489260000017
19694,0.13946350479999997
19696,-0.2722817774000005
19697,0.45556792819999964
19698,1.2203489423999998
19699,-0.5360188818000001
19700,-0.21553570120000015
19701,0.12024981199999987
19702,0.12024981199999987
19703,0.24425510100000009
19704,-0.06693067359999993
19707,-0.05758193340000002
19708,0.17217194999999955
19711,-0.03745796800000001
19712,0.03749561400000019
19713,0.06875331219999996
19714,-1.1577775527999998
19718,-0.051866598400000186
19719,-0.18879080880000032
19720,-0.41864554859999964
19724,-0.9365264910000002
19725,-0.8460155297999998
19726,-0.9605417672
19727,-0.7296675562000001
19729,-0.9016684534000005
19730,1.2426869802
19731,1.1201812898
19732,-0.6742646911999998
19733,-1.5631549919999999
19734,0.05515198599999991
19735,-0.9188181477999995
19736,0.14469721459999985
19737,0.42574042320000005
19739,0.2184355681999998
19743,-1.8987178404000002
19744,0.49297623819999964
19752,0.20762942779999988
19762,0.09887826560000015
19763,-0.43666032780000014
19765,-0.7633867645999999
19766,0.6647436692000002
19769,-0.016811056799999946
19771,-0.1533784764
19773,0.2064248253999999
19775,-0.3664073254
19777,-0.13144999719999967
19819,-0.035772478400000016
19820,-0.18668964960000042
19821,-0.5238471498000002
19822,0.24644277839999978
19823,0.3152765244000005
19824,-1.8451788960000006
19826,0.1586405218000003
19866,-0.9098271954000005
19876,0.1381112518
19877,-0.5060203668
19878,-0.46076446540000016
19879,0.15386334280000025
19881,0.03167139540000026
19882,0.3674489837999996
19883,0.051500991400000196
19885,0.12370137020000009
19886,-0.016485436799999854
19888,-0.19099803440000002
19891,-0.20944010659999995
19892,0.02137054979999995
19893,-0.48289852679999995
19894,0.19145465919999988
19895,-0.4979759263999998
19896,-0.28550983400000013
19899,-0.16017556600000002
19921,-0.27777827400000027
19933,-0.2803957620000002
19934,-0.17939687999999948
19935,0.10768186260000015
19941,-0.16753710999999996
19943,-0.1452722880000003
19946,-0.4263461419999999
19951,-0.2860489920000003
19981,-0.18271358000000007
19989,-0.2574673439999998
20005,0.012531644000000597
20014,0.5376646409999998
20016,-0.29446493379999994
20017,0.03699735240000006
20018,0.25384776659999986
20019,0.11504201280000022
20020,-0.7404234373999998
20021,-0.5411863601999997
20022,-0.09429940520000013
20024,-0.2409317920000003
20028,-0.0759083500000001
20044,-0.29286094800000023
20054,-0.34856195800000017
20055,-0.21686139000000004
20084,-0.15619954399999933
20085,-0.3665649519999999
20088,-0.1836588859999999
20090,-0.0917910599999999
20091,-0.17784079800000008
20102,-0.15779161600000008
20103,-0.207881068
20111,0.10262030540000033
20112,1.5918203006
20115,-0.24436303799999948
20129,0.009073944200000118
20130,0.03400123200000031
20132,0.38383462360000015
20133,0.04838418319999995
20135,-0.8016490974
20147,0.22148968920000006
20148,-0.3112500840000001
20163,-0.09015015280000008
20166,-0.061071760200000116
20167,-0.014070925799999934
20168,-0.16008739200000016
20170,-0.04359224840000024
20174,0.3079251418
20181,0.24920597139999998
20182,-0.5049212240000001
20183,-0.11890914080000012
20184,-0.3580742439999998
20185,-0.4572513962000002
20186,-0.20960313679999984
20187,-0.5295547958000002
20190,-0.2916853084000001
20191,-0.005597335200000053
20192,0.15311598019999995
20193,-0.3786264176000003
20194,0.1278398320000001
20195,1.625791592
20196,-0.28202158940000005
20197,0.06095238620000023
20198,0.9076975229999998
20199,-0.10730896180000009
20200,2.3098153042000003
20201,2.0602521299999994
20202,2.755123768
20203,0.24082873260000034
20204,0.08816053200000021
20211,-0.5407940446000004
20215,-0.03322308180000011
20216,0.10381465459999983
20218,-0.06524351199999927
20219,-0.3086057992000001
20222,-0.04221012619999982
20224,0.13129160039999982
20227,-0.1492910511999998
20229,0.8701340360000003
20230,-0.8200424773999997
20231,0.08011482440000002
20238,0.1711728218000001
20239,-0.46830678080000004
20248,0.31020408839999974
20249,-1.7590157984
20254,-9.945336000001248e-4
20255,-0.027626909000000133
20256,0.037369354600000015
20257,-0.16260908499999988
20259,0.18446447020000017
20262,0.09957863319999997
20265,0.15692149340000014
20266,-0.023547418400000096
20269,0.2534514746000001
20271,0.023475842199999875
20272,0.18089316100000036
20273,-0.19282701059999993
20274,0.6728510697999999
20276,-0.14636648880000003
20277,0.15193628219999997
20278,-0.07265522940000028
20280,-0.6254775216000003
20284,2.8884480212
20286,0.0738696044000001
20287,-0.08110109300000001
20288,1.9891884324
20290,-0.10937659760000003
20292,0.669535283
20293,5.8819108294
20295,4.3955482826
20296,5.4117544426
20297,0.02674431220000013
20299,1.509855087
20300,0.12471233899999987
20303,4.021080796800001
20304,-0.1812797119999999
20306,3.8449433881999995
20310,7.871560142400001
20311,3.211147473
20312,-0.11365053939999967
20316,-0.2110651328000003
20317,-0.29906021559999996
20318,-0.0075754105000003236
20319,-0.029026808399999916
20321,0.543299237
20322,-0.6991277176000004
20334,-1.2005287888000002
20335,-0.09864344600000016
20336,-0.37560778280000096
20338,0.19361583340000016
20339,0.010591671400000457
20340,-0.21058053400000035
20343,0.6730622460000003
20344,0.4126530529999998
20345,0.6169807365999997
20346,0.2558528000000001
20347,0.12460173540000011
20348,0.2749410067999998
20349,0.08231501759999986
20350,-0.11816513900000007
20351,1.5614648106
20352,-0.9772419584000002
20353,0.05035584279999998
20354,0.42750263960000046
20355,-0.08668907840000006
20356,0.11327850119999985
20357,0.2827726828000001
20358,-0.12006274980000012
20359,0.3828068727999998
20360,0.16187639120000002
20361,0.40786470020000004
20370,-0.06507863080000006
20371,-0.43177220300000024
20377,0.2249570964000002
20378,0.22922065520000015
20379,-0.03477433760000022
20382,0.6796368328000003
20383,0.5654584074000002
20384,-0.17807394860000017
20387,-0.49442126900000005
20388,-0.09372116900000034
20389,-0.7568780521999999
20390,0.06107074659999991
20391,0.31390608160000005
20392,-0.3924814226000001
20393,0.12214694219999966
20397,0.7903405025999998
20399,-0.43517176039999994
20400,-0.9960443931999998
20401,-0.1819155536000002
20402,-0.24722719840000007
20403,-0.21337271959999987
20404,0.24607443640000018
20405,0.027358271399999978
20408,0.47548965320000003
20409,1.3914657493999993
20410,-0.21585937800000005
20411,-0.07897317180000005
20415,0.22304900240000033
20416,0.11725067619999976
20418,0.050643195599999836
20419,0.3916624218000001
20420,-0.05132908500000024
20423,-0.10999309819999992
20425,0.5566580978
20429,0.18014857640000007
20430,2.090811227
20431,0.09228170380000016
20437,-0.7026365353999997
20439,0.3353250419999997
20440,-2.5413105806000003
20441,-0.42103597800000025
20442,0.5663621548000002
20443,1.0889774515999997
20444,-0.10342158060000006
20445,-0.08928733700000002
20446,0.01339429980000002
20447,0.055113034399999886
20448,0.6897353814
20449,-1.4945996856000001
20450,0.09172641780000017
20451,-0.012185544199999931
20452,-1.6547027933999998
20454,-1.1348766099999998
20459,-0.050629730799999974
20460,0.10432065400000017
20462,0.25514099739999985
20463,-1.014265143
20464,0.19997496879999996
20465,0.035661888199999846
20466,-0.6860095698
20467,-0.21250324039999988
20469,-0.9486643082
20471,0.06930375499999988
20472,0.08486173239999992
20473,0.1096503639999998
20474,0.22305838240000037
20475,0.2168752077999999
20476,-0.07305448959999979
20479,0.39195996639999997
20480,-0.0019333499999994786
20481,-0.6969730968000001
20482,0.27289285639999966
20491,0.7579703037999999
20492,-0.0758619288000002
20493,-1.3258417752000002
20494,-0.10412807199999988
20495,0.10063898040000022
20496,-0.8668480084000001
20497,0.0887236454
20498,0.7144419664000001
20499,-0.9439540517999999
20500,0.14040283759999994
20501,0.29147672660000057
20502,0.022628387800000205
20503,-0.5571547496000001
20504,0.16109351039999992
20505,0.16249920639999954
20509,-0.03656641599999979
20510,-0.12208838900000032
20511,-0.024977070999999997
20512,0.20616440060000016
20513,-0.04367145000000026
20514,-0.44273335439999995
20515,-0.4135904652000001
20516,0.04546668200000017
20517,-0.01964175380000004
20518,0.004360840400000221
20519,-0.1893101284000002
20520,-0.40472859600000033
20521,-0.08225243580000008
20522,-0.43018989200000013
20523,0.11139047479999978
20524,-0.16052554879999992
20525,2.3575840972
20526,-1.4239178417999998
20527,0.04793753599999988
20528,0.12419421459999995
20529,1.8892890582000006
20530,1.6818274017999997
20531,-0.16446142060000019
20532,0.045692679800000136
20533,-1.4345191819999994
20534,-0.281473886
20535,0.18874541399999992
20536,-0.034382761200000014
20537,-0.04716352819999976
20538,0.04569279880000003
20539,-1.2740227194000002
20540,1.5529844236
20541,-0.017051460799999953
20544,-0.09143540619999975
20562,-0.11900841020000001
20563,0.2169041653999999
20564,0.6215711436
20568,1.7077603206000003
20583,0.16134175080000013
20585,-0.5347725079999999
20586,-0.08022760140000003
20587,-0.0012630429999999748
20588,-0.32615554780000033
20589,-0.0429992667999997
20591,-0.1681375321999999
20592,-0.6007412642000002
20597,-0.3645135363999998
20598,-0.5699715498000002
20602,-0.7487336247999998
20604,0.19431214420000006
20605,0.14796017920000004
20606,0.09943255219999987
20607,-0.11791411939999996
20608,0.24211283040000015
20609,0.006285874599999808
20610,0.03647729240000004
20612,0.09506388000000002
20613,0.8564394660000001
20614,0.2393720481999999
20615,-0.7362786176
20616,0.046518897400000016
20617,-0.22524381000000063
20618,-0.2572842431999998
20619,0.3695182136
20620,1.5576499794000003
20621,-2.050763531
20623,-0.22629317240000013
20624,0.007713677800000163
20630,0.32368838579999987
20637,-0.1588024511999997
20638,0.10214075859999987
20639,0.27688914180000007
20641,0.8308531269999998
20643,0.12352320739999989
20646,-0.3458582048000002
20648,-0.007271764399999903
20649,-0.41280145479999975
20650,0.7861905304000001
20652,1.6441722200000002
20655,-0.6415291760000003
20656,1.8494142052999998
20657,0.2017353322
20658,0.13085658539999975
20660,-0.053533853400000095
20661,-0.1450123018000003
20662,-0.37749232999999977
20663,0.7342713685999998
20664,-0.10793096580000014
20665,0.09991360720000006
20666,0.05409543499999998
20667,-0.1880531873999999
20668,0.06531175399999985
20669,-0.032612955600000326
20670,-0.12369233000000009
20671,0.10159326059999998
20672,-0.0858391831999997
20674,-0.11540623220000006
20675,0.04054064640000021
20677,-0.5480741343999999
20678,0.1554345667999998
20679,-1.3602010722000002
20680,-0.12938186100000007
20681,0.06863640000000001
20682,-0.04079213599999996
20683,-0.16268353480000003
20686,-0.5638746733999997
20687,-0.0033103011999997987
20688,-0.5160593646
20689,0.09261506219999997
20692,0.38887629140000024
20698,1.5609785301999999
20713,-1.0124262341999997
20716,1.866980901
20719,-0.2610513244
20720,0.23991300860000014
20723,0.7400752216
20724,0.13360725700000026
20725,-0.041710612399999826
20728,0.31790242740000013
20729,-0.15353367879999985
20731,-0.08399229479999981
20732,1.0729800282000002
20733,-0.5713876943999999
20737,-0.26446052599999986
20739,-1.5488000338000005
20740,-0.3919283882000002
20741,-1.1647721513999998
20742,-0.7500924093999999
20743,-0.08086546600000002
20744,-0.9313563791999995
20745,0.1443575288
20747,-0.5583357019999994
20750,6.9461666214
20751,0.04028507300000008
20754,0.03303092840000001
20768,-0.8177144119999997
20773,0.76562217
20775,0.36692534359999984
20776,0.4199274698
20778,0.0018041904000002163
20779,0.10280301160000001
20787,-0.3431679997999998
20788,-0.12114699640000008
20807,-0.04814062820000018
20810,1.042085089
20811,-0.10985876240000003
20813,-0.5995883140000007
20815,-0.5010971231999999
20817,-1.0899729938000002
20818,0.2842505756000001
20821,0.8132110066000005
20823,0.14722633819999942
20832,0.4475626187999996
20833,-0.31523715819999937
20834,-0.17774526440000002
20840,0.010702131199999876
20841,0.2621294955999998
20842,-0.21975839839999978
20843,-0.26227423079999956
20844,0.03633603839999999
20845,0.1171226914
20846,1.1629144561999998
20847,1.2942475166000003
20848,0.8948759447999997
20849,-0.7049946564
20850,-0.05691500379999983
20851,-0.33819219579999993
20852,0.32503839020000064
20853,-0.008216276599999971
20855,-0.0758389922000001
20856,0.16020339079999993
20860,-0.2313818866
20866,-0.4828935789999999
20867,0.847375239
20868,-0.04802994639999945
20869,-0.19149114900000014
20871,0.1707856159999997
20872,0.3653962960000001
20873,-0.06559047939999978
20874,0.4496072494000002
20877,0.21282144560000002
20878,0.36782923580000004
20888,-0.043914759199999945
20890,0.10000731160000012
20893,1.4174577097999994
20897,0.15980871860000026
20899,0.294736692
20901,0.2834314850000009
20907,-0.6651868922
20908,0.6367370313999998
20909,-0.23783606939999996
20910,0.045755773199999974
20911,0.34009632860000033
20913,-0.22362447880000005
20916,0.24491533780000055
20917,-0.3300168155999998
20918,0.013858424000000369
20922,-0.8206742584000001
20924,-0.27884862399999977
20926,-0.02980002199999987
20927,0.19001530279999984
20928,-0.17546140880000002
20930,-0.4570510724000002
20931,-0.0704095667999999
20932,0.924051696
20933,0.07994654299999962
20935,-0.22738919879999991
20937,-0.2685455174000001
20947,-1.4406058901999996
20957,0.051610463199999936
20962,0.139967242
20963,-0.19882316740000014
20964,0.4513180246000001
20969,-0.18107972760000024
20970,0.21674769480000028
20971,2.2889173634000004
20972,-0.6748698622000001
20973,0.20957833279999996
20974,-0.04972446000000019
20975,0.3436147356000001
20977,-0.07037539179999985
20979,0.10534347020000023
20980,0.2054970390000001
20981,-0.10859439079999991
20983,0.10084817539999982
20997,-0.014568729999999697
21331,-0.014568729999999697
21333,0.2183321153999998
21334,-0.33043794120000014
21335,-0.1374989489999999
21336,0.11489907020000008
21337,0.25848536099999997
21338,-0.1115442894000001
21339,-0.3659483754000002
21340,-0.14452738820000005
21341,-0.4667946407999997
21343,-0.2707447935999999
21345,-0.05703954419999988
21346,-0.0853887519999997
21349,-0.3107371912000005
21350,0.3736309878000002
21351,-0.31813884199999976
21353,0.3205580527999999
21354,1.2607161858000002
21355,1.0487599174000002
21356,0.6484850282000003
21357,-0.3320586035999996
21366,0.026417170000000212
21367,0.3086255928
21371,-0.06957384620000048
21372,-0.49580596140000033
21374,0.25072235020000005
21375,0.03890893679999996
21376,0.3308430099999994
21379,0.20558887060000028
21380,-0.040135920399999934
21384,0.10469280679999979
21385,-0.08114697700000004
21386,0.01471832039999974
21387,-0.01786582300000017
21388,0.04005915260000013
21389,-0.5974323900000001
21390,-0.30662072400000007
21391,0.008225810800000132
21393,0.2806319140000001
21399,-0.9768136958000003
21400,-0.4722972757999999
21401,-0.6689041320000001
21405,-0.037195582199999674
21406,-0.7022196878000001
21407,-0.2648981195999999
21408,0.14225576340000012
21410,0.11475030980000014
21411,-0.5473664782000001
21412,0.03287381119999981
21413,-1.0163577869999993
21414,-1.5979244366
21415,0.013401670999999737
21416,0.6849471188000003
21417,-0.34373831060000004
21418,0.21980892019999984
21419,0.05770843019999994
21420,-0.03367504960000005
21422,-0.01408524799999995
21423,-1.1015530005999996
21425,-0.26213103959999984
21426,2.0439689563999996
21427,-0.3640391458000002
21428,0.2626596505999997
21429,-0.28125920839999985
21432,-0.15984212460000008
21452,0.6166405547999998
21453,-0.5001760441999998
21454,0.5619482653999995
21463,-0.10853980300000021
21645,-0.12717330559999987
21652,-0.31383450920000033
21664,1.9987248117999998
21672,-0.628961344
21673,0.6521299024000001
21676,0.8757170848
21677,0.02448997859999995
21678,0.20567937380000015
21679,0.08706669960000006
21681,0.5363699100000001
21682,-1.0108605891999995
21683,-0.023165128599999994
21684,0.24085145379999987
21685,-0.695316285
21687,-0.037141245600000074
21689,-0.30410619420000007
21743,-2.0669758847999997
21744,-0.17755825760000005
21745,-0.49332984700000004
21749,-0.41495595420000003
21750,-0.7297195783999999
21752,0.16784735479999996
21753,0.5565778887999997
21754,-0.6213762494000001
21761,0.03762752200000001
21762,0.04387404000000004
21763,-0.21501227579999985
21766,-0.27726492480000003
21767,-0.3138210439999998
21769,0.07325945000000011
21770,-0.13262941479999987
21778,0.2933815558000001
21780,-0.8952345448000001
21781,0.7782906388000003
21784,0.283029977
21785,0.27226985280000005
21786,-0.010158035199999738
21787,0.6108918914
21788,0.29756625459999986
21789,-0.10723174760000002
21802,0.03616514919999982
21803,0.027109865099999908
21804,-0.39165906220000013
21807,0.10310472800000028
21808,-1.8123289357999999
21809,-0.14860799280000006
21810,1.239297967
21812,-0.13764493420000007
21813,-1.3122220408
21814,0.019193281000000083
21815,0.05214085759999989
21816,1.6160224309999998
21817,3.7276550619999997
21818,-0.17639552700000022
21819,-0.011835948399999907
21821,0.1300374380000001
21823,0.08834786820000033
21824,-1.1879707847999996
21825,1.1375173099999998
21826,0.3577922477999998
21827,0.07262516520000002
21828,-0.008198216799999969
21832,-0.04707018939999976
21833,-0.22148346859999996
21834,0.13852370220000002
21835,0.0808884078000002
21838,-1.8603870306000005
21841,-0.49144156660000016
21843,-0.1360293698000003
21844,0.18736821300000006
21846,0.047744534599999965
21847,0.6463249391999998
21848,-1.2476136580000001
21849,0.062493978600000236
21853,-0.3285366597999998
21854,0.9978638110000004
21855,-0.49229344300000016
21856,-0.07399278020000058
21857,4.384379644
21858,0.46991616159999994
21859,0.15191350440000023
21869,-0.003927997199999744
21871,-0.4471890133999999
21872,0.8460795750000001
21873,-0.18569339260000017
21877,-0.7533872224
21881,0.3836098739999997
21884,-0.07513322039999996
21885,-0.24002841439999986
21886,-0.19757136699999994
21887,0.7079246323999999
21888,-0.4585499779999999
21892,0.10243569939999989
21894,0.15557102199999945
21897,-0.32533266280000017
21898,2.4426100834
21899,0.9766782888
21906,0.009436867400000182
21907,-0.22994320760000023
21908,0.004248561400000028
21909,-0.10872442799999985
21912,0.3415333129999999
21915,-0.2822612423999999
21916,-1.4537979471999996
21917,0.09745198019999997
21922,-0.19594867379999972
21923,0.3482296149999998
21924,0.5180603380000001
21925,1.4394398033999998
21926,3.125080636
21927,0.09845017820000024
21928,3.7257300094
21929,2.7646707457999997
21930,1.3126851768
21933,-0.1416295248
21934,0.20424225200000007
21935,0.0617038032
21936,-0.1444291675999997
21937,1.4068305662
21938,1.1723707391999998
21939,-0.14351676900000002
21940,-1.4837417392
21941,-0.06907716120000007
21942,0.7721514861999997
21943,-0.14150321899999962
21944,-0.09154739400000018
21945,0.19065745420000013
21946,2.4328709189999995
21947,0.09402901419999984
21948,0.05493512680000005
21949,-0.16191967919999986
21951,0.07616828360000003
21952,0.030325162800000173
21953,0.7637335848000001
21954,1.0074423888000001
21955,0.13915148240000014
21956,0.5569070480000005
21957,1.0517745560000002
21958,-0.03919752819999971
21959,-0.07703223040000004
21960,0.1456999252000001
21961,0.3984479054000003
21968,0.28862876019999995
21969,-0.26139973839999975
21973,0.5316971742000002
21974,-0.7782355734000005
21975,-0.08788673040000017
21976,-0.15387524320000007
21981,-0.7201836651999999
21982,0.7018422574000003
21983,0.29016485240000023
21985,1.2392410146
21987,0.055512863000000044
21990,0.3562715324000001
21991,0.8778877164000001
22004,0.1584770469999997
22017,0.24848463920000033
22018,0.26309522780000005
22019,0.08514201900000025
22021,0.23832513059999982
22022,0.10994549100000058
22024,-0.0012336038000001714
22025,0.04309838179999996
22026,-0.40549637719999987
22027,1.2891786758
22029,1.5428040086
22030,-0.03274170420000004
22031,-0.3421057374000004
22032,-0.5038342866000003
22034,0.06381007020000026
22035,-0.028680002199999777
22036,0.07646704380000031
22038,2.9461684964000003
22040,2.0502219142000007
22041,-0.8019816558000002
22042,-0.7229340385999997
22044,0.024755237400000317
22045,0.12779703960000016
22051,0.028968384400000248
22057,0.20911779780000012
22059,-0.3324203618000004
22061,0.21064949639999994
22062,-0.04045871440000006
22063,-0.46576484279999997
22065,0.49909446700000026
22066,-0.02601200280000011
22067,0.3896723680000001
22068,0.017407818200000057
22070,0.02384681599999965
22083,-0.24528550780000025
22084,-0.4749152667999999
22088,-0.3579945014
22092,0.03326831519999977
22094,0.300559138
22095,0.2881715405999998
22099,-0.3233885988000001
22110,-0.7912002174000005
22113,-0.05679898419999994
22114,-0.05327838720000013
22115,-0.04531420660000016
22116,0.8176106257999999
22117,-0.2665209782000003
22121,-0.2484243860000003
22123,0.5270100248000003
22129,-1.0665429003999995
22130,-0.09741208960000022
22134,-0.04112610299999986
22137,-0.048686134400000115
22138,1.7075871254000001
22139,-1.3763942926
22141,-0.0025225936000000003
22142,0.2646620239999997
22143,0.6120568100000003
22145,-0.26984758800000036
22146,0.24313469800000007
22151,-0.1057057460000003
22152,0.5838382528
22153,0.11527731299999999
22154,0.16530790380000013
22156,-0.08521942679999998
22157,0.022655717200000147
22158,-0.07431878399999974
22160,0.4475151813999999
22163,0.022642525399999513
22164,0.029518199399999646
22165,-0.6950547694000002
22166,1.8915958121999998
22169,2.2805624156000004
22171,0.2548088012000001
22173,0.6139868332000002
22174,-0.07016364619999997
22177,1.1316381500000006
22178,0.2570808504000001
22184,0.011567100400000285
22185,0.034128534999999974
22190,0.46338158599999985
22192,-0.6552618545999997
22193,-1.0350777519999999
22194,0.2046447656000005
22195,0.7339828102000006
22196,0.33404412000000006
22200,0.2613364272
22201,0.14817827100000008
22209,0.7321330822000001
22210,-0.7707669959999993
22213,0.2649539293999995
22214,-1.1890922760000002
22215,-0.3638815548000002
22217,0.2734327773999999
22218,-0.0652849966000005
22221,-0.47637948959999965
22222,-0.2901279085999999
22223,-0.10143546320000016
22224,-0.19105524139999996
22225,-0.16553014599999988
22226,-0.17586079420000011
22227,0.5567253983999997
22228,-0.4628793700000003
22229,0.42408369139999974
22232,0.003289181999999968
22234,-0.5100682766
22235,0.06460050720000013
22236,-0.4871863674000011
22239,0.13126411020000023
22241,-0.19183102279999992
22242,0.07804609079999994
22245,-0.18305194520000007
22247,0.37049879699999994
22248,0.2001902261999998
22249,0.09489040720000004
22253,0.04582943480000008
22255,-0.013719145000000044
22256,-0.13119975659999988
22258,-0.2697713187999998
22259,0.6192616930000003
22260,0.1224902546000001
22264,-0.06285825180000018
22268,0.48615362520000005
22269,0.04082260859999991
22270,0.03790713840000013
22271,5.806063786399999
22272,0.4130955819999997
22273,0.11445068860000021
22275,-1.7723264345999996
22276,-0.5242409199999999
22278,0.13972246279999984
22282,-0.15464635560000045
22283,0.4029845708
22284,-0.28899794379999955
22286,-0.08388368680000013
22287,-1.2411201501999998
22288,-0.7782861972000003
22289,-0.5058364984000001
22293,0.24651867620000018
22294,0.024978244599999932
22295,-0.2067319293999997
22317,-0.9077187266
22318,-0.2918069275999999
22319,0.5442606896000004
22320,0.6461715731999998
22323,1.5333762596
22324,0.40324729900000006
22325,-0.04444680000000023
22326,0.11032582639999991
22327,-0.9325815679999998
22329,0.31974590680000003
22330,0.15372440020000014
22333,0.1734472059999998
22334,0.4864330102
22335,0.08379327499999967
22337,1.6123976516
22339,0.15141753799999993
22341,-0.3863778291999999
22342,0.006389490399999609
22343,0.11737118639999995
22344,-0.44217583880000005
22346,0.19182204679999995
22348,-0.14694842780000011
22349,0.2957544374000001
22350,0.8934243089999996
22351,0.2946179239999999
22352,0.45575828799999984
22353,0.20355998379999996
22354,-0.6445221756
22355,0.06296807959999988
22359,0.30212426279999993
22360,0.03890852340000004
22361,-0.02630298559999984
22364,-1.6382949784
22365,0.23898155740000018
22367,-0.24447301340000002
22368,0.6706580558000003
22371,-0.20890879200000007
22376,-0.12414226379999996
22377,-0.6131014742000002
22378,-0.8370515705999999
22379,-0.29672062279999983
22380,-0.09158667080000012
22384,0.39104157699999964
22385,-0.19829879399999975
22388,0.0593874132000007
22390,0.04454362920000019
22393,0.33927062199999974
22401,-0.21176501760000016
22408,0.22235835080000008
22409,0.1465762741999999
22410,0.15353818380000012
22411,-0.17970378919999969
22412,0.2597319857999999
22413,-1.3571405084000001
22414,-0.07509249340000004
22415,-0.06112682580000008
22416,-0.11560960459999983
22417,0.012430199600000158
22418,-0.022370648200000075
22419,-0.2094882541999999
22420,0.060356804600000126
22421,-0.05650425960000014
22422,0.23599982159999994
22423,0.19237511699999993
22427,-0.03644915059999985
22428,0.006887535200000272
22431,0.3908607161999999
22433,1.7387310374000005
22436,1.973575377
22437,0.11785806240000003
22439,-0.21747777339999974
22589,-0.6486498539999997
22590,-0.7903896982000003
22591,-0.4014857487999999
22592,-0.39938624879999995
22594,-0.6313849572000001
22596,-0.7838797016000001
22598,0.1273630689999999
22601,-0.14233327000000012
22608,0.30206151599999986
22612,0.12430263859999968
22619,-0.4417440898000001
22626,0.08021832020000019
22627,0.6034363516000006
22628,1.1657015568000002
22629,0.021656028000000306
22630,0.07994393100000004
22631,0.1905774619999999
22632,-0.05717523060000005
22634,-0.009533789999999875
22635,0.10140811939999975
22637,-0.5176301775999999
22640,-0.4521035545999997
22642,-0.2040435896
22644,0.4064714927999997
22646,0.2913043589999999
22648,-0.04678687840000002
22652,0.062365816600000026
22654,-0.07083905419999983
22658,-0.05065030519999993
22661,-0.594740606
22666,-0.34527854280000003
22668,-0.05188475200000049
22670,-0.16862774900000002
22671,0.06270781119999995
22673,0.34209300000000004
22678,-0.31623163779999997
22680,0.3806979673999997
22682,0.5105796870000002
22685,0.021053500599999886
22688,-0.38239420620000003
22689,0.22508103320000003
22690,-0.13074751159999992
22691,-0.06494688780000021
22693,0.1694411306000001
22695,1.7225308034000002
22696,-0.06880861540000013
22697,-0.08303828479999993
22700,-0.10590181319999994
22701,-0.1634412462000002
22702,0.06129876999999997
22704,-0.03528134879999989
22709,-0.13886919239999998
22715,0.0755948148
22720,-0.5366189523999999
22750,0.1688785266
22751,-0.30636775200000005
22754,4.7395099999985034e-4
22757,-0.6605238078000002
22758,0.0057502608000000064
22761,-1.5533964024
22762,0.08066426080000007
22763,-0.3864784280000002
22764,-0.385717591
22770,-0.5155333690000001
22771,0.05831396479999986
22772,0.15029415980000005
22773,0.07881743219999988
22774,0.22253736139999986
22775,-0.24940175920000004
22778,-0.2527751504000001
22779,-0.39845511100000036
22780,-1.2874820628
22781,-0.04851959539999999
22782,-0.8509579723999998
22784,0.010157763400000163
22785,0.03334128159999992
22786,-0.20629008680000016
22787,-0.03633979180000004
22788,0.29802784739999977
22791,0.12287331139999971
22793,0.08955045000000013
23789,0.061460453999999484
23790,0.4730095546000001
23792,0.09723463560000009
23794,0.3986439973999998
23795,-0.16361833199999998
23796,-0.1466882929999997
23797,-0.4547470499999996
23801,0.027372504999999946
23802,0.01378228400000019
23805,-0.09942660659999998
23806,-0.5995688352000004
23807,-0.21856737819999986
23808,-0.36996651180000006
23821,0.23609699120000016
23825,0.2796868498000006
23827,0.27595732760000014
23828,0.03946409020000008
23829,0.18055554239999977
23830,0.04619668840000024
23831,-0.10202977679999972
23832,0.25947708479999987
23834,0.7490944178000003
23836,0.07719493720000017
23837,0.13615241620000038
23845,3.85995
23849,1.0024849089999996
23850,0.055942489000000165
23853,-0.045128638199999925
23854,0.22857266440000004
23856,-0.07173877839999995
23857,0.06899375779999986
23859,-0.2851789349999997
23863,-0.15990449719999997
23871,-1.6405624785999997
23872,3.049481169
23873,-0.05190838320000015
23874,0.48268953659999986
23876,-0.004465621599999992
23877,-0.5097130517999998
23879,-0.09096837579999999
23881,-0.6326769819999996
23882,1.1437956599999999
23885,-0.4197024658000002
23886,0.3178774768
23887,1.0785804958
23888,0.20979654419999996
23890,-0.5966212992
23892,0.08737330639999996
23893,0.6814518116
23894,-0.15367540740000027
23897,0.305459076
23900,-0.3870760540000003
23908,-0.2803957620000002
23912,-0.2431849047999995
23917,0.003905557199999343
23919,0.1689467861999999
23920,-0.016379651799999985
23921,1.7991293425999997
23922,-0.36814025120000016
23923,-0.25519461199999965
23924,-0.001307670199999933
23925,-1.6497871298000004
23928,0.2129282562000002
23934,0.18338401540000007
23936,-0.6881800070000003
23937,0.08616784240000008
23938,-0.5186619525999999
23939,0.10806005179999989
23942,-0.16895630379999993
23943,-0.6070256409999996
23945,-0.14469926659999982
23947,0.08235257540000003
23948,-0.18669975620000018
23950,-0.9614260220000006
23954,-0.8123936786
23955,0.19631431859999998
23956,0.4256268444
23957,-0.1846087023999999
23959,-0.6978001668000001
23963,0.07856211819999999
23964,-0.11385663320000017
23965,0.14816856300000003
23966,0.262386779
23967,1.2290792822
23968,-0.09380128280000015
23969,-0.9208493442000002
23970,0.2741835986000002
23971,0.024214538599999537
23972,1.1224333018
23980,0.0709914818000005
23983,0.48818178259999956
23984,0.10428696460000016
23985,0.1297336437999997
23986,-0.1050271878000002
23988,0.3098756292000001
23989,-0.12867447719999986
23991,-0.18443341839999974
23992,-0.3986846361999998
23993,0.1607574293999999
23994,-0.2125051239999994
23996,0.8745135499999996
23997,0.2587776499999997
23999,0.22647646319999987
24000,0.06183945940000015
24001,-0.5210498654000004
24004,-0.02865941920000008
24010,0.15452814680000007
24012,0.30269701520000003
24013,-0.10438711600000002
24014,-0.5408530025999998
24015,0.4354228848000002
24017,-0.017583321400000074
24018,-0.37312557999999996
24030,0.33964673719999966
24044,0.07292177560000006
24045,-0.2632478237999999
24046,0.157816665
24051,0.4474057421999998
24052,0.18432341980000003
24053,-0.1385504919999999
24055,0.5277402584
24056,-0.005526979600000459
24057,-1.1666912322000003
24058,-0.8088664452
24059,-0.2300552326000002
24060,-0.27146475600000014
24061,-0.17536794640000047
24063,0.32150487220000024
24064,0.03204327000000049
24066,-0.026485103799999975
24068,0.8260636206000005
24069,-0.8575598662000002
24070,0.16425893340000003
24071,-0.3296512320000005
24074,0.7544676185999999
24075,-0.016319595999999235
24084,0.08751343659999992
24086,0.06347667240000021
24087,0.09551564240000002
24088,3.411131244
24099,-0.04505154580000017
24100,-0.5082779456
24102,-0.10956275019999975
24105,-0.3131661254000001
24108,1.6322880658
24109,-0.021614851799999713
24110,1.8345790934
24111,-0.2454191687999998
24113,0.01888439040000005
24115,0.7884730137999998
24116,-0.26852918940000003
24117,0.06385297840000001
24127,-0.2933684804
24128,-0.5362857908000003
24132,-0.09580416739999986
24136,0.3143292412000003
26356,-0.37986148180000007
26357,-0.5521708444
26359,0.011728383799999876
26360,-0.11988382280000014
26361,-0.08596616659999992
26362,1.1718022568
26363,-0.3502557191999999
26369,-0.031029123999999974
26370,-0.7889942918000006
26371,-0.26493807740000025
26372,-0.031970146600000506
26373,0.3838215024
26377,-0.14903420779999976
26378,-0.5814030118
26379,0.4042751779999998
26380,-0.004231429400000053
26381,-0.03235879600000011
26382,-1.0072393494000003
26383,-0.2952970137999998
26384,-0.29254237780000025
26385,-0.6818034330000003
26386,0.06444075660000034
26390,-0.024605160199999965
26394,-0.1380850284000001
26395,0.5617141273999998
26396,-0.6029202362000003
26397,-0.4779525939999999
26398,0.5321455708
26399,-0.6279693632000003
26400,-0.5009705378
26401,-1.4416636849999998
26403,0.3301348523999998
26404,-0.12499910719999985
26405,-0.6762585202000002
26406,-0.1353871737999995
26407,-0.6608045553999997
26408,-0.3287468750000002
26409,-0.5073430880000002
26410,2.4411255534
26411,-0.2992023198000007
26412,-1.3599530493999998
26413,-0.2329393535999998
26414,0.11924091059999994
26415,2.1886439824
26416,-0.4071289086
26417,0.08429337319999988
26419,0.20952593939999992
26420,0.06987728480000008
26422,0.26602709740000013
26423,-0.032537591800000064
26424,0.19335187980000015
26425,0.25453802879999954
26426,0.0168148792000002
26427,0.13491291079999979
26428,-0.12758634960000031
26429,-0.49338058940000024
26430,-0.08694182180000017
26431,-0.27650234700000026
26432,0.7647493157999999
26433,0.6279542758000002
26440,0.7412932985999998
26441,0.7524186469999996
26442,0.9775036818
26443,1.0682201083999998
26444,0.8355774335999999
26445,0.7415405254000003
26446,0.7847245106000003
26447,-0.7307839281999998
26450,-0.6438975996
26451,-0.09640638599999996
26456,-0.3945481215999999
26457,-0.16352536600000017
26458,-1.3584054764000002
26459,-1.5394956901999999
26462,-1.3104995989999995
26465,-0.44678527239999993
26466,-0.5238014814000003
26549,0.005810490400000035
26554,0.0012477053999994324
26556,0.49219865700000015
26557,0.04170407800000007
26558,-0.010294614800000091
26559,0.15997223100000024
26561,-0.2201359410000002
26562,-0.3461581168
26563,0.0668729014000002
26565,-0.07354393100000003
26568,-0.13754194099999992
26569,1.4549113972
26570,3.3894991524
26572,-0.0653879700000001
26611,-0.28275691739999986
26754,0.4910764932000003
26757,0.042370770000000134
26874,-0.10304952620000005
26875,0.31533651800000023
26876,-0.6776900166000001
26877,0.003232885999999979
26878,-0.0715602424000001
26879,0.2329095542000001
26886,-0.024125339800000044
26887,0.05907479739999992
26889,0.13977173660000003
26891,0.04475858640000006
26893,0.3995316012000002
26894,-0.020527428800000004
26895,-0.04400147660000009
26896,-0.18904928120000034
26903,-0.013195892799999775
26904,-0.23332402959999995
26908,-0.037102317600000136
26909,0.11562033720000002
26910,-0.09385868819999983
26912,0.009564513199999958
26913,0.1029016298000002
26918,-0.31750934199999997
26919,0.10959283199999988
26922,0.4060840024000001
26926,0.07005250620000023
26927,-0.15526831679999997
26932,-0.5314332374000003
26934,-0.24353845620000011
26936,-0.3785213414000001
26938,0.054636952400000105
26939,0.02967375600000004
26940,-0.12850570119999993
26942,-0.12773687039999998
26943,-0.32481633000000015
26944,0.014126588800000039
26945,0.1421412931999999
26946,0.04894320699999977
26949,-0.22174292320000005
26950,0.06646987240000009
26951,-0.2960206544
26961,-0.31113854399999996
26965,0.01355558280000011
26968,0.06693678999999993
26970,0.32132883399999984
26971,0.29980787060000014
26972,0.10311109300000006
26987,0.3582978213999997
26992,-0.08424488019999962
27008,-0.1653066387999999
27015,0.13801545080000005
27027,-0.2725390851999997
27028,-0.5914520622000004
27029,-0.7539067454000001
27041,-0.07255989940000021
27045,0.15402647960000024
27047,-0.05733276620000014
27049,0.08671830779999982
27050,-0.21643103000000039
27052,1.5092587362
27053,0.9850791806
27054,0.8581823956000004
27055,0.8188194522000002
27056,0.5282445800000003
27057,-0.3002896340000003
27058,0.36283875440000024
27059,-0.2684322380000001
27060,0.5279357520000001
27061,-0.2825188279999999
27062,0.05476584480000009
27078,-0.17914378899999991
27081,-0.9697958767999998
27096,0.1427870133999999
27103,-0.6597639438000001
27140,-0.04453229840000006
27176,-0.023412919999999816
27204,0.19967304219999987
27205,-0.1620606561999999
27206,-0.0351349034000001
27207,-0.2545695600000002
27208,-0.2484243860000003
27210,-0.2484243860000003
27211,-0.2484243860000003
27212,-0.2545695600000002
27214,-0.5498487950000002
27215,0.5757411481999999
27217,0.014889121800000104
27218,-0.28314448879999965
27219,-0.20199025619999986
27220,0.0777481314
27222,0.032012318200000146
27223,-1.1206273932000002
27225,-0.12340690180000032
27226,2.5002646266
27260,0.11614747760000003
27261,-0.13035991360000027
27273,3.0430183022
27274,-0.04570805480000004
27275,0.42877684359999985
27276,0.14306138640000032
27277,-0.20785516939999998
27278,0.3212721244000002
27279,0.37456696260000016
27280,0.06846505740000008
27354,0.11606227440000012
27355,-0.0645930488000003
27356,0.2581025622000002
27359,-0.4030117064000002
27360,-1.1371180802
27361,1.1518732247999999
27362,0.9627269674000004
27364,-0.24278697600000002
27367,-0.17597638800000012
27368,0.13441573420000008
27369,-0.6759339137999998
27370,-0.1801713139999997
27371,-0.3733317697999999
27373,0.28011881540000017
27374,0.08299963619999992
27376,-0.3857239284
27377,0.4139227797999997
27385,0.08041922699999997
27386,0.020402961999999913
27387,-0.37782297420000005
27388,0.0042140154000000155
27390,-0.05241284760000013
27392,0.09027388100000007
27393,0.032255111799999805
27395,0.18444798699999954
27397,0.7523914032000004
27398,-0.07874579799999974
27399,0.12182464640000026
27400,-1.0926378750000003
27401,0.07525553560000002
27402,0.22263703839999974
27403,-0.11752926160000036
27404,0.06795805939999973
27406,-0.23865773900000012
27407,0.11006154259999992
27409,-0.5114472967999999
27410,-0.7355339916
27411,-0.003164871400000102
27413,-0.21767486760000007
27414,0.03662811039999987
27416,0.0670106569999998
27418,0.01322791720000005
27419,-0.3519060338000001
27421,-0.263000692
27426,0.012181327400000264
27428,0.01968881299999996
27494,0.14536750940000012
27528,-0.4205260150000001
27632,0.13097645700000005
27660,0.10406015459999977
27681,0.39940156520000014
27756,0.27795260880000006
27762,-0.01613815580000022
27784,-0.2303259898000002
27801,-0.20875770839999994
27878,-0.17077513660000002
27883,-0.3124958507999997
27965,0.2746075908000007
27966,0.09959383900000027
27967,-0.20834627239999987
27973,-0.8990301220000004
27979,0.4238431467999998
27984,1.3369883599999999
27993,0.2729636872000004
27998,-0.16545737159999999
27999,-1.2465143519999997
28000,0.08503201760000038
28010,-0.24532686199999992
28015,-0.32468284079999954
28018,-0.13425365719999985
28019,-0.11297243380000008
28028,0.2608583517999998
28030,0.35957321119999985
28035,0.21332518579999976
28036,-0.16875715940000013
28040,0.042216229999999834
28064,-0.314753125
28075,0.22581081919999982
28077,0.2975415227999999
28084,-0.20388239160000018
28088,-0.15996322319999995
28105,-0.11946579699999979
28113,0.056407396
28114,0.07241126260000037
28126,1.1488271678000004
28135,-0.5159782789999999
28146,-0.050036447999999824
28169,0.0028025956000000463
28185,0.1959249108
28193,0.7893369475999998
28199,-0.3855612353999998
28200,-0.6685092108000003
28240,0.25131733119999977
28253,-0.5698482686
29805,-0.09916239079999993
29806,-1.1188679206
29807,-0.18078802840000013
29808,-0.5388996829999998
29809,-1.9121467777999996
29810,0.3027246066
29811,-0.40992664479999996
29812,-0.33584078520000044
29813,0.1806655445999999
29815,-2.033891842
29816,-0.23174631679999996
29817,0.9911635962000004
29818,0.5248198048000001
29819,0.023823250000000053
29820,-0.04407702740000001
29856,-0.4262240828000001
29857,-0.3537752881999999
29858,-0.41287964620000023
29859,0.014895940400000108
29861,0.006483165199999874
29862,-0.020086105800000097
29863,0.29111361340000014
29864,-0.7457189780000004
29865,0.056171001000000054
29866,-0.09118474480000013
29869,-0.22153675820000007
29870,0.14910702660000014
29871,-0.11049328719999973
29873,0.09936767759999991
29875,0.698538297
29876,-0.011859360000000051
30044,0.01670481899999974
30045,0.22860178759999988
30046,0.0806135403999999
30050,-1.7252679708000003
30051,0.11652898679999986
30052,0.14753450760000017
30054,-0.026890334200000244
30055,0.17834280460000046
30056,0.2045971154000002
30057,0.26140152920000065
30059,0.1524070697999999
30785,0.029547400199999886
30791,1.073037983
30794,-0.8673077875999997
30795,-0.5578338182000007
30800,0.3247037331999999
30805,-0.666046532
30806,0.0942858762000002
30838,-0.14147972979999998
30839,-0.2781890861999997
30840,-0.41096897400000004
30841,-0.4619242393999997
30843,-0.6219540309999998
30853,-0.19496316600000013
30877,0.6215459111999998
30878,0.3678049613999999
30923,0.1632205687999999
30924,-1.320388281
30925,-1.0413445311999998
30926,0.32880475440000045
30927,-0.02881886759999972
30928,-0.5063793407999999
30930,0.5664368835999998
30931,0.3954251860000001
30932,0.1067588339999995
30933,0.06575228680000027
30934,0.2272167055999999
30935,0.8987602534000001
30936,0.2789713241999999
30937,0.19474102340000013
30938,-0.011563595800000038
30939,-0.5528793920000001
30940,-0.6737979119999998
30941,-0.3979590224000001
30942,0.16468951280000024
30944,0.2863346666
30945,0.6297316316000001
30946,-0.09931471579999958
30947,-0.31345535979999983
30948,-0.6659332383999998
30949,-0.2559522381999999
30951,-0.12196231140000009
30952,0.10274382180000004
30953,3.0427436468
30954,0.4617273109999999
30955,-0.3322446194000001
30956,-0.9393142318
30957,-0.3773808191999999
30959,-0.8057120224000001
30960,0.7949758908000003
30962,0.13165696979999994
50490,-0.10946538500000003
50492,0.11585436080000004
50493,1.1861096117999999
50496,0.08626828060000005
50497,-0.025490818600000152
50498,2.1313023355999996
50500,-0.8809766120000001
50501,5.0889972258
50505,-0.5388660234000001
50518,-0.0922133874
50523,-0.08556296620000019
50524,-0.013996127400000002
50525,-0.0019333499999994786
50528,0.2517555661999998
50529,0.019055053599999816
50530,0.18861655720000012
50701,0.3073795704000002
50702,-0.5985480772
50706,0.18175506739999978
50721,0.2220490594000001
50722,-0.19815786779999983
50723,-0.43788140620000016
50724,-0.22254222299999996
50753,-0.7657903566000004
50754,-0.3627039346
50758,-0.5593102974
50759,-0.03314452019999994
50760,-0.14128534299999967
50762,0.6310276717999999
50764,-0.009142275400000167
50765,-0.2953285659999999
50766,-0.9645265448000003
50767,-0.18663374659999993
50768,0.28398421760000014
50769,0.031749682599999926
50770,2.6229719014000006
50771,0.19132423920000025
50772,-0.00899780959999994
50773,-0.4221260320000006
50776,-0.9479838698000002
50778,0.6453009827999999
50779,0.022855994599999895
50780,0.7743111614
50781,0.1934861196
50782,-0.026486242599999876
50783,-0.04809312259999991
50785,-0.7923758458
50786,0.31514400800000003
50787,0.14394477959999996
50788,-0.3170190185999999
50789,-0.15653238840000033
50790,0.9004253026000004
50791,-0.37390085200000006
50793,-0.14176702400000032
50794,0.22915549720000036
50795,-0.023209841000000075
50796,-0.06415819660000022
50797,0.2899141784000003
50798,-0.7781382954
50799,-0.008219763400000168
50817,-0.5238594593999999
50849,-0.7320008819999998
50850,-0.27298708300000013
50868,0.04797826520000026
50874,0.07787150960000008
50875,0.011365316999999564
50876,0.0641199020000002
50877,0.04185513800000003
50878,0.23017426079999997
50880,-0.05577775159999998
50883,-0.3714196356
50884,-0.3428264293999998
50887,0.06820845080000008
50905,0.06924692919999983
50907,0.5946113115999998
50911,0.17416287820000012
50912,-0.17636518720000022
50913,-0.009745140199999992
50914,-0.02919880060000004
50915,-0.07154453260000011
50916,-0.03896943180000036
50917,0.15563751319999977
50918,0.055793577000000025
50926,-0.23095572200000056
50927,-0.09771929440000023
50928,-0.27464897439999997
50930,0.4092915835999998
50931,-0.828815308
50932,-0.17860879820000014
50933,-0.07236985140000023
50934,1.6159578063999998
50935,0.06278399080000004
50995,-0.16132473500000016
50996,-0.5643485462000001
50997,-0.3301286478000002
51786,-0.4252803302000002
51789,-0.6483746014000001
51791,0.037883854200000046
51792,0.1579996300000001
51793,-0.05367527219999992
51795,-0.07353268540000002
51796,-0.11712773739999989
51798,0.07409762860000058
51799,-0.022914372200000165
51800,0.0401582556000001
51801,-0.7313554370000002
51810,0.06703551220000001
51811,-0.15282327999999995
51812,-0.2612368719999999
51813,0.8282069129999998
51869,-0.6815877974
51875,0.18711396659999996
51885,-0.1979447471999997
51886,0.8227085633999994
51897,-0.3293785329999997
51902,1.2935796884000001
51938,-0.11060681280000004
51944,-0.005051056599999981
51960,0.042065063399999755
52004,0.42814266399999995
52013,0.10245892119999986
52014,0.8879117586000002
52020,0.21500995419999977
52023,-0.19259658700000015
52024,2.1344505737999997
52028,0.40287754500000006
52033,0.03495310000000025
52036,-0.06542700100000047
52040,0.39841607060000006
52055,0.055855777600000066
52064,-0.07470529320000008
52065,-0.7413881610000006
52076,1.4272697665999998
52120,-0.49178983980000057
52123,1.3524554838000002
52132,-0.12124506379999982
52150,1.6235855112
52163,-0.34146959819999995
52174,-0.002887166399999863
52184,-0.26008817120000016
52187,-0.13327991600000005
52202,-0.02890219860000016
52206,0.0216450536
52231,-0.1703625428000004
52245,0.1965704206
52250,0.15922297019999992
52276,0.2301860448000001
52323,-0.12295352019999957
52331,-0.21207940699999997
52335,0.005340597400000213
52348,-0.2615948516000005
52377,-0.667837512
52428,-0.2595923538
52430,-0.17684256940000012
52432,0.07886804780000016
52440,-0.6665404067999997
52443,-0.06609829120000014
52463,0.2568049384
52466,-0.14757439319999985
52468,-0.3203166235999994
52469,-0.13511415939999943
52477,-0.2764376178000001
52502,-0.842952872
52504,-0.36962228540000003
52513,0.19265282719999988
52521,-0.6270497287999998
52530,0.8219935414000004
52535,-0.41984081540000007
52538,-0.42469437160000056
52551,0.12086262059999982
52552,-0.17023397340000024
52563,-0.5292133750000001
52575,-0.3452376152000001
52585,0.06033019200000016
52588,-0.18572590200000044
52589,-0.1286629723999999
52592,-0.4974023872
52609,-1.5582263366
52615,-0.427178232
52626,-0.09803675840000015
52633,-0.4768377548000002
52635,-0.844385097
52637,-0.002143124800000251
52639,-0.8486690667999998
52653,0.8329953591999997
52662,-0.5381739309999997
52665,0.3890233425999998
52666,-0.09588242760000014
52668,-0.44865053800000043
52670,-0.0988560441999999
52679,-0.08775573360000007
52683,-0.2527286271999998
52685,-0.33364169719999986
52686,-0.1592420594000002
52690,-0.32617359799999973
52696,-0.27629822479999966
52700,0.48365846700000004
52705,0.13326257000000014
52708,0.1309801416000001
52710,0.14450432559999982
52712,0.10296264879999999
52713,0.016259856000000107
52715,-0.03230139860000012
52717,-0.005527269999999617
52793,-0.014012677399999961
52808,0.056938695199999854
52815,-0.00758904340000015
52822,0.06011061359999985
52829,-0.16043447919999992
52830,0.08499012500000021
52837,-0.603817321
52838,0.07285994539999993
52840,0.03619855819999991
52846,0.5972407927999999
52850,0.2095852387999999
52855,1.2717463078
52856,-0.2588563517999997
52857,-0.2525427770000002
52858,-0.16252430040000015
52864,0.0020731769999999374
52882,-0.07752610159999981
52892,0.20133323980000012
52897,-0.0013119476000003516
52906,0.14042994879999995
52915,-0.4216793730000001
53310,-0.246860124
53311,0.054821900400000345
53312,-0.007830399800000266
53313,-0.4297479899999992
53314,1.3395103385999998
53317,0.05927466500000041
53319,-0.3859719160000002
53321,0.034115508
53322,1.3081841483999999
53323,0.29697512699999995
53324,-0.24602482780000007
53325,-0.16070931440000003
53328,-0.6326691600000001
53330,0.8702438271999997
53331,0.5975482639999999
53332,-0.34941355939999974
53333,0.2873696444
53334,-0.2157059058
53356,0.03945373220000015
53357,0.36218533220000015
53374,-0.2130412230000001
53375,-0.31894649099999983
53376,0.2422605002000001
53378,0.349806658
53379,0.6440223957999993
53380,0.31586160660000007
53381,-0.28836500800000026
53382,0.23260112439999964
53404,-0.19240081539999992
53412,0.3853687427999999
53413,-0.0391572327999997
53414,0.7398124398000002
53415,-0.6138323994000002
53416,-0.0640825908
53417,-0.27867837320000033
53418,0.03458555630000006
53419,0.21306361780000005
53420,-0.007395311400000182
53421,0.8076895478000005
53422,0.14289292179999985
53424,-0.17373783520000022
53598,0.20191829440000006
53599,0.4112382520000001
53601,-0.005199677799999946
53602,0.5873817471999999
53603,-0.11271698519999998
53604,-0.08667559360000006
53605,-0.26063977160000035
53607,0.49750203680000027
53608,0.6139425934
53609,-0.3744082893999998
53610,-0.2414954160000004
53611,0.5125109756
53612,0.22183963419999947
53614,1.0397639472
53617,0.12225484099999999
53618,-0.1750899284000001
53619,1.0951403106000002
53620,0.028605814400000006
53621,-0.7201937679999997
53623,-0.15521437260000007
53624,0.04087245880000001
53625,0.026999612999999912
53626,0.20943841019999984
53627,0.22536469320000005
53761,-0.10053469100000019
53791,0.11081244659999996
53814,0.16458308240000008
53817,-0.0640818834000001
53856,0.25477377000000045
53857,0.020099683399999967
53858,-0.13421772460000003
53861,-0.15686233360000018
53867,-0.038311525000000124
53868,-0.1528393534000001
53869,0.23136938600000007
53870,0.2223077546
53871,-0.20302559680000004
53872,0.30091389760000026
53877,-0.07933597700000003
53881,-0.014163757199999872
53883,-0.05008412960000008
53885,0.19063853680000004
53886,-0.133754066
53890,-0.21772842979999982
53892,-0.5696031132
53893,0.38808340259999985
53895,0.028979722399999908
53896,0.1682212874000001
53897,0.035300743200000186
53902,-0.9205970349999999
53945,-0.2945949067999997
53951,0.1075235487999997
53970,-0.33442152960000016
53972,-0.19464151059999982
53975,-0.05359117359999992
53978,-0.05877504539999982
54003,0.10422903380000026
54006,-0.48418900919999963
54120,-0.049020354799999846
54122,0.25088512339999997
54123,-0.4781426622000001
54124,0.4818973924000002
54125,-0.3992966034
54126,0.27264043279999994
54128,-0.011971709799999886
54130,0.2210292212000004
54131,-0.29900063719999964
54132,-0.35798443799999935
54135,0.15357190540000012
54137,-0.16441358919999977
54138,1.1853642162
54139,-0.823984161
54140,-0.06394009160000014
54141,0.22507344359999965
54150,-1.7319658672000002
54152,-0.09182649220000023
54153,0.1546316083999999
54156,-0.007709607400000174
54160,0.011365273199999849
54161,0.6439130127999999
54167,-0.4987487021999998
54169,-0.7094113882
54170,0.31736610779999985
54188,-0.09066523899999979
54189,-0.31960976680000003
54194,-0.40728388439999996
54196,-0.36342808600000004
54197,-0.4900067401999998
54198,-0.29467596000000035
54199,3.6737532014000003
54200,0.3599135938
54208,-0.4208570888000008
54214,0.10338324359999991
54215,-0.3792721661999998
54216,0.1495430552000002
54218,-0.2727739675999999
54219,3.2053160000007354e-4
54324,0.37889649359999994
54325,0.6399291101999992
54326,-1.0631441674
54338,0.5583268863999997
54342,0.1567947057999998
54343,-0.6428863542000004
54351,0.22128707439999964
54352,0.20463068580000013
54353,0.4401011403999995
54354,0.24540482560000001
54364,0.4257066710000002
54366,-0.16716023300000024
54367,0.19544046539999993
54368,-0.14837616999999986
54369,0.1528923282000001
54371,0.2890506760000001
54373,1.1881316678
54375,-1.207863704
54376,0.09971691200000006
54377,-0.12650351220000006
54378,0.031058492600000064
54380,-0.17671570199999972
54381,-0.08153785639999978
54383,0.1634434921999997
54384,0.11988971479999985
54387,-0.2373932542000002
54390,-0.9205840380000001
54391,-1.0179247800000009
54392,0.08248338819999983
54393,0.14294157859999998
54394,-1.0610492790000001
54399,-0.09981654120000005
54401,0.19637889000000044
54402,0.18668278360000007
54403,0.3224907548000001
54405,-0.2944903320000002
54409,-0.20388239160000018
54411,0.15122961299999957
54418,0.3423892918000001
54419,0.11507341560000003
54420,0.0695133846
54422,0.21426729479999995
54426,-0.4739850421999998
54427,0.5767543870000003
54445,-0.23930964539999983
54446,-0.08182105199999992
54447,-0.055529700599999995
54451,-0.31438421619999984
54473,0.0719703341999999
54483,2.9991919804
54484,-0.16076091399999975
54485,-0.3204564948
54486,0.04549949059999978
54519,-0.2944967857999998
54524,-0.07210885479999991
54525,-0.1819693413999998
54526,0.23678527879999986
54561,0.2402584127999999
54563,-0.613413439
54598,-1.6998310891999995
54601,-1.0932354286000001
54607,-0.10405096659999966
54608,-0.19767385180000013
54609,-0.5285569184000003
54610,1.2702031004
54611,-0.025656511000000038
54612,-0.056540375599999845
54613,1.5807372731999996
54614,-0.09586242580000004
54615,-0.12498442359999995
54616,-0.5761146142
54624,-0.1337974113999998
54630,-0.07463286999999993
54631,0.03295214919999978
54632,0.07893931100000007
54633,-0.5625083762
54634,-0.04349704320000001
54635,0.12095845080000026
54636,-0.4528954329999994
54637,0.11891554040000027
54638,-0.19181777720000018
54644,-0.9997413732000002
54645,0.48175703980000006
54646,-0.10242706219999995
54648,0.023429082400000033
54650,-0.3142222850000005
54651,-4.6498000000028136e-5
54652,0.10979665259999986
54667,-0.16700781319999933
54670,0.06564068579999996
54673,-0.20273718599999951
54683,2.1352928440000003
54698,-0.4813888331999999
54709,0.03455286579999957
54710,-0.2560358734000001
54711,0.9494113478000001
54712,0.6947334689999998
54713,0.19789551060000007
54720,0.41970070439999974
54721,-0.06117769399999986
54723,-0.14598408159999982
54725,0.11323961299999982
55925,0.02097832160000035
55927,-0.8731655702
55932,2.326079902
55934,-0.9032868209999997
55935,-0.49907852200000014
55936,-0.6417770508000002
55938,-0.4729235268
55942,1.0475856746
55943,0.10652355739999972
55944,0.10410068660000071
55946,-0.5787136020000005
55947,0.006005459200000196
55948,-0.5543156090000002
55949,-0.34296349
55950,0.46833659779999975
55951,0.07986287180000033
55960,-0.36161622599999976
55961,0.10837244260000008
55963,0.12506531039999977
55979,-0.11776011760000013
55980,0.12669119240000004
55981,-0.09816631820000002
55982,-0.38779620700000006
55983,0.15763855719999995
55984,1.1936970678
55985,3.9404502956
55987,0.17306435119999986
55988,0.2244012734
55989,0.5948746698000005
55990,-0.08836228160000026
55991,-0.5719491373999996
55992,0.18891189639999997
55993,-0.0773176568000002
55994,-0.08611143680000026
56009,0.5363699100000001
56012,0.3043598052
56013,0.10261151220000002
56016,0.2766332419999998
56017,-0.3568331383999997
56018,-1.2391174166000005
56030,0.25191463059999997
56031,0.022106966399999806
56032,-0.4594256933999999
56036,0.3622391905999997
56040,-0.035933430000000044
56041,0.3794877584000004
56043,0.18648269500000011
56044,0.8235821170000002
56045,2.1743630284
56046,-0.04636408119999995
56047,0.5977262776000003
56048,0.5821765083999997
56050,-1.0211183012
56055,0.004914600800000102
56057,0.020361901399999917
56068,-0.45868212059999997
56069,0.13738924400000005
56070,0.16469937359999917
56072,-0.006496123199999993
56075,0.7974440790000001
56077,-0.08514316220000015
56078,0.5958227601999997
56079,0.1087795906000002
56085,-0.2523129463999997
56086,0.08950685600000022
56088,0.2875343425999999
56089,0.2675548962000002
56095,0.32144756279999986
56096,0.2121576730000001
56150,-0.49450089540000003
56173,-0.15869419859999995
56174,-0.044983881199999944
56175,-0.13827642680000024
56176,-0.7623290308000004
56177,0.657844291
56183,0.24537313019999996
56184,-0.041257965599999835
56185,0.15335916740000002
56187,-0.36235231940000007
56188,-0.11599398700000005
56189,-0.3889312872
56190,-1.1968568158000004
56191,-0.010649653600000164
56193,0.4000730700000002
56194,-0.29600217959999997
56195,-0.10793912060000004
56196,-0.8109189020000003
56198,-0.08902051620000026
56199,-0.3689741158000002
56200,0.1319538144000001
56205,0.17581996880000011
56207,0.21370180479999962
56208,-0.5674959959999999
56209,0.48413145839999994
56210,-0.6496593812000002
56212,0.8132679066000001
56213,0.6058265791999997
56214,-0.34403884939999985
56215,-0.6806219562000001
56216,0.11440649660000002
56218,-0.5373206647999998
56219,-0.17694943459999965
56220,-0.775211806
56221,2.9584496689999997
56222,-0.4340981637999999
56223,0.19106799820000014
56224,0.08589879340000017
56226,-0.17155553039999988
56228,0.01178172819999972
56229,0.12984240000000025
56233,-0.6102469027999999
56248,-0.8366102794
56249,-0.4813774344
56258,0.7976002365999999
56264,-0.06208114579999986
56273,-0.007552009599999998
56274,-0.7930751683999994
56275,-0.5579592011999995
56277,0.2878228826000001
56278,-0.02035150660000031
56280,-0.011167325400000117
56282,0.3968308493999995
56284,0.13731007339999976
56289,0.40793813579999993
56292,-0.1275848264000002
56293,0.08542011980000001
56294,0.649861241
56296,0.008603934399999957
56297,0.3927486956000001
56298,-0.142795909
56299,0.34634852299999996
56305,-0.021416115600000653
56307,0.009778384199999834
56309,-0.39667018840000023
56310,-0.6004443460000001
56312,1.3806505673999998
56314,-0.27466958459999996
56315,-0.03879673459999981
56316,0.04377377980000023
56317,-0.19295848599999949
56320,0.2094800366000003
56321,0.1755296310000002
56322,0.12978970160000003
56323,-0.05931964999999959
56324,0.33545401340000003
56325,-0.09777987219999992
56327,0.3259219190000001
56332,0.09549355660000014
56334,0.6500386599999999
56335,-0.09954973579999997
56336,0.3957093799999999
56338,0.5501296615999998
56348,1.2096829448
56349,-0.5252206131999999
56350,0.14020107939999987
56351,0.6310817242000002
56354,-0.42810370980000023
56356,-0.6441037146000003
56357,-0.3762303516000001
56358,-0.053992365400000075
56361,0.05536916279999975
56362,-0.28802477160000006
56363,-0.08083414219999999
56364,0.10153268719999975
56365,0.09725380580000013
56367,-0.7657827795999997
56368,0.0022273055999999514
56369,0.07825529840000005
56370,-0.06174198920000009
56371,-1.3278423303999998
56372,0.007027402999999666
56373,-0.2164373512000001
56375,0.12551856119999982
56376,0.3646709750000003
56378,0.24771879820000003
56379,-0.02289006219999994
56380,-0.083550492
56381,0.22531185859999994
56382,0.18033243960000006
56384,-0.2228048231999999
56386,-0.17722664399999993
56389,-0.08125607020000061
56392,0.5267315186000001
56395,-0.16569967040000008
56397,1.1488606173999998
56398,-1.2085840758000004
56399,-1.088226816
56403,0.04040237239999982
56404,0.045934375000000215
56405,-0.3520598766000001
56406,0.2038254099999998
56407,0.04253104340000036
56409,-0.2104535586000001
56410,0.33450280359999984
56412,-0.19310149360000003
56417,0.43305441939999945
56418,0.17499467199999935
56420,0.43696245919999976
56421,1.6674288175999998
56422,0.05785496099999996
56424,-0.3386472492000003
56426,0.3016099020000002
56427,0.15097778900000006
56428,0.29781772799999934
56429,0.25732314200000045
56430,-0.09419636699999998
56431,1.210533126
56433,0.6750566801999998
56434,0.9038761224
56436,0.3488113866000003
56437,0.7304867925999998
56438,0.19462434000000037
56440,0.5579890900000004
56441,-0.3777929861999999
56442,-1.3771470270000006
56443,-0.16625742659999965
56444,0.2853595429999999
56445,0.09075678480000064
56447,2.2398599999462476e-5
56449,-0.23283999199999955
56451,-0.08443959519999958
56452,-0.12220380300000003
56453,-0.38259536759999957
56454,0.39251104560000005
56455,-0.09597074399999954
56456,0.1972430963999999
56457,7.968331999997247e-4
56458,-1.711373791
56459,-0.37158514819999977
56460,-0.4063142152000003
56461,0.11129269419999961
56462,-0.15308968379999985
56463,0.6724612967999999
56464,-1.2282530796000004
56468,0.2800743680000002
56469,-0.07301464980000016
56470,0.5567367786000006
56471,0.02089902840000004
56473,-0.3091860215999997
56480,0.7686652366000001
56484,-1.0128518876000001
56485,0.21342048740000016
56486,-0.044255838000000124
56488,0.022825731799999714
56489,2.8532174608000003
56490,-0.8679182937999996
56491,-0.15264411880000014
56492,-0.0470048797999997
56494,-0.021252021400000133
56496,-0.1377670128
56501,0.06458609639999988
56503,0.6658063422
56504,-3.0791821826
56505,0.2763541642
56506,0.9931229556
56508,-0.5762301398000002
56513,-0.450971594
56515,-0.8419127620000001
56516,-0.020300931200000073
56517,-0.40472859600000033
56520,-0.20863712619999983
56522,0.16705400439999973
56523,0.07395688240000027
56525,0.1069235695999998
56527,-0.012589551399999977
56529,0.2528370392000003
56530,-0.02582071979999956
56531,-0.6554409500000002
56532,1.0853724106
56533,0.3606915656
56534,0.056341480200000224
56535,-0.5607286882
56538,0.13654408600000015
56541,-0.21141326819999975
56543,0.19669621159999978
56550,0.07763321200000028
56551,-0.19506714880000012
56612,-0.634177656
56613,0.9421844040000007
56615,1.2624523018000002
56619,4.4756972634
56620,3.4890674814
56622,0.046843404800000064
56626,-0.13637772380000027
56629,-0.18709761760000002
56631,-0.34241566040000004
56632,0.35065016439999963
56636,0.12714307180000012
56637,-0.25007537700000027
56640,0.20759014559999986
56642,-0.029507972399999714
56643,-0.08353623999999993
56644,-0.1422292150000004
56690,-0.27714334459999995
56691,0.05172516160000011
56693,-0.22569995980000002
56695,-0.7235966506000002
56696,-0.10969909479999984
56697,-0.017104899999999822
56698,-0.19181298599999988
56699,0.45885444039999984
56703,-0.001100764400000287
56705,0.12662349640000006
56706,0.5159827977999999
56707,0.17626691219999985
56708,-1.3124966758
56709,-0.23744568159999985
56710,0.22201673800000013
56711,0.04804010959999996
56715,0.9088221119999996
56716,-0.07580115219999986
56717,-0.22220407560000002
56720,-0.7738197605999998
56722,0.40987978200000014
56724,-0.7619077759999999
56726,0.19893186000000043
56727,0.0014722535999997176
56734,-0.06563201200000002
56735,0.018159285200000142
56736,-1.1718517326
56737,0.22868136680000006
56739,0.16875315959999976
56741,0.16756917819999978
56742,0.2648428224
56743,-0.6132817324000002
56744,0.12655548600000016
56745,0.11258062340000005
56746,-0.1103841597999998
56747,0.06537461559999987
56748,0.39003477199999975
56749,-0.330785414
56752,-0.6806200939999997
56753,0.3566193785999999
56758,-0.3458148460000004
56760,0.08548577999999978
56771,-0.04993833000000034
56772,-0.3466705589999998
56773,-0.01943187079999973
56774,-0.018691139799999767
56784,0.2966070395999999
56786,0.3914278931999998
56787,0.024101588199999923
56788,-0.020737799000000036
56790,0.00866312500000017
56791,-0.19924211000000014
56792,-1.3779288182000002
56794,-0.6211250063999996
56795,-0.0071253063999998645
56805,-0.1829200079999998
56807,-0.1728181045999996
56808,0.1760660330000002
56809,-0.18012227199999983
56811,-0.12105510860000016
56812,-1.2832185781999996
56838,-0.04155464820000034
56839,0.07263366160000047
56843,0.03457591619999985
56844,-0.03890494839999992
56846,0.10090030779999992
56847,0.17642213719999997
56856,-0.12560047119999992
56857,-0.2686400398
56863,-0.07592262279999992
56873,0.10411589400000043
56874,-0.06980733639999989
56876,-0.5746442227999996
56878,1.0055517462
57014,-0.02169802799999996
57028,-0.6389653057999999
57080,0.10194179300000013
57138,-0.04113233679999997
57170,-0.032742275600000606
57230,0.11916952500000022
57246,0.39585991420000016
57247,0.07733822000000021
57253,0.041609257200000194
57254,0.14965182259999993
57256,-0.1572399956
57257,0.8654445947999999
57258,-0.007579211400000041
57259,-0.11920374239999951
57260,0.13066440880000024
57261,-0.9183084447999992
57264,0.40563317160000006
57265,0.07739641119999999
57266,0.23278386720000005
57267,0.4935194946000001
57274,-0.00999284239999998
57275,-0.1504204458000002
57276,0.027773092199999995
57277,0.12190324240000017
57278,-0.26211635599999994
57279,1.0202116135999997
57295,-0.16254277980000004
57296,0.09703356359999944
57312,-0.22124518460000003
57314,-0.49115232319999985
57315,0.19228168039999982
57316,0.510712717
57317,-0.12341166480000058
57319,-0.8078269815999995
57320,-0.06522212459999999
57321,-0.2722808028000003
57329,0.32331140820000004
57330,-0.7014124772000002
57339,0.20123039919999997
57340,-0.06596580120000031
57342,0.22301162339999986
57344,-0.41953185239999974
57349,0.10493797399999956
57357,-0.018125138800000152
57370,0.6295530219999994
57373,-0.35600213840000006
57376,0.00739063980000001
57377,0.17288233500000025
57385,0.1708044568
57390,-0.19807506000000002
57431,-0.13044020740000023
57432,-0.4424498755999998
57434,-0.04073488760000003
57435,0.3850282435999999
57436,-0.3298457219999996
57437,-0.6138985560000002
57439,-0.1894680694
57440,-0.9655197726000001
57441,-0.1281013053999999
57442,-0.4100868214000001
57443,-0.32687944919999995
57444,-0.17315824999999946
57738,-0.8602749810000001
57740,-0.005858031200000014
57741,-0.04154133900000012
57743,0.05308688820000018
57745,0.09644321120000025
57746,1.1279300774
57748,-0.2920697220000001
57749,-0.07327268499999988
57750,0.3163040648000003
57751,0.05553064019999976
57752,0.4980183157999997
57753,0.28763330599999987
57754,-0.12041257640000005
57755,-0.01832221719999989
57756,0.12114088239999994
57757,-1.1819363726000003
57764,0.04283761719999983
57765,0.14816821959999996
57773,0.23778210620000007
57775,0.1047877886000002
57776,-0.014761243599999928
57778,-0.11597647099999975
57780,-0.1161020198000001
57781,0.9266289495999999
57782,-0.7511832758000001
57783,1.7497952756
57784,0.4797704076000002
57785,0.2823431420000002
57810,-0.4728187027999999
57811,0.4132252573999999
57813,-1.1999008968
57814,0.37535822440000005
57816,-0.3158986116000001
57837,-0.3700410250000001
57869,-0.2280706896
57875,1.5312785032
57890,-8.293404000001559e-4
57895,0.22435539840000002
57896,0.6119960354000001
57905,0.22302365760000012
57908,-1.6727258530000002
57911,0.03316413159999989
57912,0.03170974159999993
57914,1.0081620777999998
57915,0.04205582219999986
57916,-1.3568396636
58170,0.09915352280000019
58172,-0.3028307296000007
58175,-0.05389339039999967
58176,0.019280477200000055
58178,0.006026599600000004
58180,0.2768561369999999
58181,0.44223520219999984
58182,-1.2226733744000002
58185,-0.29663428800000025
58186,-0.5614776300000001
58187,0.1076392285999999
58188,-0.012975797
58193,0.05727112799999965
58194,-0.8810800932000002
58198,0.2590275664
58200,-0.13478217840000006
58202,-0.24798777140000078
58203,3.1744918754000007
58205,0.9196478915999998
58206,0.0026533045999997283
58207,0.06244649680000016
58208,-1.8523887575999995
58212,0.14401288400000017
58217,3.5314005552000003
58220,-0.3944109816
58222,-0.5879373679999997
58223,0.966572656
58226,-0.275332665
58227,-0.03830286059999999
58229,-0.0020275476000000126
58231,-0.2845606
58233,-2.0250902889999995
58237,-0.09852470959999966
58239,-0.6985591912
58240,0.2622503774000002
58243,-0.011132796999999871
58244,0.768443328
58245,-0.23206822680000005
58246,0.2500219116000002
58248,0.16593084759999996
58249,-0.03114135020000024
58250,1.3511878791999998
58521,0.3214747180000007
58522,0.02359208800000001
58523,-0.29055019960000017
58799,-0.5128079485999999
58800,-0.3564397977999997
58802,-0.0461806683999999
58804,-0.21287846019999962
58805,-0.01140395639999987
58807,0.11821180719999998
58809,-0.19876654959999981
58810,0.3305098220000001
58859,0.1809873568000004
58860,0.288130069
58861,0.2742542543999999
58864,-0.16290898580000013
58866,-0.16140139719999985
58867,0.24211275140000002
58869,0.0074743771999997936
58875,0.005062522399999381
58887,-0.22434276000000003
58909,0.035706438399999915
58911,-0.05091320180000007
58916,0.7368445292000001
58988,-0.35674475040000003
58991,-0.14418565179999998
58992,-0.422788858
58994,-0.07974158900000017
58996,0.43125205719999987
59001,-0.0548757715999999
59002,-0.10140168719999991
59003,0.05706026659999992
59004,0.06901058500000037
59005,-0.44260097880000054
59006,0.2716644815999999
59007,-0.2694595262000007
59008,-0.17145690239999994
59009,-0.12367340339999977
59011,0.2977607578000002
59012,0.3208955059999997
59013,-0.34523367
59014,0.6365638042000004
59015,-0.2863610640000001
59016,-0.35299309659999967
59020,-0.11856778040000009
59021,0.6987176538000002
59022,0.2780219744
59024,-0.7340500598000002
59025,-0.339597715
59026,-0.3354109479999998
59027,3.0733667374
59028,0.1157183697999999
59029,0.8748363654000002
59030,0.007294945399999797
59031,-0.01758456240000008
59032,0.5061489684000001
59033,0.07387321
59035,-0.9459629562000004
59036,0.03849950240000002
59038,-0.31420810099999985
59040,-0.1630024486
59041,-0.4350359674
59042,0.5661423472000002
59043,0.9219450972000001
59044,0.20691552599999952
59045,0.23615968600000023
59046,0.1441009716000007
59047,0.8621985719999996
59048,0.8378526747999999
59049,0.2237523040000003
59050,-0.5872798057999997
59052,1.0179126318
59054,-0.17236381119999997
59056,0.09467429339999996
59058,0.04913720880000003
59069,0.5193445579999999
59083,-0.9444006803999997
59090,0.8316255273999997
59091,0.10137595459999993
59092,-0.3241207042000001
59093,-0.05368538520000001
59095,-0.06321872920000002
59125,-1.0952804519999997
59126,1.2572740029999998
59287,0.387786586
59288,0.049777517999999785
59289,-0.08753128979999988
59290,0.08563854139999964
59308,0.4319961911999998
59310,-0.014837046600000115
60315,-0.24945559279999968
60321,-0.1257682790000004
60322,0.06824777360000009
60344,0.26115937580000015
60345,-0.10731965380000012
60363,0.38915258559999993
60364,-0.19785431579999954
60365,0.6565686394000005
60367,0.03706909440000015
60406,1.0447360135999995
60409,-0.0067639923999998075
60411,-0.6949695114000001
60441,0.014292571999999915
60504,-0.4994635164
60505,-0.12063351960000013
60507,-0.12322233700000015
60510,0.2303058364
60525,-0.9165047561999999
60527,0.47240788540000017
60530,0.539003894
60531,0.3286060553999999
60532,0.34725229519999984
60533,2.6099508752
60534,-0.09416371200000011
60594,-0.008653561000000209
60595,-0.14834695800000047
60597,0.24510827200000024
60599,-0.10498338819999979
60611,-0.5002610364000001
60613,-0.043437433999999796
63828,-0.4854674792000003
63856,0.1285309237999998
63859,0.10975455459999992
63872,-0.3654201684
63873,0.21567691899999986
63953,-0.30250240280000007
63954,-0.09237050800000005
63955,0.34979421340000005
63958,-0.5468961243999999
63959,0.06601893879999991
63985,-0.22594419559999998
63993,0.26986753719999984
64008,-1.0042863822000003
64009,0.24051053479999993
64010,0.05008699239999999
64011,-0.3654943939999999
64050,-0.42841759160000004
64051,0.16546395480000003
64058,-0.3237964419999999
64074,0.4518604213999999
64075,0.0830372702
64082,-0.07728346819999991
64085,0.04229624360000006
64095,1.6662969895999997
64099,-0.23706663560000027
64103,-0.04937336239999999
64113,0.2842563302000002
64136,1.8975745283999994
64138,1.21805926
64143,1.4693661862000003
64144,-0.11284060959999972
64176,0.12535893960000025
64177,0.12316444000000004
64209,0.3340356730000007
64213,0.1340102326000002
64214,-0.20721448599999945
64242,-0.021241344800000127
64290,0.3220327697999997
64291,-0.3317862361999998
64292,2.1355917767999997
64293,-0.02840431859999981
64294,0.17786779400000013
64295,-0.14711821059999988
64296,-0.8629931895999998
64297,0.5094873008
64337,0.14639082299999995
64339,-0.16732414380000032
64340,0.32862897639999994
64378,0.018651884400000006
64379,0.04793940380000006
64381,3.3916539248
64383,0.2757834517999996
64384,-0.7173652392
64385,-0.7444456880000001
64406,0.00350079860000001
64424,0.06676312079999995
64435,0.03309128379999997
64436,0.004059039600000247
64450,0.26431500879999986
64451,0.09105145080000021
64452,0.03442488759999991
64453,-0.47546248619999965
64540,0.6895281690000001
64580,0.1613111039999998
64602,-0.12300197599999976
64654,0.01621115520000007
64655,0.2689688614
64656,0.029504701399999788
64657,0.6031401730000001
64658,0.2918228307999998
64659,0.06912540279999994
64660,-0.1975331004000001
64661,0.13213092099999954
64685,1.2204650139999995
64704,0.14503651859999991
64705,-0.4216618232000002
64706,0.029519192999999787
64707,0.16115031979999977
64817,0.17379112580000022
64818,0.19975053040000007
64898,-0.3109420568000001
64899,-0.13723181620000008
64918,-0.6637946346
64929,-0.04865115699999993
64930,-0.6377977842000002
64933,-0.026601458400000232
64934,0.10430306440000034
64945,0.5969517786
65019,-0.03644283399999999
65079,0.056367014000000285
65086,0.11923473839999996
65098,-0.6761195699999998
65099,0.193136581
65100,0.08273183919999987
65102,0.19274918760000012
65103,0.15426195560000017
65105,-0.1832926466
65106,0.018508144400000325
65107,0.3375206640000002
65111,0.2198806098000004
65112,0.3190230969999998
65113,-0.34978668000000007
65114,0.7813503704000005
65115,0.01203661219999983
65116,0.3149123310000002
65221,3.7628313864000003
65246,-1.8320855454000005
65247,-1.1399715161999997
65254,-0.07338192339999967
65255,0.3046824652
65256,0.15993423019999983
65945,0.023005895400000042
65960,-0.25565478060000013
65961,-0.12285707160000019
65963,0.3935022247999996
65967,-0.6309693526000002
65969,0.14325272160000022
65970,0.1337373736
65971,0.1114235488000002
65972,0.5323742211999999
65973,1.101063383
66011,-0.14029785459999963
66042,0.17354508760000015
66044,-0.2833230300000002
66046,0.10850777540000003
66047,0.5764043714000001
66048,-0.051752644399999784
66049,-0.34750670300000036
66052,0.12440614939999986
66053,-0.18509781320000016
66054,1.8073654612000003
66056,-0.11048343839999983
66058,0.4855492554000003
66059,0.29012598899999986
66060,0.40749249620000005
66065,-0.12154341540000022
66066,0.022883531999999818
66067,0.15825604619999983
66069,0.0756807241999999
66070,0.1519909744000003
66071,0.24341476380000007
66072,-0.08054072500000017
66073,0.016581161800000112
66074,0.8617847839999996
66075,-0.5827440927999998
66077,0.19461054959999977
66078,0.28700451759999995
66079,-0.5663504178000001
66082,-1.1457741855999997
66083,-0.34002012
66084,-0.7678050942000001
66085,-0.7040304440000004
66087,-0.15879639679999968
66089,-0.7214268242000005
66090,-1.5526470580000002
66091,-0.24478375200000074
66092,-0.5797686399999996
66096,0.3043329805999999
66098,0.18458228699999993
66101,0.16776329640000007
66102,0.9707150295999998
66104,-0.1433413956000001
66105,0.42710352400000035
66106,0.43392569660000013
66108,0.33138826120000003
66109,-0.9634660286000003
66111,0.3438842821999998
66113,-0.7927450478000001
66114,0.0130444828000007
66119,0.4869760312000004
66120,0.14101346340000004
66121,0.5321068259999997
66124,-0.08680610900000012
66125,0.16233724900000013
66126,-0.007059990999999677
66128,-0.05942997179999967
66131,0.20455067839999988
66140,-0.13435634939999996
66141,1.471589866
66143,0.8486262711999999
66144,-0.2906575100000005
66147,-0.29149751220000014
66148,-0.1306252405999997
66151,0.42443784799999984
66152,-0.1900770480000002
66153,-0.17186806499999996
66154,0.050477985000000204
66155,0.13708244160000013
66156,-0.28691325040000015
66161,0.358170093
66163,0.03631239840000031
66164,0.6596986582
66165,0.01511623819999972
66166,0.01017870880000018
66167,-0.19733623199999997
66168,-0.29758771200000034
66169,-0.047170604799999793
66170,-0.11099781820000007
66171,-0.5403133720000003
66172,0.47861051820000017
66174,-0.41098156259999996
66175,0.07802066660000015
66176,0.14652915679999995
66177,-0.21896630199999959
66179,-0.415706413
66181,0.08804461300000063
66183,0.016766734800000106
66190,0.5362869722000001
66191,0.3271699794
66193,-0.9710656664000001
66196,0.09168054659999977
66197,0.6759333605999999
66198,0.1725958554
66199,-0.12735159659999978
66201,0.5335144525999995
66202,-0.4115625647999998
66203,-0.0534809361999999
66204,-0.8255045998000001
66205,1.6716622994
66206,-0.4020490845999998
66208,0.05731117120000011
66209,-0.036527465599999864
66211,0.35032099799999994
66212,0.5938993440000001
66213,0.5273027762000003
66214,1.0035249656
66218,-0.28639025200000034
66220,0.015560788199999998
66222,-0.008615669800000347
66223,0.32982461159999976
66226,-0.3070240230000003
66229,0.3131855031999999
66230,0.6551622666
66231,-0.1703997526000002
66233,-0.12490403359999984
66235,0.6994487518
66237,0.15646376580000024
66241,-0.39136619020000013
66242,-0.30336952120000016
66244,0.07120951339999966
66245,0.04851351479999977
66246,-0.45585051100000007
66248,-0.2868409383999996
66249,1.1771141196000001
66251,0.6908206332000002
66253,-0.05391525240000021
66254,0.15470539720000004
66255,0.047347480200000194
66256,1.1885359038
66257,-0.15349315060000013
66258,0.020107122599999805
66259,-0.5352043761999997
66260,-0.06227422099999984
66261,-0.024375598599999916
66262,-0.5738898302000001
66264,0.08042528279999991
66266,0.10469997459999955
66269,-0.09167556680000004
66271,0.3297039168000001
66272,0.18250961060000054
66273,-0.5540747191999997
66274,-0.07881446979999981
66277,-0.193730912
66278,-0.16879118980000013
66279,-0.48209424719999977
66282,0.6116909516000002
66283,-0.050722483800000086
66284,0.17431755860000014
66286,-0.1801319760000002
66290,-0.16257262600000005
66291,-0.9207129138000001
66292,-0.032494687000000154
66294,-0.19282004540000006
66296,-0.051750156799999836
66302,0.05258864439999975
66306,0.1479450646
66307,0.01605506440000006
66308,-0.18906704719999984
66309,0.1693330881999998
66310,-0.5576700212000001
66311,0.07267635559999999
66313,-0.39047503300000025
66314,0.09362941639999978
66315,-0.9490369462000002
66320,0.2865184777999998
66326,0.0797029000000002
66328,-0.1208716314000001
66329,-0.731591263
66330,0.04606953299999983
66333,-0.020714934000000084
66335,0.24940666080000043
66336,-0.01637577280000002
66337,-0.09521457940000015
66338,-0.1421265419999999
66340,-0.3775872839999998
66343,-0.19997986080000008
66344,0.06471720199999993
66350,-0.5006164089999995
66352,0.10793280600000017
66353,-0.01711643419999991
66354,-0.19047199899999914
66355,-0.45093321999999975
66356,-0.3114799417999999
66357,0.9826347318000004
66358,0.3120597597999996
66359,-0.7127849568000002
66361,-0.7737519484
66362,0.2978148846
66365,-0.9694473735999999
66366,-0.4106523878000001
66368,-0.15221672179999998
66371,0.06106011659999986
66373,-0.001399176600000196
66374,0.33991117319999997
66375,0.6285036402000003
66377,0.7309183007999998
66379,-0.1431222446000003
66383,-0.887107876
66384,0.5802127572
66385,0.11579012000000014
66388,-0.3209450287999999
66394,-0.3906746702000003
66395,-0.22355528680000028
66396,-0.23009282480000035
66397,0.2540472726000001
66398,0.26627456579999986
66399,0.09058629960000016
66400,-0.38639844220000014
66401,0.4841857337999997
66403,-0.8922627667999997
66406,0.0026023478000000823
66407,-0.0634453122
66408,0.08244606139999959
66409,0.3166559011999993
66411,0.7749084411999998
66412,1.9394502053999998
66413,0.7374015290000002
66414,0.36031767839999984
66416,-0.20741084
66419,0.23193156080000002
66420,-0.2965814378000003
66421,-0.06279048980000024
66422,0.0016410502000002935
66423,0.09124758520000001
66425,-0.4650244399999998
66427,0.6926449181999998
66431,-0.3416720982000003
66432,-0.17853131779999973
66433,-0.6605505728000001
66435,-0.15326504179999975
66437,-0.6987694019999999
66440,0.18284514719999975
66441,2.2937713746
66442,-0.3873911673999997
66443,-0.21485560600000006
66445,0.3273196024000004
66446,-0.23622239379999996
66447,-1.5478929536
66448,0.3776309231999999
66449,-0.20855971160000025
66451,-0.22558892099999994
66454,0.3064478148000001
66455,-0.2847253686000002
66460,0.22781466060000072
66464,0.6060214090000002
66467,0.22413454160000015
66468,0.0010242194000001704
66471,-0.8381287177999994
66473,-0.10337671579999999
66475,-0.11184570399999991
66480,-0.04677929200000044
66481,-0.2633244400000002
66482,-0.25311825840000013
66489,-0.17722664399999993
66491,0.2010493787999998
66492,-0.0976005415999996
66493,0.47280408220000003
66494,1.0161332320000003
66495,0.0342555063999999
66496,-1.2467090866
66497,-0.012307827799999772
66498,0.005256321199999548
66500,0.7112053380000003
66505,-0.14130955440000026
66506,0.39368747140000016
66508,0.4429660028000004
66510,-0.3865403055999998
66511,-0.3032171294000001
66513,-0.002501140199999874
66514,-0.4172996163999999
66515,-0.25419532599999994
66521,0.31807472959999983
66522,-0.09279743000000007
66523,0.4773120434000001
66525,0.02618954200000001
66526,0.36070353000000016
66528,-0.5722092141999999
66530,-0.31868244079999963
66531,-0.23215192980000002
66532,-0.1312861496
66536,0.6133064165999997
66537,1.0723343007999997
66538,0.2878580187999999
66540,-0.44388638399999963
66541,-0.5227550659999999
66548,0.1336362403999999
66549,0.11099841879999986
66552,2.058974935
66556,-0.3535458116000001
66557,0.3050411005999999
66559,-0.4907843776
66566,-0.035533537199999896
66568,-0.31501613059999994
66569,0.7502764872000002
66570,0.8477583922
66573,-0.3613366334
66576,-0.6023756219999996
66578,-0.5327933565999998
66580,-0.20208996459999984
66583,0.009756280399999716
66585,0.2072044662000005
66586,-0.08781807440000015
66587,-0.023399822400000225
66588,0.29747767440000067
66589,-0.30509325579999996
66590,0.33342531520000024
66591,-0.23726964639999987
66592,0.24017560279999994
66593,0.039468128799999745
66594,-0.13511926160000023
66595,-0.11766890420000013
66596,-0.5877650174000001
66597,1.5845791889999998
66599,-0.6737132994000001
66601,0.32048960299999996
66603,-0.4259592873999999
66605,0.03485657639999999
66606,0.4104703840000001
66609,0.040951989200000226
66610,-0.34802039559999987
66611,-0.09766226560000035
66612,-0.19287582379999968
66614,0.08455344040000004
66615,-0.08079309579999983
66616,-0.7659346537999999
66617,0.13658931979999966
66618,0.022218450400000124
66622,-0.5661328679999998
66624,0.7227827099999999
66626,-0.3770277346000002
66627,0.04380247840000031
66628,0.13461148859999988
66629,0.11584825540000025
66632,-0.17152829119999993
66634,0.07009653239999984
66637,-0.28823760679999993
66641,-0.2281809902000001
66642,0.011824849199999932
66643,0.2468854526000001
66645,0.1924794516000002
66646,0.36378374419999987
66648,-0.9218987136000001
66653,-0.08223180080000017
66654,0.24735481860000003
66656,-0.8232518280000004
66658,-0.04525145740000003
66659,-0.5413831639999998
66660,-0.22500604639999988
66661,-0.44414208979999936
66662,0.17368962439999985
66663,0.5269777938000002
66664,-0.29805189399999976
66665,0.2804733874
66667,0.1289439282
66671,0.43102562040000014
66673,0.09508027759999979
66674,0.7380604800000002
66676,0.3024305305999995
66679,0.05364514140000054
66680,-0.08681230659999954
66681,0.7333633852
66682,-0.05478572700000015
66684,-0.7574526970000001
66686,0.05041196960000001
66687,0.01785540999999995
66689,-0.014265992800000227
66690,-0.48745943839999983
66691,-0.7912291522
66694,0.10746775299999989
66695,0.03506982940000007
66696,0.07882032319999972
66700,-0.3954741893999998
66701,-0.055085260399999926
66704,-0.33276888559999984
66705,-0.18321200939999968
66706,-0.19256723779999999
66707,-0.03535304140000006
66711,-0.4340955043999998
66712,0.19180581740000022
66713,0.7148423860000002
66714,-0.3899159535999999
66715,-0.03511093460000012
66716,-0.02253991639999988
66717,-0.06832833220000012
66720,-0.15374679060000015
66722,0.040308279000000266
66724,-1.3315119388
66725,-0.1213712597999999
66733,0.2187930183999999
66734,-0.19646232300000027
66736,0.3210818877999998
66743,-0.30345204700000006
66745,0.0891090032000001
66748,0.02900061220000012
66753,-0.6760872518
66757,-0.03085082379999964
66758,0.04456151500000001
66765,-0.16489206040000023
66766,0.26600735959999994
66771,-0.4319771912
66772,-0.11464197839999998
66787,-0.06415667939999992
66789,0.13464409739999983
66790,-0.41545947420000007
66795,0.009463859399999918
66797,0.06590800160000007
66799,-0.05356229580000012
66801,0.20030815760000015
66805,0.042712117999999855
66809,0.1365388092
66810,-0.1841233093999998
66811,0.10027170160000001
66812,-1.1568891946
66813,0.022850283599999698
66816,-0.39096837959999997
66817,0.2730568205999999
66818,-0.6666478660000001
66821,0.12466691980000029
66822,-0.8705265286000001
66824,1.2990498430000001
66825,-0.03616709340000011
66827,0.0665764253999999
66830,0.08915743140000014
66834,-0.6935893528000001
66836,-0.44214616620000025
66840,0.3822126734000001
66841,0.10290831699999999
66844,0.7232744030000002
66847,-0.019452431399999526
66848,-0.008922590600000113
66849,-0.0363986833999995
66853,-0.3399550119999997
66854,-0.6776636826000001
66855,-0.0011919931999994303
66857,0.5263206090000004
66859,0.13822514539999986
66860,-0.5262168513999999
66861,0.4612911896
66863,-0.2973786938
66864,0.4963709205999999
66865,0.3350205076000002
66866,0.16732093240000018
66867,-0.7267603123999997
66868,0.7105544489999998
66870,-0.05230415000000051
66871,0.45314763320000023
66875,-1.2754216086000003
66877,-0.42233512900000003
66878,-0.06543390670000004
66880,-0.5081724913999999
66881,-0.48070857300000025
66882,0.5405370034000001
66884,0.6663543716
66885,0.03044070159999972
66887,-0.258068089
66889,0.3805174106000001
66890,0.2648739538000001
66892,0.7454454605999998
66894,-0.06607259419999992
66895,-1.2541597464
66897,-0.05046148739999978
66898,0.1223550406000001
66899,-0.5392633096000001
66901,-0.2277012074
66902,-0.3451403979999997
66904,-0.2147335860000002
66905,0.28459951380000026
66910,0.08921222899999978
66911,-0.2799777671999998
66912,-0.17146809380000008
66913,0.6720830626
66914,0.10735675419999921
66916,0.3009291615999999
66917,0.295162303
66921,-0.05507101439999982
66922,-0.9617658611999997
66923,-0.9624206530000006
66925,0.5423706121999998
66926,0.06860853279999972
66929,-0.12378864319999998
66930,0.05055634539999989
66931,-0.023884327199999868
66932,-0.38421630639999976
66934,-0.007293220600000083
66935,-1.3573045392
66938,-0.1161291576
66939,-0.5400941959999999
66940,-0.2958848119999999
66942,0.016273043999999535
66945,-0.2767681035999999
66948,-0.3349858936000002
66949,-1.8397523712
66952,0.1873548563999999
66957,0.4427652352000001
66959,-0.1681069599999999
66962,0.11427747539999995
66964,0.439149394
66965,-0.0856925482000003
66966,-0.7300196772000002
66967,-0.23868705719999994
66968,0.057355297999999874
66970,-0.9896572055999997
66971,-1.1281105863999998
66972,-0.9492302044
66973,0.4338866778000002
66975,0.0326621964000001
66977,0.16383128140000025
66978,0.058747334999999803
66979,-0.21116141639999952
66980,-0.16158507780000003
66983,-0.19886802939999998
66985,-0.3727869642
66988,0.6254182277999998
66989,0.03023431480000003
66991,0.2908620822000003
66993,-0.06396187979999972
66994,0.8161973633999995
66995,-0.5095220749999998
66997,0.5767292744000002
66998,-0.2308370334000001
66999,-0.12159645559999994
67003,-0.5389867170000002
67005,-0.46836635740000043
67006,-0.0992205384
67008,-0.11377640380000002
67009,-0.4079821990000001
67010,0.2982545566000002
67011,0.5980220548000001
67013,0.12375278979999979
67015,0.3434290797999999
67016,1.2058501641999997
67017,-1.6762688171999998
67019,-0.6561307371999998
67020,0.059563127999999924
67023,-0.8879969410000005
67025,-0.22384002400000008
67026,0.36328601239999986
67027,-0.46293093680000014
67030,-0.2560000768000002
67031,-0.08636145380000002
67035,-0.38133789260000006
67036,0.27712181059999974
67037,-0.39807722840000004
67039,-0.26353712420000014
67040,0.044505363999999756
67041,-0.3005020642
67042,-0.5809206079999999
67043,0.4762880669999994
67044,-0.7534971616
67045,0.0601943155999999
67046,0.20413688179999986
67048,0.4717538937999997
67049,-0.3754919891999998
67050,-0.2744564487999998
67052,-0.39472468439999986
67053,0.051638728
67054,-0.34447751119999986
67057,-0.4664352252
67059,0.28475852900000015
67062,-0.6679765998000002
67065,0.1566922622
67067,0.08998696459999991
67068,0.03469741920000047
67070,0.12180735019999958
67071,-0.11730663599999999
67072,0.08014713339999986
67073,-0.8780111264
67074,0.03774652660000015
67075,0.5863850526000001
67078,-0.3637615588000001
67080,-0.30805233120000003
67087,0.6076508244000001
67088,-0.22515421840000016
67089,0.7169388182
67091,-0.36987136960000006
67092,1.6343274692
67095,-0.09116422379999989
67096,-0.00557079999999992
67097,-0.260865252
67099,-0.019514751199999836
67102,0.24852620299999978
67103,0.4393873801999998
67105,-0.517753551
67106,0.10846493460000044
67109,-0.01643557599999994
67111,1.1824533814000002
67112,0.10892615899999995
67115,0.14406332200000022
67116,0.2993802123999997
67117,-0.5128493261999996
67118,-0.16258012199999997
67119,0.029901637199999963
67120,-0.7224192277999999
67121,0.025620674600000014
67122,-0.42019293520000006
67123,-0.21519157019999965
67125,0.7583231698000003
67128,-0.2940658585999998
67130,-0.46424038960000014
67133,0.18112937220000003
67134,0.043630553199999866
67136,0.03332991819999993
67138,2.0949176038
67139,-0.06769891579999995
67141,-0.6929205304000001
67143,-0.8639382743999997
67144,-0.1166378233999998
67145,-0.3204424295999996
67149,0.10313087600000008
67150,0.18572447040000045
67151,0.0953038234000001
67153,0.08826664099999988
67154,-0.20312417919999995
67155,-0.9241406397999998
67158,-0.5435144301999999
67160,0.04387404000000004
67161,0.021241460200000083
67163,-0.0532402359999999
67164,-0.02559681600000019
67166,0.38697916559999984
67168,-0.6151140002
67171,1.0961820883999998
67177,-0.8407848985999997
67178,-0.1753304960000001
67180,0.6239673955999999
67181,0.08638038299999966
67182,-0.32338271059999996
67184,-0.27546385799999984
67186,-0.10742098199999965
67187,0.28863284959999974
67196,-0.04106528679999979
67197,0.41034367380000025
67198,-0.04922683839999973
67199,0.3135220689999999
67200,-0.46645803280000014
67201,-0.11241174630000028
67203,0.007032548199999944
67204,0.6122766724000002
67207,-0.2575409876000002
67210,-0.18659980300000037
67211,-0.7513162293999999
67212,0.1909476810000001
67213,0.6321570804000004
67216,-0.05705201800000008
67217,-0.228966297
67219,-0.00743481139999993
67220,-0.5194461500000003
67222,0.25361713839999994
67223,0.37842739640000006
67224,0.08103190680000001
67225,-0.41242139720000015
67226,-0.2640168528000002
67228,-0.538378245
67229,-0.24067802160000012
67230,-0.7012418053999996
67231,0.22525785819999983
67235,-0.5813668512000001
67236,-0.007869855799999926
67238,-0.18556571400000016
67239,0.6983523750000004
67241,-1.1872841372
67245,-0.6021370672000004
67248,-0.00964725000000044
67249,-0.26842652780000015
67252,-0.34116811360000004
67255,-0.320473149
67260,-0.26135176280000005
67263,0.5078394976
67264,0.3697795251999995
67267,0.5214955369999998
67268,0.3929496759999999
67269,0.17340910760000003
67270,0.11033525559999954
67272,0.2278309816
67273,-0.1617205628000004
67276,-0.10325721560000023
67278,-0.04852279359999993
67279,0.45919012299999995
67283,-0.11563391759999994
67285,0.2546678151999998
67287,-0.7133346324000002
67288,-0.12753344939999972
67290,-0.33563681900000014
67291,-0.17754514780000008
67292,-0.018650975599999776
67295,0.2319903145999998
67296,-0.3811319728000003
67298,-0.6928658958
67299,0.7443736044
67300,0.6005485357999998
67302,-0.3628765282
67305,-0.18167938359999986
67306,1.0245936830000004
67308,0.09696067060000076
67328,0.07704267440000016
67331,0.14698886520000015
67332,0.5583943223999999
67333,-0.04713007279999992
67337,-0.0453706212000002
67338,1.3922398166
67345,-0.06423636860000066
67356,0.08482099940000021
67358,-0.018983480599999946
67367,-0.5039370780000004
67369,0.24362024640000007
67370,-0.05860896439999994
67371,0.34261637019999985
67374,0.697275123
67375,-0.4752198599999998
67378,-1.1564031414
67379,0.45982501699999967
67381,-0.2879093826000004
67382,-0.44505333920000006
67384,-0.7831352978
67387,0.14388541299999993
67391,-0.7254352419999996
67392,-0.9253707080000005
67393,-1.5308283873999997
67397,-0.2445255789999999
67399,0.15019997499999996
67402,0.0620228002000001
67405,0.3495899240000001
67407,-0.1281721396000001
67414,0.11169527939999976
67416,-0.29305355819999973
67417,-0.014654290400000037
67418,-0.5583974092000001
67420,0.41957993019999995
67422,0.37237703959999974
67425,-0.7931054867999998
67429,0.2877004829999999
67430,0.14542278920000012
67432,-0.055570699900000076
67433,0.2101919313999998
67434,1.0165624168000005
67437,0.5341160149999997
67439,-0.22461288640000027
67440,-0.10299458619999999
67442,-0.8062500929999998
67443,-0.3419790119999998
67444,-0.14921812900000048
67445,-0.2520744588000001
67446,-0.06836449919999979
67448,-0.0719415421999999
67451,0.2025525457999997
67452,-0.39152048719999966
67453,-0.20933584599999974
67454,0.2512654124000003
67455,-0.4226886824
67456,0.28191665560000007
67457,-0.4485340240000003
67458,0.24376602220000035
67459,0.1457672404000002
67460,0.10979992059999973
67463,-0.1584819485999999
67465,0.18792962840000021
67466,0.2760820994000001
67467,-0.3492476362
67468,-0.32112783799999994
67469,-0.4268381028000004
67470,0.23575767160000005
67471,-0.5863242308000004
67472,-1.364148543
67473,-0.4247417322000002
67474,-0.2625012532000003
67477,-0.5809516438
67480,0.24318143500000033
67484,0.19520132839999996
67486,-0.4890320882000002
67487,0.1061864260000002
67488,-0.9850934114
67489,0.0762866188000002
67490,-0.1070273976000001
67492,0.14456276280000005
67493,-0.08280673379999985
67495,-0.02499902520000017
67498,0.2749025317999999
67500,-0.35935285719999965
67504,-0.22262806640000007
67509,-0.22241256899999992
67510,-0.01819009139999981
67511,0.49419473180000023
67512,0.46402871819999997
67515,-1.2412317773999995
67516,0.43399930259999986
67525,-0.3324172792000001
67526,-1.1538166167999993
67528,-0.7643348226000001
67529,-0.9243235439999999
67530,0.23722571000000023
67533,-0.1312861496
67534,-0.606416136
67537,-0.04418053479999991
67538,0.042113019799999665
67542,0.19094479720000007
67544,-0.34311137860000007
67547,3.7734386003999996
67553,0.17646762640000002
67554,0.3739375408000004
67556,0.49610444860000025
67557,0.18881011900000005
67561,-0.540165003
67568,0.11717127560000015
67569,0.39566680860000003
67573,-0.11139346660000023
67578,0.09887624840000005
67579,-0.9715002611999999
67580,-0.07604767339999992
67581,0.6810275228000002
67586,-0.14583138419999972
67588,0.2312588611999999
67590,0.048486943999999886
67591,0.14292955680000005
67592,-0.09501529299999997
67596,-0.6962305637
67602,0.09659455600000015
67603,0.5662736368000001
67604,-0.20923735540000016
67605,0.0489735507999999
67606,0.14744023699999964
67608,-0.8410689989999997
67609,-0.4669796948000002
67610,-0.03797967279999988
67615,-0.5815890440000004
67618,-0.0445305703999999
67619,0.025773340599999806
67620,0.0032560076000000215
67621,-1.5339130658
67622,-0.18012167340000004
67623,-0.4399635688
67628,0.15995113340000025
67629,-0.2934663425999998
67630,0.8678267790000002
67634,0.018798795400000047
67645,0.017920662800000108
67646,0.14407896639999987
67647,-0.9664178417999999
67652,-0.5934441993999999
67655,-0.3664524606000006
67656,0.02975095099999976
67657,0.4667450453999997
67661,0.4809438424
67665,-0.1113816063999998
67666,0.061224514999999965
67667,-1.0505661108000002
67671,-0.03456822400000022
67674,-0.31647562619999975
67675,-0.2948223675999998
67676,-0.35051056540000014
67678,-0.11968779120000014
67680,0.2659333134000004
67681,-0.0737039701999997
67683,0.2574967193999999
67684,-0.41521916519999974
67687,-0.09793910560000008
67689,0.4993631975999998
67690,0.17193481120000004
67693,-0.11873790200000016
67694,-0.3306101558000002
67698,0.10661132640000055
67701,-0.08751200180000004
67702,2.0430040316
67703,0.12788452720000015
67706,-0.23504586500000002
67707,-0.23091011039999962
67709,-0.13749813459999966
67710,-0.12624232439999936
67711,-0.6138262512000001
67712,-0.24370395000000009
67717,0.007358306600000031
67719,0.13976108059999995
67724,0.27662991720000035
67725,-0.0535340218
67726,-0.10860182560000009
67727,-0.9003280983999998
67728,-0.19328783399999985
67729,0.011523655400000266
67731,-0.3002467639999999
67732,-0.3026403560000002
67733,-0.6716559958000002
67738,0.35738999780000036
67739,-0.837358536
67741,-0.18008152999999982
67742,2.6356917057999993
67747,-0.07164868519999992
67749,0.1752366394000001
67750,-0.024594482400000128
67753,-0.03272708319999999
67755,-0.16634469439999985
67758,-1.355018119
67759,0.39982254380000076
67760,0.4457810240000001
67763,-0.3593191234000006
67767,0.036138851999999846
67768,-0.3620806673999999
67769,-0.0944661009999999
67770,-0.01359942140000019
67771,0.44199363200000014
67772,-0.7268788063999999
67773,-0.34485162299999994
67775,2.8287484552
67776,0.7001453534000005
67778,-0.32076685700000007
67781,0.2454755195999999
67784,-0.07645915199999997
67785,-0.5054220862000001
67788,0.12799699119999985
67789,-0.9461421886
67790,-0.006508478200000311
67792,0.09506388619999981
67795,-0.09918742300000005
67797,-0.5643581409999999
67800,1.4439156345999993
67801,-0.14422013099999997
67803,-0.9885677679999997
67804,-0.3890817538000004
67809,0.5194745476000003
67811,0.11607267360000009
67812,0.6899149090000002
67815,-0.38011494419999997
67819,-0.18695493200000007
67821,0.2338770084
67824,0.09742940699999991
67826,-0.6339368844
67830,0.08746319839999969
67832,0.18465569659999942
67834,0.8603092771999996
67836,-0.32387767300000014
67838,0.7835148556000002
67839,-0.4190024313999999
67841,0.6916836402000002
67842,0.06257013500000017
67843,0.11010782359999975
67844,2.2062852322
67845,-0.24948760920000018
67846,0.7039685991999999
67847,0.2378843474
67848,-0.013842505000000038
67849,0.5020246158000001
67855,2.7903378984
67856,0.001737943200000025
67857,0.30492125360000044
67860,0.38007484560000027
67862,-0.2777174299999999
67863,0.040582665199999826
67864,-1.3297567740000005
67865,-0.3185373219999995
67866,-0.18643423979999962
67867,-0.6976371016000004
67868,0.06612509000000007
67869,-0.8468218000000001
67870,0.3056930726000003
67871,-0.08542171239999981
67872,-1.1313102279999998
67873,-0.5991932617999998
67874,-0.15661416339999992
67876,0.8573303228000002
67877,0.7897182751999999
67878,0.9514103133999999
67880,-0.5404204642000001
67881,-0.8917336584000001
67883,0.22356689560000015
67886,-0.26865360999999977
67888,0.04479026960000008
67889,-0.36187279219999996
67890,0.8553294627999998
67891,-0.24913337800000052
67892,-0.19586072060000018
67893,-0.3314095053999999
67895,1.8873593226
67896,1.0931389331999999
67897,-0.5025958026000001
67898,0.1357196978000001
67899,-0.13541501260000005
67900,-0.06038815600000014
67902,0.12075515840000009
67903,0.09675729040000007
67905,-0.28624410900000025
67909,-0.05831858799999985
67911,-0.07655047159999988
67912,0.46984651719999987
67914,-0.23891405539999971
67917,-0.08882303459999985
67920,0.045488073800000174
67921,-0.6611359140000005
67922,2.6068841511999996
67929,-0.10031184080000007
67931,-0.15332049780000007
67933,0.6355832778000001
67935,0.08056127499999981
67936,0.15866861080000003
67937,-0.012922596600000169
67938,-0.049871684000000374
67941,1.0661373438
67944,0.16800597380000024
67946,-0.45511613199999984
67948,0.46771599760000004
67951,1.4381918947999999
67952,0.33042584600000036
67955,0.31772973919999997
67958,0.07392301140000015
67959,-0.23558922959999967
67963,0.18093760600000053
67966,0.1074858786
67967,-0.17144898120000018
67968,-0.23882632360000003
67971,-0.9294604558000001
67972,0.15848885600000048
67973,0.16619304980000038
67974,-0.5235457896000003
67976,-0.1382217075999998
67978,-0.04877045840000012
67979,0.3874188144
67980,-0.4695610498000001
67981,-0.023301481599999986
67983,-0.11827523800000002
67988,0.40831080300000017
67991,-0.15778494620000014
67993,-0.28081229160000004
67994,0.05425832159999988
67996,-0.0021132728000001324
67997,-0.22727434320000023
68010,0.04539953919999977
68011,-0.24620720820000025
68014,0.045055775400000185
68015,0.06447762120000018
68021,-0.9275717581999998
68023,-0.10330925859999987
68027,0.043941108000000104
68028,-0.19856241199999972
68031,-0.13587340500000025
68032,0.23912140480000002
68033,0.4917549142000002
68035,0.10374832119999944
68036,-0.8214012298000004
68038,0.6820514779999998
68039,-0.5245580936000002
68040,0.5309211492000003
68041,-0.10207931819999985
68044,-1.3631588279999993
68047,-0.34033377139999993
68048,0.6289258722
68050,0.019286376000000514
68052,-0.22261741000000015
68053,-0.2909639742
68054,-0.2153526411999998
68058,-0.7551279469999999
68059,-0.15870228399999994
68066,-0.1132744719999998
68070,0.17162345739999996
68075,0.11148762940000001
68079,-0.1814534364
68080,-0.4659927549999999
68082,-0.6418625706000001
68083,-0.0090089583999994
68089,0.6840962183333331
68090,0.3917425215999998
68092,0.10869248620000001
68094,-0.3176794014000002
68095,-0.13132534260000064
68097,-0.11412647580000002
68098,-0.37869069119999954
68106,-0.08792488279999996
68107,-0.6150839800000002
68117,0.2916969998000001
68119,0.7654614598000004
68121,-0.6901994936000001
68126,-0.19132795740000025
68133,0.9362610806000001
68134,-0.6206773588000001
68135,-0.5225077700000004
68137,-0.14759739140000008
68140,-0.43254027939999967
68142,-0.19720394700000005
68145,-0.9928820204
68146,0.05683013420000016
68147,0.4382529150000002
68149,-0.3525718134
68151,0.21948814840000033
68152,0.2438583020000001
68153,0.12493842380000011
68159,-0.14107783339999996
68166,-1.4303859083999997
68169,-0.7550709452
68172,0.24012568619999985
68177,0.2806998428000004
68178,-0.008589482199999842
68183,-0.8554251472000004
68184,0.41272595439999976
68185,0.2045797057999998
68187,0.0923649462000001
68188,-0.1584364908000003
68192,0.2212547449999999
68193,-0.07708757800000007
68196,-0.0885916152
68197,0.4146477584000003
68198,0.3675107274000002
68201,-0.2976277794000001
68202,0.011049720400000318
68203,-1.3335655493999998
68205,-0.1288577362
68209,-0.3154295271999999
68212,0.3439741242
68214,0.2090291498000001
68215,0.2067743349999999
68219,0.040249494200000055
68226,-0.10862085059999985
68233,0.0040768847999999025
68236,-0.002327746399999864
68240,-0.4470312922
68243,-0.0627208824000002
68251,-0.16750550560000016
68259,-0.5762765545999999
68260,-0.20495490300000013
68262,1.032498882
68263,-0.19241448760000032
68267,0.17400379000000027
68268,0.3869148339999999
68270,-0.024840918599999817
68272,-0.08829701520000004
68273,-0.07797732719999981
68275,-1.3160081020000007
68276,-0.28615111460000014
68277,0.09951280940000036
68279,-0.44996405799999994
68291,-0.06966711660000016
68292,-0.5917023992000001
68294,-0.11878737340000001
68295,0.17615191980000003
68298,-0.6067928353999997
68299,0.15289750460000012
68303,0.7583417654
68307,-0.09307478819999995
68310,-1.0292832914
68311,0.22645125819999984
68312,-0.1676580895999999
68316,0.3000386652000001
68323,0.0725833822000002
68327,0.1534899158
68328,-0.03169952020000029
68332,0.2565734401999995
68337,-0.37817244160000013
68338,-0.10610598139999983
68339,-0.8512137026
68342,-0.1337124408000001
68344,0.23680015639999966
68346,0.11687326340000012
68349,0.24684122399999991
68350,0.3805893427999999
68352,-0.12431212519999998
68364,0.07569449699999975
68365,0.2141120945999994
68366,-0.5345877568000003
68375,0.3561734804000002
68379,-0.5046701780000001
68385,0.17000059280000013
68393,0.09481514559999997
68396,0.2409266040000002
68401,-0.13909099580000053
68404,-0.25542400459999987
68416,0.060731081599999646
68420,0.08472858920000022
68421,0.1438197542000001
68423,-0.4330100889999999
68427,0.02455492200000009
68428,-0.07263029440000021
68431,0.0439763585999998
68436,-0.3044753200000006
68440,-0.31662442900000015
68441,-0.2810319176000002
68449,0.5336514031999997
68453,-0.1762618278000005
68458,-0.20380877000000003
68460,-0.005355051199999928
68463,-0.009543273800000307
68465,-0.18469578979999995
68468,-0.29277340979999966
68472,-0.5056346306000001
68473,-0.1166813902000003
68475,0.057361842799999785
68477,-1.2538286306
68479,-0.010610763200000406
68481,0.1762799358000004
68487,0.28170809019999987
68490,-0.1423489209999998
68493,0.3327718787999997
68497,-0.1456217817999999
68498,0.31940932060000016
68499,-0.007675130799999508
68501,0.2956711498000004
68505,-0.1085017682000002
68509,0.46749158020000003
68510,-0.17581804899999992
68514,-0.13241658520000002
68515,0.07419191339999998
68519,-0.21343562519999998
68520,-0.32727239379999984
68524,-0.12989356599999943
68525,0.050289448599999884
68526,-1.6163611653999999
68527,0.138812626
68533,0.4936044205999998
68537,0.08111686999999997
68539,-0.14989913220000037
68545,0.5683865232
68550,0.012634931399999693
68552,-0.5850487959999999
68556,-0.2473022746000005
68558,-0.37452214600000017
68559,-0.17071564200000006
68563,-0.4389172403999998
68564,0.5231201571999999
68565,0.29851188560000014
68566,-0.030071387599999964
68567,0.008615203799999804
68576,0.34901759900000007
68585,0.38817331599999993
68588,0.3666827615999999
68591,1.5425083067999998
68592,-0.4289630912000003
68597,-0.04752786760000003
68598,-0.4936551246000004
68603,0.44038126359999996
68606,-0.04329852960000018
68607,-0.2908864247999999
68611,-0.05586447200000002
68612,-1.078326136
68614,-0.5087394161999998
68616,0.3086900128000002
68626,-0.2269693042000002
68628,-0.27839841080000005
68631,-0.8597242755999999
68632,-0.2721352420000002
68634,-0.3890075692000002
68636,-0.7856761438
68642,-0.11996970060000027
68644,0.1437722707999999
68646,-1.7016509826000004
68652,-0.48247048199999937
68653,-0.08644559460000031
68655,0.09531731019999974
68662,-0.1306864437999998
68666,-0.08207362699999994
68667,0.21137010039999993
68668,-0.051722472800000044
68671,-0.46240613799999986
68678,-0.2497505416000001
68680,0.04711390019999993
68682,-0.10090637460000025
68691,0.5108099082000004
68693,-0.32479805939999995
68701,0.052046490000000036
68703,-0.9700331318000005
68705,0.7005879491999997
68708,-0.036856765799999636
68709,0.16786122339999993
68713,3.495754845
68718,-0.5239865067999994
68723,0.066159034
68724,0.5504774584
68725,-0.3342120681999998
68728,0.7692491097999998
68729,-0.4828708491999997
68730,-0.07362873059999994
68731,-0.3228252281999996
68735,0.4727544254000005
68736,0.5706569596
68737,-0.2376447768
68738,-1.404513786
68742,0.07361986860000017
68743,0.09384534159999998
68750,-0.3458519616000002
68753,-0.07942638119999987
68755,-0.6628740428000001
68758,0.3983359776000002
68760,0.3639040712
68764,-0.14715325999999979
68770,-0.7479966881999998
68774,4.530151794
68775,-0.005416060800000189
68776,0.05375309579999978
68777,-0.14125902640000004
68778,-0.16957645479999997
68792,-0.1100546338
68794,0.07102445980000009
68795,-0.2950939231999998
68796,0.22676134180000015
68797,0.05944432519999996
68799,0.0012283135999998861
68801,-0.5670087118000001
68802,0.1447462943999998
68810,-0.03186019360000021
68813,0.8192631915999998
68815,0.26706970700000027
68816,-0.3620427477999998
68817,0.11658543600000008
68818,0.18697042760000002
68828,-0.01858595420000011
68833,0.7004475718000007
68836,1.1067873463999995
68837,0.024777004399999924
68839,0.20265285160000007
68842,0.32516419360000004
68845,0.10688540379999996
68846,0.03932282520000019
68852,-0.008522805599999827
68854,0.011101079599999864
68857,-0.2739439482
68859,-0.10552839460000048
68865,-0.11805094400000016
68867,-0.998213747
68870,-0.5678339510000001
68875,-1.5442244451999998
68877,-0.6514428032000001
68879,-0.17635507860000033
68889,-0.2186952014000001
68891,5.3049384934
68895,0.1813150003999997
68897,-0.15549543339999997
68904,0.0984264109999998
68910,-0.061701144400000095
68911,-0.04594148580000024
68915,-0.15640435640000022
68916,-0.3323893392
68917,-0.5482042478000002
68918,-0.29069442819999997
68925,-0.3922191754
68926,-0.37940426159999985
68927,-0.06306502640000015
68929,-0.37116668880000014
68938,-0.37422570799999966
68939,0.37931653039999985
68942,0.4546033962000003
68943,-1.0368618422
68944,-0.09221958560000054
68947,-0.15045452999999984
68948,-0.2801367784
68953,0.9278615132000005
68955,0.07142452900000026
68957,0.18199854499999973
68961,-0.3769809306000001
68964,-0.3985742728000002
68966,0.3195769929999999
68968,-0.5816794292
68969,0.06426236080000045
68970,-0.4878012199999997
68971,-0.20157972179999994
68972,-0.24790717100000012
68975,0.0682520684
68977,-0.04517967639999991
68979,0.06314432540000006
68980,0.010324305399999822
68981,0.6586164062000002
68988,0.8812070958
68991,0.6153796941999999
68992,0.08130001460000003
68995,0.3360417427999998
68999,0.36489580180000003
69008,0.20256079420000023
69009,0.054551893799999716
69010,-0.5631813693999999
69017,-0.04852279359999993
69019,0.0392034179999996
69020,-0.4205287846000001
69024,-1.6111818015999997
69028,0.6533712332000002
69029,-0.27603883200000007
69032,0.046390427600000006
69035,0.32941720239999983
69036,-0.1287951380000001
69038,0.04182890260000001
69046,-0.12689376399999971
69047,-0.1922768330000002
69048,-0.4286475086000001
69050,0.4761100652000003
69051,0.06323489679999987
69060,0.03495712500000003
69064,0.07673107959999985
69065,0.3068637864000003
69071,0.29516236960000003
69072,0.6427092075999999
69076,-0.24826915379999992
69077,0.12077783679999961
69080,0.5824184834000002
69082,-0.7637802959999999
69083,-0.02005482039999986
69085,0.031166408200000363
69089,-0.5484470427999998
69090,-0.6481252865999998
69091,-0.13969428020000016
69094,-0.25379812239999955
69097,0.039290458399999825
69101,0.4931949674
69106,-0.7300468692000003
69113,0.06675103199999999
69116,-0.21827654739999963
69121,0.016176941799999865
69125,0.2813075854000003
69129,0.12128386080000002
69131,-0.45718017740000005
69136,-0.8238361669999994
69137,-0.07774146100000001
69146,1.0826367462000002
69149,-0.5573724384000002
69150,-0.08105546200000013
69151,0.39939960560000004
69155,-0.4104691417999998
69156,0.19789494260000015
69159,-0.05554763999999999
69161,-0.059999587999999805
69162,-0.0291386720000002
69163,-0.23248483200000045
69168,-0.19238358939999997
69171,-0.05475992580000018
69178,-0.6187208113999997
69181,-1.1415209136000004
69183,0.2143581760000001
69185,-0.26876266299999985
69186,-0.5520823860000004
69187,0.06682924840000011
69188,-0.5193216426000002
69190,-0.5074669366000004
69191,0.04537186600000025
69192,-0.4936615377999999
69195,-0.23178619019999996
69202,-0.10921152999999997
69207,-0.4733198933999997
69215,0.19103649580000007
69217,0.051409196200000194
69219,-0.4782174524
69226,0.22749936319999992
69228,-0.5839363942000004
69232,-0.1598797570000004
69234,-0.4169812638
69237,0.2686844650000003
69241,0.3843749258000001
69256,0.22847873859999995
69257,-0.36371243779999995
69259,0.15503555559999996
69260,-1.020747945
69263,-0.6743329762
69270,0.3771516117999999
69274,-0.21919194059999986
69276,-0.8241661602000001
69281,-0.04978093360000013
69288,-0.16846978300000046
69296,0.5059325236000001
69297,0.07506891819999986
69299,0.20330472580000017
69305,-0.3658646502
69306,0.12308064539999997
69309,0.0662724528
69310,0.22077562039999982
69312,1.0597329042
69317,-0.10445756020000001
69332,-0.22340628159999998
69339,0.08184167220000002
69349,-0.04474722240000002
69352,0.15309701720000007
69354,-1.5004755256
69363,-0.10880620620000006
69367,-0.09449588200000018
69368,-0.11252094020000011
69371,0.07754383240000004
69372,-0.28508642519999994
69376,-0.24265653539999993
69379,-1.2708793767999997
69384,-0.026540277800000033
69387,-0.05357261179999995
69398,-0.5212931604
69399,0.06591136999999989
69401,0.30053700600000005
69408,-0.20268864020000005
69412,0.31721763299999994
69440,0.0012414317999997592
69444,-0.0805435236000001
69453,-0.18398884760000023
69454,-0.14747733519999998
69456,-0.28649119259999994
69459,-1.0861758025999992
69469,-0.0491998166000001
69470,0.03863192959999999
69473,0.1066921958
69478,-0.5514192407999999
69480,-0.024935125799999902
69481,0.24638402920000022
69487,-0.19367398459999982
69496,-0.15336788739999996
69499,-0.01663485540000025
69511,-0.0857006234
69519,-0.5499219273999998
69524,-0.38352152220000024
69527,-0.2651796733999999
69528,-0.14958182660000005
69533,0.17852885799999996
69534,-0.006067631400000018
69535,-0.11215238059999973
69536,0.23546955279999987
69537,-0.3743031475999995
69538,0.07367852919999969
69539,0.14600782500000004
69540,0.07116362840000026
69541,0.10977867480000017
69542,-0.03262961119999978
69543,0.45462241100000006
69544,-0.37080568359999955
69547,-0.011546743599999942
69549,0.1328513779999998
69550,1.0922011915999998
69551,-0.009604737200000102
69554,-0.313433637
69556,-0.2280164592000002
69562,-0.5604893110000001
69564,-0.09299869140000006
69568,-0.39019517780000007
69572,-0.4937761882
69573,2.0353762806
69574,-0.4815623719999998
69576,0.17448787980000002
69577,-0.01695531980000009
69581,2.1223709268
69582,-0.03948613880000007
69583,-0.43277543499999976
69587,0.12727139380000008
69590,0.29773121779999984
69592,0.29875841540000003
69596,-0.18058600560000002
69597,-0.17987877999999996
69601,0.3595684616
69602,-0.16495307619999994
69606,-0.4754650810000003
69608,0.9807762328
69612,-0.4321210698
69617,-0.5736576567999998
69627,0.14527918800000003
69632,-0.23812696360000024
69634,-0.17079461699999995
69635,-0.15088824180000043
69638,-0.14482179059999983
69639,-0.20354034500000004
69640,0.13666129599999993
69642,0.044764439399999925
69654,-0.33371458660000003
69655,0.038923244999999794
69656,-0.43166538359999984
69660,0.3874138452000004
69662,-0.4450065378
69663,-0.19213803659999992
69665,0.13633707459999994
69666,0.5029134482000002
69668,0.4860310443999998
69671,0.20529353739999986
69672,-0.2670334800000001
69674,-0.47634682740000045
69675,0.1675895783999998
69683,-0.1443395952000003
69692,-0.354379464
69693,0.06548142459999999
69694,-0.09219946139999972
69697,-0.12068764240000007
69698,0.3276058969999999
69700,0.3083348389999999
69702,-0.3547877368000002
69706,-0.16413736000000015
69707,0.10773973999999997
69710,0.18518105619999953
69713,0.11444464960000005
69714,-0.12065533999999989
69716,0.27314856499999995
69718,0.24097864900000002
69719,-0.30597396219999984
69721,-0.5346334922000002
69723,-0.35396036619999993
69724,-0.2790480865999999
69726,-0.5830992418000001
69727,0.16004797639999993
69731,-0.23561385579999977
69736,0.1813535145999996
69737,0.18682733880000005
69740,-0.2780450953999997
69742,0.055388965799999926
69743,-0.005966791400000027
69745,-0.6512709942000002
69747,0.24200018939999984
69748,-0.09734379759999978
69752,-0.06868475359999966
69754,-1.2140832588
69757,-0.012072060200000045
69769,-0.3116150570000006
69772,-0.12698882859999988
69780,-0.9497112464000004
69784,0.16791329899999993
69786,-0.014328436799999978
69790,-0.30957561620000007
69792,0.31839337759999997
69802,-0.06682584859999974
69804,0.30736498660000056
69806,-0.15617993760000015
69807,-0.11542585820000024
69815,-0.1476233098
69816,-1.9342769059999996
69823,-0.38798138120000003
69824,-0.02790605300000042
69826,0.018244062999999856
69833,0.35335177600000006
69834,-0.22285116200000027
69836,-0.08664712960000003
69837,-0.6096782044
69847,-0.4139247320000001
69852,0.03907775020000015
69860,0.04284711679999979
69861,0.1579773406000001
69863,-0.09225614500000016
69865,-0.0869388643999999
69870,-0.17562523719999987
69871,0.05752728740000013
69876,-0.23084553719999992
69878,0.47703155519999996
69885,-0.055793572600000375
69890,-0.26007896499999994
69900,0.18067606639999986
69903,0.9056304396000001
69906,-0.19053822139999993
69908,0.10722921799999999
69912,0.11454707160000037
69917,-0.04083398979999995
69920,0.14075314339999992
69922,-0.44197628800000005
69923,-0.08750486139999988
69926,0.011830281399999799
69934,-0.15373438379999982
69938,0.03299034079999963
69940,0.2791425574
69942,-0.07408078360000019
69955,-0.35370291280000005
69956,-0.06238567120000003
69957,-0.10537007619999947
69961,-0.1738402668000001
69962,-0.4942628381999997
69976,-0.2608920659999999
69981,0.5912229565999993
69982,-0.17840116779999987
69993,-0.1275467434000001
70008,0.16569078820000005
70012,0.13851574539999997
70020,-0.4416944836000001
70024,0.14385126239999996
70025,0.2459364574000002
70026,-1.5756796490000002
70031,-0.35211839639999953
70044,-0.22729304919999968
70047,0.14585921259999993
70052,-0.28888280999999977
70054,-0.17245136420000007
70059,-0.055252463600000114
70060,0.022634436599999752
70061,-0.20726920940000024
70078,-0.4916668742000002
70080,-0.23701449699999982
70082,-0.13301842080000004
70083,-0.28988600579999985
70086,-0.03414438660000023
70088,-0.3478100658000004
70093,-0.0767545221999999
70097,1.7659198413999997
70099,-1.3077757702000006
70103,0.8023298839999995
70110,1.5364884231999998
70118,0.012055447800000074
70120,-0.04787723839999991
70122,-0.9422975706000004
70127,0.04522033160000003
70129,-0.023859741199999895
70144,-0.34620982999999994
70155,-0.2235780292000001
70160,0.21370243539999975
70166,0.12596776299999995
70178,0.09571992459999983
70186,0.9360555064
70208,-0.20402220600000015
70209,-0.002316863000000069
70225,-0.37332380379999996
70231,0.13099016020000037
70233,-0.1827824770000003
70235,0.02203243799999992
70237,-1.2069441769999998
70238,-0.23223374940000027
70239,0.15195651240000013
70240,-0.10974148080000017
70247,0.6194876007999998
70248,0.22216169839999989
70261,-0.018988991800000042
70285,-0.25782987479999997
70292,-0.07033776100000004
70294,0.03625194960000009
70296,0.07925868119999979
70297,-0.11749004540000012
70300,0.13702771640000008
70310,0.2740645353999998
70312,-0.01916643419999975
70314,-1.0443984418
70315,-0.5722090702
70316,0.4383715039999997
70317,-7.001695999999669e-4
70335,-1.2026826054
70337,-0.4870077679999999
70349,0.3040962150000002
70350,3.8016079272
70351,0.7317791043999998
70354,0.3080991895999999
70355,0.04784535900000009
70356,0.1732405344
70357,0.04849978920000027
70358,0.8000583500000003
70359,0.3569268106000001
70361,0.6020516762000001
70362,0.06881574060000002
70363,0.14679218199999972
70369,-0.30804605079999997
70370,0.1068440889999998
70373,-0.0017674711999999815
70375,-0.04815203620000012
70377,0.31147240279999994
70380,-0.5999447966000002
70381,-0.5678059016000001
70382,-0.6044876489999998
70383,0.0694649560000002
70385,0.03962887820000009
70387,-0.26518244440000005
70392,0.0281565466
70393,0.04580222719999991
70394,-0.06531288559999986
70396,0.2317054712000001
70397,0.3117198819999999
70405,0.17430845999999994
70408,-0.09326737900000026
70417,0.04793070339999987
70422,0.058239147199999765
70423,0.13281509759999982
70425,-1.1220288811999999
70426,0.02039238979999993
70427,-0.09263853860000015
70428,-0.5299828676
70430,-0.06256610860000009
70432,-0.4900670339999998
70433,-0.4176054842000001
70435,-0.5222656224000002
70439,0.03328136600000011
70445,0.03774555979999992
70450,-0.1480499155999997
70451,0.4188758361999998
70454,0.27218051759999995
70456,-1.0936743839999998
70461,-0.3438246190000001
70465,0.48290166560000036
70466,0.32825017199999973
70470,-0.5737654069999998
70472,-0.8551267122
70478,0.07172828419999959
70481,-0.0427085147999998
70484,0.007114042199999737
70495,0.44630615099999993
70497,-1.1142215083999996
70503,-0.053142779000000216
70508,-0.1614915882
70510,-0.9750045821999997
70527,0.21805298940000029
70530,0.09576072520000008
70533,0.11638582720000024
70536,-0.49124219359999993
70544,-0.2443784294000002
70546,-0.13629353620000018
70549,-0.11082154519999995
70551,-0.4312519214000002
70552,-0.1728636643999998
70556,0.3286755084000001
70560,-0.21584865880000006
70561,-1.3098233784000004
70567,-0.2287792896000001
70568,0.5049100928000005
70571,0.21069660659999984
70572,0.4374903650000002
70573,-0.3014472864
70574,-2.6526997137999997
70575,0.023979168599999844
70579,0.07815108779999953
70584,0.15783871740000013
70591,-0.25993393600000037
70598,-0.04064701379999995
70601,-0.22862945920000027
70603,-0.23964066440000026
70604,0.11444464960000005
70605,0.07027882639999952
70611,-0.09614360120000018
70612,0.010335799800000166
70615,0.2018931757999997
70616,-0.21374173080000017
70620,0.5928712093999998
70625,-0.06823857880000013
70640,-0.13114267139999997
70645,-0.0649416721999998
70646,-0.6932658922000001
70650,-0.14165058120000004
70652,0.030084888599999894
70661,0.2140907364000002
70673,-0.014668789999999987
70675,0.0174182956000001
70676,-0.015191866399999832
70683,0.06873606880000019
70686,2.4680367804
70699,0.2714095931999996
70701,-0.4506862318000001
70713,-0.00572229980000003
70717,0.08971357699999993
70726,-0.2793215794000002
70727,0.027418449799999946
70729,0.030476178600000025
70737,0.034923679199999925
70747,-0.46379818479999957
70750,-0.5472380365999996
70762,0.1633516907999999
70767,-0.1691289821999998
70769,0.530829965
70771,0.10767336560000018
70779,0.01515940140000005
70784,0.1081495684
70785,-0.40538936439999984
70788,-0.22836345879999992
70789,-1.6267171002000003
70790,-0.16900693639999992
70791,-0.7169686707999998
70796,-0.0011911828000002345
70797,-0.20708519879999976
70799,-0.9687794044
70802,-0.6773046122
70804,-0.022160902000000073
70807,-0.5150157237999998
70810,-0.061287507999999935
70823,-0.32995040140000037
70827,-1.3426618085999997
70829,-0.5147360529999998
70834,-0.3249658422000003
70835,-0.016465700600000056
70839,-0.3221336787999995
70840,0.037397172600000236
70843,0.0074555969999998695
70859,0.12691931520000016
70862,-0.16947608919999996
70864,0.012157704800000068
70873,0.13851574539999997
70881,0.11809723759999997
70882,-0.01690340680000002
70884,-0.12254071299999988
70885,-0.06233559919999969
70891,0.03216580060000007
70892,0.06945174539999988
70893,-0.01721719799999999
70894,-0.2345930577999999
70911,0.0789916852000001
70918,-0.07195210839999966
70925,-0.6215346807999999
70928,0.1920186256000001
70930,-0.5472620418000002
70941,-0.05179468300000005
70945,-0.24405994500000006
70967,-0.047330259200000314
70974,-0.31910674859999977
70977,-0.05078158220000004
70979,-0.14427521419999997
70984,-0.4099242012000001
70993,0.019099156399999907
70997,-0.0860009926
70998,-0.09535890559999967
70999,-0.2553988596000002
71007,-0.12695709940000005
71020,0.10113846919999983
71037,-0.0013932662000000207
71041,-0.7681894475999999
71046,0.08220103439999989
71059,-0.14704048320000015
71062,-0.04431299219999989
71063,0.1317682317999999
71069,-0.07578489820000005
71085,0.13046318180000008
71091,-0.9352517657999998
71093,-0.09847524819999975
71096,0.004700317400000031
71099,0.08717431659999982
71101,-0.47877435540000024
71103,0.2072571624
71111,-0.05628579340000019
71116,0.8796387872000002
71130,-0.13522138039999998
71131,-0.11812619539999983
71132,0.3372970570000001
71137,-0.07346349339999989
71138,0.15406144520000015
71145,0.28706475640000007
71146,0.14435891779999982
71147,0.033244602999999984
71148,-0.2520501665999994
71151,-0.0686269467999999
71156,0.07164363399999996
71164,-0.028151111600000257
71169,0.04949240460000013
71175,-0.8507447526000004
71176,0.039018539999999824
71183,0.058056684199999875
71198,-0.8740740476
71200,-0.03162943499999997
71206,0.26470509939999987
71207,-0.9354721993999998
71213,-0.09669797199999994
71223,0.23055970619999985
71228,0.040399904999999944
71233,0.2634349080000001
71240,-0.2942065661999999
71241,0.13881028100000012
71242,0.051361434599999714
71254,0.07190179199999988
71263,0.08741349460000017
71275,0.08458488340000034
71276,0.21742653159999997
71279,-0.018850076400000047
71281,0.10501536879999991
71287,-0.0024957708000000523
71300,0.1721809269999996
71302,-0.7748511806
71306,-0.3076300318000005
71310,0.05906730779999965
71313,-0.0699892152000002
71323,-0.11209991719999976
71325,0.043973459199999974
71326,-0.25308619599999993
71330,-0.4607924519999996
71336,0.1312649687999997
71340,0.0937845949999998
71345,-0.22443419039999996
71354,0.12430898799999994
71355,-0.05037103179999987
71361,0.4569883651999998
71365,-0.08592728980000004
71367,0.1202467711999999
71371,1.0493153806
71373,0.21919579179999998
71375,-1.2922548972
71382,-0.25348180980000007
71389,-1.1265867642000003
71393,0.10355675879999993
71409,4.5208830698
71421,0.2211242005999999
71435,-0.1439863326000001
71436,1.4172129821999997
71448,-0.12707559300000018
71449,0.02855238660000019
71452,-0.3228106583999999
71458,-0.28735793419999994
71461,0.08378465240000015
71472,-0.9009573303999996
71474,-0.07163533599999976
71481,-0.02285881459999999
71492,0.04627662840000015
71514,0.24178940900000007
71519,0.09813662460000003
71520,-2.0171408102
71521,-0.04748567460000004
71522,-0.11308195120000004
71529,0.12527896859999998
71532,0.5832734840000002
71538,-1.646515362
71544,-0.017369777599999737
71562,-1.3521371706000003
71564,-0.3366188473999999
71566,0.39683211859999973
71567,-0.16181445639999997
71583,-0.14236609540000006
71584,-0.014593689600000116
71586,2.0464202082
71591,-0.04470889180000022
71592,0.2250012798000002
71597,-0.05527617879999998
71599,-0.04177368739999991
71602,-0.5002828738
71607,1.2605707594000004
71609,-0.06417154919999994
71619,-0.04651807259999998
71648,-0.5048747775999999
71660,-0.10085673359999969
71665,-0.21128411239999992
71667,0.4678265775999996
71670,0.04921857099999993
71673,-0.1820886085999998
71678,-0.03746297739999989
71682,0.034374227600000216
71683,-0.6054141362
71684,0.22275656160000015
71685,0.08026698979999977
71687,0.10719302040000027
71690,0.3388580255999999
71693,-0.11487777819999997
71699,-0.15289921339999957
71701,0.29324623939999983
71702,-0.14922640879999954
71703,0.8729251708
71704,0.2169272450000003
71706,-0.9917899833999998
71707,0.04844778059999992
71709,0.029537821399999588
71710,-0.7063638007999999
71711,-0.28703012260000005
71712,2.9275763541999997
71713,-0.03480776019999965
71715,-0.40112615719999967
71718,-0.017973870800000034
71720,-0.3652853175999999
71721,0.03436882619999988
71722,-0.19270058419999908
71723,-0.2570830316
71726,-0.3983252997999999
71728,-0.85434402760000006
71729,0.2525758258
71732,-0.10872886140000002
71733,0.6211173632000001
71735,-0.42345649460000007
71738,-0.9174425398
71742,-1.767446000000561e-4
71743,-0.35612340340000015
71745,0.20273158640000002
71746,-0.10955396879999987
71750,0.004038817599999867
71752,-0.477034207
71753,-0.07145701680000016
71755,0.07239005899999995
71756,-0.9800375273999998
71760,-0.17968443660000002
71761,0.018442521599999928
71764,-0.05698745520000017
71765,0.047230232799999786
71766,0.11547789700000007
71767,-0.04553767999999998
71768,-0.21902276740000018
71769,6.085128000000495e-4
71770,0.8190599062
71772,0.12576552560000015
71773,-1.4459160966000002
71774,-0.07383069599999992
71777,-0.3049221437999998
71778,-0.12622591680000053
71780,0.3032130344000004
71781,0.27090406379999993
71782,-0.8705255170000002
71785,0.11294324820000021
71787,-0.06299544899999994
71790,0.612021107
71791,0.05699278779999979
71793,0.8412463721999996
71795,-0.8528491170000001
71797,1.295714411
71799,-0.030384015600000147
71801,0.031840716600000186
71803,0.09874664060000012
71804,0.23155925719999998
71805,0.09259186139999986
71807,-0.12240171039999978
71810,-0.2849160574000001
71816,-0.03011088139999991
71817,-0.5463601300000004
71819,-0.6864336384000002
71827,0.37562618600000014
71828,-0.0634166256000002
71829,0.2136643745999999
71830,-0.030764145400000054
71833,-0.5559595286000001
71834,-0.21669727519999996
71835,-0.2036437420000002
71836,-0.22881052799999982
71837,0.13028125899999984
71838,-0.29109388639999983
71839,-0.013913516399999892
71840,-0.1312534404000001
71843,-0.2550979754000002
71846,0.37855570380000003
71853,1.1497565371999996
71854,-0.027913171400000002
71861,-0.10952669999999998
71862,0.6066117104
71864,0.11723876959999995
71865,-0.8883038666000003
71869,0.19121361199999995
71877,-0.11719619260000007
71878,-0.16417774739999996
71881,0.5433954358000002
71883,0.20742784439999956
71884,-0.04654089500000005
71887,-0.5324713802
71888,-0.24025906900000021
71889,-0.06739709959999995
71890,0.028621797400000128
71891,-0.29750719660000013
71893,0.0815924692000003
71897,-1.0830980492
71900,-0.9022475429999997
71901,0.30021646319999995
71902,-0.05487155280000007
71904,-0.07026458519999981
71907,-0.07868636580000014
71908,0.15573159399999997
71909,-0.5829918916000001
71911,-1.4102768953999998
71912,-0.029123594399999852
71913,0.36692269359999996
71914,1.9057035588000004
71916,-0.3735958978
71918,-0.17908603959999994
71919,0.015003947800000184
71924,0.0694963210000001
71927,-0.019873272600000113
71929,-0.5208716419999998
71932,-0.051343503999999915
71934,1.6959901240000002
71939,0.3767054004
71941,-0.41933170639999984
71943,-0.3239788022000001
71946,-1.4469604497999997
71949,-0.3819053279999999
71950,-0.0037096518000000246
71951,-0.1588073706000001
71954,-0.8738210842000005
71955,0.6107379878
71956,-0.07966118699999995
71960,0.17386845620000013
71963,0.15659807319999947
71966,0.28192540779999964
71967,0.1157498146
71968,-0.2907349765999999
71971,-0.3683270374000001
71972,-0.16070938399999973
71973,-0.07902807400000071
71974,-0.2051517062000002
71978,0.023654680999999657
71981,0.25006038440000006
71982,1.8596128719999991
71983,0.35019643139999984
71984,-0.08558405159999989
71985,-0.13334175599999992
71986,0.8564911595999994
71988,-1.4656620414
71989,-0.23410769579999985
71990,-0.12468130519999984
71991,-0.3025921506000001
71994,-0.1563246526000004
71997,-0.18862142119999986
71998,-0.13300419400000046
71999,0.17690022499999997
72002,0.15849291500000023
72003,0.06916498879999988
72007,2.0935210684000003
72008,-0.24694520780000015
72014,-0.11122377100000005
72017,-0.6195090165999997
72018,-0.21621979939999997
72020,-0.07006537839999982
72022,-0.0649028962
72023,0.062229483200000144
72026,-0.09968176
72027,-0.3012480987999995
72029,-0.19936593300000016
72033,-0.29367091920000005
72039,-0.10349958180000005
72040,-0.036323220799999945
72041,-0.2125652244000003
72042,0.4224095192
72043,0.29267619320000016
72046,-0.012566656999999815
72047,-0.1048921867999999
72049,-2.1923102662000002
72053,0.07189496500000025
72054,-0.6328125329999998
72055,-0.3477743534000005
72056,0.7556871833999999
72058,-0.05940878119999997
72065,1.0687148443999999
72068,-0.6000977232
72074,-0.03802640700000008
72075,0.9124474785999996
72077,0.176284744
72080,0.03176245260000012
72082,0.1843112852
72083,0.05612315219999982
72084,0.13234980079999997
72085,0.006615727599999843
72088,-0.032815546599999836
72090,-0.17519207100000003
72094,-0.9642648232
72098,0.16092769419999958
72102,-0.1503674741999994
72103,-0.3151917795999998
72106,-0.5772889568000004
72107,-0.003583419399999954
72108,-0.20205699820000014
72112,0.11496980980000009
72113,0.03992687040000007
72114,-0.2280440153999999
72117,0.17217555100000012
72119,0.1518738400000002
72121,-0.25783700239999996
72123,-1.5101511266000003
72124,0.11274168559999946
72125,0.5206521797999999
72129,0.029394922999999906
72133,-0.3356823670000001
72135,0.07589368699999995
72136,-0.03979251699999988
72137,-0.13416230780000013
72140,-0.5722959432000003
72141,0.9127172233999999
72144,0.4633176428000002
72145,1.7579322904
72147,0.3640250326
72148,-2.0477778306000003
72149,-0.36310865660000025
72151,-0.016361531199999745
72155,0.05214487280000011
72157,0.2967500902000001
72160,-1.0636913004
72162,-0.4061461663999998
72167,-0.6179482834
72168,-0.09254754139999992
72169,0.30407493919999984
72170,0.30752869480000006
72171,-0.1405434478
72175,-0.4119436854
72179,-0.30745440560000004
72180,-0.05200831940000015
72181,0.04398861059999977
72183,0.6805261566000003
72184,0.04847179860000015
72185,0.10216433039999995
72190,0.3604673878
72193,-0.5629607718
72194,-0.3259133003999997
72195,-0.1632205702000002
72199,-0.32440616400000016
72201,0.06784942879999996
72205,0.15296777520000013
72230,-0.01573788199999999
72236,-0.18239864719999996
72238,-0.5625818177999999
72244,1.9988736282000001
72254,-0.31367390819999985
72258,0.003898124799999891
72265,-0.18560757199999928
72267,0.06990514539999992
72269,0.004413884199999707
72275,-0.1669461778000004
72278,-0.7744015642
72281,0.16567004519999973
72287,0.18727895499999986
72290,-0.0672987123999997
72293,-0.09803342419999997
72297,0.19515830659999978
72306,-0.5648340134
72307,-0.8942819529999999
72308,-0.4359251570000001
72309,-0.22465971759999945
72310,-0.031016693600000523
72313,-0.6030334053999997
72318,0.71530965400000035
72322,-0.08880247499999978
72323,0.09319778540000012
72324,0.0933552650000001
72325,-0.04421815359999996
72330,0.16750293640000002
72338,-0.10742098199999965
72341,0.07137057779999978
72344,-0.23789583779999984
72345,-0.4166288308
72349,-0.5091870213999996
72350,0.0522661256000001
72351,-0.28475819200000013
72354,-0.3498871995999998
72355,-0.3003182188000002
72357,-0.2775113077999999
72371,0.09177713679999995
72373,-0.09739709520000002
72383,-0.004481863400000207
72388,-0.2705986135999998
72391,0.27260582600000005
72392,-0.16826623079999994
72393,-0.043343039200000176
72399,-0.32489473240000033
72400,0.03074296200000006
72401,-1.0466651832
72404,-0.2170311591999999
72413,0.3711546788000003
72416,-0.3729618306000001
72425,0.14596762240000008
72429,0.26837702360000026
72431,0.26990318160000015
72432,0.17942623180000003
72433,0.37442147499999995
72434,0.02211129399999976
72446,-0.2787310348
72454,-0.0026548970000000336
72459,-0.1673293899999999
72461,-0.38042564720000005
72462,0.3160456874000003
72465,0.2884348782
72469,0.11456661159999974
72472,-0.4706555776
72475,-1.1316816229999995
72477,0.2431877397999999
72479,-0.3670775400000002
72480,-0.7122154988000002
72482,-0.2137219783999999
72500,0.12859496419999986
72502,-0.4504443838
72504,0.0439904143999998
72507,0.03293485240000003
72508,-0.0762561739999997
72514,0.07466232179999999
72515,0.0731182713999999
72522,-0.40538148999999973
72535,0.052498655800000016
72536,-0.39960122760000055
72542,-0.19888761159999985
72543,-0.1522718023999996
72549,-0.3644514678000002
72552,-0.6326385662000001
72554,0.35158280200000025
72555,-0.03247447000000001
72556,-0.6866841956
72560,0.2613846423999998
72562,-0.4648642548000005
72565,-0.0960940442
72567,-0.6780376143999998
72568,-0.5062409646
72569,0.09823903639999987
72572,0.20606150039999988
72584,-0.25279714880000004
72585,0.06693698959999991
72587,-0.6070327145999999
72590,0.38225172260000007
72599,0.4975965723999998
72605,0.2180700142000001
72607,0.08537391539999976
72611,-0.5189276819999998
72614,0.3094079884000001
72615,-0.18895826960000034
72621,0.6105610135999999
72630,-0.03410611320000001
72634,0.0712283661999999
72640,-0.01233273360000009
72649,0.10351568799999988
72654,0.1042732940000004
72656,0.26145219819999976
72661,0.20155922220000005
72662,0.44090981780000005
72667,0.10698207679999996
72668,0.1336274176
72672,0.03723997780000001
72674,-0.44951828800000015
72685,0.07678507659999986
72691,-1.3004804493999997
72692,0.8314785994000005
72693,0.2079009831999999
72699,-0.39413910339999986
72701,-0.01745002640000006
72713,0.2966729634000001
72720,-0.24576020820000002
72722,0.11196304000000001
72723,-0.3370753792
72726,-0.22517636280000025
72727,-0.14254926039999988
72729,-0.5323990371999994
72736,-0.5094450257999998
72739,-0.3935424313999999
72745,0.2620388024000002
72747,1.4353962943999998
72748,-0.2283428471999999
72749,-0.25977256020000006
72750,-0.6210591394000003
72754,0.2558919831999999
72759,-0.11812540939999998
72772,-0.09167323819999992
72774,-0.8152093841999999
72775,-0.17734960020000018
72776,-0.041450109000000165
72778,-0.1074858493999999
72780,-0.038025486800000154
72787,0.05245202179999993
72789,0.039588083400000154
72792,0.015206330999999906
72795,-0.03183908120000023
72805,-0.37523696399999995
72821,-0.10858906160000004
72823,-0.06070728219999992
72825,-0.1573978583999999
72826,-1.0240515438000002
72828,0.10749033499999996
72831,-0.5280574946000002
72832,0.34149576680000016
72843,0.007790253400000146
72844,0.3864222560000002
72852,-1.0390330768000005
72881,-0.24479943120000006
72895,0.01736045240000017
72898,-0.21042333220000006
72899,0.43575038720000003
72900,0.07106431860000022
72902,0.024227338600000082
72927,-0.06658140820000016
72930,0.39713308980000017
72931,-0.1397914197999995
72935,-0.19626270099999985
72946,-0.2064939619999997
72947,-0.32156738959999986
72948,-1.1610237192000001
72949,-0.18606932240000001
72960,0.19126441859999996
72961,0.011348737799999852
72962,0.1680112271999999
72972,-0.45239121819999983
72978,-0.08422721400000004
72982,-0.12254917300000016
72993,-0.31328669019999983
72999,-0.03691556460000012
73010,0.17379370140000008
73024,0.3646079244000003
73032,-0.23599771220000001
73046,-1.1270060519999998
73047,0.28740134700000014
73062,-0.25020978299999985
73067,-0.1472614384
73068,0.5321068259999997
73075,-0.1256411934
73078,0.1001013870000003
73086,-1.2278211650000002
73090,0.12202729540000012
73094,-0.07499626599999978
73095,-0.024673501400000575
73102,-0.353409744
73103,-0.17677910799999985
73112,0.6383350692
73122,-0.3942738364
73124,0.26818996240000015
73130,1.1883268962000002
73132,-0.17694738519999972
73137,-0.043905326600000016
73139,-1.0094674184
73158,0.7492642616000003
73162,-0.03838610259999999
73166,-0.1085017682000002
73172,-0.6065998385999999
73173,-0.5617157396
73174,0.6489025574000001
73178,-0.2642020965999999
73181,0.024079100400000008
73182,-0.09445889380000008
73191,-0.06232298019999973
73192,0.11141732699999984
73212,0.3918034050000001
73225,-0.5741675251999997
73230,0.2654668444
73242,0.5003483024
73246,-0.11992464960000007
73247,-0.3503143864
73251,-0.2423564360000002
73254,-0.22682499419999996
73259,0.12817908940000003
73261,-0.04275309039999975
73274,-0.9756913279999999
73284,0.3985988438
73293,0.01139922120000012
73296,-0.08555433999999984
73301,-0.007137818800000062
73314,0.12213200860000004
73316,0.10114780679999988
73324,0.03151073900000005
73327,-0.284653958
73332,0.14369513700000028
73333,-0.06325778819999997
73338,0.2341271614
73340,0.14153404120000007
73341,-0.8120070297999998
73344,-0.07540937100000003
73353,-0.08069420539999994
73360,-0.10102757320000003
73368,-0.038943563599999995
73373,-0.1544603023999997
73379,1.5479138856
73388,0.15276636920000009
73389,0.05360473060000075
73398,0.1001898648
73412,0.21236175680000002
73420,-0.06361768080000019
73435,0.22541131599999992
73442,0.010124707000000122
73447,-0.5187608370000003
73453,-0.2340676686
73456,-0.09430307640000005
73466,-0.036652796000000085
73467,-1.048903186
73469,-0.560861049
73470,-0.007877276400000088
73472,-0.21121501499999998
73473,0.15379929920000013
73490,-0.040458653599999825
73503,0.36768381860000005
73523,-0.3032238565999997
73569,0.4812398653999999
73582,-0.5135442100000003
73598,0.04710117899999968
73647,0.22464185419999988
73649,-0.157661871
73658,0.06193883120000017
73660,0.013526890799999868
73666,-0.22646605320000007
73667,0.04723827239999974
73668,-0.29058569720000005
73671,-0.11020072260000005
73674,0.16523811640000013
73677,0.06904583879999997
73680,-0.18529058399999981
73681,-0.20997312579999985
73683,-1.0345138304000003
73689,-0.05524727459999941
73690,-0.8793560563999996
73693,-0.04626094339999991
73694,0.42506816040000006
73699,-0.28159203219999984
73703,-0.32791239160000013
73710,-0.29491512619999993
73711,0.028626268000001075
73713,0.11866924180000034
73720,-0.13200998119999988
73723,0.08769378799999998
73724,-0.7030794775999999
73728,0.10447774320000018
73729,-0.6300563641999999
73736,0.24091470019999975
73738,-0.28229757100000014
73739,-0.14900832740000033
73744,-0.7973660105999997
73748,0.014421753199999898
73750,0.08904762220000002
73754,0.08844357979999966
73804,0.2358891080000003
73808,-0.05381330139999987
73809,0.03406713899999998
73813,-0.23515140399999943
73822,-0.1483527952000001
73825,0.3736240525999994
73826,0.1612677355999999
73828,-0.2122546152
73830,-0.56159921
73833,-0.2063164993999999
73834,0.16204641440000067
73835,0.6655314796
73836,-0.16537664559999996
73844,-0.01515300419999992
73845,-0.11751571079999996
73847,0.2090178577999998
73852,-0.41634062419999973
73873,-0.07009475180000013
73884,0.12666965979999995
73893,-0.21565535879999995
73902,0.2587105671999998
73910,-0.3592751237999998
73914,2.781632948
73916,0.5860480356
73919,0.4600362588000001
73936,-0.051338773600000207
73940,-0.05285587980000024
73942,-0.032257088600000296
73945,-0.31044751800000014
73991,-0.2220163627999999
73998,-0.9118305220000004
74002,-0.10641722459999992
74004,0.3674068486000001
74006,0.037303702600000224
74008,0.6013588499999999
74011,0.04314370579999984
74012,-0.006645126200000106
74013,-0.11181524459999999
74015,-0.7627903194
74016,-0.0014078857999997752
74018,0.13067922880000005
74019,-0.5209642541999999
74020,0.2905137188000003
74022,0.19439061200000013
74023,0.04484974300000015
74025,-0.02647590640000006
74026,0.10181843779999973
74030,0.6725167492
74032,-0.40084790140000043
74035,-0.09717931879999994
74039,0.633885659
74043,-0.5124797804
74044,-0.6598251683999997
74051,0.3016154162000003
74052,-0.07489967480000033
74053,-0.25262497400000006
74055,0.15138102060000005
74068,0.25622614180000003
74075,0.04083301119999998
74080,-0.15501538860000003
74081,-0.04054725420000018
74087,0.20853381660000014
74090,0.09768977400000019
74091,0.3075224691999999
74094,0.0745972339999998
74096,-2.3028497660000005
74097,0.2211078424000002
74100,0.24196672759999985
74102,0.5166056105999995
74104,-0.49990472080000004
74105,-2.2672651144
74106,-1.7264350434
74107,0.35267436359999993
74108,-0.6660867822000002
74111,0.23907183799999973
74112,-0.04820938079999983
74114,-1.1004132967999998
74116,0.5863981315999999
74117,0.5829419479999999
74120,0.24118849520000013
74121,-0.07291822660000005
74122,0.19764860220000013
74123,-0.1741703020000001
74125,-0.5627055456000004
74126,-0.3468824
74127,-0.46009200720000026
74129,-0.4348399034
74131,-0.9856574055999996
74132,0.22312626140000003
74133,0.13399303960000014
74134,-0.5792914755999996
74136,0.2082009138000002
74137,0.025218686399999867
74140,-0.11120940080000033
74142,-0.11679904479999995
74143,-0.4058458211999998
74144,0.11428431639999985
74145,0.5183418600000007
74147,-1.3444566364
74148,0.21907469479999958
74150,0.5574455158000001
74153,-0.3328340062000006
74154,-0.8049013986
74155,0.10711339959999985
74156,-0.016690874000000022
74157,0.5168191804000003
74159,-0.6524575763999998
74164,-0.5589222558000001
74166,-0.12588688060000006
74167,-0.051606639000000065
74168,0.022614259200000042
74174,0.4580673559999999
74175,0.34337473519999995
74176,0.05884571120000004
74178,0.3560563668
74182,-0.8094887140000004
74185,0.12929475020000006
74186,0.22910031320000002
74187,-0.037661695400000104
74189,-0.14499735339999997
74190,0.4802635188
74191,1.8729551356
74192,-1.2158260882
74194,1.0731533118
74195,-0.4991704788
74196,-0.09433188559999976
74197,-0.4238364738000001
74198,0.5325885476
74199,0.029189620799999805
74201,-0.1530322946
74202,0.10842599779999987
74203,0.020279524799999928
74204,0.06884932740000008
74205,-0.5671641139999999
74206,0.17311421880000016
74211,0.006518334999999808
74213,-0.11142406820000002
74218,0.09847837960000003
74229,-0.17288682620000007
74237,-0.20402991959999978
74239,-0.18295760919999998
74241,0.08882968780000003
74243,0.036277053199999895
74244,0.08082672880000033
74245,0.9088715398
74246,0.4894024994
74249,0.004210754199999833
74251,-0.05475524799999985
74252,-0.41545226399999996
74253,0.0517839473999997
74254,-0.09097476779999987
74255,0.09982163459999996
74256,-0.1775290361999998
74257,-0.25186371479999997
74267,0.020530217600000178
74268,-0.17561392739999987
74270,-0.5810137054
74276,0.09531499059999984
74277,0.05467705779999967
74281,-0.09252311299999993
74286,0.06269557959999998
74287,0.08113583820000017
74288,-0.23179637239999984
74302,-1.042638098
74306,-0.15673217859999972
74309,0.20194502879999998
74315,-0.8722990375999998
74316,0.1031400291999999
74318,-0.08073085440000013
74319,-0.8888801326000003
74322,-0.3690887037999994
74325,0.44483381860000026
74326,-0.3064888753999998
74330,0.41129049759999975
74334,-1.8629854444000002
74335,0.040473607400000056
74338,-0.163655625
74340,0.14121292260000012
74342,-0.051523553
74343,0.08627165119999987
74351,-0.38618065840000015
74352,-0.5675258114
74354,0.28118773059999996
74355,-0.09766246840000044
74359,-0.016001559599999916
74360,-0.6375574295999998
74362,0.05402621500000002
74365,0.5979598260000001
74369,0.1600911196000002
74370,-0.1425841072000001
74374,-0.13413324660000026
74375,0.3397763105999999
74376,0.05736924640000005
74377,0.25308379920000024
74383,-0.028441116599999816
74385,-0.5797594760000001
74386,-0.46169992939999993
74388,-0.035617444599999895
74392,-0.48061804099999994
74393,-0.17159175759999998
74405,0.11494625800000051
74410,-0.26343744099999994
74412,-0.4744863224000001
74413,0.08695999979999999
74414,0.05474033179999989
74419,0.12890916339999983
74424,-0.13197607679999984
74427,-0.3074081082000001
74434,0.14940510479999994
74435,0.07657837099999991
74438,0.07406151699999981
74440,0.3164544522
74442,3.8041251266
74443,-0.11028212639999993
74446,0.15483427119999985
74448,-0.08695778440000002
74450,0.06266719199999997
74451,0.7353313566
74455,0.011106900400000086
74463,0.06402379519999987
74464,3.9823419999995835e-4
74467,-0.11898328880000034
74468,-0.014684900000000046
74469,-0.08198336040000029
74470,-0.4937926213999999
74477,-0.200648404
74479,-0.040741735399999965
74480,-0.9562185094000002
74481,1.973375295
74485,0.049095684999999986
74486,0.09747265259999996
74488,0.13148270939999981
74490,0.23845062180000004
74492,0.28267789359999984
74493,-0.41276740320000016
74498,0.04768333440000028
74499,-0.2671024491999997
74504,-0.4232101042
74511,0.21146953800000023
74513,0.15875686180000023
74521,0.016317459799999944
74522,-0.06488533759999981
74528,0.05764078859999984
74533,-0.09146370399999988
74549,-0.011300609399999929
74551,-1.4635111213999994
74552,-0.4752193602000002
74559,-0.2086427384000004
74563,-0.03520783400000003
74568,2.6736996738
74569,-0.1753259002
74570,-0.3995191252
74571,0.16475057260000003
74577,-0.03609414799999992
74580,0.2210974108000002
74585,-0.11971913579999942
74589,0.004570177000000175
74591,0.0998653412000003
74596,0.011670259599999788
74600,0.27869480299999994
74610,0.15682604380000012
74614,0.46298840880000025
74616,-0.026112499199999917
74617,0.6296417285999999
74626,-0.20976575420000038
74637,-0.3485067326000001
74646,0.08624446000000016
74648,-0.9453260731999997
74649,0.14107729400000002
74653,-0.4737613920000001
74675,0.27353536300000003
74682,0.04484684299999984
74691,0.15760528879999997
74694,0.21908366339999982
74711,0.09440218740000006
74716,-0.05506538180000007
74717,0.07409050519999986
74718,0.14082831800000015
74732,0.08454980119999966
74734,-0.5300440211999996
74735,-0.21126153420000016
74737,0.028893583599999672
74741,-0.3835370833999999
74747,0.22468588640000017
74748,2.958688068
74754,-0.34786636940000015
74760,-0.6954858024
74761,0.010902286800000027
74762,-0.3123638864
74763,-0.12038962999999984
74764,-0.022054108200000044
74766,-0.14489950139999977
74769,0.19022057520000005
74770,0.007738560399999805
74772,-0.24405621820000006
74775,-0.23513043299999978
74776,-0.6027409518000001
74778,0.006444010799999944
74781,-0.5315873569999999
74782,-0.1988600682000003
74838,0.22516936700000034
74840,1.8107899571999995
74841,-0.23191875379999977
74843,-0.2376933384000001
74868,-0.4793785904000002
74890,-0.11761031740000032
74895,-0.41286186859999996
74901,-1.1833740868
74914,-0.16624187099999999
74915,0.18080333819999977
74919,0.5286872356000002
74996,0.22471158440000014
74998,-0.9898263732
75019,0.02395346319999998
75029,0.04248402039999988
75050,0.02533466079999993
75062,0.03810854279999987
75079,-0.2554665232000003
75083,0.2010493787999998
75087,0.24143327139999995
75099,-0.26765657540000004
75104,0.07428081979999987
75122,0.34698493279999987
75124,0.11708398860000013
75137,-0.17451538399999986
75141,0.20210964779999988
75172,0.11736577579999992
75173,-0.18735278300000022
75178,-0.10262961219999997
75196,-0.024241946800000046
75209,0.03968501620000016
75210,-0.30743188779999964
75212,0.013705575799999892
75216,-0.2954689462000001
75219,0.13279949360000015
75221,0.21959098799999968
75234,0.766729522
75266,0.030209754399999865
75273,0.07976332619999997
75276,0.10040447739999996
75284,-0.10199031399999985
75288,0.18868748820000025
75291,-0.01591940800000007
75292,0.588600679
75302,-0.4362490768000001
75311,0.01232627880000008
75316,0.4030110102
75317,0.12915189740000005
75320,-0.4157341404000004
75329,-0.04423136999999997
75338,0.17596723700000005
75339,-0.4101226359999998
75345,0.0562483226000003
75368,0.1596996425999997
75387,-0.18525740279999994
75388,0.013549930599999982
75396,-0.4842669266
75398,-0.9240752442000002
75400,0.04693359279999996
75404,-0.0017705487999998936
75406,-0.1241845277999996
75409,0.16355246820000016
75415,-0.9936935854
75416,0.0882615372
75420,-0.20519057379999986
75422,-0.2019700468
75423,-0.1796244036000001
75425,-0.30995552080000016
75426,-0.0851259056
75430,0.05655221840000024
75452,-0.1122744115999998
75454,-0.5092323898000004
75456,0.044837138199999946
75458,0.4234729757999993
75459,-0.05907596819999981
75465,-0.035455540999999965
75469,-0.06682423519999992
75470,-0.10770130300000025
75475,-0.006685910399999884
75477,-0.05472969300000017
75480,0.1208961817999997
75482,-0.11790549379999984
75495,-0.028765413400000207
75497,-0.042263339800000035
75502,0.20133004520000028
75507,-0.1985730104
75510,-0.008035678199999906
75512,0.24665860280000002
75516,-0.0865525393999997
75526,0.05513985840000011
75528,0.22236196779999995
75530,-0.12723080939999995
75533,-0.01870690359999987
75540,-0.09189991360000001
75547,-0.6491504650000003
75552,-1.1147871973999997
75553,-0.7958327906000002
75560,-0.4070904981999998
75563,-0.12259712039999986
75564,0.06084806039999968
75568,-0.02802528320000004
75570,-0.060675511599999864
75571,0.11060681219999999
75572,-0.16729524000000034
75578,0.028915713399999987
75580,-1.5123169681999997
75581,0.03961021319999993
75590,-0.27461938539999997
75593,-0.15474815479999968
75597,-0.04474841240000007
75599,-0.13706721959999993
75600,-1.2419650104000002
75604,-0.07203197559999967
75605,-0.13617800240000016
75608,0.6593371500000004
75612,0.5974969221999998
75613,-0.3237948458
75616,0.37670802600000003
75617,-0.028852128000000123
75619,0.09915589239999978
75620,-0.40149409960000015
75622,-0.05636784499999994
75623,-0.43022766120000033
75624,0.01093492960000031
75625,0.006637287599999997
75627,0.09976278579999995
75642,0.0251080022
75645,-0.004661307800000003
75646,2.016282248
75647,-0.04158004680000005
75656,0.07448381759999964
75659,-0.10306965580000024
75660,-0.46154683300000005
75667,0.030901262000000075
75668,-0.3231994932000002
75669,-0.7849668854
75671,-0.20383367980000006
75677,-0.16665939940000013
75678,-0.05491266360000004
75686,-0.32329249939999977
75689,-0.04375658279999985
75690,0.009184242399999931
75692,-0.04262511719999988
75695,0.2983672182000001
75697,-0.020068044799999997
75705,-0.4212830975999996
75706,0.14179002539999974
75710,0.002140044600000124
75712,-0.6072407465999999
75717,-0.7648176470000001
75723,0.21567974179999966
75725,-0.5965925071999999
75729,0.17650093279999995
75731,0.2918031572000004
75734,-0.7565492159999998
75735,-1.276136292
75736,-0.24241796680000008
75739,0.20807808380000026
75744,-0.49393768720000003
75746,-0.14264538599999987
75747,-1.6040281425999996
75750,1.1314670712
75751,0.17610542859999984
75753,-0.06192266600000007
75758,-0.014976341600000253
75763,-0.8250308437999999
75766,0.6079329398000001
75767,1.684585974
75770,0.2765066283999998
75772,0.040784676199999835
75773,-0.09866402300000007
75777,-0.21283661479999996
75778,-0.11478312440000007
75782,-0.36447319319999993
75785,0.5169018506
75786,0.08268208460000004
75788,-0.3044670620000002
75796,-0.17493402420000007
75801,0.06717051959999995
75805,-0.14956738460000008
75812,0.35129485359999996
75820,0.15777390039999997
75823,0.35089610580000025
75826,-0.17919120920000003
75828,-0.23382439240000003
75841,-0.26615938480000023
75860,0.22113068120000018
75863,-0.7174726025999997
75869,0.11685087460000006
75871,-0.053639693000000224
75894,-0.1462645445999998
75901,-0.18224871199999998
75906,0.07058746039999982
75909,1.5002635803999997
75914,0.06495040599999999
75939,-0.3075361305999998
75953,-0.008306309000000133
75956,-0.6899400569999994
75964,0.1586973396000005
75965,-0.21198687419999995
75974,-0.627820939
75985,-1.1616474393999998
75986,-0.2827841113999998
75991,-0.26660100040000073
76007,-0.4298841452000007
76014,-0.06175995000000008
76022,-0.46733296059999974
76025,-0.027520415800000107
76041,-0.1518694798000002
76044,0.1418276045999999
76051,-0.32257389960000005
76071,-1.8365754748000005
76072,0.3299940138000001
76073,0.8781355948000004
76080,-0.6886177417999999
76088,-0.8866023470000002
76089,0.6707845365999997
76108,0.41459192300000075
76113,0.10825202959999984
76117,-0.7548588683999998
76123,-0.38113543219999996
76130,-0.2559212216000001
76131,0.5259052982
76132,-0.03885229060000004
76137,-0.21805187079999938
76138,0.1337734789999998
76142,0.1454895694000001
76156,0.02611524200000037
76157,0.1714062536
76161,0.15221996999999982
76167,0.40942102459999996
76178,-0.1823095539999997
76179,-0.0016119143999999252
76183,0.09544148859999994
76184,0.008199608400000002
76187,-0.16187999879999976
76192,-0.5567617148
76199,-0.23200882900000047
76205,0.5271256272000008
76217,0.17484971819999987
76223,0.21874235220000013
76233,-0.21538551080000037
76238,-0.46801830660000016
76246,-0.40665258360000023
76251,-0.09166131159999988
76252,0.03184744099999985
76260,-0.1820110960000001
76261,0.20672279299999996
76263,-1.0070830806000002
76265,-0.1291333589999999
76267,0.18422860739999986
76273,0.12269997640000022
76281,0.24358211140000066
76282,-0.35801662139999985
76293,0.15795499179999997
76294,0.5153792432000001
76295,0.06667949319999984
76299,0.5341182852000002
76302,-0.24949317180000036
76303,0.05272852940000021
76306,0.12484751840000011
76308,0.09330481959999978
76332,-0.013627376599999685
76338,-0.9591751648000002
76355,0.05330081580000012
76357,0.09078224559999999
76365,0.06878442579999984
76366,-0.21304942980000002
76375,-0.39452669899999987
76376,0.2234844065999999
76378,0.015678997399999874
76380,0.16049845919999992
76405,-1.2734000000023116e-4
76407,0.1266762998000001
76408,-0.6166011398
76411,0.4212618148000001
76425,-0.2404198908000005
76426,0.13880344519999993
76429,-0.41793691379999987
76438,-0.6871876069999997
76441,-0.2352520792
76444,0.04919561920000017
76448,0.2717471007999997
76453,0.010959595800000077
76454,0.026045368599999997
76457,0.3216261453999998
76459,0.05197274839999988
76467,-0.3646990411999999
76469,0.23180215959999978
76477,-0.29979357139999985
76478,-0.03880660239999987
76479,0.05441395699999987
76483,-0.026149132799999995
76484,0.20133960219999986
76485,0.1248867753999999
76487,0.13414441980000022
76491,-0.8592770303999998
76497,0.5558272324000001
76498,0.3509185536
76499,-0.2663667438000001
76500,-0.12050387199999993
76501,-0.23354366779999988
76507,0.3493857066
76510,-0.2747793628000002
76524,-0.36569277400000005
76527,-0.13210639579999964
76547,-0.2100578669999999
76551,-0.4345721762
76559,-0.3626526088000002
76560,-0.14002221499999995
76561,0.606057788
76563,-0.8902828476000002
76568,-0.38552848599999995
76571,0.11781431700000011
76572,-0.056061982400000154
76573,0.16258182619999992
76574,0.03755647659999983
76577,-0.186922811
76580,-0.44639345080000015
76582,-0.28769964660000047
76589,-0.8454293525999997
76594,-0.28952375639999983
76608,-0.4064805628
76612,0.23114443899999984
76614,0.14154481239999991
76615,0.06426609540000036
76626,-0.9957752801999996
76630,-0.2286412890000001
76640,0.15276873620000017
76645,0.05481771420000019
76646,-0.2572765148
76650,-0.32025601820000027
76652,0.27842531039999996
76654,0.08094461140000009
76668,0.16114710399999996
76686,-0.1476554413999999
76687,0.44868321660000027
76688,-0.27356498340000035
76701,0.22715905559999977
76703,-0.13702880999999997
76707,0.04962048519999964
76709,0.4796563280000001
76719,-0.4445039410000005
76722,0.6791874574000001
76737,1.8090780953999999
76740,-0.39124768119999975
76742,0.007677921199999993
76747,-2.4586243508
76757,0.4318771434000002
76763,1.1777008786
76768,0.3129720462000002
76775,-0.5569579638000001
76779,-0.367810446
76781,0.12036230820000018
76784,-0.2724490608000002
76786,-0.07797732719999981
76787,0.060910279199999987
76788,0.17168679819999966
76789,-0.6749899878000001
76793,-0.06415482000000008
76795,0.13767904520000016
76799,-0.6048678155999998
76800,-0.02745423380000034
76804,-0.25920631659999993
76808,-0.40772557800000053
76809,-0.44167753379999974
76813,0.08162398320000008
76816,-0.4524721626
76824,-0.17720259840000024
76826,0.007887412200000022
76829,-0.3564130942000001
76832,-0.47451210879999994
76843,0.18511052240000012
76846,-0.22170977999999977
76850,-0.3364556912000003
76854,-0.043198904800000194
76856,0.022128227199999982
76857,0.15247386279999997
76858,0.04974022399999996
76863,0.5309287994000002
76866,-0.09452442640000011
76867,0.07205763520000001
76872,0.1639427824000002
76877,-0.011790616199999705
76884,-0.31760127040000014
76886,0.02111005499999994
76890,-1.0905221160000003
76892,0.1369680872
76893,0.6987100218000004
76894,-1.2267546006
76895,-0.51030749
76897,-0.052179143200000055
76898,0.196588766
76899,-0.1418587699999998
76900,-0.02792275479999997
76905,3.6340267807999997
76915,-0.043671413600000084
76916,0.26941488539999997
76917,-0.04070086460000013
76920,0.12907245759999997
76927,-0.568582639
76932,0.1509058574000001
76933,0.20808165060000086
76936,0.10096194420000035
76938,0.06167484960000032
76942,0.18989635420000006
76943,0.09026160479999987
76947,0.05349220280000004
76952,0.6208273500000001
76959,-0.20185828000000008
76960,0.18455301940000018
76964,-0.0717333314000003
76965,-0.10403162139999997
76967,-0.2470147601999999
76969,-0.048859948199999795
76980,-0.19918156339999998
76983,0.7543177260000004
76987,0.1567045035999998
77006,-0.6325050661999997
77011,-0.0011666564000000434
77015,-0.043909480599999905
77018,0.10785456940000007
77031,0.07070078360000007
77034,0.13938315120000003
77035,-0.07895414199999991
77037,0.29091492080000003
77038,-0.004383078000000396
77040,0.014402391399999992
77041,-0.5720845049999997
77042,-0.01931836659999977
77044,-0.6966779882000005
77045,0.05171783820000027
77053,-0.1661928826000004
77055,0.018822427800000163
77056,-0.03970259519999999
77057,0.05772407380000004
77065,-0.7874832076
77087,-0.5843662683999998
77090,-0.0876659582000002
77097,-0.08147547299999988
77106,0.5062944586
77110,-0.6359002131999999
77113,1.3973251560000004
77116,0.1236271812
77125,0.7257609979999999
77128,-1.1134037446
77134,-0.16482693580000002
77219,-0.24630614379999988
77220,0.06393871020000005
77254,0.45717161240000015
77264,-0.00253687059999983
77286,-0.05353374359999989
77296,-0.08179290159999972
77300,0.20614996400000027
77305,-0.060373385600000516
77318,-0.26430285100000006
77371,0.23260812600000005
77407,0.4495529243999995
77411,-0.10860745519999995
77422,-0.07581288880000017
77446,-0.3545609989999998
77462,-0.10725532420000032
77480,-0.20171773060000006
77485,0.026791396600000007
77519,-0.5686910966
77521,0.18758650119999984
77522,0.328424296
77531,0.1725300356
77552,0.052621047400000266
77559,-0.02736424779999993
77569,0.021798474799999745
77573,0.04328762280000013
77577,-0.41425536960000003
77578,-0.44189872599999996
77579,-0.20136516199999993
77582,1.1424918359999996
77583,-0.11639695799999998
77590,-0.4982114108000005
77591,-0.23920690960000002
77593,-1.3623942194
77595,-0.0872579494
77613,-0.03671228939999995
77619,0.9565826072
77622,-0.004479276399999854
77626,0.2753501974000002
77627,0.022140561800000035
77629,-0.010859777600000165
77630,-0.042831936000000057
77634,0.0951746200000004
77644,-0.00964725000000044
77647,-1.0481746859999999
77683,-0.6710934038000002
77697,0.04963025699999992
77701,0.13451987019999995
77704,-0.11633889960000018
77721,-0.09690169679999983
77727,-0.0699224857999999
77733,-0.34710404720000004
77739,-0.23384308839999993
77744,-0.1250162822000002
77766,0.07275108060000016
77767,0.2762482222000003
77771,0.2235035970000001
77772,0.06283483560000036
77777,0.16467574819999992
77781,-0.9857156570000001
77782,-0.07714654400000018
77794,0.13066771240000002
77799,-0.32486497799999975
77805,-0.47671082800000003
77809,0.04969255739999987
77827,-0.3087629326
77832,-0.36339494000000006
77836,0.14111636359999985
77853,-0.19807008619999955
77862,0.9343977349999999
77864,-0.34814929099999964
77877,-0.5105328824
77889,-0.5032794132000001
77891,-0.8281547679999999
77914,0.017731551799999856
77929,0.19554593640000012
77938,-1.0010649598
77945,-0.4094348495999999
77951,0.5893666082000001
77963,-1.1644036498
77974,1.8415225398000001
77975,0.56852722
77976,-0.15257554399999992
77980,-0.5373774025999998
77987,0.47817068680000024
78004,0.9470957677999999
78016,0.053779167400000105
78038,-0.9620362668
78052,0.1491332715999997
78070,0.19815735719999986
78076,-0.12164972019999994
78081,-0.09758155139999988
78088,-0.07138346599999998
78100,0.5122923576
78118,0.07884086260000008
78134,0.4056639104000004
78177,-0.13580255580000006
78178,-0.06595584920000022
78232,-0.03868860779999998
78239,0.034647625800000095
78240,-0.0637955928000001
78244,0.2677148086000001
78245,-0.031448236800000015
78246,0.5049526590000003
78248,-0.3808857428000003
78250,0.1238571942
78251,-0.2029296188000001
78252,-1.9734884330000002
78255,-1.9089394852000001
78258,0.04946422260000007
78266,-0.03654236399999995
78267,-0.06323564900000003
78283,-0.18789534160000027
78284,0.19377869479999993
78286,-0.17966030780000003
78294,0.07849395399999999
78304,-0.27517377579999935
78308,0.14777821419999954
78309,-0.10990387080000001
78317,1.8526296491999998
78321,-0.022425251599999817
78323,-0.41470584459999993
78330,-0.06655878899999976
78334,-1.2359039414000001
78339,-0.3680309776
78369,-0.7173675084
78372,-1.6123134880000003
78373,0.2663606115999997
78376,0.07109420019999994
78388,1.5806513519999996
78390,0.3203138216000001
78394,-0.2588872314
78405,0.1270479663999998
78408,0.053582369800000154
78416,-1.3753228786
78444,0.17398738619999995
78455,-0.22044709240000024
78469,0.2785141782
78473,-1.1753975654
78506,-0.13504460220000009
78514,-0.3625781816
78521,-0.3210353718
78523,-0.06566892080000013
78541,-0.02485686239999989
78558,0.2165032668000002
78581,-0.11069205019999995
78586,-0.19003890079999994
78593,-0.032106323599999875
78600,-0.20112876240000013
78610,-0.8160429916
78618,0.4422718351999995
78619,0.14381320800000016
78629,-0.18703037659999994
78634,-0.049250270800000086
78651,-0.3455737362000001
78653,-0.6282533300000004
78656,-0.2235508735999998
78658,-0.7735627194000001
78668,-0.9077187266
78670,-0.3113581094000001
78688,-0.29900825139999976
78689,0.2409891531999996
78697,0.27472735319999997
78709,0.05487691720000001
78733,0.035653488799999876
78749,-0.3118579673999994
78751,-0.12921649299999985
78752,0.028295413199999685
78753,0.13068610839999995
78754,0.21628094579999999
78757,-0.3951759620000006
78767,-0.090135948
78771,-0.20286616299999985
78772,0.023157638800000057
78779,-0.2086344200000001
78781,0.022235587000000123
78783,0.3579035288
78784,0.16427885300000025
78785,0.12171091060000024
78787,0.3519876483999999
78795,0.021174133799999773
78796,-0.46287454199999994
78797,-0.5156204509999996
78798,-0.7746587845999999
78801,0.0220805529999998
78803,0.08000811819999995
78806,-0.04013737080000013
78808,0.09161420859999989
78809,0.08674526400000034
78816,-0.39083375359999994
78825,-0.08744601399999982
78826,-0.8673831887999996
78830,0.5428640759999995
78832,0.049456139599999636
78833,-0.3078731502
78834,0.10850240899999974
78887,-0.11826065479999989
78889,1.0628948135999996
78890,0.10008789220000018
78891,0.14159669700000013
78892,4.4885581162
78893,-0.3806597210000001
78894,0.09376997979999988
78895,0.380003243
78903,-0.4535483029999998
78906,-0.029602711599999765
78908,-0.15458368300000008
78910,0.1503408972
78911,-0.016457548599999948
78912,-0.43285498339999984
78913,-0.4791738224000001
78914,-0.25821006860000006
78919,-0.003566861199999849
78920,0.3570568505999997
78921,-0.3467162659999998
78923,0.019967289600000004
78925,0.03623445000000007
78926,-0.37375503200000004
78928,-0.20137246300000006
78929,-0.16457715440000004
78933,0.09779894579999997
78935,-0.09323356319999991
78937,-0.30662009160000014
78938,-0.01846548220000006
78943,0.05822463340000006
78977,-0.0028178070000000944
79043,-0.7787813597999996
79044,-0.6978215691
79059,-1.3543635589999998
79196,-0.8313330658
79233,0.09633648199999989
79235,0.2562832463999998
79263,-0.3639018966
79264,-0.16121767179999988
79362,-0.028284700600000257
79401,-0.07958081200000011
79455,-0.2172713655999999
79456,-0.06915921180000026
79464,-0.06664164560000004
79555,-0.37024631799999985
79560,-0.24821366159999983
79566,-0.10187336580000003
80280,-0.21109364399999997
80281,1.523419298
80283,-0.17433433780000024
80284,-0.07959817819999984
80285,1.3663619355999999
80286,-0.5041542732
80287,0.2308393947999999
80288,-0.47299583320000044
80289,0.7812634907999998
80290,0.20074031100000003
80291,1.3372075635999994
80292,-0.31135727719999995
80294,0.9267493204000002
80297,-0.028726042199999746
80334,0.05625287520000022
80385,-0.3600098116000002
80509,0.5961884314000002
80517,-0.08200664000000053
80707,0.2597065879999999
80708,-0.1700466429999997
80718,-0.3132910117999998
80719,1.9208694957999999
80720,-0.09688532639999999
80732,0.05286495400000017
80743,-0.4108695831999999
80744,0.17376809059999995
80748,-0.2803957620000002
80749,-0.04721611519999982
80750,2.214828145
80751,0.9088245783999996
80752,1.5334673928000002
80794,0.10101727440000001
80796,0.03412419799999995
80837,-0.33200723420000033
80857,0.08869220319999993
80859,3.0537373046000003
80860,0.4149667194000001
80861,1.3441034263999998
80877,-1.0169273242
80879,1.7741782646000002
80880,-0.11975757079999996
80883,-0.041920629400000034
80884,-0.2362524738000001
80886,0.08215285800000025
80888,-0.05980380320000016
80890,0.03936439779999965
80892,0.22278972340000003
80893,-0.028110223800000257
80898,0.9480649188000001
80901,-0.9219029707999999
80902,0.0738165768
80904,-0.4205280823999997
80905,-0.22268146279999995
80907,-0.5963334024
80908,0.17814370340000005
80910,4.909800421599999
80911,-0.10114685300000019
80912,-0.7416289738000001
80913,-0.32769558
80914,1.1827085463999998
80915,-0.10311568880000017
80976,-0.2752115805999999
80979,0.08291109360000011
80981,-0.358547343
80985,-0.4888105520000002
80986,0.01569314519999985
80987,-0.3458364305999998
81000,-0.031541770000000115
81003,-1.4450537136000001
81004,-0.06852977179999975
81006,0.015770049200000004
81018,-0.12006383599999992
81489,-0.10058248019999994
81500,-0.05245799240000011
81535,-0.6249987363999997
81601,0.20800850539999996
81630,0.07707454320000036
81701,0.11811685420000036
81702,-0.10037690459999986
81703,2.5992491760000007
81799,-0.065272576
81840,-0.0440594956
81845,-0.1317033726
81877,-0.06785508580000013
81879,0.23234000240000013
81896,-0.18076557759999998
81897,-0.06523572380000005
81898,-0.17382876999999972
81904,0.3840246693999999
81905,-0.018515931999999857
81906,0.11178721979999988
81907,-1.5852424418
81909,-0.05840344680000005
83379,-0.009692858199999854
83382,1.5356405621999998
83383,-0.2762273616
83395,-0.27246966599999994
83396,0.01791980999999989
83397,-0.45214377339999956
83398,0.28306644980000045
83409,-0.38007546460000013
83410,-0.19302530740000012
83428,-0.11571077060000015
83429,0.011125610399999708
83430,0.8493056208
83431,1.2060536470000003
83433,-0.1090943708000001
83434,0.10119048920000004
83435,0.18655863380000035
83436,-0.7033655617999994
83453,0.1625585622000001
83456,-0.05998790239999998
83485,-0.5865670284000004
83486,-0.298556563
83490,0.9996770536000004
83493,0.004120248399999404
83553,-0.18192520340000007
83554,-0.09675484819999998
83557,1.1488175362
83558,0.05721261480000006
83560,0.18007198179999992
83561,0.1118804085999999
83563,0.08296432639999987
83602,-0.24038728859999986
83603,-0.029375792200000195
83669,-1.4595379508000002
83671,-0.9136118674
83672,0.2909572786000002
83674,0.04191802060000001
83675,0.3009636512000002
83679,-0.06857725940000012
83691,0.1325605362000001
83701,-0.19366839659999985
83702,-1.545065194
83703,-0.03760367440000003
83704,0.0582857188000002
83762,-0.02459968179999983
83766,0.08194610720000028
83767,-0.06361145980000008
83768,-0.033202565400000064
83770,0.023594916799999765
83771,-0.2740665646000002
83796,-0.12716694840000003
83797,-0.40065562980000013
83813,-0.6426417654000002
83814,-0.5988804088000002
83815,-1.611808573
83922,-0.12327444359999973
83924,-0.6576934456
83925,0.44158349500000005
83945,0.15644383899999995
83946,-0.43792657479999963
83961,0.21595875540000015
83962,-0.5021406075999998
83964,0.23056265760000016
83965,-0.06103838060000015
83984,-0.061885216599999994
83993,0.2002217552000003
83995,0.10314428140000009
83997,-0.33138826240000013
84004,0.05720916039999988
84035,-0.0819857164
84036,0.015241125799999899
84092,-0.05617822799999974
84094,-0.43070147159999994
84095,0.1993305640000001
84111,0.14334923339999986
84112,0.10491482680000015
84113,0.035868115800000135
84505,-0.22642747500000002
84544,-1.6618743321999998
84585,-1.3186450894000004
84653,0.10418228800000015
84682,0.41162603040000006
84704,-0.3458582048000002
85030,-0.41195873659999993
85031,1.4264570946
85308,-0.339046379
89867,-0.6727545669999999
93671,1.3866837671999996
93672,-0.03390652339999996
93677,0.6822972364
93679,-0.15286860080000048
93681,-1.1466422464000001
93683,-0.4796771831999999
93685,0.6891396986
93686,0.18880564379999978
93687,-0.03159164539999999
93688,-0.12102928559999988
93689,-0.052190540200000156
93690,0.13818442740000023
93691,0.8210778097999999
93692,3.1227067580000005
93695,0.1448469664000001
93696,-0.28089904520000053
93699,0.1776042625999999
93700,0.1776042625999999
93701,0.1776042625999999
93702,0.1776042625999999
93703,0.1776042625999999
93704,0.1776042625999999
93706,0.1776042625999999
93707,0.1776042625999999
93708,0.1776042625999999
93709,0.1776042625999999
93710,0.1776042625999999
93711,0.1776042625999999
93712,0.1776042625999999
93713,0.1776042625999999
93714,0.1776042625999999
93715,0.1776042625999999
93716,0.1776042625999999
93717,0.1776042625999999
93721,-0.5016031381999999
93722,0.1776042625999999
93723,0.1776042625999999
93724,0.1776042625999999
93728,-0.0552300346
93730,0.028563044559999824
93732,-0.21916938300000002
93734,0.09482675899999986
93735,-0.014640782200000046
93736,-0.216871817
93737,-0.09690490900000004
93739,-0.4285931519999998
93742,-0.040236904399999496
93746,0.3137705606000001
93747,0.12269380519999995
93757,-0.288917253
93759,-0.5694573540000002
93760,-0.565800308
93761,0.25643528740000016
93762,-0.2538559128000003
93790,0.5735048373999996
93834,0.09012868799999971
93835,-0.19123574779999988
93836,-0.057163745599999774
93837,0.12227750979999996
93838,-0.10088561260000013
93840,0.097847638
93841,-0.07236985140000023
93842,0.024111600399999843
93843,-0.04891575820000007
93871,-0.5488721556
93872,0.21391187919999996
93873,0.11890493679999992
93874,0.024242675200000008
93876,0.1708904620000002
93881,0.026862231999999864
93884,0.0424242746
93886,0.029221740000000197
93887,0.036056477799999875
93888,0.12481838219999988
93889,0.17861251780000006
93890,0.10044953470000002
93891,0.11299100040000001
93893,0.02888668999999986
93897,0.1159683548000002
93898,0.056878464399999905
93960,0.09232526640000013
93961,0.06432667500000004
93966,-1.3969544798000002
94040,0.12043315079999992
94041,0.22964973499999958
94043,0.2613456103999997
94044,-0.42651595540000004
94045,0.06448164579999975
94061,0.12082340700000013
94062,0.14050542759999995
94063,0.15034823520000024
94064,0.47389964180000044
94065,-0.3198814889999998
94066,0.01585348199999963
94067,0.02695268800000026
94088,0.25334216740000015
94089,-2.2847225986
94090,0.21182295460000003
94091,-0.04900179840000032
94092,0.6693902254000003
94093,-0.34100890240000015
94109,-0.16162718520000005
94111,0.16506528239999999
94112,0.11653061719999994
94175,-0.8570254706
94176,-0.6801460897999998
94178,0.48336397279999976
94179,-0.19079814600000003
94180,-0.1999277027999998
94181,0.29082152659999994
94184,-0.04969064759999977
94185,0.024414374000000193
94186,-0.1469608395999998
94187,-0.339205799
94190,0.027719494400000145
94191,0.03401441099999989
94192,-0.7754498590000001
94212,0.4443554695999996
94213,-0.16568789699999975
94214,0.035806321799999985
94215,-0.04788400340000001
94216,0.24022390500000004
94217,0.07874883859999997
94218,0.023890887999999676
94219,-0.17333383339999991
94220,0.10194288319999992
94221,-0.1147588012
94222,-0.04980954360000016
94223,-0.20882871619999985
94226,-1.6317346208
94227,0.036292947000000096
94229,-0.08403715579999993
94230,-0.4139008914000003
94232,-0.31842019560000007
94242,-0.13471531320000024
94244,0.20892275639999996
94245,0.14129358599999975
94246,-0.43865315659999987
94249,-0.2881518476
94253,0.38963785380000004
94275,-0.3359371492000001
94279,-0.11661566159999985
94280,-0.30760283739999983
94281,-0.24448273479999988
94282,0.5435877997999998
94284,-0.4871863674000011
94315,-0.29181438559999967
94332,-0.6495161961999999
94346,-0.1973434816000001
94352,0.12575170439999983
96875,-0.14435567400000054
96935,0.12172301720000007
96957,-0.22726755379999997
96979,-0.04677929200000044
97031,-0.07960985320000039
97064,0.34456765479999996
97086,0.007223324200000203
97112,0.009803918000000068
97159,0.0737018422000002
97165,0.6035942104000007
97212,0.016874671400000096
97243,0.05397188379999971
97287,0.031657374399999584
97387,-0.1644129025999998
97440,0.05975993639999997
97484,-0.10330925859999987
97487,-0.024203710199999763
97761,-0.14113114379999986
97820,-0.6411843235999996
97827,-0.35035927480000006
97884,-0.22480276979999977
97961,0.1799004666000002
97998,-0.19396525639999976
98053,0.8523258132000002
98170,-0.011776628000000322
98193,-0.4812094584000004
98221,-0.3672082112000002
98238,1.3385399695999998
98256,-1.6476705297999998
98258,0.7483908201999995
98267,-1.0474969080000005
98303,0.06838439540000003
98314,-0.2991970475999999
98363,0.23008347719999983
98365,-0.23684117340000022
98366,-1.0508791500000005
98376,0.031118910599999872
98386,0.5850205886000002
98388,-0.5115453007999999
98396,-0.16449839899999982
98402,0.008873769999999937
98403,-0.12015509620000024
98404,-0.3438314517999997
98415,-0.3264788935999999
98417,1.1998280706000002
98432,-0.6117340989999999
98488,-0.10736069799999974
98496,1.7055108420000002
98558,-0.0011796485999999717
98660,-0.06012700720000019
98682,-0.13036417900000039
98685,-0.1743037661999999
98710,0.041073012000000374
98711,-0.012094089999999901
98732,0.056897124199999996
98733,0.04853988720000011
98752,-2.168018045
98758,0.040704412000000544
98766,-1.3165461012000002
98828,0.17999702079999977
98845,0.2156299078
98878,-0.4289854948000002
98910,-0.5553592731999999
98932,0.018578352000000464
98956,0.2358902992000001
98970,-0.09974924560000016
98985,0.14770913900000018
98999,1.0246578776
99003,-0.4352278521999999
99010,-0.0788925144000002
99011,-0.03975718320000006
99031,0.0906541559999999
99035,-0.14226749240000008
99045,-0.39915995140000005
99100,-0.4654700238
99138,-0.06718129899999922
99151,-0.10700566959999999
99152,-0.18905945480000047
99167,-0.2619400626000001
99237,0.4333161460000001
99296,0.16140636440000034
99311,-0.1982498557999996
99326,-0.6765463025999999
99334,0.08934197799999985
99349,0.4271047067999998
99371,0.06669463320000002
99375,-1.0576273442
99377,-0.09644140320000005
99382,2.2422004876
99412,0.10557964480000023
99439,-0.08127961799999994
99470,-0.09147459519999987
99480,0.03569628540000025
99512,-0.8330102972000001
99526,-0.28585438639999994
99543,0.08742854740000024
99571,-0.9551795855999998
99586,-0.7939950568000003
99650,-0.26651723260000004
99662,-0.08211553219999992
99681,0.012176022799999941
99683,0.4867398279999996
99712,1.2853586582000003
99730,0.14389096740000012
99738,-0.09662210619999989
99889,-0.07040976860000007
99890,0.29885414699999996
99899,1.0705749644
99929,1.3939654863999997
99982,-0.16905463800000026
100017,-0.43811401000000016
100019,-0.12862651759999988
100061,0.05606955120000005
100072,-0.3621315911999998
100087,-0.03834395640000014
100088,0.44177710600000014
100090,-0.5720040355999997
100102,-0.2543627452000001
100121,0.5120015578000002
100129,0.05116949159999997
100163,-0.29315579699999966
100169,-0.1801358424000002
100177,-0.3157950263999997
100182,-0.6936951856000004
100198,0.3161894508000003
100201,-1.1692108894
100210,0.06829492620000029
100213,0.3021747328
100226,1.1066673621999998
100273,0.8146522978
100317,0.09063061080000026
100336,-0.2712325643999998
100340,2.635822404
100383,-1.2621997820000004
100434,0.36601347480000046
100465,-0.13797187059999985
100494,0.5322987078000001
100515,-0.013638438999999992
100532,-0.05000392839999997
100561,-0.922218909
100604,-0.0883783110000003
100608,0.48966546480000017
100609,0.20104155939999996
100637,-0.4933849536
100647,0.3918971559999999
100678,-0.6366601370000001
100683,-0.8213733406000001
100689,-0.1094371063999997
100705,-0.0809688561999998
100710,-0.8933521179999999
100727,-1.4588972131999998
100732,0.054785254000000096
100737,-0.47977084999999986
100756,-0.5266630492000003
100763,-0.1035905694000002
100855,-0.10153691019999975
100900,-1.1569164019999998
100910,-0.07032040280000018
100929,0.015205055000000023
100952,0.4436063294
100972,-0.1728239874
100978,0.505447846
100986,-0.10559663920000002
101023,0.2698668291999997
101095,-0.25107077780000003
101100,0.6912056165999996
101113,-0.06510492400000008
101118,-0.0016803410000001406
101122,-0.26132872199999985
101142,-0.17810895659999987
101185,-0.5777853367999999
101187,0.1253879584
101202,-0.31775974780000027
101206,0.039008857200000156
101214,1.1238240734000002
101240,-0.0893244652
101314,-0.0790395573999998
101358,0.06598785040000017
101359,-0.008444105200000251
101401,0.2997777106000001
101437,-0.41439512380000015
101471,-0.07591093519999995
101476,0.4288436390000001
101488,-0.35956164459999973
101490,-0.970691545
101497,-0.7634612068000001
101502,0.10846317699999997
101513,-0.4848724476000001
101540,-0.9824964634000004
101543,0.3022165371999998
101544,0.07354627919999998
101565,-0.20119906319999997
101568,-0.19141364979999942
101602,-0.21801320380000036
101604,-0.3467162659999998
101612,0.07559177660000013
101613,-0.7403664144000002
101631,0.21500369479999987
101685,0.25646564020000023
101700,-0.3793966880000001
101706,-0.8485225732
101739,-0.4495900429999997
101772,-0.13923474440000003
101809,0.04014712020000015
101861,-0.9208318378
101867,0.0200571186000003
101869,-0.17950838600000035
101883,-0.31763018219999994
101943,-0.02614264519999985
101966,0.13316566979999997
101985,0.8166720366000002
101994,-0.012702499000000067
102032,-0.43893636039999995
102058,-0.22858405900000012
102060,-0.2039852916000001
102075,0.7959265387999999
102093,-0.45714065660000003
102098,-1.5017769824000005
102103,0.5853219091999998
102124,-0.10956938639999976
102141,-0.3361106053999997
102162,-0.16297516140000035
102193,0.1236232446000006
102209,-0.40466295079999987
102278,-0.06022119179999983
102294,-0.6723594064000002
102323,-0.25238137479999984
102334,0.04863096719999991
102339,-0.02835493939999978
102371,1.5846939999990535e-4
102414,-0.08379926719999986
102423,0.324256499
102436,6.475820000009237e-5
102442,0.20344032299999987
102448,-0.28373253620000005
102462,-0.44474785420000024
102502,-0.19956364000000004
102545,-0.3203713722
102566,0.1690809294000001
102570,0.013591724399999805
102580,-0.23133864339999982
102595,0.32531569020000023
102607,-0.23355297139999961
102614,-0.3185444996000001
102626,0.20444055820000012
102632,-0.31822862579999994
102644,0.2948211687999997
102657,-0.2059256294000001
102680,0.006233874600000089
102693,0.0891761933999998
102747,6.768361999999861e-4
102774,-0.14944771739999965
102791,0.03959202779999984
102857,0.18928819440000008
102866,0.46771285020000003
102920,-0.02624196319999985
103098,0.17768817799999992
103135,-0.23361089420000009
103136,0.4683185082
103149,-1.0786115975999997
103161,-1.8662502312
103172,-1.1645446882000003
103199,-0.6642625177999999
103213,-0.561351216
103236,-0.47822644640000006
103268,-0.46384027979999976
103284,-0.12034215180000007
103406,0.08866397799999995
103425,0.08502804180000005
103466,0.23719216139999996
103468,-0.14074835340000025
103534,0.27740080399999983
103537,-0.21072002719999983
103554,-0.30346494859999995
103573,0.3144238603999998
103583,0.22033084800000005
103655,-0.3096246065999999
103677,-0.3752090134000003
103694,-0.3283566468000002
103710,-0.03205981099999988
103711,-2.1921008534000004
103724,-0.09492352759999978
103733,-0.2304791882
103737,-0.3030410900000001
103742,0.0944035023999998
103743,0.037715341800000066
103765,-0.3390824694000001
103768,0.2024827258
103775,-0.06174899259999993
103806,-0.27108953519999995
103836,-0.5194747904
103841,0.04580222719999991
103844,-0.1755088001999999
103850,-0.07839601460000019
103889,0.31179122679999993
103963,1.1552376307999999
103967,0.23590530059999998
103968,-0.4067812312
103978,0.20935183120000014
103988,-0.32081424939999986
104001,0.09357301120000017
104009,0.596811091
104010,0.07288772059999964
104015,0.7194954463999998
104027,0.13453896280000013
104069,0.16386255479999984
104079,0.3562525472000001
104080,0.16881128540000018
104082,-0.017916563999999725
104086,-1.632114567
104099,-0.03254366480000002
104110,-0.03441155299999963
104111,-0.20890639979999986
104112,-0.013543344600000395
104130,-0.533725596
104156,0.1951076205999998
104174,-0.10494624200000029
104175,-1.6073456862
104184,-0.15036554440000013
104215,0.1971483938000002
104245,0.05845873239999992
104248,-0.39281584940000014
104252,2.3423376965999996
104263,-0.2466064086000001
104271,0.10577194240000001
104303,0.6400585793999998
104318,-0.5247629920000001
104346,0.03401472479999992
104360,0.11027756879999995
104368,-0.032563824
104369,-0.00964725000000044
104382,0.09868519979999987
104383,0.15218660639999976
104394,0.0646461409999997
104416,-0.17186794979999948
104418,-0.34468654099999974
104443,0.15780417059999968
104444,-0.3338636523999995
104445,0.020366539199999957
104457,-0.28010889819999996
104479,-0.07993767080000005
104582,-0.18703037659999994
104601,0.07476953259999979
104625,-0.33539560700000026
104662,0.4191322727999996
104681,0.2028336798000005
104709,1.2623956371999996
104718,-0.10254286259999965
104721,0.42409319760000025
104725,-0.6519818840000002
104759,-1.1290359656
104771,-0.30981960819999943
104776,-0.06327625959999991
104799,0.08458488340000034
104806,-0.3718261986
104816,-0.19395361959999988
104831,0.43094809559999997
104836,-0.17154270179999997
104859,-0.06218131259999975
104871,-0.061224737400000076
104884,0.053323299799999904
104885,-0.01897420260000011
104910,-0.7436181459999999
104923,-0.6055627240000001
104943,0.8695233829999995
105000,0.10969721840000002
105014,-0.4031396449999999
105083,-0.0443778373999999
105171,-0.6113966389999999
105193,0.36906062860000033
105239,-0.25767766079999993
105243,-0.13240777679999996
105245,-0.7666383025999999
105246,-0.4638095268000001
105278,0.30117750439999985
105298,0.004711535000000033
105348,-0.30248128200000013
105349,-0.050378895999999784
105351,-0.2576111528000002
105352,-0.7040050563999998
105355,0.15893281639999995
105372,0.08373798079999997
105428,-0.27683982139999996
105439,-0.35473490220000004
105440,0.24097077860000002
105445,-0.43953641860000003
105446,0.5043967042000002
105450,0.2339415552
105501,-1.1791236682000001
105504,0.1429666268
105511,-0.04959806900000015
105513,-0.20948317699999972
105522,-0.42872129999999975
105559,-0.08571916640000019
105638,0.30038518179999973
105653,-0.18173691540000014
105663,-0.6014294916
105670,-0.5062316748000001
105675,-0.4747909668000002
105689,-0.4659168140000002
105722,-0.3352765055999999
105727,-1.1506239817999997
105732,0.06434277739999991
105782,-0.6399519214
105785,0.12364031339999997
105787,0.7608634412
105827,-0.41350805040000005
105833,-0.049248006399999864
105835,-0.01981233480000011
105837,-0.13698029059999986
105841,0.4234026476
105844,-0.10615482620000005
105847,-0.22438054439999994
105853,0.0022316758000000547
105855,0.007852548000000325
105859,-0.2634858661999999
105866,-0.03597485359999979
105988,-0.2707959554
106021,-0.14058417439999998
106025,-0.08080954920000014
106039,0.10201974440000008
106042,-0.07307889020000022
106052,0.5051019855999999
106068,-0.05629158940000014
106073,0.19942324659999996
106143,0.03141007679999959
106200,0.0752070882
106205,0.6060708146
106298,0.005276152399999923
106326,0.4330694802
106338,-0.2752522477999998
106344,0.15961348620000013
106347,-0.01991364019999997
106369,-0.03862885799999986
106389,-0.16550408319999993
106393,0.5195230939999999
106407,0.1172983020000001
106489,0.32173509760000024
106504,-0.3004420301999996
106512,0.23442633720000003
106522,-0.042586719000000176
106529,-0.7236977878000005
106564,-0.9649914228000004
106565,0.007092482600000061
106572,1.3233329057999996
106582,-1.6303672626000003
106583,-0.6005823744000001
106585,-0.006841105600000041
106618,-0.35853224439999976
106628,0.34310857939999995
106633,-1.4828211971999998
106639,-0.4541708055999999
106707,0.12720957060000018
106757,-0.0792635783999998
106759,0.12807333419999994
106763,0.013530102399999855
106766,0.2370516052000001
106794,-0.9184694826000002
106795,-0.25325569659999997
106821,-0.6180255199999998
106840,-0.8114732459999999
106861,-0.8270574816
106877,0.15262092060000026
106878,0.021679866200000574
106894,-0.07264607000000005
106931,-0.03353789759999977
106947,-0.21427546199999997
106952,0.9348077898000003
106957,-0.17568699359999976
107029,-0.04775270300000045
107035,-0.01652964479999941
107047,-0.0012796881999998177
107065,-0.14859707219999993
107071,0.15112114999999998
107094,0.47915980379999984
107146,0.013718582399999768
107173,0.17975720919999993
107182,0.17390846640000052
107221,0.02153808659999994
107227,-0.2516185536
107239,-1.0211285540000004
107242,-0.11581251179999974
107250,0.24835706519999992
107260,0.06894832000000015
107272,1.3198643624000002
107305,0.334672175
107321,-0.3742632457999996
107328,0.06581813759999999
107338,-0.14425538799999985
107351,-0.18919126360000008
107358,0.17749355820000048
107368,0.5765017179999997
107371,-0.1813437446000002
107373,0.014104497400000148
107375,-0.2745458109999994
107392,0.023689583399999846
107435,0.3686675944000001
107448,0.008106550199999951
107449,0.24090800200000012
107476,-0.2788655794
107477,0.17599729340000003
107503,-0.11286373540000003
107513,0.6555052544000002
107515,0.05255268959999988
107522,0.1294913118
107526,-0.7299459900000003
107527,0.08851726960000014
107528,0.08002950660000012
107566,-0.6481418898000001
107568,-0.2848273378000002
107569,-1.252118252
107581,0.13675965219999994
107586,0.13722691400000003
107587,-0.15308553299999997
107589,-0.23406870339999983
107607,1.4405814697999997
107650,-0.3486916389999998
107652,0.4902598020000001
107684,0.2887073826000002
107686,0.053922100799999484
107701,0.11423978919999947
107702,1.3907731676
107723,-0.5069835524000001
107732,-0.15269166219999963
107733,0.08612720359999955
107734,-0.23014469399999982
107746,-0.3162908244000002
107747,-0.7863709330000004
107753,0.10794049980000028
107765,0.5852703308
107766,-1.4248394024000004
107767,0.28468184940000024
107769,0.023254979799999374
107770,-0.21904545600000008
107815,0.09048606379999988
107817,0.4511234545999999
107829,-0.11673472
107868,0.14464481179999994
107869,-0.7591627652000003
107889,0.03250932000000013
107895,-0.1734399198
107932,-0.12487987900000039
107934,0.8373806150000002
107951,-0.03676679800000038
107971,0.21096634599999967
107975,-0.6665257285999999
107986,-1.1583183534
107993,-0.39991262139999983
107995,0.16787602579999988
107999,-0.09494726700000004
108000,0.040394721200000025
108011,0.09983615980000007
108012,-0.24682686300000006
108013,-0.15948407399999986
108015,-0.03238234480000006
108017,0.16441176059999982
108030,0.2749524160000002
108037,0.10941254340000003
108043,0.07974631159999994
108052,-1.0911037793999996
108058,0.4062726033999999
108062,-0.5702457730000002
108067,0.43676863340000016
108068,-0.051011291999999916
108069,0.3659725916000001
108071,0.1067392184
108073,0.3482865018
108075,0.15501371560000035
108078,2.8616532589999997
108079,-0.4878183718000001
108083,-0.8062801312000001
108086,-0.3923888832000003
108089,0.12636941559999998
108096,0.03703646280000008
108097,-0.5332192552
108098,-0.076865806
108099,-0.5925752218
108100,-0.10477301399999953
108101,-0.00925982999999988
108105,-1.563910061
108112,-0.33485572339999975
108114,-0.0949062664000003
108115,-0.11377365260000012
108116,0.7246943206
108121,0.1301118183999998
108123,-0.13368186600000004
108124,-0.6582972742
108138,0.25637271300000003
108143,-0.004777009599999715
108147,0.04751022419999984
108148,-0.3917376482
108150,-0.44343643740000027
108151,0.1068564384000001
108153,0.09034502999999958
108154,-1.3294841911999997
108155,-1.5293784476000003
108156,-0.05899545760000002
108160,-0.21403096480000022
108161,-0.26643179960000013
108645,-1.1987294642
108652,-0.4816536908000003
108653,0.1272638331999998
108654,0.3230548766000004
108655,-1.6858213398
108657,-0.39837023060000015
108660,-0.5211471954000004
108664,0.7634002436000001
108671,-1.5099866998
108672,-0.5947291356000001
108673,1.6650640529999998
108679,-0.04656557800000005
108682,-0.13499209739999998
108686,0.052986686999999755
108687,0.26703471879999974
108699,-0.1882410989999997
108705,0.09254792400000014
108723,-1.3896698586
108735,-0.3976861233999999
108737,0.17588214880000005
108755,0.5457181008
108760,0.0989946643999998
108767,0.785051546
108797,-2.0740136294
108800,0.1556711199999997
108811,1.1889976387999999
108829,-0.09397581640000005
108832,0.12213414459999986
108837,-0.32156788820000004
108841,-0.006328648599999908
108853,-0.36968070659999996
108857,-0.7779834043999999
108897,0.34019323179999983
108900,0.6462166324
108903,-0.3227852692000003
108907,-1.5338707222000003
108909,-0.006758168800000419
108911,-0.4982530601999997
108912,-0.1402810974000001
108934,0.17147576060000008
108937,0.3881411527999997
108943,-0.1919208794000001
108946,-0.23220296619999986
108954,1.0095187806000003
108960,1.5661982633999998
108961,-0.07743586179999991
108989,-0.19077582779999994
108995,-1.7168637062000003
109006,0.25807551439999993
109019,0.9828932721999999
109032,0.22266993119999992
109052,0.3169803234
109054,0.45091432020000005
109065,-0.3230294004000003
109075,0.4690170908000001
109077,0.04594879760000019
109079,0.021254675400000346
109093,0.1324634164000001
109095,-0.08699091240000012
109108,0.09135989700000006
109113,-0.2959643670000002
109115,-0.5449713541999998
109129,0.7347549658000002
109135,0.002154188599999962
109136,-0.25415341360000027
109145,-0.22370312840000003
109151,0.29774458199999926
109154,-0.5476334645999996
109161,0.37549390519999976
109168,-0.7737248765999997
109181,-0.08388734739999978
109205,-0.09033453300000005
109218,0.06289155779999973
109222,-0.32406597159999995
109225,0.4506542774000003
109229,0.08941776499999979
109232,0.14443854060000022
109242,0.03969130239999963
109245,-0.13640564360000013
109246,-0.3940309051999996
109254,0.5634858986000001
109263,0.5600302567999998
109264,0.025330296399999775
109270,-0.8492341018000001
109272,0.4160754586000001
109275,-0.12206937359999995
109284,-0.06082997999999975
109294,-0.020448840799999778
109305,0.662472962
109314,0.25749511300000016
109323,-0.23559300520000032
109331,-0.7334319547999997
109332,0.19026097540000003
109333,-0.4315125688
109342,-0.12668853859999968
109346,-0.1737122836000001
109349,0.11173200720000001
109552,0.6396735141999997
109593,0.09585319280000011
109594,0.03456792239999995
109620,0.22247838140000004
109637,0.10254813120000002
109648,0.056438529999999786
109652,0.3508587093999999
109658,-0.22119199240000018
109660,0.2179027077999997
109674,0.11290591119999985
109685,-0.15733457299999998
109689,-0.7342099837999996
109697,-0.056198889200000046
109700,0.33771908600000006
109711,-0.07754040220000036
109731,0.24281643099999997
109754,-0.3050566472
109778,0.17071488959999961
109785,0.378442347
109791,0.27878387879999983
109801,-1.1849715920000001
109820,0.058513984000000185
109821,-0.19091355020000017
109857,0.32678759720000006
109880,-0.08458219279999976
109889,-0.054365308999999765
109900,-0.18007721079999986
109901,-0.3495299713999994
109904,0.1293348786
109905,-0.11853152399999978
109910,-0.2781542261
109929,-0.5492249456000001
109934,0.34783456479999997
109978,-0.3405970774
109979,0.8519963684
110006,0.49990267460000004
110012,-0.23271364839999986
110033,-0.029474186799999913
110052,-0.4435003316000003
110058,0.0018212457999998931
110074,-0.4650792912000002
110078,-0.6596894169999998
110082,0.13764805200000013
110083,0.13731594659999988
110084,0.06608420400000004
110094,-0.2013028666000002
110095,1.7407825353999997
110109,0.38195941860000016
110115,0.1283957428
110119,0.17456430919999982
110135,-1.0152021081999996
110147,-0.4771344166000002
110157,0.20316844700000053
110168,-0.9537711888
110172,0.5140651092000003
110173,-0.9580816114000003
110175,1.3301749759999997
110196,0.42363768860000023
110197,-0.09931754000000001
110198,-0.4374665008000001
110208,1.4320295335999997
110213,0.5758597939999998
110253,0.6343417548000001
110265,1.0342256964
110279,-0.22446209379999987
110304,0.11664870040000004
110308,0.13919100620000008
110310,-0.08777939400000001
110312,0.0028936628000001186
110323,0.15537618800000033
110326,0.08699946620000017
110350,0.06366690279999983
110351,0.15031789659999983
110379,0.19699311339999995
110380,0.39391037980000015
110382,-0.7627983777999997
110391,-0.8640113936000002
110417,-0.6238088205999999
110446,-0.09930891700000029
110521,0.34847136359999986
110524,-0.3971545391999996
110532,0.07288908399999983
110542,0.30181873679999993
110593,7.918860000000194e-4
110595,0.03515924760000004
110596,0.1307306775999999
110606,-0.41624370500000046
110611,0.7753025896000004
110616,0.27232735580000006
110637,-0.09540248160000005
110639,-0.9880684371999997
110648,0.06307198719999976
110651,0.023245354800000406
110695,-0.4278020050000002
110749,-0.3304431931999998
110750,-0.26710524919999956
110751,-0.06342832419999969
110784,-0.3366901281999999
110796,-0.6368290016
110809,0.5742561552000002
110816,0.04585801940000032
110821,-0.36514329619999997
110826,-0.09246226359999987
110829,0.1747766643999995
110834,0.21713127099999988
110835,0.0015314496000000232
110842,0.20224948219999933
110855,0.14612399299999979
110862,0.17875230020000005
110877,-0.1630776233999999
110880,-0.05098978780000003
110886,-0.10731687160000006
110891,0.0769424066000001
110893,0.27391628860000006
110902,0.08720774299999992
110911,-0.35799610679999994
110920,0.7817256812
110935,-0.14286502439999998
110948,-0.47570265600000033
110954,-0.032563824
110957,0.23457098599999995
110958,-0.46775426400000003
110959,-0.15395918259999988
110962,0.17476851900000004
111173,0.011336456799999972
111174,0.13281359219999994
111175,-0.6792625128000003
112403,0.1167630616000002
112405,-0.09448504039999986
112406,-0.05532957500000002
112407,1.9994088146000002
112418,-0.058017247599999953
113868,-0.19172587399999977
114128,0.3471320407999999
114141,0.0034213877999999197
114142,0.4613021835999998
114143,0.4462078326000004
114229,0.13112964160000012
114230,0.0853666702
114249,-0.03397241179999995
114255,0.057958212000000134
114301,-0.3420218894000001
114304,0.25173644579999993
114332,-0.9492254258000001
114479,-0.028608151399999927
114565,0.3879423942000001
114566,-0.038917775
114570,-0.2910383340000001
114584,0.8294725491999998
114601,0.7119319656000002
114602,-0.11612465720000013
114604,-0.32580620200000004
114606,-0.33845650920000026
114615,-0.07597621979999988
114640,0.11376191459999987
114641,-0.0019333499999994786
114642,-0.23571275699999977
114644,0.06601172179999981
114654,-0.2888969340000001
114663,-0.14333719459999994
114664,-0.1388163205999998
114674,-0.4646786782
114712,-0.0064977832000002065
114713,0.29667689579999956
114714,0.18306988180000036
114715,1.5760258616
114716,-0.04532468860000023
114741,-0.051936867200000236
114774,0.17848324799999987
114873,0.10651009219999992
114874,-0.17911701099999994
114875,-0.09225505160000011
114886,-0.13593349859999987
114889,-0.18921720579999982
114893,-1.2876682706000004
116701,-0.07463149700000002
116731,-0.3386707443999999
116732,0.2646610441999998
116733,-0.055897796200000016
116748,0.3782438146000004
116810,-0.003883545999999782
116838,0.2624531388000001
116847,0.6961830277999999
116848,-0.2828808084000002
116870,-0.5539818898
116871,-1.1133814301999998
116872,-0.5714259166000002
116873,-0.024325274599999957
116891,0.5393739521999998
116904,0.18656670099999992
116905,0.12783807760000004
116914,0.3197997784
116940,-0.0315972480000001
117109,-0.4951243274000003
117146,-0.32994246900000024
117147,-0.13502644339999997
117148,0.16731053519999986
117149,1.2347483614
117150,-0.060640945200000115
117158,-0.16338995399999998
117160,-0.17424222139999995
117167,3.7312003972000003
117171,0.3542216496000002
117197,0.6712635362
117198,-0.7707979213999998
117229,0.19791687820000003
117589,0.3487901253999999
117591,-0.19084609440000017
117592,0.1630629354
117599,-0.27810061620000004
117600,0.18495838559999972
117606,0.09855778359999974
118445,-0.5202462047999997
118446,-0.13743811860000008
118449,0.16099315099999992
118451,0.04700369400000017
118453,-0.005125070400000098
118454,0.12852331040000015
121021,0.08001601740000001
121022,0.2756923384
140474,0.002573424199999863
140475,0.11033957619999982
140476,0.23795757539999976
140477,-0.09912612079999991
140481,-1.0083743193999997
140482,0.10174858519999982
140483,0.2900082789999998
140484,-0.3139035882000002
140486,-0.17384124360000008
140488,-0.4451757065999997
140489,-0.25997260640000003
140491,0.42012049860000006
140492,0.052748637200000024
140493,0.045634085799999904
140494,0.07822533980000008
140498,-0.050049774400000226
140499,0.14021058459999977
140500,-0.0444115472
140546,-0.03978016740000001
140557,0.10547629440000002
140559,0.014095477799999933
140570,-0.05994794020000001
140571,0.011600228800000245
140577,-0.11161892980000018
140579,0.41864765900000017
140580,-0.05862680359999981
140629,0.10385462539999998
140630,0.2902580080000002
140703,-0.5333845091999999
140709,-0.1189307182000002
140721,0.04528200399999989
140723,-0.11557437260000007
140740,0.34465428099999984
140741,0.04530347900000011
140742,-1.6188825772000004
140743,-0.23108595639999993
140765,0.03631247680000005
140780,-1.1974114329999999
140781,0.30053942600000016
140792,-0.39625038120000006
140795,0.2199107820000002
140806,0.24181637799999986
140810,-0.27132792399999967
140858,0.0614451206
140859,-0.17800284439999975
140887,-0.3765160167999998
140904,-0.05877122040000007
140917,-1.0986634238
140919,0.21065151339999985
142681,-0.01544590380000006
142682,0.11807549639999984
142687,-0.016173018799999904
142688,-0.026826625600000042
142980,0.33326263060000016
170439,-0.37968426340000005
170441,-0.09945237539999993
170442,-0.5195454384000001
170458,-0.026727653800000084
170459,-0.33835601940000026
170460,0.17719618860000014
170461,0.09857273020000008
170472,-0.4115883101999998
170483,-0.1312818504000001
170484,0.08138532720000029
170571,0.16480944760000008
170574,-0.10698279700000005
170625,2.2207905423999996
170638,0.054941275999999914
170644,-0.721548601
170654,0.30019024559999996
170676,0.2908341978000003
170677,0.2132969437999998
170706,-0.16944632560000006
170707,-0.23722059620000024
170711,0.26030646839999977
170716,0.24830809879999993
170718,-0.21563420339999978
170719,-0.7029858444000002
170720,0.07105173219999994
170721,-0.17334501820000003
170725,-0.13004027899999998
170728,-0.15239734260000012
170729,0.12813629080000002
170731,-0.04379145719999986
170734,0.17584411719999996
170735,0.10455058560000001
170736,-0.3830150858
170737,0.6011693233999995
170738,-0.020326495799999834
170740,-0.2916365872
170742,0.3347187761999999
170743,0.002279915800000154
170744,0.14543556960000004
170745,0.004462410599999878
170748,-0.17991891380000027
170749,-0.4773116943999998
170750,0.3438136493999995
170752,0.3043811836
170753,-0.16794560420000018
170756,0.5582849941999999
170758,0.026490392200000025
170759,-0.08009059660000002
170760,0.47116734459999954
170762,-0.01951288579999986
170763,-0.2865187475999999
170765,-0.21287980300000003
170767,0.02451660759999985
170768,2.0683799594
170771,0.20166043319999982
170772,-0.7411245898000003
170779,-0.5179268119999998
170780,0.49188450019999996
170787,-0.7529130564
170788,0.23476236639999987
170789,0.13377954180000007
170790,0.013475466799999936
170791,-0.41195821600000004
170799,0.05136613759999982
170813,0.5350770552000002
170822,-0.21144605140000028
170823,-0.5831514506000002
170826,-0.41520253040000005
170828,0.19819795939999968
170829,-0.0166367128000001
170833,0.29761809100000003
170835,0.04218959340000019
170935,0.025117903200000135
170947,-0.21034941479999975
170952,-0.14873756639999983
171095,0.021066410799999956
171166,-0.15013581140000004
171167,0.191971414
171168,-0.10233702519999995
171170,-0.848325232
171171,0.21206114979999996
171180,-0.011179459399999914
171207,-0.48298927870000014
171209,-0.2894820516
171210,-0.7320444346
171211,-0.30975496299999977
171212,-1.1297192842000001
171281,0.16889548580000008
171282,-0.16537695219999993
171283,-0.18639252380000002
171285,0.1760773153999997
171286,0.24795541739999988
171382,0.07316364120000003
171388,0.26492926220000007
171463,0.08939154480000014
171469,0.09956016940000012
171486,-0.5592117288000003
171504,0.8768484862000003
171508,0.05324872970000003
171530,0.0014433897999994727
171531,0.008134642999999997
171543,-1.1975451456
171567,-0.6433127321999998
171580,-0.9532529996000004
191578,-0.4896512718
192113,-0.007865829800000057
192119,-0.10726002219999983
192120,-0.12975450320000004
192140,0.07234966699999994
192156,0.5782561766000001
192157,-0.5109512466
192159,-0.34132249660000014
192160,-0.4275616438000004
192161,-0.3386707443999999
192163,-0.3386707443999999
192164,-0.3386707443999999
192166,-0.5848226716000002
192167,0.12298073000000001
192169,0.8782485251999995
192170,0.03254736840000021
192174,0.38002118040000016
192176,0.22631516800000034
192185,1.1860320340000001
192187,0.8745148462
192188,0.10704910259999992
192190,0.3447755676
192191,0.39517535699999995
192192,0.026991693399999406
192193,0.28877269140000017
192195,-0.49222135560000024
192197,-0.4525350114
192198,-0.021593491399999998
192199,-0.4389429123999996
192212,-0.06854708840000026
192216,0.035500782000000175
192231,-0.042944319000000064
192232,-0.24533577320000005
192236,-0.3962028025999997
192285,-0.536721627
192287,-0.6415203938000001
192292,-0.1280171705
192650,0.1501162525999998
192651,0.38056236220000006
192652,-0.5485036731999997
192653,-0.9363544977999997
192654,-0.24624107219999997
192656,0.1585655194000001
192657,-0.5115541219999997
192662,0.28183954800000033
192663,0.06083964859999984
192678,-1.0299447153999999
192786,-0.45558111260000017
192897,-0.16506682339999995
192950,0.022647725999999757
192970,-1.446085588
192986,0.06767206320000003
193003,-0.1624647556
193034,0.03489907419999998
193043,-0.20205143739999992
193116,-0.09376637559999992
193452,-0.18644641740000018
193670,0.29222356259999993
193736,-0.2873495715999999
193742,-0.04425083220000037
193796,-0.3425478148000002
193813,0.8034618062000003
194126,0.10375996220000001
194219,0.0037869695999999562
194231,-0.18749589280000006
194237,0.13987522760000007
194309,0.023714762999999906
194388,-0.8613170205999999
194401,-0.2701248673999997
194590,-0.3316106035999999
194597,0.06430567039999993
194655,-0.22692889959999984
194908,0.04526894899999991
194952,0.005606979799999756
194974,0.09986313419999995
195018,-0.20305103140000025
195040,0.1734859438000001
195208,-0.1656011062000001
195236,0.26370242620000006
195333,0.2348987472000001
195359,0.12711965040000023
195522,0.040956010399999875
195646,-0.02316179459999983
195733,-0.15636616159999991
207151,-0.03129239560000006
207165,-0.9001874700000002
207181,-0.03800471420000022
207182,0.06184279820000001
207212,0.1911602158000001
207214,-0.14693378000000018
207259,0.06807746379999972
207278,-1.9316609869999999
207304,0.4436032188000002
207352,0.45092314799999966
207375,-0.005482000199999959
207393,-0.033069845200000184
207425,-0.5837615921999998
207521,0.4013011392000001
207565,-0.04217936559999984
207592,-0.25576013700000005
207596,0.0288744546000002
207607,0.16372787999999988
207615,0.06522338799999972
207683,0.06509306880000017
207704,-0.033672480200000264
207728,-1.1267531298000004
207740,-0.49976086099999983
207742,-0.6116908789999997
207781,-0.13872589519999998
207785,-0.40240856659999996
207792,0.006183397200000229
207818,-0.7860557375999999
207839,-0.4185716828
207854,-0.05764651520000008
207911,0.06311085040000002
207920,0.10080342459999984
207921,0.17375786180000005
207932,-0.15301055960000004
207952,-0.4348732872000001
207958,-0.32009107020000016
208076,0.4501355185999998
208084,-0.016864104600000117
208092,0.03939280940000014
208098,0.09891626939999991
208104,0.24549599719999993
208117,1.0020789129999996
208144,0.4646361762
208146,-0.12656361180000034
208154,-2.1379032633999993
208158,-0.021667042800000046
208177,-0.12834186480000004
208188,-0.11363157659999992
208194,0.2941842137999998
208198,-0.428932296
208211,0.027894995399999976
208213,-0.009496762399999881
208228,-0.33985670019999964
208258,0.08684648899999967
208266,-0.0545712978000001
208366,-0.021789391999999807
208372,0.1729672356
208431,0.18311116640000016
208439,0.003868002799999992
208440,1.3265144502
208449,0.4249610353999998
208518,-0.1666055388
208583,0.04342887900000001
208606,-0.1655362989999997
208613,0.1380073013999999
208618,0.0014352069999999273
208624,0.19506790300000015
208628,-0.07582129859999984
208634,0.18705127739999963
208638,-0.2566632303999999
208643,0.07806962160000026
208647,-0.11580578160000013
208650,-0.1758244925999998
208659,0.08349176700000012
208665,0.20839937719999996
208666,0.19072143859999996
208677,-0.2508936213999998
208691,-0.4012050682
208715,0.7798301877999998
208718,-0.09083371479999994
208727,0.23224351799999993
208748,0.5545067782000002
208768,0.1268252787999998
208777,0.16268902040000038
208795,0.6027249730000003
208820,-0.4434722424000004
208836,0.009003859800000135
208846,-0.3743245634000001
208869,0.32301055599999984
208884,0.29534934279999997
208890,0.029699511399999955
208898,-0.09454457759999997
208922,-0.666707854
208936,0.03644860580000016
208943,0.07647474139999985
208967,-0.1883010616000001
208982,0.013022144199999985
208990,-0.10560323420000017
209003,-0.0813615706000002
209011,-0.2981636747999993
209012,-0.0076631153999999315
209018,-0.16715915379999996
209027,-0.2857432785999999
209032,-0.2896989434000002
209047,0.020767380600000072
209086,0.7081116099999996
209091,0.24911894480000002
209131,-1.3200572674
209176,-0.002370937599999934
209195,0.31652644159999976
209200,0.8130562282
209212,0.40892616880000004
209224,-0.0987458253999998
209225,0.11624760140000027
209232,0.010430456999999827
209239,0.042757607599999935
209268,0.20765019379999963
209318,0.005801678200000104
209334,-0.18947619499999996
209354,0.14110158660000033
209357,-0.1420326359999997
209361,-0.4737399228000001
209378,-0.6632184906
209416,-0.07557568779999997
209446,0.5870337821999998
209448,0.2447152634000001
209456,0.16419737759999986
209462,-0.4498256798
209478,-0.27019267120000023
209488,0.2567260162
209497,0.4346335621999996
209558,0.5013312596000002
209584,0.05502095859999993
209586,-0.32019684099999957
209588,0.18368203440000003
209630,0.17226616660000021
209645,0.043930224600000047
209692,-0.32660761579999986
209707,0.08576302460000011
209737,0.2385251713999999
209760,-0.19604456740000026
209773,0.13782227879999986
209776,0.11392496120000022
209815,-0.14369201380000013
209837,-0.8973329647999997
210004,-0.10468251139999989
210009,0.0540029741999998
210027,0.0953801662
210029,1.7413386669999995
210044,0.15908733480000006
210094,0.056336350800000365
210105,0.7072985078
210108,0.043472593599999956
210126,0.45696726620000055
210135,-0.7317433028
210146,-0.8219507323999998
210148,0.5803945754
210162,-0.02509489279999979
210172,0.2835909933999998
210198,0.276546252
210274,-0.015284878199999952
210293,-0.007960282800000228
210297,-0.027111890800000003
210356,-0.10157052060000007
210376,-0.34613587580000027
210417,0.0651330665999998
210503,-0.3741730997999998
210529,-0.5254754908000001
210544,0.10424058740000017
210573,0.010850976599999918
210582,-0.22027579840000017
210622,-0.2357626372000002
210673,-0.019279914200000015
210711,0.2577513660000001
210719,-0.003800518800000141
210741,-0.054041291400000094
210757,-1.0666117034
210762,-0.014437123999999902
210766,-0.5029767196
210789,0.05279245659999994
210801,0.06935785220000001
210808,2.3614191236
210925,-0.0682136668
210973,-0.1288391765999995
210992,-0.8119421191999997
211006,-0.28695264760000005
211007,0.30751179719999994
211064,-0.021321674999999908
211134,0.19804081259999987
211151,-0.41624370500000046
211187,-0.004795712400000074
211232,0.10379410820000032
211255,1.1932163234000002
211286,0.47159989439999955
211329,-1.1922425554000002
211347,-0.23644064399999998
211383,0.09989546679999997
211389,-0.7074096209999998
211401,-1.2233578433999994
211446,0.21703704860000012
211468,-0.018438620800000027
211480,0.08729513559999998
211482,0.16249815740000004
211484,0.10085752239999994
211488,-0.07273439319999983
211499,-0.12345274819999989
211550,0.7131990404000002
211556,-0.2750110371999998
211577,0.35985484680000007
211586,-0.8940143860000003
211651,-0.2368950011999999
211652,-0.18735327559999995
211660,-0.40420130359999984
211666,-0.6331517349999997
211673,0.19040709240000026
211712,0.053578015600000306
211739,0.041476157199999884
211770,1.8189661877999996
211798,-0.24881707079999985
211896,-0.21628772079999986
211914,0.06762384319999999
211922,-1.0254420164
211936,0.4858757518
211945,0.0021497285999998892
211948,0.5235759893999999
211949,0.20896946100000022
211961,0.4494853825999997
211978,0.035878693600000136
211986,0.04476800859999983
212032,1.3700219322
212070,0.06905941859999984
212073,0.01399899580000028
212090,-0.2622858810000002
212111,0.17346820239999977
212114,-0.4588575998000001
212123,-0.4587554762
212127,-0.2874137564
212139,-0.05775982320000015
212167,1.2652698744000002
212168,0.6692966558
212190,-0.05955367219999985
212198,-0.03319206259999987
212281,-0.23414377799999997
212285,0.27246644000000037
212307,-0.3409133526000009
212326,0.08537352899999977
212377,0.02585889940000019
212390,0.04280213740000001
212391,-0.22535603880000005
212392,0.1736873143999998
212398,-0.909971284
212427,0.3870266748000001
212439,-0.23938965700000034
212442,0.21196620939999988
212448,0.21596491860000003
212503,-0.007239986399999942
212508,-0.10730898460000002
212514,-0.82166904159999965
212516,0.08705593399999997
212518,0.09298544740000007
212528,-0.7471149276000002
212531,-0.4118065805999997
212541,0.27209221100000003
212627,-0.5958152005999994
212632,-0.1741930268000001
212647,0.15188124400000014
212670,0.1569523733999997
212679,-0.13627959040000004
212706,-0.4397380891999999
212712,0.16209080320000008
212772,0.12563087280000024
212862,0.8285212261999997
212880,-0.6638358662
212892,0.05603685020000011
212898,1.1686634934
212933,-0.057649450400000024
212937,1.0452509498000002
212980,0.41928536360000007
212986,0.13093472800000008
212989,0.2560134210000003
212998,0.16484080919999985
212999,-0.14963030500000016
213011,0.016413119200000104
213012,-0.0350082746
213019,0.3998536065999998
213053,1.9843584803999998
213054,-0.7109802847999995
213068,-0.8157403401999996
213081,-0.07230502880000014
213084,-0.030711842200000027
213109,-0.4911237288000002
213119,0.08296268160000002
213121,-0.2592100608000001
213171,-0.0011901251999998585
213208,0.08388592820000014
213211,-0.2273872206
213233,1.2054665916
213234,-0.08399591739999997
213236,0.05088531019999998
213262,0.1533774233999999
213272,-0.0834179272
213311,-0.1601006128
213326,0.35948650820000017
213389,0.03640844140000006
213391,-0.061533161599999886
213402,-0.0626281856000002
213417,-0.1997634928
213435,-1.0638119136000002
213439,-2.0114713893999996
213452,-0.17402605119999973
213464,0.06259760399999995
213469,-0.05843825640000002
213484,-0.38337176500000003
213491,0.1243496268000003
213498,0.13599187599999993
213499,-0.18339666880000022
213522,0.09933438859999981
213527,0.14856205720000001
213539,-0.0614630585999997
213541,0.19796841379999996
213550,-0.3645703863999998
213556,-0.07324912739999992
213575,0.16114361199999988
213582,-0.05971280619999977
213603,0.0028515778000000047
213649,-0.14051364920000003
213673,0.3850920230000009
213696,0.02638679539999984
213753,-0.28360195699999996
213760,-0.2610386800000001
213765,0.21469347219999993
213773,0.2246908140000002
213783,0.7388054265999999
213819,-0.5403014622000001
213827,0.569633292
213895,0.002416224000000078
213948,-0.25332047780000017
213956,-0.052227923799999944
213980,-0.15805751480000013
213988,-1.2111053896000001
213989,0.14209526219999996
213990,-0.4154682088000001
214058,-0.017275816800000055
214063,-0.03196379260000004
214084,-0.4402822347999999
214105,0.032997644200000044
214106,5.394978000000883e-4
214111,0.04125102260000002
214112,-0.08424270959999998
214133,0.8371623649999999
214137,-0.10415677000000016
214150,-0.011767911299999944
214162,-0.7762363278999999
214189,0.009772780800000014
214230,0.07961909619999989
214240,0.031688642400000334
214253,-0.02516873480000008
214254,-0.3503814104
214301,-0.0833600574
214305,0.21782674979999986
214345,-0.12726447220000026
214359,0.2389004420000001
214384,0.14351741260000014
214424,-0.6183176731999999
214425,-0.00546319620000002
214444,0.0795363592000001
214459,1.9280781359999999
214469,-0.5562279702000001
214498,0.3148528997999998
214505,-0.2702869701999999
214523,-0.020438824400000045
214531,-0.1427477923999998
214547,-0.062136060800000156
214552,-0.8226293520000001
214572,0.008763359199999954
214575,-0.02990528279999971
214579,-0.21739876940000008
214580,-0.7456222717999997
214585,-0.09742956480000017
214597,0.30857993219999924
214601,0.11336015759999984
214642,0.5202258255999999
214663,-5.23146200000113e-4
214669,-0.20874075780000007
214685,-0.09587854659999984
214704,-0.1546703924
214742,-0.4640784876
214779,-0.09251658779999979
214791,0.04783556259999999
214804,0.038297274200000155
214855,1.1654921945999999
214895,0.13944794220000034
214897,-0.13489231439999988
214899,-0.5734135519999999
214901,-0.2448387148000002
214922,-0.4006882442000002
214931,0.03321902879999996
214944,-0.3065660334000002
214951,-0.3710643738
214952,-0.2779985694999997
214968,0.010736436600000055
214987,-0.1792169187999999
215001,0.1832459339999998
215008,-0.10404007400000008
215015,0.11219567519999973
215031,0.09610878120000024
215051,-0.06410781939999985
215085,0.2100995298
215090,0.022552071799999674
215095,0.11652151540000003
215113,-0.1862470027999999
215114,0.3083194656000002
215160,0.0012459826000000619
215194,0.06990518820000027
215201,-0.6520904815999999
215210,0.8986477238000001
215243,-1.0335213798000005
215274,0.02488903000000011
215280,-0.6946032396000004
215303,0.14697341740000008
215332,0.008092725000000023
215335,0.39783564540000016
215351,-0.47652517159999996
215378,0.11095976759999981
215384,0.09809933420000014
215387,0.19976180600000007
215418,1.1288568853999998
215436,-0.26208095680000004
215445,-0.18325259339999977
215446,0.8789956643999999
215449,0.2854163080000003
215456,-0.13819607640000015
215474,-0.29737475159999993
215476,-0.07981108419999998
215494,0.004494391399999742
215512,-0.9518415879999995
215615,1.1489026073999995
215627,0.14559335339999996
215632,0.05959918559999977
215653,-0.4328729191999997
215690,-0.7436797079999999
215693,-0.5476891503999999
215705,-0.059238072800000194
215707,-0.10382005039999989
215723,0.28743823000000024
215748,-0.8131338163999999
215751,0.22244471740000016
215772,0.7144451685999998
215789,-0.02148753960000018
215814,-0.36829984719999975
215819,0.24305596860000006
215890,0.061590872800000085
215999,0.3201312291999999
216001,-0.32215455219999994
216011,-0.44553478659999984
216019,0.047499598399999954
216021,-0.09939885619999993
216028,0.00950924999999998
216033,0.2186575438000001
216049,0.019809878000000048
216080,-0.43133094519999987
216119,0.15794495600000005
216131,-0.23208303279999995
216134,0.23200094899999985
216136,-0.5605912431999999
216148,-0.12389434700000006
216150,0.0039078148000005085
216151,-0.15526184199999998
216154,-0.5475669131999998
216156,0.26452959199999987
216157,-0.2900854627999994
216161,1.1039412574
216169,-0.8904531561999999
216188,0.28876805139999984
216190,-0.959075798
216197,1.8427916733999996
216198,-0.8256187606000006
216225,0.24273829060000002
216233,1.470523514
216238,0.6699223308000001
216274,0.006510681399999996
216285,-0.12666049640000007
216292,0.2397573434
216343,-0.18642819120000018
216344,-0.4449705274000003
216345,-0.1154417945999997
216350,-0.38346796540000005
216363,-0.36081971179999994
216440,-0.05432376679999962
216445,-0.022183069200000106
216456,-0.9083313521999999
216505,-0.44504353940000013
216516,-0.25750484940000024
216527,-1.2713721286000006
216543,0.06859888200000004
216549,-0.24564282739999968
216551,-0.24913118180000032
216558,0.6453485268000001
216560,-0.28444770419999976
216565,-0.15714268679999996
216578,-0.6179164590000001
216613,0.2072839354
216616,1.1968274546000002
216643,0.08870111420000004
216705,0.47068203179999984
216724,-0.12831526439999993
216725,0.06578294759999999
216739,-0.08163671099999989
216742,0.6506799942000001
216749,7.319901999997214e-4
216760,-0.0046327630000002175
216766,-0.0321810103999999
216767,-0.02194698219999953
216792,-0.2692997159999999
216795,-0.12572624480000022
216799,2.5839945732
216805,-0.21353988820000006
216810,-0.0916781199999999
216820,-0.1317935942000002
216821,0.10225072199999996
216825,0.04771734360000028
216831,0.15124142320000003
216835,0.13019289099999992
216846,-0.16460231660000008
216848,-1.3196708748
216850,0.5568318136000001
216853,-0.09731268299999982
216856,-0.06118675049999993
216858,-0.8386006976000001
216859,-0.8386006976000001
216860,-0.6300533544000004
216867,0.026362312000000186
216869,0.7443533926000001
216873,0.03458772299999975
216874,0.09500489140000035
216877,-0.3278397676000001
216881,0.29771963999999984
216892,-1.0972586352000002
216961,0.10303666140000001
216963,-0.21316978799999992
216964,-0.327564823
216965,-0.18623941060000018
216971,-0.033784309599999854
216974,0.1490203983999999
216984,0.0672876394000003
216987,-0.28329974140000014
216991,1.2438256494000002
217011,4.3792700000011564e-4
217012,0.27494003740000006
217026,0.18686880199999986
217031,0.1602791355999999
217038,-0.750854379
217039,0.04205827080000031
217057,0.0028561447999997823
217069,0.11231333739999982
217082,-0.5264179954000001
217109,0.2125264329999995
217119,-0.3242392905999999
217124,-0.06811269580000001
217125,-0.3600104506000001
217127,-0.17954282479999986
217138,0.24288752020000004
217140,-0.45232379200000017
217143,0.018963382400000128
217149,-0.05576651340000005
217154,-0.24750198799999995
217166,-0.35963328300000014
217169,0.041736468000000214
217194,0.18237066080000003
217198,-0.24735954820000003
217201,-0.3540091996000001
217203,1.9790119898000005
217207,-0.033261151000000135
217212,-0.10479269999999996
217214,-0.16438238300000005
217217,-0.033884767400000015
217218,0.1637176554
217219,-0.09897231600000041
217232,0.33646038140000023
217262,-1.9847238546
217265,-0.08356583120000005
217303,0.7020996254000004
217304,-0.1803864063999999
217310,-0.12511555539999986
217316,-0.31322059319999995
217325,-0.34676918119999983
217331,-0.19217949159999997
217333,0.28620488139999994
217335,-0.3148318944000003
217337,0.05993384480000028
217340,0.02996261880000013
217342,-1.098980612
217344,0.9326533281999996
217351,-1.0277828759999998
217353,-0.3330969835999996
217356,-0.13781724340000032
217364,-0.05477977140000014
217365,0.13689240379999995
217366,-0.6352822199999999
217369,0.38193063839999974
217371,-0.16330689979999988
217378,-0.08734966439999994
217379,-0.6326968272
217410,-1.5106609064
217431,0.4473170486000001
217449,-0.42563848480000016
217463,0.4466483762000001
217473,-1.2139871334
217480,0.21008767240000026
217517,0.13481369199999982
217536,-0.38292266520000007
217558,-0.3490770943999998
217578,0.5745756737999997
217588,-0.17471781099999983
217648,0.05798846280000021
217653,-0.7518808582000001
217664,0.2221382068000004
217666,-0.10716389680000002
217682,0.14494937379999984
217692,0.2525269176000002
217695,-0.030755546600000194
217707,-0.0655996317999998
217708,-0.5842665552000001
217715,0.3190316606
217716,-0.23369097020000035
217718,-0.04505756960000014
217733,0.2071178304
217734,0.16834148619999995
217737,-0.3502947048000003
217826,0.41172329659999995
217827,-0.3227291976
217835,-0.12414212679999999
217837,0.24610165519999966
217847,-0.17315678540000015
217864,0.03511377479999993
217866,0.03219510740000011
217869,-1.0053223539999994
217882,-0.3453867827999998
217893,-0.07536932279999994
217944,0.005362260400000096
217946,-0.40783870659999993
217951,-0.01872674899999991
217980,0.3090564204
217995,0.4755876338
218030,-0.011108845000000044
218035,-0.4167203967999997
218038,0.0024583570000000776
218100,-0.3668626140000001
218103,-0.37425372780000005
218121,-0.0451378545999999
218138,0.24913227219999995
218194,-0.13180169139999992
218203,-1.7250637685999997
218210,-0.03216038120000029
218215,-0.26720371800000003
218232,-0.1725695734000002
218236,-0.10166262280000034
218271,-0.23851472000000004
218294,-0.5505682528
218314,-0.044769283199999954
218335,0.3208728936
218341,-0.8076604827999996
218397,-0.31700415419999983
218440,-0.07782893139999994
218441,0.5379693636000002
218442,-0.3794735027999998
218454,0.060629657000000316
218460,0.09933750679999989
218461,0.19877939439999998
218490,0.16930660459999985
218503,0.26636509080000026
218506,0.27562714860000026
218518,-0.9157959784
218543,-0.30851684059999995
218544,0.1710833268
218581,-0.017460125400000238
218613,-0.11695866820000038
218624,0.058003967199999985
218629,0.025045420200000203
218630,0.2332267849999999
218639,-0.2239993806000003
218693,-0.36392644359999976
218699,-0.5650292858
218756,-0.9290923069999998
218763,0.14671947879999986
218772,0.08379946060000024
218793,0.47842578860000007
218811,0.03528119119999999
218820,0.9541783334000001
218832,-0.40958819859999984
218865,-0.30848504379999986
218877,0.0727056504000001
218885,-0.1528194698
218952,0.24073983839999985
218973,-0.35070297640000003
218975,0.3026584751999998
218977,-0.2843696476
218989,0.1171097751999998
219022,-0.816966899
219072,-1.0483087397999997
219094,-0.032599552200000305
219103,0.5804860026
219105,-0.7905714616000001
219114,-0.10173894959999989
219131,2.011609141
219132,2.011609141
219134,-0.04039387239999996
219135,0.9980272595999999
219140,1.0487820854
219148,-0.22936428760000016
219149,-0.31394679999999975
219150,-0.18645816019999994
219151,0.16847468160000015
219158,-0.5323754737999996
219170,0.24555175359999987
219181,-0.6794609670000001
219189,-0.32292680140000024
219228,0.5381008053999999
219249,-0.6062815338
219257,0.21665525359999985
223227,0.08738869559999962
223254,0.21718148480000005
223255,-0.2770896613999998
223267,-1.2426765037999998
223272,-0.07368224039999989
223332,0.03690291860000024
223435,0.02091115959999996
223453,-0.16391670800000036
223473,0.16808678500000002
223499,0.2875102338000001
223513,0.1893634638
223527,0.2317042753999999
223604,0.16177497440000027
223626,-0.22069051119999994
223642,-0.09206737159999996
223648,-0.26881024340000026
223658,0.07030799040000009
223664,0.11711839599999987
223666,-0.6302766969999999
223669,-0.24090224639999977
223690,-0.33397993119999986
223691,0.11800471019999961
223693,0.29616675140000004
223696,-0.12449223320000016
223697,-0.008062139199999763
223722,-0.2637125614000002
223723,-0.08590149559999993
223726,0.1920048827999997
223739,-0.5386728222000002
223752,-0.4198702687999999
223753,-0.8505579265999998
223754,-0.2107297936000002
223770,-0.41886583279999956
223774,0.3091818440000001
223775,0.1633713784000001
223780,-0.01916877060000033
223825,0.04921576099999987
223827,-0.28464558539999985
223828,0.48156486639999974
223838,0.12041359079999987
223843,0.0967929916000001
223864,0.11460808480000004
223881,3.0156261556
223915,0.18600625479999983
223917,0.0793824343999999
223918,0.23658776200000026
223920,1.4194780777999998
223921,-0.2894740062
223922,-0.12498442359999995
223970,0.039841240800000045
223978,-0.059812629600000375
223989,-0.16515067300000014
224008,0.6590938202000001
224014,0.9990278403999999
224020,-0.3633980289999993
224022,0.06901267059999991
224023,-0.41682158420000004
224024,0.023509575199999765
224045,0.1452438259999999
224079,0.18817343460000008
224088,-0.40715891779999963
224090,0.2877736434
224092,-0.03889089740000014
224093,-1.0389822432000007
224105,0.6135602526000007
224109,0.3609649328000003
224111,-0.1860075949999999
224116,-0.09277917120000012
224129,-0.11396133099999979
224139,0.11236558639999998
224143,0.07316130640000011
224170,-0.7560774487999999
224344,-0.11784674539999988
224405,-0.16139053940000014
224419,0.13852158820000007
224432,-0.4351284702000001
224440,-0.16382799900000028
224454,-1.5923541594
224481,-0.19274903099999996
224585,-0.20556608359999995
224613,0.04727028200000003
224617,0.08923909539999997
224619,-0.24503177540000004
224624,-0.4701466526000001
224630,-0.6214992949999999
224640,-0.22556998360000016
224650,0.1246307692000002
224656,0.23640462740000015
224661,-0.07695372680000023
224671,0.26300381019999985
224674,-0.25789661780000017
224697,-0.5772575842000001
224705,-0.13709340019999985
224727,-0.38832579419999985
224742,-0.021573364800000404
224762,-0.03613075880000025
224794,1.3680392427999999
224796,0.6517285090000001
224805,0.021407191000000124
224807,0.01621993020000012
224813,0.04156156159999993
224814,0.10263579599999986
224824,-0.5419574413999999
224826,-0.8676199550000001
224829,-0.20014638579999994
224833,0.004971672400000138
224836,0.029365856600000306
224840,0.4153608617999998
224860,-0.24082195339999934
224897,0.3001391980000001
224902,-0.07771048739999972
224903,-0.1403206756000001
224907,-0.4689902871999999
224912,-0.15556669499999992
224938,-0.27992538819999985
224997,-0.17182157919999988
225010,-0.518323241
225020,0.07773216600000019
225027,0.38870928440000013
225028,0.11974902660000009
225049,-0.6140390899999998
225055,0.17827583180000026
225115,1.0559620498
225131,0.1851183572000002
225152,0.019165930200000146
225160,0.13264838940000007
225164,-0.08084776239999983
225182,0.6822010756000003
225187,0.0608606592000001
225192,0.28837194600000016
225207,-0.08816996679999996
225215,0.36490671439999983
225266,-2.0624643012
225280,-0.3483254673999996
225283,-0.13802278819999997
225326,-0.5810953302000001
225339,-0.06002985080000016
225341,-0.1793284169999998
225348,0.0894634641999998
225358,-0.44371067740000003
225362,-0.0972735192
225363,0.6227844353999996
225372,-0.25692670520000005
225392,0.13714090759999992
225432,-0.17532625580000047
225443,0.16251392520000013
225467,-0.08263899119999998
225497,0.0039038365999999767
225518,0.03227285879999986
225523,-0.5605431642
225600,-0.06678263800000002
225608,0.19975857780000011
225631,0.0474100840000002
225638,0.8299329974000003
225642,-0.07072798080000009
225644,-0.022186565400000014
225651,-1.0451950994
225659,-0.9263171282
225724,0.04450519180000025
225742,0.1846964940000003
225745,-0.7484250060000001
225825,-0.4735931879999999
225849,-0.8623650161999998
225861,-0.21907137540000007
225865,-0.0643369292
225870,0.07087526100000012
225872,0.06927079959999985
225875,-0.025235309799999862
225876,-0.19328802439999998
225887,-0.18856762799999985
225895,0.15232861019999983
225896,-0.21472680760000032
225898,-0.5393394011999998
225908,0.13090729460000006
225912,-1.1570911802000001
225929,0.18150831200000042
225994,0.8170238316
225995,-0.8479065551999998
225997,0.026310843599999956
225998,0.10634366899999978
226016,-0.36046023640000013
226025,-0.08676104080000009
226026,-0.35223921059999996
226040,-0.13566793919999984
226041,0.15954486859999983
226049,0.28299397560000006
226075,-6.006619999999963e-4
226090,-0.1496082752000003
226098,0.45874935200000005
226101,0.786705583
226115,0.10922711820000011
226122,0.6887947083999999
226123,0.12189591679999996
226139,-0.10935537920000016
226144,0.2598523185999998
226154,0.07752441260000005
226162,-0.13729653420000024
226169,0.11393635520000008
226178,0.05654484580000023
226180,0.07174111679999999
226182,-0.2797576996000002
226243,-0.19288779719999988
226245,0.12991112979999997
226250,-0.08796611700000004
226251,-1.2711741728
226255,1.2160372992
226265,0.33184485539999997
226359,-0.13422373879999974
226407,-0.6002740343999997
226409,0.09215604439999989
226412,-0.5405894543999998
226413,0.21822390799999997
226418,-1.6298795942000002
226419,-8.77640000000568e-5
226432,0.2563118294000001
226442,1.391533509
226470,0.02459922800000012
226517,-0.35438945639999986
226518,-0.07108457619999982
226519,-0.17006876219999983
226525,0.0513198762
226539,-0.23588533959999988
226541,-0.40116187300000006
226548,0.44985423579999984
226551,0.3767748468000004
226562,-0.15115743660000014
226564,0.19843346540000012
226591,0.19600141619999983
226594,-0.3366267834000002
226610,0.7619882140000003
226641,-0.09443061899999972
226646,0.0322610774000001
226652,0.23310523100000005
226654,-0.028688915000000037
226744,-0.4800953818
226747,0.19254757479999984
226751,0.04609212160000027
226757,-1.02328033
226778,0.05288022679999997
226781,-0.030596656200000006
226791,-0.12854850959999986
226823,-0.9619755087999998
226830,0.9310989667999998
226841,-0.04095616819999996
226849,-0.10757729120000015
226856,-0.7101008709999999
226861,0.09976345099999992
226866,0.11683259900000013
226896,-0.06251921400000002
226922,-0.5364003790000005
226970,0.2477696024
226971,0.22127978460000025
226976,-0.11788638859999985
226977,0.16748381200000004
226982,0.16301777679999993
226999,-0.22035071759999986
227059,0.5878678522000005
227095,-0.19314109439999977
227099,-0.13583071140000005
227102,-0.09537403500000038
227120,0.141437363
227154,-1.0417239013999997
227157,0.13067922880000005
227195,-0.20356628279999994
227197,-0.2132085753999995
227210,1.0075196875999999
227231,-1.9689164468000002
227290,-0.011555769800000348
227292,-0.18658294280000015
227325,0.297027684
227327,0.5195778040000002
227331,-0.16444305480000007
227333,-1.2290632586
227334,-0.6819477684000003
227377,-0.12145338659999982
227394,2.2894703379999997
227399,-0.21593089800000004
227449,-0.10643523980000005
227485,0.18346517
227525,0.6059124556000001
227541,-1.0895869509999998
227545,-0.32898060419999986
227580,0.03503975919999984
227612,-0.31260692880000074
227613,0.11780346620000018
227615,-0.22190675880000016
227618,0.04328221699999997
227619,-0.14129628939999997
227620,0.08951517660000033
227624,-0.18754558559999984
227631,-0.07173166799999997
227632,-0.05056908840000016
227634,0.010810480600000005
227638,0.08863203159999991
227644,-0.3749232342000003
227648,0.004059039600000247
227656,-0.052774566199999914
227659,1.9786976685999997
227671,0.25803176820000007
227674,0.1832171583999999
227682,-0.06958779240000013
227683,0.11926224359999989
227693,-0.4821661728000001
227696,-0.3262066988000001
227697,0.10916988780000007
227699,-0.28377058139999994
227700,-0.6437210496000004
227707,-0.22748400239999977
227715,0.1370618682
227720,-0.2559888236000001
227723,-1.0210086696
227731,0.1965884623999999
227733,-0.020659428400000034
227738,-0.0655565266
227743,-0.14837091640000022
227746,-0.05070118819999987
227753,-0.39858893199999984
227800,-0.148582457
227801,-0.2784172722000001
227835,0.10484162900000005
227867,-0.4583297248000001
227929,0.10599579599999949
227937,-0.3969296234000003
227960,2.4038768713999996
228003,0.04334110020000006
228005,0.3525983008000001
228012,-0.43660366319999966
228019,-0.7454741092000002
228026,-0.5699372538000003
228061,0.2160463292000001
228071,0.20165397620000008
228094,0.18613852100000008
228136,0.7181490564000003
228139,0.11460662140000011
228140,-0.031026953599999983
228355,-0.24916479660000004
228357,0.5863018971999999
228359,0.002855794799999778
228361,-0.04119122619999995
228368,-0.5983145957999998
228410,0.22414423200000028
228413,0.1650227922000001
228421,-0.10634465379999973
228432,0.09842402960000012
228482,0.03550323860000013
228491,-0.5941928996
228536,-0.24842494460000034
228543,1.337761116
228545,0.06689389600000002
228550,-0.1906353625999997
228564,0.1781649756000002
228576,0.017552324599999735
228598,0.3502877077999999
228607,-0.5973285868000004
228608,-0.6279953779999999
228662,-0.07165570900000003
228677,-0.016445136600000153
228731,0.02216705319999992
228765,-0.13532210419999996
228769,-0.9093398762000003
228770,-0.08936906920000016
228775,0.37613600239999967
228777,0.13857719299999988
228778,0.3389863083999998
228785,-0.12476891380000002
228788,-0.08929097740000032
228790,-0.34642974719999986
228801,-0.014083111399999914
228807,-0.33533124679999987
228812,-0.18261944919999956
228829,-0.5668918583999997
228836,0.053769758199999275
228839,-0.06401501140000025
228850,-0.40372803920000033
228852,-0.6759512612
228858,0.152483011
228859,0.05729218899999964
228866,-0.3132345369999999
228869,-0.16423868479999976
228875,-0.04616185660000003
228876,0.09307848179999993
228880,-0.8580546472000001
228889,-0.2808552085999999
228911,0.15836833959999996
228913,-0.03522722559999991
228942,-0.08244125719999991
228960,-0.7927042904
228961,-0.40319181819999983
228966,1.6543580142
228983,-0.11207588039999976
228993,-0.050996769000000164
228994,-0.22284380599999948
228998,-0.28788594499999987
229003,0.4462829591999995
229004,0.026182459999999887
229007,-0.39413910339999986
229011,-0.12362846539999986
229055,-0.032568628399999966
229096,-0.053266432400000244
229211,-0.45728383719999977
229214,0.00924441939999987
229228,-0.7743905072
229277,3.2031400000001045e-4
229279,0.8065131449999999
229285,-0.18297979080000015
229302,-0.2768911791999999
229317,0.02859312900000006
229320,-0.07404819700000029
229323,0.43909323679999995
229357,0.131651001
229363,0.3719008072000003
229445,-0.9822928675999998
229474,-0.8635507252000002
229499,-1.9776945522000005
229504,-0.029563799600000173
229512,-0.1212536122000003
229517,-0.35383155680000017
229521,-0.11406845940000014
229524,0.17318582799999974
229534,-0.21558006019999992
229541,0.2346509784000002
229542,-0.587000347
229543,-0.042888974999999975
229584,-0.49894235859999975
229588,0.26492926220000007
229593,-0.3797852751999999
229595,2.0493047034
229600,-0.48102520639999946
229603,-0.4193159388000002
229615,-0.4787405954
229644,-0.012710296599999716
229658,-0.5491142398
229663,-0.4376949979999999
229665,-0.4379090526000001
229672,0.24520376239999991
229675,-0.47403132919999996
229681,0.12186177399999991
229699,0.5439747824
229700,-0.36558310820000006
229706,0.052886726999999925
229707,-0.032420752199999826
229709,-0.19509099999999985
229714,0.06614447839999986
229715,-0.04047209680000012
229725,-0.13196354780000022
229731,1.377578406
229759,0.03896060459999999
229776,0.018583268800000143
229780,0.03259450180000005
229782,0.1563060693999999
229801,-0.012385731000000089
229841,0.16002897980000003
229877,0.0836647258000001
229900,2.5447194420000003
229906,0.3985293495999997
229937,-0.6363576747999998
229949,0.06757768800000026
230027,0.20467180739999993
230075,0.5268417614
230082,0.2720566786000001
230098,-0.09171501140000009
230099,0.31309026519999994
230101,0.01779019359999996
230103,-0.3213245601999999
230119,-0.23328823999999973
230125,-0.7485723839999998
230126,0.2868813969999998
230145,-1.1652822804
230157,-0.04958746600000001
230162,0.13542070519999996
230163,-1.3718695630000002
230235,0.08910034460000009
230257,-0.6356074279999998
230259,0.010931529399999996
230316,0.7109922187999999
230376,-0.5080118823999997
230379,0.07852292599999977
230393,-0.11514608520000014
230484,-0.20770562720000002
230514,-0.17072948419999995
230558,-1.0835465668000002
230576,-0.09199410940000022
230577,-0.23370493240000006
230579,-0.14763257780000014
230582,0.07865137639999986
230584,0.059223098599999704
230587,0.026377014199999847
230590,0.10371929019999984
230596,0.4322980957999999
230597,0.18112991680000015
230603,-0.9664784851999999
230612,0.2609766488
230648,-0.11712875319999974
230649,-0.43473365340000036
230654,0.21262430020000006
230657,-0.11288100980000007
230661,0.02923919560000012
230673,0.10418328479999968
230674,-0.4737616449999999
230676,-0.4525581202000003
230678,0.22259919340000014
230696,-0.17931301919999995
230700,-0.6484077122000004
230709,0.29498945140000055
230721,-1.2400510292000004
230726,0.20680601799999981
230734,0.3038850784000001
230735,0.13841925799999988
230737,-0.011778571799999683
230738,1.3520733536
230751,-0.4024229499999999
230752,-0.2576211894
230753,-0.5041837953999995
230757,-0.07026236260000011
230761,-1.2106850598
230766,-0.29650982620000016
230767,-0.0860290142000002
230770,0.0362685098
230777,0.056157576399999964
230779,-0.0014191833999998237
230784,0.10397359840000017
230787,1.3022789795999998
230789,-0.4203324553999998
230793,-0.41701955600000035
230796,-0.40727384640000003
230801,0.2369648724000001
230809,-0.6444037988
230810,0.05759932620000008
230815,-0.012269962600000106
230822,-0.20561142179999994
230824,0.06959970659999985
230837,0.046871664400000235
230848,-0.22902315700000014
230857,0.0397313448000002
230861,-0.2690198230000004
230863,-0.21418143200000017
230866,-0.04110940420000038
230868,-0.041430246000000004
230872,-0.05298217660000013
230895,-0.03608016320000047
230899,0.9924201841999999
230903,4.726464000000874e-4
230904,-0.25510724380000005
230908,0.13300639059999958
230917,0.17814831860000008
230935,0.0958111134000001
230936,-0.13088281380000008
230959,-0.09822017799999969
230967,-0.2845748003999999
230971,0.25378245759999984
230972,-0.0898889638
230979,-0.2064698147999998
230996,-0.5869779599999999
231002,-0.1629589299000001
231003,-0.5695765630000003
231004,-1.374409725
231044,-0.026689153600000105
231050,-0.38946302260000004
231051,-0.5713621630000001
231070,-0.05392490300000006
231086,-0.13954180379999953
231093,-1.2170302184000001
231098,0.211112421
231103,-0.16921468499999986
231123,-0.4517165627999999
231125,-0.09567749500000015
231128,-0.4258625976000001
231130,0.41089027279999984
231134,0.0341713755999999
231147,0.4183614554
231148,-0.20342266280000026
231151,-0.2743697516000001
231162,-0.021829711199999834
231207,0.8468843336
231214,0.16519582380000006
231225,-0.39373462880000043
231238,-0.30527276279999993
231252,0.05992331780000022
231279,-0.2265397870000001
231290,0.15350826179999996
231293,-0.02036063460000026
231296,0.0015603839999998037
231326,-0.7867330897999999
231327,-0.14701349059999985
231329,-0.26957809540000055
231380,-0.020786670800000094
231382,-0.18327556579999998
231386,-0.021359904199999846
231413,0.23942976579999975
231430,0.038033454799999866
231440,-0.08908244500000002
231452,0.09624876699999999
231464,-0.85998606
231470,-0.21749839799999987
231503,0.19459367220000018
231506,0.06307865180000008
231507,1.2340091140000002
231532,0.15994824719999964
231549,0.6476959183999998
231571,-0.8078397908000001
231580,-0.07310028620000004
231583,-0.5140122094
231600,-0.04835442759999999
231602,0.018438668599999986
231605,-0.152182219
231630,0.46792384620000005
231633,0.7388045177999999
231637,-1.0103671583999998
231642,-0.0692280199999999
231646,5.816647999997926e-4
231655,1.4687977534000003
231668,0.17265487319999995
231670,-0.1394314063999998
231672,0.2643011074
231691,-0.35353074100000015
231712,1.1461901441999998
231713,0.8060606512000001
231724,0.2016005965999998
231727,0.11241223800000029
231760,0.13731310279999995
231769,-0.18060635220000004
231798,0.10106562100000005
231801,-0.3679742423999999
231803,-0.8128821467999998
231805,2.2235318924000005
231821,0.4832481675999999
231830,0.06325016800000008
231832,-0.0871948205999999
231834,-0.4299349432
231841,0.3525413581999999
231842,-0.28774363839999995
231855,0.09219539839999982
231858,-0.04567409060000003
231861,0.443102949
231863,0.2294673072000002
231866,-0.6592330544000001
231871,-0.8126662418
231872,0.4973986649999997
231876,-0.3472056670000002
231887,-0.1689770846
231912,-0.17433228199999995
231915,0.09468648180000017
231931,-1.2704366442000001
231932,-0.8219648566
231946,-0.2608777351999999
231986,-0.10900703720000005
231997,-0.33788259060000014
231999,0.044816802999999975
232023,-1.4292227457999995
232035,0.1183751686
232078,-0.08753184580000006
232086,-0.17021855359999982
232087,0.01830381919999944
232089,-0.4536757925999998
232146,-0.32573014580000004
232156,0.17045656420000013
232157,0.27782530640000014
232164,-0.8325697262
232174,0.05751463680000004
232187,0.20527995140000002
232196,-0.5911718564000001
232201,-0.4673246762000002
232210,-0.12045650939999994
232223,0.020803405600000067
232227,0.6520240725999994
232232,0.030954890800000003
232236,0.11078796979999997
232237,0.2116257901999999
232286,-0.42364717080000014
232288,0.27905696040000016
232313,0.24514273979999981
232314,0.24429431679999994
232333,-0.06596582979999992
232334,-0.7197007550000001
232337,-0.5007010671999998
232339,-0.1976219726
232341,-0.05857600039999937
232345,0.22468815400000003
232370,-0.0312328943999999
232430,0.05357747800000005
232431,0.34010401900000015
232441,-0.12058757360000003
232449,0.06060858399999987
232491,-0.20420616480000026
232493,-0.4245485576
232533,-0.11509759299999996
232536,-0.35352201879999984
232539,-1.3272135792
232560,-0.2132230414000002
232566,0.2836594909999999
232664,-0.20588998799999986
232670,-1.1281794820000002
232679,-0.13755919579999992
232680,-0.03208911639999954
232714,1.2717690324
232717,0.13041266959999992
232784,-0.42247408799999986
232790,0.0601589805999998
232791,-0.1619901385999997
232798,-0.15249117119999997
232807,-0.060854553200000085
232813,0.00802452499999955
232816,-0.06684388880000007
232821,-0.005923756199999808
232854,-0.7952993253999999
232875,-0.14740076080000017
232878,0.08456308000000004
232879,-0.3483472063999999
232889,-0.008977208800000015
232910,0.40935830539999996
232934,0.18839281140000014
232941,0.2586860818000002
232943,0.06082830640000001
232944,0.08944997199999989
232946,0.3708280030000003
232947,-0.07582086939999985
232969,0.008534322000000039
232973,0.013325838399999946
232975,0.22311274159999997
232976,-0.12760355619999988
232984,-1.3116370645999997
232987,0.20438143159999989
232989,-0.2806085362000001
233011,0.1461283827999999
233016,-1.098595568
233033,0.33889833700000016
233038,0.2981094026000001
233040,-5.612577999999146e-4
233046,1.1419667392
233056,-0.0574681334000001
233064,0.07327719979999987
233065,-0.015776254600000074
233066,-0.09066888220000013
233067,0.017491052799999983
233071,-0.27653165279999997
233073,-0.02296267640000007
233079,1.712975208
233107,0.14383786500000006
233115,-0.3733017472000002
233187,-0.04666083819999987
233189,-0.10304476580000017
233199,0.33279503639999997
233204,-0.2312046507999998
233208,-0.11484581919999996
233210,-0.4477127408000001
233276,-0.2608000780000001
233280,-1.238709747
233315,-0.05571983879999998
233328,0.04929701919999978
233335,0.11117227500000038
233405,-0.3558578980000002
233406,0.1886758084000002
233410,-0.2440916868000002
233489,0.6911708999999995
233490,-0.42547586079999977
233529,-0.6506539752
233532,-0.5342575636000001
233549,0.34964448140000004
233552,-0.14574210480000022
233571,0.3741661978
233649,-0.1355254534000001
233651,0.10616487360000004
233724,0.17020973500000008
233726,0.21151916059999998
233733,0.09948390660000025
233744,0.04199014219999988
233752,0.15513329540000012
233765,-9.561288000000445e-4
233781,-0.5560083272
233789,-0.2428278341999995
233799,0.08142016639999987
233802,0.02875726080000014
233805,0.8151383226
233813,-0.21160070159999994
233824,0.08911911899999998
233826,-0.367398006
233833,-0.5782227218000002
233836,0.03965787260000013
233863,-0.26060332379999984
233870,0.11540066159999984
233871,-0.02228783080000003
233875,0.1431077057999998
233876,0.09040543219999986
233877,-0.2454428354000001
233878,0.13953602959999997
233887,-0.2825204862
233890,-0.0070153618000000865
233893,-0.3467162659999998
233895,0.1552917958000002
233900,-0.09764359339999995
233902,-0.23595992359999993
233904,-0.2187525926000001
233905,-0.38467053900000003
233908,0.5886009088000002
233912,-0.10689075799999995
233918,0.3332826966000001
233919,0.023212155199999883
233977,-0.13468718759999998
233979,0.7807857154000001
233987,-0.41839255059999997
234023,-0.4923216340000007
234069,-0.055558180999999963
234072,0.07685559519999999
234076,0.14972601659999984
234094,-0.23057115680000012
234129,0.017108094599999825
234130,-0.05465145980000017
234138,-0.15418228640000003
234155,0.1689638113999999
234199,0.06671465340000005
234258,0.11006921999999993
234267,0.10993857739999982
234309,-0.0715285399999999
234311,2.2762631065999996
234329,0.04252488100000011
234344,0.42446029299999977
234353,-0.6196066468
234356,-0.5233172604000005
234366,0.24571709600000027
234371,-0.1959026687999998
234374,0.18412225799999984
234378,0.035238131799999906
234384,0.020281444200000286
234388,0.3864704812000001
234395,-0.12401481939999996
234396,-0.058511743599999735
234404,-0.14278110999999996
234407,-0.0299976912
234421,-0.21628794039999982
234463,-0.3258930345999998
234515,-1.3936270858000004
234542,0.07615396799999985
234549,0.7259433500000002
234577,2.0532536704
234582,-0.1823965546
234593,-0.12736174600000005
234594,-0.3092573129999998
234595,-0.08645591359999986
234663,0.17170835240000012
234664,0.08308987199999969
234677,0.1105861430000001
234683,-0.18545487460000007
234686,-0.22975788400000016
234699,-0.22307210419999998
234700,-0.13865788199999987
234723,0.27504792620000007
234724,-0.4968532212000003
234725,-0.0031227685999999366
234728,-0.11621176460000023
234729,-0.08639696860000008
234733,0.10149191259999987
234736,-0.34753864459999984
234740,0.15797211979999978
234776,-0.45168080240000014
234779,-0.19577817100000025
234796,-0.3128262635999999
234797,0.17117476000000006
234814,-0.09241997280000014
234825,0.7438687257999999
234839,0.047029644199999686
234847,-0.40680778780000004
234852,-0.1694177487999994
234854,-0.1867489868
234857,0.3267411356
234865,-0.27519631699999997
234875,-0.4438273198000001
234889,-0.05940010600000019
234959,-0.20916838000000001
234967,0.12431850299999994
235028,-0.09739996879999993
235036,-0.06098274679999989
235040,-0.10387468720000008
235041,0.06570411300000031
235043,-0.5098640004000001
235050,-0.854257914
235086,0.38927064199999994
235106,-0.31540076139999995
235130,0.040973557799999935
235132,-1.2146605256000005
235134,-0.44751320919999993
235135,0.05737063339999997
235169,-0.0073186943999999695
235180,-2.508279999997143e-4
235184,-0.2131532966
235281,0.11477359160000003
235283,0.6574324999999999
235293,0.42268550519999976
235312,0.10596167339999987
235315,0.21179849239999998
235320,0.1328371729999997
235323,-0.5914760411999997
235330,-0.06563129560000007
235339,0.385253028
235344,0.12078718619999976
235380,2.7379871735999997
235386,0.24158481360000011
235402,-0.08565415119999979
235406,-0.2620806312000001
235415,-0.0715222056
235416,-0.07218367319999981
235431,-0.05434584759999961
235439,0.5827992504000001
235441,0.028991077799999942
235442,0.9517291360000005
235459,0.0319495477999995
235469,-0.6940057702000002
235472,-0.20310341519999983
235497,0.3399830598000001
235504,-0.2025851482
235505,0.28477252040000034
235527,-0.1884821714000003
235533,0.09290521079999987
235542,0.0378050444000003
235559,-0.7031292646000006
235567,0.26849845760000013
235574,-0.10981596919999995
235582,0.15221684479999986
235584,-0.4560156681999999
235587,0.15846078679999973
235599,0.004865525999999854
235604,0.1924874923999999
235606,-0.7404906719999997
235610,2.0502219142000007
235611,0.22344869240000023
235623,-0.5896422262000002
235626,-0.3655310867999999
235627,-0.062185955999999896
235628,0.34495244560000005
235631,-0.0836481211999999
235633,-0.42732023760000004
235636,0.03273491840000009
235661,0.21064326799999994
235674,-0.19172587399999977
235682,-0.5600924794000001
235907,-0.23414377799999997
236193,-0.5082452438000002
236266,-0.30676945019999985
236285,-0.6224390076
236511,-1.2019265268000001
236539,-0.10062661199999959
236690,0.031993329800000046
236732,-0.29465671319999986
236733,-0.6330090898
236792,0.03201941840000018
236794,0.004029601200000244
236899,-0.4886976916000002
236900,0.6020021369999998
236904,0.23368988060000023
236915,0.10719175679999964
236920,-0.13040305840000013
236930,0.1593080945999997
237010,-0.22304648180000006
237052,0.04147254999999994
237073,-0.1409113522
237082,0.3146780355999999
237107,-0.20324691400000017
237211,-0.0475633280000002
237213,-0.07746044799999999
237221,-0.019943510599999926
237222,-0.10520844900000004
237253,0.4594690864000002
237256,-0.6123372202
237310,0.4435044846
237313,0.1821402601999999
237320,-0.2737347205999999
237336,0.056270767800000246
237339,-0.7677049713999999
237353,-0.06295677080000014
237387,-0.0640429128000001
237397,0.1998289650000002
237400,0.1251962296000002
237403,-0.011538923200000006
237422,-0.4478478988000001
237436,0.2734152516
237459,-0.45749728140000057
237465,0.10656890839999997
237500,0.547098618
237504,0.09914412759999998
237542,-0.4106642110000003
237553,-0.01078604599999986
237611,0.14599825300000013
237615,-0.34819521599999986
237625,0.15565497920000002
237636,0.10469541159999984
237711,0.375050887
237716,0.1489979316000003
237754,0.03986634599999981
237758,0.011808883400000258
237759,-0.44077341680000026
237761,-1.6314188325999996
237775,-0.28778620619999984
237781,0.07657768099999984
237782,0.13690607240000024
237806,0.05988861080000003
237823,-0.7617420781999996
237831,0.036461412199999724
237847,-0.46867248419999985
237860,-0.4663352891999999
237868,0.0506430108
237877,0.043669916800000055
237891,0.26204317680000033
237898,-0.41641667160000007
237911,0.19761470720000007
237926,-0.08144013300000008
237928,-0.5517234841999998
237930,0.051711380399999916
237943,-0.5936621074000004
237979,0.039845406400000095
237987,0.13712224039999993
237988,-0.04904167039999994
238021,-0.08359098999999973
238055,0.044866496000000214
238076,0.042792737400000114
238123,-0.6166870552000001
238130,0.070005117
238161,-0.02197179579999986
238205,0.09524111840000007
238247,-0.7039033777999999
238252,-0.04302734000000017
238257,-0.4516800977999999
238266,-0.011210080800000188
238271,6.790575999999326e-4
238276,0.00905267099999998
238317,-0.0427085147999998
238323,-0.035594800199999985
238330,-0.7268410362000001
238331,5.456989999998996e-4
238377,-0.4840486805999998
238384,0.1689961371999999
238386,0.06235609800000006
238455,0.042933572799999896
238505,-0.6868522589999999
238564,0.41134146739999977
238673,-0.6442367136
238725,-0.09814839580000001
238799,-0.035714142799999495
238831,-0.26597730120000007
238988,0.07096687099999999
239027,0.08188864339999995
239037,0.07576776120000002
239038,0.03924530579999992
239083,-0.10557595659999963
239099,-0.17520080800000004
239102,0.13148841099999994
239114,-0.05204918139999988
239122,-0.3143487303999999
239126,0.25392327260000014
239133,0.0649624566
239157,-0.14389777319999997
239188,0.016058020799999982
239250,-0.028945619600000062
239273,0.09661513900000003
239283,-0.038341976799999955
239318,0.028061277200000047
239319,-1.1948859247999999
239337,0.07138697599999996
239364,0.04033918319999996
239393,0.9342579113999999
239405,0.09086647700000032
239408,-0.02973044420000006
239420,0.3491914365999998
239435,0.07212904939999998
239436,0.2073176036000004
239447,-0.1986535766000001
239510,-0.20751512919999993
239528,-0.8428942225999997
239530,-0.10214843499999979
239546,-0.5872563580000001
239552,-0.15857190000000027
239554,-0.6851383816000001
239555,0.023445370400000165
239559,-0.13756159220000033
239570,-0.2677945277999999
239606,-0.107517861
239618,-0.05320324000000012
239647,-0.9184879795999998
239667,-0.5828973510000001
239691,0.04587939739999971
239706,-0.009668330399999725
239739,0.35738999780000036
239743,0.5602909164000003
239759,-0.11942515920000014
239796,0.01403279959999999
239827,0.03984696520000046
239833,-0.2583780086000001
239839,0.07102035079999976
239857,0.10476824880000005
239985,-0.7495400911999998
240023,0.24023566820000006
240025,-0.12441957980000015
240028,-0.2574340028000002
240041,-0.8933811178000003
240055,-0.036589984
240057,0.10405116939999974
240058,-0.19268996539999997
240064,-0.1962555282000002
240068,0.05021776459999998
240084,0.03543896500000017
240087,-0.5138926014
240119,0.16650687260000013
240121,0.1897126610000001
240168,-1.4487468706
240174,-0.0338015111999999
240186,-0.39300701500000007
240215,-0.10737363239999986
240239,0.01668371759999996
240255,-0.21723738119999983
240261,0.09274213279999995
240263,-0.22142146060000023
240283,-0.8574325438000001
240322,0.32778698099999987
240332,-0.038088524599999826
240334,0.09024294360000021
240354,-0.057084423400000084
240396,0.06879770500000007
240442,0.2945490876000001
240444,-0.09304203939999986
240476,0.15194152500000033
240505,0.2677838064000001
240514,-0.5223964868
240590,-0.009315275000000156
240595,0.03783976119999997
240614,0.04088047639999992
240633,-0.14556967559999992
240638,-0.4457188345999999
240641,-0.025114361600000024
240660,-0.2595078572000002
240665,-0.6977622099999998
240672,0.5241405172000005
240675,-0.01216273439999993
240690,-0.1752701022000002
240725,-0.2346915233999999
240726,0.25292923300000003
240753,-0.29857122880000003
240754,-0.7929120164000004
240756,-0.013026214799999991
240776,0.19043500059999996
240832,0.6290040459999998
240843,-0.13059293960000015
240869,0.22323960279999994
240880,0.10944532739999993
240888,-0.29034793899999994
240899,0.09044737020000007
240913,0.2675486649999998
240916,0.11482652720000006
241035,-0.0064744649999999735
241062,-2.962708788
241066,-0.5702462359999999
241075,-0.1731894032000003
241113,0.1627850067999999
241118,0.06555544980000008
241128,0.22270940720000007
241201,0.0580343749999999
241226,-0.24703439019999998
241230,-1.8149925236000002
241263,-0.1723796067999997
241274,-0.7715626876
241289,0.1366904410000002
241296,-0.09128901799999997
241303,-1.4410879491999997
241308,0.32300852879999997
241311,0.17210396420000026
241322,0.23781375540000022
241327,0.054577932799999826
241391,0.08302242320000008
241447,2.1139714754000005
241490,-0.39862001319999985
241494,0.3494625699999999
241514,0.08299821059999993
241520,0.2421311188
241525,-0.27578448919999976
241547,-0.12439087439999988
241556,0.09689888620000016
241568,-0.2400512523999998
241576,-0.6893623933999999
241589,0.14814697179999978
241612,-0.07389786300000001
241624,-0.17010053240000006
241627,-0.33722167139999987
241633,1.3402407567999999
241636,0.055774594599999894
241688,0.12695983519999973
241694,-0.6162445361999997
241727,0.0375475714000002
241769,-0.12473916139999978
241770,-0.06838071140000004
241794,0.12616255079999988
241846,-0.3901377629999999
241915,-0.7139441843999998
241919,0.21568710880000008
241950,0.3173482924
241989,0.06736042779999982
242022,0.10266707220000004
242083,-0.4730074958000001
242109,0.35371847119999966
242122,4.034802000000504e-4
242125,0.21973545119999996
242126,0.6553600683999999
242202,0.023571986599999838
242248,-2.0840991352000002
242274,0.1192599728000002
242285,0.20001867859999994
242297,-0.3979261349999998
242341,-0.008580544600000106
242362,-0.7620494629999998
242384,0.084870701
242406,-0.11953779840000003
242408,-0.09875651480000017
242409,-0.08509229919999975
242418,-0.34307676919999996
242443,-0.05044123019999987
242466,0.17221659760000013
242474,-0.9726605383999999
242484,0.00767705559999996
242505,-0.06508596420000012
242506,-0.04743594700000013
242509,0.41990551000000026
242521,0.3025168318000002
242523,0.03853721919999993
242553,0.07628652480000006
242557,-0.23015814720000022
242585,-0.19337064379999996
242607,-0.07585400919999988
242608,0.1926046040000003
242620,0.10092857520000002
242642,-0.06666536539999993
242653,-0.00875717860000016
242662,-0.14038126880000004
242667,-0.0753070764000002
242687,-0.417741874
242691,0.13116141459999967
242700,1.2213294818
242702,0.1903912762000001
242705,-1.4282441448
242711,0.06612509000000007
242721,-0.061323269200000044
242735,8.154159999998356e-4
242773,0.09113572319999967
242785,-0.6430510524
242800,0.14108079839999998
242819,-0.5843171118000001
242864,0.06976209500000027
242891,0.4381421490000001
242894,-0.5245417299999999
242939,0.0010062833999999298
242960,2.8985425402
243025,-0.753619527
243043,-0.15523039660000001
243078,0.236977527
243083,0.08306549319999998
243084,0.2030563184
243168,0.268801163
243272,-0.3271719577999995
243274,0.24535053699999967
243300,0.1098119766
243302,-0.028852128000000123
243312,0.02648387339999978
243328,0.011732798399999921
243339,-0.24469676919999994
243362,0.05850178320000019
243371,-0.4865087375999998
243372,-0.6968041013999999
243374,-1.2218885416000005
243382,-0.6215905950000001
243385,0.23771806100000017
243499,-0.037835464399999894
243535,-0.059752728600000006
243537,-0.5820673942000001
243548,0.09899020619999996
243574,-0.5461357002
243612,0.07607616459999988
243616,0.028493682200000058
243621,0.04049707619999996
243653,0.012880405600000344
243659,0.47912023419999966
243725,-0.03041987620000004
243743,-0.20744012599999984
243755,0.5346775982
243771,3.1808027332
243813,-0.09607132259999993
243816,-0.25013227360000007
243819,-0.19217487099999991
243822,-1.1347057312
243833,-0.1708546808000003
243834,-0.11858596139999981
243846,-0.1586806165999997
243853,-0.16051050599999997
243867,-0.11950477060000023
243874,0.05331704840000011
243906,-0.2634639848000001
243910,0.6465584315999999
243912,-0.23874570760000022
243914,-0.17945071200000023
243923,0.0011812353999999913
243931,0.01750703699999976
243937,0.09469007099999986
243958,-1.6707823828
243961,-0.2466514004000004
243963,0.1576471915999999
243967,0.04272766360000002
243983,-0.030245570599999994
244049,-0.05059280040000012
244058,0.03864907879999997
244059,-0.03504492679999984
244091,-0.03974070599999972
244141,-0.05297888779999997
244152,-0.01702695459999992
244178,0.11979921779999998
244179,0.30188455460000013
244198,-0.02076579580000022
244202,0.32554778019999997
244209,-0.6088462504000001
244216,-0.26525883940000006
244219,0.2135225246000001
244238,-0.3931669028
244281,-0.04088889039999995
244310,0.07174338099999993
244329,-0.18981474039999977
244349,-0.15374368740000008
244373,0.31848723460000006
244416,2.0619609089999997
244421,0.6177763832000001
244448,0.11878551099999993
244484,0.15069129220000016
244548,-0.08509226040000009
244562,0.08065381039999994
244579,0.1651776400000001
244608,0.08337009360000014
244631,-0.43660574899999993
244650,-0.49781765359999974
244666,-0.32154264039999986
244668,-0.04244105240000007
244672,0.09837315240000014
244694,0.12045307599999999
244698,-0.07111440140000003
244713,-0.22414322140000004
244721,0.17368962439999985
244723,0.2402231131999998
244745,-0.3920021154000001
244757,0.5013786250000001
244853,-1.8250801568000006
244864,-0.2423901963999997
244867,0.11616699259999982
244871,1.1077224757999997
244879,-0.5404657518000002
244891,-0.5144790850000002
244911,-0.020068044799999997
244954,0.1267850887999999
244958,0.014781300200000125
244962,-0.5351918971999998
245000,-0.6095215493999999
245007,-0.5132313547999999
245038,0.03673301100000028
245049,0.07039170419999988
245308,0.0933992980000002
245386,0.10684479280000021
245424,0.05110411119999991
245446,0.06872733560000004
245450,-0.03049269119999991
245468,0.21030415579999992
245469,-0.12606258439999998
245474,-0.2966510602000003
245522,-0.26988251719999995
245527,0.24115953060000014
245536,0.1705322958
245537,-0.06121410260000015
245572,-0.03167412440000002
245595,0.11802280500000002
245610,-0.1455669059999999
245622,-0.2074218464000001
245638,-0.22446935999999998
245666,0.26557916600000003
245684,-0.26722275599999995
245688,-0.41692557139999986
245695,-0.09254551259999992
245827,-0.04464071060000006
245828,0.47704949580000006
245841,0.3822619032000004
245857,-0.05312392660000018
245860,0.4273921014000003
245865,0.09293268039999987
245866,-0.2797455979999999
245867,-1.2674041953999997
245877,0.8052342546
245880,0.11152660340000028
245886,-0.23052739119999988
245944,0.5005196557999998
245945,1.1079924962
246048,-0.08909561659999995
246049,0.39356338940000024
246086,-0.17330896659999998
246102,-0.5726584180000002
246103,-0.3457711898000001
246104,-0.03682295440000001
246133,0.06365352399999998
246154,0.014055039600000185
246177,-0.30562229680000036
246179,0.21823725060000018
246190,-0.12472409299999984
246196,-0.4737415870000003
246198,-0.07975084419999998
246221,0.04317483880000008
246228,-0.03862313740000012
246229,-0.40302685019999984
246256,2.8254320059999998
246257,0.12783807760000004
246277,-0.830015453
246278,0.1035420401999998
246293,0.07863191260000005
246313,0.21746220899999996
246316,0.03980173159999989
246317,0.4556498996000002
246691,0.20097806919999997
246694,0.22889364399999987
246696,0.001716840799999808
246700,0.03129300179999994
246707,0.7323098425999998
246709,-0.5683766496
246710,-0.5017465948000002
246727,-0.07200609340000028
246728,1.9932699089999997
246738,-0.2649927946
246746,3.2739970539999996
246747,0.12909940840000028
246782,-0.14757168919999994
246787,0.0063749561999999925
252837,0.1432014856000002
252838,-0.36998310139999974
252864,0.05211967060000031
252868,0.21698375640000017
252870,-0.2990241059999995
252875,-0.08900424479999991
252876,-0.1980662522000003
252903,-0.6662443990000002
252966,-0.3043226577999999
252967,-0.21512631759999987
252972,-0.8021311923999995
252973,0.12320743939999997
257630,-0.029488266199999735
257633,0.16047957340000013
257635,0.03845383299999998
258806,0.03762752200000001
259172,0.10596167339999987
259277,-1.1741095582000005
259279,-0.24122899260000014
259300,0.21584604999999984
259301,-0.2236291576000001
259302,-0.6018999330000001
260297,0.010304364599999971
260298,0.31458312080000006
260299,0.2036008660000002
260301,0.00382123399999994
260302,-0.41306114240000014
260305,-0.13878505139999983
260315,0.3579012261999999
260408,0.004415972800000034
260409,-0.12448993339999977
263406,-0.13586653779999996
263764,0.16148118840000017
263803,-0.0018195401999999915
263876,-0.2387464880000003
264064,-0.5272180512000004
264895,-0.3629617933999999
266632,-0.0482510834000001
266690,0.42925001439999944
266692,0.15160659200000026
266781,0.09020535599999988
267019,-0.18012227199999983
268281,-0.36746581519999993
268291,0.5737583096
268294,-0.21758913980000044
268297,-0.1259649743999999
268301,0.5929835466
268345,0.1016313664
268373,0.18427599599999986
268379,2.8677069542
268395,-0.334676002
268396,1.0595778098000002
268417,-0.6094025607999999
268420,0.028794908600000113
268445,0.031217642200000027
268448,-0.7246473138000005
268449,-0.1915946939999998
268451,-0.2185787831999999
268465,0.2128668750000001
268469,-0.4209032776
268470,0.3699897756
268481,-0.2077664694000001
268482,0.2022705392
268490,-0.30890563800000026
268510,-0.09581088099999988
268512,-0.32640965660000026
268527,0.13019998859999973
268534,-0.06373496799999998
268564,-0.5578240366000001
268566,0.2027008954000001
268567,-0.4404127828
268591,-0.03752130339999997
268656,0.30152957360000004
268663,-0.027849488199999863
268706,-0.36760520240000005
268709,0.22425217820000007
268721,0.11343603840000024
268739,0.07150652059999985
268741,0.48064764100000057
268749,0.6044076055999998
268752,0.23274933999999997
268759,-0.41237612039999993
268780,0.11409831299999995
268782,-0.4189184956
268783,-0.12448256080000028
268822,-0.4853453554000001
268857,-0.02810310280000028
268859,-0.0672576544
268860,-0.006895732799999621
268878,-0.19587906440000005
268880,-0.17566178699999996
268882,-0.34976481559999983
268890,0.14835301020000013
268902,0.02996717380000007
268903,0.04256928900000005
268905,0.26268968299999995
268930,-0.21232028279999984
268932,0.21491164240000024
268933,-0.25189516580000004
268934,0.26727944940000015
268935,0.022817345800000232
268936,-0.6046272071999998
268958,0.06188371839999966
268970,0.027033337000000122
268977,-0.6771818337999995
268980,0.35039265640000006
268996,-0.47894362659999956
269003,-0.3883293326000004
269016,-0.04932855519999979
269019,-0.4289221111999998
269023,-0.008792123199999757
269037,-0.05176408660000007
269053,-0.04283977839999995
269060,-0.013604274599999933
269061,-0.2276796958000002
269109,0.15825375199999997
269113,0.30677021059999987
269116,0.07469006659999984
269120,-0.09401891639999978
269132,0.2527700928000002
269152,0.10921984040000013
269180,0.1820642825999995
269181,-0.30930293239999995
269198,-0.025434887999999843
269209,0.1307281338000001
269224,0.10243682320000005
269233,-0.16674148859999977
269252,-0.11670793280000016
269254,-0.7975883584000002
269275,0.10129243060000022
269295,0.3021181293999998
269328,0.38309955120000005
269336,-0.2352544796
269338,-0.4064587263999998
269344,-1.9311094859999995
269346,-0.1547116766000002
269356,0.12546036920000017
269378,-0.3430796051999998
269389,-0.2779666862000001
269397,-0.016717854400000044
269400,-0.24448388660000014
269437,0.1342399050000001
269470,-0.183311664
269473,-0.025635622999999795
269514,-0.48840760680000006
269523,-0.09277567599999977
269529,0.09514112180000023
269536,-0.26841191640000017
269582,-0.016276202000000062
269585,-0.17408217819999977
269589,-0.15528818439999997
269593,0.23879258079999985
269608,-0.2050959464
269610,0.09047897560000014
269614,-0.9355927021999999
269615,0.31551261839999983
269623,-0.7177126643999999
269633,0.19467246959999987
269639,-0.28790796960000015
269642,-0.5847448764
269643,0.035266247800000004
269682,-0.022428906399999882
269695,0.13547203519999992
269702,-0.6268093390000002
269704,-0.39823581440000044
269713,0.17187494759999994
269717,-0.5872678106
269774,-0.6116386576
269784,0.12611624940000005
269788,-0.17271352019999978
269800,0.22440535599999994
269823,0.1016826558
269831,-0.10362548399999998
269854,-0.06684388880000007
269855,0.06969895479999995
269870,0.24601305359999975
269878,0.3891558033999997
269881,0.17722516180000003
269941,-0.2741360434000004
269951,-0.20439858179999995
269952,-0.3489372866000002
269954,0.16305668200000004
269955,-0.5225188427999999
269959,0.18725234279999992
269994,0.031970678999999794
269997,-0.3467162659999998
269999,-0.12916784220000005
270035,-0.5585199023999999
270049,0.20654140639999996
270058,-0.14284271979999996
270066,0.06962723739999994
270076,-0.5535440342
270084,2.0305242398
270086,0.016897536599999975
270091,-0.11584784960000008
270096,-0.005999860999999917
270097,-0.2264149324
270110,0.7841034465999999
270118,0.008534967200000044
270120,0.21778618640000005
270150,0.029592620000000024
270151,0.20426383340000012
270160,-0.5837949116000001
270162,0.14931397099999985
270163,0.2749919358
270166,0.036309025000000085
270190,0.013912007000000236
270192,-0.7563209609999999
270198,0.3135098158
270201,0.06899836440000015
270624,0.11498225620000024
270627,-0.1603481389999999
270669,-0.20196873770000004
270685,0.0952238401999999
270757,-0.2288614845999999
270893,0.1194825132
270906,0.18756477440000002
271005,-0.8331350501999998
271127,0.33104865579999976
271209,0.05065413939999992
271305,-0.1751314825999999
271457,0.25809585659999995
271564,-0.5219842631999999
271639,-0.023634462599999927
271711,0.011702753600000193
271786,0.26774175080000007
271842,-0.03140750620000023
271844,-0.007281969199999949
271849,-0.07683566900000009
271970,0.13259930460000008
271981,-0.21686587559999992
272027,-0.0706868725999998
272347,-0.5838025485999999
272359,-0.43983306520000004
272381,-0.1354055764
272382,-2.4438066902
272411,0.17418916319999997
272428,-0.3349349783999999
272538,-0.057814850000000285
272551,0.044232788200000074
272589,-1.2573424098000001
272636,0.2079245534
276770,0.770652574
276829,0.024780423199999825
276846,-0.25415595359999993
276891,-0.2057416127999998
276905,0.27975036360000016
276919,-0.14500465140000002
276952,0.16999746279999997
277010,-0.7965319399999998
277154,0.22347756779999983
277250,-0.3910922293999997
277328,0.23742097020000016
277353,0.07803202760000003
277360,-0.4760533767999998
277414,-0.8539235984000001
277432,0.2538042000000001
277463,0.5884193876000003
277468,-0.15569627400000002
277743,-0.03722334399999969
277854,-0.18908271500000015
277898,0.040760513399999976
277939,-0.36068012960000023
277973,0.018004645199999912
277978,-0.05323515719999996
278097,-0.3844828761999999
278180,-2.0171298824
278279,0.5955991357999999
278507,-0.1371269341999998
278795,-0.1793716549999999
279653,0.3995563148000002
279766,0.03402418619999974
280408,-0.2183286518000001
280411,0.38508400819999994
280635,0.008241500000000101
280645,-0.2133529145999999
280662,-0.20785864860000008
282619,-0.33215747679999996
286940,-0.22038759499999988
317717,-0.12016327520000018
317755,0.0843806001999999
319162,-0.34241566040000004
319195,-0.2588653579999999
319196,0.2046678174
319197,-0.08967946940000023
319207,0.18486778400000006
319229,-0.2095947859999999
319262,-0.14863182879999998
319263,-0.8286224488
319266,0.08747053560000015
319322,-0.26932438460000013
319352,0.1712612688
319370,0.1343516558000001
319415,0.004120607000000031
319448,0.8188877943999995
319468,-0.4979259255999997
319469,0.17340910760000003
319475,-0.44218188040000006
319476,0.1720259768
319478,0.12368526100000032
319481,0.20192199119999987
319482,0.09809933420000014
319504,0.4659903626000002
319513,-0.30959061959999995
319518,-0.7116666191999999
319530,0.09496907399999995
319535,-0.5787151007999999
319554,0.9541084940000001
319555,0.4303383298000002
319565,0.03317957939999996
319583,-0.24848180039999984
319586,0.16660841060000003
319594,-0.3544223085999999
319601,-0.5862805268000001
319604,-0.0515514716000002
319613,0.07586065959999999
319618,-0.1569532098
319622,1.1515721195999997
319625,-0.12068148099999991
319638,-0.1494553432
319642,0.018266679200000004
319646,0.0789916852000001
319651,-0.2710858326
319653,-0.5354581746000001
319655,0.025661634799999788
319660,-1.34799617
319670,-0.18719524020000017
319710,-0.42029386479999997
319713,-0.14335231060000017
319719,-0.1372798932000002
319734,-0.3999708801999999
319740,-0.40778395980000004
319742,0.04148621599999984
319748,-0.030247574400000234
319757,0.06699157439999973
319758,-1.2861151921999996
319765,0.5818779759999998
319767,-0.0044425549999999705
319776,-0.021774265999999896
319817,-0.013449169400000117
319822,-0.6516237549999999
319832,0.1740800072
319845,-0.7540566976
319876,-1.0392548474
319880,-0.09196466700000006
319885,-0.45751153879999984
319899,0.23751733639999983
319901,-0.034375824600000195
319909,0.007842888800000303
319922,0.11931610639999964
319924,-0.12734158299999992
319934,-0.08632323719999971
319939,0.5248316486000004
319942,-0.16910143279999995
319944,-0.2077471629999998
319945,-0.017992130600000156
319953,-0.4541645832000004
319955,-0.1638783388000002
319965,-0.2887093596
319974,0.12704787219999983
319984,0.06566790599999983
319991,0.02490717819999979
319998,0.1426984209999997
320007,-1.3511175782000002
320011,0.1730154480000005
320024,-0.44681325140000006
320027,-0.07773092899999998
320040,0.09725451740000005
320078,1.121471545
320080,-0.5868090102000002
320091,0.24136841199999992
320092,-0.42136349800000017
320100,0.5596337671999999
320111,0.31040090600000025
320116,-0.32137893480000007
320118,-0.11120261700000018
320119,-0.17578300040000006
320127,-0.04282224120000002
320145,0.022513111399999987
320150,-0.5353104266000003
320158,0.09890833319999999
320162,-0.5098293164
320165,-0.29278121080000014
320181,-0.17490307860000023
320183,0.1275541210000002
320184,0.6703654379999999
320191,-0.22387120580000008
320207,0.9337991765999997
320208,-0.003839327800000003
320209,-0.16181217360000008
320213,-0.17047533400000017
320226,-0.2346576299999999
320234,-0.3953491887999997
320244,-0.09359455200000007
320267,0.4986773884
320271,-1.0613025376
320277,0.06100761119999998
320292,-1.2446104919999998
320299,-0.4069419650000001
320311,0.003309863799999935
320343,-0.023090124799999768
320355,-0.06786059640000044
320360,0.2637726151999999
320365,-0.6973812460000002
320376,0.2073914059999998
320394,0.25693501319999984
320398,-0.05988558140000002
320404,-0.3459387805999999
320405,0.14434177100000012
320415,-0.5291649926000002
320429,0.1518880669999998
320435,0.33734508460000007
320438,0.14138598679999942
320452,-0.35292109000000005
320460,0.2795817015999999
320463,0.2199107820000002
320472,-0.35045095800000003
320473,-0.2141892318
320484,-1.357543237
320487,-0.0670546216
320492,0.08427174699999984
320495,-0.5907816775999999
320500,0.22401662599999989
320502,-0.20639471399999998
320506,0.059268532199999946
320508,-0.03763655800000017
320522,0.05309267200000001
320528,0.09794648959999978
320534,0.18232166880000006
320538,-0.32534834999999995
320541,-0.2718035261999997
320557,0.11766331460000004
320558,1.1531123012000002
320560,-0.01866555260000009
320563,-0.21470538379999998
320587,0.04459822219999996
320590,-0.09495085300000002
320595,-1.1408948749999996
320604,-0.18297979080000015
320609,0.25448681719999994
320632,-0.21097020020000024
320633,-0.32563128239999983
320634,-0.04773014540000009
320635,0.2093542120000002
320655,0.017470580400000026
320661,-0.22204534960000027
320664,1.4554546295999997
320678,-0.6322210546000001
320679,0.09401330700000035
320683,-0.40517522339999984
320685,0.16375135619999986
320696,-0.12003371780000008
320705,0.2025844236
320709,0.1346642449999999
320712,0.5906207398
320713,-0.5234556103999999
320714,-0.19918754040000017
320717,-0.5854780058000001
320720,-0.19294287219999973
320727,-0.5187835510000005
320736,0.06800395520000029
320747,0.0705374697999999
320752,0.01780350620000002
320782,0.49987325280000017
320790,0.7552942064
320795,-0.39066123260000013
320799,-0.0734768729999999
320806,-0.1197036943999997
320808,-0.2922827584
320816,-0.29188304820000005
320817,-0.3840727776000003
320825,0.1873722262000001
320840,9.209459999999225e-5
320864,-0.0192209914000002
320869,-0.03976374800000002
320873,0.07594924040000013
320878,0.13982478219999983
320910,0.8041173301999999
320916,0.07563635659999975
320924,0.28431088260000015
320938,0.11351821120000025
320940,-0.6906517350000001
320951,0.41124035260000014
320974,-0.36837834880000003
320981,0.023529069599999987
320982,-1.3157723891999997
320997,0.07626036380000016
321000,-0.10668178420000007
321007,-0.11998832460000006
321019,-1.9274223783999997
326622,-0.10389555759999994
327655,-0.4097336876
327747,-0.03750390140000004
327762,0.06913835279999994
327766,-0.9725801212
327799,-0.08988321319999999
327814,0.050065664200000096
327826,-0.15001182180000025
327942,-0.35632208940000004
327951,-0.03987003439999999
327954,0.10712709240000011
327958,-0.04367544380000012
327959,1.4471770649999995
327978,1.2890492712000001
327987,-0.7562133575999999
327992,0.2375298552000002
328035,-0.08092713079999996
328092,0.08741154460000011
328110,-0.3386835119999999
328133,-0.2357014782000002
328162,0.5076704973999998
328232,-0.307868397
328234,0.22954572660000014
328258,0.012713677800000055
328329,-0.08672622499999996
328365,-0.19423375460000009
328381,-0.03696237200000017
328417,0.5814177686000003
328451,-1.2400510292000004
328572,0.27903537599999984
328580,-0.8352342818
328643,0.1770825000000002
328778,-0.12098521619999988
328779,0.05085132300000002
328789,0.3534149487999997
328795,-0.46394968100000006
328801,-0.09400074580000002
328833,-0.08151211340000017
328845,-0.07158354000000014
328949,-0.04866291559999993
328967,-0.08138100659999985
329002,0.0775694237999998
329003,1.1263364826000002
329015,-0.41721160980000016
329064,0.16352706999999994
329093,0.11639550980000024
329152,-0.04656992319999995
329154,-0.7494358345999995
329178,0.05464290339999991
329207,0.07945394880000016
329251,-0.003022654600000152
329252,0.19897603279999973
329260,-0.25076880900000037
329274,0.3677890654000002
329278,0.11932419620000019
329324,0.14705061320000024
329384,0.5188576719999997
329416,0.1611230080000002
329421,0.03579470959999993
329470,-0.26631810760000024
329502,0.01514952179999991
329504,-0.08133882260000007
329506,-0.49240720699999996
329559,-0.1737586693999999
329581,0.06793802980000016
329628,0.14937203760000006
329641,-0.14812504240000024
329650,0.6956712242
329659,0.04793258460000001
329679,0.9769434954000003
329727,-0.1966213338000003
329738,0.0772390964000003
329777,0.03561568160000004
329795,0.2036560483999999
329872,0.09632170040000006
329877,0.015564207600000124
329908,-0.8835289821999996
329910,0.09615064340000004
329941,-0.13194958759999995
329972,-0.19397143619999985
329977,-0.18971780539999977
330010,0.4472571832000002
330050,-0.03396369440000004
330064,-0.019058549799999814
330096,-0.11468017479999996
330119,0.08293478499999996
330122,7.8251470386
330171,0.24696235519999946
330177,-0.39052539199999997
330188,0.21400059880000005
330189,0.23968970060000033
330192,-0.11328446440000003
330216,0.02638550400000028
330217,-0.1588073706000001
330222,0.16678189359999998
330230,0.28177886920000006
330260,-0.061219286800000106
330267,0.005471101600000061
330286,-0.08071902819999988
330301,-0.05646695619999988
330319,0.10175618039999997
330355,-0.044818831800000146
330361,-0.3541410972
330369,0.08983495200000018
330401,1.0697110542000001
330409,-0.06717138360000004
330428,0.28910558120000013
330450,-0.10826930480000012
330460,-0.009457629999999995
330463,0.13062980780000003
330474,-0.06574011019999997
330502,-0.8883294629999998
330627,0.24698578799999993
330657,0.10964866499999992
330662,-0.20655798159999997
330671,0.36816474340000005
330695,-0.3770057224
330721,0.11318377800000015
330723,0.006792854799999937
330790,-0.14768061139999986
330812,-0.0030302261999999303
330817,0.2054520310000001
330820,0.07495415359999998
330836,0.17856248960000015
330863,-0.06820795999999998
330890,-0.05474376620000001
330908,0.12631687560000007
330914,-0.1072795263999998
330938,0.27199603719999993
330941,0.1634624788
330959,-0.20851646159999992
330962,0.025829525799999864
330998,0.1427650144000001
331004,-0.449133286
331026,0.5866829186000002
331046,0.0515350557999998
331401,-0.5892275172000001
331461,0.17420586200000007
331524,-1.6838880835999999
331532,-0.1433413956000001
331535,-0.025775301600000057
331623,-0.12444032260000011
332110,-0.015041634800000026
332131,0.05619370640000003
332175,-0.4512088824000001
332221,0.24146611860000017
332359,-0.13495881700000006
332397,-0.041536793399999716
332427,0.07713481919999987
332934,0.004410614199999952
332937,-0.14052607639999976
333050,0.14614531179999996
333182,-1.1347057312
333329,0.08015311819999997
333424,0.34405744120000004
333433,-1.61238468
333654,0.4875503234
333789,-0.7662241530000005
333883,-0.8735753608000001
338320,-0.2564764515999995
338337,0.016885604000000144
338348,-0.4335571064
338349,-0.14499444880000018
338350,-0.13334175599999992
338352,0.08521066499999996
338355,0.22195909559999977
338359,0.04264071959999995
338362,-4.7501820000004356e-4
338363,0.1326521143999999
338364,-0.2506894074
338365,0.2823909140000003
338366,-0.31312367279999975
338367,-0.1404772216000003
338370,-0.07884020720000003
338371,-0.04932588099999986
338372,-0.06290857379999996
338403,0.1703269724000001
338467,0.6326671038
338521,0.18884025720000003
347722,0.9003565425999996
353025,0.08410766079999998
353047,-0.0014005681999998743
353156,0.06619050580000022
353169,-0.01848439779999982
353170,-0.26806997060000004
353187,-2.0393548050000003
353188,0.14074038319999999
353190,-0.1470384620000001
353211,-0.02646630800000018
353234,-0.3386707443999999
353235,-0.3386707443999999
353236,-0.3386707443999999
353237,-0.3386707443999999
353242,0.3712028455999997
353258,0.39935378920000025
353282,0.07980306660000025
353283,0.14785953599999999
353310,0.41640365479999986
353499,0.8392857040000001
353502,-0.19841329760000015
360013,-0.13137280040000016
360213,0.07233233279999993
360216,-0.5689712532
373864,0.028091207000000118
378425,0.5814653525999999
378431,0.47914260239999995
378435,0.08734142200000009
378460,1.9981269311999998
378462,-0.43939143319999996
378700,0.18280025040000006
378702,-0.11873790200000016
378937,-0.1833774027999997
380601,-0.29268415880000004
380608,-0.39960122760000055
380614,0.15084841620000003
380629,-0.9111969466000002
380660,0.15169387960000033
380664,-0.16739859500000023
380669,-0.06980295820000001
380683,-0.243557648
380684,-0.20791251719999976
380686,-0.11391895119999998
380698,-0.02607115679999996
380702,0.0569900996000003
380705,0.11988103519999989
380711,1.3384559149999997
380712,0.7116526970000001
380713,0.13141914759999995
380714,-1.4070127453999999
380718,-0.3733483086000001
380753,-0.4223251477999998
380773,1.0971591894000006
380780,-0.08716875220000002
380836,-0.529928803
380840,-0.8719119125999997
380842,0.1793801846000001
380863,0.18207860999999995
380912,-0.5325459516000002
380916,-0.08777148340000007
380921,0.44944140099999996
380924,5.923004629999999
380928,0.9311405566000001
380959,0.48652849719999997
380967,-0.6534158816
380969,-0.17388867459999985
380993,0.1389168576000001
381022,-0.6532165874000004
381038,0.8205040042000004
381059,1.5918203006
381062,-0.07216640419999987
381085,-0.04134163599999994
381101,0.20975878660000014
381107,-0.0985516338000001
381110,0.2588340056000001
381112,-0.04316531500000007
381113,0.1883806648000001
381122,-0.14505132899999965
381157,0.33810242420000003
381175,-0.06223125019999998
381199,0.19209691400000023
381201,0.1600065938
381204,-0.2880967524000001
381259,0.34100942739999984
381269,1.881057433
381280,0.3870266748000001
381290,0.10037508200000005
381293,-0.0012213361999999783
381305,-0.5250509025999996
381314,-0.28534131439999993
381318,-0.17230741720000023
381319,0.3060338725999999
381337,0.04797848739999981
381338,-0.12482615900000002
381339,0.22530313800000004
381352,-0.5092323898000004
381353,-0.5092323898000004
381356,-0.3431660570000002
381379,-0.28244894499999995
381404,0.43048557920000013
381409,-0.0676741137999997
381410,0.15400077239999987
381411,-0.1256351750000003
381413,0.039242246999999786
381417,-0.1547116766000002
381418,0.02287436920000001
381489,-0.0481333298
381510,-0.3624588200000002
381511,-0.27136950619999994
381534,0.16944190679999993
381546,0.0286533382
381549,-0.0651506114
381560,1.0774111224000003
381591,0.052770762799999996
381605,1.2360856343999995
381626,-1.1023019264000002
381629,-0.6013242242000004
381644,-0.3070489777999998
381668,-0.3378595473999999
381677,-0.05564072340000017
381686,-0.1934185524
381695,0.19760217939999994
381738,-0.2268519040000001
381759,0.4085108417999999
381760,0.3492551847999998
381801,-0.13254955660000006
381802,0.015212606999999777
381813,0.005784129799999871
381823,-0.1856169628
381853,-0.07496211220000007
381884,-0.034342734599999855
381903,0.33649521260000004
381921,-0.23757744939999997
381974,-0.25668331480000023
381979,-0.013585624599999947
381983,0.07765726419999996
381990,-0.5865008645999996
382010,-0.4764174949999999
382014,-0.07993216060000012
382018,0.1215834364
382030,-0.004513633000000183
382034,-0.30947850940000005
382035,-0.2081336598
382038,0.10833727680000002
382051,0.18101830519999976
382056,-0.24220224519999983
382062,0.10525783959999942
382066,-0.6079335562000001
382077,0.18041783880000004
382083,-0.0639072874
382089,0.04677574059999996
382111,0.28460699300000003
382113,0.09859372999999998
382117,-0.4934177255999998
382118,-0.0985882974
382236,0.2516121228000001
382253,-0.11899079960000006
382406,-0.42574784060000004
382423,-0.07281815279999967
382543,0.22209331479999994
382562,-0.16410350040000007
382571,0.006505365400000152
382620,-1.1529511204000003
382639,0.7417821639999997
382793,-0.5191553741999998
382985,-0.6001227773999999
383075,-0.048215399599999834
383103,-0.11564436960000002
383295,-0.8235728139999999
383348,-0.030632841600000304
383491,0.01280037180000022
383563,0.3775923183999998
383619,0.20825682699999995
383787,0.06815570779999991
384009,1.6216650559999997
384061,0.038660633400000144
384071,0.14209526219999996
384214,-0.16182274539999994
384281,0.0165945486
384309,-0.18738428380000016
384569,0.14425302759999994
384763,-0.7240099034
384783,-0.1934907238000001
385377,0.06909277100000022
385658,-1.2212761036
385668,0.2370687875999998
386454,-0.01831455000000002
386463,-0.03196742859999997
386611,-0.028625328399999893
386612,0.37228119900000023
386649,0.19071211560000023
386655,0.12594387819999983
386750,0.04693371479999993
387145,0.06619050580000022
387285,-0.012044500400000224
387314,0.5117816194
387524,-1.3914228642000002
387609,-0.35488607259999994
394430,-0.4871863674000011
394432,-0.4871863674000011
394433,-0.4871863674000011
394434,-0.4871863674000011
394435,-0.4871863674000011
394436,-0.4871863674000011
396184,0.2772693922
399510,-1.9760875844000003
399548,0.24604405219999972
399558,0.28761643260000014
399566,-0.7606227385999998
399599,-0.22281721020000003
403171,0.08746977259999991
403178,-0.1240248885999998
403187,0.20307833920000018
403205,0.11942190659999988
404710,-0.1482531326000002
406217,0.048372180999999695
406218,-0.23873158619999996
406220,0.1521073214000001
407786,-0.6702385754
407790,-0.19703393239999994
407800,0.21698912740000004
407819,0.07034559959999989
407821,-0.06462465280000043
407831,-0.11219292779999979
408057,0.6725167492
408068,-0.23414377799999997
414121,-0.29409991319999984
414801,0.5965625962000003
414872,-0.5534355167999999
415115,-0.3163516785999999
431706,-0.024427499599999968
432442,0.16942626300000008
432467,-0.4754274539999999
432486,0.7831434710000001
432508,-1.1985468596
432516,-0.10089010799999994
432530,0.22643570860000012
432572,-1.4665235540000008
432628,-0.2410067140000006
432677,-0.054665843999999984
432839,0.32456054180000027
433022,-1.2158052528
433064,0.16776329640000007
433091,0.5379076393999999
433256,0.6320397990000004
433323,0.13940620060000022
433375,-0.7046462100000003
433466,-0.39502529560000016
433470,7.6587760202
433485,0.14469655040000012
433619,0.28675441420000014
433638,0.1066686581999999
433667,-0.8613122408000002
433693,-0.05520559880000029
433700,-0.11411830180000049
433702,0.11199843819999966
433745,-0.17597638800000012
433759,-0.10941918960000016
433766,1.0041645272000002
433809,0.09793330840000021
433904,-0.12824022799999996
433926,0.02122522879999984
433931,-0.3157948171999999
433938,-0.32776063619999996
434008,0.4273109402000001
434080,0.03254736840000021
434130,0.052119599799999784
434204,0.05463323419999977
434232,0.11093419980000005
434233,-0.10709570400000032
434341,1.7629415053999997
434377,-0.49656248960000016
434402,0.18709914960000001
434423,0.08565097359999996
434439,-0.011210570999999803
434756,-0.07152155760000004
434778,-0.009227575799999953
434784,0.1903597662000001
435285,0.3272501363999999
435684,0.065505866
435766,-0.1689643271999998
435965,-0.1166599913999999
436090,1.0738899999997997e-4
442801,0.030658970800000063
442829,0.030006245400000076
445007,-0.16310265380000005
448850,0.16609571239999976
448987,-0.014924619200000322
449521,-0.1968905325999996
449631,-0.21643103000000039
474156,-0.42911389120000026
493583,0.023805212799999965
494448,-0.8087263871999999
494468,-0.2727334200000001
494504,-0.28894634780000017
497652,-0.4082886629999999
503610,0.12447833420000051
503847,-0.07933597700000003
544696,-0.07374408300000006
544817,-0.1497187644000002
544963,-0.02829452099999976
544971,-0.051679588399999685
545030,-0.7406244102000002
545085,0.04159531639999976
545091,0.028563044559999824
545156,0.01007381320000018
545192,-0.44555976000000025
545260,0.20193763459999997
545279,0.3582341712
545291,0.1194374837999999
545370,0.08546068900000012
545378,-0.23332402959999995
545389,0.1387704696000002
545428,-0.06654235659999994
545474,0.05971479220000013
545554,0.09184562479999983
545622,-0.13274289120000038
545758,0.15350826179999996
545963,0.3599135938
545975,-0.09040780739999991
546071,-0.9231731068000002
546336,0.031066383000000107
546387,-0.2975389931999999
546611,0.08075920239999998
547253,2.0151651594
547431,-0.08236904780000014
552899,-0.04788400340000001
574402,-0.03778834319999991
574418,-1.9311094859999995
574428,0.4187265079999998
594844,-0.1433413956000001
595136,0.37607151060000066
606496,-0.047799236000000536
613123,-0.4871863674000011
619289,-0.07643278160000015
619331,-0.41904643999999996
619441,-0.43277543499999976
619547,-0.3044753200000006
619605,-0.4184753867999998
619665,0.2951337512
620016,0.32880475440000045
620078,0.22266993119999992
621080,0.08622927520000001
621156,0.3000386652000001
621823,1.7034967045999996
621976,0.19045490399999956
622320,0.2219068292000001
622404,-0.6913501018000001
622434,0.07916316779999981
622645,0.054808591999999656
622665,-0.17689291799999998
622675,-0.02975874659999995
623273,-0.30676945019999985
623474,0.1521666355999999
623661,-0.2747021526000001
623781,-0.0295416064000003
624367,0.09012868799999971
624866,0.32571121000000003
625098,-0.058370225200000195
625249,-0.2543207819999999
625286,-4.7240700000008575e-4
626834,0.10348502939999982
626870,-0.036165880999999976
627049,-0.30483716939999983
627191,0.19488941580000016
627352,0.03762752200000001
627626,0.027580183800000137
628040,-0.6138985560000002
628779,0.10536798980000003
629059,-0.16394633899999994
629147,0.02711193920000001
629378,0.19675270000000006
631797,-0.22302227100000005
633285,0.21338060519999996
634731,-0.8074685744
636808,0.040513447000000015
636931,0.10881482719999998
641340,0.262815024
641376,-0.0397970346000001
652925,-0.0986347280000004
654309,-0.021321674999999908
654470,-0.19753503100000014
654795,-0.4029594328000002
654801,0.05239824940000002
654812,0.15809740080000018
654818,0.048414158200000036
654821,-0.0389690572000001
654824,0.8033876632000003
664849,0.1343516558000001
664862,-0.6576934456
664883,0.2936086939999997
664968,0.05008038419999998
664969,-0.4263461419999999
665113,-0.5470756212000005
665119,0.14343302259999985
665180,0.10874821079999979
665181,0.2780219744
665270,0.1756685427999999
665562,-0.0019333499999994786
665563,-0.2323864635999998
665574,0.2479436311999999
665775,-0.24266154779999988
666048,0.4651335357999999
666060,-0.19322451259999962
666173,-0.7343958374000001
666279,0.08122928399999996
666311,-0.6289025959999999
666468,-2.0345473054
666528,0.12297592319999992
666794,0.15839863999999987
666938,0.17514956159999978
666976,-0.0758619288000002
667118,0.07815108779999953
667214,1.7034967045999996
667414,-0.11184570399999991
667663,0.19812440999999997
667742,0.001361868999999949
668158,-0.2922733118
668166,-0.5813863759999999
668173,-0.0271378888000001
668212,0.19916273259999998
668303,0.2302978672
668501,-0.7335794538
668940,-0.05405881059999977
671535,2.0129539168
723882,-0.3203166235999994
723885,-0.5335451428000002
723925,-0.5335451428000002
723926,-0.5335451428000002
735264,-0.07032040280000018
751554,-0.20817195939999972
751556,-0.18271358000000007
751865,-0.5027156507999999
100009600,0.29940737020000013
100037258,0.6324270280000001
100038347,-0.5474672318000001
100038725,0.3755943261999999
100038882,-0.2943222519999999
100039596,-0.13358415479999985
100039781,0.0085409226000003
100039795,0.005370976999999932
100039815,0.5061489684000001
100039830,0.5061489684000001
100039957,0.15232861019999983
100039968,-0.3157950263999997
100040591,0.3043638964000001
100040608,-0.1258080979999999
100040766,-0.053838910799999876
100040972,-0.04376151560000006
100041574,-0.07216640419999987
100042074,-0.09742956480000017
100042150,-0.026158871400000016
100042335,-0.18012227199999983
100042415,-0.043671413600000084
100042450,0.011233655199999859
100042480,0.5977484788000001
100042880,-0.2588653579999999
100043057,0.07949817859999993
100043257,0.6248966119999995
100043332,2.0354063796
100043597,-0.4000866883999997
100043805,-0.04677929200000044
100048658,-0.20938923299999992
100073351,0.10083165419999976
100113398,0.17565289139999987
100126226,0.0418447586000001
100126824,0.1680112271999999
100216539,-0.1915946939999998
100217451,-0.2860489920000003
100302688,0.47111394319999994
100312474,0.3163040648000003
100316682,-0.6519818840000002
100316778,-0.1901119859999998
100418302,-0.0655565266
100499529,-0.12206937359999995
100502841,-0.05101859720000022
100502861,-0.1589723403999999
100503185,-0.16825594199999988
100503572,0.7472059084000001
100503583,0.1521666355999999
100503670,-0.2234156439999996
100503676,-0.6833909906000001
100503884,0.1538573480000002
100503890,-0.26134808499999984
100504156,0.018067277199999766
100504164,-0.09814715639999996
100504446,0.13419134560000004
100504663,-0.659326399
100504715,-0.5912479063999998
100505386,3.0427436468
100526465,0.4935194946000001
100526469,0.2601976683999997
100526479,-0.3386472492000003
100526556,-0.2633244400000002
100628576,0.9421844040000007
100628611,-0.619057256
100628629,-0.2484243860000003
100859931,0.2842563302000002
101488212,0.0672876394000003
102216272,-0.004777009599999715
102465227,0.7313275901999997
102465540,0.1730154480000005
102465549,0.23068734139999947
102465552,-0.6070256409999996
102465555,-0.3431679997999998
102465575,-0.29758771200000034
102465587,3.0753080368
102465588,-1.2138635592000004
102465606,-0.06759888679999992
102465619,0.6310276717999999
102465623,0.4495529243999995
102465627,-0.19366839659999985
102465637,-0.08680610900000012
102465656,0.11547789700000007
102465755,-0.2727334200000001
102465888,0.6297316316000001
102465895,0.6008503521999999
102465902,-0.1010567631999999
102466208,-0.8386006976000001
102466220,0.33342531520000024
102466221,-0.007059990999999677
102466236,-0.5695765630000003
102466255,-0.4321210698
102466780,-0.07560815880000007
102466787,0.08195862600000048
102466789,-0.26852918940000003
102466801,0.3164544522
102466804,-0.3743031475999995
102466887,-0.4694827488000001
102466990,-0.7860487218
102467006,-0.29278121080000014
102637926,-0.5266630492000003
102638109,0.2806998428000004
102640901,-0.1836588859999999
102641752,-0.011584184000000164
102902673,-0.3021292486
104795667,-0.018515931999999857
105180375,-0.4000866883999997
105244034,0.29774458199999926
105245391,0.7054842254
105246059,-0.04275309039999975
105246064,-0.0672576544
105734727,-0.29069442819999997
105886298,-0.9998251344000002
105886299,-0.5467230022
108167871,-0.2803957620000002
108168114,0.012531644000000597
108168140,-0.1915946939999998
108168770,-0.2803957620000002
108169063,-0.2803957620000002
108169072,0.08240651400000018
109729085,0.051638728
110599584,0.1294913118
111828493,2.0502219142000007
112694759,0.029365856600000306
113523645,-0.43339815400000015
114841036,0.8869014761999999
115485921,-0.032563824
115486001,-0.6144980979999997
115486186,0.11423978919999947
115486693,0.017491052799999983
115487184,-0.19733623199999997
115487261,-0.24913337800000052
115487273,0.4030110102
115487282,0.4030110102
115487311,0.4030110102
115487312,-0.06098274679999989
115487641,-0.34296349
115487703,0.5827992504000001
115487878,1.3541757335999995
115488448,-0.22384002400000008
115489187,0.33042584600000036
115489243,-0.2362524738000001
115489655,0.5827992504000001
115489656,0.5827992504000001
115490090,0.5827992504000001
115490091,0.5827992504000001
115490092,0.5827992504000001
115490268,-0.2803957620000002
115490276,-0.2803957620000002
115490496,0.07944100299999982
116621581,-0.1792169187999999
118568607,-0.4020490845999998
122152370,0.2756892265999998
122152371,0.2756892265999998
122526778,-0.18556571400000016
122526781,-0.200648404
123956256,0.42925001439999944
125179616,0.5335144525999995
129135233,0.7564502879999999
135575218,0.26627456579999986
136856708,0.11010782359999975
